case_id,activity,timestamp,source_table,source_record_id,actor,object_refs
PC-PURCHASEREQUISITION-000009,Quality Inspection Started,2023-01-09T21:39:00Z,req_header,APP-0000000574,USR-057,"[""PC-PURCHASEREQUISITION-000009"",""PC-GOODSRECEIPT-000009"",""PC-COSTCENTER-000009""]"
PC-PURCHASEREQUISITION-000005,Return to Supplier Posted,2023-01-10T15:40:00Z,payment_run,APP-0000000635,USR-121,"[""PC-PURCHASEREQUISITION-000005"",""PC-PAYMENTPROPOSAL-000005"",""PC-PURCHASEORDER-000005""]"
PC-PURCHASEREQUISITION-000016,Quality Inspection Started,2023-01-10T18:46:00Z,req_header,APP-0000000646,USR-049,"[""PC-PURCHASEREQUISITION-000016"",""PC-GOODSRECEIPT-000016"",""PC-COSTCENTER-000016""]"
PC-PURCHASEREQUISITION-000013,Quality Inspection Failed,2023-01-10T21:45:00Z,inspection_lot,APP-0000000660,USR-127,"[""PC-PURCHASEREQUISITION-000013"",""PC-INVOICE-000013"",""PC-RFQ-000013""]"
PC-PURCHASEREQUISITION-000015,Quality Inspection Passed,2023-01-10T21:46:00Z,goods_movement_header,APP-0000000661,USR-033,"[""PC-PURCHASEREQUISITION-000015"",""PC-INSPECTIONLOT-000015"",""PC-REQUISITIONITEM-000015""]"
PC-PURCHASEREQUISITION-000026,Goods Receipt Posted,2023-01-11T06:00:00Z,invoice_header,APP-0000000682,USR-089,"[""PC-PURCHASEREQUISITION-000026"",""PC-MATERIAL-000026"",""PC-ACCOUNTINGDOCUMENT-000026""]"
PC-PURCHASEREQUISITION-000023,Quality Inspection Started,2023-01-11T15:00:00Z,req_header,APP-0000000714,USR-041,"[""PC-PURCHASEREQUISITION-000023"",""PC-GOODSRECEIPT-000023"",""PC-COSTCENTER-000023""]"
PC-PURCHASEREQUISITION-000026,Quality Inspection Passed,2023-01-12T06:04:00Z,goods_movement_header,APP-0000000764,USR-093,"[""PC-PURCHASEREQUISITION-000026"",""PC-INSPECTIONLOT-000026"",""PC-REQUISITIONITEM-000026""]"
PC-PURCHASEREQUISITION-000018,Invoice Posted,2023-01-13T06:04:00Z,invoice_header,APP-0000000856,USR-092,"[""PC-PURCHASEREQUISITION-000018"",""PC-RFQ-000018"",""PC-MATERIAL-000018""]"
PC-PURCHASEREQUISITION-000025,PO Item Delivery Completed,2023-01-13T09:08:00Z,req_header,APP-0000000868,USR-081,"[""PC-PURCHASEREQUISITION-000025"",""PC-PAYMENT-000025"",""PC-PURCHASEORDERITEM-000025""]"
PC-PURCHASEREQUISITION-000001,Payment Executed,2023-01-13T15:50:00Z,goods_movement_header,APP-0000000906,USR-067,"[""PC-PURCHASEREQUISITION-000001"",""PC-GOODSRECEIPT-000001"",""PC-COSTCENTER-000001""]"
PC-PURCHASEREQUISITION-000024,Invoice Parked,2023-01-13T18:09:00Z,inspection_lot,APP-0000000907,USR-066,"[""PC-PURCHASEREQUISITION-000024"",""PC-REQUISITIONITEM-000024"",""PC-SUPPLIER-000024""]"
PC-PURCHASEREQUISITION-000044,Quality Inspection Started,2023-01-14T06:21:00Z,req_header,APP-0000000949,USR-017,"[""PC-PURCHASEREQUISITION-000044"",""PC-GOODSRECEIPT-000044"",""PC-COSTCENTER-000044""]"
PC-PURCHASEREQUISITION-000001,Supplier Blocked,2023-01-14T15:01:00Z,payment_run,APP-0000000983,USR-071,"[""PC-PURCHASEREQUISITION-000001"",""PC-ACCOUNTINGDOCUMENT-000001"",""PC-CONTRACT-000001""]"
PC-PURCHASEREQUISITION-000013,Payment Proposal Approved,2023-01-14T21:08:00Z,req_header,APP-0000001007,USR-016,"[""PC-PURCHASEREQUISITION-000013"",""PC-GOODSMOVEMENT-000013"",""PC-PAYMENT-000013""]"
PC-PURCHASEREQUISITION-000055,Goods Receipt Posted,2023-01-14T21:29:00Z,invoice_header,APP-0000001008,USR-074,"[""PC-PURCHASEREQUISITION-000055"",""PC-MATERIAL-000055"",""PC-ACCOUNTINGDOCUMENT-000055""]"
PC-PURCHASEREQUISITION-000012,Payment Executed,2023-01-15T00:08:00Z,goods_movement_header,APP-0000001020,USR-127,"[""PC-PURCHASEREQUISITION-000012"",""PC-GOODSRECEIPT-000012"",""PC-COSTCENTER-000012""]"
PC-PURCHASEREQUISITION-000030,Invoice Changed,2023-01-15T00:17:00Z,accounting_header,APP-0000001021,USR-043,"[""PC-PURCHASEREQUISITION-000030"",""PC-SUPPLIERQUOTATION-000030"",""PC-ADVANCESHIPPINGNOTICE-000030""]"
PC-PURCHASEREQUISITION-000032,Invoice Posted,2023-01-15T00:18:00Z,invoice_header,APP-0000001022,USR-076,"[""PC-PURCHASEREQUISITION-000032"",""PC-RFQ-000032"",""PC-MATERIAL-000032""]"
PC-PURCHASEREQUISITION-000048,Quality Inspection Passed,2023-01-15T00:26:00Z,goods_movement_header,APP-0000001023,USR-086,"[""PC-PURCHASEREQUISITION-000048"",""PC-INSPECTIONLOT-000048"",""PC-REQUISITIONITEM-000048""]"
PC-PURCHASEREQUISITION-000008,Purchase Order Closed,2023-01-15T06:07:00Z,accounting_header,APP-0000001049,USR-062,"[""PC-PURCHASEREQUISITION-000008"",""PC-INVOICEITEM-000008"",""PC-SUPPLIERQUOTATION-000008""]"
PC-PURCHASEREQUISITION-000018,Payment Proposal Created,2023-01-15T06:12:00Z,payment_run,APP-0000001050,USR-100,"[""PC-PURCHASEREQUISITION-000018"",""PC-ADVANCESHIPPINGNOTICE-000018"",""PC-PAYMENTPROPOSAL-000018""]"
PC-PURCHASEREQUISITION-000022,Accounting Document Created,2023-01-15T12:15:00Z,accounting_header,APP-0000001076,USR-040,"[""PC-PURCHASEREQUISITION-000022"",""PC-MATERIAL-000022"",""PC-ACCOUNTINGDOCUMENT-000022""]"
PC-PURCHASEREQUISITION-000026,Invoice Unblocked,2023-01-15T12:17:00Z,inspection_lot,APP-0000001078,USR-106,"[""PC-PURCHASEREQUISITION-000026"",""PC-SCHEDULELINE-000026"",""PC-INVOICE-000026""]"
PC-PURCHASEREQUISITION-000005,Goods Receipt Reversed,2023-01-15T17:14:00Z,accounting_header,APP-0000001091,USR-114,"[""PC-PURCHASEREQUISITION-000005"",""PC-ADVANCESHIPPINGNOTICE-000005"",""PC-PAYMENTPROPOSAL-000005""]"
PC-PURCHASEREQUISITION-000030,Invoice Blocked,2023-01-15T18:20:00Z,goods_movement_header,APP-0000001103,USR-046,"[""PC-PURCHASEREQUISITION-000030"",""PC-PURCHASEORDERITEM-000030"",""PC-INSPECTIONLOT-000030""]"
PC-PURCHASEREQUISITION-000032,Three-Way Match Failed,2023-01-15T18:21:00Z,req_header,APP-0000001104,USR-079,"[""PC-PURCHASEREQUISITION-000032"",""PC-PURCHASEORDER-000032"",""PC-GOODSRECEIPT-000032""]"
PC-PURCHASEREQUISITION-000039,Invoice Posted,2023-01-15T21:25:00Z,invoice_header,APP-0000001115,USR-068,"[""PC-PURCHASEREQUISITION-000039"",""PC-RFQ-000039"",""PC-MATERIAL-000039""]"
PC-PURCHASEREQUISITION-000010,Goods Receipt Reversed,2023-01-16T08:14:00Z,accounting_header,APP-0000001152,USR-072,"[""PC-PURCHASEREQUISITION-000010"",""PC-ADVANCESHIPPINGNOTICE-000010"",""PC-PAYMENTPROPOSAL-000010""]"
PC-PURCHASEREQUISITION-000023,Payment Executed,2023-01-16T09:19:00Z,goods_movement_header,APP-0000001164,USR-060,"[""PC-PURCHASEREQUISITION-000023"",""PC-GOODSRECEIPT-000023"",""PC-COSTCENTER-000023""]"
PC-PURCHASEREQUISITION-000046,Invoice Posted,2023-01-16T18:32:00Z,invoice_header,APP-0000001200,USR-060,"[""PC-PURCHASEREQUISITION-000046"",""PC-RFQ-000046"",""PC-MATERIAL-000046""]"
PC-PURCHASEREQUISITION-000015,Payment Reversed,2023-01-16T23:51:00Z,inspection_lot,APP-0000001217,USR-052,"[""PC-PURCHASEREQUISITION-000015"",""PC-INSPECTIONLOT-000015"",""PC-REQUISITIONITEM-000015""]"
PC-PURCHASEREQUISITION-000070,Goods Receipt Reversed,2023-01-17T00:45:00Z,accounting_header,APP-0000001229,USR-076,"[""PC-PURCHASEREQUISITION-000070"",""PC-ADVANCESHIPPINGNOTICE-000070"",""PC-PAYMENTPROPOSAL-000070""]"
PC-PURCHASEREQUISITION-000064,Stock Placed in Blocked Stock,2023-01-17T12:44:00Z,invoice_header,APP-0000001274,USR-106,"[""PC-PURCHASEREQUISITION-000064"",""PC-INVOICEITEM-000064"",""PC-SUPPLIERQUOTATION-000064""]"
PC-PURCHASEREQUISITION-000020,Goods Receipt Reversed,2023-01-17T14:14:00Z,accounting_header,APP-0000001277,USR-115,"[""PC-PURCHASEREQUISITION-000020"",""PC-ADVANCESHIPPINGNOTICE-000020"",""PC-PAYMENTPROPOSAL-000020""]"
PC-PURCHASEREQUISITION-000023,Supplier Unblocked,2023-01-17T15:24:00Z,req_header,APP-0000001286,USR-065,"[""PC-PURCHASEREQUISITION-000023"",""PC-PAYMENTPROPOSAL-000023"",""PC-PURCHASEORDER-000023""]"
PC-PURCHASEREQUISITION-000034,Payment Executed,2023-01-17T18:30:00Z,goods_movement_header,APP-0000001304,USR-120,"[""PC-PURCHASEREQUISITION-000034"",""PC-GOODSRECEIPT-000034"",""PC-COSTCENTER-000034""]"
PC-PURCHASEREQUISITION-000070,Quality Inspection Passed,2023-01-17T18:48:00Z,goods_movement_header,APP-0000001306,USR-079,"[""PC-PURCHASEREQUISITION-000070"",""PC-INSPECTIONLOT-000070"",""PC-REQUISITIONITEM-000070""]"
PC-PURCHASEREQUISITION-000052,Three-Way Match Passed,2023-01-18T00:40:00Z,payment_run,APP-0000001329,USR-037,"[""PC-PURCHASEREQUISITION-000052"",""PC-CONTRACT-000052"",""PC-GOODSMOVEMENT-000052""]"
PC-PURCHASEREQUISITION-000049,Invoice Blocked,2023-01-18T03:39:00Z,goods_movement_header,APP-0000001340,USR-115,"[""PC-PURCHASEREQUISITION-000049"",""PC-PURCHASEORDERITEM-000049"",""PC-INSPECTIONLOT-000049""]"
PC-PURCHASEREQUISITION-000025,Goods Receipt Reversed,2023-01-18T05:14:00Z,accounting_header,APP-0000001343,USR-073,"[""PC-PURCHASEREQUISITION-000025"",""PC-ADVANCESHIPPINGNOTICE-000025"",""PC-PAYMENTPROPOSAL-000025""]"
PC-PURCHASEREQUISITION-000061,Invoice Parked,2023-01-18T09:46:00Z,inspection_lot,APP-0000001367,USR-060,"[""PC-PURCHASEREQUISITION-000061"",""PC-REQUISITIONITEM-000061"",""PC-SUPPLIER-000061""]"
PC-PURCHASEREQUISITION-000079,Quality Inspection Started,2023-01-18T15:03:00Z,req_header,APP-0000001379,USR-104,"[""PC-PURCHASEREQUISITION-000079"",""PC-GOODSRECEIPT-000079"",""PC-COSTCENTER-000079""]"
PC-PURCHASEREQUISITION-000030,Payment Reversed,2023-01-18T20:51:00Z,inspection_lot,APP-0000001404,USR-053,"[""PC-PURCHASEREQUISITION-000030"",""PC-INSPECTIONLOT-000030"",""PC-REQUISITIONITEM-000030""]"
PC-PURCHASEREQUISITION-000045,Payment Executed,2023-01-19T03:41:00Z,goods_movement_header,APP-0000001439,USR-053,"[""PC-PURCHASEREQUISITION-000045"",""PC-GOODSRECEIPT-000045"",""PC-COSTCENTER-000045""]"
PC-PURCHASEREQUISITION-000053,Accounting Document Created,2023-01-19T09:46:00Z,accounting_header,APP-0000001465,USR-059,"[""PC-PURCHASEREQUISITION-000053"",""PC-MATERIAL-000053"",""PC-ACCOUNTINGDOCUMENT-000053""]"
PC-PURCHASEREQUISITION-000035,Payment Reversed,2023-01-19T11:51:00Z,inspection_lot,APP-0000001469,USR-011,"[""PC-PURCHASEREQUISITION-000035"",""PC-INSPECTIONLOT-000035"",""PC-REQUISITIONITEM-000035""]"
PC-PURCHASEREQUISITION-000066,Three-Way Match Failed,2023-01-20T00:02:00Z,req_header,APP-0000001513,USR-022,"[""PC-PURCHASEREQUISITION-000066"",""PC-PURCHASEORDER-000066"",""PC-GOODSRECEIPT-000066""]"
PC-PURCHASEREQUISITION-000046,Purchase Order Closed,2023-01-20T00:45:00Z,accounting_header,APP-0000001526,USR-073,"[""PC-PURCHASEREQUISITION-000046"",""PC-INVOICEITEM-000046"",""PC-SUPPLIERQUOTATION-000046""]"
PC-PURCHASEREQUISITION-000040,Goods Receipt Reversed,2023-01-20T02:14:00Z,accounting_header,APP-0000001529,USR-074,"[""PC-PURCHASEREQUISITION-000040"",""PC-ADVANCESHIPPINGNOTICE-000040"",""PC-PAYMENTPROPOSAL-000040""]"
PC-PURCHASEREQUISITION-000077,Invoice Received,2023-01-20T03:08:00Z,goods_movement_header,APP-0000001531,USR-077,"[""PC-PURCHASEREQUISITION-000077"",""PC-COSTCENTER-000077"",""PC-SCHEDULELINE-000077""]"
PC-PURCHASEREQUISITION-000052,Payment Reversed,2023-01-20T06:49:00Z,inspection_lot,APP-0000001553,USR-046,"[""PC-PURCHASEREQUISITION-000052"",""PC-INSPECTIONLOT-000052"",""PC-REQUISITIONITEM-000052""]"
PC-PURCHASEREQUISITION-000051,PO Item Final-Invoiced,2023-01-20T09:49:00Z,invoice_header,APP-0000001565,USR-030,"[""PC-PURCHASEREQUISITION-000051"",""PC-INVOICE-000051"",""PC-RFQ-000051""]"
PC-PURCHASEREQUISITION-000056,Payment Executed,2023-01-20T12:52:00Z,goods_movement_header,APP-0000001581,USR-113,"[""PC-PURCHASEREQUISITION-000056"",""PC-GOODSRECEIPT-000056"",""PC-COSTCENTER-000056""]"
PC-PURCHASEREQUISITION-000091,Quality Inspection Failed,2023-01-20T15:17:00Z,inspection_lot,APP-0000001583,USR-056,"[""PC-PURCHASEREQUISITION-000091"",""PC-INVOICE-000091"",""PC-RFQ-000091""]"
PC-PURCHASEREQUISITION-000045,Payment Reversed,2023-01-20T17:51:00Z,inspection_lot,APP-0000001597,USR-054,"[""PC-PURCHASEREQUISITION-000045"",""PC-INSPECTIONLOT-000045"",""PC-REQUISITIONITEM-000045""]"
PC-PURCHASEREQUISITION-000090,Stock Released from Blocked Stock,2023-01-21T00:18:00Z,accounting_header,APP-0000001618,USR-041,"[""PC-PURCHASEREQUISITION-000090"",""PC-ACCOUNTINGDOCUMENT-000090"",""PC-CONTRACT-000090""]"
PC-PURCHASEREQUISITION-000052,Supplier Unblocked,2023-01-21T06:00:00Z,req_header,APP-0000001641,USR-050,"[""PC-PURCHASEREQUISITION-000052"",""PC-PAYMENTPROPOSAL-000052"",""PC-PURCHASEORDER-000052""]"
PC-PURCHASEREQUISITION-000069,Payment Proposal Approved,2023-01-21T21:11:00Z,req_header,APP-0000001710,USR-079,"[""PC-PURCHASEREQUISITION-000069"",""PC-GOODSMOVEMENT-000069"",""PC-PAYMENT-000069""]"
PC-PURCHASEREQUISITION-000055,Payment Reversed,2023-01-21T23:51:00Z,inspection_lot,APP-0000001721,USR-097,"[""PC-PURCHASEREQUISITION-000055"",""PC-INSPECTIONLOT-000055"",""PC-REQUISITIONITEM-000055""]"
PC-PURCHASEREQUISITION-000083,Three-Way Match Failed,2023-01-22T03:19:00Z,req_header,APP-0000001740,USR-057,"[""PC-PURCHASEREQUISITION-000083"",""PC-PURCHASEORDER-000083"",""PC-GOODSRECEIPT-000083""]"
PC-PURCHASEREQUISITION-000113,Goods Receipt Posted,2023-01-22T03:34:00Z,invoice_header,APP-0000001743,USR-044,"[""PC-PURCHASEREQUISITION-000113"",""PC-MATERIAL-000113"",""PC-ACCOUNTINGDOCUMENT-000113""]"
PC-PURCHASEREQUISITION-000065,Purchase Order Closed,2023-01-22T09:11:00Z,accounting_header,APP-0000001765,USR-015,"[""PC-PURCHASEREQUISITION-000065"",""PC-INVOICEITEM-000065"",""PC-SUPPLIERQUOTATION-000065""]"
PC-PURCHASEREQUISITION-000091,Three-Way Match Passed,2023-01-22T21:26:00Z,payment_run,APP-0000001813,USR-065,"[""PC-PURCHASEREQUISITION-000091"",""PC-CONTRACT-000091"",""PC-GOODSMOVEMENT-000091""]"
PC-PURCHASEREQUISITION-000095,Invoice Posted,2023-01-22T21:28:00Z,invoice_header,APP-0000001814,USR-004,"[""PC-PURCHASEREQUISITION-000095"",""PC-RFQ-000095"",""PC-MATERIAL-000095""]"
PC-PURCHASEREQUISITION-000098,Invoice Parked,2023-01-23T00:30:00Z,inspection_lot,APP-0000001824,USR-054,"[""PC-PURCHASEREQUISITION-000098"",""PC-REQUISITIONITEM-000098"",""PC-SUPPLIER-000098""]"
PC-PURCHASEREQUISITION-000114,Quality Inspection Started,2023-01-23T00:38:00Z,req_header,APP-0000001825,USR-064,"[""PC-PURCHASEREQUISITION-000114"",""PC-GOODSRECEIPT-000114"",""PC-COSTCENTER-000114""]"
PC-PURCHASEREQUISITION-000070,Goods Receipt Reversed,2023-01-23T20:14:00Z,accounting_header,APP-0000001904,USR-076,"[""PC-PURCHASEREQUISITION-000070"",""PC-ADVANCESHIPPINGNOTICE-000070"",""PC-PAYMENTPROPOSAL-000070""]"
PC-PURCHASEREQUISITION-000115,Stock Placed in Blocked Stock,2023-01-23T21:42:00Z,invoice_header,APP-0000001916,USR-084,"[""PC-PURCHASEREQUISITION-000115"",""PC-INVOICEITEM-000115"",""PC-SUPPLIERQUOTATION-000115""]"
PC-PURCHASEREQUISITION-000095,Invoice Unblocked,2023-01-24T03:33:00Z,inspection_lot,APP-0000001941,USR-009,"[""PC-PURCHASEREQUISITION-000095"",""PC-SCHEDULELINE-000095"",""PC-INVOICE-000095""]"
PC-PURCHASEREQUISITION-000100,Three-Way Match Failed,2023-01-24T06:36:00Z,req_header,APP-0000001952,USR-092,"[""PC-PURCHASEREQUISITION-000100"",""PC-PURCHASEORDER-000100"",""PC-GOODSRECEIPT-000100""]"
PC-PURCHASEREQUISITION-000075,Goods Receipt Reversed,2023-01-24T11:14:00Z,accounting_header,APP-0000001966,USR-034,"[""PC-PURCHASEREQUISITION-000075"",""PC-ADVANCESHIPPINGNOTICE-000075"",""PC-PAYMENTPROPOSAL-000075""]"
PC-PURCHASEREQUISITION-000090,Payment Proposal Approved,2023-01-24T12:32:00Z,req_header,APP-0000001977,USR-055,"[""PC-PURCHASEREQUISITION-000090"",""PC-GOODSMOVEMENT-000090"",""PC-PAYMENT-000090""]"
PC-PURCHASEREQUISITION-000085,PO Item Final-Invoiced,2023-01-24T15:30:00Z,invoice_header,APP-0000001992,USR-100,"[""PC-PURCHASEREQUISITION-000085"",""PC-INVOICE-000085"",""PC-RFQ-000085""]"
PC-PURCHASEREQUISITION-000089,Payment Executed,2023-01-24T15:32:00Z,goods_movement_header,APP-0000001993,USR-039,"[""PC-PURCHASEREQUISITION-000089"",""PC-GOODSRECEIPT-000089"",""PC-COSTCENTER-000089""]"
PC-PURCHASEREQUISITION-000107,Invoice Changed,2023-01-24T15:41:00Z,accounting_header,APP-0000001994,USR-082,"[""PC-PURCHASEREQUISITION-000107"",""PC-SUPPLIERQUOTATION-000107"",""PC-ADVANCESHIPPINGNOTICE-000107""]"
PC-PURCHASEREQUISITION-000109,Invoice Posted,2023-01-24T15:42:00Z,invoice_header,APP-0000001995,USR-115,"[""PC-PURCHASEREQUISITION-000109"",""PC-RFQ-000109"",""PC-MATERIAL-000109""]"
PC-PURCHASEREQUISITION-000132,Goods Receipt Reversed,2023-01-24T18:01:00Z,accounting_header,APP-0000001997,USR-114,"[""PC-PURCHASEREQUISITION-000132"",""PC-ADVANCESHIPPINGNOTICE-000132"",""PC-PAYMENTPROPOSAL-000132""]"
PC-PURCHASEREQUISITION-000084,Purchase Order Closed,2023-01-24T18:30:00Z,accounting_header,APP-0000002007,USR-084,"[""PC-PURCHASEREQUISITION-000084"",""PC-INVOICEITEM-000084"",""PC-SUPPLIERQUOTATION-000084""]"
PC-PURCHASEREQUISITION-000081,Supplier Unblocked,2023-01-24T21:29:00Z,req_header,APP-0000002018,USR-035,"[""PC-PURCHASEREQUISITION-000081"",""PC-PAYMENTPROPOSAL-000081"",""PC-PURCHASEORDER-000081""]"
PC-PURCHASEREQUISITION-000080,Goods Receipt Reversed,2023-01-25T02:14:00Z,accounting_header,APP-0000002034,USR-119,"[""PC-PURCHASEREQUISITION-000080"",""PC-ADVANCESHIPPINGNOTICE-000080"",""PC-PAYMENTPROPOSAL-000080""]"
PC-PURCHASEREQUISITION-000091,Payment Reversed,2023-01-25T03:35:00Z,inspection_lot,APP-0000002045,USR-074,"[""PC-PURCHASEREQUISITION-000091"",""PC-INSPECTIONLOT-000091"",""PC-REQUISITIONITEM-000091""]"
PC-PURCHASEREQUISITION-000130,Quality Inspection Failed,2023-01-25T12:03:00Z,inspection_lot,APP-0000002067,USR-084,"[""PC-PURCHASEREQUISITION-000130"",""PC-INVOICE-000130"",""PC-RFQ-000130""]"
PC-PURCHASEREQUISITION-000116,Invoice Posted,2023-01-25T12:49:00Z,invoice_header,APP-0000002078,USR-107,"[""PC-PURCHASEREQUISITION-000116"",""PC-RFQ-000116"",""PC-MATERIAL-000116""]"
PC-PURCHASEREQUISITION-000085,Goods Receipt Reversed,2023-01-25T17:14:00Z,accounting_header,APP-0000002092,USR-077,"[""PC-PURCHASEREQUISITION-000085"",""PC-ADVANCESHIPPINGNOTICE-000085"",""PC-PAYMENTPROPOSAL-000085""]"
PC-PURCHASEREQUISITION-000118,Invoice Changed,2023-01-26T00:52:00Z,accounting_header,APP-0000002132,USR-015,"[""PC-PURCHASEREQUISITION-000118"",""PC-SUPPLIERQUOTATION-000118"",""PC-ADVANCESHIPPINGNOTICE-000118""]"
PC-PURCHASEREQUISITION-000104,Payment Proposal Approved,2023-01-26T06:46:00Z,req_header,APP-0000002155,USR-039,"[""PC-PURCHASEREQUISITION-000104"",""PC-GOODSMOVEMENT-000104"",""PC-PAYMENT-000104""]"
PC-PURCHASEREQUISITION-000090,Payment Reversed,2023-01-26T08:51:00Z,inspection_lot,APP-0000002159,USR-057,"[""PC-PURCHASEREQUISITION-000090"",""PC-INSPECTIONLOT-000090"",""PC-REQUISITIONITEM-000090""]"
PC-PURCHASEREQUISITION-000117,Three-Way Match Failed,2023-01-26T09:00:00Z,req_header,APP-0000002160,USR-127,"[""PC-PURCHASEREQUISITION-000117"",""PC-PURCHASEORDER-000117"",""PC-GOODSRECEIPT-000117""]"
PC-PURCHASEREQUISITION-000095,Payment Reversed,2023-01-26T23:51:00Z,inspection_lot,APP-0000002219,USR-015,"[""PC-PURCHASEREQUISITION-000095"",""PC-INSPECTIONLOT-000095"",""PC-REQUISITIONITEM-000095""]"
PC-PURCHASEREQUISITION-000118,Invoice Unblocked,2023-01-27T00:03:00Z,inspection_lot,APP-0000002220,USR-019,"[""PC-PURCHASEREQUISITION-000118"",""PC-SCHEDULELINE-000118"",""PC-INVOICE-000118""]"
PC-PURCHASEREQUISITION-000103,Purchase Order Closed,2023-01-27T03:49:00Z,accounting_header,APP-0000002242,USR-026,"[""PC-PURCHASEREQUISITION-000103"",""PC-INVOICEITEM-000103"",""PC-SUPPLIERQUOTATION-000103""]"
PC-PURCHASEREQUISITION-000111,Payment Executed,2023-01-27T09:01:00Z,goods_movement_header,APP-0000002254,USR-032,"[""PC-PURCHASEREQUISITION-000111"",""PC-GOODSRECEIPT-000111"",""PC-COSTCENTER-000111""]"
PC-PURCHASEREQUISITION-000129,Invoice Changed,2023-01-27T09:10:00Z,accounting_header,APP-0000002255,USR-075,"[""PC-PURCHASEREQUISITION-000129"",""PC-SUPPLIERQUOTATION-000129"",""PC-ADVANCESHIPPINGNOTICE-000129""]"
PC-PURCHASEREQUISITION-000100,Goods Receipt Reversed,2023-01-27T14:14:00Z,accounting_header,APP-0000002283,USR-078,"[""PC-PURCHASEREQUISITION-000100"",""PC-ADVANCESHIPPINGNOTICE-000100"",""PC-PAYMENTPROPOSAL-000100""]"
PC-PURCHASEREQUISITION-000125,Invoice Blocked,2023-01-27T15:09:00Z,goods_movement_header,APP-0000002285,USR-010,"[""PC-PURCHASEREQUISITION-000125"",""PC-PURCHASEORDERITEM-000125"",""PC-INSPECTIONLOT-000125""]"
PC-PURCHASEREQUISITION-000135,Invoice Parked,2023-01-27T15:14:00Z,inspection_lot,APP-0000002286,USR-048,"[""PC-PURCHASEREQUISITION-000135"",""PC-REQUISITIONITEM-000135"",""PC-SUPPLIER-000135""]"
PC-PURCHASEREQUISITION-000139,Invoice Received,2023-01-27T21:17:00Z,goods_movement_header,APP-0000002310,USR-115,"[""PC-PURCHASEREQUISITION-000139"",""PC-COSTCENTER-000139"",""PC-SCHEDULELINE-000139""]"
PC-PURCHASEREQUISITION-000141,PO Item Delivery Completed,2023-01-27T21:18:00Z,req_header,APP-0000002311,USR-021,"[""PC-PURCHASEREQUISITION-000141"",""PC-PAYMENT-000141"",""PC-PURCHASEORDERITEM-000141""]"
PC-PURCHASEREQUISITION-000118,Payment Proposal Approved,2023-01-28T00:07:00Z,req_header,APP-0000002323,USR-023,"[""PC-PURCHASEREQUISITION-000118"",""PC-GOODSMOVEMENT-000118"",""PC-PAYMENT-000118""]"
PC-PURCHASEREQUISITION-000149,Stock Placed in Blocked Stock,2023-01-28T03:23:00Z,invoice_header,APP-0000002336,USR-027,"[""PC-PURCHASEREQUISITION-000149"",""PC-INVOICEITEM-000149"",""PC-SUPPLIERQUOTATION-000149""]"
PC-PURCHASEREQUISITION-000105,Goods Receipt Reversed,2023-01-28T05:14:00Z,accounting_header,APP-0000002345,USR-036,"[""PC-PURCHASEREQUISITION-000105"",""PC-ADVANCESHIPPINGNOTICE-000105"",""PC-PAYMENTPROPOSAL-000105""]"
PC-PURCHASEREQUISITION-000156,Quality Inspection Started,2023-01-28T06:27:00Z,req_header,APP-0000002352,USR-016,"[""PC-PURCHASEREQUISITION-000156"",""PC-GOODSRECEIPT-000156"",""PC-COSTCENTER-000156""]"
PC-PURCHASEREQUISITION-000117,Payment Reversed,2023-01-28T09:08:00Z,inspection_lot,APP-0000002363,USR-008,"[""PC-PURCHASEREQUISITION-000117"",""PC-INSPECTIONLOT-000117"",""PC-REQUISITIONITEM-000117""]"
PC-PURCHASEREQUISITION-000110,Goods Receipt Reversed,2023-01-28T20:14:00Z,accounting_header,APP-0000002409,USR-121,"[""PC-PURCHASEREQUISITION-000110"",""PC-ADVANCESHIPPINGNOTICE-000110"",""PC-PAYMENTPROPOSAL-000110""]"
PC-PURCHASEREQUISITION-000116,Supplier Blocked,2023-01-29T00:10:00Z,payment_run,APP-0000002430,USR-121,"[""PC-PURCHASEREQUISITION-000116"",""PC-ACCOUNTINGDOCUMENT-000116"",""PC-CONTRACT-000116""]"
PC-PURCHASEREQUISITION-000170,Quality Inspection Started,2023-01-30T00:41:00Z,req_header,APP-0000002530,USR-127,"[""PC-PURCHASEREQUISITION-000170"",""PC-GOODSRECEIPT-000170"",""PC-COSTCENTER-000170""]"
PC-PURCHASEREQUISITION-000133,Payment Executed,2023-01-30T03:23:00Z,goods_movement_header,APP-0000002545,USR-025,"[""PC-PURCHASEREQUISITION-000133"",""PC-GOODSRECEIPT-000133"",""PC-COSTCENTER-000133""]"
PC-PURCHASEREQUISITION-000169,Quality Inspection Passed,2023-01-30T03:41:00Z,goods_movement_header,APP-0000002547,USR-111,"[""PC-PURCHASEREQUISITION-000169"",""PC-INSPECTIONLOT-000169"",""PC-REQUISITIONITEM-000169""]"
PC-PURCHASEREQUISITION-000166,Stock Released from Blocked Stock,2023-01-30T12:41:00Z,accounting_header,APP-0000002580,USR-063,"[""PC-PURCHASEREQUISITION-000166"",""PC-ACCOUNTINGDOCUMENT-000166"",""PC-CONTRACT-000166""]"
PC-PURCHASEREQUISITION-000125,Goods Receipt Reversed,2023-01-30T17:14:00Z,accounting_header,APP-0000002594,USR-122,"[""PC-PURCHASEREQUISITION-000125"",""PC-ADVANCESHIPPINGNOTICE-000125"",""PC-PAYMENTPROPOSAL-000125""]"
PC-PURCHASEREQUISITION-000177,Quality Inspection Started,2023-01-30T21:48:00Z,req_header,APP-0000002619,USR-119,"[""PC-PURCHASEREQUISITION-000177"",""PC-GOODSRECEIPT-000177"",""PC-COSTCENTER-000177""]"
PC-PURCHASEREQUISITION-000130,Payment Reversed,2023-01-31T08:51:00Z,inspection_lot,APP-0000002656,USR-102,"[""PC-PURCHASEREQUISITION-000130"",""PC-INSPECTIONLOT-000130"",""PC-REQUISITIONITEM-000130""]"
PC-PURCHASEREQUISITION-000144,Payment Executed,2023-01-31T12:34:00Z,goods_movement_header,APP-0000002679,USR-085,"[""PC-PURCHASEREQUISITION-000144"",""PC-GOODSRECEIPT-000144"",""PC-COSTCENTER-000144""]"
PC-PURCHASEREQUISITION-000146,Payment Proposal Approved,2023-01-31T12:35:00Z,req_header,APP-0000002680,USR-118,"[""PC-PURCHASEREQUISITION-000146"",""PC-GOODSMOVEMENT-000146"",""PC-PAYMENT-000146""]"
PC-PURCHASEREQUISITION-000162,Invoice Changed,2023-01-31T12:43:00Z,accounting_header,APP-0000002681,USR-001,"[""PC-PURCHASEREQUISITION-000162"",""PC-SUPPLIERQUOTATION-000162"",""PC-ADVANCESHIPPINGNOTICE-000162""]"
PC-PURCHASEREQUISITION-000182,Quality Inspection Failed,2023-02-01T00:02:00Z,inspection_lot,APP-0000002724,USR-079,"[""PC-PURCHASEREQUISITION-000182"",""PC-INVOICE-000182"",""PC-RFQ-000182""]"
PC-PURCHASEREQUISITION-000139,Supplier Unblocked,2023-02-01T03:34:00Z,req_header,APP-0000002743,USR-005,"[""PC-PURCHASEREQUISITION-000139"",""PC-PAYMENTPROPOSAL-000139"",""PC-PURCHASEORDER-000139""]"
PC-PURCHASEREQUISITION-000183,Stock Placed in Blocked Stock,2023-02-01T09:04:00Z,invoice_header,APP-0000002756,USR-097,"[""PC-PURCHASEREQUISITION-000183"",""PC-INVOICEITEM-000183"",""PC-SUPPLIERQUOTATION-000183""]"
PC-PURCHASEREQUISITION-000163,Invoice Blocked,2023-02-01T09:47:00Z,goods_movement_header,APP-0000002768,USR-021,"[""PC-PURCHASEREQUISITION-000163"",""PC-PURCHASEORDERITEM-000163"",""PC-INSPECTIONLOT-000163""]"
PC-PURCHASEREQUISITION-000172,Invoice Posted,2023-02-01T12:52:00Z,invoice_header,APP-0000002780,USR-043,"[""PC-PURCHASEREQUISITION-000172"",""PC-RFQ-000172"",""PC-MATERIAL-000172""]"
PC-PURCHASEREQUISITION-000140,Goods Receipt Reversed,2023-02-01T14:14:00Z,accounting_header,APP-0000002783,USR-123,"[""PC-PURCHASEREQUISITION-000140"",""PC-ADVANCESHIPPINGNOTICE-000140"",""PC-PAYMENTPROPOSAL-000140""]"
PC-PURCHASEREQUISITION-000191,Quality Inspection Passed,2023-02-01T21:10:00Z,goods_movement_header,APP-0000002810,USR-104,"[""PC-PURCHASEREQUISITION-000191"",""PC-INSPECTIONLOT-000191"",""PC-REQUISITIONITEM-000191""]"
PC-PURCHASEREQUISITION-000160,Payment Proposal Approved,2023-02-02T06:49:00Z,req_header,APP-0000002860,USR-102,"[""PC-PURCHASEREQUISITION-000160"",""PC-GOODSMOVEMENT-000160"",""PC-PAYMENT-000160""]"
PC-PURCHASEREQUISITION-000195,Quality Inspection Failed,2023-02-02T15:15:00Z,inspection_lot,APP-0000002884,USR-046,"[""PC-PURCHASEREQUISITION-000195"",""PC-INVOICE-000195"",""PC-RFQ-000195""]"
PC-PURCHASEREQUISITION-000166,Payment Proposal Created,2023-02-02T18:01:00Z,payment_run,APP-0000002895,USR-076,"[""PC-PURCHASEREQUISITION-000166"",""PC-ADVANCESHIPPINGNOTICE-000166"",""PC-PAYMENTPROPOSAL-000166""]"
PC-PURCHASEREQUISITION-000150,Goods Receipt Reversed,2023-02-02T20:14:00Z,accounting_header,APP-0000002909,USR-039,"[""PC-PURCHASEREQUISITION-000150"",""PC-ADVANCESHIPPINGNOTICE-000150"",""PC-PAYMENTPROPOSAL-000150""]"
PC-PURCHASEREQUISITION-000160,Purchase Order Closed,2023-02-03T06:00:00Z,accounting_header,APP-0000002943,USR-106,"[""PC-PURCHASEREQUISITION-000160"",""PC-INVOICEITEM-000160"",""PC-SUPPLIERQUOTATION-000160""]"
PC-PURCHASEREQUISITION-000182,Three-Way Match Passed,2023-02-03T06:11:00Z,payment_run,APP-0000002945,USR-088,"[""PC-PURCHASEREQUISITION-000182"",""PC-CONTRACT-000182"",""PC-GOODSMOVEMENT-000182""]"
PC-PURCHASEREQUISITION-000184,Invoice Changed,2023-02-03T06:12:00Z,accounting_header,APP-0000002946,USR-121,"[""PC-PURCHASEREQUISITION-000184"",""PC-SUPPLIERQUOTATION-000184"",""PC-ADVANCESHIPPINGNOTICE-000184""]"
PC-PURCHASEREQUISITION-000186,Invoice Posted,2023-02-03T06:13:00Z,invoice_header,APP-0000002947,USR-027,"[""PC-PURCHASEREQUISITION-000186"",""PC-RFQ-000186"",""PC-MATERIAL-000186""]"
PC-PURCHASEREQUISITION-000205,Quality Inspection Started,2023-02-03T09:23:00Z,req_header,APP-0000002961,USR-087,"[""PC-PURCHASEREQUISITION-000205"",""PC-GOODSRECEIPT-000205"",""PC-COSTCENTER-000205""]"
PC-PURCHASEREQUISITION-000200,Stock Placed in Blocked Stock,2023-02-03T12:21:00Z,invoice_header,APP-0000002976,USR-005,"[""PC-PURCHASEREQUISITION-000200"",""PC-INVOICEITEM-000200"",""PC-SUPPLIERQUOTATION-000200""]"
PC-PURCHASEREQUISITION-000174,Payment Proposal Approved,2023-02-04T00:10:00Z,req_header,APP-0000003027,USR-086,"[""PC-PURCHASEREQUISITION-000174"",""PC-GOODSMOVEMENT-000174"",""PC-PAYMENT-000174""]"
PC-PURCHASEREQUISITION-000160,Goods Receipt Reversed,2023-02-04T02:14:00Z,accounting_header,APP-0000003033,USR-082,"[""PC-PURCHASEREQUISITION-000160"",""PC-ADVANCESHIPPINGNOTICE-000160"",""PC-PAYMENTPROPOSAL-000160""]"
PC-PURCHASEREQUISITION-000208,Quality Inspection Failed,2023-02-04T06:28:00Z,inspection_lot,APP-0000003055,USR-013,"[""PC-PURCHASEREQUISITION-000208"",""PC-INVOICE-000208"",""PC-RFQ-000208""]"
PC-PURCHASEREQUISITION-000212,Quality Inspection Started,2023-02-04T06:30:00Z,req_header,APP-0000003056,USR-079,"[""PC-PURCHASEREQUISITION-000212"",""PC-GOODSRECEIPT-000212"",""PC-COSTCENTER-000212""]"
PC-PURCHASEREQUISITION-000215,Partial Receipt Posted,2023-02-04T09:32:00Z,payment_run,APP-0000003066,USR-002,"[""PC-PURCHASEREQUISITION-000215"",""PC-GOODSMOVEMENT-000215"",""PC-PAYMENT-000215""]"
PC-PURCHASEREQUISITION-000165,Goods Receipt Reversed,2023-02-04T17:14:00Z,accounting_header,APP-0000003100,USR-040,"[""PC-PURCHASEREQUISITION-000165"",""PC-ADVANCESHIPPINGNOTICE-000165"",""PC-PAYMENTPROPOSAL-000165""]"
PC-PURCHASEREQUISITION-000168,Supplier Unblocked,2023-02-04T18:10:00Z,req_header,APP-0000003109,USR-117,"[""PC-PURCHASEREQUISITION-000168"",""PC-PAYMENTPROPOSAL-000168"",""PC-PURCHASEORDER-000168""]"
PC-PURCHASEREQUISITION-000195,Three-Way Match Passed,2023-02-04T21:24:00Z,payment_run,APP-0000003123,USR-055,"[""PC-PURCHASEREQUISITION-000195"",""PC-CONTRACT-000195"",""PC-GOODSMOVEMENT-000195""]"
PC-PURCHASEREQUISITION-000219,Quality Inspection Started,2023-02-05T03:37:00Z,req_header,APP-0000003144,USR-071,"[""PC-PURCHASEREQUISITION-000219"",""PC-GOODSRECEIPT-000219"",""PC-COSTCENTER-000219""]"
PC-PURCHASEREQUISITION-000217,Stock Placed in Blocked Stock,2023-02-05T15:38:00Z,invoice_header,APP-0000003194,USR-040,"[""PC-PURCHASEREQUISITION-000217"",""PC-INVOICEITEM-000217"",""PC-SUPPLIERQUOTATION-000217""]"
PC-PURCHASEREQUISITION-000207,Invoice Posted,2023-02-05T21:34:00Z,invoice_header,APP-0000003215,USR-003,"[""PC-PURCHASEREQUISITION-000207"",""PC-RFQ-000207"",""PC-MATERIAL-000207""]"
PC-PURCHASEREQUISITION-000221,Quality Inspection Failed,2023-02-05T21:41:00Z,inspection_lot,APP-0000003217,USR-107,"[""PC-PURCHASEREQUISITION-000221"",""PC-INVOICE-000221"",""PC-RFQ-000221""]"
PC-PURCHASEREQUISITION-000175,Payment Reversed,2023-02-05T23:51:00Z,inspection_lot,APP-0000003221,USR-105,"[""PC-PURCHASEREQUISITION-000175"",""PC-INSPECTIONLOT-000175"",""PC-REQUISITIONITEM-000175""]"
PC-PURCHASEREQUISITION-000188,Payment Executed,2023-02-06T00:25:00Z,goods_movement_header,APP-0000003232,USR-071,"[""PC-PURCHASEREQUISITION-000188"",""PC-GOODSRECEIPT-000188"",""PC-COSTCENTER-000188""]"
PC-PURCHASEREQUISITION-000206,Invoice Changed,2023-02-06T00:34:00Z,accounting_header,APP-0000003234,USR-114,"[""PC-PURCHASEREQUISITION-000206"",""PC-SUPPLIERQUOTATION-000206"",""PC-ADVANCESHIPPINGNOTICE-000206""]"
PC-PURCHASEREQUISITION-000226,Quality Inspection Started,2023-02-06T00:44:00Z,req_header,APP-0000003236,USR-063,"[""PC-PURCHASEREQUISITION-000226"",""PC-GOODSRECEIPT-000226"",""PC-COSTCENTER-000226""]"
PC-PURCHASEREQUISITION-000198,Credit Memo Posted,2023-02-06T06:31:00Z,invoice_header,APP-0000003261,USR-110,"[""PC-PURCHASEREQUISITION-000198"",""PC-SUPPLIER-000198"",""PC-INVOICEITEM-000198""]"
PC-PURCHASEREQUISITION-000187,PO Item Final-Invoiced,2023-02-06T09:26:00Z,invoice_header,APP-0000003271,USR-056,"[""PC-PURCHASEREQUISITION-000187"",""PC-INVOICE-000187"",""PC-RFQ-000187""]"
PC-PURCHASEREQUISITION-000208,Three-Way Match Passed,2023-02-06T12:37:00Z,payment_run,APP-0000003282,USR-022,"[""PC-PURCHASEREQUISITION-000208"",""PC-CONTRACT-000208"",""PC-GOODSMOVEMENT-000208""]"
PC-PURCHASEREQUISITION-000180,Payment Reversed,2023-02-06T14:51:00Z,inspection_lot,APP-0000003286,USR-063,"[""PC-PURCHASEREQUISITION-000180"",""PC-INSPECTIONLOT-000180"",""PC-REQUISITIONITEM-000180""]"
PC-PURCHASEREQUISITION-000185,Supplier Blocked,2023-02-06T15:26:00Z,payment_run,APP-0000003295,USR-024,"[""PC-PURCHASEREQUISITION-000185"",""PC-ACCOUNTINGDOCUMENT-000185"",""PC-CONTRACT-000185""]"
PC-PURCHASEREQUISITION-000185,Payment Reversed,2023-02-07T05:51:00Z,inspection_lot,APP-0000003347,USR-021,"[""PC-PURCHASEREQUISITION-000185"",""PC-INSPECTIONLOT-000185"",""PC-REQUISITIONITEM-000185""]"
PC-PURCHASEREQUISITION-000199,Payment Executed,2023-02-07T09:36:00Z,goods_movement_header,APP-0000003371,USR-004,"[""PC-PURCHASEREQUISITION-000199"",""PC-GOODSRECEIPT-000199"",""PC-COSTCENTER-000199""]"
PC-PURCHASEREQUISITION-000203,Payment Proposal Created,2023-02-07T09:38:00Z,payment_run,APP-0000003372,USR-070,"[""PC-PURCHASEREQUISITION-000203"",""PC-ADVANCESHIPPINGNOTICE-000203"",""PC-PAYMENTPROPOSAL-000203""]"
PC-PURCHASEREQUISITION-000202,Payment Proposal Approved,2023-02-07T12:38:00Z,req_header,APP-0000003385,USR-054,"[""PC-PURCHASEREQUISITION-000202"",""PC-GOODSMOVEMENT-000202"",""PC-PAYMENT-000202""]"
PC-PURCHASEREQUISITION-000210,Invoice Unblocked,2023-02-07T12:42:00Z,inspection_lot,APP-0000003386,USR-059,"[""PC-PURCHASEREQUISITION-000210"",""PC-SCHEDULELINE-000210"",""PC-INVOICE-000210""]"
PC-PURCHASEREQUISITION-000190,Payment Reversed,2023-02-07T20:51:00Z,inspection_lot,APP-0000003414,USR-106,"[""PC-PURCHASEREQUISITION-000190"",""PC-INSPECTIONLOT-000190"",""PC-REQUISITIONITEM-000190""]"
PC-PURCHASEREQUISITION-000197,Supplier Unblocked,2023-02-08T09:39:00Z,req_header,APP-0000003465,USR-102,"[""PC-PURCHASEREQUISITION-000197"",""PC-PAYMENTPROPOSAL-000197"",""PC-PURCHASEORDER-000197""]"
PC-PURCHASEREQUISITION-000195,Payment Reversed,2023-02-08T11:51:00Z,inspection_lot,APP-0000003472,USR-064,"[""PC-PURCHASEREQUISITION-000195"",""PC-INSPECTIONLOT-000195"",""PC-REQUISITIONITEM-000195""]"
PC-PURCHASEREQUISITION-000204,PO Item Final-Invoiced,2023-02-08T12:43:00Z,invoice_header,APP-0000003485,USR-091,"[""PC-PURCHASEREQUISITION-000204"",""PC-INVOICE-000204"",""PC-RFQ-000204""]"
PC-PURCHASEREQUISITION-000220,Invoice Blocked,2023-02-08T12:51:00Z,goods_movement_header,APP-0000003486,USR-101,"[""PC-PURCHASEREQUISITION-000220"",""PC-PURCHASEORDERITEM-000220"",""PC-INSPECTIONLOT-000220""]"
PC-PURCHASEREQUISITION-000228,Invoice Changed,2023-02-08T18:03:00Z,accounting_header,APP-0000003497,USR-107,"[""PC-PURCHASEREQUISITION-000228"",""PC-SUPPLIERQUOTATION-000228"",""PC-ADVANCESHIPPINGNOTICE-000228""]"
PC-PURCHASEREQUISITION-000246,Quality Inspection Passed,2023-02-08T18:12:00Z,goods_movement_header,APP-0000003498,USR-023,"[""PC-PURCHASEREQUISITION-000246"",""PC-INSPECTIONLOT-000246"",""PC-REQUISITIONITEM-000246""]"
PC-PURCHASEREQUISITION-000242,Stock Released from Blocked Stock,2023-02-09T00:11:00Z,accounting_header,APP-0000003523,USR-085,"[""PC-PURCHASEREQUISITION-000242"",""PC-ACCOUNTINGDOCUMENT-000242"",""PC-CONTRACT-000242""]"
PC-PURCHASEREQUISITION-000252,Partial Receipt Posted,2023-02-09T00:16:00Z,payment_run,APP-0000003524,USR-123,"[""PC-PURCHASEREQUISITION-000252"",""PC-GOODSMOVEMENT-000252"",""PC-PAYMENT-000252""]"
PC-PURCHASEREQUISITION-000200,Goods Receipt Reversed,2023-02-09T02:14:00Z,accounting_header,APP-0000003536,USR-127,"[""PC-PURCHASEREQUISITION-000200"",""PC-ADVANCESHIPPINGNOTICE-000200"",""PC-PAYMENTPROPOSAL-000200""]"
PC-PURCHASEREQUISITION-000247,Quality Inspection Failed,2023-02-09T03:14:00Z,inspection_lot,APP-0000003538,USR-041,"[""PC-PURCHASEREQUISITION-000247"",""PC-INVOICE-000247"",""PC-RFQ-000247""]"
PC-PURCHASEREQUISITION-000216,Payment Proposal Approved,2023-02-09T06:52:00Z,req_header,APP-0000003561,USR-038,"[""PC-PURCHASEREQUISITION-000216"",""PC-GOODSMOVEMENT-000216"",""PC-PAYMENT-000216""]"
PC-PURCHASEREQUISITION-000208,Supplier Blocked,2023-02-09T12:49:00Z,payment_run,APP-0000003584,USR-034,"[""PC-PURCHASEREQUISITION-000208"",""PC-ACCOUNTINGDOCUMENT-000208"",""PC-CONTRACT-000208""]"
PC-PURCHASEREQUISITION-000205,Payment Reversed,2023-02-09T17:51:00Z,inspection_lot,APP-0000003599,USR-107,"[""PC-PURCHASEREQUISITION-000205"",""PC-INSPECTIONLOT-000205"",""PC-REQUISITIONITEM-000205""]"
PC-PURCHASEREQUISITION-000221,Payment Executed,2023-02-10T03:05:00Z,goods_movement_header,APP-0000003635,USR-124,"[""PC-PURCHASEREQUISITION-000221"",""PC-GOODSRECEIPT-000221"",""PC-COSTCENTER-000221""]"
PC-PURCHASEREQUISITION-000239,Invoice Changed,2023-02-10T03:14:00Z,accounting_header,APP-0000003637,USR-040,"[""PC-PURCHASEREQUISITION-000239"",""PC-SUPPLIERQUOTATION-000239"",""PC-ADVANCESHIPPINGNOTICE-000239""]"
PC-PURCHASEREQUISITION-000257,Quality Inspection Passed,2023-02-10T03:23:00Z,goods_movement_header,APP-0000003638,USR-083,"[""PC-PURCHASEREQUISITION-000257"",""PC-INSPECTIONLOT-000257"",""PC-REQUISITIONITEM-000257""]"
PC-PURCHASEREQUISITION-000261,Quality Inspection Started,2023-02-10T09:26:00Z,req_header,APP-0000003672,USR-023,"[""PC-PURCHASEREQUISITION-000261"",""PC-GOODSRECEIPT-000261"",""PC-COSTCENTER-000261""]"
PC-PURCHASEREQUISITION-000221,PO Item Final-Invoiced,2023-02-10T15:07:00Z,invoice_header,APP-0000003695,USR-126,"[""PC-PURCHASEREQUISITION-000221"",""PC-INVOICE-000221"",""PC-RFQ-000221""]"
PC-PURCHASEREQUISITION-000260,Quality Inspection Failed,2023-02-10T18:27:00Z,inspection_lot,APP-0000003707,USR-008,"[""PC-PURCHASEREQUISITION-000260"",""PC-INVOICE-000260"",""PC-RFQ-000260""]"
PC-PURCHASEREQUISITION-000215,Payment Reversed,2023-02-10T23:51:00Z,inspection_lot,APP-0000003724,USR-023,"[""PC-PURCHASEREQUISITION-000215"",""PC-INSPECTIONLOT-000215"",""PC-REQUISITIONITEM-000215""]"
PC-PURCHASEREQUISITION-000247,Three-Way Match Passed,2023-02-11T09:23:00Z,payment_run,APP-0000003767,USR-050,"[""PC-PURCHASEREQUISITION-000247"",""PC-CONTRACT-000247"",""PC-GOODSMOVEMENT-000247""]"
PC-PURCHASEREQUISITION-000257,PO Item Delivery Completed,2023-02-11T09:28:00Z,req_header,APP-0000003768,USR-088,"[""PC-PURCHASEREQUISITION-000257"",""PC-PAYMENT-000257"",""PC-PURCHASEORDERITEM-000257""]"
PC-PURCHASEREQUISITION-000261,Stock Released from Blocked Stock,2023-02-11T09:30:00Z,accounting_header,APP-0000003769,USR-027,"[""PC-PURCHASEREQUISITION-000261"",""PC-ACCOUNTINGDOCUMENT-000261"",""PC-CONTRACT-000261""]"
PC-PURCHASEREQUISITION-000232,Payment Executed,2023-02-11T12:16:00Z,goods_movement_header,APP-0000003781,USR-057,"[""PC-PURCHASEREQUISITION-000232"",""PC-GOODSRECEIPT-000232"",""PC-COSTCENTER-000232""]"
PC-PURCHASEREQUISITION-000250,Invoice Changed,2023-02-11T12:25:00Z,accounting_header,APP-0000003782,USR-100,"[""PC-PURCHASEREQUISITION-000250"",""PC-SUPPLIERQUOTATION-000250"",""PC-ADVANCESHIPPINGNOTICE-000250""]"
PC-PURCHASEREQUISITION-000220,Payment Reversed,2023-02-11T14:51:00Z,inspection_lot,APP-0000003789,USR-108,"[""PC-PURCHASEREQUISITION-000220"",""PC-INSPECTIONLOT-000220"",""PC-REQUISITIONITEM-000220""]"
PC-PURCHASEREQUISITION-000237,Payment Proposal Approved,2023-02-11T21:20:00Z,req_header,APP-0000003820,USR-014,"[""PC-PURCHASEREQUISITION-000237"",""PC-GOODSMOVEMENT-000237"",""PC-PAYMENT-000237""]"
PC-PURCHASEREQUISITION-000226,Supplier Unblocked,2023-02-12T00:15:00Z,req_header,APP-0000003829,USR-087,"[""PC-PURCHASEREQUISITION-000226"",""PC-PAYMENTPROPOSAL-000226"",""PC-PURCHASEORDER-000226""]"
PC-PURCHASEREQUISITION-000240,Payment Proposal Created,2023-02-12T00:22:00Z,payment_run,APP-0000003833,USR-064,"[""PC-PURCHASEREQUISITION-000240"",""PC-ADVANCESHIPPINGNOTICE-000240"",""PC-PAYMENTPROPOSAL-000240""]"
PC-PURCHASEREQUISITION-000256,Invoice Posted,2023-02-12T00:30:00Z,invoice_header,APP-0000003834,USR-074,"[""PC-PURCHASEREQUISITION-000256"",""PC-RFQ-000256"",""PC-MATERIAL-000256""]"
PC-PURCHASEREQUISITION-000225,Payment Reversed,2023-02-12T05:51:00Z,inspection_lot,APP-0000003851,USR-066,"[""PC-PURCHASEREQUISITION-000225"",""PC-INSPECTIONLOT-000225"",""PC-REQUISITIONITEM-000225""]"
PC-PURCHASEREQUISITION-000238,PO Item Final-Invoiced,2023-02-12T18:24:00Z,invoice_header,APP-0000003906,USR-034,"[""PC-PURCHASEREQUISITION-000238"",""PC-INVOICE-000238"",""PC-RFQ-000238""]"
PC-PURCHASEREQUISITION-000230,Goods Receipt Reversed,2023-02-12T20:14:00Z,accounting_header,APP-0000003910,USR-002,"[""PC-PURCHASEREQUISITION-000230"",""PC-ADVANCESHIPPINGNOTICE-000230"",""PC-PAYMENTPROPOSAL-000230""]"
PC-PURCHASEREQUISITION-000279,Quality Inspection Passed,2023-02-12T21:45:00Z,goods_movement_header,APP-0000003926,USR-076,"[""PC-PURCHASEREQUISITION-000279"",""PC-INSPECTIONLOT-000279"",""PC-REQUISITIONITEM-000279""]"
PC-PURCHASEREQUISITION-000260,Three-Way Match Passed,2023-02-13T00:36:00Z,payment_run,APP-0000003938,USR-017,"[""PC-PURCHASEREQUISITION-000260"",""PC-CONTRACT-000260"",""PC-GOODSMOVEMENT-000260""]"
PC-PURCHASEREQUISITION-000282,Quality Inspection Started,2023-02-13T00:47:00Z,req_header,APP-0000003939,USR-126,"[""PC-PURCHASEREQUISITION-000282"",""PC-GOODSRECEIPT-000282"",""PC-COSTCENTER-000282""]"
PC-PURCHASEREQUISITION-000287,Goods Receipt Reversed,2023-02-13T03:50:00Z,accounting_header,APP-0000003950,USR-082,"[""PC-PURCHASEREQUISITION-000287"",""PC-ADVANCESHIPPINGNOTICE-000287"",""PC-PAYMENTPROPOSAL-000287""]"
PC-PURCHASEREQUISITION-000256,Invoice Unblocked,2023-02-13T06:35:00Z,inspection_lot,APP-0000003961,USR-079,"[""PC-PURCHASEREQUISITION-000256"",""PC-SCHEDULELINE-000256"",""PC-INVOICE-000256""]"
PC-PURCHASEREQUISITION-000258,Invoice Blocked,2023-02-13T06:36:00Z,goods_movement_header,APP-0000003962,USR-112,"[""PC-PURCHASEREQUISITION-000258"",""PC-PURCHASEORDERITEM-000258"",""PC-INSPECTIONLOT-000258""]"
PC-PURCHASEREQUISITION-000235,Goods Receipt Reversed,2023-02-13T11:14:00Z,accounting_header,APP-0000003976,USR-087,"[""PC-PURCHASEREQUISITION-000235"",""PC-ADVANCESHIPPINGNOTICE-000235"",""PC-PAYMENTPROPOSAL-000235""]"
PC-PURCHASEREQUISITION-000247,Payment Reversed,2023-02-13T15:32:00Z,inspection_lot,APP-0000003998,USR-059,"[""PC-PURCHASEREQUISITION-000247"",""PC-INSPECTIONLOT-000247"",""PC-REQUISITIONITEM-000247""]"
PC-PURCHASEREQUISITION-000289,Quality Inspection Started,2023-02-13T21:01:00Z,req_header,APP-0000004012,USR-118,"[""PC-PURCHASEREQUISITION-000289"",""PC-GOODSRECEIPT-000289"",""PC-COSTCENTER-000289""]"
PC-PURCHASEREQUISITION-000285,Stock Placed in Blocked Stock,2023-02-14T03:00:00Z,invoice_header,APP-0000004038,USR-053,"[""PC-PURCHASEREQUISITION-000285"",""PC-INVOICEITEM-000285"",""PC-SUPPLIERQUOTATION-000285""]"
PC-PURCHASEREQUISITION-000272,Invoice Changed,2023-02-14T06:47:00Z,accounting_header,APP-0000004064,USR-093,"[""PC-PURCHASEREQUISITION-000272"",""PC-SUPPLIERQUOTATION-000272"",""PC-ADVANCESHIPPINGNOTICE-000272""]"
PC-PURCHASEREQUISITION-000270,Three-Way Match Failed,2023-02-14T12:47:00Z,req_header,APP-0000004086,USR-061,"[""PC-PURCHASEREQUISITION-000270"",""PC-PURCHASEORDER-000270"",""PC-GOODSRECEIPT-000270""]"
PC-PURCHASEREQUISITION-000277,Invoice Posted,2023-02-14T15:51:00Z,invoice_header,APP-0000004097,USR-050,"[""PC-PURCHASEREQUISITION-000277"",""PC-RFQ-000277"",""PC-MATERIAL-000277""]"
PC-PURCHASEREQUISITION-000245,Goods Receipt Reversed,2023-02-14T17:14:00Z,accounting_header,APP-0000004100,USR-003,"[""PC-PURCHASEREQUISITION-000245"",""PC-ADVANCESHIPPINGNOTICE-000245"",""PC-PAYMENTPROPOSAL-000245""]"
PC-PURCHASEREQUISITION-000255,PO Item Final-Invoiced,2023-02-14T21:41:00Z,invoice_header,APP-0000004123,USR-069,"[""PC-PURCHASEREQUISITION-000255"",""PC-INVOICE-000255"",""PC-RFQ-000255""]"
PC-PURCHASEREQUISITION-000283,Invoice Parked,2023-02-15T03:03:00Z,inspection_lot,APP-0000004137,USR-024,"[""PC-PURCHASEREQUISITION-000283"",""PC-REQUISITIONITEM-000283"",""PC-SUPPLIER-000283""]"
PC-PURCHASEREQUISITION-000260,Payment Reversed,2023-02-15T06:45:00Z,inspection_lot,APP-0000004158,USR-026,"[""PC-PURCHASEREQUISITION-000260"",""PC-INSPECTIONLOT-000260"",""PC-REQUISITIONITEM-000260""]"
PC-PURCHASEREQUISITION-000250,Goods Receipt Reversed,2023-02-15T08:14:00Z,accounting_header,APP-0000004161,USR-088,"[""PC-PURCHASEREQUISITION-000250"",""PC-ADVANCESHIPPINGNOTICE-000250"",""PC-PAYMENTPROPOSAL-000250""]"
PC-PURCHASEREQUISITION-000270,Accounting Document Created,2023-02-15T12:51:00Z,accounting_header,APP-0000004184,USR-065,"[""PC-PURCHASEREQUISITION-000270"",""PC-MATERIAL-000270"",""PC-ACCOUNTINGDOCUMENT-000270""]"
PC-PURCHASEREQUISITION-000277,Invoice Blocked,2023-02-15T15:02:00Z,goods_movement_header,APP-0000004185,USR-054,"[""PC-PURCHASEREQUISITION-000277"",""PC-PURCHASEORDERITEM-000277"",""PC-INSPECTIONLOT-000277""]"
PC-PURCHASEREQUISITION-000299,Quality Inspection Failed,2023-02-15T15:13:00Z,inspection_lot,APP-0000004187,USR-036,"[""PC-PURCHASEREQUISITION-000299"",""PC-INVOICE-000299"",""PC-RFQ-000299""]"
PC-PURCHASEREQUISITION-000301,Quality Inspection Passed,2023-02-15T15:14:00Z,goods_movement_header,APP-0000004188,USR-069,"[""PC-PURCHASEREQUISITION-000301"",""PC-INSPECTIONLOT-000301"",""PC-REQUISITIONITEM-000301""]"
PC-PURCHASEREQUISITION-000255,Supplier Unblocked,2023-02-15T15:44:00Z,req_header,APP-0000004199,USR-072,"[""PC-PURCHASEREQUISITION-000255"",""PC-PAYMENTPROPOSAL-000255"",""PC-PURCHASEORDER-000255""]"
PC-PURCHASEREQUISITION-000265,Payment Executed,2023-02-15T15:49:00Z,goods_movement_header,APP-0000004202,USR-110,"[""PC-PURCHASEREQUISITION-000265"",""PC-GOODSRECEIPT-000265"",""PC-COSTCENTER-000265""]"
PC-PURCHASEREQUISITION-000255,Payment Reversed,2023-02-15T23:51:00Z,inspection_lot,APP-0000004228,USR-068,"[""PC-PURCHASEREQUISITION-000255"",""PC-INSPECTIONLOT-000255"",""PC-REQUISITIONITEM-000255""]"
PC-PURCHASEREQUISITION-000279,Invoice Unblocked,2023-02-16T03:05:00Z,inspection_lot,APP-0000004239,USR-089,"[""PC-PURCHASEREQUISITION-000279"",""PC-SCHEDULELINE-000279"",""PC-INVOICE-000279""]"
PC-PURCHASEREQUISITION-000294,Invoice Received,2023-02-16T06:13:00Z,goods_movement_header,APP-0000004252,USR-083,"[""PC-PURCHASEREQUISITION-000294"",""PC-COSTCENTER-000294"",""PC-SCHEDULELINE-000294""]"
PC-PURCHASEREQUISITION-000260,Payment Reversed,2023-02-16T14:51:00Z,inspection_lot,APP-0000004287,USR-026,"[""PC-PURCHASEREQUISITION-000260"",""PC-INSPECTIONLOT-000260"",""PC-REQUISITIONITEM-000260""]"
PC-PURCHASEREQUISITION-000277,Payment Proposal Created,2023-02-16T15:06:00Z,payment_run,APP-0000004289,USR-058,"[""PC-PURCHASEREQUISITION-000277"",""PC-ADVANCESHIPPINGNOTICE-000277"",""PC-PAYMENTPROPOSAL-000277""]"
PC-PURCHASEREQUISITION-000287,Three-Way Match Failed,2023-02-16T15:11:00Z,req_header,APP-0000004290,USR-096,"[""PC-PURCHASEREQUISITION-000287"",""PC-PURCHASEORDER-000287"",""PC-GOODSRECEIPT-000287""]"
PC-PURCHASEREQUISITION-000276,Payment Executed,2023-02-17T00:07:00Z,goods_movement_header,APP-0000004328,USR-043,"[""PC-PURCHASEREQUISITION-000276"",""PC-GOODSRECEIPT-000276"",""PC-COSTCENTER-000276""]"
PC-PURCHASEREQUISITION-000312,Quality Inspection Passed,2023-02-17T00:25:00Z,goods_movement_header,APP-0000004331,USR-002,"[""PC-PURCHASEREQUISITION-000312"",""PC-INSPECTIONLOT-000312"",""PC-REQUISITIONITEM-000312""]"
PC-PURCHASEREQUISITION-000279,Payment Proposal Approved,2023-02-17T03:09:00Z,req_header,APP-0000004345,USR-093,"[""PC-PURCHASEREQUISITION-000279"",""PC-GOODSMOVEMENT-000279"",""PC-PAYMENT-000279""]"
PC-PURCHASEREQUISITION-000265,Payment Reversed,2023-02-17T05:51:00Z,inspection_lot,APP-0000004355,USR-111,"[""PC-PURCHASEREQUISITION-000265"",""PC-INSPECTIONLOT-000265"",""PC-REQUISITIONITEM-000265""]"
PC-PURCHASEREQUISITION-000270,Goods Receipt Reversed,2023-02-17T20:14:00Z,accounting_header,APP-0000004412,USR-047,"[""PC-PURCHASEREQUISITION-000270"",""PC-ADVANCESHIPPINGNOTICE-000270"",""PC-PAYMENTPROPOSAL-000270""]"
PC-PURCHASEREQUISITION-000305,Invoice Changed,2023-02-18T09:27:00Z,accounting_header,APP-0000004472,USR-019,"[""PC-PURCHASEREQUISITION-000305"",""PC-SUPPLIERQUOTATION-000305"",""PC-ADVANCESHIPPINGNOTICE-000305""]"
PC-PURCHASEREQUISITION-000323,Quality Inspection Passed,2023-02-18T09:36:00Z,goods_movement_header,APP-0000004474,USR-062,"[""PC-PURCHASEREQUISITION-000323"",""PC-INSPECTIONLOT-000323"",""PC-REQUISITIONITEM-000323""]"
PC-PURCHASEREQUISITION-000286,Payment Reversed,2023-02-18T12:18:00Z,inspection_lot,APP-0000004491,USR-087,"[""PC-PURCHASEREQUISITION-000286"",""PC-INSPECTIONLOT-000286"",""PC-REQUISITIONITEM-000286""]"
PC-PURCHASEREQUISITION-000304,Three-Way Match Failed,2023-02-18T18:28:00Z,req_header,APP-0000004513,USR-004,"[""PC-PURCHASEREQUISITION-000304"",""PC-PURCHASEORDER-000304"",""PC-GOODSRECEIPT-000304""]"
PC-PURCHASEREQUISITION-000302,Invoice Unblocked,2023-02-19T00:28:00Z,inspection_lot,APP-0000004534,USR-099,"[""PC-PURCHASEREQUISITION-000302"",""PC-SCHEDULELINE-000302"",""PC-INVOICE-000302""]"
PC-PURCHASEREQUISITION-000312,Invoice Posted,2023-02-19T00:33:00Z,invoice_header,APP-0000004535,USR-010,"[""PC-PURCHASEREQUISITION-000312"",""PC-RFQ-000312"",""PC-MATERIAL-000312""]"
PC-PURCHASEREQUISITION-000280,Goods Receipt Reversed,2023-02-19T02:14:00Z,accounting_header,APP-0000004539,USR-090,"[""PC-PURCHASEREQUISITION-000280"",""PC-ADVANCESHIPPINGNOTICE-000280"",""PC-PAYMENTPROPOSAL-000280""]"
PC-PURCHASEREQUISITION-000301,Accounting Document Created,2023-02-19T09:29:00Z,accounting_header,APP-0000004574,USR-084,"[""PC-PURCHASEREQUISITION-000301"",""PC-MATERIAL-000301"",""PC-ACCOUNTINGDOCUMENT-000301""]"
PC-PURCHASEREQUISITION-000298,Payment Executed,2023-02-19T18:29:00Z,goods_movement_header,APP-0000004611,USR-036,"[""PC-PURCHASEREQUISITION-000298"",""PC-GOODSRECEIPT-000298"",""PC-COSTCENTER-000298""]"
PC-PURCHASEREQUISITION-000300,Payment Proposal Approved,2023-02-19T18:30:00Z,req_header,APP-0000004612,USR-069,"[""PC-PURCHASEREQUISITION-000300"",""PC-GOODSMOVEMENT-000300"",""PC-PAYMENT-000300""]"
PC-PURCHASEREQUISITION-000320,Invoice Parked,2023-02-19T18:40:00Z,inspection_lot,APP-0000004614,USR-018,"[""PC-PURCHASEREQUISITION-000320"",""PC-REQUISITIONITEM-000320"",""PC-SUPPLIER-000320""]"
PC-PURCHASEREQUISITION-000334,Quality Inspection Passed,2023-02-19T18:47:00Z,goods_movement_header,APP-0000004615,USR-122,"[""PC-PURCHASEREQUISITION-000334"",""PC-INSPECTIONLOT-000334"",""PC-REQUISITIONITEM-000334""]"
PC-PURCHASEREQUISITION-000319,Invoice Posted,2023-02-19T21:40:00Z,invoice_header,APP-0000004627,USR-002,"[""PC-PURCHASEREQUISITION-000319"",""PC-RFQ-000319"",""PC-MATERIAL-000319""]"
PC-PURCHASEREQUISITION-000327,Return to Supplier Posted,2023-02-19T21:44:00Z,payment_run,APP-0000004628,USR-007,"[""PC-PURCHASEREQUISITION-000327"",""PC-PAYMENTPROPOSAL-000327"",""PC-PURCHASEORDER-000327""]"
PC-PURCHASEREQUISITION-000345,Goods Receipt Posted,2023-02-20T03:01:00Z,invoice_header,APP-0000004639,USR-051,"[""PC-PURCHASEREQUISITION-000345"",""PC-MATERIAL-000345"",""PC-ACCOUNTINGDOCUMENT-000345""]"
PC-PURCHASEREQUISITION-000290,Payment Reversed,2023-02-20T08:51:00Z,inspection_lot,APP-0000004666,USR-028,"[""PC-PURCHASEREQUISITION-000290"",""PC-INSPECTIONLOT-000290"",""PC-REQUISITIONITEM-000290""]"
PC-PURCHASEREQUISITION-000315,Invoice Blocked,2023-02-20T09:40:00Z,goods_movement_header,APP-0000004676,USR-065,"[""PC-PURCHASEREQUISITION-000315"",""PC-PURCHASEORDERITEM-000315"",""PC-INSPECTIONLOT-000315""]"
PC-PURCHASEREQUISITION-000338,Quality Inspection Failed,2023-02-20T12:52:00Z,inspection_lot,APP-0000004687,USR-064,"[""PC-PURCHASEREQUISITION-000338"",""PC-INVOICE-000338"",""PC-RFQ-000338""]"
PC-PURCHASEREQUISITION-000307,Payment Proposal Approved,2023-02-20T15:37:00Z,req_header,APP-0000004697,USR-061,"[""PC-PURCHASEREQUISITION-000307"",""PC-GOODSMOVEMENT-000307"",""PC-PAYMENT-000307""]"
PC-PURCHASEREQUISITION-000314,Credit Memo Posted,2023-02-20T18:41:00Z,invoice_header,APP-0000004708,USR-050,"[""PC-PURCHASEREQUISITION-000314"",""PC-SUPPLIER-000314"",""PC-INVOICEITEM-000314""]"
PC-PURCHASEREQUISITION-000337,Stock Released from Blocked Stock,2023-02-20T21:00:00Z,accounting_header,APP-0000004710,USR-049,"[""PC-PURCHASEREQUISITION-000337"",""PC-ACCOUNTINGDOCUMENT-000337"",""PC-CONTRACT-000337""]"
PC-PURCHASEREQUISITION-000345,Quality Inspection Started,2023-02-20T21:04:00Z,req_header,APP-0000004711,USR-054,"[""PC-PURCHASEREQUISITION-000345"",""PC-GOODSRECEIPT-000345"",""PC-COSTCENTER-000345""]"
PC-PURCHASEREQUISITION-000321,Three-Way Match Failed,2023-02-20T21:45:00Z,req_header,APP-0000004723,USR-039,"[""PC-PURCHASEREQUISITION-000321"",""PC-PURCHASEORDER-000321"",""PC-GOODSRECEIPT-000321""]"
PC-PURCHASEREQUISITION-000295,Goods Receipt Reversed,2023-02-20T23:14:00Z,accounting_header,APP-0000004726,USR-091,"[""PC-PURCHASEREQUISITION-000295"",""PC-ADVANCESHIPPINGNOTICE-000295"",""PC-PAYMENTPROPOSAL-000295""]"
PC-PURCHASEREQUISITION-000314,Payment Proposal Approved,2023-02-21T12:44:00Z,req_header,APP-0000004787,USR-053,"[""PC-PURCHASEREQUISITION-000314"",""PC-GOODSMOVEMENT-000314"",""PC-PAYMENT-000314""]"
PC-PURCHASEREQUISITION-000300,Goods Receipt Reversed,2023-02-21T14:14:00Z,accounting_header,APP-0000004790,USR-049,"[""PC-PURCHASEREQUISITION-000300"",""PC-ADVANCESHIPPINGNOTICE-000300"",""PC-PAYMENTPROPOSAL-000300""]"
PC-PURCHASEREQUISITION-000333,Invoice Posted,2023-02-21T15:01:00Z,invoice_header,APP-0000004792,USR-113,"[""PC-PURCHASEREQUISITION-000333"",""PC-RFQ-000333"",""PC-MATERIAL-000333""]"
PC-PURCHASEREQUISITION-000352,Quality Inspection Started,2023-02-21T18:11:00Z,req_header,APP-0000004805,USR-046,"[""PC-PURCHASEREQUISITION-000352"",""PC-GOODSRECEIPT-000352"",""PC-COSTCENTER-000352""]"
PC-PURCHASEREQUISITION-000305,Payment Reversed,2023-02-22T05:51:00Z,inspection_lot,APP-0000004852,USR-029,"[""PC-PURCHASEREQUISITION-000305"",""PC-INSPECTIONLOT-000305"",""PC-REQUISITIONITEM-000305""]"
PC-PURCHASEREQUISITION-000344,PO Item Delivery Completed,2023-02-22T06:09:00Z,req_header,APP-0000004853,USR-043,"[""PC-PURCHASEREQUISITION-000344"",""PC-PAYMENT-000344"",""PC-PURCHASEORDERITEM-000344""]"
PC-PURCHASEREQUISITION-000338,Invoice Changed,2023-02-22T12:07:00Z,accounting_header,APP-0000004875,USR-072,"[""PC-PURCHASEREQUISITION-000338"",""PC-SUPPLIERQUOTATION-000338"",""PC-ADVANCESHIPPINGNOTICE-000338""]"
PC-PURCHASEREQUISITION-000310,Goods Receipt Reversed,2023-02-22T20:14:00Z,accounting_header,APP-0000004917,USR-092,"[""PC-PURCHASEREQUISITION-000310"",""PC-ADVANCESHIPPINGNOTICE-000310"",""PC-PAYMENTPROPOSAL-000310""]"
PC-PURCHASEREQUISITION-000313,Supplier Unblocked,2023-02-22T21:49:00Z,req_header,APP-0000004928,USR-042,"[""PC-PURCHASEREQUISITION-000313"",""PC-PAYMENTPROPOSAL-000313"",""PC-PURCHASEORDER-000313""]"
PC-PURCHASEREQUISITION-000328,Payment Proposal Approved,2023-02-23T06:05:00Z,req_header,APP-0000004952,USR-037,"[""PC-PURCHASEREQUISITION-000328"",""PC-GOODSMOVEMENT-000328"",""PC-PAYMENT-000328""]"
PC-PURCHASEREQUISITION-000347,Invoice Posted,2023-02-23T09:15:00Z,invoice_header,APP-0000004967,USR-097,"[""PC-PURCHASEREQUISITION-000347"",""PC-RFQ-000347"",""PC-MATERIAL-000347""]"
PC-PURCHASEREQUISITION-000315,Payment Reversed,2023-02-23T11:51:00Z,inspection_lot,APP-0000004978,USR-072,"[""PC-PURCHASEREQUISITION-000315"",""PC-INSPECTIONLOT-000315"",""PC-REQUISITIONITEM-000315""]"
PC-PURCHASEREQUISITION-000323,Supplier Blocked,2023-02-23T21:05:00Z,payment_run,APP-0000005018,USR-084,"[""PC-PURCHASEREQUISITION-000323"",""PC-ACCOUNTINGDOCUMENT-000323"",""PC-CONTRACT-000323""]"
PC-PURCHASEREQUISITION-000349,Invoice Changed,2023-02-23T21:18:00Z,accounting_header,APP-0000005021,USR-005,"[""PC-PURCHASEREQUISITION-000349"",""PC-SUPPLIERQUOTATION-000349"",""PC-ADVANCESHIPPINGNOTICE-000349""]"
PC-PURCHASEREQUISITION-000320,Goods Receipt Reversed,2023-02-24T02:14:00Z,accounting_header,APP-0000005041,USR-008,"[""PC-PURCHASEREQUISITION-000320"",""PC-ADVANCESHIPPINGNOTICE-000320"",""PC-PAYMENTPROPOSAL-000320""]"
PC-PURCHASEREQUISITION-000357,Invoice Parked,2023-02-24T09:24:00Z,inspection_lot,APP-0000005075,USR-012,"[""PC-PURCHASEREQUISITION-000357"",""PC-REQUISITIONITEM-000357"",""PC-SUPPLIER-000357""]"
PC-PURCHASEREQUISITION-000325,Goods Receipt Reversed,2023-02-24T17:14:00Z,accounting_header,APP-0000005103,USR-093,"[""PC-PURCHASEREQUISITION-000325"",""PC-ADVANCESHIPPINGNOTICE-000325"",""PC-PAYMENTPROPOSAL-000325""]"
PC-PURCHASEREQUISITION-000370,Stock Placed in Blocked Stock,2023-02-24T18:32:00Z,invoice_header,APP-0000005115,USR-101,"[""PC-PURCHASEREQUISITION-000370"",""PC-INVOICEITEM-000370"",""PC-SUPPLIERQUOTATION-000370""]"
PC-PURCHASEREQUISITION-000380,Goods Receipt Reversed,2023-02-24T18:37:00Z,accounting_header,APP-0000005116,USR-012,"[""PC-PURCHASEREQUISITION-000380"",""PC-ADVANCESHIPPINGNOTICE-000380"",""PC-PAYMENTPROPOSAL-000380""]"
PC-PURCHASEREQUISITION-000355,Three-Way Match Failed,2023-02-25T03:26:00Z,req_header,APP-0000005148,USR-109,"[""PC-PURCHASEREQUISITION-000355"",""PC-PURCHASEORDER-000355"",""PC-GOODSRECEIPT-000355""]"
PC-PURCHASEREQUISITION-000342,Payment Executed,2023-02-25T06:20:00Z,goods_movement_header,APP-0000005160,USR-022,"[""PC-PURCHASEREQUISITION-000342"",""PC-GOODSRECEIPT-000342"",""PC-COSTCENTER-000342""]"
PC-PURCHASEREQUISITION-000377,Quality Inspection Failed,2023-02-25T09:38:00Z,inspection_lot,APP-0000005179,USR-092,"[""PC-PURCHASEREQUISITION-000377"",""PC-INVOICE-000377"",""PC-RFQ-000377""]"
PC-PURCHASEREQUISITION-000340,PO Item Final-Invoiced,2023-02-25T12:20:00Z,invoice_header,APP-0000005191,USR-117,"[""PC-PURCHASEREQUISITION-000340"",""PC-INVOICE-000340"",""PC-RFQ-000340""]"
PC-PURCHASEREQUISITION-000373,PO Item Delivery Completed,2023-02-25T21:38:00Z,req_header,APP-0000005225,USR-028,"[""PC-PURCHASEREQUISITION-000373"",""PC-PAYMENT-000373"",""PC-PURCHASEORDERITEM-000373""]"
PC-PURCHASEREQUISITION-000335,Goods Receipt Reversed,2023-02-25T23:14:00Z,accounting_header,APP-0000005228,USR-009,"[""PC-PURCHASEREQUISITION-000335"",""PC-ADVANCESHIPPINGNOTICE-000335"",""PC-PAYMENTPROPOSAL-000335""]"
PC-PURCHASEREQUISITION-000387,Quality Inspection Started,2023-02-26T03:46:00Z,req_header,APP-0000005252,USR-006,"[""PC-PURCHASEREQUISITION-000387"",""PC-GOODSRECEIPT-000387"",""PC-COSTCENTER-000387""]"
PC-PURCHASEREQUISITION-000342,Supplier Unblocked,2023-02-26T12:25:00Z,req_header,APP-0000005284,USR-027,"[""PC-PURCHASEREQUISITION-000342"",""PC-PAYMENTPROPOSAL-000342"",""PC-PURCHASEORDER-000342""]"
PC-PURCHASEREQUISITION-000340,Goods Receipt Reversed,2023-02-26T14:14:00Z,accounting_header,APP-0000005289,USR-094,"[""PC-PURCHASEREQUISITION-000340"",""PC-ADVANCESHIPPINGNOTICE-000340"",""PC-PAYMENTPROPOSAL-000340""]"
PC-PURCHASEREQUISITION-000353,Payment Executed,2023-02-26T15:31:00Z,goods_movement_header,APP-0000005304,USR-082,"[""PC-PURCHASEREQUISITION-000353"",""PC-GOODSRECEIPT-000353"",""PC-COSTCENTER-000353""]"
PC-PURCHASEREQUISITION-000389,Quality Inspection Passed,2023-02-26T15:49:00Z,goods_movement_header,APP-0000005306,USR-041,"[""PC-PURCHASEREQUISITION-000389"",""PC-INSPECTIONLOT-000389"",""PC-REQUISITIONITEM-000389""]"
PC-PURCHASEREQUISITION-000387,Stock Placed in Blocked Stock,2023-02-26T21:49:00Z,invoice_header,APP-0000005328,USR-009,"[""PC-PURCHASEREQUISITION-000387"",""PC-INVOICEITEM-000387"",""PC-SUPPLIERQUOTATION-000387""]"
PC-PURCHASEREQUISITION-000350,Purchase Order Closed,2023-02-27T00:31:00Z,accounting_header,APP-0000005339,USR-034,"[""PC-PURCHASEREQUISITION-000350"",""PC-INVOICEITEM-000350"",""PC-SUPPLIERQUOTATION-000350""]"
PC-PURCHASEREQUISITION-000390,Quality Inspection Failed,2023-02-27T00:51:00Z,inspection_lot,APP-0000005340,USR-059,"[""PC-PURCHASEREQUISITION-000390"",""PC-INVOICE-000390"",""PC-RFQ-000390""]"
PC-PURCHASEREQUISITION-000345,Payment Reversed,2023-02-27T05:51:00Z,inspection_lot,APP-0000005355,USR-074,"[""PC-PURCHASEREQUISITION-000345"",""PC-INSPECTIONLOT-000345"",""PC-REQUISITIONITEM-000345""]"
PC-PURCHASEREQUISITION-000363,Payment Proposal Approved,2023-02-27T15:40:00Z,req_header,APP-0000005400,USR-124,"[""PC-PURCHASEREQUISITION-000363"",""PC-GOODSMOVEMENT-000363"",""PC-PAYMENT-000363""]"
PC-PURCHASEREQUISITION-000377,Three-Way Match Passed,2023-02-27T15:47:00Z,payment_run,APP-0000005402,USR-101,"[""PC-PURCHASEREQUISITION-000377"",""PC-CONTRACT-000377"",""PC-GOODSMOVEMENT-000377""]"
PC-PURCHASEREQUISITION-000387,Invoice Received,2023-02-27T21:00:00Z,goods_movement_header,APP-0000005417,USR-013,"[""PC-PURCHASEREQUISITION-000387"",""PC-COSTCENTER-000387"",""PC-SCHEDULELINE-000387""]"
PC-PURCHASEREQUISITION-000401,Quality Inspection Started,2023-02-27T21:07:00Z,req_header,APP-0000005418,USR-117,"[""PC-PURCHASEREQUISITION-000401"",""PC-GOODSRECEIPT-000401"",""PC-COSTCENTER-000401""]"
PC-PURCHASEREQUISITION-000400,Quality Inspection Passed,2023-02-28T00:07:00Z,goods_movement_header,APP-0000005429,USR-101,"[""PC-PURCHASEREQUISITION-000400"",""PC-INSPECTIONLOT-000400"",""PC-REQUISITIONITEM-000400""]"
PC-PURCHASEREQUISITION-000364,Payment Executed,2023-02-28T00:42:00Z,goods_movement_header,APP-0000005443,USR-015,"[""PC-PURCHASEREQUISITION-000364"",""PC-GOODSRECEIPT-000364"",""PC-COSTCENTER-000364""]"
PC-PURCHASEREQUISITION-000355,Goods Receipt Reversed,2023-02-28T11:14:00Z,accounting_header,APP-0000005478,USR-095,"[""PC-PURCHASEREQUISITION-000355"",""PC-ADVANCESHIPPINGNOTICE-000355"",""PC-PAYMENTPROPOSAL-000355""]"
PC-PURCHASEREQUISITION-000370,Payment Proposal Approved,2023-02-28T12:47:00Z,req_header,APP-0000005491,USR-116,"[""PC-PURCHASEREQUISITION-000370"",""PC-GOODSMOVEMENT-000370"",""PC-PAYMENT-000370""]"
PC-PURCHASEREQUISITION-000411,Goods Receipt Reversed,2023-02-28T15:15:00Z,accounting_header,APP-0000005494,USR-031,"[""PC-PURCHASEREQUISITION-000411"",""PC-ADVANCESHIPPINGNOTICE-000411"",""PC-PAYMENTPROPOSAL-000411""]"
PC-PURCHASEREQUISITION-000408,Quality Inspection Started,2023-02-28T18:14:00Z,req_header,APP-0000005505,USR-109,"[""PC-PURCHASEREQUISITION-000408"",""PC-GOODSRECEIPT-000408"",""PC-COSTCENTER-000408""]"
PC-PURCHASEREQUISITION-000404,Stock Placed in Blocked Stock,2023-03-01T00:13:00Z,invoice_header,APP-0000005527,USR-044,"[""PC-PURCHASEREQUISITION-000404"",""PC-INVOICEITEM-000404"",""PC-SUPPLIERQUOTATION-000404""]"
PC-PURCHASEREQUISITION-000360,Goods Receipt Reversed,2023-03-01T02:14:00Z,accounting_header,APP-0000005542,USR-053,"[""PC-PURCHASEREQUISITION-000360"",""PC-ADVANCESHIPPINGNOTICE-000360"",""PC-PAYMENTPROPOSAL-000360""]"
PC-PURCHASEREQUISITION-000390,Three-Way Match Passed,2023-03-01T06:07:00Z,payment_run,APP-0000005553,USR-068,"[""PC-PURCHASEREQUISITION-000390"",""PC-CONTRACT-000390"",""PC-GOODSMOVEMENT-000390""]"
PC-PURCHASEREQUISITION-000375,Payment Executed,2023-03-01T09:00:00Z,goods_movement_header,APP-0000005563,USR-075,"[""PC-PURCHASEREQUISITION-000375"",""PC-GOODSRECEIPT-000375"",""PC-COSTCENTER-000375""]"
PC-PURCHASEREQUISITION-000365,Payment Reversed,2023-03-01T17:51:00Z,inspection_lot,APP-0000005608,USR-033,"[""PC-PURCHASEREQUISITION-000365"",""PC-INSPECTIONLOT-000365"",""PC-REQUISITIONITEM-000365""]"
PC-PURCHASEREQUISITION-000377,Payment Reversed,2023-03-01T21:03:00Z,inspection_lot,APP-0000005621,USR-110,"[""PC-PURCHASEREQUISITION-000377"",""PC-INSPECTIONLOT-000377"",""PC-REQUISITIONITEM-000377""]"
PC-PURCHASEREQUISITION-000416,Quality Inspection Failed,2023-03-02T06:24:00Z,inspection_lot,APP-0000005656,USR-120,"[""PC-PURCHASEREQUISITION-000416"",""PC-INVOICE-000416"",""PC-RFQ-000416""]"
PC-PURCHASEREQUISITION-000403,Invoice Posted,2023-03-02T09:18:00Z,invoice_header,APP-0000005672,USR-033,"[""PC-PURCHASEREQUISITION-000403"",""PC-RFQ-000403"",""PC-MATERIAL-000403""]"
PC-PURCHASEREQUISITION-000388,Payment Proposal Created,2023-03-02T12:11:00Z,payment_run,APP-0000005685,USR-040,"[""PC-PURCHASEREQUISITION-000388"",""PC-ADVANCESHIPPINGNOTICE-000388"",""PC-PAYMENTPROPOSAL-000388""]"
PC-PURCHASEREQUISITION-000394,Invoice Unblocked,2023-03-02T12:14:00Z,inspection_lot,APP-0000005686,USR-012,"[""PC-PURCHASEREQUISITION-000394"",""PC-SCHEDULELINE-000394"",""PC-INVOICE-000394""]"
PC-PURCHASEREQUISITION-000386,Payment Executed,2023-03-02T18:11:00Z,goods_movement_header,APP-0000005710,USR-008,"[""PC-PURCHASEREQUISITION-000386"",""PC-GOODSRECEIPT-000386"",""PC-COSTCENTER-000386""]"
PC-PURCHASEREQUISITION-000422,Quality Inspection Passed,2023-03-02T18:29:00Z,goods_movement_header,APP-0000005712,USR-094,"[""PC-PURCHASEREQUISITION-000422"",""PC-INSPECTIONLOT-000422"",""PC-REQUISITIONITEM-000422""]"
PC-PURCHASEREQUISITION-000375,Payment Reversed,2023-03-02T23:51:00Z,inspection_lot,APP-0000005733,USR-076,"[""PC-PURCHASEREQUISITION-000375"",""PC-INSPECTIONLOT-000375"",""PC-REQUISITIONITEM-000375""]"
PC-PURCHASEREQUISITION-000421,Stock Placed in Blocked Stock,2023-03-03T03:30:00Z,invoice_header,APP-0000005754,USR-079,"[""PC-PURCHASEREQUISITION-000421"",""PC-INVOICEITEM-000421"",""PC-SUPPLIERQUOTATION-000421""]"
PC-PURCHASEREQUISITION-000410,Invoice Posted,2023-03-03T06:25:00Z,invoice_header,APP-0000005765,USR-025,"[""PC-PURCHASEREQUISITION-000410"",""PC-RFQ-000410"",""PC-MATERIAL-000410""]"
PC-PURCHASEREQUISITION-000419,Return to Supplier Posted,2023-03-03T09:30:00Z,payment_run,APP-0000005776,USR-047,"[""PC-PURCHASEREQUISITION-000419"",""PC-PAYMENTPROPOSAL-000419"",""PC-PURCHASEORDER-000419""]"
PC-PURCHASEREQUISITION-000390,Payment Reversed,2023-03-03T12:16:00Z,inspection_lot,APP-0000005788,USR-077,"[""PC-PURCHASEREQUISITION-000390"",""PC-INSPECTIONLOT-000390"",""PC-REQUISITIONITEM-000390""]"
PC-PURCHASEREQUISITION-000406,Three-Way Match Failed,2023-03-03T12:24:00Z,req_header,APP-0000005789,USR-087,"[""PC-PURCHASEREQUISITION-000406"",""PC-PURCHASEORDER-000406"",""PC-GOODSRECEIPT-000406""]"
PC-PURCHASEREQUISITION-000401,Credit Memo Posted,2023-03-03T15:22:00Z,invoice_header,APP-0000005805,USR-005,"[""PC-PURCHASEREQUISITION-000401"",""PC-SUPPLIER-000401"",""PC-INVOICEITEM-000401""]"
PC-PURCHASEREQUISITION-000388,Purchase Order Closed,2023-03-03T18:16:00Z,accounting_header,APP-0000005815,USR-045,"[""PC-PURCHASEREQUISITION-000388"",""PC-INVOICEITEM-000388"",""PC-SUPPLIERQUOTATION-000388""]"
PC-PURCHASEREQUISITION-000418,Invoice Received,2023-03-03T18:31:00Z,goods_movement_header,APP-0000005816,USR-032,"[""PC-PURCHASEREQUISITION-000418"",""PC-COSTCENTER-000418"",""PC-SCHEDULELINE-000418""]"
PC-PURCHASEREQUISITION-000429,Quality Inspection Failed,2023-03-03T21:37:00Z,inspection_lot,APP-0000005827,USR-087,"[""PC-PURCHASEREQUISITION-000429"",""PC-INVOICE-000429"",""PC-RFQ-000429""]"
PC-PURCHASEREQUISITION-000415,Invoice Changed,2023-03-04T03:31:00Z,accounting_header,APP-0000005849,USR-111,"[""PC-PURCHASEREQUISITION-000415"",""PC-SUPPLIERQUOTATION-000415"",""PC-ADVANCESHIPPINGNOTICE-000415""]"
PC-PURCHASEREQUISITION-000417,Invoice Posted,2023-03-04T03:32:00Z,invoice_header,APP-0000005850,USR-017,"[""PC-PURCHASEREQUISITION-000417"",""PC-RFQ-000417"",""PC-MATERIAL-000417""]"
PC-PURCHASEREQUISITION-000437,Partial Receipt Posted,2023-03-04T03:42:00Z,payment_run,APP-0000005852,USR-093,"[""PC-PURCHASEREQUISITION-000437"",""PC-GOODSMOVEMENT-000437"",""PC-PAYMENT-000437""]"
PC-PURCHASEREQUISITION-000385,Payment Reversed,2023-03-04T05:51:00Z,inspection_lot,APP-0000005857,USR-119,"[""PC-PURCHASEREQUISITION-000385"",""PC-INSPECTIONLOT-000385"",""PC-REQUISITIONITEM-000385""]"
PC-PURCHASEREQUISITION-000410,Invoice Blocked,2023-03-04T06:29:00Z,goods_movement_header,APP-0000005868,USR-029,"[""PC-PURCHASEREQUISITION-000410"",""PC-PURCHASEORDERITEM-000410"",""PC-INSPECTIONLOT-000410""]"
PC-PURCHASEREQUISITION-000436,Quality Inspection Started,2023-03-04T06:42:00Z,req_header,APP-0000005869,USR-077,"[""PC-PURCHASEREQUISITION-000436"",""PC-GOODSRECEIPT-000436"",""PC-COSTCENTER-000436""]"
PC-PURCHASEREQUISITION-000416,Three-Way Match Passed,2023-03-04T12:33:00Z,payment_run,APP-0000005894,USR-002,"[""PC-PURCHASEREQUISITION-000416"",""PC-CONTRACT-000416"",""PC-GOODSMOVEMENT-000416""]"
PC-PURCHASEREQUISITION-000432,Stock Released from Blocked Stock,2023-03-04T18:42:00Z,accounting_header,APP-0000005914,USR-013,"[""PC-PURCHASEREQUISITION-000432"",""PC-ACCOUNTINGDOCUMENT-000432"",""PC-CONTRACT-000432""]"
PC-PURCHASEREQUISITION-000390,Payment Reversed,2023-03-04T20:51:00Z,inspection_lot,APP-0000005918,USR-077,"[""PC-PURCHASEREQUISITION-000390"",""PC-INSPECTIONLOT-000390"",""PC-REQUISITIONITEM-000390""]"
PC-PURCHASEREQUISITION-000405,Payment Proposal Approved,2023-03-04T21:29:00Z,req_header,APP-0000005930,USR-076,"[""PC-PURCHASEREQUISITION-000405"",""PC-GOODSMOVEMENT-000405"",""PC-PAYMENT-000405""]"
PC-PURCHASEREQUISITION-000443,Quality Inspection Started,2023-03-05T03:49:00Z,req_header,APP-0000005953,USR-069,"[""PC-PURCHASEREQUISITION-000443"",""PC-GOODSRECEIPT-000443"",""PC-COSTCENTER-000443""]"
PC-PURCHASEREQUISITION-000438,Stock Placed in Blocked Stock,2023-03-05T06:47:00Z,invoice_header,APP-0000005966,USR-114,"[""PC-PURCHASEREQUISITION-000438"",""PC-INVOICEITEM-000438"",""PC-SUPPLIERQUOTATION-000438""]"
PC-PURCHASEREQUISITION-000417,Invoice Unblocked,2023-03-05T09:37:00Z,inspection_lot,APP-0000005977,USR-022,"[""PC-PURCHASEREQUISITION-000417"",""PC-SCHEDULELINE-000417"",""PC-INVOICE-000417""]"
PC-PURCHASEREQUISITION-000395,Payment Reversed,2023-03-05T11:51:00Z,inspection_lot,APP-0000005981,USR-035,"[""PC-PURCHASEREQUISITION-000395"",""PC-INSPECTIONLOT-000395"",""PC-REQUISITIONITEM-000395""]"
PC-PURCHASEREQUISITION-000408,Payment Executed,2023-03-05T12:33:00Z,goods_movement_header,APP-0000005993,USR-001,"[""PC-PURCHASEREQUISITION-000408"",""PC-GOODSRECEIPT-000408"",""PC-COSTCENTER-000408""]"
PC-PURCHASEREQUISITION-000431,Invoice Parked,2023-03-05T15:45:00Z,inspection_lot,APP-0000006007,USR-127,"[""PC-PURCHASEREQUISITION-000431"",""PC-REQUISITIONITEM-000431"",""PC-SUPPLIER-000431""]"
PC-PURCHASEREQUISITION-000400,Supplier Unblocked,2023-03-05T18:30:00Z,req_header,APP-0000006016,USR-124,"[""PC-PURCHASEREQUISITION-000400"",""PC-PAYMENTPROPOSAL-000400"",""PC-PURCHASEORDER-000400""]"
PC-PURCHASEREQUISITION-000412,Payment Proposal Approved,2023-03-05T18:36:00Z,req_header,APP-0000006019,USR-068,"[""PC-PURCHASEREQUISITION-000412"",""PC-GOODSMOVEMENT-000412"",""PC-PAYMENT-000412""]"
PC-PURCHASEREQUISITION-000450,Quality Inspection Started,2023-03-06T00:03:00Z,req_header,APP-0000006031,USR-061,"[""PC-PURCHASEREQUISITION-000450"",""PC-GOODSRECEIPT-000450"",""PC-COSTCENTER-000450""]"
PC-PURCHASEREQUISITION-000400,Payment Reversed,2023-03-06T02:51:00Z,inspection_lot,APP-0000006045,USR-120,"[""PC-PURCHASEREQUISITION-000400"",""PC-INSPECTIONLOT-000400"",""PC-REQUISITIONITEM-000400""]"
PC-PURCHASEREQUISITION-000429,Three-Way Match Passed,2023-03-06T03:46:00Z,payment_run,APP-0000006057,USR-096,"[""PC-PURCHASEREQUISITION-000429"",""PC-CONTRACT-000429"",""PC-GOODSMOVEMENT-000429""]"
PC-PURCHASEREQUISITION-000419,Payment Proposal Approved,2023-03-06T15:43:00Z,req_header,APP-0000006099,USR-060,"[""PC-PURCHASEREQUISITION-000419"",""PC-GOODSMOVEMENT-000419"",""PC-PAYMENT-000419""]"
PC-PURCHASEREQUISITION-000416,Payment Reversed,2023-03-06T18:42:00Z,inspection_lot,APP-0000006115,USR-011,"[""PC-PURCHASEREQUISITION-000416"",""PC-INSPECTIONLOT-000416"",""PC-REQUISITIONITEM-000416""]"
PC-PURCHASEREQUISITION-000451,Stock Released from Blocked Stock,2023-03-07T03:08:00Z,accounting_header,APP-0000006143,USR-082,"[""PC-PURCHASEREQUISITION-000451"",""PC-ACCOUNTINGDOCUMENT-000451"",""PC-CONTRACT-000451""]"
PC-PURCHASEREQUISITION-000455,Quality Inspection Failed,2023-03-07T03:10:00Z,inspection_lot,APP-0000006144,USR-021,"[""PC-PURCHASEREQUISITION-000455"",""PC-INVOICE-000455"",""PC-RFQ-000455""]"
PC-PURCHASEREQUISITION-000425,Payment Proposal Created,2023-03-07T03:48:00Z,payment_run,APP-0000006156,USR-034,"[""PC-PURCHASEREQUISITION-000425"",""PC-ADVANCESHIPPINGNOTICE-000425"",""PC-PAYMENTPROPOSAL-000425""]"
PC-PURCHASEREQUISITION-000410,Payment Reversed,2023-03-07T08:51:00Z,inspection_lot,APP-0000006171,USR-036,"[""PC-PURCHASEREQUISITION-000410"",""PC-INSPECTIONLOT-000410"",""PC-REQUISITIONITEM-000410""]"
PC-PURCHASEREQUISITION-000445,Invoice Posted,2023-03-07T15:07:00Z,invoice_header,APP-0000006194,USR-112,"[""PC-PURCHASEREQUISITION-000445"",""PC-RFQ-000445"",""PC-MATERIAL-000445""]"
PC-PURCHASEREQUISITION-000415,Payment Reversed,2023-03-07T23:51:00Z,inspection_lot,APP-0000006231,USR-121,"[""PC-PURCHASEREQUISITION-000415"",""PC-INSPECTIONLOT-000415"",""PC-REQUISITIONITEM-000415""]"
PC-PURCHASEREQUISITION-000425,PO Item Final-Invoiced,2023-03-08T03:52:00Z,invoice_header,APP-0000006255,USR-038,"[""PC-PURCHASEREQUISITION-000425"",""PC-INVOICE-000425"",""PC-RFQ-000425""]"
PC-PURCHASEREQUISITION-000440,Invoice Unblocked,2023-03-08T06:07:00Z,inspection_lot,APP-0000006257,USR-032,"[""PC-PURCHASEREQUISITION-000440"",""PC-SCHEDULELINE-000440"",""PC-INVOICE-000440""]"
PC-PURCHASEREQUISITION-000448,Invoice Changed,2023-03-08T06:11:00Z,accounting_header,APP-0000006258,USR-037,"[""PC-PURCHASEREQUISITION-000448"",""PC-SUPPLIERQUOTATION-000448"",""PC-ADVANCESHIPPINGNOTICE-000448""]"
PC-PURCHASEREQUISITION-000466,Quality Inspection Passed,2023-03-08T06:20:00Z,goods_movement_header,APP-0000006259,USR-080,"[""PC-PURCHASEREQUISITION-000466"",""PC-INSPECTIONLOT-000466"",""PC-REQUISITIONITEM-000466""]"
PC-PURCHASEREQUISITION-000429,Payment Reversed,2023-03-08T09:02:00Z,inspection_lot,APP-0000006271,USR-105,"[""PC-PURCHASEREQUISITION-000429"",""PC-INSPECTIONLOT-000429"",""PC-REQUISITIONITEM-000429""]"
PC-PURCHASEREQUISITION-000433,Payment Proposal Approved,2023-03-08T09:04:00Z,req_header,APP-0000006272,USR-044,"[""PC-PURCHASEREQUISITION-000433"",""PC-GOODSMOVEMENT-000433"",""PC-PAYMENT-000433""]"
PC-PURCHASEREQUISITION-000452,Invoice Posted,2023-03-08T12:14:00Z,invoice_header,APP-0000006285,USR-104,"[""PC-PURCHASEREQUISITION-000452"",""PC-RFQ-000452"",""PC-MATERIAL-000452""]"
PC-PURCHASEREQUISITION-000474,Partial Receipt Posted,2023-03-08T18:26:00Z,payment_run,APP-0000006313,USR-087,"[""PC-PURCHASEREQUISITION-000474"",""PC-GOODSMOVEMENT-000474"",""PC-PAYMENT-000474""]"
PC-PURCHASEREQUISITION-000425,Goods Receipt Reversed,2023-03-09T05:14:00Z,accounting_header,APP-0000006357,USR-015,"[""PC-PURCHASEREQUISITION-000425"",""PC-ADVANCESHIPPINGNOTICE-000425"",""PC-PAYMENTPROPOSAL-000425""]"
PC-PURCHASEREQUISITION-000440,Payment Proposal Approved,2023-03-09T06:11:00Z,req_header,APP-0000006366,USR-036,"[""PC-PURCHASEREQUISITION-000440"",""PC-GOODSMOVEMENT-000440"",""PC-PAYMENT-000440""]"
PC-PURCHASEREQUISITION-000429,Supplier Unblocked,2023-03-09T09:06:00Z,req_header,APP-0000006374,USR-109,"[""PC-PURCHASEREQUISITION-000429"",""PC-PAYMENTPROPOSAL-000429"",""PC-PURCHASEORDER-000429""]"
PC-PURCHASEREQUISITION-000470,Stock Released from Blocked Stock,2023-03-09T12:27:00Z,accounting_header,APP-0000006389,USR-024,"[""PC-PURCHASEREQUISITION-000470"",""PC-ACCOUNTINGDOCUMENT-000470"",""PC-CONTRACT-000470""]"
PC-PURCHASEREQUISITION-000472,Stock Placed in Blocked Stock,2023-03-09T12:28:00Z,invoice_header,APP-0000006390,USR-057,"[""PC-PURCHASEREQUISITION-000472"",""PC-INVOICEITEM-000472"",""PC-SUPPLIERQUOTATION-000472""]"
PC-PURCHASEREQUISITION-000459,Invoice Changed,2023-03-09T15:22:00Z,accounting_header,APP-0000006402,USR-097,"[""PC-PURCHASEREQUISITION-000459"",""PC-SUPPLIERQUOTATION-000459"",""PC-ADVANCESHIPPINGNOTICE-000459""]"
PC-PURCHASEREQUISITION-000477,Quality Inspection Passed,2023-03-09T15:31:00Z,goods_movement_header,APP-0000006403,USR-013,"[""PC-PURCHASEREQUISITION-000477"",""PC-INSPECTIONLOT-000477"",""PC-REQUISITIONITEM-000477""]"
PC-PURCHASEREQUISITION-000457,Three-Way Match Failed,2023-03-09T21:22:00Z,req_header,APP-0000006432,USR-065,"[""PC-PURCHASEREQUISITION-000457"",""PC-PURCHASEORDER-000457"",""PC-GOODSRECEIPT-000457""]"
PC-PURCHASEREQUISITION-000442,PO Item Final-Invoiced,2023-03-10T06:16:00Z,invoice_header,APP-0000006465,USR-073,"[""PC-PURCHASEREQUISITION-000442"",""PC-INVOICE-000442"",""PC-RFQ-000442""]"
PC-PURCHASEREQUISITION-000481,Quality Inspection Failed,2023-03-10T09:36:00Z,inspection_lot,APP-0000006478,USR-082,"[""PC-PURCHASEREQUISITION-000481"",""PC-INVOICE-000481"",""PC-RFQ-000481""]"
PC-PURCHASEREQUISITION-000435,Goods Receipt Reversed,2023-03-10T11:14:00Z,accounting_header,APP-0000006482,USR-058,"[""PC-PURCHASEREQUISITION-000435"",""PC-ADVANCESHIPPINGNOTICE-000435"",""PC-PAYMENTPROPOSAL-000435""]"
PC-PURCHASEREQUISITION-000445,Purchase Order Closed,2023-03-10T21:20:00Z,accounting_header,APP-0000006527,USR-125,"[""PC-PURCHASEREQUISITION-000445"",""PC-INVOICEITEM-000445"",""PC-SUPPLIERQUOTATION-000445""]"
PC-PURCHASEREQUISITION-000459,Credit Memo Posted,2023-03-10T21:27:00Z,invoice_header,APP-0000006528,USR-102,"[""PC-PURCHASEREQUISITION-000459"",""PC-SUPPLIER-000459"",""PC-INVOICEITEM-000459""]"
PC-PURCHASEREQUISITION-000488,Quality Inspection Passed,2023-03-11T00:42:00Z,goods_movement_header,APP-0000006543,USR-073,"[""PC-PURCHASEREQUISITION-000488"",""PC-INSPECTIONLOT-000488"",""PC-REQUISITIONITEM-000488""]"
PC-PURCHASEREQUISITION-000463,Invoice Unblocked,2023-03-11T03:30:00Z,inspection_lot,APP-0000006558,USR-042,"[""PC-PURCHASEREQUISITION-000463"",""PC-SCHEDULELINE-000463"",""PC-INVOICE-000463""]"
PC-PURCHASEREQUISITION-000467,Invoice Blocked,2023-03-11T09:33:00Z,goods_movement_header,APP-0000006582,USR-109,"[""PC-PURCHASEREQUISITION-000467"",""PC-PURCHASEORDERITEM-000467"",""PC-INSPECTIONLOT-000467""]"
PC-PURCHASEREQUISITION-000461,Payment Proposal Approved,2023-03-11T21:32:00Z,req_header,APP-0000006630,USR-012,"[""PC-PURCHASEREQUISITION-000461"",""PC-GOODSMOVEMENT-000461"",""PC-PAYMENT-000461""]"
PC-PURCHASEREQUISITION-000489,Stock Released from Blocked Stock,2023-03-11T21:46:00Z,accounting_header,APP-0000006631,USR-093,"[""PC-PURCHASEREQUISITION-000489"",""PC-ACCOUNTINGDOCUMENT-000489"",""PC-CONTRACT-000489""]"
PC-PURCHASEREQUISITION-000480,Invoice Posted,2023-03-12T00:42:00Z,invoice_header,APP-0000006642,USR-072,"[""PC-PURCHASEREQUISITION-000480"",""PC-RFQ-000480"",""PC-MATERIAL-000480""]"
PC-PURCHASEREQUISITION-000488,Return to Supplier Posted,2023-03-12T00:46:00Z,payment_run,APP-0000006643,USR-077,"[""PC-PURCHASEREQUISITION-000488"",""PC-PAYMENTPROPOSAL-000488"",""PC-PURCHASEORDER-000488""]"
PC-PURCHASEREQUISITION-000504,Goods Receipt Reversed,2023-03-12T06:02:00Z,accounting_header,APP-0000006655,USR-088,"[""PC-PURCHASEREQUISITION-000504"",""PC-ADVANCESHIPPINGNOTICE-000004"",""PC-PAYMENTPROPOSAL-000004""]"
PC-PURCHASEREQUISITION-000450,Payment Reversed,2023-03-12T08:51:00Z,inspection_lot,APP-0000006669,USR-081,"[""PC-PURCHASEREQUISITION-000450"",""PC-INSPECTIONLOT-000450"",""PC-REQUISITIONITEM-000450""]"
PC-PURCHASEREQUISITION-000481,Three-Way Match Passed,2023-03-12T15:45:00Z,payment_run,APP-0000006707,USR-091,"[""PC-PURCHASEREQUISITION-000481"",""PC-CONTRACT-000481"",""PC-GOODSMOVEMENT-000481""]"
PC-PURCHASEREQUISITION-000468,Payment Proposal Approved,2023-03-12T18:39:00Z,req_header,APP-0000006717,USR-004,"[""PC-PURCHASEREQUISITION-000468"",""PC-GOODSMOVEMENT-000468"",""PC-PAYMENT-000468""]"
PC-PURCHASEREQUISITION-000487,Invoice Posted,2023-03-12T21:49:00Z,invoice_header,APP-0000006729,USR-064,"[""PC-PURCHASEREQUISITION-000487"",""PC-RFQ-000487"",""PC-MATERIAL-000487""]"
PC-PURCHASEREQUISITION-000455,Payment Reversed,2023-03-12T23:51:00Z,inspection_lot,APP-0000006733,USR-039,"[""PC-PURCHASEREQUISITION-000455"",""PC-INSPECTIONLOT-000455"",""PC-REQUISITIONITEM-000455""]"
PC-PURCHASEREQUISITION-000464,Purchase Order Closed,2023-03-13T06:39:00Z,accounting_header,APP-0000006769,USR-067,"[""PC-PURCHASEREQUISITION-000464"",""PC-INVOICEITEM-000464"",""PC-SUPPLIERQUOTATION-000464""]"
PC-PURCHASEREQUISITION-000511,Partial Receipt Posted,2023-03-13T09:10:00Z,payment_run,APP-0000006771,USR-081,"[""PC-PURCHASEREQUISITION-000511"",""PC-GOODSMOVEMENT-000011"",""PC-PAYMENT-000011""]"
PC-PURCHASEREQUISITION-000475,Payment Proposal Approved,2023-03-13T15:46:00Z,req_header,APP-0000006805,USR-123,"[""PC-PURCHASEREQUISITION-000475"",""PC-GOODSMOVEMENT-000475"",""PC-PAYMENT-000475""]"
PC-PURCHASEREQUISITION-000492,Invoice Changed,2023-03-13T18:02:00Z,accounting_header,APP-0000006806,USR-023,"[""PC-PURCHASEREQUISITION-000492"",""PC-SUPPLIERQUOTATION-000492"",""PC-ADVANCESHIPPINGNOTICE-000492""]"
PC-PURCHASEREQUISITION-000510,Quality Inspection Passed,2023-03-13T18:11:00Z,goods_movement_header,APP-0000006809,USR-066,"[""PC-PURCHASEREQUISITION-000510"",""PC-INSPECTIONLOT-000010"",""PC-REQUISITIONITEM-000510""]"
PC-PURCHASEREQUISITION-000513,Quality Inspection Started,2023-03-13T21:13:00Z,req_header,APP-0000006824,USR-116,"[""PC-PURCHASEREQUISITION-000513"",""PC-GOODSRECEIPT-000013"",""PC-COSTCENTER-000013""]"
PC-PURCHASEREQUISITION-000519,Goods Receipt Posted,2023-03-13T21:16:00Z,invoice_header,APP-0000006825,USR-088,"[""PC-PURCHASEREQUISITION-000519"",""PC-MATERIAL-000019"",""PC-ACCOUNTINGDOCUMENT-000019""]"
PC-PURCHASEREQUISITION-000465,Goods Receipt Reversed,2023-03-14T05:14:00Z,accounting_header,APP-0000006860,USR-060,"[""PC-PURCHASEREQUISITION-000465"",""PC-ADVANCESHIPPINGNOTICE-000465"",""PC-PAYMENTPROPOSAL-000465""]"
PC-PURCHASEREQUISITION-000494,Three-Way Match Passed,2023-03-14T06:05:00Z,payment_run,APP-0000006862,USR-058,"[""PC-PURCHASEREQUISITION-000494"",""PC-CONTRACT-000494"",""PC-GOODSMOVEMENT-000494""]"
PC-PURCHASEREQUISITION-000508,Stock Released from Blocked Stock,2023-03-14T06:12:00Z,accounting_header,APP-0000006863,USR-035,"[""PC-PURCHASEREQUISITION-000508"",""PC-ACCOUNTINGDOCUMENT-000008"",""PC-CONTRACT-000008""]"
PC-PURCHASEREQUISITION-000488,Credit Memo Posted,2023-03-14T12:03:00Z,invoice_header,APP-0000006883,USR-087,"[""PC-PURCHASEREQUISITION-000488"",""PC-SUPPLIER-000488"",""PC-INVOICEITEM-000488""]"
PC-PURCHASEREQUISITION-000476,PO Item Final-Invoiced,2023-03-14T12:50:00Z,invoice_header,APP-0000006893,USR-016,"[""PC-PURCHASEREQUISITION-000476"",""PC-INVOICE-000476"",""PC-RFQ-000476""]"
PC-PURCHASEREQUISITION-000501,Invoice Posted,2023-03-14T15:10:00Z,invoice_header,APP-0000006895,USR-048,"[""PC-PURCHASEREQUISITION-000501"",""PC-RFQ-000501"",""PC-MATERIAL-000001""]"
PC-PURCHASEREQUISITION-000481,Payment Reversed,2023-03-14T21:01:00Z,inspection_lot,APP-0000006921,USR-100,"[""PC-PURCHASEREQUISITION-000481"",""PC-INSPECTIONLOT-000481"",""PC-REQUISITIONITEM-000481""]"
PC-PURCHASEREQUISITION-000505,Invoice Parked,2023-03-14T21:13:00Z,inspection_lot,APP-0000006922,USR-115,"[""PC-PURCHASEREQUISITION-000505"",""PC-REQUISITIONITEM-000505"",""PC-SUPPLIER-000005""]"
PC-PURCHASEREQUISITION-000503,Invoice Changed,2023-03-15T03:13:00Z,accounting_header,APP-0000006946,USR-083,"[""PC-PURCHASEREQUISITION-000503"",""PC-SUPPLIERQUOTATION-000503"",""PC-ADVANCESHIPPINGNOTICE-000003""]"
PC-PURCHASEREQUISITION-000521,Quality Inspection Passed,2023-03-15T03:22:00Z,goods_movement_header,APP-0000006947,USR-126,"[""PC-PURCHASEREQUISITION-000521"",""PC-INSPECTIONLOT-000021"",""PC-REQUISITIONITEM-000521""]"
PC-PURCHASEREQUISITION-000520,Quality Inspection Failed,2023-03-15T06:22:00Z,inspection_lot,APP-0000006961,USR-110,"[""PC-PURCHASEREQUISITION-000520"",""PC-INVOICE-000020"",""PC-RFQ-000520""]"
PC-PURCHASEREQUISITION-000511,Invoice Received,2023-03-15T09:18:00Z,goods_movement_header,APP-0000006974,USR-089,"[""PC-PURCHASEREQUISITION-000511"",""PC-COSTCENTER-000011"",""PC-SCHEDULELINE-000011""]"
PC-PURCHASEREQUISITION-000508,Invoice Posted,2023-03-15T12:17:00Z,invoice_header,APP-0000006990,USR-040,"[""PC-PURCHASEREQUISITION-000508"",""PC-RFQ-000508"",""PC-MATERIAL-000008""]"
PC-PURCHASEREQUISITION-000523,Stock Placed in Blocked Stock,2023-03-15T21:26:00Z,invoice_header,APP-0000007027,USR-035,"[""PC-PURCHASEREQUISITION-000523"",""PC-INVOICEITEM-000023"",""PC-SUPPLIERQUOTATION-000523""]"
PC-PURCHASEREQUISITION-000484,Supplier Blocked,2023-03-16T00:07:00Z,payment_run,APP-0000007038,USR-027,"[""PC-PURCHASEREQUISITION-000484"",""PC-ACCOUNTINGDOCUMENT-000484"",""PC-CONTRACT-000484""]"
PC-PURCHASEREQUISITION-000480,Payment Reversed,2023-03-16T02:51:00Z,inspection_lot,APP-0000007046,USR-083,"[""PC-PURCHASEREQUISITION-000480"",""PC-INSPECTIONLOT-000480"",""PC-REQUISITIONITEM-000480""]"
PC-PURCHASEREQUISITION-000535,Goods Receipt Reversed,2023-03-16T03:33:00Z,accounting_header,APP-0000007055,USR-107,"[""PC-PURCHASEREQUISITION-000535"",""PC-ADVANCESHIPPINGNOTICE-000035"",""PC-PAYMENTPROPOSAL-000035""]"
PC-PURCHASEREQUISITION-000508,Three-Way Match Failed,2023-03-16T06:20:00Z,req_header,APP-0000007067,USR-043,"[""PC-PURCHASEREQUISITION-000508"",""PC-PURCHASEORDER-000008"",""PC-GOODSRECEIPT-000008""]"
PC-PURCHASEREQUISITION-000499,Payment Proposal Created,2023-03-16T09:16:00Z,payment_run,APP-0000007078,USR-022,"[""PC-PURCHASEREQUISITION-000499"",""PC-ADVANCESHIPPINGNOTICE-000499"",""PC-PAYMENTPROPOSAL-000499""]"
PC-PURCHASEREQUISITION-000515,Invoice Posted,2023-03-16T09:24:00Z,invoice_header,APP-0000007079,USR-032,"[""PC-PURCHASEREQUISITION-000515"",""PC-RFQ-000515"",""PC-MATERIAL-000015""]"
PC-PURCHASEREQUISITION-000494,Payment Reversed,2023-03-16T12:14:00Z,inspection_lot,APP-0000007090,USR-067,"[""PC-PURCHASEREQUISITION-000494"",""PC-INSPECTIONLOT-000494"",""PC-REQUISITIONITEM-000494""]"
PC-PURCHASEREQUISITION-000496,Payment Executed,2023-03-16T12:15:00Z,goods_movement_header,APP-0000007091,USR-100,"[""PC-PURCHASEREQUISITION-000496"",""PC-GOODSRECEIPT-000496"",""PC-COSTCENTER-000496""]"
PC-PURCHASEREQUISITION-000514,Invoice Changed,2023-03-16T12:24:00Z,accounting_header,APP-0000007092,USR-016,"[""PC-PURCHASEREQUISITION-000514"",""PC-SUPPLIERQUOTATION-000514"",""PC-ADVANCESHIPPINGNOTICE-000014""]"
PC-PURCHASEREQUISITION-000532,Quality Inspection Passed,2023-03-16T12:33:00Z,goods_movement_header,APP-0000007093,USR-059,"[""PC-PURCHASEREQUISITION-000532"",""PC-INSPECTIONLOT-000032"",""PC-REQUISITIONITEM-000532""]"
PC-PURCHASEREQUISITION-000534,Quality Inspection Started,2023-03-16T12:34:00Z,req_header,APP-0000007094,USR-092,"[""PC-PURCHASEREQUISITION-000534"",""PC-GOODSRECEIPT-000034"",""PC-COSTCENTER-000034""]"
PC-PURCHASEREQUISITION-000493,PO Item Final-Invoiced,2023-03-16T15:14:00Z,invoice_header,APP-0000007108,USR-051,"[""PC-PURCHASEREQUISITION-000493"",""PC-INVOICE-000493"",""PC-RFQ-000493""]"
PC-PURCHASEREQUISITION-000485,Goods Receipt Reversed,2023-03-16T17:14:00Z,accounting_header,APP-0000007114,USR-019,"[""PC-PURCHASEREQUISITION-000485"",""PC-ADVANCESHIPPINGNOTICE-000485"",""PC-PAYMENTPROPOSAL-000485""]"
PC-PURCHASEREQUISITION-000533,Quality Inspection Failed,2023-03-16T21:35:00Z,inspection_lot,APP-0000007136,USR-077,"[""PC-PURCHASEREQUISITION-000533"",""PC-INVOICE-000033"",""PC-RFQ-000533""]"
PC-PURCHASEREQUISITION-000522,Invoice Posted,2023-03-17T06:31:00Z,invoice_header,APP-0000007169,USR-024,"[""PC-PURCHASEREQUISITION-000522"",""PC-RFQ-000522"",""PC-MATERIAL-000022""]"
PC-PURCHASEREQUISITION-000490,Payment Reversed,2023-03-17T08:51:00Z,inspection_lot,APP-0000007173,USR-126,"[""PC-PURCHASEREQUISITION-000490"",""PC-INSPECTIONLOT-000490"",""PC-REQUISITIONITEM-000490""]"
PC-PURCHASEREQUISITION-000541,Quality Inspection Started,2023-03-17T09:41:00Z,req_header,APP-0000007183,USR-084,"[""PC-PURCHASEREQUISITION-000541"",""PC-GOODSRECEIPT-000041"",""PC-COSTCENTER-000041""]"
PC-PURCHASEREQUISITION-000520,Three-Way Match Passed,2023-03-17T12:31:00Z,payment_run,APP-0000007193,USR-119,"[""PC-PURCHASEREQUISITION-000520"",""PC-CONTRACT-000020"",""PC-GOODSMOVEMENT-000020""]"
PC-PURCHASEREQUISITION-000548,Goods Receipt Posted,2023-03-17T12:45:00Z,invoice_header,APP-0000007194,USR-073,"[""PC-PURCHASEREQUISITION-000548"",""PC-MATERIAL-000048"",""PC-ACCOUNTINGDOCUMENT-000048""]"
PC-PURCHASEREQUISITION-000525,Invoice Changed,2023-03-17T21:35:00Z,accounting_header,APP-0000007230,USR-076,"[""PC-PURCHASEREQUISITION-000525"",""PC-SUPPLIERQUOTATION-000525"",""PC-ADVANCESHIPPINGNOTICE-000025""]"
PC-PURCHASEREQUISITION-000495,Payment Reversed,2023-03-17T23:51:00Z,inspection_lot,APP-0000007236,USR-084,"[""PC-PURCHASEREQUISITION-000495"",""PC-INSPECTIONLOT-000495"",""PC-REQUISITIONITEM-000495""]"
PC-PURCHASEREQUISITION-000507,Payment Reversed,2023-03-18T03:27:00Z,inspection_lot,APP-0000007259,USR-034,"[""PC-PURCHASEREQUISITION-000507"",""PC-INSPECTIONLOT-000007"",""PC-REQUISITIONITEM-000507""]"
PC-PURCHASEREQUISITION-000529,Invoice Posted,2023-03-18T03:38:00Z,invoice_header,APP-0000007261,USR-016,"[""PC-PURCHASEREQUISITION-000529"",""PC-RFQ-000529"",""PC-MATERIAL-000029""]"
PC-PURCHASEREQUISITION-000548,Quality Inspection Started,2023-03-18T06:48:00Z,req_header,APP-0000007271,USR-076,"[""PC-PURCHASEREQUISITION-000548"",""PC-GOODSRECEIPT-000048"",""PC-COSTCENTER-000048""]"
PC-PURCHASEREQUISITION-000524,Invoice Blocked,2023-03-18T12:37:00Z,goods_movement_header,APP-0000007294,USR-062,"[""PC-PURCHASEREQUISITION-000524"",""PC-PURCHASEORDERITEM-000024"",""PC-INSPECTIONLOT-000024""]"
PC-PURCHASEREQUISITION-000546,Quality Inspection Failed,2023-03-18T12:48:00Z,inspection_lot,APP-0000007295,USR-044,"[""PC-PURCHASEREQUISITION-000546"",""PC-INVOICE-000046"",""PC-RFQ-000546""]"
PC-PURCHASEREQUISITION-000533,Three-Way Match Passed,2023-03-19T03:44:00Z,payment_run,APP-0000007354,USR-086,"[""PC-PURCHASEREQUISITION-000533"",""PC-CONTRACT-000033"",""PC-GOODSMOVEMENT-000033""]"
PC-PURCHASEREQUISITION-000505,Goods Receipt Reversed,2023-03-19T05:14:00Z,accounting_header,APP-0000007357,USR-105,"[""PC-PURCHASEREQUISITION-000505"",""PC-ADVANCESHIPPINGNOTICE-000005"",""PC-PAYMENTPROPOSAL-000005""]"
PC-PURCHASEREQUISITION-000536,Invoice Changed,2023-03-19T06:46:00Z,accounting_header,APP-0000007373,USR-009,"[""PC-PURCHASEREQUISITION-000536"",""PC-SUPPLIERQUOTATION-000536"",""PC-ADVANCESHIPPINGNOTICE-000036""]"
PC-PURCHASEREQUISITION-000520,Payment Reversed,2023-03-19T18:40:00Z,inspection_lot,APP-0000007419,USR-001,"[""PC-PURCHASEREQUISITION-000520"",""PC-INSPECTIONLOT-000020"",""PC-REQUISITIONITEM-000520""]"
PC-PURCHASEREQUISITION-000532,Invoice Unblocked,2023-03-19T18:46:00Z,inspection_lot,APP-0000007421,USR-072,"[""PC-PURCHASEREQUISITION-000532"",""PC-SCHEDULELINE-000032"",""PC-INVOICE-000032""]"
PC-PURCHASEREQUISITION-000510,Payment Reversed,2023-03-19T20:51:00Z,inspection_lot,APP-0000007425,USR-085,"[""PC-PURCHASEREQUISITION-000510"",""PC-INSPECTIONLOT-000010"",""PC-REQUISITIONITEM-000510""]"
PC-PURCHASEREQUISITION-000516,Supplier Unblocked,2023-03-20T06:40:00Z,req_header,APP-0000007468,USR-064,"[""PC-PURCHASEREQUISITION-000516"",""PC-PAYMENTPROPOSAL-000016"",""PC-PURCHASEORDER-000016""]"
PC-PURCHASEREQUISITION-000515,Payment Reversed,2023-03-20T11:51:00Z,inspection_lot,APP-0000007484,USR-043,"[""PC-PURCHASEREQUISITION-000515"",""PC-INSPECTIONLOT-000015"",""PC-REQUISITIONITEM-000515""]"
PC-PURCHASEREQUISITION-000557,Return to Supplier Posted,2023-03-20T15:09:00Z,payment_run,APP-0000007497,USR-107,"[""PC-PURCHASEREQUISITION-000557"",""PC-PAYMENTPROPOSAL-000057"",""PC-PURCHASEORDER-000057""]"
PC-PURCHASEREQUISITION-000565,Quality Inspection Passed,2023-03-20T15:13:00Z,goods_movement_header,APP-0000007498,USR-112,"[""PC-PURCHASEREQUISITION-000565"",""PC-INSPECTIONLOT-000065"",""PC-REQUISITIONITEM-000565""]"
PC-PURCHASEREQUISITION-000569,Quality Inspection Started,2023-03-20T21:16:00Z,req_header,APP-0000007525,USR-052,"[""PC-PURCHASEREQUISITION-000569"",""PC-GOODSRECEIPT-000069"",""PC-COSTCENTER-000069""]"
PC-PURCHASEREQUISITION-000520,Goods Receipt Reversed,2023-03-21T02:14:00Z,accounting_header,APP-0000007549,USR-106,"[""PC-PURCHASEREQUISITION-000520"",""PC-ADVANCESHIPPINGNOTICE-000020"",""PC-PAYMENTPROPOSAL-000020""]"
PC-PURCHASEREQUISITION-000533,Payment Reversed,2023-03-21T09:00:00Z,inspection_lot,APP-0000007573,USR-095,"[""PC-PURCHASEREQUISITION-000533"",""PC-INSPECTIONLOT-000033"",""PC-REQUISITIONITEM-000533""]"
PC-PURCHASEREQUISITION-000538,Payment Proposal Approved,2023-03-21T12:03:00Z,req_header,APP-0000007584,USR-051,"[""PC-PURCHASEREQUISITION-000538"",""PC-GOODSMOVEMENT-000038"",""PC-PAYMENT-000038""]"
PC-PURCHASEREQUISITION-000557,Invoice Posted,2023-03-21T15:13:00Z,invoice_header,APP-0000007596,USR-111,"[""PC-PURCHASEREQUISITION-000557"",""PC-RFQ-000557"",""PC-MATERIAL-000057""]"
PC-PURCHASEREQUISITION-000525,Payment Reversed,2023-03-21T17:51:00Z,inspection_lot,APP-0000007609,USR-086,"[""PC-PURCHASEREQUISITION-000525"",""PC-INSPECTIONLOT-000025"",""PC-REQUISITIONITEM-000525""]"
PC-PURCHASEREQUISITION-000576,Quality Inspection Passed,2023-03-22T00:24:00Z,goods_movement_header,APP-0000007640,USR-045,"[""PC-PURCHASEREQUISITION-000576"",""PC-INSPECTIONLOT-000076"",""PC-REQUISITIONITEM-000576""]"
PC-PURCHASEREQUISITION-000574,Stock Placed in Blocked Stock,2023-03-22T06:24:00Z,invoice_header,APP-0000007665,USR-013,"[""PC-PURCHASEREQUISITION-000574"",""PC-INVOICEITEM-000074"",""PC-SUPPLIERQUOTATION-000574""]"
PC-PURCHASEREQUISITION-000530,Goods Receipt Reversed,2023-03-22T08:14:00Z,accounting_header,APP-0000007672,USR-022,"[""PC-PURCHASEREQUISITION-000530"",""PC-ADVANCESHIPPINGNOTICE-000030"",""PC-PAYMENTPROPOSAL-000030""]"
PC-PURCHASEREQUISITION-000559,Three-Way Match Failed,2023-03-22T15:18:00Z,req_header,APP-0000007706,USR-021,"[""PC-PURCHASEREQUISITION-000559"",""PC-PURCHASEORDER-000059"",""PC-GOODSRECEIPT-000059""]"
PC-PURCHASEREQUISITION-000585,Partial Receipt Posted,2023-03-22T15:31:00Z,payment_run,APP-0000007708,USR-069,"[""PC-PURCHASEREQUISITION-000585"",""PC-GOODSMOVEMENT-000085"",""PC-PAYMENT-000085""]"
PC-PURCHASEREQUISITION-000544,PO Item Final-Invoiced,2023-03-23T00:12:00Z,invoice_header,APP-0000007747,USR-029,"[""PC-PURCHASEREQUISITION-000544"",""PC-INVOICE-000044"",""PC-RFQ-000544""]"
PC-PURCHASEREQUISITION-000573,Invoice Received,2023-03-23T03:27:00Z,goods_movement_header,APP-0000007758,USR-127,"[""PC-PURCHASEREQUISITION-000573"",""PC-COSTCENTER-000073"",""PC-SCHEDULELINE-000073""]"
PC-PURCHASEREQUISITION-000562,Invoice Blocked,2023-03-23T06:22:00Z,goods_movement_header,APP-0000007769,USR-073,"[""PC-PURCHASEREQUISITION-000562"",""PC-PURCHASEORDERITEM-000062"",""PC-INSPECTIONLOT-000062""]"
PC-PURCHASEREQUISITION-000576,PO Item Delivery Completed,2023-03-23T06:29:00Z,req_header,APP-0000007770,USR-050,"[""PC-PURCHASEREQUISITION-000576"",""PC-PAYMENT-000076"",""PC-PURCHASEORDERITEM-000076""]"
PC-PURCHASEREQUISITION-000571,Invoice Posted,2023-03-23T09:27:00Z,invoice_header,APP-0000007783,USR-095,"[""PC-PURCHASEREQUISITION-000571"",""PC-RFQ-000571"",""PC-MATERIAL-000071""]"
PC-PURCHASEREQUISITION-000590,Quality Inspection Started,2023-03-23T12:37:00Z,req_header,APP-0000007797,USR-028,"[""PC-PURCHASEREQUISITION-000590"",""PC-GOODSRECEIPT-000090"",""PC-COSTCENTER-000090""]"
PC-PURCHASEREQUISITION-000540,Payment Reversed,2023-03-23T14:51:00Z,inspection_lot,APP-0000007801,USR-087,"[""PC-PURCHASEREQUISITION-000540"",""PC-INSPECTIONLOT-000040"",""PC-REQUISITIONITEM-000540""]"
PC-PURCHASEREQUISITION-000545,Supplier Unblocked,2023-03-23T21:16:00Z,req_header,APP-0000007832,USR-049,"[""PC-PURCHASEREQUISITION-000545"",""PC-PAYMENTPROPOSAL-000045"",""PC-PURCHASEORDER-000045""]"
PC-PURCHASEREQUISITION-000597,Goods Receipt Reversed,2023-03-23T21:42:00Z,accounting_header,APP-0000007835,USR-018,"[""PC-PURCHASEREQUISITION-000597"",""PC-ADVANCESHIPPINGNOTICE-000097"",""PC-PAYMENTPROPOSAL-000097""]"
PC-PURCHASEREQUISITION-000579,Invoice Parked,2023-03-24T03:34:00Z,inspection_lot,APP-0000007857,USR-103,"[""PC-PURCHASEREQUISITION-000579"",""PC-REQUISITIONITEM-000579"",""PC-SUPPLIER-000079""]"
PC-PURCHASEREQUISITION-000545,Payment Reversed,2023-03-24T05:51:00Z,inspection_lot,APP-0000007861,USR-045,"[""PC-PURCHASEREQUISITION-000545"",""PC-INSPECTIONLOT-000045"",""PC-REQUISITIONITEM-000545""]"
PC-PURCHASEREQUISITION-000553,Supplier Blocked,2023-03-24T15:23:00Z,payment_run,APP-0000007906,USR-057,"[""PC-PURCHASEREQUISITION-000553"",""PC-ACCOUNTINGDOCUMENT-000053"",""PC-CONTRACT-000053""]"
PC-PURCHASEREQUISITION-000559,Payment Reversed,2023-03-24T15:26:00Z,inspection_lot,APP-0000007908,USR-029,"[""PC-PURCHASEREQUISITION-000559"",""PC-INSPECTIONLOT-000059"",""PC-REQUISITIONITEM-000559""]"
PC-PURCHASEREQUISITION-000550,Goods Receipt Reversed,2023-03-24T20:14:00Z,accounting_header,APP-0000007928,USR-108,"[""PC-PURCHASEREQUISITION-000550"",""PC-ADVANCESHIPPINGNOTICE-000050"",""PC-PAYMENTPROPOSAL-000050""]"
PC-PURCHASEREQUISITION-000598,Quality Inspection Failed,2023-03-25T00:47:00Z,inspection_lot,APP-0000007949,USR-039,"[""PC-PURCHASEREQUISITION-000598"",""PC-INVOICE-000098"",""PC-RFQ-000598""]"
PC-PURCHASEREQUISITION-000555,Goods Receipt Reversed,2023-03-25T11:14:00Z,accounting_header,APP-0000007987,USR-066,"[""PC-PURCHASEREQUISITION-000555"",""PC-ADVANCESHIPPINGNOTICE-000055"",""PC-PAYMENTPROPOSAL-000055""]"
PC-PURCHASEREQUISITION-000585,Three-Way Match Passed,2023-03-25T15:43:00Z,payment_run,APP-0000008011,USR-081,"[""PC-PURCHASEREQUISITION-000585"",""PC-CONTRACT-000085"",""PC-GOODSMOVEMENT-000085""]"
PC-PURCHASEREQUISITION-000592,Invoice Posted,2023-03-26T00:48:00Z,invoice_header,APP-0000008043,USR-071,"[""PC-PURCHASEREQUISITION-000592"",""PC-RFQ-000592"",""PC-MATERIAL-000092""]"
PC-PURCHASEREQUISITION-000560,Payment Reversed,2023-03-26T02:51:00Z,inspection_lot,APP-0000008047,USR-046,"[""PC-PURCHASEREQUISITION-000560"",""PC-INSPECTIONLOT-000060"",""PC-REQUISITIONITEM-000560""]"
PC-PURCHASEREQUISITION-000609,Quality Inspection Passed,2023-03-26T03:04:00Z,goods_movement_header,APP-0000008049,USR-098,"[""PC-PURCHASEREQUISITION-000609"",""PC-INSPECTIONLOT-000109"",""PC-REQUISITIONITEM-000609""]"
PC-PURCHASEREQUISITION-000611,Quality Inspection Started,2023-03-26T03:05:00Z,req_header,APP-0000008050,USR-004,"[""PC-PURCHASEREQUISITION-000611"",""PC-GOODSRECEIPT-000111"",""PC-COSTCENTER-000111""]"
PC-PURCHASEREQUISITION-000573,Payment Executed,2023-03-26T03:39:00Z,goods_movement_header,APP-0000008063,USR-012,"[""PC-PURCHASEREQUISITION-000573"",""PC-GOODSRECEIPT-000073"",""PC-COSTCENTER-000073""]"
PC-PURCHASEREQUISITION-000591,Invoice Changed,2023-03-26T03:48:00Z,accounting_header,APP-0000008064,USR-055,"[""PC-PURCHASEREQUISITION-000591"",""PC-SUPPLIERQUOTATION-000591"",""PC-ADVANCESHIPPINGNOTICE-000091""]"
PC-PURCHASEREQUISITION-000580,Accounting Document Created,2023-03-26T06:43:00Z,accounting_header,APP-0000008077,USR-001,"[""PC-PURCHASEREQUISITION-000580"",""PC-MATERIAL-000080"",""PC-ACCOUNTINGDOCUMENT-000080""]"
PC-PURCHASEREQUISITION-000603,Return to Supplier Posted,2023-03-26T09:02:00Z,payment_run,APP-0000008078,USR-127,"[""PC-PURCHASEREQUISITION-000603"",""PC-PAYMENTPROPOSAL-000103"",""PC-PURCHASEORDER-000103""]"
PC-PURCHASEREQUISITION-000565,Goods Receipt Reversed,2023-03-26T17:14:00Z,accounting_header,APP-0000008112,USR-109,"[""PC-PURCHASEREQUISITION-000565"",""PC-ADVANCESHIPPINGNOTICE-000065"",""PC-PAYMENTPROPOSAL-000065""]"
PC-PURCHASEREQUISITION-000604,Invoice Received,2023-03-27T00:05:00Z,goods_movement_header,APP-0000008136,USR-019,"[""PC-PURCHASEREQUISITION-000604"",""PC-COSTCENTER-000104"",""PC-SCHEDULELINE-000104""]"
PC-PURCHASEREQUISITION-000598,Three-Way Match Passed,2023-03-27T06:03:00Z,payment_run,APP-0000008159,USR-048,"[""PC-PURCHASEREQUISITION-000598"",""PC-CONTRACT-000098"",""PC-GOODSMOVEMENT-000098""]"
PC-PURCHASEREQUISITION-000622,Partial Receipt Posted,2023-03-27T06:15:00Z,payment_run,APP-0000008160,USR-063,"[""PC-PURCHASEREQUISITION-000622"",""PC-GOODSMOVEMENT-000122"",""PC-PAYMENT-000122""]"
PC-PURCHASEREQUISITION-000578,PO Item Final-Invoiced,2023-03-27T06:46:00Z,invoice_header,APP-0000008172,USR-099,"[""PC-PURCHASEREQUISITION-000578"",""PC-INVOICE-000078"",""PC-RFQ-000578""]"
PC-PURCHASEREQUISITION-000570,Payment Reversed,2023-03-27T08:51:00Z,inspection_lot,APP-0000008176,USR-089,"[""PC-PURCHASEREQUISITION-000570"",""PC-INSPECTIONLOT-000070"",""PC-REQUISITIONITEM-000570""]"
PC-PURCHASEREQUISITION-000620,Quality Inspection Passed,2023-03-27T12:15:00Z,goods_movement_header,APP-0000008187,USR-031,"[""PC-PURCHASEREQUISITION-000620"",""PC-INSPECTIONLOT-000120"",""PC-REQUISITIONITEM-000620""]"
PC-PURCHASEREQUISITION-000576,Supplier Blocked,2023-03-27T12:46:00Z,payment_run,APP-0000008199,USR-067,"[""PC-PURCHASEREQUISITION-000576"",""PC-ACCOUNTINGDOCUMENT-000076"",""PC-CONTRACT-000076""]"
PC-PURCHASEREQUISITION-000587,Payment Proposal Approved,2023-03-27T15:52:00Z,req_header,APP-0000008213,USR-122,"[""PC-PURCHASEREQUISITION-000587"",""PC-GOODSMOVEMENT-000087"",""PC-PAYMENT-000087""]"
PC-PURCHASEREQUISITION-000585,Payment Reversed,2023-03-27T21:52:00Z,inspection_lot,APP-0000008236,USR-090,"[""PC-PURCHASEREQUISITION-000585"",""PC-INSPECTIONLOT-000085"",""PC-REQUISITIONITEM-000585""]"
PC-PURCHASEREQUISITION-000575,Goods Receipt Reversed,2023-03-27T23:14:00Z,accounting_header,APP-0000008239,USR-025,"[""PC-PURCHASEREQUISITION-000575"",""PC-ADVANCESHIPPINGNOTICE-000075"",""PC-PAYMENTPROPOSAL-000075""]"
PC-PURCHASEREQUISITION-000600,Invoice Blocked,2023-03-28T00:07:00Z,goods_movement_header,APP-0000008241,USR-084,"[""PC-PURCHASEREQUISITION-000600"",""PC-PURCHASEORDERITEM-000100"",""PC-INSPECTIONLOT-000100""]"
PC-PURCHASEREQUISITION-000624,Quality Inspection Failed,2023-03-28T06:20:00Z,inspection_lot,APP-0000008263,USR-100,"[""PC-PURCHASEREQUISITION-000624"",""PC-INVOICE-000124"",""PC-RFQ-000624""]"
PC-PURCHASEREQUISITION-000601,Invoice Unblocked,2023-03-28T09:09:00Z,inspection_lot,APP-0000008275,USR-102,"[""PC-PURCHASEREQUISITION-000601"",""PC-SCHEDULELINE-000101"",""PC-INVOICE-000101""]"
PC-PURCHASEREQUISITION-000594,Payment Proposal Approved,2023-03-28T12:06:00Z,req_header,APP-0000008287,USR-114,"[""PC-PURCHASEREQUISITION-000594"",""PC-GOODSMOVEMENT-000094"",""PC-PAYMENT-000094""]"
PC-PURCHASEREQUISITION-000622,Stock Released from Blocked Stock,2023-03-28T12:20:00Z,accounting_header,APP-0000008288,USR-068,"[""PC-PURCHASEREQUISITION-000622"",""PC-ACCOUNTINGDOCUMENT-000122"",""PC-CONTRACT-000122""]"
PC-PURCHASEREQUISITION-000580,Payment Reversed,2023-03-28T14:51:00Z,inspection_lot,APP-0000008300,USR-005,"[""PC-PURCHASEREQUISITION-000580"",""PC-INSPECTIONLOT-000080"",""PC-REQUISITIONITEM-000580""]"
PC-PURCHASEREQUISITION-000613,Invoice Posted,2023-03-28T15:16:00Z,invoice_header,APP-0000008304,USR-047,"[""PC-PURCHASEREQUISITION-000613"",""PC-RFQ-000613"",""PC-MATERIAL-000113""]"
PC-PURCHASEREQUISITION-000616,Invoice Parked,2023-03-28T18:18:00Z,inspection_lot,APP-0000008317,USR-097,"[""PC-PURCHASEREQUISITION-000616"",""PC-REQUISITIONITEM-000616"",""PC-SUPPLIER-000116""]"
PC-PURCHASEREQUISITION-000632,Quality Inspection Started,2023-03-28T18:26:00Z,req_header,APP-0000008318,USR-107,"[""PC-PURCHASEREQUISITION-000632"",""PC-GOODSRECEIPT-000132"",""PC-COSTCENTER-000132""]"
PC-PURCHASEREQUISITION-000610,Three-Way Match Failed,2023-03-29T00:16:00Z,req_header,APP-0000008347,USR-126,"[""PC-PURCHASEREQUISITION-000610"",""PC-PURCHASEORDER-000110"",""PC-GOODSRECEIPT-000110""]"
PC-PURCHASEREQUISITION-000585,Goods Receipt Reversed,2023-03-29T05:14:00Z,accounting_header,APP-0000008364,USR-068,"[""PC-PURCHASEREQUISITION-000585"",""PC-ADVANCESHIPPINGNOTICE-000085"",""PC-PAYMENTPROPOSAL-000085""]"
PC-PURCHASEREQUISITION-000595,PO Item Final-Invoiced,2023-03-29T09:10:00Z,invoice_header,APP-0000008384,USR-007,"[""PC-PURCHASEREQUISITION-000595"",""PC-INVOICE-000095"",""PC-RFQ-000595""]"
PC-PURCHASEREQUISITION-000601,Payment Proposal Approved,2023-03-29T09:13:00Z,req_header,APP-0000008385,USR-106,"[""PC-PURCHASEREQUISITION-000601"",""PC-GOODSMOVEMENT-000101"",""PC-PAYMENT-000101""]"
PC-PURCHASEREQUISITION-000598,Payment Reversed,2023-03-29T12:12:00Z,inspection_lot,APP-0000008396,USR-057,"[""PC-PURCHASEREQUISITION-000598"",""PC-INSPECTIONLOT-000098"",""PC-REQUISITIONITEM-000598""]"
PC-PURCHASEREQUISITION-000639,Quality Inspection Started,2023-03-29T15:33:00Z,req_header,APP-0000008408,USR-099,"[""PC-PURCHASEREQUISITION-000639"",""PC-GOODSRECEIPT-000139"",""PC-COSTCENTER-000139""]"
PC-PURCHASEREQUISITION-000590,Goods Receipt Reversed,2023-03-29T20:14:00Z,accounting_header,APP-0000008422,USR-026,"[""PC-PURCHASEREQUISITION-000590"",""PC-ADVANCESHIPPINGNOTICE-000090"",""PC-PAYMENTPROPOSAL-000090""]"
PC-PURCHASEREQUISITION-000611,Accounting Document Created,2023-03-30T03:21:00Z,accounting_header,APP-0000008456,USR-020,"[""PC-PURCHASEREQUISITION-000611"",""PC-MATERIAL-000111"",""PC-ACCOUNTINGDOCUMENT-000111""]"
PC-PURCHASEREQUISITION-000608,Payment Proposal Approved,2023-03-30T06:20:00Z,req_header,APP-0000008470,USR-098,"[""PC-PURCHASEREQUISITION-000608"",""PC-GOODSMOVEMENT-000108"",""PC-PAYMENT-000108""]"
PC-PURCHASEREQUISITION-000595,Goods Receipt Reversed,2023-03-30T11:14:00Z,accounting_header,APP-0000008491,USR-111,"[""PC-PURCHASEREQUISITION-000595"",""PC-ADVANCESHIPPINGNOTICE-000095"",""PC-PAYMENTPROPOSAL-000095""]"
PC-PURCHASEREQUISITION-000624,Three-Way Match Passed,2023-03-30T12:29:00Z,payment_run,APP-0000008502,USR-109,"[""PC-PURCHASEREQUISITION-000624"",""PC-CONTRACT-000124"",""PC-GOODSMOVEMENT-000124""]"
PC-PURCHASEREQUISITION-000646,Quality Inspection Started,2023-03-30T12:40:00Z,req_header,APP-0000008504,USR-091,"[""PC-PURCHASEREQUISITION-000646"",""PC-GOODSRECEIPT-000146"",""PC-COSTCENTER-000146""]"
PC-PURCHASEREQUISITION-000642,Stock Placed in Blocked Stock,2023-03-30T18:39:00Z,invoice_header,APP-0000008525,USR-026,"[""PC-PURCHASEREQUISITION-000642"",""PC-INVOICEITEM-000142"",""PC-SUPPLIERQUOTATION-000642""]"
PC-PURCHASEREQUISITION-000600,Payment Reversed,2023-03-31T02:51:00Z,inspection_lot,APP-0000008551,USR-091,"[""PC-PURCHASEREQUISITION-000600"",""PC-INSPECTIONLOT-000100"",""PC-REQUISITIONITEM-000600""]"
PC-PURCHASEREQUISITION-000603,Supplier Unblocked,2023-03-31T03:21:00Z,req_header,APP-0000008559,USR-019,"[""PC-PURCHASEREQUISITION-000603"",""PC-PAYMENTPROPOSAL-000103"",""PC-PURCHASEORDER-000103""]"
PC-PURCHASEREQUISITION-000611,Payment Reversed,2023-03-31T03:25:00Z,inspection_lot,APP-0000008562,USR-024,"[""PC-PURCHASEREQUISITION-000611"",""PC-INSPECTIONLOT-000111"",""PC-REQUISITIONITEM-000611""]"
PC-PURCHASEREQUISITION-000615,Payment Proposal Approved,2023-03-31T03:27:00Z,req_header,APP-0000008563,USR-090,"[""PC-PURCHASEREQUISITION-000615"",""PC-GOODSMOVEMENT-000115"",""PC-PAYMENT-000115""]"
PC-PURCHASEREQUISITION-000624,Invoice Unblocked,2023-03-31T06:32:00Z,inspection_lot,APP-0000008574,USR-112,"[""PC-PURCHASEREQUISITION-000624"",""PC-SCHEDULELINE-000124"",""PC-INVOICE-000124""]"
PC-PURCHASEREQUISITION-000650,Quality Inspection Failed,2023-03-31T12:46:00Z,inspection_lot,APP-0000008598,USR-034,"[""PC-PURCHASEREQUISITION-000650"",""PC-INVOICE-000150"",""PC-RFQ-000650""]"
PC-PURCHASEREQUISITION-000653,Quality Inspection Passed,2023-03-31T15:48:00Z,goods_movement_header,APP-0000008613,USR-084,"[""PC-PURCHASEREQUISITION-000653"",""PC-INSPECTIONLOT-000153"",""PC-REQUISITIONITEM-000653""]"
PC-PURCHASEREQUISITION-000605,Payment Reversed,2023-03-31T17:51:00Z,inspection_lot,APP-0000008618,USR-049,"[""PC-PURCHASEREQUISITION-000605"",""PC-INSPECTIONLOT-000105"",""PC-REQUISITIONITEM-000605""]"
PC-PURCHASEREQUISITION-000659,Partial Receipt Posted,2023-03-31T21:52:00Z,payment_run,APP-0000008639,USR-057,"[""PC-PURCHASEREQUISITION-000659"",""PC-GOODSMOVEMENT-000159"",""PC-PAYMENT-000159""]"
PC-PURCHASEREQUISITION-000664,Goods Receipt Posted,2023-04-01T00:02:00Z,invoice_header,APP-0000008640,USR-013,"[""PC-PURCHASEREQUISITION-000664"",""PC-MATERIAL-000164"",""PC-ACCOUNTINGDOCUMENT-000164""]"
PC-PURCHASEREQUISITION-000622,Payment Proposal Approved,2023-04-01T00:34:00Z,req_header,APP-0000008650,USR-082,"[""PC-PURCHASEREQUISITION-000622"",""PC-GOODSMOVEMENT-000122"",""PC-PAYMENT-000122""]"
PC-PURCHASEREQUISITION-000641,Invoice Posted,2023-04-01T03:44:00Z,invoice_header,APP-0000008662,USR-015,"[""PC-PURCHASEREQUISITION-000641"",""PC-RFQ-000641"",""PC-MATERIAL-000141""]"
PC-PURCHASEREQUISITION-000616,Purchase Order Closed,2023-04-01T06:32:00Z,accounting_header,APP-0000008674,USR-111,"[""PC-PURCHASEREQUISITION-000616"",""PC-INVOICEITEM-000116"",""PC-SUPPLIERQUOTATION-000616""]"
PC-PURCHASEREQUISITION-000610,Goods Receipt Reversed,2023-04-01T08:14:00Z,accounting_header,APP-0000008677,USR-112,"[""PC-PURCHASEREQUISITION-000610"",""PC-ADVANCESHIPPINGNOTICE-000110"",""PC-PAYMENTPROPOSAL-000110""]"
PC-PURCHASEREQUISITION-000659,Stock Placed in Blocked Stock,2023-04-01T21:03:00Z,invoice_header,APP-0000008723,USR-061,"[""PC-PURCHASEREQUISITION-000659"",""PC-INVOICEITEM-000159"",""PC-SUPPLIERQUOTATION-000659""]"
PC-PURCHASEREQUISITION-000615,Payment Reversed,2023-04-01T23:51:00Z,inspection_lot,APP-0000008737,USR-092,"[""PC-PURCHASEREQUISITION-000615"",""PC-INSPECTIONLOT-000115"",""PC-REQUISITIONITEM-000615""]"
PC-PURCHASEREQUISITION-000664,Quality Inspection Passed,2023-04-02T00:06:00Z,goods_movement_header,APP-0000008738,USR-017,"[""PC-PURCHASEREQUISITION-000664"",""PC-INSPECTIONLOT-000164"",""PC-REQUISITIONITEM-000664""]"
PC-PURCHASEREQUISITION-000620,Goods Receipt Reversed,2023-04-02T14:14:00Z,accounting_header,APP-0000008802,USR-028,"[""PC-PURCHASEREQUISITION-000620"",""PC-ADVANCESHIPPINGNOTICE-000120"",""PC-PAYMENTPROPOSAL-000120""]"
PC-PURCHASEREQUISITION-000650,Three-Way Match Passed,2023-04-02T18:02:00Z,payment_run,APP-0000008814,USR-043,"[""PC-PURCHASEREQUISITION-000650"",""PC-CONTRACT-000150"",""PC-GOODSMOVEMENT-000150""]"
PC-PURCHASEREQUISITION-000636,Payment Proposal Approved,2023-04-02T18:48:00Z,req_header,APP-0000008825,USR-066,"[""PC-PURCHASEREQUISITION-000636"",""PC-GOODSMOVEMENT-000136"",""PC-PAYMENT-000136""]"
PC-PURCHASEREQUISITION-000655,Invoice Posted,2023-04-02T21:05:00Z,invoice_header,APP-0000008826,USR-126,"[""PC-PURCHASEREQUISITION-000655"",""PC-RFQ-000655"",""PC-MATERIAL-000155""]"
PC-PURCHASEREQUISITION-000642,Accounting Document Created,2023-04-03T00:52:00Z,accounting_header,APP-0000008847,USR-039,"[""PC-PURCHASEREQUISITION-000642"",""PC-MATERIAL-000142"",""PC-ACCOUNTINGDOCUMENT-000142""]"
PC-PURCHASEREQUISITION-000625,Goods Receipt Reversed,2023-04-03T05:14:00Z,accounting_header,APP-0000008863,USR-113,"[""PC-PURCHASEREQUISITION-000625"",""PC-ADVANCESHIPPINGNOTICE-000125"",""PC-PAYMENTPROPOSAL-000125""]"
PC-PURCHASEREQUISITION-000639,Payment Executed,2023-04-03T09:52:00Z,goods_movement_header,APP-0000008891,USR-118,"[""PC-PURCHASEREQUISITION-000639"",""PC-GOODSRECEIPT-000139"",""PC-COSTCENTER-000139""]"
PC-PURCHASEREQUISITION-000635,Purchase Order Closed,2023-04-03T15:51:00Z,accounting_header,APP-0000008912,USR-053,"[""PC-PURCHASEREQUISITION-000635"",""PC-INVOICEITEM-000135"",""PC-SUPPLIERQUOTATION-000635""]"
PC-PURCHASEREQUISITION-000666,Invoice Received,2023-04-03T18:14:00Z,goods_movement_header,APP-0000008914,USR-057,"[""PC-PURCHASEREQUISITION-000666"",""PC-COSTCENTER-000166"",""PC-SCHEDULELINE-000166""]"
PC-PURCHASEREQUISITION-000676,Quality Inspection Failed,2023-04-03T18:19:00Z,inspection_lot,APP-0000008915,USR-095,"[""PC-PURCHASEREQUISITION-000676"",""PC-INVOICE-000176"",""PC-RFQ-000676""]"
PC-PURCHASEREQUISITION-000632,Supplier Unblocked,2023-04-03T18:50:00Z,req_header,APP-0000008923,USR-004,"[""PC-PURCHASEREQUISITION-000632"",""PC-PAYMENTPROPOSAL-000132"",""PC-PURCHASEORDER-000132""]"
PC-PURCHASEREQUISITION-000630,Payment Reversed,2023-04-03T20:51:00Z,inspection_lot,APP-0000008929,USR-093,"[""PC-PURCHASEREQUISITION-000630"",""PC-INSPECTIONLOT-000130"",""PC-REQUISITIONITEM-000630""]"
PC-PURCHASEREQUISITION-000661,Three-Way Match Failed,2023-04-04T09:14:00Z,req_header,APP-0000008979,USR-104,"[""PC-PURCHASEREQUISITION-000661"",""PC-PURCHASEORDER-000161"",""PC-GOODSRECEIPT-000161""]"
PC-PURCHASEREQUISITION-000690,Goods Receipt Reversed,2023-04-04T12:29:00Z,accounting_header,APP-0000008996,USR-075,"[""PC-PURCHASEREQUISITION-000690"",""PC-ADVANCESHIPPINGNOTICE-000190"",""PC-PAYMENTPROPOSAL-000190""]"
PC-PURCHASEREQUISITION-000679,Stock Released from Blocked Stock,2023-04-04T15:24:00Z,accounting_header,APP-0000009008,USR-021,"[""PC-PURCHASEREQUISITION-000679"",""PC-ACCOUNTINGDOCUMENT-000179"",""PC-CONTRACT-000179""]"
PC-PURCHASEREQUISITION-000650,Payment Executed,2023-04-04T18:10:00Z,goods_movement_header,APP-0000009021,USR-051,"[""PC-PURCHASEREQUISITION-000650"",""PC-GOODSRECEIPT-000150"",""PC-COSTCENTER-000150""]"
PC-PURCHASEREQUISITION-000688,Quality Inspection Started,2023-04-04T18:29:00Z,req_header,APP-0000009024,USR-043,"[""PC-PURCHASEREQUISITION-000688"",""PC-GOODSRECEIPT-000188"",""PC-COSTCENTER-000188""]"
PC-PURCHASEREQUISITION-000640,Payment Reversed,2023-04-05T02:51:00Z,inspection_lot,APP-0000009055,USR-009,"[""PC-PURCHASEREQUISITION-000640"",""PC-INSPECTIONLOT-000140"",""PC-REQUISITIONITEM-000640""]"
PC-PURCHASEREQUISITION-000645,Supplier Blocked,2023-04-05T03:09:00Z,payment_run,APP-0000009063,USR-097,"[""PC-PURCHASEREQUISITION-000645"",""PC-ACCOUNTINGDOCUMENT-000145"",""PC-CONTRACT-000145""]"
PC-PURCHASEREQUISITION-000662,Credit Memo Posted,2023-04-05T06:18:00Z,invoice_header,APP-0000009076,USR-124,"[""PC-PURCHASEREQUISITION-000662"",""PC-SUPPLIER-000162"",""PC-INVOICEITEM-000162""]"
PC-PURCHASEREQUISITION-000676,Invoice Posted,2023-04-05T12:26:00Z,invoice_header,APP-0000009099,USR-102,"[""PC-PURCHASEREQUISITION-000676"",""PC-RFQ-000676"",""PC-MATERIAL-000176""]"
PC-PURCHASEREQUISITION-000696,Partial Receipt Posted,2023-04-05T12:36:00Z,payment_run,APP-0000009100,USR-051,"[""PC-PURCHASEREQUISITION-000696"",""PC-GOODSMOVEMENT-000196"",""PC-PAYMENT-000196""]"
PC-PURCHASEREQUISITION-000695,Quality Inspection Started,2023-04-05T15:36:00Z,req_header,APP-0000009110,USR-035,"[""PC-PURCHASEREQUISITION-000695"",""PC-GOODSRECEIPT-000195"",""PC-COSTCENTER-000195""]"
PC-PURCHASEREQUISITION-000645,Payment Reversed,2023-04-05T17:51:00Z,inspection_lot,APP-0000009115,USR-094,"[""PC-PURCHASEREQUISITION-000645"",""PC-INSPECTIONLOT-000145"",""PC-REQUISITIONITEM-000645""]"
PC-PURCHASEREQUISITION-000670,Invoice Unblocked,2023-04-06T00:25:00Z,inspection_lot,APP-0000009149,USR-005,"[""PC-PURCHASEREQUISITION-000670"",""PC-SCHEDULELINE-000170"",""PC-INVOICE-000170""]"
PC-PURCHASEREQUISITION-000693,Stock Placed in Blocked Stock,2023-04-06T03:37:00Z,invoice_header,APP-0000009163,USR-004,"[""PC-PURCHASEREQUISITION-000693"",""PC-INVOICEITEM-000193"",""PC-SUPPLIERQUOTATION-000693""]"
PC-PURCHASEREQUISITION-000676,Invoice Blocked,2023-04-06T12:30:00Z,goods_movement_header,APP-0000009201,USR-106,"[""PC-PURCHASEREQUISITION-000676"",""PC-PURCHASEORDERITEM-000176"",""PC-INSPECTIONLOT-000176""]"
PC-PURCHASEREQUISITION-000663,PO Item Final-Invoiced,2023-04-06T21:25:00Z,invoice_header,APP-0000009235,USR-020,"[""PC-PURCHASEREQUISITION-000663"",""PC-INVOICE-000163"",""PC-RFQ-000663""]"
PC-PURCHASEREQUISITION-000673,Accounting Document Created,2023-04-06T21:30:00Z,accounting_header,APP-0000009236,USR-058,"[""PC-PURCHASEREQUISITION-000673"",""PC-MATERIAL-000173"",""PC-ACCOUNTINGDOCUMENT-000173""]"
PC-PURCHASEREQUISITION-000695,Return to Supplier Posted,2023-04-06T21:41:00Z,payment_run,APP-0000009237,USR-040,"[""PC-PURCHASEREQUISITION-000695"",""PC-PAYMENTPROPOSAL-000195"",""PC-PURCHASEORDER-000195""]"
PC-PURCHASEREQUISITION-000655,Payment Reversed,2023-04-06T23:51:00Z,inspection_lot,APP-0000009241,USR-010,"[""PC-PURCHASEREQUISITION-000655"",""PC-INSPECTIONLOT-000155"",""PC-REQUISITIONITEM-000655""]"
PC-PURCHASEREQUISITION-000690,Invoice Parked,2023-04-07T00:39:00Z,inspection_lot,APP-0000009251,USR-085,"[""PC-PURCHASEREQUISITION-000690"",""PC-REQUISITIONITEM-000690"",""PC-SUPPLIER-000190""]"
PC-PURCHASEREQUISITION-000698,Stock Released from Blocked Stock,2023-04-07T00:43:00Z,accounting_header,APP-0000009252,USR-090,"[""PC-PURCHASEREQUISITION-000698"",""PC-ACCOUNTINGDOCUMENT-000198"",""PC-CONTRACT-000198""]"
PC-PURCHASEREQUISITION-000702,Quality Inspection Failed,2023-04-07T00:45:00Z,inspection_lot,APP-0000009253,USR-029,"[""PC-PURCHASEREQUISITION-000702"",""PC-INVOICE-000202"",""PC-RFQ-000702""]"
PC-PURCHASEREQUISITION-000690,Invoice Changed,2023-04-07T12:41:00Z,accounting_header,APP-0000009301,USR-087,"[""PC-PURCHASEREQUISITION-000690"",""PC-SUPPLIERQUOTATION-000690"",""PC-ADVANCESHIPPINGNOTICE-000190""]"
PC-PURCHASEREQUISITION-000708,Quality Inspection Passed,2023-04-07T12:50:00Z,goods_movement_header,APP-0000009302,USR-003,"[""PC-PURCHASEREQUISITION-000708"",""PC-INSPECTIONLOT-000208"",""PC-REQUISITIONITEM-000708""]"
PC-PURCHASEREQUISITION-000660,Goods Receipt Reversed,2023-04-07T14:14:00Z,accounting_header,APP-0000009305,USR-073,"[""PC-PURCHASEREQUISITION-000660"",""PC-ADVANCESHIPPINGNOTICE-000160"",""PC-PAYMENTPROPOSAL-000160""]"
PC-PURCHASEREQUISITION-000697,Invoice Received,2023-04-07T15:45:00Z,goods_movement_header,APP-0000009318,USR-076,"[""PC-PURCHASEREQUISITION-000697"",""PC-COSTCENTER-000197"",""PC-SCHEDULELINE-000197""]"
PC-PURCHASEREQUISITION-000716,Quality Inspection Started,2023-04-08T06:04:00Z,req_header,APP-0000009367,USR-011,"[""PC-PURCHASEREQUISITION-000716"",""PC-GOODSRECEIPT-000216"",""PC-COSTCENTER-000216""]"
PC-PURCHASEREQUISITION-000721,Goods Receipt Reversed,2023-04-08T09:07:00Z,accounting_header,APP-0000009379,USR-094,"[""PC-PURCHASEREQUISITION-000721"",""PC-ADVANCESHIPPINGNOTICE-000221"",""PC-PAYMENTPROPOSAL-000221""]"
PC-PURCHASEREQUISITION-000715,Quality Inspection Failed,2023-04-08T15:05:00Z,inspection_lot,APP-0000009402,USR-123,"[""PC-PURCHASEREQUISITION-000715"",""PC-INVOICE-000215"",""PC-RFQ-000715""]"
PC-PURCHASEREQUISITION-000670,Payment Reversed,2023-04-08T20:51:00Z,inspection_lot,APP-0000009427,USR-011,"[""PC-PURCHASEREQUISITION-000670"",""PC-INSPECTIONLOT-000170"",""PC-REQUISITIONITEM-000670""]"
PC-PURCHASEREQUISITION-000719,Quality Inspection Passed,2023-04-08T21:08:00Z,goods_movement_header,APP-0000009428,USR-063,"[""PC-PURCHASEREQUISITION-000719"",""PC-INSPECTIONLOT-000219"",""PC-REQUISITIONITEM-000719""]"
PC-PURCHASEREQUISITION-000685,Payment Proposal Approved,2023-04-08T21:44:00Z,req_header,APP-0000009441,USR-010,"[""PC-PURCHASEREQUISITION-000685"",""PC-GOODSMOVEMENT-000185"",""PC-PAYMENT-000185""]"
PC-PURCHASEREQUISITION-000695,Invoice Blocked,2023-04-08T21:49:00Z,goods_movement_header,APP-0000009444,USR-048,"[""PC-PURCHASEREQUISITION-000695"",""PC-PURCHASEORDERITEM-000195"",""PC-INSPECTIONLOT-000195""]"
PC-PURCHASEREQUISITION-000704,Invoice Posted,2023-04-09T00:01:00Z,invoice_header,APP-0000009446,USR-070,"[""PC-PURCHASEREQUISITION-000704"",""PC-RFQ-000704"",""PC-MATERIAL-000204""]"
PC-PURCHASEREQUISITION-000723,Quality Inspection Started,2023-04-09T03:11:00Z,req_header,APP-0000009458,USR-003,"[""PC-PURCHASEREQUISITION-000723"",""PC-GOODSRECEIPT-000223"",""PC-COSTCENTER-000223""]"
PC-PURCHASEREQUISITION-000702,Three-Way Match Passed,2023-04-09T06:01:00Z,payment_run,APP-0000009469,USR-038,"[""PC-PURCHASEREQUISITION-000702"",""PC-CONTRACT-000202"",""PC-GOODSMOVEMENT-000202""]"
PC-PURCHASEREQUISITION-000717,Stock Released from Blocked Stock,2023-04-09T09:09:00Z,accounting_header,APP-0000009480,USR-032,"[""PC-PURCHASEREQUISITION-000717"",""PC-ACCOUNTINGDOCUMENT-000217"",""PC-CONTRACT-000217""]"
PC-PURCHASEREQUISITION-000675,Payment Reversed,2023-04-09T11:51:00Z,inspection_lot,APP-0000009494,USR-096,"[""PC-PURCHASEREQUISITION-000675"",""PC-INSPECTIONLOT-000175"",""PC-REQUISITIONITEM-000675""]"
PC-PURCHASEREQUISITION-000730,Quality Inspection Started,2023-04-10T00:18:00Z,req_header,APP-0000009539,USR-122,"[""PC-PURCHASEREQUISITION-000730"",""PC-GOODSRECEIPT-000230"",""PC-COSTCENTER-000230""]"
PC-PURCHASEREQUISITION-000712,Invoice Changed,2023-04-10T06:10:00Z,accounting_header,APP-0000009566,USR-080,"[""PC-PURCHASEREQUISITION-000712"",""PC-SUPPLIERQUOTATION-000712"",""PC-ADVANCESHIPPINGNOTICE-000212""]"
PC-PURCHASEREQUISITION-000721,PO Item Delivery Completed,2023-04-10T09:15:00Z,req_header,APP-0000009581,USR-102,"[""PC-PURCHASEREQUISITION-000721"",""PC-PAYMENT-000221"",""PC-PURCHASEORDERITEM-000221""]"
PC-PURCHASEREQUISITION-000699,Payment Proposal Approved,2023-04-10T15:05:00Z,req_header,APP-0000009603,USR-121,"[""PC-PURCHASEREQUISITION-000699"",""PC-GOODSMOVEMENT-000199"",""PC-PAYMENT-000199""]"
PC-PURCHASEREQUISITION-000685,Payment Reversed,2023-04-10T17:51:00Z,inspection_lot,APP-0000009617,USR-012,"[""PC-PURCHASEREQUISITION-000685"",""PC-INSPECTIONLOT-000185"",""PC-REQUISITIONITEM-000685""]"
PC-PURCHASEREQUISITION-000691,Supplier Blocked,2023-04-10T21:02:00Z,payment_run,APP-0000009633,USR-117,"[""PC-PURCHASEREQUISITION-000691"",""PC-ACCOUNTINGDOCUMENT-000191"",""PC-CONTRACT-000191""]"
PC-PURCHASEREQUISITION-000715,Three-Way Match Passed,2023-04-10T21:14:00Z,payment_run,APP-0000009635,USR-005,"[""PC-PURCHASEREQUISITION-000715"",""PC-CONTRACT-000215"",""PC-GOODSMOVEMENT-000215""]"
PC-PURCHASEREQUISITION-000737,Quality Inspection Started,2023-04-10T21:25:00Z,req_header,APP-0000009636,USR-114,"[""PC-PURCHASEREQUISITION-000737"",""PC-GOODSRECEIPT-000237"",""PC-COSTCENTER-000237""]"
PC-PURCHASEREQUISITION-000690,Supplier Unblocked,2023-04-11T00:02:00Z,req_header,APP-0000009645,USR-101,"[""PC-PURCHASEREQUISITION-000690"",""PC-PAYMENTPROPOSAL-000190"",""PC-PURCHASEORDER-000190""]"
PC-PURCHASEREQUISITION-000690,Payment Reversed,2023-04-11T08:51:00Z,inspection_lot,APP-0000009679,USR-097,"[""PC-PURCHASEREQUISITION-000690"",""PC-INSPECTIONLOT-000190"",""PC-REQUISITIONITEM-000690""]"
PC-PURCHASEREQUISITION-000702,Payment Reversed,2023-04-11T12:10:00Z,inspection_lot,APP-0000009696,USR-047,"[""PC-PURCHASEREQUISITION-000702"",""PC-INSPECTIONLOT-000202"",""PC-REQUISITIONITEM-000702""]"
PC-PURCHASEREQUISITION-000706,Payment Proposal Approved,2023-04-11T12:12:00Z,req_header,APP-0000009697,USR-113,"[""PC-PURCHASEREQUISITION-000706"",""PC-GOODSMOVEMENT-000206"",""PC-PAYMENT-000206""]"
PC-PURCHASEREQUISITION-000728,Invoice Received,2023-04-11T12:23:00Z,goods_movement_header,APP-0000009698,USR-095,"[""PC-PURCHASEREQUISITION-000728"",""PC-COSTCENTER-000228"",""PC-SCHEDULELINE-000228""]"
PC-PURCHASEREQUISITION-000723,Invoice Changed,2023-04-11T15:21:00Z,accounting_header,APP-0000009710,USR-013,"[""PC-PURCHASEREQUISITION-000723"",""PC-SUPPLIERQUOTATION-000723"",""PC-ADVANCESHIPPINGNOTICE-000223""]"
PC-PURCHASEREQUISITION-000725,Invoice Posted,2023-04-11T15:22:00Z,invoice_header,APP-0000009711,USR-046,"[""PC-PURCHASEREQUISITION-000725"",""PC-RFQ-000725"",""PC-MATERIAL-000225""]"
PC-PURCHASEREQUISITION-000727,Invoice Parked,2023-04-11T15:23:00Z,inspection_lot,APP-0000009712,USR-079,"[""PC-PURCHASEREQUISITION-000727"",""PC-REQUISITIONITEM-000727"",""PC-SUPPLIER-000227""]"
PC-PURCHASEREQUISITION-000716,Invoice Unblocked,2023-04-11T18:18:00Z,inspection_lot,APP-0000009726,USR-025,"[""PC-PURCHASEREQUISITION-000716"",""PC-SCHEDULELINE-000216"",""PC-INVOICE-000216""]"
PC-PURCHASEREQUISITION-000744,Quality Inspection Started,2023-04-11T18:32:00Z,req_header,APP-0000009728,USR-106,"[""PC-PURCHASEREQUISITION-000744"",""PC-GOODSRECEIPT-000244"",""PC-COSTCENTER-000244""]"
PC-PURCHASEREQUISITION-000741,Quality Inspection Failed,2023-04-11T21:31:00Z,inspection_lot,APP-0000009739,USR-057,"[""PC-PURCHASEREQUISITION-000741"",""PC-INVOICE-000241"",""PC-RFQ-000741""]"
PC-PURCHASEREQUISITION-000751,Goods Receipt Posted,2023-04-11T21:36:00Z,invoice_header,APP-0000009740,USR-095,"[""PC-PURCHASEREQUISITION-000751"",""PC-MATERIAL-000251"",""PC-ACCOUNTINGDOCUMENT-000251""]"
PC-PURCHASEREQUISITION-000713,Payment Proposal Approved,2023-04-12T09:19:00Z,req_header,APP-0000009788,USR-105,"[""PC-PURCHASEREQUISITION-000713"",""PC-GOODSMOVEMENT-000213"",""PC-PAYMENT-000213""]"
PC-PURCHASEREQUISITION-000728,Three-Way Match Passed,2023-04-12T12:27:00Z,payment_run,APP-0000009799,USR-099,"[""PC-PURCHASEREQUISITION-000728"",""PC-CONTRACT-000228"",""PC-GOODSMOVEMENT-000228""]"
PC-PURCHASEREQUISITION-000732,Invoice Posted,2023-04-12T12:29:00Z,invoice_header,APP-0000009800,USR-038,"[""PC-PURCHASEREQUISITION-000732"",""PC-RFQ-000732"",""PC-MATERIAL-000232""]"
PC-PURCHASEREQUISITION-000700,Goods Receipt Reversed,2023-04-12T14:14:00Z,accounting_header,APP-0000009804,USR-118,"[""PC-PURCHASEREQUISITION-000700"",""PC-ADVANCESHIPPINGNOTICE-000200"",""PC-PAYMENTPROPOSAL-000200""]"
PC-PURCHASEREQUISITION-000716,Payment Executed,2023-04-13T00:23:00Z,goods_movement_header,APP-0000009851,USR-030,"[""PC-PURCHASEREQUISITION-000716"",""PC-GOODSRECEIPT-000216"",""PC-COSTCENTER-000216""]"
PC-PURCHASEREQUISITION-000715,Payment Reversed,2023-04-13T03:23:00Z,inspection_lot,APP-0000009865,USR-014,"[""PC-PURCHASEREQUISITION-000715"",""PC-INSPECTIONLOT-000215"",""PC-REQUISITIONITEM-000715""]"
PC-PURCHASEREQUISITION-000714,PO Item Final-Invoiced,2023-04-13T06:23:00Z,invoice_header,APP-0000009881,USR-125,"[""PC-PURCHASEREQUISITION-000714"",""PC-INVOICE-000214"",""PC-RFQ-000714""]"
PC-PURCHASEREQUISITION-000720,Payment Proposal Approved,2023-04-13T06:26:00Z,req_header,APP-0000009882,USR-097,"[""PC-PURCHASEREQUISITION-000720"",""PC-GOODSMOVEMENT-000220"",""PC-PAYMENT-000220""]"
PC-PURCHASEREQUISITION-000758,Quality Inspection Started,2023-04-13T12:46:00Z,req_header,APP-0000009904,USR-090,"[""PC-PURCHASEREQUISITION-000758"",""PC-GOODSRECEIPT-000258"",""PC-COSTCENTER-000258""]"
PC-PURCHASEREQUISITION-000710,Goods Receipt Reversed,2023-04-13T20:14:00Z,accounting_header,APP-0000009930,USR-034,"[""PC-PURCHASEREQUISITION-000710"",""PC-ADVANCESHIPPINGNOTICE-000210"",""PC-PAYMENTPROPOSAL-000210""]"
PC-PURCHASEREQUISITION-000750,PO Item Delivery Completed,2023-04-14T00:44:00Z,req_header,APP-0000009952,USR-087,"[""PC-PURCHASEREQUISITION-000750"",""PC-PAYMENT-000250"",""PC-PURCHASEORDERITEM-000250""]"
PC-PURCHASEREQUISITION-000727,Payment Proposal Approved,2023-04-14T03:33:00Z,req_header,APP-0000009962,USR-089,"[""PC-PURCHASEREQUISITION-000727"",""PC-GOODSMOVEMENT-000227"",""PC-PAYMENT-000227""]"
PC-PURCHASEREQUISITION-000741,Three-Way Match Passed,2023-04-14T03:40:00Z,payment_run,APP-0000009963,USR-066,"[""PC-PURCHASEREQUISITION-000741"",""PC-CONTRACT-000241"",""PC-GOODSMOVEMENT-000241""]"
PC-PURCHASEREQUISITION-000746,Invoice Posted,2023-04-14T06:43:00Z,invoice_header,APP-0000009975,USR-022,"[""PC-PURCHASEREQUISITION-000746"",""PC-RFQ-000746"",""PC-MATERIAL-000246""]"
PC-PURCHASEREQUISITION-000765,Quality Inspection Started,2023-04-14T09:00:00Z,req_header,APP-0000009976,USR-082,"[""PC-PURCHASEREQUISITION-000765"",""PC-GOODSRECEIPT-000265"",""PC-COSTCENTER-000265""]"
PC-PURCHASEREQUISITION-000715,Payment Reversed,2023-04-14T11:51:00Z,inspection_lot,APP-0000009995,USR-014,"[""PC-PURCHASEREQUISITION-000715"",""PC-INSPECTIONLOT-000215"",""PC-REQUISITIONITEM-000715""]"
PC-PURCHASEREQUISITION-000770,Partial Receipt Posted,2023-04-14T18:04:00Z,payment_run,APP-0000010022,USR-039,"[""PC-PURCHASEREQUISITION-000770"",""PC-GOODSMOVEMENT-000270"",""PC-PAYMENT-000270""]"
PC-PURCHASEREQUISITION-000728,Payment Reversed,2023-04-14T18:36:00Z,inspection_lot,APP-0000010032,USR-108,"[""PC-PURCHASEREQUISITION-000728"",""PC-INSPECTIONLOT-000228"",""PC-REQUISITIONITEM-000728""]"
PC-PURCHASEREQUISITION-000746,Three-Way Match Failed,2023-04-15T00:46:00Z,req_header,APP-0000010052,USR-025,"[""PC-PURCHASEREQUISITION-000746"",""PC-PURCHASEORDER-000246"",""PC-GOODSRECEIPT-000246""]"
PC-PURCHASEREQUISITION-000767,Quality Inspection Failed,2023-04-15T03:04:00Z,inspection_lot,APP-0000010057,USR-118,"[""PC-PURCHASEREQUISITION-000767"",""PC-INVOICE-000267"",""PC-RFQ-000767""]"
PC-PURCHASEREQUISITION-000753,Invoice Posted,2023-04-15T03:50:00Z,invoice_header,APP-0000010068,USR-014,"[""PC-PURCHASEREQUISITION-000753"",""PC-RFQ-000753"",""PC-MATERIAL-000253""]"
PC-PURCHASEREQUISITION-000759,Invoice Received,2023-04-15T09:01:00Z,goods_movement_header,APP-0000010079,USR-114,"[""PC-PURCHASEREQUISITION-000759"",""PC-COSTCENTER-000259"",""PC-SCHEDULELINE-000259""]"
PC-PURCHASEREQUISITION-000725,Payment Reversed,2023-04-15T17:51:00Z,inspection_lot,APP-0000010117,USR-057,"[""PC-PURCHASEREQUISITION-000725"",""PC-INSPECTIONLOT-000225"",""PC-REQUISITIONITEM-000725""]"
PC-PURCHASEREQUISITION-000738,Payment Executed,2023-04-15T18:45:00Z,goods_movement_header,APP-0000010132,USR-023,"[""PC-PURCHASEREQUISITION-000738"",""PC-GOODSRECEIPT-000238"",""PC-COSTCENTER-000238""]"
PC-PURCHASEREQUISITION-000752,Invoice Blocked,2023-04-16T00:00:00Z,goods_movement_header,APP-0000010143,USR-001,"[""PC-PURCHASEREQUISITION-000752"",""PC-PURCHASEORDERITEM-000252"",""PC-INSPECTIONLOT-000252""]"
PC-PURCHASEREQUISITION-000779,Quality Inspection Started,2023-04-16T03:14:00Z,req_header,APP-0000010155,USR-066,"[""PC-PURCHASEREQUISITION-000779"",""PC-GOODSRECEIPT-000279"",""PC-COSTCENTER-000279""]"
PC-PURCHASEREQUISITION-000783,Goods Receipt Reversed,2023-04-16T03:16:00Z,accounting_header,APP-0000010156,USR-005,"[""PC-PURCHASEREQUISITION-000783"",""PC-ADVANCESHIPPINGNOTICE-000283"",""PC-PAYMENTPROPOSAL-000283""]"
PC-PURCHASEREQUISITION-000730,Payment Reversed,2023-04-16T08:51:00Z,inspection_lot,APP-0000010182,USR-015,"[""PC-PURCHASEREQUISITION-000730"",""PC-INSPECTIONLOT-000230"",""PC-REQUISITIONITEM-000730""]"
PC-PURCHASEREQUISITION-000737,Supplier Blocked,2023-04-16T15:48:00Z,payment_run,APP-0000010214,USR-010,"[""PC-PURCHASEREQUISITION-000737"",""PC-ACCOUNTINGDOCUMENT-000237"",""PC-CONTRACT-000237""]"
PC-PURCHASEREQUISITION-000735,Payment Reversed,2023-04-16T23:51:00Z,inspection_lot,APP-0000010242,USR-100,"[""PC-PURCHASEREQUISITION-000735"",""PC-INSPECTIONLOT-000235"",""PC-REQUISITIONITEM-000735""]"
PC-PURCHASEREQUISITION-000763,Three-Way Match Failed,2023-04-17T03:10:00Z,req_header,APP-0000010256,USR-060,"[""PC-PURCHASEREQUISITION-000763"",""PC-PURCHASEORDER-000263"",""PC-GOODSRECEIPT-000263""]"
PC-PURCHASEREQUISITION-000767,Invoice Changed,2023-04-17T03:12:00Z,accounting_header,APP-0000010257,USR-126,"[""PC-PURCHASEREQUISITION-000767"",""PC-SUPPLIERQUOTATION-000767"",""PC-ADVANCESHIPPINGNOTICE-000267""]"
PC-PURCHASEREQUISITION-000785,Quality Inspection Passed,2023-04-17T03:21:00Z,goods_movement_header,APP-0000010258,USR-042,"[""PC-PURCHASEREQUISITION-000785"",""PC-INSPECTIONLOT-000285"",""PC-REQUISITIONITEM-000785""]"
PC-PURCHASEREQUISITION-000748,PO Item Final-Invoiced,2023-04-17T12:04:00Z,invoice_header,APP-0000010296,USR-068,"[""PC-PURCHASEREQUISITION-000748"",""PC-INVOICE-000248"",""PC-RFQ-000748""]"
PC-PURCHASEREQUISITION-000762,Invoice Unblocked,2023-04-17T12:11:00Z,inspection_lot,APP-0000010297,USR-045,"[""PC-PURCHASEREQUISITION-000762"",""PC-SCHEDULELINE-000262"",""PC-INVOICE-000262""]"
PC-PURCHASEREQUISITION-000740,Payment Reversed,2023-04-17T14:51:00Z,inspection_lot,APP-0000010308,USR-058,"[""PC-PURCHASEREQUISITION-000740"",""PC-INSPECTIONLOT-000240"",""PC-REQUISITIONITEM-000740""]"
PC-PURCHASEREQUISITION-000749,Purchase Order Closed,2023-04-17T21:06:00Z,accounting_header,APP-0000010338,USR-086,"[""PC-PURCHASEREQUISITION-000749"",""PC-INVOICEITEM-000249"",""PC-SUPPLIERQUOTATION-000749""]"
PC-PURCHASEREQUISITION-000748,Supplier Unblocked,2023-04-18T06:07:00Z,req_header,APP-0000010376,USR-071,"[""PC-PURCHASEREQUISITION-000748"",""PC-PAYMENTPROPOSAL-000248"",""PC-PURCHASEORDER-000248""]"
PC-PURCHASEREQUISITION-000762,Payment Proposal Approved,2023-04-18T12:15:00Z,req_header,APP-0000010402,USR-049,"[""PC-PURCHASEREQUISITION-000762"",""PC-GOODSMOVEMENT-000262"",""PC-PAYMENT-000262""]"
PC-PURCHASEREQUISITION-000778,Invoice Changed,2023-04-18T12:23:00Z,accounting_header,APP-0000010404,USR-059,"[""PC-PURCHASEREQUISITION-000778"",""PC-SUPPLIERQUOTATION-000778"",""PC-ADVANCESHIPPINGNOTICE-000278""]"
PC-PURCHASEREQUISITION-000800,Quality Inspection Started,2023-04-18T18:35:00Z,req_header,APP-0000010428,USR-042,"[""PC-PURCHASEREQUISITION-000800"",""PC-GOODSRECEIPT-000300"",""PC-COSTCENTER-000300""]"
PC-PURCHASEREQUISITION-000750,Goods Receipt Reversed,2023-04-18T20:14:00Z,accounting_header,APP-0000010432,USR-079,"[""PC-PURCHASEREQUISITION-000750"",""PC-ADVANCESHIPPINGNOTICE-000250"",""PC-PAYMENTPROPOSAL-000250""]"
PC-PURCHASEREQUISITION-000793,Stock Released from Blocked Stock,2023-04-18T21:32:00Z,accounting_header,APP-0000010443,USR-054,"[""PC-PURCHASEREQUISITION-000793"",""PC-ACCOUNTINGDOCUMENT-000293"",""PC-CONTRACT-000293""]"
PC-PURCHASEREQUISITION-000795,Stock Placed in Blocked Stock,2023-04-18T21:33:00Z,invoice_header,APP-0000010444,USR-087,"[""PC-PURCHASEREQUISITION-000795"",""PC-INVOICEITEM-000295"",""PC-SUPPLIERQUOTATION-000795""]"
PC-PURCHASEREQUISITION-000809,Goods Receipt Posted,2023-04-19T03:41:00Z,invoice_header,APP-0000010466,USR-065,"[""PC-PURCHASEREQUISITION-000809"",""PC-MATERIAL-000309"",""PC-ACCOUNTINGDOCUMENT-000309""]"
PC-PURCHASEREQUISITION-000780,Three-Way Match Failed,2023-04-19T06:27:00Z,req_header,APP-0000010476,USR-095,"[""PC-PURCHASEREQUISITION-000780"",""PC-PURCHASEORDER-000280"",""PC-GOODSRECEIPT-000280""]"
PC-PURCHASEREQUISITION-000790,Invoice Received,2023-04-19T06:32:00Z,goods_movement_header,APP-0000010477,USR-006,"[""PC-PURCHASEREQUISITION-000790"",""PC-COSTCENTER-000290"",""PC-SCHEDULELINE-000290""]"
PC-PURCHASEREQUISITION-000755,Goods Receipt Reversed,2023-04-19T11:14:00Z,accounting_header,APP-0000010494,USR-037,"[""PC-PURCHASEREQUISITION-000755"",""PC-ADVANCESHIPPINGNOTICE-000255"",""PC-PAYMENTPROPOSAL-000255""]"
PC-PURCHASEREQUISITION-000788,Invoice Posted,2023-04-19T12:32:00Z,invoice_header,APP-0000010506,USR-101,"[""PC-PURCHASEREQUISITION-000788"",""PC-RFQ-000788"",""PC-MATERIAL-000288""]"
PC-PURCHASEREQUISITION-000807,Quality Inspection Started,2023-04-19T15:42:00Z,req_header,APP-0000010518,USR-034,"[""PC-PURCHASEREQUISITION-000807"",""PC-GOODSRECEIPT-000307"",""PC-COSTCENTER-000307""]"
PC-PURCHASEREQUISITION-000778,Credit Memo Posted,2023-04-19T18:28:00Z,invoice_header,APP-0000010528,USR-064,"[""PC-PURCHASEREQUISITION-000778"",""PC-SUPPLIER-000278"",""PC-INVOICEITEM-000278""]"
PC-PURCHASEREQUISITION-000771,Payment Executed,2023-04-19T21:25:00Z,goods_movement_header,APP-0000010542,USR-076,"[""PC-PURCHASEREQUISITION-000771"",""PC-GOODSRECEIPT-000271"",""PC-COSTCENTER-000271""]"
PC-PURCHASEREQUISITION-000806,Quality Inspection Failed,2023-04-20T00:43:00Z,inspection_lot,APP-0000010555,USR-019,"[""PC-PURCHASEREQUISITION-000806"",""PC-INVOICE-000306"",""PC-RFQ-000806""]"
PC-PURCHASEREQUISITION-000760,Goods Receipt Reversed,2023-04-20T02:14:00Z,accounting_header,APP-0000010559,USR-122,"[""PC-PURCHASEREQUISITION-000760"",""PC-ADVANCESHIPPINGNOTICE-000260"",""PC-PAYMENTPROPOSAL-000260""]"
PC-PURCHASEREQUISITION-000814,Quality Inspection Started,2023-04-20T12:49:00Z,req_header,APP-0000010604,USR-026,"[""PC-PURCHASEREQUISITION-000814"",""PC-GOODSRECEIPT-000314"",""PC-COSTCENTER-000314""]"
PC-PURCHASEREQUISITION-000765,Payment Reversed,2023-04-20T17:51:00Z,inspection_lot,APP-0000010621,USR-102,"[""PC-PURCHASEREQUISITION-000765"",""PC-INSPECTIONLOT-000265"",""PC-REQUISITIONITEM-000765""]"
PC-PURCHASEREQUISITION-000812,Stock Placed in Blocked Stock,2023-04-21T00:50:00Z,invoice_header,APP-0000010654,USR-122,"[""PC-PURCHASEREQUISITION-000812"",""PC-INVOICEITEM-000312"",""PC-SUPPLIERQUOTATION-000812""]"
PC-PURCHASEREQUISITION-000783,Payment Proposal Approved,2023-04-21T03:36:00Z,req_header,APP-0000010664,USR-025,"[""PC-PURCHASEREQUISITION-000783"",""PC-GOODSMOVEMENT-000283"",""PC-PAYMENT-000283""]"
PC-PURCHASEREQUISITION-000818,Quality Inspection Passed,2023-04-21T06:01:00Z,goods_movement_header,APP-0000010665,USR-095,"[""PC-PURCHASEREQUISITION-000818"",""PC-INSPECTIONLOT-000318"",""PC-REQUISITIONITEM-000818""]"
PC-PURCHASEREQUISITION-000782,Payment Executed,2023-04-21T06:36:00Z,goods_movement_header,APP-0000010678,USR-009,"[""PC-PURCHASEREQUISITION-000782"",""PC-GOODSRECEIPT-000282"",""PC-COSTCENTER-000282""]"
PC-PURCHASEREQUISITION-000800,Invoice Changed,2023-04-21T06:45:00Z,accounting_header,APP-0000010679,USR-052,"[""PC-PURCHASEREQUISITION-000800"",""PC-SUPPLIERQUOTATION-000800"",""PC-ADVANCESHIPPINGNOTICE-000300""]"
PC-PURCHASEREQUISITION-000810,Return to Supplier Posted,2023-04-21T06:50:00Z,payment_run,APP-0000010682,USR-090,"[""PC-PURCHASEREQUISITION-000810"",""PC-PAYMENTPROPOSAL-000310"",""PC-PURCHASEORDER-000310""]"
PC-PURCHASEREQUISITION-000770,Payment Reversed,2023-04-21T08:51:00Z,inspection_lot,APP-0000010687,USR-060,"[""PC-PURCHASEREQUISITION-000770"",""PC-INSPECTIONLOT-000270"",""PC-REQUISITIONITEM-000770""]"
PC-PURCHASEREQUISITION-000819,Quality Inspection Failed,2023-04-21T15:03:00Z,inspection_lot,APP-0000010709,USR-113,"[""PC-PURCHASEREQUISITION-000819"",""PC-INVOICE-000319"",""PC-RFQ-000819""]"
PC-PURCHASEREQUISITION-000775,Goods Receipt Reversed,2023-04-21T23:14:00Z,accounting_header,APP-0000010743,USR-123,"[""PC-PURCHASEREQUISITION-000775"",""PC-ADVANCESHIPPINGNOTICE-000275"",""PC-PAYMENTPROPOSAL-000275""]"
PC-PURCHASEREQUISITION-000806,Three-Way Match Passed,2023-04-22T06:52:00Z,payment_run,APP-0000010778,USR-028,"[""PC-PURCHASEREQUISITION-000806"",""PC-CONTRACT-000306"",""PC-GOODSMOVEMENT-000306""]"
PC-PURCHASEREQUISITION-000780,Goods Receipt Reversed,2023-04-22T14:14:00Z,accounting_header,APP-0000010806,USR-081,"[""PC-PURCHASEREQUISITION-000780"",""PC-ADVANCESHIPPINGNOTICE-000280"",""PC-PAYMENTPROPOSAL-000280""]"
PC-PURCHASEREQUISITION-000829,Quality Inspection Passed,2023-04-22T15:12:00Z,goods_movement_header,APP-0000010809,USR-028,"[""PC-PURCHASEREQUISITION-000829"",""PC-INSPECTIONLOT-000329"",""PC-REQUISITIONITEM-000829""]"
PC-PURCHASEREQUISITION-000797,Payment Proposal Approved,2023-04-22T21:50:00Z,req_header,APP-0000010845,USR-009,"[""PC-PURCHASEREQUISITION-000797"",""PC-GOODSMOVEMENT-000297"",""PC-PAYMENT-000297""]"
PC-PURCHASEREQUISITION-000816,Invoice Posted,2023-04-23T00:07:00Z,invoice_header,APP-0000010846,USR-069,"[""PC-PURCHASEREQUISITION-000816"",""PC-RFQ-000816"",""PC-MATERIAL-000316""]"
PC-PURCHASEREQUISITION-000835,Quality Inspection Started,2023-04-23T03:17:00Z,req_header,APP-0000010860,USR-002,"[""PC-PURCHASEREQUISITION-000835"",""PC-GOODSRECEIPT-000335"",""PC-COSTCENTER-000335""]"
PC-PURCHASEREQUISITION-000785,Goods Receipt Reversed,2023-04-23T05:14:00Z,accounting_header,APP-0000010872,USR-039,"[""PC-PURCHASEREQUISITION-000785"",""PC-ADVANCESHIPPINGNOTICE-000285"",""PC-PAYMENTPROPOSAL-000285""]"
PC-PURCHASEREQUISITION-000831,Stock Released from Blocked Stock,2023-04-23T15:17:00Z,accounting_header,APP-0000010907,USR-065,"[""PC-PURCHASEREQUISITION-000831"",""PC-ACCOUNTINGDOCUMENT-000331"",""PC-CONTRACT-000331""]"
PC-PURCHASEREQUISITION-000790,Goods Receipt Reversed,2023-04-23T20:14:00Z,accounting_header,APP-0000010930,USR-124,"[""PC-PURCHASEREQUISITION-000790"",""PC-ADVANCESHIPPINGNOTICE-000290"",""PC-PAYMENTPROPOSAL-000290""]"
PC-PURCHASEREQUISITION-000799,PO Item Final-Invoiced,2023-04-23T21:02:00Z,invoice_header,APP-0000010933,USR-046,"[""PC-PURCHASEREQUISITION-000799"",""PC-INVOICE-000299"",""PC-RFQ-000799""]"
PC-PURCHASEREQUISITION-000819,Three-Way Match Passed,2023-04-23T21:12:00Z,payment_run,APP-0000010934,USR-122,"[""PC-PURCHASEREQUISITION-000819"",""PC-CONTRACT-000319"",""PC-GOODSMOVEMENT-000319""]"
PC-PURCHASEREQUISITION-000804,Payment Executed,2023-04-24T00:05:00Z,goods_movement_header,APP-0000010947,USR-002,"[""PC-PURCHASEREQUISITION-000804"",""PC-GOODSRECEIPT-000304"",""PC-COSTCENTER-000304""]"
PC-PURCHASEREQUISITION-000822,Invoice Changed,2023-04-24T00:14:00Z,accounting_header,APP-0000010948,USR-045,"[""PC-PURCHASEREQUISITION-000822"",""PC-SUPPLIERQUOTATION-000822"",""PC-ADVANCESHIPPINGNOTICE-000322""]"
PC-PURCHASEREQUISITION-000840,Quality Inspection Passed,2023-04-24T00:23:00Z,goods_movement_header,APP-0000010949,USR-088,"[""PC-PURCHASEREQUISITION-000840"",""PC-INSPECTIONLOT-000340"",""PC-REQUISITIONITEM-000840""]"
PC-PURCHASEREQUISITION-000795,Goods Receipt Reversed,2023-04-24T11:14:00Z,accounting_header,APP-0000010996,USR-082,"[""PC-PURCHASEREQUISITION-000795"",""PC-ADVANCESHIPPINGNOTICE-000295"",""PC-PAYMENTPROPOSAL-000295""]"
PC-PURCHASEREQUISITION-000806,Payment Reversed,2023-04-24T12:08:00Z,inspection_lot,APP-0000011004,USR-037,"[""PC-PURCHASEREQUISITION-000806"",""PC-INSPECTIONLOT-000306"",""PC-REQUISITIONITEM-000806""]"
PC-PURCHASEREQUISITION-000830,Invoice Posted,2023-04-24T18:21:00Z,invoice_header,APP-0000011028,USR-053,"[""PC-PURCHASEREQUISITION-000830"",""PC-RFQ-000830"",""PC-MATERIAL-000330""]"
PC-PURCHASEREQUISITION-000800,Payment Reversed,2023-04-25T02:51:00Z,inspection_lot,APP-0000011059,USR-062,"[""PC-PURCHASEREQUISITION-000800"",""PC-INSPECTIONLOT-000300"",""PC-REQUISITIONITEM-000800""]"
PC-PURCHASEREQUISITION-000806,Supplier Blocked,2023-04-25T06:11:00Z,payment_run,APP-0000011078,USR-040,"[""PC-PURCHASEREQUISITION-000806"",""PC-ACCOUNTINGDOCUMENT-000306"",""PC-CONTRACT-000306""]"
PC-PURCHASEREQUISITION-000846,Stock Placed in Blocked Stock,2023-04-25T06:31:00Z,invoice_header,APP-0000011080,USR-065,"[""PC-PURCHASEREQUISITION-000846"",""PC-INVOICEITEM-000346"",""PC-SUPPLIERQUOTATION-000846""]"
PC-PURCHASEREQUISITION-000838,Invoice Parked,2023-04-25T12:28:00Z,inspection_lot,APP-0000011109,USR-061,"[""PC-PURCHASEREQUISITION-000838"",""PC-REQUISITIONITEM-000838"",""PC-SUPPLIER-000338""]"
PC-PURCHASEREQUISITION-000831,Three-Way Match Failed,2023-04-25T15:25:00Z,req_header,APP-0000011119,USR-073,"[""PC-PURCHASEREQUISITION-000831"",""PC-PURCHASEORDER-000331"",""PC-GOODSRECEIPT-000331""]"
PC-PURCHASEREQUISITION-000805,Payment Reversed,2023-04-25T17:51:00Z,inspection_lot,APP-0000011124,USR-020,"[""PC-PURCHASEREQUISITION-000805"",""PC-INSPECTIONLOT-000305"",""PC-REQUISITIONITEM-000805""]"
PC-PURCHASEREQUISITION-000819,Payment Reversed,2023-04-26T03:21:00Z,inspection_lot,APP-0000011168,USR-004,"[""PC-PURCHASEREQUISITION-000819"",""PC-INSPECTIONLOT-000319"",""PC-REQUISITIONITEM-000819""]"
PC-PURCHASEREQUISITION-000828,Accounting Document Created,2023-04-26T06:26:00Z,accounting_header,APP-0000011179,USR-026,"[""PC-PURCHASEREQUISITION-000828"",""PC-MATERIAL-000328"",""PC-ACCOUNTINGDOCUMENT-000328""]"
PC-PURCHASEREQUISITION-000810,Goods Receipt Reversed,2023-04-26T08:14:00Z,accounting_header,APP-0000011182,USR-083,"[""PC-PURCHASEREQUISITION-000810"",""PC-ADVANCESHIPPINGNOTICE-000310"",""PC-PAYMENTPROPOSAL-000310""]"
PC-PURCHASEREQUISITION-000825,Payment Proposal Approved,2023-04-26T09:25:00Z,req_header,APP-0000011193,USR-104,"[""PC-PURCHASEREQUISITION-000825"",""PC-GOODSMOVEMENT-000325"",""PC-PAYMENT-000325""]"
PC-PURCHASEREQUISITION-000844,Invoice Posted,2023-04-26T12:35:00Z,invoice_header,APP-0000011204,USR-037,"[""PC-PURCHASEREQUISITION-000844"",""PC-RFQ-000844"",""PC-MATERIAL-000344""]"
PC-PURCHASEREQUISITION-000858,Quality Inspection Failed,2023-04-26T12:42:00Z,inspection_lot,APP-0000011205,USR-014,"[""PC-PURCHASEREQUISITION-000858"",""PC-INVOICE-000358"",""PC-RFQ-000858""]"
PC-PURCHASEREQUISITION-000863,Quality Inspection Started,2023-04-26T15:45:00Z,req_header,APP-0000011217,USR-097,"[""PC-PURCHASEREQUISITION-000863"",""PC-GOODSRECEIPT-000363"",""PC-COSTCENTER-000363""]"
PC-PURCHASEREQUISITION-000862,Quality Inspection Passed,2023-04-26T18:45:00Z,goods_movement_header,APP-0000011232,USR-081,"[""PC-PURCHASEREQUISITION-000862"",""PC-INSPECTIONLOT-000362"",""PC-REQUISITIONITEM-000862""]"
PC-PURCHASEREQUISITION-000832,Payment Proposal Created,2023-04-27T00:31:00Z,payment_run,APP-0000011259,USR-095,"[""PC-PURCHASEREQUISITION-000832"",""PC-ADVANCESHIPPINGNOTICE-000332"",""PC-PAYMENTPROPOSAL-000332""]"
PC-PURCHASEREQUISITION-000836,Credit Memo Posted,2023-04-27T00:33:00Z,invoice_header,APP-0000011260,USR-034,"[""PC-PURCHASEREQUISITION-000836"",""PC-SUPPLIER-000336"",""PC-INVOICEITEM-000336""]"
PC-PURCHASEREQUISITION-000856,Return to Supplier Posted,2023-04-27T00:43:00Z,payment_run,APP-0000011262,USR-110,"[""PC-PURCHASEREQUISITION-000856"",""PC-PAYMENTPROPOSAL-000356"",""PC-PURCHASEORDER-000356""]"
PC-PURCHASEREQUISITION-000825,Purchase Order Closed,2023-04-27T09:29:00Z,accounting_header,APP-0000011293,USR-108,"[""PC-PURCHASEREQUISITION-000825"",""PC-INVOICEITEM-000325"",""PC-SUPPLIERQUOTATION-000825""]"
PC-PURCHASEREQUISITION-000820,Goods Receipt Reversed,2023-04-27T14:14:00Z,accounting_header,APP-0000011309,USR-126,"[""PC-PURCHASEREQUISITION-000820"",""PC-ADVANCESHIPPINGNOTICE-000320"",""PC-PAYMENTPROPOSAL-000320""]"
PC-PURCHASEREQUISITION-000876,Goods Receipt Reversed,2023-04-27T18:03:00Z,accounting_header,APP-0000011321,USR-062,"[""PC-PURCHASEREQUISITION-000876"",""PC-ADVANCESHIPPINGNOTICE-000376"",""PC-PAYMENTPROPOSAL-000376""]"
PC-PURCHASEREQUISITION-000832,Payment Reversed,2023-04-27T18:34:00Z,inspection_lot,APP-0000011332,USR-098,"[""PC-PURCHASEREQUISITION-000832"",""PC-INSPECTIONLOT-000332"",""PC-REQUISITIONITEM-000832""]"
PC-PURCHASEREQUISITION-000873,Quality Inspection Passed,2023-04-28T03:03:00Z,goods_movement_header,APP-0000011356,USR-014,"[""PC-PURCHASEREQUISITION-000873"",""PC-INSPECTIONLOT-000373"",""PC-REQUISITIONITEM-000873""]"
PC-PURCHASEREQUISITION-000829,Supplier Blocked,2023-04-28T03:34:00Z,payment_run,APP-0000011367,USR-050,"[""PC-PURCHASEREQUISITION-000829"",""PC-ACCOUNTINGDOCUMENT-000329"",""PC-CONTRACT-000329""]"
PC-PURCHASEREQUISITION-000833,PO Item Final-Invoiced,2023-04-28T03:36:00Z,invoice_header,APP-0000011369,USR-116,"[""PC-PURCHASEREQUISITION-000833"",""PC-INVOICE-000333"",""PC-RFQ-000833""]"
PC-PURCHASEREQUISITION-000869,Stock Released from Blocked Stock,2023-04-28T09:02:00Z,accounting_header,APP-0000011387,USR-076,"[""PC-PURCHASEREQUISITION-000869"",""PC-ACCOUNTINGDOCUMENT-000369"",""PC-CONTRACT-000369""]"
PC-PURCHASEREQUISITION-000866,PO Item Delivery Completed,2023-04-28T12:01:00Z,req_header,APP-0000011398,USR-027,"[""PC-PURCHASEREQUISITION-000866"",""PC-PAYMENT-000366"",""PC-PURCHASEORDERITEM-000366""]"
PC-PURCHASEREQUISITION-000858,Three-Way Match Passed,2023-04-28T18:51:00Z,payment_run,APP-0000011433,USR-023,"[""PC-PURCHASEREQUISITION-000858"",""PC-CONTRACT-000358"",""PC-GOODSMOVEMENT-000358""]"
PC-PURCHASEREQUISITION-000830,Payment Reversed,2023-04-28T20:51:00Z,inspection_lot,APP-0000011437,USR-064,"[""PC-PURCHASEREQUISITION-000830"",""PC-INSPECTIONLOT-000330"",""PC-REQUISITIONITEM-000830""]"
PC-PURCHASEREQUISITION-000835,Supplier Unblocked,2023-04-29T03:41:00Z,req_header,APP-0000011469,USR-026,"[""PC-PURCHASEREQUISITION-000835"",""PC-PAYMENTPROPOSAL-000335"",""PC-PURCHASEORDER-000335""]"
PC-PURCHASEREQUISITION-000884,Quality Inspection Started,2023-04-29T06:13:00Z,req_header,APP-0000011472,USR-073,"[""PC-PURCHASEREQUISITION-000884"",""PC-GOODSRECEIPT-000384"",""PC-COSTCENTER-000384""]"
PC-PURCHASEREQUISITION-000835,Payment Reversed,2023-04-29T11:51:00Z,inspection_lot,APP-0000011497,USR-022,"[""PC-PURCHASEREQUISITION-000835"",""PC-INSPECTIONLOT-000335"",""PC-REQUISITIONITEM-000835""]"
PC-PURCHASEREQUISITION-000866,Invoice Changed,2023-04-29T12:05:00Z,accounting_header,APP-0000011498,USR-031,"[""PC-PURCHASEREQUISITION-000866"",""PC-SUPPLIERQUOTATION-000866"",""PC-ADVANCESHIPPINGNOTICE-000366""]"
PC-PURCHASEREQUISITION-000880,Stock Placed in Blocked Stock,2023-04-29T12:12:00Z,invoice_header,APP-0000011499,USR-008,"[""PC-PURCHASEREQUISITION-000880"",""PC-INVOICEITEM-000380"",""PC-SUPPLIERQUOTATION-000880""]"
PC-PURCHASEREQUISITION-000848,Payment Executed,2023-04-29T12:49:00Z,goods_movement_header,APP-0000011513,USR-115,"[""PC-PURCHASEREQUISITION-000848"",""PC-GOODSRECEIPT-000348"",""PC-COSTCENTER-000348""]"
PC-PURCHASEREQUISITION-000844,Purchase Order Closed,2023-04-29T18:48:00Z,accounting_header,APP-0000011533,USR-050,"[""PC-PURCHASEREQUISITION-000844"",""PC-INVOICEITEM-000344"",""PC-SUPPLIERQUOTATION-000844""]"
PC-PURCHASEREQUISITION-000853,Payment Proposal Approved,2023-04-29T21:00:00Z,req_header,APP-0000011534,USR-072,"[""PC-PURCHASEREQUISITION-000853"",""PC-GOODSMOVEMENT-000353"",""PC-PAYMENT-000353""]"
PC-PURCHASEREQUISITION-000865,Three-Way Match Failed,2023-04-29T21:06:00Z,req_header,APP-0000011535,USR-016,"[""PC-PURCHASEREQUISITION-000865"",""PC-PURCHASEORDER-000365"",""PC-GOODSRECEIPT-000365""]"
PC-PURCHASEREQUISITION-000879,Return to Supplier Posted,2023-04-29T21:13:00Z,payment_run,APP-0000011536,USR-120,"[""PC-PURCHASEREQUISITION-000879"",""PC-PAYMENTPROPOSAL-000379"",""PC-PURCHASEORDER-000379""]"
PC-PURCHASEREQUISITION-000840,Goods Receipt Reversed,2023-04-30T02:14:00Z,accounting_header,APP-0000011559,USR-085,"[""PC-PURCHASEREQUISITION-000840"",""PC-ADVANCESHIPPINGNOTICE-000340"",""PC-PAYMENTPROPOSAL-000340""]"
PC-PURCHASEREQUISITION-000850,PO Item Final-Invoiced,2023-04-30T06:00:00Z,invoice_header,APP-0000011574,USR-024,"[""PC-PURCHASEREQUISITION-000850"",""PC-INVOICE-000350"",""PC-RFQ-000850""]"
PC-PURCHASEREQUISITION-000866,Invoice Blocked,2023-04-30T06:08:00Z,goods_movement_header,APP-0000011575,USR-034,"[""PC-PURCHASEREQUISITION-000866"",""PC-PURCHASEORDERITEM-000366"",""PC-INSPECTIONLOT-000366""]"
PC-PURCHASEREQUISITION-000865,Credit Memo Posted,2023-04-30T15:09:00Z,invoice_header,APP-0000011608,USR-019,"[""PC-PURCHASEREQUISITION-000865"",""PC-SUPPLIER-000365"",""PC-INVOICEITEM-000365""]"
PC-PURCHASEREQUISITION-000845,Goods Receipt Reversed,2023-04-30T17:14:00Z,accounting_header,APP-0000011618,USR-043,"[""PC-PURCHASEREQUISITION-000845"",""PC-ADVANCESHIPPINGNOTICE-000345"",""PC-PAYMENTPROPOSAL-000345""]"
PC-PURCHASEREQUISITION-000888,Stock Released from Blocked Stock,2023-04-30T18:21:00Z,accounting_header,APP-0000011624,USR-018,"[""PC-PURCHASEREQUISITION-000888"",""PC-ACCOUNTINGDOCUMENT-000388"",""PC-CONTRACT-000388""]"
PC-PURCHASEREQUISITION-000879,Invoice Posted,2023-04-30T21:17:00Z,invoice_header,APP-0000011639,USR-124,"[""PC-PURCHASEREQUISITION-000879"",""PC-RFQ-000879"",""PC-MATERIAL-000379""]"
PC-PURCHASEREQUISITION-000883,Invoice Received,2023-04-30T21:19:00Z,goods_movement_header,APP-0000011640,USR-063,"[""PC-PURCHASEREQUISITION-000883"",""PC-COSTCENTER-000383"",""PC-SCHEDULELINE-000383""]"
PC-PURCHASEREQUISITION-000895,Quality Inspection Passed,2023-04-30T21:25:00Z,goods_movement_header,APP-0000011641,USR-007,"[""PC-PURCHASEREQUISITION-000895"",""PC-INSPECTIONLOT-000395"",""PC-REQUISITIONITEM-000895""]"
PC-PURCHASEREQUISITION-000858,Payment Reversed,2023-05-01T00:07:00Z,inspection_lot,APP-0000011656,USR-032,"[""PC-PURCHASEREQUISITION-000858"",""PC-INSPECTIONLOT-000358"",""PC-REQUISITIONITEM-000858""]"
PC-PURCHASEREQUISITION-000850,Goods Receipt Reversed,2023-05-01T08:14:00Z,accounting_header,APP-0000011686,USR-001,"[""PC-PURCHASEREQUISITION-000850"",""PC-ADVANCESHIPPINGNOTICE-000350"",""PC-PAYMENTPROPOSAL-000350""]"
PC-PURCHASEREQUISITION-000897,Quality Inspection Failed,2023-05-01T09:28:00Z,inspection_lot,APP-0000011695,USR-042,"[""PC-PURCHASEREQUISITION-000897"",""PC-INVOICE-000397"",""PC-RFQ-000897""]"
PC-PURCHASEREQUISITION-000867,Payment Proposal Approved,2023-05-01T15:14:00Z,req_header,APP-0000011716,USR-056,"[""PC-PURCHASEREQUISITION-000867"",""PC-GOODSMOVEMENT-000367"",""PC-PAYMENT-000367""]"
PC-PURCHASEREQUISITION-000869,Payment Proposal Created,2023-05-01T15:15:00Z,payment_run,APP-0000011717,USR-089,"[""PC-PURCHASEREQUISITION-000869"",""PC-ADVANCESHIPPINGNOTICE-000369"",""PC-PAYMENTPROPOSAL-000369""]"
PC-PURCHASEREQUISITION-000907,Goods Receipt Reversed,2023-05-01T15:34:00Z,accounting_header,APP-0000011719,USR-081,"[""PC-PURCHASEREQUISITION-000907"",""PC-ADVANCESHIPPINGNOTICE-000407"",""PC-PAYMENTPROPOSAL-000407""]"
PC-PURCHASEREQUISITION-000855,Goods Receipt Reversed,2023-05-01T23:14:00Z,accounting_header,APP-0000011748,USR-086,"[""PC-PURCHASEREQUISITION-000855"",""PC-ADVANCESHIPPINGNOTICE-000355"",""PC-PAYMENTPROPOSAL-000355""]"
PC-PURCHASEREQUISITION-000895,PO Item Delivery Completed,2023-05-02T03:30:00Z,req_header,APP-0000011773,USR-012,"[""PC-PURCHASEREQUISITION-000895"",""PC-PAYMENT-000395"",""PC-PURCHASEORDERITEM-000395""]"
PC-PURCHASEREQUISITION-000867,PO Item Final-Invoiced,2023-05-02T09:17:00Z,invoice_header,APP-0000011797,USR-059,"[""PC-PURCHASEREQUISITION-000867"",""PC-INVOICE-000367"",""PC-RFQ-000867""]"
PC-PURCHASEREQUISITION-000860,Goods Receipt Reversed,2023-05-02T14:14:00Z,accounting_header,APP-0000011812,USR-044,"[""PC-PURCHASEREQUISITION-000860"",""PC-ADVANCESHIPPINGNOTICE-000360"",""PC-PAYMENTPROPOSAL-000360""]"
PC-PURCHASEREQUISITION-000864,Supplier Unblocked,2023-05-02T18:17:00Z,req_header,APP-0000011833,USR-011,"[""PC-PURCHASEREQUISITION-000864"",""PC-PAYMENTPROPOSAL-000364"",""PC-PURCHASEORDER-000364""]"
PC-PURCHASEREQUISITION-000865,Goods Receipt Reversed,2023-05-03T05:14:00Z,accounting_header,APP-0000011872,USR-002,"[""PC-PURCHASEREQUISITION-000865"",""PC-ADVANCESHIPPINGNOTICE-000365"",""PC-PAYMENTPROPOSAL-000365""]"
PC-PURCHASEREQUISITION-000900,Invoice Posted,2023-05-03T12:38:00Z,invoice_header,APP-0000011905,USR-100,"[""PC-PURCHASEREQUISITION-000900"",""PC-RFQ-000900"",""PC-MATERIAL-000400""]"
PC-PURCHASEREQUISITION-000917,Quality Inspection Passed,2023-05-03T15:47:00Z,goods_movement_header,APP-0000011921,USR-127,"[""PC-PURCHASEREQUISITION-000917"",""PC-INSPECTIONLOT-000417"",""PC-REQUISITIONITEM-000917""]"
PC-PURCHASEREQUISITION-000919,Quality Inspection Started,2023-05-03T15:48:00Z,req_header,APP-0000011922,USR-033,"[""PC-PURCHASEREQUISITION-000919"",""PC-GOODSRECEIPT-000419"",""PC-COSTCENTER-000419""]"
PC-PURCHASEREQUISITION-000870,Goods Receipt Reversed,2023-05-03T20:14:00Z,accounting_header,APP-0000011938,USR-087,"[""PC-PURCHASEREQUISITION-000870"",""PC-ADVANCESHIPPINGNOTICE-000370"",""PC-PAYMENTPROPOSAL-000370""]"
PC-PURCHASEREQUISITION-000875,Supplier Blocked,2023-05-03T21:27:00Z,payment_run,APP-0000011949,USR-070,"[""PC-PURCHASEREQUISITION-000875"",""PC-ACCOUNTINGDOCUMENT-000375"",""PC-CONTRACT-000375""]"
PC-PURCHASEREQUISITION-000888,Payment Proposal Approved,2023-05-04T06:35:00Z,req_header,APP-0000011983,USR-032,"[""PC-PURCHASEREQUISITION-000888"",""PC-GOODSMOVEMENT-000388"",""PC-PAYMENT-000388""]"
PC-PURCHASEREQUISITION-000875,Payment Reversed,2023-05-04T11:51:00Z,inspection_lot,APP-0000011998,USR-067,"[""PC-PURCHASEREQUISITION-000875"",""PC-INSPECTIONLOT-000375"",""PC-REQUISITIONITEM-000875""]"
PC-PURCHASEREQUISITION-000884,PO Item Final-Invoiced,2023-05-04T12:34:00Z,invoice_header,APP-0000012011,USR-094,"[""PC-PURCHASEREQUISITION-000884"",""PC-INVOICE-000384"",""PC-RFQ-000884""]"
PC-PURCHASEREQUISITION-000900,Invoice Unblocked,2023-05-04T18:43:00Z,inspection_lot,APP-0000012033,USR-105,"[""PC-PURCHASEREQUISITION-000900"",""PC-SCHEDULELINE-000400"",""PC-INVOICE-000400""]"
PC-PURCHASEREQUISITION-000928,Quality Inspection Passed,2023-05-05T00:05:00Z,goods_movement_header,APP-0000012045,USR-060,"[""PC-PURCHASEREQUISITION-000928"",""PC-INSPECTIONLOT-000428"",""PC-REQUISITIONITEM-000928""]"
PC-PURCHASEREQUISITION-000904,Invoice Blocked,2023-05-05T00:46:00Z,goods_movement_header,APP-0000012059,USR-045,"[""PC-PURCHASEREQUISITION-000904"",""PC-PURCHASEORDERITEM-000404"",""PC-INSPECTIONLOT-000404""]"
PC-PURCHASEREQUISITION-000914,Invoice Posted,2023-05-05T06:52:00Z,invoice_header,APP-0000012087,USR-084,"[""PC-PURCHASEREQUISITION-000914"",""PC-RFQ-000914"",""PC-MATERIAL-000414""]"
PC-PURCHASEREQUISITION-000933,Quality Inspection Started,2023-05-05T09:09:00Z,req_header,APP-0000012088,USR-017,"[""PC-PURCHASEREQUISITION-000933"",""PC-GOODSRECEIPT-000433"",""PC-COSTCENTER-000433""]"
PC-PURCHASEREQUISITION-000925,Return to Supplier Posted,2023-05-05T15:06:00Z,payment_run,APP-0000012111,USR-013,"[""PC-PURCHASEREQUISITION-000925"",""PC-PAYMENTPROPOSAL-000425"",""PC-PURCHASEORDER-000425""]"
PC-PURCHASEREQUISITION-000885,Goods Receipt Reversed,2023-05-05T17:14:00Z,accounting_header,APP-0000012125,USR-088,"[""PC-PURCHASEREQUISITION-000885"",""PC-ADVANCESHIPPINGNOTICE-000385"",""PC-PAYMENTPROPOSAL-000385""]"
PC-PURCHASEREQUISITION-000924,PO Item Delivery Completed,2023-05-05T18:06:00Z,req_header,APP-0000012127,USR-124,"[""PC-PURCHASEREQUISITION-000924"",""PC-PAYMENT-000424"",""PC-PURCHASEORDERITEM-000424""]"
PC-PURCHASEREQUISITION-000940,Quality Inspection Started,2023-05-06T06:16:00Z,req_header,APP-0000012171,USR-009,"[""PC-PURCHASEREQUISITION-000940"",""PC-GOODSRECEIPT-000440"",""PC-COSTCENTER-000440""]"
PC-PURCHASEREQUISITION-000906,Payment Proposal Created,2023-05-06T06:52:00Z,payment_run,APP-0000012182,USR-083,"[""PC-PURCHASEREQUISITION-000906"",""PC-ADVANCESHIPPINGNOTICE-000406"",""PC-PAYMENTPROPOSAL-000406""]"
PC-PURCHASEREQUISITION-000921,Invoice Changed,2023-05-06T09:07:00Z,accounting_header,APP-0000012187,USR-077,"[""PC-PURCHASEREQUISITION-000921"",""PC-SUPPLIERQUOTATION-000921"",""PC-ADVANCESHIPPINGNOTICE-000421""]"
PC-PURCHASEREQUISITION-000939,Quality Inspection Passed,2023-05-06T09:16:00Z,goods_movement_header,APP-0000012188,USR-120,"[""PC-PURCHASEREQUISITION-000939"",""PC-INSPECTIONLOT-000439"",""PC-REQUISITIONITEM-000939""]"
PC-PURCHASEREQUISITION-000893,Supplier Unblocked,2023-05-06T09:46:00Z,req_header,APP-0000012200,USR-123,"[""PC-PURCHASEREQUISITION-000893"",""PC-PAYMENTPROPOSAL-000393"",""PC-PURCHASEORDER-000393""]"
PC-PURCHASEREQUISITION-000903,Payment Executed,2023-05-06T09:51:00Z,goods_movement_header,APP-0000012203,USR-034,"[""PC-PURCHASEREQUISITION-000903"",""PC-GOODSRECEIPT-000403"",""PC-COSTCENTER-000403""]"
PC-PURCHASEREQUISITION-000901,Purchase Order Closed,2023-05-06T21:52:00Z,accounting_header,APP-0000012248,USR-003,"[""PC-PURCHASEREQUISITION-000901"",""PC-INVOICEITEM-000401"",""PC-SUPPLIERQUOTATION-000901""]"
PC-PURCHASEREQUISITION-000895,Payment Reversed,2023-05-06T23:51:00Z,inspection_lot,APP-0000012252,USR-026,"[""PC-PURCHASEREQUISITION-000895"",""PC-INSPECTIONLOT-000395"",""PC-REQUISITIONITEM-000895""]"
PC-PURCHASEREQUISITION-000923,Invoice Blocked,2023-05-07T09:12:00Z,goods_movement_header,APP-0000012289,USR-114,"[""PC-PURCHASEREQUISITION-000923"",""PC-PURCHASEORDERITEM-000423"",""PC-INSPECTIONLOT-000423""]"
PC-PURCHASEREQUISITION-000900,Payment Reversed,2023-05-07T14:51:00Z,inspection_lot,APP-0000012311,USR-111,"[""PC-PURCHASEREQUISITION-000900"",""PC-INSPECTIONLOT-000400"",""PC-REQUISITIONITEM-000900""]"
PC-PURCHASEREQUISITION-000916,Payment Proposal Approved,2023-05-07T18:10:00Z,req_header,APP-0000012330,USR-127,"[""PC-PURCHASEREQUISITION-000916"",""PC-GOODSMOVEMENT-000416"",""PC-PAYMENT-000416""]"
PC-PURCHASEREQUISITION-000932,Invoice Changed,2023-05-07T18:18:00Z,accounting_header,APP-0000012331,USR-010,"[""PC-PURCHASEREQUISITION-000932"",""PC-SUPPLIERQUOTATION-000932"",""PC-ADVANCESHIPPINGNOTICE-000432""]"
PC-PURCHASEREQUISITION-000923,Credit Memo Posted,2023-05-07T21:14:00Z,invoice_header,APP-0000012345,USR-116,"[""PC-PURCHASEREQUISITION-000923"",""PC-SUPPLIER-000423"",""PC-INVOICEITEM-000423""]"
PC-PURCHASEREQUISITION-000935,Invoice Posted,2023-05-07T21:20:00Z,invoice_header,APP-0000012346,USR-060,"[""PC-PURCHASEREQUISITION-000935"",""PC-RFQ-000935"",""PC-MATERIAL-000435""]"
PC-PURCHASEREQUISITION-000954,Quality Inspection Started,2023-05-08T00:30:00Z,req_header,APP-0000012361,USR-120,"[""PC-PURCHASEREQUISITION-000954"",""PC-GOODSRECEIPT-000454"",""PC-COSTCENTER-000454""]"
PC-PURCHASEREQUISITION-000905,Payment Reversed,2023-05-08T05:51:00Z,inspection_lot,APP-0000012377,USR-069,"[""PC-PURCHASEREQUISITION-000905"",""PC-INSPECTIONLOT-000405"",""PC-REQUISITIONITEM-000905""]"
PC-PURCHASEREQUISITION-000948,Return to Supplier Posted,2023-05-08T12:29:00Z,payment_run,APP-0000012410,USR-023,"[""PC-PURCHASEREQUISITION-000948"",""PC-PAYMENTPROPOSAL-000448"",""PC-PURCHASEORDER-000448""]"
PC-PURCHASEREQUISITION-000918,PO Item Final-Invoiced,2023-05-08T18:15:00Z,invoice_header,APP-0000012431,USR-037,"[""PC-PURCHASEREQUISITION-000918"",""PC-INVOICE-000418"",""PC-RFQ-000918""]"
PC-PURCHASEREQUISITION-000910,Goods Receipt Reversed,2023-05-08T20:14:00Z,accounting_header,APP-0000012436,USR-005,"[""PC-PURCHASEREQUISITION-000910"",""PC-ADVANCESHIPPINGNOTICE-000410"",""PC-PAYMENTPROPOSAL-000410""]"
PC-PURCHASEREQUISITION-000961,Quality Inspection Started,2023-05-08T21:37:00Z,req_header,APP-0000012447,USR-112,"[""PC-PURCHASEREQUISITION-000961"",""PC-GOODSRECEIPT-000461"",""PC-COSTCENTER-000461""]"
PC-PURCHASEREQUISITION-000925,Payment Executed,2023-05-09T03:20:00Z,goods_movement_header,APP-0000012472,USR-027,"[""PC-PURCHASEREQUISITION-000925"",""PC-GOODSRECEIPT-000425"",""PC-COSTCENTER-000425""]"
PC-PURCHASEREQUISITION-000943,Invoice Changed,2023-05-09T03:29:00Z,accounting_header,APP-0000012473,USR-070,"[""PC-PURCHASEREQUISITION-000943"",""PC-SUPPLIERQUOTATION-000943"",""PC-ADVANCESHIPPINGNOTICE-000443""]"
PC-PURCHASEREQUISITION-000949,Invoice Parked,2023-05-09T09:33:00Z,inspection_lot,APP-0000012496,USR-043,"[""PC-PURCHASEREQUISITION-000949"",""PC-REQUISITIONITEM-000949"",""PC-SUPPLIER-000449""]"
PC-PURCHASEREQUISITION-000953,PO Item Delivery Completed,2023-05-09T09:35:00Z,req_header,APP-0000012497,USR-109,"[""PC-PURCHASEREQUISITION-000953"",""PC-PAYMENT-000453"",""PC-PURCHASEORDERITEM-000453""]"
PC-PURCHASEREQUISITION-000930,Payment Proposal Approved,2023-05-09T12:24:00Z,req_header,APP-0000012513,USR-111,"[""PC-PURCHASEREQUISITION-000930"",""PC-GOODSMOVEMENT-000430"",""PC-PAYMENT-000430""]"
PC-PURCHASEREQUISITION-000921,Supplier Blocked,2023-05-09T15:20:00Z,payment_run,APP-0000012523,USR-090,"[""PC-PURCHASEREQUISITION-000921"",""PC-ACCOUNTINGDOCUMENT-000421"",""PC-CONTRACT-000421""]"
PC-PURCHASEREQUISITION-000920,Payment Reversed,2023-05-10T02:51:00Z,inspection_lot,APP-0000012563,USR-070,"[""PC-PURCHASEREQUISITION-000920"",""PC-INSPECTIONLOT-000420"",""PC-REQUISITIONITEM-000920""]"
PC-PURCHASEREQUISITION-000949,Three-Way Match Passed,2023-05-10T03:36:00Z,payment_run,APP-0000012574,USR-046,"[""PC-PURCHASEREQUISITION-000949"",""PC-CONTRACT-000449"",""PC-GOODSMOVEMENT-000449""]"
PC-PURCHASEREQUISITION-000937,Payment Proposal Approved,2023-05-10T09:31:00Z,req_header,APP-0000012596,USR-103,"[""PC-PURCHASEREQUISITION-000937"",""PC-GOODSMOVEMENT-000437"",""PC-PAYMENT-000437""]"
PC-PURCHASEREQUISITION-000936,Payment Executed,2023-05-10T12:31:00Z,goods_movement_header,APP-0000012609,USR-087,"[""PC-PURCHASEREQUISITION-000936"",""PC-GOODSRECEIPT-000436"",""PC-COSTCENTER-000436""]"
PC-PURCHASEREQUISITION-000946,Invoice Unblocked,2023-05-10T12:36:00Z,inspection_lot,APP-0000012610,USR-125,"[""PC-PURCHASEREQUISITION-000946"",""PC-SCHEDULELINE-000446"",""PC-INVOICE-000446""]"
PC-PURCHASEREQUISITION-000950,Three-Way Match Failed,2023-05-10T12:38:00Z,req_header,APP-0000012611,USR-064,"[""PC-PURCHASEREQUISITION-000950"",""PC-PURCHASEORDER-000450"",""PC-GOODSRECEIPT-000450""]"
PC-PURCHASEREQUISITION-000956,Invoice Posted,2023-05-10T12:41:00Z,invoice_header,APP-0000012613,USR-036,"[""PC-PURCHASEREQUISITION-000956"",""PC-RFQ-000956"",""PC-MATERIAL-000456""]"
PC-PURCHASEREQUISITION-000925,Payment Reversed,2023-05-10T17:51:00Z,inspection_lot,APP-0000012628,USR-028,"[""PC-PURCHASEREQUISITION-000925"",""PC-INSPECTIONLOT-000425"",""PC-REQUISITIONITEM-000925""]"
PC-PURCHASEREQUISITION-000975,Quality Inspection Failed,2023-05-11T03:00:00Z,inspection_lot,APP-0000012664,USR-098,"[""PC-PURCHASEREQUISITION-000975"",""PC-INVOICE-000475"",""PC-RFQ-000975""]"
PC-PURCHASEREQUISITION-000944,Payment Proposal Approved,2023-05-11T06:38:00Z,req_header,APP-0000012684,USR-095,"[""PC-PURCHASEREQUISITION-000944"",""PC-GOODSMOVEMENT-000444"",""PC-PAYMENT-000444""]"
PC-PURCHASEREQUISITION-000965,Invoice Changed,2023-05-11T21:51:00Z,accounting_header,APP-0000012750,USR-063,"[""PC-PURCHASEREQUISITION-000965"",""PC-SUPPLIERQUOTATION-000965"",""PC-ADVANCESHIPPINGNOTICE-000465""]"
PC-PURCHASEREQUISITION-000961,Invoice Blocked,2023-05-12T03:50:00Z,goods_movement_header,APP-0000012775,USR-125,"[""PC-PURCHASEREQUISITION-000961"",""PC-PURCHASEORDERITEM-000461"",""PC-INSPECTIONLOT-000461""]"
PC-PURCHASEREQUISITION-000949,Payment Reversed,2023-05-12T09:45:00Z,inspection_lot,APP-0000012799,USR-055,"[""PC-PURCHASEREQUISITION-000949"",""PC-INSPECTIONLOT-000449"",""PC-REQUISITIONITEM-000949""]"
PC-PURCHASEREQUISITION-000992,Partial Receipt Posted,2023-05-12T12:14:00Z,payment_run,APP-0000012801,USR-003,"[""PC-PURCHASEREQUISITION-000992"",""PC-GOODSMOVEMENT-000492"",""PC-PAYMENT-000492""]"
PC-PURCHASEREQUISITION-000940,Goods Receipt Reversed,2023-05-12T14:14:00Z,accounting_header,APP-0000012815,USR-007,"[""PC-PURCHASEREQUISITION-000940"",""PC-ADVANCESHIPPINGNOTICE-000440"",""PC-PAYMENTPROPOSAL-000440""]"
PC-PURCHASEREQUISITION-000983,Stock Released from Blocked Stock,2023-05-12T15:10:00Z,accounting_header,APP-0000012818,USR-109,"[""PC-PURCHASEREQUISITION-000983"",""PC-ACCOUNTINGDOCUMENT-000483"",""PC-CONTRACT-000483""]"
PC-PURCHASEREQUISITION-000982,PO Item Delivery Completed,2023-05-13T00:11:00Z,req_header,APP-0000012848,USR-094,"[""PC-PURCHASEREQUISITION-000982"",""PC-PAYMENT-000482"",""PC-PURCHASEORDERITEM-000482""]"
PC-PURCHASEREQUISITION-000952,PO Item Final-Invoiced,2023-05-13T00:49:00Z,invoice_header,APP-0000012858,USR-107,"[""PC-PURCHASEREQUISITION-000952"",""PC-INVOICE-000452"",""PC-RFQ-000952""]"
PC-PURCHASEREQUISITION-000958,Payment Proposal Approved,2023-05-13T00:52:00Z,req_header,APP-0000012859,USR-079,"[""PC-PURCHASEREQUISITION-000958"",""PC-GOODSMOVEMENT-000458"",""PC-PAYMENT-000458""]"
PC-PURCHASEREQUISITION-000977,Invoice Posted,2023-05-13T03:09:00Z,invoice_header,APP-0000012860,USR-012,"[""PC-PURCHASEREQUISITION-000977"",""PC-RFQ-000977"",""PC-MATERIAL-000477""]"
PC-PURCHASEREQUISITION-000945,Payment Reversed,2023-05-13T05:51:00Z,inspection_lot,APP-0000012876,USR-114,"[""PC-PURCHASEREQUISITION-000945"",""PC-INSPECTIONLOT-000445"",""PC-REQUISITIONITEM-000945""]"
PC-PURCHASEREQUISITION-000976,Invoice Changed,2023-05-13T06:09:00Z,accounting_header,APP-0000012878,USR-123,"[""PC-PURCHASEREQUISITION-000976"",""PC-SUPPLIERQUOTATION-000976"",""PC-ADVANCESHIPPINGNOTICE-000476""]"
PC-PURCHASEREQUISITION-000994,Quality Inspection Passed,2023-05-13T06:18:00Z,goods_movement_header,APP-0000012879,USR-039,"[""PC-PURCHASEREQUISITION-000994"",""PC-INSPECTIONLOT-000494"",""PC-REQUISITIONITEM-000994""]"
PC-PURCHASEREQUISITION-000996,Quality Inspection Started,2023-05-13T06:19:00Z,req_header,APP-0000012880,USR-072,"[""PC-PURCHASEREQUISITION-000996"",""PC-GOODSRECEIPT-000496"",""PC-COSTCENTER-000496""]"
PC-PURCHASEREQUISITION-001000,Goods Receipt Reversed,2023-05-13T06:21:00Z,accounting_header,APP-0000012881,USR-011,"[""PC-PURCHASEREQUISITION-001000"",""PC-ADVANCESHIPPINGNOTICE-000500"",""PC-PAYMENTPROPOSAL-000500""]"
PC-PURCHASEREQUISITION-000975,Three-Way Match Passed,2023-05-13T09:09:00Z,payment_run,APP-0000012894,USR-107,"[""PC-PURCHASEREQUISITION-000975"",""PC-CONTRACT-000475"",""PC-GOODSMOVEMENT-000475""]"
PC-PURCHASEREQUISITION-000950,Goods Receipt Reversed,2023-05-13T20:14:00Z,accounting_header,APP-0000012939,USR-050,"[""PC-PURCHASEREQUISITION-000950"",""PC-ADVANCESHIPPINGNOTICE-000450"",""PC-PAYMENTPROPOSAL-000450""]"
PC-PURCHASEREQUISITION-000965,Payment Proposal Approved,2023-05-13T21:06:00Z,req_header,APP-0000012943,USR-071,"[""PC-PURCHASEREQUISITION-000965"",""PC-GOODSMOVEMENT-000465"",""PC-PAYMENT-000465""]"
PC-PURCHASEREQUISITION-001003,Quality Inspection Started,2023-05-14T03:26:00Z,req_header,APP-0000012970,USR-064,"[""PC-PURCHASEREQUISITION-001003"",""PC-GOODSRECEIPT-000003"",""PC-COSTCENTER-000003""]"
PC-PURCHASEREQUISITION-000994,Return to Supplier Posted,2023-05-14T06:22:00Z,payment_run,APP-0000012981,USR-043,"[""PC-PURCHASEREQUISITION-000994"",""PC-PAYMENTPROPOSAL-000494"",""PC-PURCHASEORDER-000494""]"
PC-PURCHASEREQUISITION-000969,Payment Executed,2023-05-14T15:11:00Z,goods_movement_header,APP-0000013021,USR-013,"[""PC-PURCHASEREQUISITION-000969"",""PC-GOODSRECEIPT-000469"",""PC-COSTCENTER-000469""]"
PC-PURCHASEREQUISITION-001010,Quality Inspection Started,2023-05-15T00:33:00Z,req_header,APP-0000013061,USR-056,"[""PC-PURCHASEREQUISITION-001010"",""PC-GOODSRECEIPT-000010"",""PC-COSTCENTER-000010""]"
PC-PURCHASEREQUISITION-000960,Goods Receipt Reversed,2023-05-15T02:14:00Z,accounting_header,APP-0000013064,USR-093,"[""PC-PURCHASEREQUISITION-000960"",""PC-ADVANCESHIPPINGNOTICE-000460"",""PC-PAYMENTPROPOSAL-000460""]"
PC-PURCHASEREQUISITION-000967,Supplier Blocked,2023-05-15T09:13:00Z,payment_run,APP-0000013097,USR-110,"[""PC-PURCHASEREQUISITION-000967"",""PC-ACCOUNTINGDOCUMENT-000467"",""PC-CONTRACT-000467""]"
PC-PURCHASEREQUISITION-000975,Payment Reversed,2023-05-15T15:18:00Z,inspection_lot,APP-0000013120,USR-116,"[""PC-PURCHASEREQUISITION-000975"",""PC-INSPECTIONLOT-000475"",""PC-REQUISITIONITEM-000975""]"
PC-PURCHASEREQUISITION-000965,Payment Reversed,2023-05-15T17:51:00Z,inspection_lot,APP-0000013127,USR-073,"[""PC-PURCHASEREQUISITION-000965"",""PC-INSPECTIONLOT-000465"",""PC-REQUISITIONITEM-000965""]"
PC-PURCHASEREQUISITION-001017,Quality Inspection Started,2023-05-15T21:40:00Z,req_header,APP-0000013148,USR-048,"[""PC-PURCHASEREQUISITION-001017"",""PC-GOODSRECEIPT-000017"",""PC-COSTCENTER-000017""]"
PC-PURCHASEREQUISITION-000998,Invoice Changed,2023-05-16T00:31:00Z,accounting_header,APP-0000013163,USR-116,"[""PC-PURCHASEREQUISITION-000998"",""PC-SUPPLIERQUOTATION-000998"",""PC-ADVANCESHIPPINGNOTICE-000498""]"
PC-PURCHASEREQUISITION-001014,Quality Inspection Failed,2023-05-16T00:39:00Z,inspection_lot,APP-0000013164,USR-126,"[""PC-PURCHASEREQUISITION-001014"",""PC-INVOICE-000014"",""PC-RFQ-001014""]"
PC-PURCHASEREQUISITION-001016,Quality Inspection Passed,2023-05-16T00:40:00Z,goods_movement_header,APP-0000013165,USR-032,"[""PC-PURCHASEREQUISITION-001016"",""PC-INSPECTIONLOT-000016"",""PC-REQUISITIONITEM-001016""]"
PC-PURCHASEREQUISITION-000992,Invoice Unblocked,2023-05-16T06:29:00Z,inspection_lot,APP-0000013188,USR-018,"[""PC-PURCHASEREQUISITION-000992"",""PC-SCHEDULELINE-000492"",""PC-INVOICE-000492""]"
PC-PURCHASEREQUISITION-000986,Payment Proposal Approved,2023-05-16T12:27:00Z,req_header,APP-0000013214,USR-047,"[""PC-PURCHASEREQUISITION-000986"",""PC-GOODSMOVEMENT-000486"",""PC-PAYMENT-000486""]"
PC-PURCHASEREQUISITION-001005,Invoice Posted,2023-05-16T15:37:00Z,invoice_header,APP-0000013226,USR-107,"[""PC-PURCHASEREQUISITION-001005"",""PC-RFQ-001005"",""PC-MATERIAL-000005""]"
PC-PURCHASEREQUISITION-001011,PO Item Delivery Completed,2023-05-16T15:40:00Z,req_header,APP-0000013227,USR-079,"[""PC-PURCHASEREQUISITION-001011"",""PC-PAYMENT-000011"",""PC-PURCHASEORDERITEM-000011""]"
PC-PURCHASEREQUISITION-001024,Quality Inspection Started,2023-05-16T18:47:00Z,req_header,APP-0000013237,USR-040,"[""PC-PURCHASEREQUISITION-001024"",""PC-GOODSRECEIPT-000024"",""PC-COSTCENTER-000024""]"
PC-PURCHASEREQUISITION-000999,Invoice Blocked,2023-05-16T21:35:00Z,goods_movement_header,APP-0000013248,USR-009,"[""PC-PURCHASEREQUISITION-000999"",""PC-PURCHASEORDERITEM-000499"",""PC-INSPECTIONLOT-000499""]"
PC-PURCHASEREQUISITION-001001,Three-Way Match Failed,2023-05-16T21:36:00Z,req_header,APP-0000013249,USR-042,"[""PC-PURCHASEREQUISITION-001001"",""PC-PURCHASEORDER-000001"",""PC-GOODSRECEIPT-000001""]"
PC-PURCHASEREQUISITION-000975,Payment Reversed,2023-05-16T23:51:00Z,inspection_lot,APP-0000013253,USR-116,"[""PC-PURCHASEREQUISITION-000975"",""PC-INSPECTIONLOT-000475"",""PC-REQUISITIONITEM-000975""]"
PC-PURCHASEREQUISITION-001017,Return to Supplier Posted,2023-05-17T03:45:00Z,payment_run,APP-0000013274,USR-053,"[""PC-PURCHASEREQUISITION-001017"",""PC-PAYMENTPROPOSAL-000017"",""PC-PURCHASEORDER-000017""]"
PC-PURCHASEREQUISITION-000993,Payment Proposal Approved,2023-05-17T09:34:00Z,req_header,APP-0000013301,USR-039,"[""PC-PURCHASEREQUISITION-000993"",""PC-GOODSMOVEMENT-000493"",""PC-PAYMENT-000493""]"
PC-PURCHASEREQUISITION-001021,Stock Released from Blocked Stock,2023-05-17T09:48:00Z,accounting_header,APP-0000013303,USR-120,"[""PC-PURCHASEREQUISITION-001021"",""PC-ACCOUNTINGDOCUMENT-000021"",""PC-CONTRACT-000021""]"
PC-PURCHASEREQUISITION-001027,Quality Inspection Passed,2023-05-17T09:51:00Z,goods_movement_header,APP-0000013304,USR-092,"[""PC-PURCHASEREQUISITION-001027"",""PC-INSPECTIONLOT-000027"",""PC-REQUISITIONITEM-001027""]"
PC-PURCHASEREQUISITION-000980,Goods Receipt Reversed,2023-05-17T14:14:00Z,accounting_header,APP-0000013317,USR-052,"[""PC-PURCHASEREQUISITION-000980"",""PC-ADVANCESHIPPINGNOTICE-000480"",""PC-PAYMENTPROPOSAL-000480""]"
PC-PURCHASEREQUISITION-001031,Quality Inspection Started,2023-05-17T15:01:00Z,req_header,APP-0000013319,USR-032,"[""PC-PURCHASEREQUISITION-001031"",""PC-GOODSRECEIPT-000031"",""PC-COSTCENTER-000031""]"
PC-PURCHASEREQUISITION-000985,Goods Receipt Reversed,2023-05-18T05:14:00Z,accounting_header,APP-0000013376,USR-010,"[""PC-PURCHASEREQUISITION-000985"",""PC-ADVANCESHIPPINGNOTICE-000485"",""PC-PAYMENTPROPOSAL-000485""]"
PC-PURCHASEREQUISITION-001000,Payment Proposal Approved,2023-05-18T06:41:00Z,req_header,APP-0000013389,USR-031,"[""PC-PURCHASEREQUISITION-001000"",""PC-GOODSMOVEMENT-000500"",""PC-PAYMENT-000500""]"
PC-PURCHASEREQUISITION-001014,Three-Way Match Passed,2023-05-18T06:48:00Z,payment_run,APP-0000013390,USR-008,"[""PC-PURCHASEREQUISITION-001014"",""PC-CONTRACT-000014"",""PC-GOODSMOVEMENT-000014""]"
PC-PURCHASEREQUISITION-001020,Invoice Changed,2023-05-18T18:00:00Z,accounting_header,APP-0000013425,USR-109,"[""PC-PURCHASEREQUISITION-001020"",""PC-SUPPLIERQUOTATION-001020"",""PC-ADVANCESHIPPINGNOTICE-000020""]"
PC-PURCHASEREQUISITION-001010,Credit Memo Posted,2023-05-18T18:48:00Z,invoice_header,APP-0000013441,USR-071,"[""PC-PURCHASEREQUISITION-001010"",""PC-SUPPLIER-000010"",""PC-INVOICEITEM-000010""]"
PC-PURCHASEREQUISITION-000990,Goods Receipt Reversed,2023-05-18T20:14:00Z,accounting_header,APP-0000013444,USR-095,"[""PC-PURCHASEREQUISITION-000990"",""PC-ADVANCESHIPPINGNOTICE-000490"",""PC-PAYMENTPROPOSAL-000490""]"
PC-PURCHASEREQUISITION-001007,Payment Proposal Approved,2023-05-19T03:48:00Z,req_header,APP-0000013476,USR-023,"[""PC-PURCHASEREQUISITION-001007"",""PC-GOODSMOVEMENT-000007"",""PC-PAYMENT-000007""]"
PC-PURCHASEREQUISITION-001018,Invoice Blocked,2023-05-19T06:01:00Z,goods_movement_header,APP-0000013478,USR-078,"[""PC-PURCHASEREQUISITION-001018"",""PC-PURCHASEORDERITEM-000018"",""PC-INSPECTIONLOT-000018""]"
PC-PURCHASEREQUISITION-001040,Quality Inspection Failed,2023-05-19T06:12:00Z,inspection_lot,APP-0000013480,USR-060,"[""PC-PURCHASEREQUISITION-001040"",""PC-INVOICE-000040"",""PC-RFQ-001040""]"
PC-PURCHASEREQUISITION-001045,Quality Inspection Started,2023-05-19T09:15:00Z,req_header,APP-0000013490,USR-016,"[""PC-PURCHASEREQUISITION-001045"",""PC-GOODSRECEIPT-000045"",""PC-COSTCENTER-000045""]"
PC-PURCHASEREQUISITION-000995,Goods Receipt Reversed,2023-05-19T11:14:00Z,accounting_header,APP-0000013503,USR-053,"[""PC-PURCHASEREQUISITION-000995"",""PC-ADVANCESHIPPINGNOTICE-000495"",""PC-PAYMENTPROPOSAL-000495""]"
PC-PURCHASEREQUISITION-001014,Payment Proposal Approved,2023-05-20T00:02:00Z,req_header,APP-0000013548,USR-015,"[""PC-PURCHASEREQUISITION-001014"",""PC-GOODSMOVEMENT-000014"",""PC-PAYMENT-000014""]"
PC-PURCHASEREQUISITION-001040,Return to Supplier Posted,2023-05-20T00:15:00Z,payment_run,APP-0000013549,USR-063,"[""PC-PURCHASEREQUISITION-001040"",""PC-PAYMENTPROPOSAL-000040"",""PC-PURCHASEORDER-000040""]"
PC-PURCHASEREQUISITION-001031,Invoice Changed,2023-05-20T03:11:00Z,accounting_header,APP-0000013566,USR-042,"[""PC-PURCHASEREQUISITION-001031"",""PC-SUPPLIERQUOTATION-001031"",""PC-ADVANCESHIPPINGNOTICE-000031""]"
PC-PURCHASEREQUISITION-001033,Invoice Posted,2023-05-20T03:12:00Z,invoice_header,APP-0000013567,USR-075,"[""PC-PURCHASEREQUISITION-001033"",""PC-RFQ-001033"",""PC-MATERIAL-000033""]"
PC-PURCHASEREQUISITION-001038,Invoice Received,2023-05-20T06:15:00Z,goods_movement_header,APP-0000013580,USR-031,"[""PC-PURCHASEREQUISITION-001038"",""PC-COSTCENTER-000038"",""PC-SCHEDULELINE-000038""]"
PC-PURCHASEREQUISITION-001005,Payment Reversed,2023-05-20T17:51:00Z,inspection_lot,APP-0000013629,USR-118,"[""PC-PURCHASEREQUISITION-001005"",""PC-INSPECTIONLOT-000005"",""PC-REQUISITIONITEM-001005""]"
PC-PURCHASEREQUISITION-001021,Payment Proposal Approved,2023-05-20T21:09:00Z,req_header,APP-0000013647,USR-007,"[""PC-PURCHASEREQUISITION-001021"",""PC-GOODSMOVEMENT-000021"",""PC-PAYMENT-000021""]"
PC-PURCHASEREQUISITION-001040,Invoice Posted,2023-05-21T00:19:00Z,invoice_header,APP-0000013660,USR-067,"[""PC-PURCHASEREQUISITION-001040"",""PC-RFQ-001040"",""PC-MATERIAL-000040""]"
PC-PURCHASEREQUISITION-001035,Three-Way Match Failed,2023-05-21T03:17:00Z,req_header,APP-0000013673,USR-112,"[""PC-PURCHASEREQUISITION-001035"",""PC-PURCHASEORDER-000035"",""PC-GOODSRECEIPT-000035""]"
PC-PURCHASEREQUISITION-001059,Quality Inspection Started,2023-05-21T03:29:00Z,req_header,APP-0000013674,USR-127,"[""PC-PURCHASEREQUISITION-001059"",""PC-GOODSRECEIPT-000059"",""PC-COSTCENTER-000059""]"
PC-PURCHASEREQUISITION-001010,Payment Reversed,2023-05-21T08:51:00Z,inspection_lot,APP-0000013692,USR-076,"[""PC-PURCHASEREQUISITION-001010"",""PC-INSPECTIONLOT-000010"",""PC-REQUISITIONITEM-001010""]"
PC-PURCHASEREQUISITION-001024,Payment Executed,2023-05-21T12:13:00Z,goods_movement_header,APP-0000013712,USR-059,"[""PC-PURCHASEREQUISITION-001024"",""PC-GOODSRECEIPT-000024"",""PC-COSTCENTER-000024""]"
PC-PURCHASEREQUISITION-001028,Payment Proposal Approved,2023-05-21T18:16:00Z,req_header,APP-0000013738,USR-126,"[""PC-PURCHASEREQUISITION-001028"",""PC-GOODSMOVEMENT-000028"",""PC-PAYMENT-000028""]"
PC-PURCHASEREQUISITION-001066,Partial Receipt Posted,2023-05-21T18:35:00Z,payment_run,APP-0000013739,USR-118,"[""PC-PURCHASEREQUISITION-001066"",""PC-GOODSMOVEMENT-000066"",""PC-PAYMENT-000066""]"
PC-PURCHASEREQUISITION-001070,Goods Receipt Posted,2023-05-21T18:37:00Z,invoice_header,APP-0000013740,USR-057,"[""PC-PURCHASEREQUISITION-001070"",""PC-MATERIAL-000070"",""PC-ACCOUNTINGDOCUMENT-000070""]"
PC-PURCHASEREQUISITION-001047,Invoice Posted,2023-05-21T21:26:00Z,invoice_header,APP-0000013752,USR-059,"[""PC-PURCHASEREQUISITION-001047"",""PC-RFQ-001047"",""PC-MATERIAL-000047""]"
PC-PURCHASEREQUISITION-001015,Goods Receipt Reversed,2023-05-21T23:14:00Z,accounting_header,APP-0000013756,USR-012,"[""PC-PURCHASEREQUISITION-001015"",""PC-ADVANCESHIPPINGNOTICE-000015"",""PC-PAYMENTPROPOSAL-000015""]"
PC-PURCHASEREQUISITION-001059,Stock Released from Blocked Stock,2023-05-22T03:33:00Z,accounting_header,APP-0000013779,USR-004,"[""PC-PURCHASEREQUISITION-001059"",""PC-ACCOUNTINGDOCUMENT-000059"",""PC-CONTRACT-000059""]"
PC-PURCHASEREQUISITION-001039,Credit Memo Posted,2023-05-22T09:24:00Z,invoice_header,APP-0000013801,USR-056,"[""PC-PURCHASEREQUISITION-001039"",""PC-SUPPLIER-000039"",""PC-INVOICEITEM-000039""]"
PC-PURCHASEREQUISITION-001066,Quality Inspection Failed,2023-05-22T12:38:00Z,inspection_lot,APP-0000013811,USR-121,"[""PC-PURCHASEREQUISITION-001066"",""PC-INVOICE-000066"",""PC-RFQ-001066""]"
PC-PURCHASEREQUISITION-001020,Payment Reversed,2023-05-22T14:51:00Z,inspection_lot,APP-0000013816,USR-119,"[""PC-PURCHASEREQUISITION-001020"",""PC-INSPECTIONLOT-000020"",""PC-REQUISITIONITEM-001020""]"
PC-PURCHASEREQUISITION-001054,Invoice Posted,2023-05-22T18:33:00Z,invoice_header,APP-0000013837,USR-051,"[""PC-PURCHASEREQUISITION-001054"",""PC-RFQ-001054"",""PC-MATERIAL-000054""]"
PC-PURCHASEREQUISITION-001035,Payment Executed,2023-05-22T21:24:00Z,goods_movement_header,APP-0000013849,USR-119,"[""PC-PURCHASEREQUISITION-001035"",""PC-GOODSRECEIPT-000035"",""PC-COSTCENTER-000035""]"
PC-PURCHASEREQUISITION-001067,Stock Placed in Blocked Stock,2023-05-22T21:40:00Z,invoice_header,APP-0000013852,USR-012,"[""PC-PURCHASEREQUISITION-001067"",""PC-INVOICEITEM-000067"",""PC-SUPPLIERQUOTATION-001067""]"
PC-PURCHASEREQUISITION-001053,Three-Way Match Passed,2023-05-23T03:34:00Z,payment_run,APP-0000013877,USR-036,"[""PC-PURCHASEREQUISITION-001053"",""PC-CONTRACT-000053"",""PC-GOODSMOVEMENT-000053""]"
PC-PURCHASEREQUISITION-001025,Payment Reversed,2023-05-23T05:51:00Z,inspection_lot,APP-0000013881,USR-077,"[""PC-PURCHASEREQUISITION-001025"",""PC-INSPECTIONLOT-000025"",""PC-REQUISITIONITEM-001025""]"
PC-PURCHASEREQUISITION-001060,Invoice Parked,2023-05-23T06:38:00Z,inspection_lot,APP-0000013893,USR-025,"[""PC-PURCHASEREQUISITION-001060"",""PC-REQUISITIONITEM-001060"",""PC-SUPPLIER-000060""]"
PC-PURCHASEREQUISITION-001034,Purchase Order Closed,2023-05-23T12:26:00Z,accounting_header,APP-0000013914,USR-105,"[""PC-PURCHASEREQUISITION-001034"",""PC-INVOICEITEM-000034"",""PC-SUPPLIERQUOTATION-001034""]"
PC-PURCHASEREQUISITION-001042,Payment Proposal Approved,2023-05-23T12:30:00Z,req_header,APP-0000013915,USR-110,"[""PC-PURCHASEREQUISITION-001042"",""PC-GOODSMOVEMENT-000042"",""PC-PAYMENT-000042""]"
PC-PURCHASEREQUISITION-001061,Invoice Posted,2023-05-23T15:40:00Z,invoice_header,APP-0000013926,USR-043,"[""PC-PURCHASEREQUISITION-001061"",""PC-RFQ-001061"",""PC-MATERIAL-000061""]"
PC-PURCHASEREQUISITION-001030,Goods Receipt Reversed,2023-05-23T20:14:00Z,accounting_header,APP-0000013941,USR-013,"[""PC-PURCHASEREQUISITION-001030"",""PC-ADVANCESHIPPINGNOTICE-000030"",""PC-PAYMENTPROPOSAL-000030""]"
PC-PURCHASEREQUISITION-001069,Invoice Received,2023-05-24T03:46:00Z,goods_movement_header,APP-0000013975,USR-050,"[""PC-PURCHASEREQUISITION-001069"",""PC-COSTCENTER-000069"",""PC-SCHEDULELINE-000069""]"
PC-PURCHASEREQUISITION-001079,Quality Inspection Failed,2023-05-24T03:51:00Z,inspection_lot,APP-0000013976,USR-088,"[""PC-PURCHASEREQUISITION-001079"",""PC-INVOICE-000079"",""PC-RFQ-001079""]"
PC-PURCHASEREQUISITION-001046,Payment Executed,2023-05-24T06:35:00Z,goods_movement_header,APP-0000013990,USR-052,"[""PC-PURCHASEREQUISITION-001046"",""PC-GOODSRECEIPT-000046"",""PC-COSTCENTER-000046""]"
PC-PURCHASEREQUISITION-001035,Payment Reversed,2023-05-24T11:51:00Z,inspection_lot,APP-0000014005,USR-120,"[""PC-PURCHASEREQUISITION-001035"",""PC-INSPECTIONLOT-000035"",""PC-REQUISITIONITEM-001035""]"
PC-PURCHASEREQUISITION-001038,Supplier Unblocked,2023-05-24T12:32:00Z,req_header,APP-0000014014,USR-048,"[""PC-PURCHASEREQUISITION-001038"",""PC-PAYMENTPROPOSAL-000038"",""PC-PURCHASEORDER-000038""]"
PC-PURCHASEREQUISITION-001078,Stock Released from Blocked Stock,2023-05-24T12:52:00Z,accounting_header,APP-0000014018,USR-073,"[""PC-PURCHASEREQUISITION-001078"",""PC-ACCOUNTINGDOCUMENT-000078"",""PC-CONTRACT-000078""]"
PC-PURCHASEREQUISITION-001087,Quality Inspection Started,2023-05-24T15:04:00Z,req_header,APP-0000014019,USR-095,"[""PC-PURCHASEREQUISITION-001087"",""PC-GOODSRECEIPT-000087"",""PC-COSTCENTER-000087""]"
PC-PURCHASEREQUISITION-001066,Three-Way Match Passed,2023-05-24T18:47:00Z,payment_run,APP-0000014042,USR-003,"[""PC-PURCHASEREQUISITION-001066"",""PC-CONTRACT-000066"",""PC-GOODSMOVEMENT-000066""]"
PC-PURCHASEREQUISITION-001040,Goods Receipt Reversed,2023-05-25T02:14:00Z,accounting_header,APP-0000014069,USR-056,"[""PC-PURCHASEREQUISITION-001040"",""PC-ADVANCESHIPPINGNOTICE-000040"",""PC-PAYMENTPROPOSAL-000040""]"
PC-PURCHASEREQUISITION-001053,Payment Reversed,2023-05-25T09:43:00Z,inspection_lot,APP-0000014102,USR-045,"[""PC-PURCHASEREQUISITION-001053"",""PC-INSPECTIONLOT-000053"",""PC-REQUISITIONITEM-001053""]"
PC-PURCHASEREQUISITION-001069,Three-Way Match Failed,2023-05-25T09:51:00Z,req_header,APP-0000014103,USR-055,"[""PC-PURCHASEREQUISITION-001069"",""PC-PURCHASEORDER-000069"",""PC-GOODSRECEIPT-000069""]"
PC-PURCHASEREQUISITION-001057,Payment Executed,2023-05-25T15:46:00Z,goods_movement_header,APP-0000014130,USR-112,"[""PC-PURCHASEREQUISITION-001057"",""PC-GOODSRECEIPT-000057"",""PC-COSTCENTER-000057""]"
PC-PURCHASEREQUISITION-001045,Payment Reversed,2023-05-25T17:51:00Z,inspection_lot,APP-0000014134,USR-036,"[""PC-PURCHASEREQUISITION-001045"",""PC-INSPECTIONLOT-000045"",""PC-REQUISITIONITEM-001045""]"
PC-PURCHASEREQUISITION-001092,Quality Inspection Failed,2023-05-25T18:11:00Z,inspection_lot,APP-0000014136,USR-055,"[""PC-PURCHASEREQUISITION-001092"",""PC-INVOICE-000092"",""PC-RFQ-001092""]"
PC-PURCHASEREQUISITION-001068,Credit Memo Posted,2023-05-26T00:00:00Z,invoice_header,APP-0000014158,USR-041,"[""PC-PURCHASEREQUISITION-001068"",""PC-SUPPLIER-000068"",""PC-INVOICEITEM-000068""]"
PC-PURCHASEREQUISITION-001063,Payment Proposal Approved,2023-05-26T03:51:00Z,req_header,APP-0000014178,USR-086,"[""PC-PURCHASEREQUISITION-001063"",""PC-GOODSMOVEMENT-000063"",""PC-PAYMENT-000063""]"
PC-PURCHASEREQUISITION-001050,Goods Receipt Reversed,2023-05-26T08:14:00Z,accounting_header,APP-0000014191,USR-099,"[""PC-PURCHASEREQUISITION-001050"",""PC-ADVANCESHIPPINGNOTICE-000050"",""PC-PAYMENTPROPOSAL-000050""]"
PC-PURCHASEREQUISITION-001079,Three-Way Match Passed,2023-05-26T09:07:00Z,payment_run,APP-0000014194,USR-097,"[""PC-PURCHASEREQUISITION-001079"",""PC-CONTRACT-000079"",""PC-GOODSMOVEMENT-000079""]"
PC-PURCHASEREQUISITION-001059,Supplier Blocked,2023-05-26T21:52:00Z,payment_run,APP-0000014249,USR-023,"[""PC-PURCHASEREQUISITION-001059"",""PC-ACCOUNTINGDOCUMENT-000059"",""PC-CONTRACT-000059""]"
PC-PURCHASEREQUISITION-001055,Goods Receipt Reversed,2023-05-26T23:14:00Z,accounting_header,APP-0000014253,USR-057,"[""PC-PURCHASEREQUISITION-001055"",""PC-ADVANCESHIPPINGNOTICE-000055"",""PC-PAYMENTPROPOSAL-000055""]"
PC-PURCHASEREQUISITION-001066,Payment Reversed,2023-05-27T00:03:00Z,inspection_lot,APP-0000014256,USR-012,"[""PC-PURCHASEREQUISITION-001066"",""PC-INSPECTIONLOT-000066"",""PC-REQUISITIONITEM-001066""]"
PC-PURCHASEREQUISITION-001068,Payment Executed,2023-05-27T00:04:00Z,goods_movement_header,APP-0000014257,USR-045,"[""PC-PURCHASEREQUISITION-001068"",""PC-GOODSRECEIPT-000068"",""PC-COSTCENTER-000068""]"
PC-PURCHASEREQUISITION-001086,Invoice Changed,2023-05-27T00:13:00Z,accounting_header,APP-0000014259,USR-088,"[""PC-PURCHASEREQUISITION-001086"",""PC-SUPPLIERQUOTATION-001086"",""PC-ADVANCESHIPPINGNOTICE-000086""]"
PC-PURCHASEREQUISITION-001076,Accounting Document Created,2023-05-27T06:09:00Z,accounting_header,APP-0000014285,USR-051,"[""PC-PURCHASEREQUISITION-001076"",""PC-MATERIAL-000076"",""PC-ACCOUNTINGDOCUMENT-000076""]"
PC-PURCHASEREQUISITION-001108,Quality Inspection Started,2023-05-27T06:25:00Z,req_header,APP-0000014286,USR-071,"[""PC-PURCHASEREQUISITION-001108"",""PC-GOODSRECEIPT-000108"",""PC-COSTCENTER-000108""]"
PC-PURCHASEREQUISITION-001084,Invoice Unblocked,2023-05-27T18:15:00Z,inspection_lot,APP-0000014338,USR-058,"[""PC-PURCHASEREQUISITION-001084"",""PC-SCHEDULELINE-000084"",""PC-INVOICE-000084""]"
PC-PURCHASEREQUISITION-001092,Three-Way Match Passed,2023-05-28T00:20:00Z,payment_run,APP-0000014363,USR-064,"[""PC-PURCHASEREQUISITION-001092"",""PC-CONTRACT-000092"",""PC-GOODSMOVEMENT-000092""]"
PC-PURCHASEREQUISITION-001096,Invoice Posted,2023-05-28T00:22:00Z,invoice_header,APP-0000014364,USR-003,"[""PC-PURCHASEREQUISITION-001096"",""PC-RFQ-001096"",""PC-MATERIAL-000096""]"
PC-PURCHASEREQUISITION-001100,Invoice Received,2023-05-28T00:24:00Z,goods_movement_header,APP-0000014365,USR-069,"[""PC-PURCHASEREQUISITION-001100"",""PC-COSTCENTER-000100"",""PC-SCHEDULELINE-000100""]"
PC-PURCHASEREQUISITION-001065,Payment Reversed,2023-05-28T05:51:00Z,inspection_lot,APP-0000014381,USR-122,"[""PC-PURCHASEREQUISITION-001065"",""PC-INSPECTIONLOT-000065"",""PC-REQUISITIONITEM-001065""]"
PC-PURCHASEREQUISITION-001072,Purchase Order Closed,2023-05-28T06:11:00Z,accounting_header,APP-0000014391,USR-116,"[""PC-PURCHASEREQUISITION-001072"",""PC-INVOICEITEM-000072"",""PC-SUPPLIERQUOTATION-001072""]"
PC-PURCHASEREQUISITION-001079,Payment Executed,2023-05-28T09:15:00Z,goods_movement_header,APP-0000014402,USR-105,"[""PC-PURCHASEREQUISITION-001079"",""PC-GOODSRECEIPT-000079"",""PC-COSTCENTER-000079""]"
PC-PURCHASEREQUISITION-001115,Quality Inspection Passed,2023-05-28T09:33:00Z,goods_movement_header,APP-0000014404,USR-064,"[""PC-PURCHASEREQUISITION-001115"",""PC-INSPECTIONLOT-000115"",""PC-REQUISITIONITEM-001115""]"
PC-PURCHASEREQUISITION-001084,Payment Proposal Approved,2023-05-28T18:19:00Z,req_header,APP-0000014439,USR-062,"[""PC-PURCHASEREQUISITION-001084"",""PC-GOODSMOVEMENT-000084"",""PC-PAYMENT-000084""]"
PC-PURCHASEREQUISITION-001094,Invoice Blocked,2023-05-28T18:24:00Z,goods_movement_header,APP-0000014440,USR-100,"[""PC-PURCHASEREQUISITION-001094"",""PC-PURCHASEORDERITEM-000094"",""PC-INSPECTIONLOT-000094""]"
PC-PURCHASEREQUISITION-001070,Goods Receipt Reversed,2023-05-28T20:14:00Z,accounting_header,APP-0000014444,USR-058,"[""PC-PURCHASEREQUISITION-001070"",""PC-ADVANCESHIPPINGNOTICE-000070"",""PC-PAYMENTPROPOSAL-000070""]"
PC-PURCHASEREQUISITION-001103,Invoice Posted,2023-05-28T21:29:00Z,invoice_header,APP-0000014455,USR-122,"[""PC-PURCHASEREQUISITION-001103"",""PC-RFQ-001103"",""PC-MATERIAL-000103""]"
PC-PURCHASEREQUISITION-001118,Quality Inspection Failed,2023-05-29T00:37:00Z,inspection_lot,APP-0000014466,USR-116,"[""PC-PURCHASEREQUISITION-001118"",""PC-INVOICE-000118"",""PC-RFQ-001118""]"
PC-PURCHASEREQUISITION-001122,Quality Inspection Started,2023-05-29T00:39:00Z,req_header,APP-0000014467,USR-055,"[""PC-PURCHASEREQUISITION-001122"",""PC-GOODSRECEIPT-000122"",""PC-COSTCENTER-000122""]"
PC-PURCHASEREQUISITION-001091,Payment Proposal Created,2023-05-29T09:25:00Z,payment_run,APP-0000014501,USR-053,"[""PC-PURCHASEREQUISITION-001091"",""PC-ADVANCESHIPPINGNOTICE-000091"",""PC-PAYMENTPROPOSAL-000091""]"
PC-PURCHASEREQUISITION-001075,Goods Receipt Reversed,2023-05-29T11:14:00Z,accounting_header,APP-0000014504,USR-016,"[""PC-PURCHASEREQUISITION-001075"",""PC-ADVANCESHIPPINGNOTICE-000075"",""PC-PAYMENTPROPOSAL-000075""]"
PC-PURCHASEREQUISITION-001092,Payment Reversed,2023-05-30T06:29:00Z,inspection_lot,APP-0000014594,USR-073,"[""PC-PURCHASEREQUISITION-001092"",""PC-INSPECTIONLOT-000092"",""PC-REQUISITIONITEM-001092""]"
PC-PURCHASEREQUISITION-001131,Quality Inspection Failed,2023-05-30T15:50:00Z,inspection_lot,APP-0000014629,USR-083,"[""PC-PURCHASEREQUISITION-001131"",""PC-INVOICE-000131"",""PC-RFQ-001131""]"
PC-PURCHASEREQUISITION-001085,Goods Receipt Reversed,2023-05-30T17:14:00Z,accounting_header,APP-0000014632,USR-059,"[""PC-PURCHASEREQUISITION-001085"",""PC-ADVANCESHIPPINGNOTICE-000085"",""PC-PAYMENTPROPOSAL-000085""]"
PC-PURCHASEREQUISITION-001136,Quality Inspection Started,2023-05-30T18:00:00Z,req_header,APP-0000014634,USR-039,"[""PC-PURCHASEREQUISITION-001136"",""PC-GOODSRECEIPT-000136"",""PC-COSTCENTER-000136""]"
PC-PURCHASEREQUISITION-001137,Quality Inspection Passed,2023-05-31T03:02:00Z,goods_movement_header,APP-0000014667,USR-057,"[""PC-PURCHASEREQUISITION-001137"",""PC-INSPECTIONLOT-000137"",""PC-REQUISITIONITEM-001137""]"
PC-PURCHASEREQUISITION-001113,Invoice Blocked,2023-05-31T03:43:00Z,goods_movement_header,APP-0000014681,USR-042,"[""PC-PURCHASEREQUISITION-001113"",""PC-PURCHASEORDERITEM-000113"",""PC-INSPECTIONLOT-000113""]"
PC-PURCHASEREQUISITION-001127,PO Item Delivery Completed,2023-05-31T03:50:00Z,req_header,APP-0000014683,USR-019,"[""PC-PURCHASEREQUISITION-001127"",""PC-PAYMENT-000127"",""PC-PURCHASEORDERITEM-000127""]"
PC-PURCHASEREQUISITION-001090,Goods Receipt Reversed,2023-05-31T08:14:00Z,accounting_header,APP-0000014696,USR-017,"[""PC-PURCHASEREQUISITION-001090"",""PC-ADVANCESHIPPINGNOTICE-000090"",""PC-PAYMENTPROPOSAL-000090""]"
PC-PURCHASEREQUISITION-001105,Payment Proposal Approved,2023-05-31T09:40:00Z,req_header,APP-0000014708,USR-038,"[""PC-PURCHASEREQUISITION-001105"",""PC-GOODSMOVEMENT-000105"",""PC-PAYMENT-000105""]"
PC-PURCHASEREQUISITION-001124,Invoice Posted,2023-05-31T12:50:00Z,invoice_header,APP-0000014719,USR-098,"[""PC-PURCHASEREQUISITION-001124"",""PC-RFQ-001124"",""PC-MATERIAL-000124""]"
PC-PURCHASEREQUISITION-001143,Quality Inspection Started,2023-05-31T15:07:00Z,req_header,APP-0000014721,USR-031,"[""PC-PURCHASEREQUISITION-001143"",""PC-GOODSRECEIPT-000143"",""PC-COSTCENTER-000143""]"
PC-PURCHASEREQUISITION-001131,Invoice Received,2023-05-31T21:02:00Z,goods_movement_header,APP-0000014744,USR-088,"[""PC-PURCHASEREQUISITION-001131"",""PC-COSTCENTER-000131"",""PC-SCHEDULELINE-000131""]"
PC-PURCHASEREQUISITION-001095,Payment Reversed,2023-05-31T23:51:00Z,inspection_lot,APP-0000014759,USR-124,"[""PC-PURCHASEREQUISITION-001095"",""PC-INSPECTIONLOT-000095"",""PC-REQUISITIONITEM-001095""]"
PC-PURCHASEREQUISITION-001105,PO Item Final-Invoiced,2023-06-01T03:43:00Z,invoice_header,APP-0000014779,USR-041,"[""PC-PURCHASEREQUISITION-001105"",""PC-INVOICE-000105"",""PC-RFQ-001105""]"
PC-PURCHASEREQUISITION-001144,Quality Inspection Failed,2023-06-01T06:10:00Z,inspection_lot,APP-0000014780,USR-050,"[""PC-PURCHASEREQUISITION-001144"",""PC-INVOICE-000144"",""PC-RFQ-001144""]"
PC-PURCHASEREQUISITION-001130,Invoice Changed,2023-06-01T12:04:00Z,accounting_header,APP-0000014802,USR-074,"[""PC-PURCHASEREQUISITION-001130"",""PC-SUPPLIERQUOTATION-001130"",""PC-ADVANCESHIPPINGNOTICE-000130""]"
PC-PURCHASEREQUISITION-001134,Invoice Parked,2023-06-01T12:06:00Z,inspection_lot,APP-0000014803,USR-013,"[""PC-PURCHASEREQUISITION-001134"",""PC-REQUISITIONITEM-001134"",""PC-SUPPLIER-000134""]"
PC-PURCHASEREQUISITION-001148,Quality Inspection Passed,2023-06-01T12:13:00Z,goods_movement_header,APP-0000014804,USR-117,"[""PC-PURCHASEREQUISITION-001148"",""PC-INSPECTIONLOT-000148"",""PC-REQUISITIONITEM-001148""]"
PC-PURCHASEREQUISITION-001150,Quality Inspection Started,2023-06-01T12:14:00Z,req_header,APP-0000014805,USR-023,"[""PC-PURCHASEREQUISITION-001150"",""PC-GOODSRECEIPT-000150"",""PC-COSTCENTER-000150""]"
PC-PURCHASEREQUISITION-001112,Payment Executed,2023-06-01T12:48:00Z,goods_movement_header,APP-0000014817,USR-031,"[""PC-PURCHASEREQUISITION-001112"",""PC-GOODSRECEIPT-000112"",""PC-COSTCENTER-000112""]"
PC-PURCHASEREQUISITION-001100,Goods Receipt Reversed,2023-06-01T14:14:00Z,accounting_header,APP-0000014820,USR-060,"[""PC-PURCHASEREQUISITION-001100"",""PC-ADVANCESHIPPINGNOTICE-000100"",""PC-PAYMENTPROPOSAL-000100""]"
PC-PURCHASEREQUISITION-001110,Purchase Order Closed,2023-06-02T00:49:00Z,accounting_header,APP-0000014867,USR-127,"[""PC-PURCHASEREQUISITION-001110"",""PC-INVOICEITEM-000110"",""PC-SUPPLIERQUOTATION-001110""]"
PC-PURCHASEREQUISITION-001105,Goods Receipt Reversed,2023-06-02T05:14:00Z,accounting_header,APP-0000014881,USR-018,"[""PC-PURCHASEREQUISITION-001105"",""PC-ADVANCESHIPPINGNOTICE-000105"",""PC-PAYMENTPROPOSAL-000105""]"
PC-PURCHASEREQUISITION-001138,Invoice Posted,2023-06-02T06:11:00Z,invoice_header,APP-0000014884,USR-082,"[""PC-PURCHASEREQUISITION-001138"",""PC-RFQ-001138"",""PC-MATERIAL-000138""]"
PC-PURCHASEREQUISITION-001130,Invoice Unblocked,2023-06-02T12:08:00Z,inspection_lot,APP-0000014908,USR-078,"[""PC-PURCHASEREQUISITION-001130"",""PC-SCHEDULELINE-000130"",""PC-INVOICE-000130""]"
PC-PURCHASEREQUISITION-001152,Stock Placed in Blocked Stock,2023-06-02T12:19:00Z,invoice_header,APP-0000014910,USR-060,"[""PC-PURCHASEREQUISITION-001152"",""PC-INVOICEITEM-000152"",""PC-SUPPLIERQUOTATION-001152""]"
PC-PURCHASEREQUISITION-001110,Goods Receipt Reversed,2023-06-02T20:14:00Z,accounting_header,APP-0000014942,USR-103,"[""PC-PURCHASEREQUISITION-001110"",""PC-ADVANCESHIPPINGNOTICE-000110"",""PC-PAYMENTPROPOSAL-000110""]"
PC-PURCHASEREQUISITION-001123,Payment Executed,2023-06-02T21:06:00Z,goods_movement_header,APP-0000014947,USR-091,"[""PC-PURCHASEREQUISITION-001123"",""PC-GOODSRECEIPT-000123"",""PC-COSTCENTER-000123""]"
PC-PURCHASEREQUISITION-001157,Quality Inspection Failed,2023-06-02T21:23:00Z,inspection_lot,APP-0000014950,USR-017,"[""PC-PURCHASEREQUISITION-001157"",""PC-INVOICE-000157"",""PC-RFQ-001157""]"
PC-PURCHASEREQUISITION-001145,Invoice Posted,2023-06-03T03:18:00Z,invoice_header,APP-0000014977,USR-074,"[""PC-PURCHASEREQUISITION-001145"",""PC-RFQ-001145"",""PC-MATERIAL-000145""]"
PC-PURCHASEREQUISITION-001164,Quality Inspection Started,2023-06-03T06:28:00Z,req_header,APP-0000014991,USR-007,"[""PC-PURCHASEREQUISITION-001164"",""PC-GOODSRECEIPT-000164"",""PC-COSTCENTER-000164""]"
PC-PURCHASEREQUISITION-001155,Return to Supplier Posted,2023-06-03T09:24:00Z,payment_run,APP-0000015002,USR-113,"[""PC-PURCHASEREQUISITION-001155"",""PC-PAYMENTPROPOSAL-000155"",""PC-PURCHASEORDER-000155""]"
PC-PURCHASEREQUISITION-001115,Goods Receipt Reversed,2023-06-03T11:14:00Z,accounting_header,APP-0000015009,USR-061,"[""PC-PURCHASEREQUISITION-001115"",""PC-ADVANCESHIPPINGNOTICE-000115"",""PC-PAYMENTPROPOSAL-000115""]"
PC-PURCHASEREQUISITION-001144,Three-Way Match Passed,2023-06-03T12:19:00Z,payment_run,APP-0000015018,USR-059,"[""PC-PURCHASEREQUISITION-001144"",""PC-CONTRACT-000144"",""PC-GOODSMOVEMENT-000144""]"
PC-PURCHASEREQUISITION-001120,Goods Receipt Reversed,2023-06-04T02:14:00Z,accounting_header,APP-0000015068,USR-019,"[""PC-PURCHASEREQUISITION-001120"",""PC-ADVANCESHIPPINGNOTICE-000120"",""PC-PAYMENTPROPOSAL-000120""]"
PC-PURCHASEREQUISITION-001171,Quality Inspection Started,2023-06-04T03:35:00Z,req_header,APP-0000015080,USR-126,"[""PC-PURCHASEREQUISITION-001171"",""PC-GOODSRECEIPT-000171"",""PC-COSTCENTER-000171""]"
PC-PURCHASEREQUISITION-001128,Supplier Blocked,2023-06-04T12:15:00Z,payment_run,APP-0000015118,USR-053,"[""PC-PURCHASEREQUISITION-001128"",""PC-ACCOUNTINGDOCUMENT-000128"",""PC-CONTRACT-000128""]"
PC-PURCHASEREQUISITION-001170,Quality Inspection Failed,2023-06-04T12:36:00Z,inspection_lot,APP-0000015120,USR-111,"[""PC-PURCHASEREQUISITION-001170"",""PC-INVOICE-000170"",""PC-RFQ-001170""]"
PC-PURCHASEREQUISITION-001157,Three-Way Match Passed,2023-06-05T03:32:00Z,payment_run,APP-0000015180,USR-026,"[""PC-PURCHASEREQUISITION-001157"",""PC-CONTRACT-000157"",""PC-GOODSMOVEMENT-000157""]"
PC-PURCHASEREQUISITION-001130,Payment Reversed,2023-06-05T08:51:00Z,inspection_lot,APP-0000015196,USR-084,"[""PC-PURCHASEREQUISITION-001130"",""PC-INSPECTIONLOT-000130"",""PC-REQUISITIONITEM-001130""]"
PC-PURCHASEREQUISITION-001139,PO Item Final-Invoiced,2023-06-05T09:24:00Z,invoice_header,APP-0000015206,USR-111,"[""PC-PURCHASEREQUISITION-001139"",""PC-INVOICE-000139"",""PC-RFQ-001139""]"
PC-PURCHASEREQUISITION-001145,Payment Executed,2023-06-05T15:28:00Z,goods_movement_header,APP-0000015231,USR-084,"[""PC-PURCHASEREQUISITION-001145"",""PC-GOODSRECEIPT-000145"",""PC-COSTCENTER-000145""]"
PC-PURCHASEREQUISITION-001147,Payment Proposal Approved,2023-06-05T15:29:00Z,req_header,APP-0000015232,USR-117,"[""PC-PURCHASEREQUISITION-001147"",""PC-GOODSMOVEMENT-000147"",""PC-PAYMENT-000147""]"
PC-PURCHASEREQUISITION-001163,Invoice Changed,2023-06-05T15:37:00Z,accounting_header,APP-0000015233,USR-127,"[""PC-PURCHASEREQUISITION-001163"",""PC-SUPPLIERQUOTATION-001163"",""PC-ADVANCESHIPPINGNOTICE-000163""]"
PC-PURCHASEREQUISITION-001144,Payment Reversed,2023-06-05T18:28:00Z,inspection_lot,APP-0000015244,USR-068,"[""PC-PURCHASEREQUISITION-001144"",""PC-INSPECTIONLOT-000144"",""PC-REQUISITIONITEM-001144""]"
PC-PURCHASEREQUISITION-001166,Invoice Posted,2023-06-05T18:39:00Z,invoice_header,APP-0000015245,USR-050,"[""PC-PURCHASEREQUISITION-001166"",""PC-RFQ-001166"",""PC-MATERIAL-000166""]"
PC-PURCHASEREQUISITION-001135,Goods Receipt Reversed,2023-06-05T23:14:00Z,accounting_header,APP-0000015260,USR-020,"[""PC-PURCHASEREQUISITION-001135"",""PC-ADVANCESHIPPINGNOTICE-000135"",""PC-PAYMENTPROPOSAL-000135""]"
PC-PURCHASEREQUISITION-001171,Invoice Parked,2023-06-06T03:43:00Z,inspection_lot,APP-0000015283,USR-007,"[""PC-PURCHASEREQUISITION-001171"",""PC-REQUISITIONITEM-001171"",""PC-SUPPLIER-000171""]"
PC-PURCHASEREQUISITION-001183,Quality Inspection Failed,2023-06-06T03:49:00Z,inspection_lot,APP-0000015284,USR-078,"[""PC-PURCHASEREQUISITION-001183"",""PC-INVOICE-000183"",""PC-RFQ-001183""]"
PC-PURCHASEREQUISITION-001178,Return to Supplier Posted,2023-06-06T06:47:00Z,payment_run,APP-0000015295,USR-123,"[""PC-PURCHASEREQUISITION-001178"",""PC-PAYMENTPROPOSAL-000178"",""PC-PURCHASEORDER-000178""]"
PC-PURCHASEREQUISITION-001154,Payment Proposal Approved,2023-06-06T12:36:00Z,req_header,APP-0000015317,USR-109,"[""PC-PURCHASEREQUISITION-001154"",""PC-GOODSMOVEMENT-000154"",""PC-PAYMENT-000154""]"
PC-PURCHASEREQUISITION-001140,Payment Reversed,2023-06-06T14:51:00Z,inspection_lot,APP-0000015321,USR-127,"[""PC-PURCHASEREQUISITION-001140"",""PC-INSPECTIONLOT-000140"",""PC-REQUISITIONITEM-001140""]"
PC-PURCHASEREQUISITION-001186,Stock Placed in Blocked Stock,2023-06-06T18:00:00Z,invoice_header,APP-0000015332,USR-003,"[""PC-PURCHASEREQUISITION-001186"",""PC-INVOICEITEM-000186"",""PC-SUPPLIERQUOTATION-001186""]"
PC-PURCHASEREQUISITION-001170,Three-Way Match Passed,2023-06-06T18:45:00Z,payment_run,APP-0000015345,USR-120,"[""PC-PURCHASEREQUISITION-001170"",""PC-CONTRACT-000170"",""PC-GOODSMOVEMENT-000170""]"
PC-PURCHASEREQUISITION-001156,Payment Executed,2023-06-07T00:39:00Z,goods_movement_header,APP-0000015369,USR-017,"[""PC-PURCHASEREQUISITION-001156"",""PC-GOODSRECEIPT-000156"",""PC-COSTCENTER-000156""]"
PC-PURCHASEREQUISITION-001174,Invoice Changed,2023-06-07T00:48:00Z,accounting_header,APP-0000015370,USR-060,"[""PC-PURCHASEREQUISITION-001174"",""PC-SUPPLIERQUOTATION-001174"",""PC-ADVANCESHIPPINGNOTICE-000174""]"
PC-PURCHASEREQUISITION-001171,Three-Way Match Failed,2023-06-07T03:47:00Z,req_header,APP-0000015382,USR-011,"[""PC-PURCHASEREQUISITION-001171"",""PC-PURCHASEORDER-000171"",""PC-GOODSRECEIPT-000171""]"
PC-PURCHASEREQUISITION-001145,Payment Reversed,2023-06-07T05:51:00Z,inspection_lot,APP-0000015386,USR-085,"[""PC-PURCHASEREQUISITION-001145"",""PC-INSPECTIONLOT-000145"",""PC-REQUISITIONITEM-001145""]"
PC-PURCHASEREQUISITION-001185,PO Item Delivery Completed,2023-06-07T09:02:00Z,req_header,APP-0000015397,USR-116,"[""PC-PURCHASEREQUISITION-001185"",""PC-PAYMENT-000185"",""PC-PURCHASEORDERITEM-000185""]"
PC-PURCHASEREQUISITION-001151,Supplier Blocked,2023-06-07T09:38:00Z,payment_run,APP-0000015406,USR-063,"[""PC-PURCHASEREQUISITION-001151"",""PC-ACCOUNTINGDOCUMENT-000151"",""PC-CONTRACT-000151""]"
PC-PURCHASEREQUISITION-001157,Payment Reversed,2023-06-07T09:41:00Z,inspection_lot,APP-0000015408,USR-035,"[""PC-PURCHASEREQUISITION-001157"",""PC-INSPECTIONLOT-000157"",""PC-REQUISITIONITEM-001157""]"
PC-PURCHASEREQUISITION-001161,Payment Proposal Approved,2023-06-07T09:43:00Z,req_header,APP-0000015409,USR-101,"[""PC-PURCHASEREQUISITION-001161"",""PC-GOODSMOVEMENT-000161"",""PC-PAYMENT-000161""]"
PC-PURCHASEREQUISITION-001150,Payment Reversed,2023-06-07T20:51:00Z,inspection_lot,APP-0000015448,USR-043,"[""PC-PURCHASEREQUISITION-001150"",""PC-INSPECTIONLOT-000150"",""PC-REQUISITIONITEM-001150""]"
PC-PURCHASEREQUISITION-001183,Three-Way Match Passed,2023-06-08T09:05:00Z,payment_run,APP-0000015494,USR-087,"[""PC-PURCHASEREQUISITION-001183"",""PC-CONTRACT-000183"",""PC-GOODSMOVEMENT-000183""]"
PC-PURCHASEREQUISITION-001185,Invoice Changed,2023-06-08T09:06:00Z,accounting_header,APP-0000015495,USR-120,"[""PC-PURCHASEREQUISITION-001185"",""PC-SUPPLIERQUOTATION-001185"",""PC-ADVANCESHIPPINGNOTICE-000185""]"
PC-PURCHASEREQUISITION-001203,Quality Inspection Passed,2023-06-08T09:15:00Z,goods_movement_header,APP-0000015497,USR-036,"[""PC-PURCHASEREQUISITION-001203"",""PC-INSPECTIONLOT-000203"",""PC-REQUISITIONITEM-001203""]"
PC-PURCHASEREQUISITION-001155,Payment Reversed,2023-06-08T11:51:00Z,inspection_lot,APP-0000015513,USR-001,"[""PC-PURCHASEREQUISITION-001155"",""PC-INSPECTIONLOT-000155"",""PC-REQUISITIONITEM-001155""]"
PC-PURCHASEREQUISITION-001193,Invoice Received,2023-06-08T15:11:00Z,goods_movement_header,APP-0000015525,USR-126,"[""PC-PURCHASEREQUISITION-001193"",""PC-COSTCENTER-000193"",""PC-SCHEDULELINE-000193""]"
PC-PURCHASEREQUISITION-001215,Goods Receipt Posted,2023-06-08T21:23:00Z,invoice_header,APP-0000015549,USR-109,"[""PC-PURCHASEREQUISITION-001215"",""PC-MATERIAL-000215"",""PC-ACCOUNTINGDOCUMENT-000215""]"
PC-PURCHASEREQUISITION-001160,Goods Receipt Reversed,2023-06-09T02:14:00Z,accounting_header,APP-0000015571,USR-064,"[""PC-PURCHASEREQUISITION-001160"",""PC-ADVANCESHIPPINGNOTICE-000160"",""PC-PAYMENTPROPOSAL-000160""]"
PC-PURCHASEREQUISITION-001167,Purchase Order Closed,2023-06-09T03:00:00Z,accounting_header,APP-0000015573,USR-080,"[""PC-PURCHASEREQUISITION-001167"",""PC-INVOICEITEM-000167"",""PC-SUPPLIERQUOTATION-001167""]"
PC-PURCHASEREQUISITION-001175,Payment Proposal Approved,2023-06-09T03:04:00Z,req_header,APP-0000015574,USR-085,"[""PC-PURCHASEREQUISITION-001175"",""PC-GOODSMOVEMENT-000175"",""PC-PAYMENT-000175""]"
PC-PURCHASEREQUISITION-001201,Return to Supplier Posted,2023-06-09T03:17:00Z,payment_run,APP-0000015575,USR-006,"[""PC-PURCHASEREQUISITION-001201"",""PC-PAYMENTPROPOSAL-000201"",""PC-PURCHASEORDER-000201""]"
PC-PURCHASEREQUISITION-001214,Partial Receipt Posted,2023-06-09T06:24:00Z,payment_run,APP-0000015588,USR-094,"[""PC-PURCHASEREQUISITION-001214"",""PC-GOODSMOVEMENT-000214"",""PC-PAYMENT-000214""]"
PC-PURCHASEREQUISITION-001209,Quality Inspection Failed,2023-06-09T09:22:00Z,inspection_lot,APP-0000015599,USR-012,"[""PC-PURCHASEREQUISITION-001209"",""PC-INVOICE-000209"",""PC-RFQ-001209""]"
PC-PURCHASEREQUISITION-001217,Goods Receipt Reversed,2023-06-09T09:26:00Z,accounting_header,APP-0000015601,USR-017,"[""PC-PURCHASEREQUISITION-001217"",""PC-ADVANCESHIPPINGNOTICE-000217"",""PC-PAYMENTPROPOSAL-000217""]"
PC-PURCHASEREQUISITION-001173,PO Item Final-Invoiced,2023-06-09T15:05:00Z,invoice_header,APP-0000015624,USR-054,"[""PC-PURCHASEREQUISITION-001173"",""PC-INVOICE-000173"",""PC-RFQ-001173""]"
PC-PURCHASEREQUISITION-001165,Payment Reversed,2023-06-09T17:51:00Z,inspection_lot,APP-0000015635,USR-044,"[""PC-PURCHASEREQUISITION-001165"",""PC-INSPECTIONLOT-000165"",""PC-REQUISITIONITEM-001165""]"
PC-PURCHASEREQUISITION-001178,Payment Executed,2023-06-09T18:08:00Z,goods_movement_header,APP-0000015641,USR-010,"[""PC-PURCHASEREQUISITION-001178"",""PC-GOODSRECEIPT-000178"",""PC-COSTCENTER-000178""]"
PC-PURCHASEREQUISITION-001196,Three-Way Match Passed,2023-06-10T00:18:00Z,payment_run,APP-0000015668,USR-054,"[""PC-PURCHASEREQUISITION-001196"",""PC-CONTRACT-000196"",""PC-GOODSMOVEMENT-000196""]"
PC-PURCHASEREQUISITION-001201,Invoice Posted,2023-06-10T03:21:00Z,invoice_header,APP-0000015679,USR-010,"[""PC-PURCHASEREQUISITION-001201"",""PC-RFQ-001201"",""PC-MATERIAL-000201""]"
PC-PURCHASEREQUISITION-001174,Supplier Blocked,2023-06-10T06:08:00Z,payment_run,APP-0000015691,USR-073,"[""PC-PURCHASEREQUISITION-001174"",""PC-ACCOUNTINGDOCUMENT-000174"",""PC-CONTRACT-000174""]"
PC-PURCHASEREQUISITION-001220,Quality Inspection Started,2023-06-10T06:31:00Z,req_header,APP-0000015693,USR-070,"[""PC-PURCHASEREQUISITION-001220"",""PC-GOODSRECEIPT-000220"",""PC-COSTCENTER-000220""]"
PC-PURCHASEREQUISITION-001170,Payment Reversed,2023-06-10T08:51:00Z,inspection_lot,APP-0000015699,USR-002,"[""PC-PURCHASEREQUISITION-001170"",""PC-INSPECTIONLOT-000170"",""PC-REQUISITIONITEM-001170""]"
PC-PURCHASEREQUISITION-001183,Payment Reversed,2023-06-10T15:14:00Z,inspection_lot,APP-0000015731,USR-096,"[""PC-PURCHASEREQUISITION-001183"",""PC-INSPECTIONLOT-000183"",""PC-REQUISITIONITEM-001183""]"
PC-PURCHASEREQUISITION-001189,Payment Proposal Approved,2023-06-10T21:18:00Z,req_header,APP-0000015753,USR-069,"[""PC-PURCHASEREQUISITION-001189"",""PC-GOODSMOVEMENT-000189"",""PC-PAYMENT-000189""]"
PC-PURCHASEREQUISITION-001175,Payment Reversed,2023-06-10T23:51:00Z,inspection_lot,APP-0000015758,USR-087,"[""PC-PURCHASEREQUISITION-001175"",""PC-INSPECTIONLOT-000175"",""PC-REQUISITIONITEM-001175""]"
PC-PURCHASEREQUISITION-001222,Quality Inspection Failed,2023-06-11T00:35:00Z,inspection_lot,APP-0000015771,USR-106,"[""PC-PURCHASEREQUISITION-001222"",""PC-INVOICE-000222"",""PC-RFQ-001222""]"
PC-PURCHASEREQUISITION-001225,Quality Inspection Passed,2023-06-11T03:37:00Z,goods_movement_header,APP-0000015785,USR-029,"[""PC-PURCHASEREQUISITION-001225"",""PC-INSPECTIONLOT-000225"",""PC-REQUISITIONITEM-001225""]"
PC-PURCHASEREQUISITION-001186,Purchase Order Closed,2023-06-11T12:19:00Z,accounting_header,APP-0000015820,USR-022,"[""PC-PURCHASEREQUISITION-001186"",""PC-INVOICEITEM-000186"",""PC-SUPPLIERQUOTATION-001186""]"
PC-PURCHASEREQUISITION-001183,Supplier Unblocked,2023-06-11T15:18:00Z,req_header,APP-0000015832,USR-100,"[""PC-PURCHASEREQUISITION-001183"",""PC-PAYMENTPROPOSAL-000183"",""PC-PURCHASEORDER-000183""]"
PC-PURCHASEREQUISITION-001209,Three-Way Match Passed,2023-06-11T15:31:00Z,payment_run,APP-0000015835,USR-021,"[""PC-PURCHASEREQUISITION-001209"",""PC-CONTRACT-000209"",""PC-GOODSMOVEMENT-000209""]"
PC-PURCHASEREQUISITION-001190,PO Item Final-Invoiced,2023-06-11T18:22:00Z,invoice_header,APP-0000015845,USR-089,"[""PC-PURCHASEREQUISITION-001190"",""PC-INVOICE-000190"",""PC-RFQ-001190""]"
PC-PURCHASEREQUISITION-001200,Accounting Document Created,2023-06-11T18:27:00Z,accounting_header,APP-0000015847,USR-127,"[""PC-PURCHASEREQUISITION-001200"",""PC-MATERIAL-000200"",""PC-ACCOUNTINGDOCUMENT-000200""]"
PC-PURCHASEREQUISITION-001234,Quality Inspection Started,2023-06-12T00:45:00Z,req_header,APP-0000015869,USR-054,"[""PC-PURCHASEREQUISITION-001234"",""PC-GOODSRECEIPT-000234"",""PC-COSTCENTER-000234""]"
PC-PURCHASEREQUISITION-001185,Payment Reversed,2023-06-12T05:51:00Z,inspection_lot,APP-0000015884,USR-003,"[""PC-PURCHASEREQUISITION-001185"",""PC-INSPECTIONLOT-000185"",""PC-REQUISITIONITEM-001185""]"
PC-PURCHASEREQUISITION-001196,Payment Reversed,2023-06-12T06:27:00Z,inspection_lot,APP-0000015895,USR-063,"[""PC-PURCHASEREQUISITION-001196"",""PC-INSPECTIONLOT-000196"",""PC-REQUISITIONITEM-001196""]"
PC-PURCHASEREQUISITION-001202,Payment Proposal Created,2023-06-12T06:30:00Z,payment_run,APP-0000015896,USR-035,"[""PC-PURCHASEREQUISITION-001202"",""PC-ADVANCESHIPPINGNOTICE-000202"",""PC-PAYMENTPROPOSAL-000202""]"
PC-PURCHASEREQUISITION-001200,Payment Executed,2023-06-12T12:30:00Z,goods_movement_header,APP-0000015919,USR-003,"[""PC-PURCHASEREQUISITION-001200"",""PC-GOODSRECEIPT-000200"",""PC-COSTCENTER-000200""]"
PC-PURCHASEREQUISITION-001218,Invoice Changed,2023-06-12T12:39:00Z,accounting_header,APP-0000015920,USR-046,"[""PC-PURCHASEREQUISITION-001218"",""PC-SUPPLIERQUOTATION-001218"",""PC-ADVANCESHIPPINGNOTICE-000218""]"
PC-PURCHASEREQUISITION-001230,Stock Released from Blocked Stock,2023-06-12T12:45:00Z,accounting_header,APP-0000015922,USR-117,"[""PC-PURCHASEREQUISITION-001230"",""PC-ACCOUNTINGDOCUMENT-000230"",""PC-CONTRACT-000230""]"
PC-PURCHASEREQUISITION-001236,Quality Inspection Passed,2023-06-12T12:48:00Z,goods_movement_header,APP-0000015923,USR-089,"[""PC-PURCHASEREQUISITION-001236"",""PC-INSPECTIONLOT-000236"",""PC-REQUISITIONITEM-001236""]"
PC-PURCHASEREQUISITION-001235,Quality Inspection Failed,2023-06-12T15:48:00Z,inspection_lot,APP-0000015935,USR-073,"[""PC-PURCHASEREQUISITION-001235"",""PC-INVOICE-000235"",""PC-RFQ-001235""]"
PC-PURCHASEREQUISITION-001190,Goods Receipt Reversed,2023-06-12T20:14:00Z,accounting_header,APP-0000015949,USR-066,"[""PC-PURCHASEREQUISITION-001190"",""PC-ADVANCESHIPPINGNOTICE-000190"",""PC-PAYMENTPROPOSAL-000190""]"
PC-PURCHASEREQUISITION-001241,Quality Inspection Started,2023-06-12T21:52:00Z,req_header,APP-0000015961,USR-046,"[""PC-PURCHASEREQUISITION-001241"",""PC-GOODSRECEIPT-000241"",""PC-COSTCENTER-000241""]"
PC-PURCHASEREQUISITION-001197,Supplier Blocked,2023-06-13T03:31:00Z,payment_run,APP-0000015983,USR-083,"[""PC-PURCHASEREQUISITION-001197"",""PC-ACCOUNTINGDOCUMENT-000197"",""PC-CONTRACT-000197""]"
PC-PURCHASEREQUISITION-001213,Credit Memo Posted,2023-06-13T03:39:00Z,invoice_header,APP-0000015985,USR-093,"[""PC-PURCHASEREQUISITION-001213"",""PC-SUPPLIER-000213"",""PC-INVOICEITEM-000213""]"
PC-PURCHASEREQUISITION-001237,Stock Placed in Blocked Stock,2023-06-13T03:51:00Z,invoice_header,APP-0000015986,USR-108,"[""PC-PURCHASEREQUISITION-001237"",""PC-INVOICEITEM-000237"",""PC-SUPPLIERQUOTATION-001237""]"
PC-PURCHASEREQUISITION-001222,Three-Way Match Passed,2023-06-13T06:44:00Z,payment_run,APP-0000015997,USR-115,"[""PC-PURCHASEREQUISITION-001222"",""PC-CONTRACT-000222"",""PC-GOODSMOVEMENT-000222""]"
PC-PURCHASEREQUISITION-001195,Payment Reversed,2023-06-13T11:51:00Z,inspection_lot,APP-0000016010,USR-046,"[""PC-PURCHASEREQUISITION-001195"",""PC-INSPECTIONLOT-000195"",""PC-REQUISITIONITEM-001195""]"
PC-PURCHASEREQUISITION-001210,Payment Proposal Approved,2023-06-13T12:39:00Z,req_header,APP-0000016021,USR-045,"[""PC-PURCHASEREQUISITION-001210"",""PC-GOODSMOVEMENT-000210"",""PC-PAYMENT-000210""]"
PC-PURCHASEREQUISITION-001248,Quality Inspection Started,2023-06-13T18:06:00Z,req_header,APP-0000016034,USR-038,"[""PC-PURCHASEREQUISITION-001248"",""PC-GOODSRECEIPT-000248"",""PC-COSTCENTER-000248""]"
PC-PURCHASEREQUISITION-001251,Partial Receipt Posted,2023-06-13T21:08:00Z,payment_run,APP-0000016046,USR-088,"[""PC-PURCHASEREQUISITION-001251"",""PC-GOODSMOVEMENT-000251"",""PC-PAYMENT-000251""]"
PC-PURCHASEREQUISITION-001205,Purchase Order Closed,2023-06-13T21:38:00Z,accounting_header,APP-0000016059,USR-091,"[""PC-PURCHASEREQUISITION-001205"",""PC-INVOICEITEM-000205"",""PC-SUPPLIERQUOTATION-001205""]"
PC-PURCHASEREQUISITION-001207,PO Item Final-Invoiced,2023-06-13T21:39:00Z,invoice_header,APP-0000016060,USR-124,"[""PC-PURCHASEREQUISITION-001207"",""PC-INVOICE-000207"",""PC-RFQ-001207""]"
PC-PURCHASEREQUISITION-001209,Payment Reversed,2023-06-13T21:40:00Z,inspection_lot,APP-0000016061,USR-030,"[""PC-PURCHASEREQUISITION-001209"",""PC-INSPECTIONLOT-000209"",""PC-REQUISITIONITEM-001209""]"
PC-PURCHASEREQUISITION-001229,Invoice Changed,2023-06-13T21:50:00Z,accounting_header,APP-0000016063,USR-106,"[""PC-PURCHASEREQUISITION-001229"",""PC-SUPPLIERQUOTATION-001229"",""PC-ADVANCESHIPPINGNOTICE-000229""]"
PC-PURCHASEREQUISITION-001222,Invoice Unblocked,2023-06-14T00:47:00Z,inspection_lot,APP-0000016076,USR-118,"[""PC-PURCHASEREQUISITION-001222"",""PC-SCHEDULELINE-000222"",""PC-INVOICE-000222""]"
PC-PURCHASEREQUISITION-001200,Payment Reversed,2023-06-14T02:51:00Z,inspection_lot,APP-0000016080,USR-004,"[""PC-PURCHASEREQUISITION-001200"",""PC-INSPECTIONLOT-000200"",""PC-REQUISITIONITEM-001200""]"
PC-PURCHASEREQUISITION-001217,Payment Proposal Approved,2023-06-14T09:46:00Z,req_header,APP-0000016109,USR-037,"[""PC-PURCHASEREQUISITION-001217"",""PC-GOODSMOVEMENT-000217"",""PC-PAYMENT-000217""]"
PC-PURCHASEREQUISITION-001236,Invoice Posted,2023-06-14T12:03:00Z,invoice_header,APP-0000016111,USR-097,"[""PC-PURCHASEREQUISITION-001236"",""PC-RFQ-001236"",""PC-MATERIAL-000236""]"
PC-PURCHASEREQUISITION-001235,Three-Way Match Passed,2023-06-14T21:04:00Z,payment_run,APP-0000016148,USR-082,"[""PC-PURCHASEREQUISITION-001235"",""PC-CONTRACT-000235"",""PC-GOODSMOVEMENT-000235""]"
PC-PURCHASEREQUISITION-001240,Invoice Changed,2023-06-15T06:08:00Z,accounting_header,APP-0000016181,USR-039,"[""PC-PURCHASEREQUISITION-001240"",""PC-SUPPLIERQUOTATION-001240"",""PC-ADVANCESHIPPINGNOTICE-000240""]"
PC-PURCHASEREQUISITION-001258,Quality Inspection Passed,2023-06-15T06:17:00Z,goods_movement_header,APP-0000016183,USR-082,"[""PC-PURCHASEREQUISITION-001258"",""PC-INSPECTIONLOT-000258"",""PC-REQUISITIONITEM-001258""]"
PC-PURCHASEREQUISITION-001262,Quality Inspection Started,2023-06-15T12:20:00Z,req_header,APP-0000016215,USR-022,"[""PC-PURCHASEREQUISITION-001262"",""PC-GOODSRECEIPT-000262"",""PC-COSTCENTER-000262""]"
PC-PURCHASEREQUISITION-001239,Three-Way Match Failed,2023-06-15T15:09:00Z,req_header,APP-0000016226,USR-024,"[""PC-PURCHASEREQUISITION-001239"",""PC-PURCHASEORDER-000239"",""PC-GOODSRECEIPT-000239""]"
PC-PURCHASEREQUISITION-001261,Quality Inspection Failed,2023-06-15T21:21:00Z,inspection_lot,APP-0000016249,USR-007,"[""PC-PURCHASEREQUISITION-001261"",""PC-INVOICE-000261"",""PC-RFQ-001261""]"
PC-PURCHASEREQUISITION-001215,Goods Receipt Reversed,2023-06-15T23:14:00Z,accounting_header,APP-0000016261,USR-110,"[""PC-PURCHASEREQUISITION-001215"",""PC-ADVANCESHIPPINGNOTICE-000215"",""PC-PAYMENTPROPOSAL-000215""]"
PC-PURCHASEREQUISITION-001220,Supplier Blocked,2023-06-16T00:01:00Z,payment_run,APP-0000016264,USR-093,"[""PC-PURCHASEREQUISITION-001220"",""PC-ACCOUNTINGDOCUMENT-000220"",""PC-CONTRACT-000220""]"
PC-PURCHASEREQUISITION-001231,Payment Proposal Approved,2023-06-16T03:07:00Z,req_header,APP-0000016277,USR-021,"[""PC-PURCHASEREQUISITION-001231"",""PC-GOODSMOVEMENT-000231"",""PC-PAYMENT-000231""]"
PC-PURCHASEREQUISITION-001224,Purchase Order Closed,2023-06-16T06:04:00Z,accounting_header,APP-0000016289,USR-033,"[""PC-PURCHASEREQUISITION-001224"",""PC-INVOICEITEM-000224"",""PC-SUPPLIERQUOTATION-001224""]"
PC-PURCHASEREQUISITION-001250,Invoice Posted,2023-06-16T06:17:00Z,invoice_header,APP-0000016290,USR-081,"[""PC-PURCHASEREQUISITION-001250"",""PC-RFQ-001250"",""PC-MATERIAL-000250""]"
PC-PURCHASEREQUISITION-001255,Invoice Received,2023-06-16T09:20:00Z,goods_movement_header,APP-0000016302,USR-037,"[""PC-PURCHASEREQUISITION-001255"",""PC-COSTCENTER-000255"",""PC-SCHEDULELINE-000255""]"
PC-PURCHASEREQUISITION-001220,Payment Reversed,2023-06-16T14:51:00Z,inspection_lot,APP-0000016322,USR-090,"[""PC-PURCHASEREQUISITION-001220"",""PC-INSPECTIONLOT-000220"",""PC-REQUISITIONITEM-001220""]"
PC-PURCHASEREQUISITION-001269,Quality Inspection Passed,2023-06-16T15:28:00Z,goods_movement_header,APP-0000016331,USR-015,"[""PC-PURCHASEREQUISITION-001269"",""PC-INSPECTIONLOT-000269"",""PC-REQUISITIONITEM-001269""]"
PC-PURCHASEREQUISITION-001238,Payment Proposal Approved,2023-06-17T00:14:00Z,req_header,APP-0000016371,USR-013,"[""PC-PURCHASEREQUISITION-001238"",""PC-GOODSMOVEMENT-000238"",""PC-PAYMENT-000238""]"
PC-PURCHASEREQUISITION-001235,Payment Reversed,2023-06-17T03:13:00Z,inspection_lot,APP-0000016383,USR-091,"[""PC-PURCHASEREQUISITION-001235"",""PC-INSPECTIONLOT-000235"",""PC-REQUISITIONITEM-001235""]"
PC-PURCHASEREQUISITION-001225,Goods Receipt Reversed,2023-06-17T05:14:00Z,accounting_header,APP-0000016389,USR-026,"[""PC-PURCHASEREQUISITION-001225"",""PC-ADVANCESHIPPINGNOTICE-000225"",""PC-PAYMENTPROPOSAL-000225""]"
PC-PURCHASEREQUISITION-001268,Stock Released from Blocked Stock,2023-06-17T06:30:00Z,accounting_header,APP-0000016400,USR-001,"[""PC-PURCHASEREQUISITION-001268"",""PC-ACCOUNTINGDOCUMENT-000268"",""PC-CONTRACT-000268""]"
PC-PURCHASEREQUISITION-001256,Three-Way Match Failed,2023-06-17T18:26:00Z,req_header,APP-0000016443,USR-059,"[""PC-PURCHASEREQUISITION-001256"",""PC-PURCHASEORDER-000256"",""PC-GOODSRECEIPT-000256""]"
PC-PURCHASEREQUISITION-001230,Payment Reversed,2023-06-17T20:51:00Z,inspection_lot,APP-0000016449,USR-006,"[""PC-PURCHASEREQUISITION-001230"",""PC-INSPECTIONLOT-000230"",""PC-REQUISITIONITEM-001230""]"
PC-PURCHASEREQUISITION-001262,Invoice Changed,2023-06-18T00:30:00Z,accounting_header,APP-0000016473,USR-032,"[""PC-PURCHASEREQUISITION-001262"",""PC-SUPPLIERQUOTATION-001262"",""PC-ADVANCESHIPPINGNOTICE-000262""]"
PC-PURCHASEREQUISITION-001264,Invoice Posted,2023-06-18T00:31:00Z,invoice_header,APP-0000016474,USR-065,"[""PC-PURCHASEREQUISITION-001264"",""PC-RFQ-001264"",""PC-MATERIAL-000264""]"
PC-PURCHASEREQUISITION-001280,Quality Inspection Passed,2023-06-18T00:39:00Z,goods_movement_header,APP-0000016475,USR-075,"[""PC-PURCHASEREQUISITION-001280"",""PC-INSPECTIONLOT-000280"",""PC-REQUISITIONITEM-001280""]"
PC-PURCHASEREQUISITION-001261,Three-Way Match Passed,2023-06-18T03:30:00Z,payment_run,APP-0000016487,USR-016,"[""PC-PURCHASEREQUISITION-001261"",""PC-CONTRACT-000261"",""PC-GOODSMOVEMENT-000261""]"
PC-PURCHASEREQUISITION-001283,Quality Inspection Started,2023-06-18T03:41:00Z,req_header,APP-0000016488,USR-125,"[""PC-PURCHASEREQUISITION-001283"",""PC-GOODSRECEIPT-000283"",""PC-COSTCENTER-000283""]"
PC-PURCHASEREQUISITION-001235,Goods Receipt Reversed,2023-06-18T11:14:00Z,accounting_header,APP-0000016513,USR-069,"[""PC-PURCHASEREQUISITION-001235"",""PC-ADVANCESHIPPINGNOTICE-000235"",""PC-PAYMENTPROPOSAL-000235""]"
PC-PURCHASEREQUISITION-001288,Partial Receipt Posted,2023-06-18T12:45:00Z,payment_run,APP-0000016524,USR-082,"[""PC-PURCHASEREQUISITION-001288"",""PC-GOODSMOVEMENT-000288"",""PC-PAYMENT-000288""]"
PC-PURCHASEREQUISITION-001241,Supplier Unblocked,2023-06-18T21:23:00Z,req_header,APP-0000016556,USR-070,"[""PC-PURCHASEREQUISITION-001241"",""PC-PAYMENTPROPOSAL-000241"",""PC-PURCHASEORDER-000241""]"
PC-PURCHASEREQUISITION-001271,Invoice Posted,2023-06-18T21:38:00Z,invoice_header,APP-0000016560,USR-057,"[""PC-PURCHASEREQUISITION-001271"",""PC-RFQ-001271"",""PC-MATERIAL-000271""]"
PC-PURCHASEREQUISITION-001290,Quality Inspection Started,2023-06-19T00:48:00Z,req_header,APP-0000016570,USR-117,"[""PC-PURCHASEREQUISITION-001290"",""PC-GOODSRECEIPT-000290"",""PC-COSTCENTER-000290""]"
PC-PURCHASEREQUISITION-001240,Goods Receipt Reversed,2023-06-19T02:14:00Z,accounting_header,APP-0000016573,USR-027,"[""PC-PURCHASEREQUISITION-001240"",""PC-ADVANCESHIPPINGNOTICE-000240"",""PC-PAYMENTPROPOSAL-000240""]"
PC-PURCHASEREQUISITION-001291,Quality Inspection Passed,2023-06-19T09:50:00Z,goods_movement_header,APP-0000016611,USR-008,"[""PC-PURCHASEREQUISITION-001291"",""PC-INSPECTIONLOT-000291"",""PC-REQUISITIONITEM-001291""]"
PC-PURCHASEREQUISITION-001288,Stock Placed in Blocked Stock,2023-06-19T12:49:00Z,invoice_header,APP-0000016624,USR-086,"[""PC-PURCHASEREQUISITION-001288"",""PC-INVOICEITEM-000288"",""PC-SUPPLIERQUOTATION-001288""]"
PC-PURCHASEREQUISITION-001245,Payment Reversed,2023-06-19T17:51:00Z,inspection_lot,APP-0000016639,USR-007,"[""PC-PURCHASEREQUISITION-001245"",""PC-INSPECTIONLOT-000245"",""PC-REQUISITIONITEM-001245""]"
PC-PURCHASEREQUISITION-001302,Goods Receipt Posted,2023-06-19T18:04:00Z,invoice_header,APP-0000016640,USR-064,"[""PC-PURCHASEREQUISITION-001302"",""PC-MATERIAL-000302"",""PC-ACCOUNTINGDOCUMENT-000302""]"
PC-PURCHASEREQUISITION-001268,Invoice Unblocked,2023-06-19T18:40:00Z,inspection_lot,APP-0000016650,USR-011,"[""PC-PURCHASEREQUISITION-001268"",""PC-SCHEDULELINE-000268"",""PC-INVOICE-000268""]"
PC-PURCHASEREQUISITION-001273,Three-Way Match Failed,2023-06-19T21:43:00Z,req_header,APP-0000016663,USR-094,"[""PC-PURCHASEREQUISITION-001273"",""PC-PURCHASEORDER-000273"",""PC-GOODSRECEIPT-000273""]"
PC-PURCHASEREQUISITION-001286,Invoice Received,2023-06-20T06:51:00Z,goods_movement_header,APP-0000016697,USR-056,"[""PC-PURCHASEREQUISITION-001286"",""PC-COSTCENTER-000286"",""PC-SCHEDULELINE-000286""]"
PC-PURCHASEREQUISITION-001250,Payment Reversed,2023-06-20T08:51:00Z,inspection_lot,APP-0000016701,USR-092,"[""PC-PURCHASEREQUISITION-001250"",""PC-INSPECTIONLOT-000250"",""PC-REQUISITIONITEM-001250""]"
PC-PURCHASEREQUISITION-001261,Payment Reversed,2023-06-20T09:39:00Z,inspection_lot,APP-0000016711,USR-025,"[""PC-PURCHASEREQUISITION-001261"",""PC-INSPECTIONLOT-000261"",""PC-REQUISITIONITEM-001261""]"
PC-PURCHASEREQUISITION-001266,Payment Proposal Approved,2023-06-20T12:42:00Z,req_header,APP-0000016722,USR-108,"[""PC-PURCHASEREQUISITION-001266"",""PC-GOODSMOVEMENT-000266"",""PC-PAYMENT-000266""]"
PC-PURCHASEREQUISITION-001300,Quality Inspection Failed,2023-06-20T18:07:00Z,inspection_lot,APP-0000016735,USR-035,"[""PC-PURCHASEREQUISITION-001300"",""PC-INVOICE-000300"",""PC-RFQ-001300""]"
PC-PURCHASEREQUISITION-001302,Quality Inspection Passed,2023-06-20T18:08:00Z,goods_movement_header,APP-0000016736,USR-068,"[""PC-PURCHASEREQUISITION-001302"",""PC-INSPECTIONLOT-000302"",""PC-REQUISITIONITEM-001302""]"
PC-PURCHASEREQUISITION-001255,Goods Receipt Reversed,2023-06-20T23:14:00Z,accounting_header,APP-0000016764,USR-028,"[""PC-PURCHASEREQUISITION-001255"",""PC-ADVANCESHIPPINGNOTICE-000255"",""PC-PAYMENTPROPOSAL-000255""]"
PC-PURCHASEREQUISITION-001262,Purchase Order Closed,2023-06-21T00:42:00Z,accounting_header,APP-0000016777,USR-044,"[""PC-PURCHASEREQUISITION-001262"",""PC-INVOICEITEM-000262"",""PC-SUPPLIERQUOTATION-001262""]"
PC-PURCHASEREQUISITION-001287,Three-Way Match Passed,2023-06-21T09:03:00Z,payment_run,APP-0000016799,USR-077,"[""PC-PURCHASEREQUISITION-001287"",""PC-CONTRACT-000287"",""PC-GOODSMOVEMENT-000287""]"
PC-PURCHASEREQUISITION-001284,Invoice Blocked,2023-06-21T12:02:00Z,goods_movement_header,APP-0000016810,USR-028,"[""PC-PURCHASEREQUISITION-001284"",""PC-PURCHASEORDERITEM-000284"",""PC-INSPECTIONLOT-000284""]"
PC-PURCHASEREQUISITION-001292,Invoice Posted,2023-06-21T12:06:00Z,invoice_header,APP-0000016811,USR-033,"[""PC-PURCHASEREQUISITION-001292"",""PC-RFQ-001292"",""PC-MATERIAL-000292""]"
PC-PURCHASEREQUISITION-001276,Payment Proposal Created,2023-06-21T12:51:00Z,payment_run,APP-0000016822,USR-023,"[""PC-PURCHASEREQUISITION-001276"",""PC-ADVANCESHIPPINGNOTICE-000276"",""PC-PAYMENTPROPOSAL-000276""]"
PC-PURCHASEREQUISITION-001260,Payment Reversed,2023-06-21T14:51:00Z,inspection_lot,APP-0000016826,USR-008,"[""PC-PURCHASEREQUISITION-001260"",""PC-INSPECTIONLOT-000260"",""PC-REQUISITIONITEM-001260""]"
PC-PURCHASEREQUISITION-001265,Goods Receipt Reversed,2023-06-22T05:14:00Z,accounting_header,APP-0000016891,USR-071,"[""PC-PURCHASEREQUISITION-001265"",""PC-ADVANCESHIPPINGNOTICE-000265"",""PC-PAYMENTPROPOSAL-000265""]"
PC-PURCHASEREQUISITION-001313,Quality Inspection Failed,2023-06-22T09:20:00Z,inspection_lot,APP-0000016905,USR-002,"[""PC-PURCHASEREQUISITION-001313"",""PC-INVOICE-000313"",""PC-RFQ-001313""]"
PC-PURCHASEREQUISITION-001291,Invoice Unblocked,2023-06-22T15:10:00Z,inspection_lot,APP-0000016930,USR-021,"[""PC-PURCHASEREQUISITION-001291"",""PC-SCHEDULELINE-000291"",""PC-INVOICE-000291""]"
PC-PURCHASEREQUISITION-001270,Goods Receipt Reversed,2023-06-22T20:14:00Z,accounting_header,APP-0000016952,USR-029,"[""PC-PURCHASEREQUISITION-001270"",""PC-ADVANCESHIPPINGNOTICE-000270"",""PC-PAYMENTPROPOSAL-000270""]"
PC-PURCHASEREQUISITION-001300,Three-Way Match Passed,2023-06-23T00:16:00Z,payment_run,APP-0000016968,USR-044,"[""PC-PURCHASEREQUISITION-001300"",""PC-CONTRACT-000300"",""PC-GOODSMOVEMENT-000300""]"
PC-PURCHASEREQUISITION-001293,Accounting Document Created,2023-06-23T09:14:00Z,accounting_header,APP-0000017004,USR-057,"[""PC-PURCHASEREQUISITION-001293"",""PC-MATERIAL-000293"",""PC-ACCOUNTINGDOCUMENT-000293""]"
PC-PURCHASEREQUISITION-001325,Quality Inspection Started,2023-06-23T09:30:00Z,req_header,APP-0000017005,USR-077,"[""PC-PURCHASEREQUISITION-001325"",""PC-GOODSRECEIPT-000325"",""PC-COSTCENTER-000325""]"
PC-PURCHASEREQUISITION-001331,Goods Receipt Posted,2023-06-23T09:33:00Z,invoice_header,APP-0000017006,USR-049,"[""PC-PURCHASEREQUISITION-001331"",""PC-MATERIAL-000331"",""PC-ACCOUNTINGDOCUMENT-000331""]"
PC-PURCHASEREQUISITION-001275,Payment Reversed,2023-06-23T11:51:00Z,inspection_lot,APP-0000017014,USR-009,"[""PC-PURCHASEREQUISITION-001275"",""PC-INSPECTIONLOT-000275"",""PC-REQUISITIONITEM-001275""]"
PC-PURCHASEREQUISITION-001306,Invoice Changed,2023-06-23T12:21:00Z,accounting_header,APP-0000017024,USR-018,"[""PC-PURCHASEREQUISITION-001306"",""PC-SUPPLIERQUOTATION-001306"",""PC-ADVANCESHIPPINGNOTICE-000306""]"
PC-PURCHASEREQUISITION-001287,Payment Reversed,2023-06-23T15:12:00Z,inspection_lot,APP-0000017039,USR-086,"[""PC-PURCHASEREQUISITION-001287"",""PC-INSPECTIONLOT-000287"",""PC-REQUISITIONITEM-001287""]"
PC-PURCHASEREQUISITION-001303,Invoice Blocked,2023-06-23T21:21:00Z,goods_movement_header,APP-0000017061,USR-097,"[""PC-PURCHASEREQUISITION-001303"",""PC-PURCHASEORDERITEM-000303"",""PC-INSPECTIONLOT-000303""]"
PC-PURCHASEREQUISITION-001294,Payment Proposal Approved,2023-06-24T00:17:00Z,req_header,APP-0000017071,USR-076,"[""PC-PURCHASEREQUISITION-001294"",""PC-GOODSMOVEMENT-000294"",""PC-PAYMENT-000294""]"
PC-PURCHASEREQUISITION-001300,Credit Memo Posted,2023-06-24T00:20:00Z,invoice_header,APP-0000017072,USR-048,"[""PC-PURCHASEREQUISITION-001300"",""PC-SUPPLIER-000300"",""PC-INVOICEITEM-000300""]"
PC-PURCHASEREQUISITION-001326,Quality Inspection Failed,2023-06-24T00:33:00Z,inspection_lot,APP-0000017073,USR-096,"[""PC-PURCHASEREQUISITION-001326"",""PC-INVOICE-000326"",""PC-RFQ-001326""]"
PC-PURCHASEREQUISITION-001280,Goods Receipt Reversed,2023-06-24T02:14:00Z,accounting_header,APP-0000017076,USR-072,"[""PC-PURCHASEREQUISITION-001280"",""PC-ADVANCESHIPPINGNOTICE-000280"",""PC-PAYMENTPROPOSAL-000280""]"
PC-PURCHASEREQUISITION-001317,Invoice Received,2023-06-24T03:29:00Z,goods_movement_header,APP-0000017089,USR-075,"[""PC-PURCHASEREQUISITION-001317"",""PC-COSTCENTER-000317"",""PC-SCHEDULELINE-000317""]"
PC-PURCHASEREQUISITION-001332,Quality Inspection Started,2023-06-24T06:37:00Z,req_header,APP-0000017099,USR-069,"[""PC-PURCHASEREQUISITION-001332"",""PC-GOODSRECEIPT-000332"",""PC-COSTCENTER-000332""]"
PC-PURCHASEREQUISITION-001325,Stock Released from Blocked Stock,2023-06-24T09:34:00Z,accounting_header,APP-0000017110,USR-081,"[""PC-PURCHASEREQUISITION-001325"",""PC-ACCOUNTINGDOCUMENT-000325"",""PC-CONTRACT-000325""]"
PC-PURCHASEREQUISITION-001313,Three-Way Match Passed,2023-06-24T15:29:00Z,payment_run,APP-0000017134,USR-011,"[""PC-PURCHASEREQUISITION-001313"",""PC-CONTRACT-000313"",""PC-GOODSMOVEMENT-000313""]"
PC-PURCHASEREQUISITION-001319,Invoice Parked,2023-06-24T15:32:00Z,inspection_lot,APP-0000017135,USR-110,"[""PC-PURCHASEREQUISITION-001319"",""PC-REQUISITIONITEM-001319"",""PC-SUPPLIER-000319""]"
PC-PURCHASEREQUISITION-001301,Payment Proposal Approved,2023-06-24T21:24:00Z,req_header,APP-0000017161,USR-068,"[""PC-PURCHASEREQUISITION-001301"",""PC-GOODSMOVEMENT-000301"",""PC-PAYMENT-000301""]"
PC-PURCHASEREQUISITION-001317,Invoice Changed,2023-06-24T21:32:00Z,accounting_header,APP-0000017162,USR-078,"[""PC-PURCHASEREQUISITION-001317"",""PC-SUPPLIERQUOTATION-001317"",""PC-ADVANCESHIPPINGNOTICE-000317""]"
PC-PURCHASEREQUISITION-001341,Goods Receipt Reversed,2023-06-24T21:44:00Z,accounting_header,APP-0000017164,USR-093,"[""PC-PURCHASEREQUISITION-001341"",""PC-ADVANCESHIPPINGNOTICE-000341"",""PC-PAYMENTPROPOSAL-000341""]"
PC-PURCHASEREQUISITION-001320,Invoice Posted,2023-06-25T00:34:00Z,invoice_header,APP-0000017176,USR-001,"[""PC-PURCHASEREQUISITION-001320"",""PC-RFQ-001320"",""PC-MATERIAL-000320""]"
PC-PURCHASEREQUISITION-001300,Payment Reversed,2023-06-25T06:25:00Z,inspection_lot,APP-0000017200,USR-053,"[""PC-PURCHASEREQUISITION-001300"",""PC-INSPECTIONLOT-000300"",""PC-REQUISITIONITEM-001300""]"
PC-PURCHASEREQUISITION-001290,Payment Reversed,2023-06-25T08:51:00Z,inspection_lot,APP-0000017204,USR-010,"[""PC-PURCHASEREQUISITION-001290"",""PC-INSPECTIONLOT-000290"",""PC-REQUISITIONITEM-001290""]"
PC-PURCHASEREQUISITION-001339,Quality Inspection Failed,2023-06-25T15:46:00Z,inspection_lot,APP-0000017238,USR-063,"[""PC-PURCHASEREQUISITION-001339"",""PC-INVOICE-000339"",""PC-RFQ-001339""]"
PC-PURCHASEREQUISITION-001327,Invoice Posted,2023-06-25T21:41:00Z,invoice_header,APP-0000017259,USR-120,"[""PC-PURCHASEREQUISITION-001327"",""PC-RFQ-001327"",""PC-MATERIAL-000327""]"
PC-PURCHASEREQUISITION-001295,Goods Receipt Reversed,2023-06-25T23:14:00Z,accounting_header,APP-0000017263,USR-073,"[""PC-PURCHASEREQUISITION-001295"",""PC-ADVANCESHIPPINGNOTICE-000295"",""PC-PAYMENTPROPOSAL-000295""]"
PC-PURCHASEREQUISITION-001322,Invoice Blocked,2023-06-26T06:40:00Z,goods_movement_header,APP-0000017302,USR-039,"[""PC-PURCHASEREQUISITION-001322"",""PC-PURCHASEORDERITEM-000322"",""PC-INSPECTIONLOT-000322""]"
PC-PURCHASEREQUISITION-001324,Three-Way Match Failed,2023-06-26T06:41:00Z,req_header,APP-0000017303,USR-072,"[""PC-PURCHASEREQUISITION-001324"",""PC-PURCHASEORDER-000324"",""PC-GOODSRECEIPT-000324""]"
PC-PURCHASEREQUISITION-001326,Three-Way Match Passed,2023-06-26T06:42:00Z,payment_run,APP-0000017304,USR-105,"[""PC-PURCHASEREQUISITION-001326"",""PC-CONTRACT-000326"",""PC-GOODSMOVEMENT-000326""]"
PC-PURCHASEREQUISITION-001346,Quality Inspection Passed,2023-06-26T06:52:00Z,goods_movement_header,APP-0000017306,USR-054,"[""PC-PURCHASEREQUISITION-001346"",""PC-INSPECTIONLOT-000346"",""PC-REQUISITIONITEM-001346""]"
PC-PURCHASEREQUISITION-001339,Return to Supplier Posted,2023-06-26T09:49:00Z,payment_run,APP-0000017316,USR-066,"[""PC-PURCHASEREQUISITION-001339"",""PC-PAYMENTPROPOSAL-000339"",""PC-PURCHASEORDER-000339""]"
PC-PURCHASEREQUISITION-001300,Payment Reversed,2023-06-26T14:51:00Z,inspection_lot,APP-0000017329,USR-053,"[""PC-PURCHASEREQUISITION-001300"",""PC-INSPECTIONLOT-000300"",""PC-REQUISITIONITEM-001300""]"
PC-PURCHASEREQUISITION-001309,PO Item Final-Invoiced,2023-06-26T15:35:00Z,invoice_header,APP-0000017340,USR-080,"[""PC-PURCHASEREQUISITION-001309"",""PC-INVOICE-000309"",""PC-RFQ-001309""]"
PC-PURCHASEREQUISITION-001315,Payment Proposal Approved,2023-06-26T15:38:00Z,req_header,APP-0000017341,USR-052,"[""PC-PURCHASEREQUISITION-001315"",""PC-GOODSMOVEMENT-000315"",""PC-PAYMENT-000315""]"
PC-PURCHASEREQUISITION-001344,Stock Released from Blocked Stock,2023-06-26T18:00:00Z,accounting_header,APP-0000017342,USR-023,"[""PC-PURCHASEREQUISITION-001344"",""PC-ACCOUNTINGDOCUMENT-000344"",""PC-CONTRACT-000344""]"
PC-PURCHASEREQUISITION-001334,Invoice Posted,2023-06-26T18:48:00Z,invoice_header,APP-0000017352,USR-112,"[""PC-PURCHASEREQUISITION-001334"",""PC-RFQ-001334"",""PC-MATERIAL-000334""]"
PC-PURCHASEREQUISITION-001353,Quality Inspection Started,2023-06-26T21:05:00Z,req_header,APP-0000017353,USR-045,"[""PC-PURCHASEREQUISITION-001353"",""PC-GOODSRECEIPT-000353"",""PC-COSTCENTER-000353""]"
PC-PURCHASEREQUISITION-001305,Goods Receipt Reversed,2023-06-27T05:14:00Z,accounting_header,APP-0000017387,USR-116,"[""PC-PURCHASEREQUISITION-001305"",""PC-ADVANCESHIPPINGNOTICE-000305"",""PC-PAYMENTPROPOSAL-000305""]"
PC-PURCHASEREQUISITION-001324,Accounting Document Created,2023-06-27T06:45:00Z,accounting_header,APP-0000017402,USR-076,"[""PC-PURCHASEREQUISITION-001324"",""PC-MATERIAL-000324"",""PC-ACCOUNTINGDOCUMENT-000324""]"
PC-PURCHASEREQUISITION-001322,Payment Proposal Approved,2023-06-27T12:45:00Z,req_header,APP-0000017422,USR-044,"[""PC-PURCHASEREQUISITION-001322"",""PC-GOODSMOVEMENT-000322"",""PC-PAYMENT-000322""]"
PC-PURCHASEREQUISITION-001321,Payment Executed,2023-06-27T15:45:00Z,goods_movement_header,APP-0000017439,USR-028,"[""PC-PURCHASEREQUISITION-001321"",""PC-GOODSRECEIPT-000321"",""PC-COSTCENTER-000321""]"
PC-PURCHASEREQUISITION-001329,Credit Memo Posted,2023-06-27T15:49:00Z,invoice_header,APP-0000017440,USR-033,"[""PC-PURCHASEREQUISITION-001329"",""PC-SUPPLIER-000329"",""PC-INVOICEITEM-000329""]"
PC-PURCHASEREQUISITION-001360,Quality Inspection Started,2023-06-27T18:12:00Z,req_header,APP-0000017441,USR-037,"[""PC-PURCHASEREQUISITION-001360"",""PC-GOODSRECEIPT-000360"",""PC-COSTCENTER-000360""]"
PC-PURCHASEREQUISITION-001310,Goods Receipt Reversed,2023-06-27T20:14:00Z,accounting_header,APP-0000017455,USR-074,"[""PC-PURCHASEREQUISITION-001310"",""PC-ADVANCESHIPPINGNOTICE-000310"",""PC-PAYMENTPROPOSAL-000310""]"
PC-PURCHASEREQUISITION-001356,Stock Placed in Blocked Stock,2023-06-28T00:11:00Z,invoice_header,APP-0000017469,USR-099,"[""PC-PURCHASEREQUISITION-001356"",""PC-INVOICEITEM-000356"",""PC-SUPPLIERQUOTATION-001356""]"
PC-PURCHASEREQUISITION-001319,Purchase Order Closed,2023-06-28T03:46:00Z,accounting_header,APP-0000017490,USR-124,"[""PC-PURCHASEREQUISITION-001319"",""PC-INVOICEITEM-000319"",""PC-SUPPLIERQUOTATION-001319""]"
PC-PURCHASEREQUISITION-001348,Invoice Posted,2023-06-28T12:09:00Z,invoice_header,APP-0000017517,USR-096,"[""PC-PURCHASEREQUISITION-001348"",""PC-RFQ-001348"",""PC-MATERIAL-000348""]"
PC-PURCHASEREQUISITION-001326,Payment Reversed,2023-06-28T12:51:00Z,inspection_lot,APP-0000017528,USR-114,"[""PC-PURCHASEREQUISITION-001326"",""PC-INSPECTIONLOT-000326"",""PC-REQUISITIONITEM-001326""]"
PC-PURCHASEREQUISITION-001367,Quality Inspection Started,2023-06-28T15:19:00Z,req_header,APP-0000017530,USR-029,"[""PC-PURCHASEREQUISITION-001367"",""PC-GOODSRECEIPT-000367"",""PC-COSTCENTER-000367""]"
PC-PURCHASEREQUISITION-001365,Quality Inspection Failed,2023-06-28T21:19:00Z,inspection_lot,APP-0000017552,USR-124,"[""PC-PURCHASEREQUISITION-001365"",""PC-INVOICE-000365"",""PC-RFQ-001365""]"
PC-PURCHASEREQUISITION-001332,Payment Executed,2023-06-29T00:03:00Z,goods_movement_header,APP-0000017563,USR-088,"[""PC-PURCHASEREQUISITION-001332"",""PC-GOODSRECEIPT-000332"",""PC-COSTCENTER-000332""]"
PC-PURCHASEREQUISITION-001320,Payment Reversed,2023-06-29T02:51:00Z,inspection_lot,APP-0000017580,USR-012,"[""PC-PURCHASEREQUISITION-001320"",""PC-INSPECTIONLOT-000320"",""PC-REQUISITIONITEM-001320""]"
PC-PURCHASEREQUISITION-001359,PO Item Delivery Completed,2023-06-29T03:17:00Z,req_header,APP-0000017582,USR-026,"[""PC-PURCHASEREQUISITION-001359"",""PC-PAYMENT-000359"",""PC-PURCHASEORDERITEM-000359""]"
PC-PURCHASEREQUISITION-001363,Stock Released from Blocked Stock,2023-06-29T03:19:00Z,accounting_header,APP-0000017583,USR-092,"[""PC-PURCHASEREQUISITION-001363"",""PC-ACCOUNTINGDOCUMENT-000363"",""PC-CONTRACT-000363""]"
PC-PURCHASEREQUISITION-001336,Payment Proposal Approved,2023-06-29T06:06:00Z,req_header,APP-0000017594,USR-028,"[""PC-PURCHASEREQUISITION-001336"",""PC-GOODSMOVEMENT-000336"",""PC-PAYMENT-000336""]"
PC-PURCHASEREQUISITION-001356,Invoice Parked,2023-06-29T06:16:00Z,inspection_lot,APP-0000017595,USR-104,"[""PC-PURCHASEREQUISITION-001356"",""PC-REQUISITIONITEM-001356"",""PC-SUPPLIER-000356""]"
PC-PURCHASEREQUISITION-001362,Return to Supplier Posted,2023-06-29T06:19:00Z,payment_run,APP-0000017596,USR-076,"[""PC-PURCHASEREQUISITION-001362"",""PC-PAYMENTPROPOSAL-000362"",""PC-PURCHASEORDER-000362""]"
PC-PURCHASEREQUISITION-001355,Invoice Posted,2023-06-29T09:16:00Z,invoice_header,APP-0000017608,USR-088,"[""PC-PURCHASEREQUISITION-001355"",""PC-RFQ-001355"",""PC-MATERIAL-000355""]"
PC-PURCHASEREQUISITION-001325,Payment Reversed,2023-06-29T17:51:00Z,inspection_lot,APP-0000017642,USR-097,"[""PC-PURCHASEREQUISITION-001325"",""PC-INSPECTIONLOT-000325"",""PC-REQUISITIONITEM-001325""]"
PC-PURCHASEREQUISITION-001343,Payment Proposal Approved,2023-06-30T03:13:00Z,req_header,APP-0000017682,USR-020,"[""PC-PURCHASEREQUISITION-001343"",""PC-GOODSMOVEMENT-000343"",""PC-PAYMENT-000343""]"
PC-PURCHASEREQUISITION-001373,Stock Placed in Blocked Stock,2023-06-30T03:28:00Z,invoice_header,APP-0000017683,USR-007,"[""PC-PURCHASEREQUISITION-001373"",""PC-INVOICEITEM-000373"",""PC-SUPPLIERQUOTATION-001373""]"
PC-PURCHASEREQUISITION-001362,Invoice Posted,2023-06-30T06:23:00Z,invoice_header,APP-0000017696,USR-080,"[""PC-PURCHASEREQUISITION-001362"",""PC-RFQ-001362"",""PC-MATERIAL-000362""]"
PC-PURCHASEREQUISITION-001330,Payment Reversed,2023-06-30T08:51:00Z,inspection_lot,APP-0000017701,USR-055,"[""PC-PURCHASEREQUISITION-001330"",""PC-INSPECTIONLOT-000330"",""PC-REQUISITIONITEM-001330""]"
PC-PURCHASEREQUISITION-001381,Quality Inspection Started,2023-06-30T09:33:00Z,req_header,APP-0000017714,USR-013,"[""PC-PURCHASEREQUISITION-001381"",""PC-GOODSRECEIPT-000381"",""PC-COSTCENTER-000381""]"
PC-PURCHASEREQUISITION-001350,Payment Proposal Created,2023-06-30T18:19:00Z,payment_run,APP-0000017751,USR-011,"[""PC-PURCHASEREQUISITION-001350"",""PC-ADVANCESHIPPINGNOTICE-000350"",""PC-PAYMENTPROPOSAL-000350""]"
PC-PURCHASEREQUISITION-001343,PO Item Final-Invoiced,2023-06-30T21:16:00Z,invoice_header,APP-0000017762,USR-023,"[""PC-PURCHASEREQUISITION-001343"",""PC-INVOICE-000343"",""PC-RFQ-001343""]"
PC-PURCHASEREQUISITION-001335,Goods Receipt Reversed,2023-06-30T23:14:00Z,accounting_header,APP-0000017766,USR-118,"[""PC-PURCHASEREQUISITION-001335"",""PC-ADVANCESHIPPINGNOTICE-000335"",""PC-PAYMENTPROPOSAL-000335""]"
PC-PURCHASEREQUISITION-001360,Invoice Blocked,2023-07-01T00:25:00Z,goods_movement_header,APP-0000017778,USR-050,"[""PC-PURCHASEREQUISITION-001360"",""PC-PURCHASEORDERITEM-000360"",""PC-INSPECTIONLOT-000360""]"
PC-PURCHASEREQUISITION-001365,Three-Way Match Passed,2023-07-01T03:28:00Z,payment_run,APP-0000017790,USR-006,"[""PC-PURCHASEREQUISITION-001365"",""PC-CONTRACT-000365"",""PC-GOODSMOVEMENT-000365""]"
PC-PURCHASEREQUISITION-001388,Quality Inspection Started,2023-07-01T06:40:00Z,req_header,APP-0000017803,USR-005,"[""PC-PURCHASEREQUISITION-001388"",""PC-GOODSRECEIPT-000388"",""PC-COSTCENTER-000388""]"
PC-PURCHASEREQUISITION-001354,Payment Executed,2023-07-01T18:25:00Z,goods_movement_header,APP-0000017851,USR-081,"[""PC-PURCHASEREQUISITION-001354"",""PC-GOODSRECEIPT-000354"",""PC-COSTCENTER-000354""]"
PC-PURCHASEREQUISITION-001376,Invoice Posted,2023-07-02T00:37:00Z,invoice_header,APP-0000017876,USR-064,"[""PC-PURCHASEREQUISITION-001376"",""PC-RFQ-001376"",""PC-MATERIAL-000376""]"
PC-PURCHASEREQUISITION-001385,Return to Supplier Posted,2023-07-02T03:42:00Z,payment_run,APP-0000017888,USR-086,"[""PC-PURCHASEREQUISITION-001385"",""PC-PAYMENTPROPOSAL-000385"",""PC-PURCHASEORDER-000385""]"
PC-PURCHASEREQUISITION-001345,Goods Receipt Reversed,2023-07-02T05:14:00Z,accounting_header,APP-0000017893,USR-034,"[""PC-PURCHASEREQUISITION-001345"",""PC-ADVANCESHIPPINGNOTICE-000345"",""PC-PAYMENTPROPOSAL-000345""]"
PC-PURCHASEREQUISITION-001399,Partial Receipt Posted,2023-07-02T09:50:00Z,payment_run,APP-0000017916,USR-064,"[""PC-PURCHASEREQUISITION-001399"",""PC-GOODSMOVEMENT-000399"",""PC-PAYMENT-000399""]"
PC-PURCHASEREQUISITION-001403,Goods Receipt Reversed,2023-07-02T15:00:00Z,accounting_header,APP-0000017928,USR-004,"[""PC-PURCHASEREQUISITION-001403"",""PC-ADVANCESHIPPINGNOTICE-000403"",""PC-PAYMENTPROPOSAL-000403""]"
PC-PURCHASEREQUISITION-001375,Three-Way Match Failed,2023-07-02T15:39:00Z,req_header,APP-0000017938,USR-050,"[""PC-PURCHASEREQUISITION-001375"",""PC-PURCHASEORDER-000375"",""PC-GOODSRECEIPT-000375""]"
PC-PURCHASEREQUISITION-001350,Goods Receipt Reversed,2023-07-02T20:14:00Z,accounting_header,APP-0000017953,USR-119,"[""PC-PURCHASEREQUISITION-001350"",""PC-ADVANCESHIPPINGNOTICE-000350"",""PC-PAYMENTPROPOSAL-000350""]"
PC-PURCHASEREQUISITION-001360,PO Item Final-Invoiced,2023-07-03T00:33:00Z,invoice_header,APP-0000017977,USR-058,"[""PC-PURCHASEREQUISITION-001360"",""PC-INVOICE-000360"",""PC-RFQ-001360""]"
PC-PURCHASEREQUISITION-001357,Supplier Unblocked,2023-07-03T09:33:00Z,req_header,APP-0000018013,USR-010,"[""PC-PURCHASEREQUISITION-001357"",""PC-PAYMENTPROPOSAL-000357"",""PC-PURCHASEORDER-000357""]"
PC-PURCHASEREQUISITION-001365,Payment Reversed,2023-07-03T09:37:00Z,inspection_lot,APP-0000018016,USR-015,"[""PC-PURCHASEREQUISITION-001365"",""PC-INSPECTIONLOT-000365"",""PC-REQUISITIONITEM-001365""]"
PC-PURCHASEREQUISITION-001379,Invoice Blocked,2023-07-03T09:44:00Z,goods_movement_header,APP-0000018017,USR-119,"[""PC-PURCHASEREQUISITION-001379"",""PC-PURCHASEORDERITEM-000379"",""PC-INSPECTIONLOT-000379""]"
PC-PURCHASEREQUISITION-001355,Payment Reversed,2023-07-03T11:51:00Z,inspection_lot,APP-0000018021,USR-099,"[""PC-PURCHASEREQUISITION-001355"",""PC-INSPECTIONLOT-000355"",""PC-REQUISITIONITEM-001355""]"
PC-PURCHASEREQUISITION-001393,Invoice Parked,2023-07-03T21:00:00Z,inspection_lot,APP-0000018053,USR-098,"[""PC-PURCHASEREQUISITION-001393"",""PC-REQUISITIONITEM-001393"",""PC-SUPPLIER-000393""]"
PC-PURCHASEREQUISITION-001401,Stock Released from Blocked Stock,2023-07-03T21:04:00Z,accounting_header,APP-0000018054,USR-103,"[""PC-PURCHASEREQUISITION-001401"",""PC-ACCOUNTINGDOCUMENT-000401"",""PC-CONTRACT-000401""]"
PC-PURCHASEREQUISITION-001360,Goods Receipt Reversed,2023-07-04T02:14:00Z,accounting_header,APP-0000018079,USR-035,"[""PC-PURCHASEREQUISITION-001360"",""PC-ADVANCESHIPPINGNOTICE-000360"",""PC-PAYMENTPROPOSAL-000360""]"
PC-PURCHASEREQUISITION-001365,Payment Reversed,2023-07-04T17:51:00Z,inspection_lot,APP-0000018143,USR-015,"[""PC-PURCHASEREQUISITION-001365"",""PC-INSPECTIONLOT-000365"",""PC-REQUISITIONITEM-001365""]"
PC-PURCHASEREQUISITION-001392,Three-Way Match Failed,2023-07-04T18:03:00Z,req_header,APP-0000018144,USR-085,"[""PC-PURCHASEREQUISITION-001392"",""PC-PURCHASEORDER-000392"",""PC-GOODSRECEIPT-000392""]"
PC-PURCHASEREQUISITION-001387,Credit Memo Posted,2023-07-04T21:01:00Z,invoice_header,APP-0000018156,USR-003,"[""PC-PURCHASEREQUISITION-001387"",""PC-SUPPLIER-000387"",""PC-INVOICEITEM-000387""]"
PC-PURCHASEREQUISITION-001386,Accounting Document Created,2023-07-05T00:01:00Z,accounting_header,APP-0000018168,USR-114,"[""PC-PURCHASEREQUISITION-001386"",""PC-MATERIAL-000386"",""PC-ACCOUNTINGDOCUMENT-000386""]"
PC-PURCHASEREQUISITION-001378,Payment Reversed,2023-07-05T00:50:00Z,inspection_lot,APP-0000018180,USR-109,"[""PC-PURCHASEREQUISITION-001378"",""PC-INSPECTIONLOT-000378"",""PC-REQUISITIONITEM-001378""]"
PC-PURCHASEREQUISITION-001377,PO Item Final-Invoiced,2023-07-05T03:50:00Z,invoice_header,APP-0000018190,USR-093,"[""PC-PURCHASEREQUISITION-001377"",""PC-INVOICE-000377"",""PC-RFQ-001377""]"
PC-PURCHASEREQUISITION-001376,Purchase Order Closed,2023-07-05T06:50:00Z,accounting_header,APP-0000018200,USR-077,"[""PC-PURCHASEREQUISITION-001376"",""PC-INVOICEITEM-000376"",""PC-SUPPLIERQUOTATION-001376""]"
PC-PURCHASEREQUISITION-001370,Goods Receipt Reversed,2023-07-05T08:14:00Z,accounting_header,APP-0000018203,USR-078,"[""PC-PURCHASEREQUISITION-001370"",""PC-ADVANCESHIPPINGNOTICE-000370"",""PC-PAYMENTPROPOSAL-000370""]"
PC-PURCHASEREQUISITION-001385,Payment Proposal Approved,2023-07-05T09:02:00Z,req_header,APP-0000018205,USR-099,"[""PC-PURCHASEREQUISITION-001385"",""PC-GOODSMOVEMENT-000385"",""PC-PAYMENT-000385""]"
PC-PURCHASEREQUISITION-001423,Quality Inspection Passed,2023-07-05T21:23:00Z,goods_movement_header,APP-0000018257,USR-093,"[""PC-PURCHASEREQUISITION-001423"",""PC-INSPECTIONLOT-000423"",""PC-REQUISITIONITEM-001423""]"
PC-PURCHASEREQUISITION-001404,Three-Way Match Passed,2023-07-06T00:14:00Z,payment_run,APP-0000018276,USR-034,"[""PC-PURCHASEREQUISITION-001404"",""PC-CONTRACT-000404"",""PC-GOODSMOVEMENT-000404""]"
PC-PURCHASEREQUISITION-001381,Supplier Blocked,2023-07-06T03:03:00Z,payment_run,APP-0000018286,USR-036,"[""PC-PURCHASEREQUISITION-001381"",""PC-ACCOUNTINGDOCUMENT-000381"",""PC-CONTRACT-000381""]"
PC-PURCHASEREQUISITION-001420,Stock Released from Blocked Stock,2023-07-06T06:23:00Z,accounting_header,APP-0000018300,USR-045,"[""PC-PURCHASEREQUISITION-001420"",""PC-ACCOUNTINGDOCUMENT-000420"",""PC-CONTRACT-000420""]"
PC-PURCHASEREQUISITION-001380,Payment Reversed,2023-07-06T14:51:00Z,inspection_lot,APP-0000018332,USR-016,"[""PC-PURCHASEREQUISITION-001380"",""PC-INSPECTIONLOT-000380"",""PC-REQUISITIONITEM-001380""]"
PC-PURCHASEREQUISITION-001409,Three-Way Match Failed,2023-07-06T21:20:00Z,req_header,APP-0000018364,USR-120,"[""PC-PURCHASEREQUISITION-001409"",""PC-PURCHASEORDER-000409"",""PC-GOODSRECEIPT-000409""]"
PC-PURCHASEREQUISITION-001436,Partial Receipt Posted,2023-07-07T00:34:00Z,payment_run,APP-0000018378,USR-058,"[""PC-PURCHASEREQUISITION-001436"",""PC-GOODSMOVEMENT-000436"",""PC-PAYMENT-000436""]"
PC-PURCHASEREQUISITION-001399,Payment Proposal Approved,2023-07-07T03:16:00Z,req_header,APP-0000018388,USR-083,"[""PC-PURCHASEREQUISITION-001399"",""PC-GOODSMOVEMENT-000399"",""PC-PAYMENT-000399""]"
PC-PURCHASEREQUISITION-001385,Payment Reversed,2023-07-07T05:51:00Z,inspection_lot,APP-0000018392,USR-101,"[""PC-PURCHASEREQUISITION-001385"",""PC-INSPECTIONLOT-000385"",""PC-REQUISITIONITEM-001385""]"
PC-PURCHASEREQUISITION-001398,Payment Executed,2023-07-07T06:16:00Z,goods_movement_header,APP-0000018403,USR-067,"[""PC-PURCHASEREQUISITION-001398"",""PC-GOODSRECEIPT-000398"",""PC-COSTCENTER-000398""]"
PC-PURCHASEREQUISITION-001437,Quality Inspection Started,2023-07-07T09:36:00Z,req_header,APP-0000018420,USR-076,"[""PC-PURCHASEREQUISITION-001437"",""PC-GOODSRECEIPT-000437"",""PC-COSTCENTER-000437""]"
PC-PURCHASEREQUISITION-001395,Purchase Order Closed,2023-07-07T15:16:00Z,accounting_header,APP-0000018442,USR-019,"[""PC-PURCHASEREQUISITION-001395"",""PC-INVOICEITEM-000395"",""PC-SUPPLIERQUOTATION-001395""]"
PC-PURCHASEREQUISITION-001417,Three-Way Match Passed,2023-07-07T15:27:00Z,payment_run,APP-0000018443,USR-001,"[""PC-PURCHASEREQUISITION-001417"",""PC-CONTRACT-000417"",""PC-GOODSMOVEMENT-000417""]"
PC-PURCHASEREQUISITION-001390,Goods Receipt Reversed,2023-07-07T20:14:00Z,accounting_header,APP-0000018455,USR-037,"[""PC-PURCHASEREQUISITION-001390"",""PC-ADVANCESHIPPINGNOTICE-000390"",""PC-PAYMENTPROPOSAL-000390""]"
PC-PURCHASEREQUISITION-001404,Payment Reversed,2023-07-08T06:23:00Z,inspection_lot,APP-0000018500,USR-043,"[""PC-PURCHASEREQUISITION-001404"",""PC-INSPECTIONLOT-000404"",""PC-REQUISITIONITEM-001404""]"
PC-PURCHASEREQUISITION-001395,Goods Receipt Reversed,2023-07-08T11:14:00Z,accounting_header,APP-0000018515,USR-122,"[""PC-PURCHASEREQUISITION-001395"",""PC-ADVANCESHIPPINGNOTICE-000395"",""PC-PAYMENTPROPOSAL-000395""]"
PC-PURCHASEREQUISITION-001416,Credit Memo Posted,2023-07-08T12:30:00Z,invoice_header,APP-0000018527,USR-115,"[""PC-PURCHASEREQUISITION-001416"",""PC-SUPPLIER-000416"",""PC-INVOICEITEM-000416""]"
PC-PURCHASEREQUISITION-001439,Stock Released from Blocked Stock,2023-07-08T15:42:00Z,accounting_header,APP-0000018542,USR-114,"[""PC-PURCHASEREQUISITION-001439"",""PC-ACCOUNTINGDOCUMENT-000439"",""PC-CONTRACT-000439""]"
PC-PURCHASEREQUISITION-001441,Stock Placed in Blocked Stock,2023-07-08T15:43:00Z,invoice_header,APP-0000018543,USR-020,"[""PC-PURCHASEREQUISITION-001441"",""PC-INVOICEITEM-000441"",""PC-SUPPLIERQUOTATION-001441""]"
PC-PURCHASEREQUISITION-001443,Quality Inspection Failed,2023-07-08T15:44:00Z,inspection_lot,APP-0000018544,USR-053,"[""PC-PURCHASEREQUISITION-001443"",""PC-INVOICE-000443"",""PC-RFQ-001443""]"
PC-PURCHASEREQUISITION-001445,Quality Inspection Passed,2023-07-08T15:45:00Z,goods_movement_header,APP-0000018545,USR-086,"[""PC-PURCHASEREQUISITION-001445"",""PC-INSPECTIONLOT-000445"",""PC-REQUISITIONITEM-001445""]"
PC-PURCHASEREQUISITION-001413,Payment Proposal Approved,2023-07-08T21:30:00Z,req_header,APP-0000018565,USR-067,"[""PC-PURCHASEREQUISITION-001413"",""PC-GOODSMOVEMENT-000413"",""PC-PAYMENT-000413""]"
PC-PURCHASEREQUISITION-001400,Payment Reversed,2023-07-09T02:51:00Z,inspection_lot,APP-0000018583,USR-102,"[""PC-PURCHASEREQUISITION-001400"",""PC-INSPECTIONLOT-000400"",""PC-REQUISITIONITEM-001400""]"
PC-PURCHASEREQUISITION-001451,Quality Inspection Started,2023-07-09T03:50:00Z,req_header,APP-0000018594,USR-060,"[""PC-PURCHASEREQUISITION-001451"",""PC-GOODSRECEIPT-000451"",""PC-COSTCENTER-000451""]"
PC-PURCHASEREQUISITION-001411,PO Item Final-Invoiced,2023-07-09T09:31:00Z,invoice_header,APP-0000018617,USR-036,"[""PC-PURCHASEREQUISITION-001411"",""PC-INVOICE-000411"",""PC-RFQ-001411""]"
PC-PURCHASEREQUISITION-001441,Invoice Received,2023-07-09T15:47:00Z,goods_movement_header,APP-0000018639,USR-024,"[""PC-PURCHASEREQUISITION-001441"",""PC-COSTCENTER-000441"",""PC-SCHEDULELINE-000441""]"
PC-PURCHASEREQUISITION-001405,Goods Receipt Reversed,2023-07-09T17:14:00Z,accounting_header,APP-0000018642,USR-038,"[""PC-PURCHASEREQUISITION-001405"",""PC-ADVANCESHIPPINGNOTICE-000405"",""PC-PAYMENTPROPOSAL-000405""]"
PC-PURCHASEREQUISITION-001420,Payment Proposal Approved,2023-07-09T18:37:00Z,req_header,APP-0000018653,USR-059,"[""PC-PURCHASEREQUISITION-001420"",""PC-GOODSMOVEMENT-000420"",""PC-PAYMENT-000420""]"
PC-PURCHASEREQUISITION-001429,Invoice Unblocked,2023-07-09T21:42:00Z,inspection_lot,APP-0000018664,USR-081,"[""PC-PURCHASEREQUISITION-001429"",""PC-SCHEDULELINE-000429"",""PC-INVOICE-000429""]"
PC-PURCHASEREQUISITION-001439,Invoice Posted,2023-07-09T21:47:00Z,invoice_header,APP-0000018665,USR-119,"[""PC-PURCHASEREQUISITION-001439"",""PC-RFQ-001439"",""PC-MATERIAL-000439""]"
PC-PURCHASEREQUISITION-001456,Quality Inspection Passed,2023-07-10T00:03:00Z,goods_movement_header,APP-0000018666,USR-019,"[""PC-PURCHASEREQUISITION-001456"",""PC-INSPECTIONLOT-000456"",""PC-REQUISITIONITEM-001456""]"
PC-PURCHASEREQUISITION-001414,Purchase Order Closed,2023-07-10T00:35:00Z,accounting_header,APP-0000018680,USR-088,"[""PC-PURCHASEREQUISITION-001414"",""PC-INVOICEITEM-000414"",""PC-SUPPLIERQUOTATION-001414""]"
PC-PURCHASEREQUISITION-001438,Invoice Changed,2023-07-10T00:47:00Z,accounting_header,APP-0000018683,USR-103,"[""PC-PURCHASEREQUISITION-001438"",""PC-SUPPLIERQUOTATION-001438"",""PC-ADVANCESHIPPINGNOTICE-000438""]"
PC-PURCHASEREQUISITION-001446,PO Item Delivery Completed,2023-07-10T00:51:00Z,req_header,APP-0000018684,USR-108,"[""PC-PURCHASEREQUISITION-001446"",""PC-PAYMENT-000446"",""PC-PURCHASEORDERITEM-000446""]"
PC-PURCHASEREQUISITION-001410,Goods Receipt Reversed,2023-07-10T08:14:00Z,accounting_header,APP-0000018709,USR-123,"[""PC-PURCHASEREQUISITION-001410"",""PC-ADVANCESHIPPINGNOTICE-000410"",""PC-PAYMENTPROPOSAL-000410""]"
PC-PURCHASEREQUISITION-001465,Goods Receipt Reversed,2023-07-10T09:09:00Z,accounting_header,APP-0000018711,USR-042,"[""PC-PURCHASEREQUISITION-001465"",""PC-ADVANCESHIPPINGNOTICE-000465"",""PC-PAYMENTPROPOSAL-000465""]"
PC-PURCHASEREQUISITION-001436,Invoice Blocked,2023-07-10T12:48:00Z,goods_movement_header,APP-0000018731,USR-072,"[""PC-PURCHASEREQUISITION-001436"",""PC-PURCHASEORDERITEM-000436"",""PC-INSPECTIONLOT-000436""]"
PC-PURCHASEREQUISITION-001446,Invoice Posted,2023-07-10T18:01:00Z,invoice_header,APP-0000018744,USR-111,"[""PC-PURCHASEREQUISITION-001446"",""PC-RFQ-001446"",""PC-MATERIAL-000446""]"
PC-PURCHASEREQUISITION-001454,Return to Supplier Posted,2023-07-10T18:05:00Z,payment_run,APP-0000018745,USR-116,"[""PC-PURCHASEREQUISITION-001454"",""PC-PAYMENTPROPOSAL-000454"",""PC-PURCHASEORDER-000454""]"
PC-PURCHASEREQUISITION-001443,Three-Way Match Passed,2023-07-10T21:00:00Z,payment_run,APP-0000018756,USR-062,"[""PC-PURCHASEREQUISITION-001443"",""PC-CONTRACT-000443"",""PC-GOODSMOVEMENT-000443""]"
PC-PURCHASEREQUISITION-001415,Goods Receipt Reversed,2023-07-10T23:14:00Z,accounting_header,APP-0000018769,USR-081,"[""PC-PURCHASEREQUISITION-001415"",""PC-ADVANCESHIPPINGNOTICE-000415"",""PC-PAYMENTPROPOSAL-000415""]"
PC-PURCHASEREQUISITION-001458,Stock Released from Blocked Stock,2023-07-11T00:08:00Z,accounting_header,APP-0000018771,USR-056,"[""PC-PURCHASEREQUISITION-001458"",""PC-ACCOUNTINGDOCUMENT-000458"",""PC-CONTRACT-000458""]"
PC-PURCHASEREQUISITION-001449,Invoice Changed,2023-07-11T09:05:00Z,accounting_header,APP-0000018804,USR-036,"[""PC-PURCHASEREQUISITION-001449"",""PC-SUPPLIERQUOTATION-001449"",""PC-ADVANCESHIPPINGNOTICE-000449""]"
PC-PURCHASEREQUISITION-001434,Payment Proposal Approved,2023-07-11T12:51:00Z,req_header,APP-0000018831,USR-043,"[""PC-PURCHASEREQUISITION-001434"",""PC-GOODSMOVEMENT-000434"",""PC-PAYMENT-000434""]"
PC-PURCHASEREQUISITION-001453,Invoice Posted,2023-07-11T15:08:00Z,invoice_header,APP-0000018836,USR-103,"[""PC-PURCHASEREQUISITION-001453"",""PC-RFQ-001453"",""PC-MATERIAL-000453""]"
PC-PURCHASEREQUISITION-001473,Partial Receipt Posted,2023-07-11T15:18:00Z,payment_run,APP-0000018837,USR-052,"[""PC-PURCHASEREQUISITION-001473"",""PC-GOODSMOVEMENT-000473"",""PC-PAYMENT-000473""]"
PC-PURCHASEREQUISITION-001472,Quality Inspection Started,2023-07-11T18:18:00Z,req_header,APP-0000018848,USR-036,"[""PC-PURCHASEREQUISITION-001472"",""PC-GOODSRECEIPT-000472"",""PC-COSTCENTER-000472""]"
PC-PURCHASEREQUISITION-001445,Credit Memo Posted,2023-07-12T03:06:00Z,invoice_header,APP-0000018881,USR-100,"[""PC-PURCHASEREQUISITION-001445"",""PC-SUPPLIER-000445"",""PC-INVOICEITEM-000445""]"
PC-PURCHASEREQUISITION-001425,Goods Receipt Reversed,2023-07-12T05:14:00Z,accounting_header,APP-0000018894,USR-124,"[""PC-PURCHASEREQUISITION-001425"",""PC-ADVANCESHIPPINGNOTICE-000425"",""PC-PAYMENTPROPOSAL-000425""]"
PC-PURCHASEREQUISITION-001460,Invoice Posted,2023-07-12T12:15:00Z,invoice_header,APP-0000018920,USR-095,"[""PC-PURCHASEREQUISITION-001460"",""PC-RFQ-001460"",""PC-MATERIAL-000460""]"
PC-PURCHASEREQUISITION-001442,Payment Executed,2023-07-12T18:07:00Z,goods_movement_header,APP-0000018944,USR-053,"[""PC-PURCHASEREQUISITION-001442"",""PC-GOODSRECEIPT-000442"",""PC-COSTCENTER-000442""]"
PC-PURCHASEREQUISITION-001448,Accounting Document Created,2023-07-12T18:10:00Z,accounting_header,APP-0000018945,USR-025,"[""PC-PURCHASEREQUISITION-001448"",""PC-MATERIAL-000448"",""PC-ACCOUNTINGDOCUMENT-000448""]"
PC-PURCHASEREQUISITION-001452,Invoice Unblocked,2023-07-12T18:12:00Z,inspection_lot,APP-0000018946,USR-091,"[""PC-PURCHASEREQUISITION-001452"",""PC-SCHEDULELINE-000452"",""PC-INVOICE-000452""]"
PC-PURCHASEREQUISITION-001478,Quality Inspection Passed,2023-07-12T18:25:00Z,goods_movement_header,APP-0000018948,USR-012,"[""PC-PURCHASEREQUISITION-001478"",""PC-INSPECTIONLOT-000478"",""PC-REQUISITIONITEM-001478""]"
PC-PURCHASEREQUISITION-001475,Stock Placed in Blocked Stock,2023-07-12T21:24:00Z,invoice_header,APP-0000018967,USR-090,"[""PC-PURCHASEREQUISITION-001475"",""PC-INVOICEITEM-000475"",""PC-SUPPLIERQUOTATION-001475""]"
PC-PURCHASEREQUISITION-001467,Invoice Parked,2023-07-13T03:21:00Z,inspection_lot,APP-0000018991,USR-086,"[""PC-PURCHASEREQUISITION-001467"",""PC-REQUISITIONITEM-001467"",""PC-SUPPLIER-000467""]"
PC-PURCHASEREQUISITION-001460,Three-Way Match Failed,2023-07-13T06:18:00Z,req_header,APP-0000019003,USR-098,"[""PC-PURCHASEREQUISITION-001460"",""PC-PURCHASEORDER-000460"",""PC-GOODSRECEIPT-000460""]"
PC-PURCHASEREQUISITION-001482,Quality Inspection Failed,2023-07-13T12:30:00Z,inspection_lot,APP-0000019030,USR-081,"[""PC-PURCHASEREQUISITION-001482"",""PC-INVOICE-000482"",""PC-RFQ-001482""]"
PC-PURCHASEREQUISITION-001486,Quality Inspection Started,2023-07-13T12:32:00Z,req_header,APP-0000019031,USR-020,"[""PC-PURCHASEREQUISITION-001486"",""PC-GOODSRECEIPT-000486"",""PC-COSTCENTER-000486""]"
PC-PURCHASEREQUISITION-001475,PO Item Delivery Completed,2023-07-13T15:27:00Z,req_header,APP-0000019042,USR-093,"[""PC-PURCHASEREQUISITION-001475"",""PC-PAYMENT-000475"",""PC-PURCHASEORDERITEM-000475""]"
PC-PURCHASEREQUISITION-001440,Payment Reversed,2023-07-14T02:51:00Z,inspection_lot,APP-0000019079,USR-020,"[""PC-PURCHASEREQUISITION-001440"",""PC-INSPECTIONLOT-000440"",""PC-REQUISITIONITEM-001440""]"
PC-PURCHASEREQUISITION-001489,Quality Inspection Passed,2023-07-14T03:36:00Z,goods_movement_header,APP-0000019094,USR-072,"[""PC-PURCHASEREQUISITION-001489"",""PC-INSPECTIONLOT-000489"",""PC-REQUISITIONITEM-001489""]"
PC-PURCHASEREQUISITION-001493,Quality Inspection Started,2023-07-14T09:39:00Z,req_header,APP-0000019119,USR-012,"[""PC-PURCHASEREQUISITION-001493"",""PC-GOODSRECEIPT-000493"",""PC-COSTCENTER-000493""]"
PC-PURCHASEREQUISITION-001461,Payment Proposal Created,2023-07-14T15:24:00Z,payment_run,APP-0000019142,USR-120,"[""PC-PURCHASEREQUISITION-001461"",""PC-ADVANCESHIPPINGNOTICE-000461"",""PC-PAYMENTPROPOSAL-000461""]"
PC-PURCHASEREQUISITION-001445,Payment Reversed,2023-07-14T17:51:00Z,inspection_lot,APP-0000019147,USR-105,"[""PC-PURCHASEREQUISITION-001445"",""PC-INSPECTIONLOT-000445"",""PC-REQUISITIONITEM-001445""]"
PC-PURCHASEREQUISITION-001500,Quality Inspection Started,2023-07-15T06:46:00Z,req_header,APP-0000019204,USR-004,"[""PC-PURCHASEREQUISITION-001500"",""PC-GOODSRECEIPT-000500"",""PC-COSTCENTER-000500""]"
PC-PURCHASEREQUISITION-001450,Payment Reversed,2023-07-15T08:51:00Z,inspection_lot,APP-0000019208,USR-063,"[""PC-PURCHASEREQUISITION-001450"",""PC-INSPECTIONLOT-000450"",""PC-REQUISITIONITEM-001450""]"
PC-PURCHASEREQUISITION-001464,Payment Executed,2023-07-15T12:29:00Z,goods_movement_header,APP-0000019234,USR-046,"[""PC-PURCHASEREQUISITION-001464"",""PC-GOODSRECEIPT-000464"",""PC-COSTCENTER-000464""]"
PC-PURCHASEREQUISITION-001462,PO Item Final-Invoiced,2023-07-15T18:29:00Z,invoice_header,APP-0000019256,USR-014,"[""PC-PURCHASEREQUISITION-001462"",""PC-INVOICE-000462"",""PC-RFQ-001462""]"
PC-PURCHASEREQUISITION-001482,Three-Way Match Passed,2023-07-15T18:39:00Z,payment_run,APP-0000019258,USR-090,"[""PC-PURCHASEREQUISITION-001482"",""PC-CONTRACT-000482"",""PC-GOODSMOVEMENT-000482""]"
PC-PURCHASEREQUISITION-001469,Payment Proposal Approved,2023-07-15T21:33:00Z,req_header,APP-0000019269,USR-003,"[""PC-PURCHASEREQUISITION-001469"",""PC-GOODSMOVEMENT-000469"",""PC-PAYMENT-000469""]"
PC-PURCHASEREQUISITION-001455,Payment Reversed,2023-07-15T23:51:00Z,inspection_lot,APP-0000019273,USR-021,"[""PC-PURCHASEREQUISITION-001455"",""PC-INSPECTIONLOT-000455"",""PC-REQUISITIONITEM-001455""]"
PC-PURCHASEREQUISITION-001488,Invoice Posted,2023-07-16T00:43:00Z,invoice_header,APP-0000019283,USR-063,"[""PC-PURCHASEREQUISITION-001488"",""PC-RFQ-001488"",""PC-MATERIAL-000488""]"
PC-PURCHASEREQUISITION-001510,Partial Receipt Posted,2023-07-16T06:02:00Z,payment_run,APP-0000019295,USR-046,"[""PC-PURCHASEREQUISITION-001510"",""PC-GOODSMOVEMENT-000010"",""PC-PAYMENT-000010""]"
PC-PURCHASEREQUISITION-001475,Payment Executed,2023-07-16T21:40:00Z,goods_movement_header,APP-0000019369,USR-106,"[""PC-PURCHASEREQUISITION-001475"",""PC-GOODSRECEIPT-000475"",""PC-COSTCENTER-000475""]"
PC-PURCHASEREQUISITION-001495,Invoice Posted,2023-07-16T21:50:00Z,invoice_header,APP-0000019371,USR-055,"[""PC-PURCHASEREQUISITION-001495"",""PC-RFQ-001495"",""PC-MATERIAL-000495""]"
PC-PURCHASEREQUISITION-001514,Quality Inspection Started,2023-07-17T00:07:00Z,req_header,APP-0000019372,USR-115,"[""PC-PURCHASEREQUISITION-001514"",""PC-GOODSRECEIPT-000014"",""PC-COSTCENTER-000014""]"
PC-PURCHASEREQUISITION-001509,Stock Placed in Blocked Stock,2023-07-17T03:05:00Z,invoice_header,APP-0000019382,USR-033,"[""PC-PURCHASEREQUISITION-001509"",""PC-INVOICEITEM-000009"",""PC-SUPPLIERQUOTATION-001509""]"
PC-PURCHASEREQUISITION-001494,Three-Way Match Failed,2023-07-17T12:52:00Z,req_header,APP-0000019431,USR-041,"[""PC-PURCHASEREQUISITION-001494"",""PC-PURCHASEORDER-000494"",""PC-GOODSRECEIPT-000494""]"
PC-PURCHASEREQUISITION-001473,Supplier Blocked,2023-07-17T15:42:00Z,payment_run,APP-0000019440,USR-076,"[""PC-PURCHASEREQUISITION-001473"",""PC-ACCOUNTINGDOCUMENT-000473"",""PC-CONTRACT-000473""]"
PC-PURCHASEREQUISITION-001483,Payment Proposal Approved,2023-07-17T15:47:00Z,req_header,APP-0000019442,USR-114,"[""PC-PURCHASEREQUISITION-001483"",""PC-GOODSMOVEMENT-000483"",""PC-PAYMENT-000483""]"
PC-PURCHASEREQUISITION-001493,Invoice Blocked,2023-07-17T15:52:00Z,goods_movement_header,APP-0000019443,USR-025,"[""PC-PURCHASEREQUISITION-001493"",""PC-PURCHASEORDERITEM-000493"",""PC-INSPECTIONLOT-000493""]"
PC-PURCHASEREQUISITION-001502,Invoice Posted,2023-07-17T18:04:00Z,invoice_header,APP-0000019444,USR-047,"[""PC-PURCHASEREQUISITION-001502"",""PC-RFQ-001502"",""PC-MATERIAL-000002""]"
PC-PURCHASEREQUISITION-001504,Invoice Parked,2023-07-17T18:05:00Z,inspection_lot,APP-0000019445,USR-080,"[""PC-PURCHASEREQUISITION-001504"",""PC-REQUISITIONITEM-001504"",""PC-SUPPLIER-000004""]"
PC-PURCHASEREQUISITION-001470,Goods Receipt Reversed,2023-07-17T20:14:00Z,accounting_header,APP-0000019458,USR-127,"[""PC-PURCHASEREQUISITION-001470"",""PC-ADVANCESHIPPINGNOTICE-000470"",""PC-PAYMENTPROPOSAL-000470""]"
PC-PURCHASEREQUISITION-001479,PO Item Final-Invoiced,2023-07-17T21:46:00Z,invoice_header,APP-0000019471,USR-049,"[""PC-PURCHASEREQUISITION-001479"",""PC-INVOICE-000479"",""PC-RFQ-001479""]"
PC-PURCHASEREQUISITION-001482,Payment Reversed,2023-07-18T00:48:00Z,inspection_lot,APP-0000019482,USR-099,"[""PC-PURCHASEREQUISITION-001482"",""PC-INSPECTIONLOT-000482"",""PC-REQUISITIONITEM-001482""]"
PC-PURCHASEREQUISITION-001527,Goods Receipt Reversed,2023-07-18T03:18:00Z,accounting_header,APP-0000019484,USR-080,"[""PC-PURCHASEREQUISITION-001527"",""PC-ADVANCESHIPPINGNOTICE-000027"",""PC-PAYMENTPROPOSAL-000027""]"
PC-PURCHASEREQUISITION-001486,Payment Executed,2023-07-18T06:51:00Z,goods_movement_header,APP-0000019509,USR-039,"[""PC-PURCHASEREQUISITION-001486"",""PC-GOODSRECEIPT-000486"",""PC-COSTCENTER-000486""]"
PC-PURCHASEREQUISITION-001521,Quality Inspection Failed,2023-07-18T09:16:00Z,inspection_lot,APP-0000019510,USR-109,"[""PC-PURCHASEREQUISITION-001521"",""PC-INVOICE-000021"",""PC-RFQ-001521""]"
PC-PURCHASEREQUISITION-001475,Payment Reversed,2023-07-18T11:51:00Z,inspection_lot,APP-0000019523,USR-107,"[""PC-PURCHASEREQUISITION-001475"",""PC-INSPECTIONLOT-000475"",""PC-REQUISITIONITEM-001475""]"
PC-PURCHASEREQUISITION-001534,Goods Receipt Posted,2023-07-18T18:24:00Z,invoice_header,APP-0000019548,USR-071,"[""PC-PURCHASEREQUISITION-001534"",""PC-MATERIAL-000034"",""PC-ACCOUNTINGDOCUMENT-000034""]"
PC-PURCHASEREQUISITION-001480,Goods Receipt Reversed,2023-07-19T02:14:00Z,accounting_header,APP-0000019584,USR-043,"[""PC-PURCHASEREQUISITION-001480"",""PC-ADVANCESHIPPINGNOTICE-000480"",""PC-PAYMENTPROPOSAL-000480""]"
PC-PURCHASEREQUISITION-001497,Payment Proposal Approved,2023-07-19T09:08:00Z,req_header,APP-0000019611,USR-098,"[""PC-PURCHASEREQUISITION-001497"",""PC-GOODSMOVEMENT-000497"",""PC-PAYMENT-000497""]"
PC-PURCHASEREQUISITION-001503,Credit Memo Posted,2023-07-19T09:11:00Z,invoice_header,APP-0000019612,USR-070,"[""PC-PURCHASEREQUISITION-001503"",""PC-SUPPLIER-000003"",""PC-INVOICEITEM-000003""]"
PC-PURCHASEREQUISITION-001516,Invoice Posted,2023-07-19T12:18:00Z,invoice_header,APP-0000019627,USR-031,"[""PC-PURCHASEREQUISITION-001516"",""PC-RFQ-001516"",""PC-MATERIAL-000016""]"
PC-PURCHASEREQUISITION-001515,Invoice Changed,2023-07-19T15:18:00Z,accounting_header,APP-0000019641,USR-015,"[""PC-PURCHASEREQUISITION-001515"",""PC-SUPPLIERQUOTATION-001515"",""PC-ADVANCESHIPPINGNOTICE-000015""]"
PC-PURCHASEREQUISITION-001533,Quality Inspection Passed,2023-07-19T15:27:00Z,goods_movement_header,APP-0000019642,USR-058,"[""PC-PURCHASEREQUISITION-001533"",""PC-INSPECTIONLOT-000033"",""PC-REQUISITIONITEM-001533""]"
PC-PURCHASEREQUISITION-001485,Payment Reversed,2023-07-19T17:51:00Z,inspection_lot,APP-0000019652,USR-023,"[""PC-PURCHASEREQUISITION-001485"",""PC-INSPECTIONLOT-000485"",""PC-REQUISITIONITEM-001485""]"
PC-PURCHASEREQUISITION-001534,Quality Inspection Failed,2023-07-20T00:29:00Z,inspection_lot,APP-0000019683,USR-076,"[""PC-PURCHASEREQUISITION-001534"",""PC-INVOICE-000034"",""PC-RFQ-001534""]"
PC-PURCHASEREQUISITION-001490,Payment Reversed,2023-07-20T08:51:00Z,inspection_lot,APP-0000019709,USR-108,"[""PC-PURCHASEREQUISITION-001490"",""PC-INSPECTIONLOT-000490"",""PC-REQUISITIONITEM-001490""]"
PC-PURCHASEREQUISITION-001496,Supplier Blocked,2023-07-20T12:12:00Z,payment_run,APP-0000019729,USR-086,"[""PC-PURCHASEREQUISITION-001496"",""PC-ACCOUNTINGDOCUMENT-000496"",""PC-CONTRACT-000496""]"
PC-PURCHASEREQUISITION-001542,Quality Inspection Started,2023-07-20T12:35:00Z,req_header,APP-0000019733,USR-083,"[""PC-PURCHASEREQUISITION-001542"",""PC-GOODSRECEIPT-000042"",""PC-COSTCENTER-000042""]"
PC-PURCHASEREQUISITION-001521,Three-Way Match Passed,2023-07-20T15:25:00Z,payment_run,APP-0000019743,USR-118,"[""PC-PURCHASEREQUISITION-001521"",""PC-CONTRACT-000021"",""PC-GOODSMOVEMENT-000021""]"
PC-PURCHASEREQUISITION-001508,Payment Executed,2023-07-21T00:20:00Z,goods_movement_header,APP-0000019781,USR-032,"[""PC-PURCHASEREQUISITION-001508"",""PC-GOODSRECEIPT-000008"",""PC-COSTCENTER-000008""]"
PC-PURCHASEREQUISITION-001511,Payment Proposal Approved,2023-07-21T03:22:00Z,req_header,APP-0000019798,USR-082,"[""PC-PURCHASEREQUISITION-001511"",""PC-GOODSMOVEMENT-000011"",""PC-PAYMENT-000011""]"
PC-PURCHASEREQUISITION-001543,Stock Placed in Blocked Stock,2023-07-21T09:39:00Z,invoice_header,APP-0000019821,USR-103,"[""PC-PURCHASEREQUISITION-001543"",""PC-INVOICEITEM-000043"",""PC-SUPPLIERQUOTATION-001543""]"
PC-PURCHASEREQUISITION-001549,Quality Inspection Started,2023-07-21T09:42:00Z,req_header,APP-0000019822,USR-075,"[""PC-PURCHASEREQUISITION-001549"",""PC-GOODSRECEIPT-000049"",""PC-COSTCENTER-000049""]"
PC-PURCHASEREQUISITION-001500,Payment Reversed,2023-07-21T14:51:00Z,inspection_lot,APP-0000019838,USR-024,"[""PC-PURCHASEREQUISITION-001500"",""PC-INSPECTIONLOT-000500"",""PC-REQUISITIONITEM-001500""]"
PC-PURCHASEREQUISITION-001528,Three-Way Match Failed,2023-07-21T18:33:00Z,req_header,APP-0000019859,USR-111,"[""PC-PURCHASEREQUISITION-001528"",""PC-PURCHASEORDER-000028"",""PC-GOODSRECEIPT-000028""]"
PC-PURCHASEREQUISITION-001518,Payment Proposal Approved,2023-07-22T00:29:00Z,req_header,APP-0000019880,USR-074,"[""PC-PURCHASEREQUISITION-001518"",""PC-GOODSMOVEMENT-000018"",""PC-PAYMENT-000018""]"
PC-PURCHASEREQUISITION-001558,Goods Receipt Reversed,2023-07-22T00:49:00Z,accounting_header,APP-0000019881,USR-099,"[""PC-PURCHASEREQUISITION-001558"",""PC-ADVANCESHIPPINGNOTICE-000058"",""PC-PAYMENTPROPOSAL-000058""]"
PC-PURCHASEREQUISITION-001513,PO Item Final-Invoiced,2023-07-22T03:27:00Z,invoice_header,APP-0000019891,USR-119,"[""PC-PURCHASEREQUISITION-001513"",""PC-INVOICE-000013"",""PC-RFQ-001513""]"
PC-PURCHASEREQUISITION-001505,Payment Reversed,2023-07-22T05:51:00Z,inspection_lot,APP-0000019896,USR-109,"[""PC-PURCHASEREQUISITION-001505"",""PC-INSPECTIONLOT-000005"",""PC-REQUISITIONITEM-001505""]"
PC-PURCHASEREQUISITION-001556,Quality Inspection Started,2023-07-22T06:49:00Z,req_header,APP-0000019908,USR-067,"[""PC-PURCHASEREQUISITION-001556"",""PC-GOODSRECEIPT-000056"",""PC-COSTCENTER-000056""]"
PC-PURCHASEREQUISITION-001563,Goods Receipt Posted,2023-07-22T09:00:00Z,invoice_header,APP-0000019909,USR-056,"[""PC-PURCHASEREQUISITION-001563"",""PC-MATERIAL-000063"",""PC-ACCOUNTINGDOCUMENT-000063""]"
PC-PURCHASEREQUISITION-001531,Invoice Blocked,2023-07-22T09:37:00Z,goods_movement_header,APP-0000019923,USR-036,"[""PC-PURCHASEREQUISITION-001531"",""PC-PURCHASEORDERITEM-000031"",""PC-INSPECTIONLOT-000031""]"
PC-PURCHASEREQUISITION-001537,Invoice Changed,2023-07-22T09:40:00Z,accounting_header,APP-0000019924,USR-008,"[""PC-PURCHASEREQUISITION-001537"",""PC-SUPPLIERQUOTATION-001537"",""PC-ADVANCESHIPPINGNOTICE-000037""]"
PC-PURCHASEREQUISITION-001555,Quality Inspection Passed,2023-07-22T09:49:00Z,goods_movement_header,APP-0000019926,USR-051,"[""PC-PURCHASEREQUISITION-001555"",""PC-INSPECTIONLOT-000055"",""PC-REQUISITIONITEM-001555""]"
PC-PURCHASEREQUISITION-001510,Payment Reversed,2023-07-22T20:51:00Z,inspection_lot,APP-0000019961,USR-067,"[""PC-PURCHASEREQUISITION-001510"",""PC-INSPECTIONLOT-000010"",""PC-REQUISITIONITEM-001510""]"
PC-PURCHASEREQUISITION-001521,Payment Reversed,2023-07-22T21:34:00Z,inspection_lot,APP-0000019971,USR-127,"[""PC-PURCHASEREQUISITION-001521"",""PC-INSPECTIONLOT-000021"",""PC-REQUISITIONITEM-001521""]"
PC-PURCHASEREQUISITION-001563,Quality Inspection Started,2023-07-23T03:03:00Z,req_header,APP-0000019985,USR-059,"[""PC-PURCHASEREQUISITION-001563"",""PC-GOODSRECEIPT-000063"",""PC-COSTCENTER-000063""]"
PC-PURCHASEREQUISITION-001515,Payment Reversed,2023-07-23T11:51:00Z,inspection_lot,APP-0000020023,USR-025,"[""PC-PURCHASEREQUISITION-001515"",""PC-INSPECTIONLOT-000015"",""PC-REQUISITIONITEM-001515""]"
PC-PURCHASEREQUISITION-001560,Stock Placed in Blocked Stock,2023-07-23T12:03:00Z,invoice_header,APP-0000020024,USR-011,"[""PC-PURCHASEREQUISITION-001560"",""PC-INVOICEITEM-000060"",""PC-SUPPLIERQUOTATION-001560""]"
PC-PURCHASEREQUISITION-001566,Quality Inspection Passed,2023-07-23T18:07:00Z,goods_movement_header,APP-0000020044,USR-111,"[""PC-PURCHASEREQUISITION-001566"",""PC-INSPECTIONLOT-000066"",""PC-REQUISITIONITEM-001566""]"
PC-PURCHASEREQUISITION-001530,Payment Executed,2023-07-23T18:42:00Z,goods_movement_header,APP-0000020056,USR-025,"[""PC-PURCHASEREQUISITION-001530"",""PC-GOODSRECEIPT-000030"",""PC-COSTCENTER-000030""]"
PC-PURCHASEREQUISITION-001548,Invoice Changed,2023-07-23T18:51:00Z,accounting_header,APP-0000020058,USR-068,"[""PC-PURCHASEREQUISITION-001548"",""PC-SUPPLIERQUOTATION-001548"",""PC-ADVANCESHIPPINGNOTICE-000048""]"
PC-PURCHASEREQUISITION-001551,Invoice Posted,2023-07-23T21:00:00Z,invoice_header,APP-0000020059,USR-118,"[""PC-PURCHASEREQUISITION-001551"",""PC-RFQ-001551"",""PC-MATERIAL-000051""]"
PC-PURCHASEREQUISITION-001520,Goods Receipt Reversed,2023-07-24T02:14:00Z,accounting_header,APP-0000020088,USR-088,"[""PC-PURCHASEREQUISITION-001520"",""PC-ADVANCESHIPPINGNOTICE-000020"",""PC-PAYMENTPROPOSAL-000020""]"
PC-PURCHASEREQUISITION-001541,Accounting Document Created,2023-07-24T09:50:00Z,accounting_header,APP-0000020123,USR-082,"[""PC-PURCHASEREQUISITION-001541"",""PC-MATERIAL-000041"",""PC-ACCOUNTINGDOCUMENT-000041""]"
PC-PURCHASEREQUISITION-001539,Payment Proposal Approved,2023-07-24T15:50:00Z,req_header,APP-0000020144,USR-050,"[""PC-PURCHASEREQUISITION-001539"",""PC-GOODSMOVEMENT-000039"",""PC-PAYMENT-000039""]"
PC-PURCHASEREQUISITION-001525,Payment Reversed,2023-07-24T17:51:00Z,inspection_lot,APP-0000020148,USR-068,"[""PC-PURCHASEREQUISITION-001525"",""PC-INSPECTIONLOT-000025"",""PC-REQUISITIONITEM-001525""]"
PC-PURCHASEREQUISITION-001577,Quality Inspection Started,2023-07-24T21:17:00Z,req_header,APP-0000020161,USR-043,"[""PC-PURCHASEREQUISITION-001577"",""PC-GOODSRECEIPT-000077"",""PC-COSTCENTER-000077""]"
PC-PURCHASEREQUISITION-001541,Payment Executed,2023-07-25T03:00:00Z,goods_movement_header,APP-0000020182,USR-085,"[""PC-PURCHASEREQUISITION-001541"",""PC-GOODSRECEIPT-000041"",""PC-COSTCENTER-000041""]"
PC-PURCHASEREQUISITION-001559,Invoice Changed,2023-07-25T03:09:00Z,accounting_header,APP-0000020183,USR-001,"[""PC-PURCHASEREQUISITION-001559"",""PC-SUPPLIERQUOTATION-001559"",""PC-ADVANCESHIPPINGNOTICE-000059""]"
PC-PURCHASEREQUISITION-001530,Payment Reversed,2023-07-25T08:51:00Z,inspection_lot,APP-0000020215,USR-026,"[""PC-PURCHASEREQUISITION-001530"",""PC-INSPECTIONLOT-000030"",""PC-REQUISITIONITEM-001530""]"
PC-PURCHASEREQUISITION-001560,Three-Way Match Passed,2023-07-25T12:11:00Z,payment_run,APP-0000020226,USR-019,"[""PC-PURCHASEREQUISITION-001560"",""PC-CONTRACT-000060"",""PC-GOODSMOVEMENT-000060""]"
PC-PURCHASEREQUISITION-001584,Partial Receipt Posted,2023-07-25T12:23:00Z,payment_run,APP-0000020227,USR-034,"[""PC-PURCHASEREQUISITION-001584"",""PC-GOODSMOVEMENT-000084"",""PC-PAYMENT-000084""]"
PC-PURCHASEREQUISITION-001577,Stock Placed in Blocked Stock,2023-07-25T15:20:00Z,invoice_header,APP-0000020239,USR-046,"[""PC-PURCHASEREQUISITION-001577"",""PC-INVOICEITEM-000077"",""PC-SUPPLIERQUOTATION-001577""]"
PC-PURCHASEREQUISITION-001589,Goods Receipt Reversed,2023-07-25T21:27:00Z,accounting_header,APP-0000020262,USR-118,"[""PC-PURCHASEREQUISITION-001589"",""PC-ADVANCESHIPPINGNOTICE-000089"",""PC-PAYMENTPROPOSAL-000089""]"
PC-PURCHASEREQUISITION-001535,Goods Receipt Reversed,2023-07-25T23:14:00Z,accounting_header,APP-0000020273,USR-089,"[""PC-PURCHASEREQUISITION-001535"",""PC-ADVANCESHIPPINGNOTICE-000035"",""PC-PAYMENTPROPOSAL-000035""]"
PC-PURCHASEREQUISITION-001562,Three-Way Match Failed,2023-07-26T00:14:00Z,req_header,APP-0000020279,USR-054,"[""PC-PURCHASEREQUISITION-001562"",""PC-PURCHASEORDER-000062"",""PC-GOODSRECEIPT-000062""]"
PC-PURCHASEREQUISITION-001592,Goods Receipt Posted,2023-07-26T00:29:00Z,invoice_header,APP-0000020280,USR-041,"[""PC-PURCHASEREQUISITION-001592"",""PC-MATERIAL-000092"",""PC-ACCOUNTINGDOCUMENT-000092""]"
PC-PURCHASEREQUISITION-001542,Supplier Blocked,2023-07-26T06:05:00Z,payment_run,APP-0000020303,USR-106,"[""PC-PURCHASEREQUISITION-001542"",""PC-ACCOUNTINGDOCUMENT-000042"",""PC-CONTRACT-000042""]"
PC-PURCHASEREQUISITION-001540,Goods Receipt Reversed,2023-07-26T14:14:00Z,accounting_header,APP-0000020338,USR-047,"[""PC-PURCHASEREQUISITION-001540"",""PC-ADVANCESHIPPINGNOTICE-000040"",""PC-PAYMENTPROPOSAL-000040""]"
PC-PURCHASEREQUISITION-001547,Purchase Order Closed,2023-07-26T15:09:00Z,accounting_header,APP-0000020347,USR-063,"[""PC-PURCHASEREQUISITION-001547"",""PC-INVOICEITEM-000047"",""PC-SUPPLIERQUOTATION-001547""]"
PC-PURCHASEREQUISITION-001591,Quality Inspection Started,2023-07-26T15:31:00Z,req_header,APP-0000020349,USR-027,"[""PC-PURCHASEREQUISITION-001591"",""PC-GOODSRECEIPT-000091"",""PC-COSTCENTER-000091""]"
PC-PURCHASEREQUISITION-001578,Invoice Parked,2023-07-27T00:26:00Z,inspection_lot,APP-0000020384,USR-068,"[""PC-PURCHASEREQUISITION-001578"",""PC-REQUISITIONITEM-001578"",""PC-SUPPLIER-000078""]"
PC-PURCHASEREQUISITION-001569,Invoice Blocked,2023-07-27T03:22:00Z,goods_movement_header,APP-0000020396,USR-047,"[""PC-PURCHASEREQUISITION-001569"",""PC-PURCHASEORDERITEM-000069"",""PC-INSPECTIONLOT-000069""]"
PC-PURCHASEREQUISITION-001545,Goods Receipt Reversed,2023-07-27T05:14:00Z,accounting_header,APP-0000020400,USR-005,"[""PC-PURCHASEREQUISITION-001545"",""PC-ADVANCESHIPPINGNOTICE-000045"",""PC-PAYMENTPROPOSAL-000045""]"
PC-PURCHASEREQUISITION-001591,Stock Released from Blocked Stock,2023-07-27T15:35:00Z,accounting_header,APP-0000020444,USR-031,"[""PC-PURCHASEREQUISITION-001591"",""PC-ACCOUNTINGDOCUMENT-000091"",""PC-CONTRACT-000091""]"
PC-PURCHASEREQUISITION-001560,Payment Reversed,2023-07-27T18:20:00Z,inspection_lot,APP-0000020456,USR-028,"[""PC-PURCHASEREQUISITION-001560"",""PC-INSPECTIONLOT-000060"",""PC-REQUISITIONITEM-001560""]"
PC-PURCHASEREQUISITION-001550,Payment Reversed,2023-07-27T20:51:00Z,inspection_lot,APP-0000020461,USR-112,"[""PC-PURCHASEREQUISITION-001550"",""PC-INSPECTIONLOT-000050"",""PC-REQUISITIONITEM-001550""]"
PC-PURCHASEREQUISITION-001563,Payment Executed,2023-07-27T21:22:00Z,goods_movement_header,APP-0000020472,USR-078,"[""PC-PURCHASEREQUISITION-001563"",""PC-GOODSRECEIPT-000063"",""PC-COSTCENTER-000063""]"
PC-PURCHASEREQUISITION-001592,Return to Supplier Posted,2023-07-28T00:37:00Z,payment_run,APP-0000020485,USR-049,"[""PC-PURCHASEREQUISITION-001592"",""PC-PAYMENTPROPOSAL-000092"",""PC-PURCHASEORDER-000092""]"
PC-PURCHASEREQUISITION-001579,Three-Way Match Failed,2023-07-28T03:31:00Z,req_header,APP-0000020496,USR-089,"[""PC-PURCHASEREQUISITION-001579"",""PC-PURCHASEORDER-000079"",""PC-GOODSRECEIPT-000079""]"
PC-PURCHASEREQUISITION-001599,Quality Inspection Failed,2023-07-28T03:41:00Z,inspection_lot,APP-0000020498,USR-038,"[""PC-PURCHASEREQUISITION-001599"",""PC-INVOICE-000099"",""PC-RFQ-001599""]"
PC-PURCHASEREQUISITION-001572,Accounting Document Created,2023-07-28T06:28:00Z,accounting_header,APP-0000020509,USR-101,"[""PC-PURCHASEREQUISITION-001572"",""PC-MATERIAL-000072"",""PC-ACCOUNTINGDOCUMENT-000072""]"
PC-PURCHASEREQUISITION-001586,Invoice Posted,2023-07-28T06:35:00Z,invoice_header,APP-0000020510,USR-078,"[""PC-PURCHASEREQUISITION-001586"",""PC-RFQ-001586"",""PC-MATERIAL-000086""]"
PC-PURCHASEREQUISITION-001555,Goods Receipt Reversed,2023-07-28T11:14:00Z,accounting_header,APP-0000020523,USR-048,"[""PC-PURCHASEREQUISITION-001555"",""PC-ADVANCESHIPPINGNOTICE-000055"",""PC-PAYMENTPROPOSAL-000055""]"
PC-PURCHASEREQUISITION-001560,Supplier Unblocked,2023-07-28T18:24:00Z,req_header,APP-0000020557,USR-032,"[""PC-PURCHASEREQUISITION-001560"",""PC-PAYMENTPROPOSAL-000060"",""PC-PURCHASEORDER-000060""]"
PC-PURCHASEREQUISITION-001560,Payment Reversed,2023-07-29T02:51:00Z,inspection_lot,APP-0000020586,USR-028,"[""PC-PURCHASEREQUISITION-001560"",""PC-INSPECTIONLOT-000060"",""PC-REQUISITIONITEM-001560""]"
PC-PURCHASEREQUISITION-001593,Invoice Posted,2023-07-29T03:42:00Z,invoice_header,APP-0000020599,USR-070,"[""PC-PURCHASEREQUISITION-001593"",""PC-RFQ-001593"",""PC-MATERIAL-000093""]"
PC-PURCHASEREQUISITION-001592,Invoice Changed,2023-07-29T06:42:00Z,accounting_header,APP-0000020612,USR-054,"[""PC-PURCHASEREQUISITION-001592"",""PC-SUPPLIERQUOTATION-001592"",""PC-ADVANCESHIPPINGNOTICE-000092""]"
PC-PURCHASEREQUISITION-001612,Quality Inspection Started,2023-07-29T06:52:00Z,req_header,APP-0000020614,USR-003,"[""PC-PURCHASEREQUISITION-001612"",""PC-GOODSRECEIPT-000112"",""PC-COSTCENTER-000112""]"
PC-PURCHASEREQUISITION-001565,Goods Receipt Reversed,2023-07-29T17:14:00Z,accounting_header,APP-0000020650,USR-091,"[""PC-PURCHASEREQUISITION-001565"",""PC-ADVANCESHIPPINGNOTICE-000065"",""PC-PAYMENTPROPOSAL-000065""]"
PC-PURCHASEREQUISITION-001611,Stock Placed in Blocked Stock,2023-07-29T21:01:00Z,invoice_header,APP-0000020664,USR-116,"[""PC-PURCHASEREQUISITION-001611"",""PC-INVOICEITEM-000111"",""PC-SUPPLIERQUOTATION-001611""]"
PC-PURCHASEREQUISITION-001619,Quality Inspection Started,2023-07-30T03:06:00Z,req_header,APP-0000020687,USR-122,"[""PC-PURCHASEREQUISITION-001619"",""PC-GOODSRECEIPT-000119"",""PC-COSTCENTER-000119""]"
PC-PURCHASEREQUISITION-001621,Partial Receipt Posted,2023-07-30T03:07:00Z,payment_run,APP-0000020688,USR-028,"[""PC-PURCHASEREQUISITION-001621"",""PC-GOODSMOVEMENT-000121"",""PC-PAYMENT-000121""]"
PC-PURCHASEREQUISITION-001590,Credit Memo Posted,2023-07-30T06:45:00Z,invoice_header,APP-0000020709,USR-025,"[""PC-PURCHASEREQUISITION-001590"",""PC-SUPPLIER-000090"",""PC-INVOICEITEM-000090""]"
PC-PURCHASEREQUISITION-001596,Three-Way Match Failed,2023-07-30T06:48:00Z,req_header,APP-0000020710,USR-124,"[""PC-PURCHASEREQUISITION-001596"",""PC-PURCHASEORDER-000096"",""PC-GOODSRECEIPT-000096""]"
PC-PURCHASEREQUISITION-001570,Goods Receipt Reversed,2023-07-30T08:14:00Z,accounting_header,APP-0000020713,USR-049,"[""PC-PURCHASEREQUISITION-001570"",""PC-ADVANCESHIPPINGNOTICE-000070"",""PC-PAYMENTPROPOSAL-000070""]"
PC-PURCHASEREQUISITION-001599,Three-Way Match Passed,2023-07-30T09:50:00Z,payment_run,APP-0000020725,USR-047,"[""PC-PURCHASEREQUISITION-001599"",""PC-CONTRACT-000099"",""PC-GOODSMOVEMENT-000099""]"
PC-PURCHASEREQUISITION-001603,Invoice Changed,2023-07-30T15:00:00Z,accounting_header,APP-0000020737,USR-114,"[""PC-PURCHASEREQUISITION-001603"",""PC-SUPPLIERQUOTATION-001603"",""PC-ADVANCESHIPPINGNOTICE-000103""]"
PC-PURCHASEREQUISITION-001607,Invoice Posted,2023-07-30T21:03:00Z,invoice_header,APP-0000020763,USR-054,"[""PC-PURCHASEREQUISITION-001607"",""PC-RFQ-001607"",""PC-MATERIAL-000107""]"
PC-PURCHASEREQUISITION-001575,Payment Reversed,2023-07-30T23:51:00Z,inspection_lot,APP-0000020777,USR-029,"[""PC-PURCHASEREQUISITION-001575"",""PC-INSPECTIONLOT-000075"",""PC-REQUISITIONITEM-001575""]"
PC-PURCHASEREQUISITION-001585,Purchase Order Closed,2023-07-31T09:47:00Z,accounting_header,APP-0000020822,USR-074,"[""PC-PURCHASEREQUISITION-001585"",""PC-INVOICEITEM-000085"",""PC-SUPPLIERQUOTATION-001585""]"
PC-PURCHASEREQUISITION-001580,Goods Receipt Reversed,2023-07-31T14:14:00Z,accounting_header,APP-0000020834,USR-092,"[""PC-PURCHASEREQUISITION-001580"",""PC-ADVANCESHIPPINGNOTICE-000080"",""PC-PAYMENTPROPOSAL-000080""]"
PC-PURCHASEREQUISITION-001614,Invoice Posted,2023-07-31T18:10:00Z,invoice_header,APP-0000020848,USR-046,"[""PC-PURCHASEREQUISITION-001614"",""PC-RFQ-001614"",""PC-MATERIAL-000114""]"
PC-PURCHASEREQUISITION-001607,Invoice Blocked,2023-07-31T21:07:00Z,goods_movement_header,APP-0000020861,USR-058,"[""PC-PURCHASEREQUISITION-001607"",""PC-PURCHASEORDERITEM-000107"",""PC-INSPECTIONLOT-000107""]"
PC-PURCHASEREQUISITION-001633,Quality Inspection Started,2023-07-31T21:20:00Z,req_header,APP-0000020862,USR-106,"[""PC-PURCHASEREQUISITION-001633"",""PC-GOODSRECEIPT-000133"",""PC-COSTCENTER-000133""]"
PC-PURCHASEREQUISITION-001632,Quality Inspection Passed,2023-08-01T00:20:00Z,goods_movement_header,APP-0000020876,USR-090,"[""PC-PURCHASEREQUISITION-001632"",""PC-INSPECTIONLOT-000132"",""PC-REQUISITIONITEM-001632""]"
PC-PURCHASEREQUISITION-001585,Goods Receipt Reversed,2023-08-01T05:14:00Z,accounting_header,APP-0000020903,USR-050,"[""PC-PURCHASEREQUISITION-001585"",""PC-ADVANCESHIPPINGNOTICE-000085"",""PC-PAYMENTPROPOSAL-000085""]"
PC-PURCHASEREQUISITION-001599,Payment Reversed,2023-08-01T15:06:00Z,inspection_lot,APP-0000020941,USR-056,"[""PC-PURCHASEREQUISITION-001599"",""PC-INSPECTIONLOT-000099"",""PC-REQUISITIONITEM-001599""]"
PC-PURCHASEREQUISITION-001598,PO Item Final-Invoiced,2023-08-01T18:06:00Z,invoice_header,APP-0000020954,USR-040,"[""PC-PURCHASEREQUISITION-001598"",""PC-INVOICE-000098"",""PC-RFQ-001598""]"
PC-PURCHASEREQUISITION-001590,Payment Reversed,2023-08-01T20:51:00Z,inspection_lot,APP-0000020963,USR-030,"[""PC-PURCHASEREQUISITION-001590"",""PC-INSPECTIONLOT-000090"",""PC-REQUISITIONITEM-001590""]"
PC-PURCHASEREQUISITION-001613,Invoice Unblocked,2023-08-01T21:14:00Z,inspection_lot,APP-0000020970,USR-034,"[""PC-PURCHASEREQUISITION-001613"",""PC-SCHEDULELINE-000113"",""PC-INVOICE-000113""]"
PC-PURCHASEREQUISITION-001638,Quality Inspection Failed,2023-08-02T00:27:00Z,inspection_lot,APP-0000020984,USR-066,"[""PC-PURCHASEREQUISITION-001638"",""PC-INVOICE-000138"",""PC-RFQ-001638""]"
PC-PURCHASEREQUISITION-001625,Invoice Changed,2023-08-02T09:22:00Z,accounting_header,APP-0000021019,USR-107,"[""PC-PURCHASEREQUISITION-001625"",""PC-SUPPLIERQUOTATION-001625"",""PC-ADVANCESHIPPINGNOTICE-000125""]"
PC-PURCHASEREQUISITION-001595,Payment Reversed,2023-08-02T11:51:00Z,inspection_lot,APP-0000021030,USR-115,"[""PC-PURCHASEREQUISITION-001595"",""PC-INSPECTIONLOT-000095"",""PC-REQUISITIONITEM-001595""]"
PC-PURCHASEREQUISITION-001628,Invoice Posted,2023-08-02T12:24:00Z,invoice_header,APP-0000021040,USR-030,"[""PC-PURCHASEREQUISITION-001628"",""PC-RFQ-001628"",""PC-MATERIAL-000128""]"
PC-PURCHASEREQUISITION-001619,Credit Memo Posted,2023-08-02T21:21:00Z,invoice_header,APP-0000021076,USR-010,"[""PC-PURCHASEREQUISITION-001619"",""PC-SUPPLIER-000119"",""PC-INVOICEITEM-000119""]"
PC-PURCHASEREQUISITION-001600,Goods Receipt Reversed,2023-08-03T02:14:00Z,accounting_header,APP-0000021089,USR-051,"[""PC-PURCHASEREQUISITION-001600"",""PC-ADVANCESHIPPINGNOTICE-000100"",""PC-PAYMENTPROPOSAL-000100""]"
PC-PURCHASEREQUISITION-001645,Stock Placed in Blocked Stock,2023-08-03T03:35:00Z,invoice_header,APP-0000021100,USR-059,"[""PC-PURCHASEREQUISITION-001645"",""PC-INVOICEITEM-000145"",""PC-SUPPLIERQUOTATION-001645""]"
PC-PURCHASEREQUISITION-001630,Three-Way Match Failed,2023-08-03T12:29:00Z,req_header,APP-0000021133,USR-067,"[""PC-PURCHASEREQUISITION-001630"",""PC-PURCHASEORDER-000130"",""PC-GOODSRECEIPT-000130""]"
PC-PURCHASEREQUISITION-001654,Quality Inspection Started,2023-08-03T12:41:00Z,req_header,APP-0000021134,USR-082,"[""PC-PURCHASEREQUISITION-001654"",""PC-GOODSRECEIPT-000154"",""PC-COSTCENTER-000154""]"
PC-PURCHASEREQUISITION-001605,Payment Reversed,2023-08-03T17:51:00Z,inspection_lot,APP-0000021150,USR-031,"[""PC-PURCHASEREQUISITION-001605"",""PC-INSPECTIONLOT-000105"",""PC-REQUISITIONITEM-001605""]"
PC-PURCHASEREQUISITION-001648,Stock Released from Blocked Stock,2023-08-03T18:39:00Z,accounting_header,APP-0000021165,USR-111,"[""PC-PURCHASEREQUISITION-001648"",""PC-ACCOUNTINGDOCUMENT-000148"",""PC-CONTRACT-000148""]"
PC-PURCHASEREQUISITION-001611,Supplier Blocked,2023-08-03T21:21:00Z,payment_run,APP-0000021177,USR-009,"[""PC-PURCHASEREQUISITION-001611"",""PC-ACCOUNTINGDOCUMENT-000111"",""PC-CONTRACT-000111""]"
PC-PURCHASEREQUISITION-001638,Three-Way Match Passed,2023-08-04T06:36:00Z,payment_run,APP-0000021209,USR-075,"[""PC-PURCHASEREQUISITION-001638"",""PC-CONTRACT-000138"",""PC-GOODSMOVEMENT-000138""]"
PC-PURCHASEREQUISITION-001615,Payment Reversed,2023-08-04T23:51:00Z,inspection_lot,APP-0000021275,USR-074,"[""PC-PURCHASEREQUISITION-001615"",""PC-INSPECTIONLOT-000115"",""PC-REQUISITIONITEM-001615""]"
PC-PURCHASEREQUISITION-001665,Quality Inspection Passed,2023-08-05T03:00:00Z,goods_movement_header,APP-0000021288,USR-016,"[""PC-PURCHASEREQUISITION-001665"",""PC-INSPECTIONLOT-000165"",""PC-REQUISITIONITEM-001665""]"
PC-PURCHASEREQUISITION-001647,Invoice Changed,2023-08-05T03:44:00Z,accounting_header,APP-0000021302,USR-100,"[""PC-PURCHASEREQUISITION-001647"",""PC-SUPPLIERQUOTATION-001647"",""PC-ADVANCESHIPPINGNOTICE-000147""]"
PC-PURCHASEREQUISITION-001620,Payment Reversed,2023-08-05T14:51:00Z,inspection_lot,APP-0000021340,USR-032,"[""PC-PURCHASEREQUISITION-001620"",""PC-INSPECTIONLOT-000120"",""PC-REQUISITIONITEM-001620""]"
PC-PURCHASEREQUISITION-001658,Invoice Received,2023-08-05T18:52:00Z,goods_movement_header,APP-0000021363,USR-030,"[""PC-PURCHASEREQUISITION-001658"",""PC-COSTCENTER-000158"",""PC-SCHEDULELINE-000158""]"
PC-PURCHASEREQUISITION-001667,Stock Released from Blocked Stock,2023-08-06T03:05:00Z,accounting_header,APP-0000021387,USR-053,"[""PC-PURCHASEREQUISITION-001667"",""PC-ACCOUNTINGDOCUMENT-000167"",""PC-CONTRACT-000167""]"
PC-PURCHASEREQUISITION-001658,Invoice Changed,2023-08-06T12:02:00Z,accounting_header,APP-0000021423,USR-033,"[""PC-PURCHASEREQUISITION-001658"",""PC-SUPPLIERQUOTATION-001658"",""PC-ADVANCESHIPPINGNOTICE-000158""]"
PC-PURCHASEREQUISITION-001638,Payment Reversed,2023-08-06T12:45:00Z,inspection_lot,APP-0000021438,USR-084,"[""PC-PURCHASEREQUISITION-001638"",""PC-INSPECTIONLOT-000138"",""PC-REQUISITIONITEM-001638""]"
PC-PURCHASEREQUISITION-001634,Supplier Blocked,2023-08-06T18:44:00Z,payment_run,APP-0000021460,USR-019,"[""PC-PURCHASEREQUISITION-001634"",""PC-ACCOUNTINGDOCUMENT-000134"",""PC-CONTRACT-000134""]"
PC-PURCHASEREQUISITION-001644,Payment Proposal Approved,2023-08-06T18:49:00Z,req_header,APP-0000021462,USR-057,"[""PC-PURCHASEREQUISITION-001644"",""PC-GOODSMOVEMENT-000144"",""PC-PAYMENT-000144""]"
PC-PURCHASEREQUISITION-001646,Payment Proposal Created,2023-08-06T18:50:00Z,payment_run,APP-0000021463,USR-090,"[""PC-PURCHASEREQUISITION-001646"",""PC-ADVANCESHIPPINGNOTICE-000146"",""PC-PAYMENTPROPOSAL-000146""]"
PC-PURCHASEREQUISITION-001630,Goods Receipt Reversed,2023-08-06T20:14:00Z,accounting_header,APP-0000021466,USR-053,"[""PC-PURCHASEREQUISITION-001630"",""PC-ADVANCESHIPPINGNOTICE-000130"",""PC-PAYMENTPROPOSAL-000130""]"
PC-PURCHASEREQUISITION-001663,Invoice Posted,2023-08-06T21:06:00Z,invoice_header,APP-0000021468,USR-117,"[""PC-PURCHASEREQUISITION-001663"",""PC-RFQ-001663"",""PC-MATERIAL-000163""]"
PC-PURCHASEREQUISITION-001679,Stock Placed in Blocked Stock,2023-08-07T09:16:00Z,invoice_header,APP-0000021514,USR-002,"[""PC-PURCHASEREQUISITION-001679"",""PC-INVOICEITEM-000179"",""PC-SUPPLIERQUOTATION-001679""]"
PC-PURCHASEREQUISITION-001635,Goods Receipt Reversed,2023-08-07T11:14:00Z,accounting_header,APP-0000021528,USR-011,"[""PC-PURCHASEREQUISITION-001635"",""PC-ADVANCESHIPPINGNOTICE-000135"",""PC-PAYMENTPROPOSAL-000135""]"
PC-PURCHASEREQUISITION-001642,Purchase Order Closed,2023-08-07T12:51:00Z,accounting_header,APP-0000021540,USR-027,"[""PC-PURCHASEREQUISITION-001642"",""PC-INVOICEITEM-000142"",""PC-SUPPLIERQUOTATION-001642""]"
PC-PURCHASEREQUISITION-001651,Payment Proposal Approved,2023-08-07T15:03:00Z,req_header,APP-0000021541,USR-049,"[""PC-PURCHASEREQUISITION-001651"",""PC-GOODSMOVEMENT-000151"",""PC-PAYMENT-000151""]"
PC-PURCHASEREQUISITION-001659,Invoice Unblocked,2023-08-07T15:07:00Z,inspection_lot,APP-0000021542,USR-054,"[""PC-PURCHASEREQUISITION-001659"",""PC-SCHEDULELINE-000159"",""PC-INVOICE-000159""]"
PC-PURCHASEREQUISITION-001687,Quality Inspection Passed,2023-08-07T21:22:00Z,goods_movement_header,APP-0000021566,USR-009,"[""PC-PURCHASEREQUISITION-001687"",""PC-INSPECTIONLOT-000187"",""PC-REQUISITIONITEM-001687""]"
PC-PURCHASEREQUISITION-001689,Quality Inspection Started,2023-08-07T21:23:00Z,req_header,APP-0000021567,USR-042,"[""PC-PURCHASEREQUISITION-001689"",""PC-GOODSRECEIPT-000189"",""PC-COSTCENTER-000189""]"
PC-PURCHASEREQUISITION-001664,Invoice Blocked,2023-08-08T00:11:00Z,goods_movement_header,APP-0000021581,USR-011,"[""PC-PURCHASEREQUISITION-001664"",""PC-PURCHASEORDERITEM-000164"",""PC-INSPECTIONLOT-000164""]"
PC-PURCHASEREQUISITION-001678,PO Item Delivery Completed,2023-08-08T00:18:00Z,req_header,APP-0000021582,USR-115,"[""PC-PURCHASEREQUISITION-001678"",""PC-PAYMENT-000178"",""PC-PURCHASEORDERITEM-000178""]"
PC-PURCHASEREQUISITION-001649,PO Item Final-Invoiced,2023-08-08T03:04:00Z,invoice_header,APP-0000021598,USR-018,"[""PC-PURCHASEREQUISITION-001649"",""PC-INVOICE-000149"",""PC-RFQ-001649""]"
PC-PURCHASEREQUISITION-001651,Payment Reversed,2023-08-08T03:05:00Z,inspection_lot,APP-0000021599,USR-051,"[""PC-PURCHASEREQUISITION-001651"",""PC-INSPECTIONLOT-000151"",""PC-REQUISITIONITEM-001651""]"
PC-PURCHASEREQUISITION-001695,Partial Receipt Posted,2023-08-08T09:28:00Z,payment_run,APP-0000021621,USR-016,"[""PC-PURCHASEREQUISITION-001695"",""PC-GOODSMOVEMENT-000195"",""PC-PAYMENT-000195""]"
PC-PURCHASEREQUISITION-001684,Return to Supplier Posted,2023-08-08T12:23:00Z,payment_run,APP-0000021633,USR-089,"[""PC-PURCHASEREQUISITION-001684"",""PC-PAYMENTPROPOSAL-000184"",""PC-PURCHASEORDER-000184""]"
PC-PURCHASEREQUISITION-001647,Supplier Unblocked,2023-08-08T15:05:00Z,req_header,APP-0000021643,USR-114,"[""PC-PURCHASEREQUISITION-001647"",""PC-PAYMENTPROPOSAL-000147"",""PC-PURCHASEORDER-000147""]"
PC-PURCHASEREQUISITION-001677,Invoice Posted,2023-08-08T15:20:00Z,invoice_header,APP-0000021646,USR-101,"[""PC-PURCHASEREQUISITION-001677"",""PC-RFQ-001677"",""PC-MATERIAL-000177""]"
PC-PURCHASEREQUISITION-001645,Goods Receipt Reversed,2023-08-08T17:14:00Z,accounting_header,APP-0000021652,USR-054,"[""PC-PURCHASEREQUISITION-001645"",""PC-ADVANCESHIPPINGNOTICE-000145"",""PC-PAYMENTPROPOSAL-000145""]"
PC-PURCHASEREQUISITION-001680,Invoice Changed,2023-08-09T06:24:00Z,accounting_header,APP-0000021709,USR-026,"[""PC-PURCHASEREQUISITION-001680"",""PC-SUPPLIERQUOTATION-001680"",""PC-ADVANCESHIPPINGNOTICE-000180""]"
PC-PURCHASEREQUISITION-001650,Payment Reversed,2023-08-09T08:51:00Z,inspection_lot,APP-0000021716,USR-034,"[""PC-PURCHASEREQUISITION-001650"",""PC-INSPECTIONLOT-000150"",""PC-REQUISITIONITEM-001650""]"
PC-PURCHASEREQUISITION-001665,Payment Proposal Approved,2023-08-09T09:17:00Z,req_header,APP-0000021726,USR-033,"[""PC-PURCHASEREQUISITION-001665"",""PC-GOODSMOVEMENT-000165"",""PC-PAYMENT-000165""]"
PC-PURCHASEREQUISITION-001684,Invoice Posted,2023-08-09T12:27:00Z,invoice_header,APP-0000021737,USR-093,"[""PC-PURCHASEREQUISITION-001684"",""PC-RFQ-001684"",""PC-MATERIAL-000184""]"
PC-PURCHASEREQUISITION-001696,Stock Placed in Blocked Stock,2023-08-09T12:33:00Z,invoice_header,APP-0000021738,USR-037,"[""PC-PURCHASEREQUISITION-001696"",""PC-INVOICEITEM-000196"",""PC-SUPPLIERQUOTATION-001696""]"
PC-PURCHASEREQUISITION-001708,Goods Receipt Posted,2023-08-09T12:39:00Z,invoice_header,APP-0000021739,USR-108,"[""PC-PURCHASEREQUISITION-001708"",""PC-MATERIAL-000208"",""PC-ACCOUNTINGDOCUMENT-000208""]"
PC-PURCHASEREQUISITION-001657,Supplier Blocked,2023-08-09T15:14:00Z,payment_run,APP-0000021750,USR-029,"[""PC-PURCHASEREQUISITION-001657"",""PC-ACCOUNTINGDOCUMENT-000157"",""PC-CONTRACT-000157""]"
PC-PURCHASEREQUISITION-001703,Quality Inspection Started,2023-08-09T15:37:00Z,req_header,APP-0000021753,USR-026,"[""PC-PURCHASEREQUISITION-001703"",""PC-GOODSRECEIPT-000203"",""PC-COSTCENTER-000203""]"
PC-PURCHASEREQUISITION-001661,Purchase Order Closed,2023-08-09T21:17:00Z,accounting_header,APP-0000021775,USR-096,"[""PC-PURCHASEREQUISITION-001661"",""PC-INVOICEITEM-000161"",""PC-SUPPLIERQUOTATION-001661""]"
PC-PURCHASEREQUISITION-001689,Invoice Parked,2023-08-09T21:31:00Z,inspection_lot,APP-0000021777,USR-050,"[""PC-PURCHASEREQUISITION-001689"",""PC-REQUISITIONITEM-001689"",""PC-SUPPLIER-000189""]"
PC-PURCHASEREQUISITION-001655,Payment Reversed,2023-08-09T23:51:00Z,inspection_lot,APP-0000021781,USR-119,"[""PC-PURCHASEREQUISITION-001655"",""PC-INSPECTIONLOT-000155"",""PC-REQUISITIONITEM-001655""]"
PC-PURCHASEREQUISITION-001691,Invoice Posted,2023-08-10T09:34:00Z,invoice_header,APP-0000021824,USR-085,"[""PC-PURCHASEREQUISITION-001691"",""PC-RFQ-001691"",""PC-MATERIAL-000191""]"
PC-PURCHASEREQUISITION-001660,Payment Reversed,2023-08-10T14:51:00Z,inspection_lot,APP-0000021841,USR-077,"[""PC-PURCHASEREQUISITION-001660"",""PC-INSPECTIONLOT-000160"",""PC-REQUISITIONITEM-001660""]"
PC-PURCHASEREQUISITION-001673,Payment Executed,2023-08-10T15:26:00Z,goods_movement_header,APP-0000021854,USR-043,"[""PC-PURCHASEREQUISITION-001673"",""PC-GOODSRECEIPT-000173"",""PC-COSTCENTER-000173""]"
PC-PURCHASEREQUISITION-001679,Payment Proposal Approved,2023-08-11T03:31:00Z,req_header,APP-0000021900,USR-017,"[""PC-PURCHASEREQUISITION-001679"",""PC-GOODSMOVEMENT-000179"",""PC-PAYMENT-000179""]"
PC-PURCHASEREQUISITION-001665,Payment Reversed,2023-08-11T05:51:00Z,inspection_lot,APP-0000021904,USR-035,"[""PC-PURCHASEREQUISITION-001665"",""PC-INSPECTIONLOT-000165"",""PC-REQUISITIONITEM-001665""]"
PC-PURCHASEREQUISITION-001707,Return to Supplier Posted,2023-08-11T09:46:00Z,payment_run,APP-0000021928,USR-099,"[""PC-PURCHASEREQUISITION-001707"",""PC-PAYMENTPROPOSAL-000207"",""PC-PURCHASEORDER-000207""]"
PC-PURCHASEREQUISITION-001670,Goods Receipt Reversed,2023-08-11T20:14:00Z,accounting_header,APP-0000021965,USR-098,"[""PC-PURCHASEREQUISITION-001670"",""PC-ADVANCESHIPPINGNOTICE-000170"",""PC-PAYMENTPROPOSAL-000170""]"
PC-PURCHASEREQUISITION-001720,Quality Inspection Passed,2023-08-12T00:02:00Z,goods_movement_header,APP-0000021977,USR-062,"[""PC-PURCHASEREQUISITION-001720"",""PC-INSPECTIONLOT-000220"",""PC-REQUISITIONITEM-001720""]"
PC-PURCHASEREQUISITION-001705,Invoice Posted,2023-08-12T03:48:00Z,invoice_header,APP-0000022003,USR-069,"[""PC-PURCHASEREQUISITION-001705"",""PC-RFQ-001705"",""PC-MATERIAL-000205""]"
PC-PURCHASEREQUISITION-001676,Supplier Unblocked,2023-08-12T06:34:00Z,req_header,APP-0000022013,USR-099,"[""PC-PURCHASEREQUISITION-001676"",""PC-PAYMENTPROPOSAL-000176"",""PC-PURCHASEORDER-000176""]"
PC-PURCHASEREQUISITION-001675,Payment Reversed,2023-08-12T11:51:00Z,inspection_lot,APP-0000022032,USR-078,"[""PC-PURCHASEREQUISITION-001675"",""PC-INSPECTIONLOT-000175"",""PC-REQUISITIONITEM-001675""]"
PC-PURCHASEREQUISITION-001680,Supplier Blocked,2023-08-12T12:37:00Z,payment_run,APP-0000022042,USR-039,"[""PC-PURCHASEREQUISITION-001680"",""PC-ACCOUNTINGDOCUMENT-000180"",""PC-CONTRACT-000180""]"
PC-PURCHASEREQUISITION-001696,Accounting Document Created,2023-08-12T18:46:00Z,accounting_header,APP-0000022063,USR-050,"[""PC-PURCHASEREQUISITION-001696"",""PC-MATERIAL-000196"",""PC-ACCOUNTINGDOCUMENT-000196""]"
PC-PURCHASEREQUISITION-001680,Payment Reversed,2023-08-13T02:51:00Z,inspection_lot,APP-0000022091,USR-036,"[""PC-PURCHASEREQUISITION-001680"",""PC-INSPECTIONLOT-000180"",""PC-REQUISITIONITEM-001680""]"
PC-PURCHASEREQUISITION-001705,Invoice Unblocked,2023-08-13T09:00:00Z,inspection_lot,APP-0000022115,USR-074,"[""PC-PURCHASEREQUISITION-001705"",""PC-SCHEDULELINE-000205"",""PC-INVOICE-000205""]"
PC-PURCHASEREQUISITION-001729,Quality Inspection Failed,2023-08-13T09:12:00Z,inspection_lot,APP-0000022117,USR-089,"[""PC-PURCHASEREQUISITION-001729"",""PC-INVOICE-000229"",""PC-RFQ-001729""]"
PC-PURCHASEREQUISITION-001730,Stock Placed in Blocked Stock,2023-08-13T18:14:00Z,invoice_header,APP-0000022157,USR-107,"[""PC-PURCHASEREQUISITION-001730"",""PC-INVOICEITEM-000230"",""PC-SUPPLIERQUOTATION-001730""]"
PC-PURCHASEREQUISITION-001738,Quality Inspection Started,2023-08-14T00:19:00Z,req_header,APP-0000022181,USR-113,"[""PC-PURCHASEREQUISITION-001738"",""PC-GOODSRECEIPT-000238"",""PC-COSTCENTER-000238""]"
PC-PURCHASEREQUISITION-001715,Three-Way Match Failed,2023-08-14T03:08:00Z,req_header,APP-0000022191,USR-115,"[""PC-PURCHASEREQUISITION-001715"",""PC-PURCHASEORDER-000215"",""PC-GOODSRECEIPT-000215""]"
PC-PURCHASEREQUISITION-001726,Invoice Parked,2023-08-14T12:15:00Z,inspection_lot,APP-0000022231,USR-044,"[""PC-PURCHASEREQUISITION-001726"",""PC-REQUISITIONITEM-001726"",""PC-SUPPLIER-000226""]"
PC-PURCHASEREQUISITION-001707,Payment Proposal Approved,2023-08-14T15:06:00Z,req_header,APP-0000022244,USR-112,"[""PC-PURCHASEREQUISITION-001707"",""PC-GOODSMOVEMENT-000207"",""PC-PAYMENT-000207""]"
PC-PURCHASEREQUISITION-001745,Quality Inspection Started,2023-08-14T21:26:00Z,req_header,APP-0000022272,USR-105,"[""PC-PURCHASEREQUISITION-001745"",""PC-GOODSRECEIPT-000245"",""PC-COSTCENTER-000245""]"
PC-PURCHASEREQUISITION-001742,Quality Inspection Failed,2023-08-15T00:25:00Z,inspection_lot,APP-0000022287,USR-056,"[""PC-PURCHASEREQUISITION-001742"",""PC-INVOICE-000242"",""PC-RFQ-001742""]"
PC-PURCHASEREQUISITION-001714,Payment Proposal Approved,2023-08-15T12:13:00Z,req_header,APP-0000022336,USR-104,"[""PC-PURCHASEREQUISITION-001714"",""PC-GOODSMOVEMENT-000214"",""PC-PAYMENT-000214""]"
PC-PURCHASEREQUISITION-001700,Payment Reversed,2023-08-15T14:51:00Z,inspection_lot,APP-0000022342,USR-122,"[""PC-PURCHASEREQUISITION-001700"",""PC-INSPECTIONLOT-000200"",""PC-REQUISITIONITEM-001700""]"
PC-PURCHASEREQUISITION-001729,Three-Way Match Passed,2023-08-15T15:21:00Z,payment_run,APP-0000022351,USR-098,"[""PC-PURCHASEREQUISITION-001729"",""PC-CONTRACT-000229"",""PC-GOODSMOVEMENT-000229""]"
PC-PURCHASEREQUISITION-001721,Payment Proposal Approved,2023-08-16T09:20:00Z,req_header,APP-0000022431,USR-096,"[""PC-PURCHASEREQUISITION-001721"",""PC-GOODSMOVEMENT-000221"",""PC-PAYMENT-000221""]"
PC-PURCHASEREQUISITION-001740,Invoice Posted,2023-08-16T12:30:00Z,invoice_header,APP-0000022441,USR-029,"[""PC-PURCHASEREQUISITION-001740"",""PC-RFQ-001740"",""PC-MATERIAL-000240""]"
PC-PURCHASEREQUISITION-001717,PO Item Final-Invoiced,2023-08-16T15:19:00Z,invoice_header,APP-0000022452,USR-031,"[""PC-PURCHASEREQUISITION-001717"",""PC-INVOICE-000217"",""PC-RFQ-001717""]"
PC-PURCHASEREQUISITION-001755,Quality Inspection Failed,2023-08-16T15:38:00Z,inspection_lot,APP-0000022454,USR-023,"[""PC-PURCHASEREQUISITION-001755"",""PC-INVOICE-000255"",""PC-RFQ-001755""]"
PC-PURCHASEREQUISITION-001766,Goods Receipt Posted,2023-08-16T18:44:00Z,invoice_header,APP-0000022465,USR-078,"[""PC-PURCHASEREQUISITION-001766"",""PC-MATERIAL-000266"",""PC-ACCOUNTINGDOCUMENT-000266""]"
PC-PURCHASEREQUISITION-001710,Payment Reversed,2023-08-16T20:51:00Z,inspection_lot,APP-0000022470,USR-038,"[""PC-PURCHASEREQUISITION-001710"",""PC-INSPECTIONLOT-000210"",""PC-REQUISITIONITEM-001710""]"
PC-PURCHASEREQUISITION-001718,Purchase Order Closed,2023-08-17T00:21:00Z,accounting_header,APP-0000022491,USR-049,"[""PC-PURCHASEREQUISITION-001718"",""PC-INVOICEITEM-000218"",""PC-SUPPLIERQUOTATION-001718""]"
PC-PURCHASEREQUISITION-001742,Three-Way Match Passed,2023-08-17T06:34:00Z,payment_run,APP-0000022513,USR-065,"[""PC-PURCHASEREQUISITION-001742"",""PC-CONTRACT-000242"",""PC-GOODSMOVEMENT-000242""]"
PC-PURCHASEREQUISITION-001735,Credit Memo Posted,2023-08-17T09:31:00Z,invoice_header,APP-0000022523,USR-077,"[""PC-PURCHASEREQUISITION-001735"",""PC-SUPPLIER-000235"",""PC-INVOICEITEM-000235""]"
PC-PURCHASEREQUISITION-001747,Invoice Posted,2023-08-17T09:37:00Z,invoice_header,APP-0000022524,USR-021,"[""PC-PURCHASEREQUISITION-001747"",""PC-RFQ-001747"",""PC-MATERIAL-000247""]"
PC-PURCHASEREQUISITION-001728,Payment Executed,2023-08-17T12:28:00Z,goods_movement_header,APP-0000022541,USR-089,"[""PC-PURCHASEREQUISITION-001728"",""PC-GOODSRECEIPT-000228"",""PC-COSTCENTER-000228""]"
PC-PURCHASEREQUISITION-001740,Invoice Blocked,2023-08-17T12:34:00Z,goods_movement_header,APP-0000022542,USR-033,"[""PC-PURCHASEREQUISITION-001740"",""PC-PURCHASEORDERITEM-000240"",""PC-INSPECTIONLOT-000240""]"
PC-PURCHASEREQUISITION-001746,Invoice Changed,2023-08-17T12:37:00Z,accounting_header,APP-0000022543,USR-005,"[""PC-PURCHASEREQUISITION-001746"",""PC-SUPPLIERQUOTATION-001746"",""PC-ADVANCESHIPPINGNOTICE-000246""]"
PC-PURCHASEREQUISITION-001769,Partial Receipt Posted,2023-08-17T15:49:00Z,payment_run,APP-0000022558,USR-004,"[""PC-PURCHASEREQUISITION-001769"",""PC-GOODSMOVEMENT-000269"",""PC-PAYMENT-000269""]"
PC-PURCHASEREQUISITION-001729,Payment Reversed,2023-08-17T21:30:00Z,inspection_lot,APP-0000022578,USR-107,"[""PC-PURCHASEREQUISITION-001729"",""PC-INSPECTIONLOT-000229"",""PC-REQUISITIONITEM-001729""]"
PC-PURCHASEREQUISITION-001764,Stock Placed in Blocked Stock,2023-08-18T00:48:00Z,invoice_header,APP-0000022590,USR-050,"[""PC-PURCHASEREQUISITION-001764"",""PC-INVOICEITEM-000264"",""PC-SUPPLIERQUOTATION-001764""]"
PC-PURCHASEREQUISITION-001720,Payment Reversed,2023-08-18T02:51:00Z,inspection_lot,APP-0000022594,USR-081,"[""PC-PURCHASEREQUISITION-001720"",""PC-INSPECTIONLOT-000220"",""PC-REQUISITIONITEM-001720""]"
PC-PURCHASEREQUISITION-001775,Goods Receipt Reversed,2023-08-18T03:01:00Z,accounting_header,APP-0000022595,USR-105,"[""PC-PURCHASEREQUISITION-001775"",""PC-ADVANCESHIPPINGNOTICE-000275"",""PC-PAYMENTPROPOSAL-000275""]"
PC-PURCHASEREQUISITION-001749,Three-Way Match Failed,2023-08-18T09:42:00Z,req_header,APP-0000022629,USR-058,"[""PC-PURCHASEREQUISITION-001749"",""PC-PURCHASEORDER-000249"",""PC-GOODSRECEIPT-000249""]"
PC-PURCHASEREQUISITION-001775,Quality Inspection Passed,2023-08-18T21:04:00Z,goods_movement_header,APP-0000022666,USR-108,"[""PC-PURCHASEREQUISITION-001775"",""PC-INSPECTIONLOT-000275"",""PC-REQUISITIONITEM-001775""]"
PC-PURCHASEREQUISITION-001739,Payment Executed,2023-08-18T21:39:00Z,goods_movement_header,APP-0000022680,USR-022,"[""PC-PURCHASEREQUISITION-001739"",""PC-GOODSRECEIPT-000239"",""PC-COSTCENTER-000239""]"
PC-PURCHASEREQUISITION-001755,Three-Way Match Passed,2023-08-18T21:47:00Z,payment_run,APP-0000022681,USR-032,"[""PC-PURCHASEREQUISITION-001755"",""PC-CONTRACT-000255"",""PC-GOODSMOVEMENT-000255""]"
PC-PURCHASEREQUISITION-001765,PO Item Delivery Completed,2023-08-18T21:52:00Z,req_header,APP-0000022683,USR-070,"[""PC-PURCHASEREQUISITION-001765"",""PC-PAYMENT-000265"",""PC-PURCHASEORDERITEM-000265""]"
PC-PURCHASEREQUISITION-001751,Invoice Unblocked,2023-08-19T03:46:00Z,inspection_lot,APP-0000022704,USR-094,"[""PC-PURCHASEREQUISITION-001751"",""PC-SCHEDULELINE-000251"",""PC-INVOICE-000251""]"
PC-PURCHASEREQUISITION-001763,Invoice Parked,2023-08-19T03:52:00Z,inspection_lot,APP-0000022706,USR-038,"[""PC-PURCHASEREQUISITION-001763"",""PC-REQUISITIONITEM-001763"",""PC-SUPPLIER-000263""]"
PC-PURCHASEREQUISITION-001737,Purchase Order Closed,2023-08-19T09:40:00Z,accounting_header,APP-0000022733,USR-118,"[""PC-PURCHASEREQUISITION-001737"",""PC-INVOICEITEM-000237"",""PC-SUPPLIERQUOTATION-001737""]"
PC-PURCHASEREQUISITION-001781,Quality Inspection Failed,2023-08-19T21:11:00Z,inspection_lot,APP-0000022766,USR-084,"[""PC-PURCHASEREQUISITION-001781"",""PC-INVOICE-000281"",""PC-RFQ-001781""]"
PC-PURCHASEREQUISITION-001735,Payment Reversed,2023-08-19T23:51:00Z,inspection_lot,APP-0000022780,USR-082,"[""PC-PURCHASEREQUISITION-001735"",""PC-INSPECTIONLOT-000235"",""PC-REQUISITIONITEM-001735""]"
PC-PURCHASEREQUISITION-001768,Invoice Posted,2023-08-20T00:05:00Z,invoice_header,APP-0000022781,USR-124,"[""PC-PURCHASEREQUISITION-001768"",""PC-RFQ-001768"",""PC-MATERIAL-000268""]"
PC-PURCHASEREQUISITION-001776,Return to Supplier Posted,2023-08-20T00:09:00Z,payment_run,APP-0000022782,USR-002,"[""PC-PURCHASEREQUISITION-001776"",""PC-PAYMENTPROPOSAL-000276"",""PC-PURCHASEORDER-000276""]"
PC-PURCHASEREQUISITION-001750,Payment Executed,2023-08-20T06:50:00Z,goods_movement_header,APP-0000022818,USR-082,"[""PC-PURCHASEREQUISITION-001750"",""PC-GOODSRECEIPT-000250"",""PC-COSTCENTER-000250""]"
PC-PURCHASEREQUISITION-001758,Accounting Document Created,2023-08-20T12:02:00Z,accounting_header,APP-0000022831,USR-088,"[""PC-PURCHASEREQUISITION-001758"",""PC-MATERIAL-000258"",""PC-ACCOUNTINGDOCUMENT-000258""]"
PC-PURCHASEREQUISITION-001740,Payment Reversed,2023-08-20T14:51:00Z,inspection_lot,APP-0000022846,USR-040,"[""PC-PURCHASEREQUISITION-001740"",""PC-INSPECTIONLOT-000240"",""PC-REQUISITIONITEM-001740""]"
PC-PURCHASEREQUISITION-001757,Payment Proposal Created,2023-08-20T15:02:00Z,payment_run,APP-0000022847,USR-072,"[""PC-PURCHASEREQUISITION-001757"",""PC-ADVANCESHIPPINGNOTICE-000257"",""PC-PAYMENTPROPOSAL-000257""]"
PC-PURCHASEREQUISITION-001755,Payment Reversed,2023-08-21T03:03:00Z,inspection_lot,APP-0000022895,USR-041,"[""PC-PURCHASEREQUISITION-001755"",""PC-INSPECTIONLOT-000255"",""PC-REQUISITIONITEM-001755""]"
PC-PURCHASEREQUISITION-001745,Payment Reversed,2023-08-21T05:51:00Z,inspection_lot,APP-0000022908,USR-125,"[""PC-PURCHASEREQUISITION-001745"",""PC-INSPECTIONLOT-000245"",""PC-REQUISITIONITEM-001745""]"
PC-PURCHASEREQUISITION-001782,Invoice Received,2023-08-21T06:17:00Z,goods_movement_header,APP-0000022911,USR-106,"[""PC-PURCHASEREQUISITION-001782"",""PC-COSTCENTER-000282"",""PC-SCHEDULELINE-000282""]"
PC-PURCHASEREQUISITION-001761,Payment Executed,2023-08-21T15:08:00Z,goods_movement_header,APP-0000022946,USR-015,"[""PC-PURCHASEREQUISITION-001761"",""PC-GOODSRECEIPT-000261"",""PC-COSTCENTER-000261""]"
PC-PURCHASEREQUISITION-001779,Invoice Changed,2023-08-21T15:17:00Z,accounting_header,APP-0000022948,USR-058,"[""PC-PURCHASEREQUISITION-001779"",""PC-SUPPLIERQUOTATION-001779"",""PC-ADVANCESHIPPINGNOTICE-000279""]"
PC-PURCHASEREQUISITION-001797,Quality Inspection Passed,2023-08-21T15:26:00Z,goods_movement_header,APP-0000022949,USR-101,"[""PC-PURCHASEREQUISITION-001797"",""PC-INSPECTIONLOT-000297"",""PC-REQUISITIONITEM-001797""]"
PC-PURCHASEREQUISITION-001750,Payment Reversed,2023-08-21T20:51:00Z,inspection_lot,APP-0000022971,USR-083,"[""PC-PURCHASEREQUISITION-001750"",""PC-INSPECTIONLOT-000250"",""PC-REQUISITIONITEM-001750""]"
PC-PURCHASEREQUISITION-001774,Invoice Unblocked,2023-08-22T00:16:00Z,inspection_lot,APP-0000022992,USR-104,"[""PC-PURCHASEREQUISITION-001774"",""PC-SCHEDULELINE-000274"",""PC-INVOICE-000274""]"
PC-PURCHASEREQUISITION-001806,Goods Receipt Reversed,2023-08-22T00:32:00Z,accounting_header,APP-0000022993,USR-124,"[""PC-PURCHASEREQUISITION-001806"",""PC-ADVANCESHIPPINGNOTICE-000306"",""PC-PAYMENTPROPOSAL-000306""]"
PC-PURCHASEREQUISITION-001755,Goods Receipt Reversed,2023-08-22T11:14:00Z,accounting_header,APP-0000023031,USR-019,"[""PC-PURCHASEREQUISITION-001755"",""PC-ADVANCESHIPPINGNOTICE-000255"",""PC-PAYMENTPROPOSAL-000255""]"
PC-PURCHASEREQUISITION-001768,PO Item Final-Invoiced,2023-08-23T00:17:00Z,invoice_header,APP-0000023091,USR-009,"[""PC-PURCHASEREQUISITION-001768"",""PC-INVOICE-000268"",""PC-RFQ-001768""]"
PC-PURCHASEREQUISITION-001772,Payment Executed,2023-08-23T00:19:00Z,goods_movement_header,APP-0000023092,USR-075,"[""PC-PURCHASEREQUISITION-001772"",""PC-GOODSRECEIPT-000272"",""PC-COSTCENTER-000272""]"
PC-PURCHASEREQUISITION-001790,Invoice Changed,2023-08-23T00:28:00Z,accounting_header,APP-0000023093,USR-118,"[""PC-PURCHASEREQUISITION-001790"",""PC-SUPPLIERQUOTATION-001790"",""PC-ADVANCESHIPPINGNOTICE-000290""]"
PC-PURCHASEREQUISITION-001808,Quality Inspection Passed,2023-08-23T00:37:00Z,goods_movement_header,APP-0000023094,USR-034,"[""PC-PURCHASEREQUISITION-001808"",""PC-INSPECTIONLOT-000308"",""PC-REQUISITIONITEM-001808""]"
PC-PURCHASEREQUISITION-001760,Payment Reversed,2023-08-23T02:51:00Z,inspection_lot,APP-0000023099,USR-126,"[""PC-PURCHASEREQUISITION-001760"",""PC-INSPECTIONLOT-000260"",""PC-REQUISITIONITEM-001760""]"
PC-PURCHASEREQUISITION-001777,Payment Proposal Approved,2023-08-23T09:23:00Z,req_header,APP-0000023130,USR-032,"[""PC-PURCHASEREQUISITION-001777"",""PC-GOODSMOVEMENT-000277"",""PC-PAYMENT-000277""]"
PC-PURCHASEREQUISITION-001765,Goods Receipt Reversed,2023-08-23T17:14:00Z,accounting_header,APP-0000023155,USR-062,"[""PC-PURCHASEREQUISITION-001765"",""PC-ADVANCESHIPPINGNOTICE-000265"",""PC-PAYMENTPROPOSAL-000265""]"
PC-PURCHASEREQUISITION-001772,Supplier Blocked,2023-08-24T00:23:00Z,payment_run,APP-0000023189,USR-079,"[""PC-PURCHASEREQUISITION-001772"",""PC-ACCOUNTINGDOCUMENT-000272"",""PC-CONTRACT-000272""]"
PC-PURCHASEREQUISITION-001784,Payment Proposal Approved,2023-08-24T06:30:00Z,req_header,APP-0000023213,USR-024,"[""PC-PURCHASEREQUISITION-001784"",""PC-GOODSMOVEMENT-000284"",""PC-PAYMENT-000284""]"
PC-PURCHASEREQUISITION-001770,Payment Reversed,2023-08-24T08:51:00Z,inspection_lot,APP-0000023217,USR-042,"[""PC-PURCHASEREQUISITION-001770"",""PC-INSPECTIONLOT-000270"",""PC-REQUISITIONITEM-001770""]"
PC-PURCHASEREQUISITION-001783,Payment Executed,2023-08-24T09:30:00Z,goods_movement_header,APP-0000023230,USR-008,"[""PC-PURCHASEREQUISITION-001783"",""PC-GOODSRECEIPT-000283"",""PC-COSTCENTER-000283""]"
PC-PURCHASEREQUISITION-001789,Accounting Document Created,2023-08-24T09:33:00Z,accounting_header,APP-0000023231,USR-107,"[""PC-PURCHASEREQUISITION-001789"",""PC-MATERIAL-000289"",""PC-ACCOUNTINGDOCUMENT-000289""]"
PC-PURCHASEREQUISITION-001793,Credit Memo Posted,2023-08-24T15:36:00Z,invoice_header,APP-0000023257,USR-047,"[""PC-PURCHASEREQUISITION-001793"",""PC-SUPPLIER-000293"",""PC-INVOICEITEM-000293""]"
PC-PURCHASEREQUISITION-001820,Quality Inspection Failed,2023-08-24T18:50:00Z,inspection_lot,APP-0000023270,USR-112,"[""PC-PURCHASEREQUISITION-001820"",""PC-INVOICE-000320"",""PC-RFQ-001820""]"
PC-PURCHASEREQUISITION-001797,Invoice Unblocked,2023-08-24T21:39:00Z,inspection_lot,APP-0000023280,USR-114,"[""PC-PURCHASEREQUISITION-001797"",""PC-SCHEDULELINE-000297"",""PC-INVOICE-000297""]"
PC-PURCHASEREQUISITION-001775,Payment Reversed,2023-08-24T23:51:00Z,inspection_lot,APP-0000023284,USR-127,"[""PC-PURCHASEREQUISITION-001775"",""PC-INSPECTIONLOT-000275"",""PC-REQUISITIONITEM-001775""]"
PC-PURCHASEREQUISITION-001813,Invoice Received,2023-08-25T03:48:00Z,goods_movement_header,APP-0000023306,USR-125,"[""PC-PURCHASEREQUISITION-001813"",""PC-COSTCENTER-000313"",""PC-SCHEDULELINE-000313""]"
PC-PURCHASEREQUISITION-001794,Payment Proposal Created,2023-08-25T06:39:00Z,payment_run,APP-0000023317,USR-066,"[""PC-PURCHASEREQUISITION-001794"",""PC-ADVANCESHIPPINGNOTICE-000294"",""PC-PAYMENTPROPOSAL-000294""]"
PC-PURCHASEREQUISITION-001780,Payment Reversed,2023-08-25T14:51:00Z,inspection_lot,APP-0000023345,USR-085,"[""PC-PURCHASEREQUISITION-001780"",""PC-INSPECTIONLOT-000280"",""PC-REQUISITIONITEM-001780""]"
PC-PURCHASEREQUISITION-001830,Quality Inspection Passed,2023-08-25T18:06:00Z,goods_movement_header,APP-0000023358,USR-027,"[""PC-PURCHASEREQUISITION-001830"",""PC-INSPECTIONLOT-000330"",""PC-REQUISITIONITEM-001830""]"
PC-PURCHASEREQUISITION-001812,Invoice Changed,2023-08-25T18:50:00Z,accounting_header,APP-0000023373,USR-111,"[""PC-PURCHASEREQUISITION-001812"",""PC-SUPPLIERQUOTATION-001812"",""PC-ADVANCESHIPPINGNOTICE-000312""]"
PC-PURCHASEREQUISITION-001794,Payment Reversed,2023-08-26T00:42:00Z,inspection_lot,APP-0000023393,USR-069,"[""PC-PURCHASEREQUISITION-001794"",""PC-INSPECTIONLOT-000294"",""PC-REQUISITIONITEM-001794""]"
PC-PURCHASEREQUISITION-001798,Payment Proposal Approved,2023-08-26T00:44:00Z,req_header,APP-0000023394,USR-008,"[""PC-PURCHASEREQUISITION-001798"",""PC-GOODSMOVEMENT-000298"",""PC-PAYMENT-000298""]"
PC-PURCHASEREQUISITION-001823,PO Item Delivery Completed,2023-08-26T03:04:00Z,req_header,APP-0000023396,USR-040,"[""PC-PURCHASEREQUISITION-001823"",""PC-PAYMENT-000323"",""PC-PURCHASEORDERITEM-000323""]"
PC-PURCHASEREQUISITION-001833,Quality Inspection Failed,2023-08-26T09:10:00Z,inspection_lot,APP-0000023422,USR-079,"[""PC-PURCHASEREQUISITION-001833"",""PC-INVOICE-000333"",""PC-RFQ-001833""]"
PC-PURCHASEREQUISITION-001790,Goods Receipt Reversed,2023-08-26T20:14:00Z,accounting_header,APP-0000023469,USR-106,"[""PC-PURCHASEREQUISITION-001790"",""PC-ADVANCESHIPPINGNOTICE-000290"",""PC-PAYMENTPROPOSAL-000290""]"
PC-PURCHASEREQUISITION-001795,Supplier Blocked,2023-08-26T21:46:00Z,payment_run,APP-0000023481,USR-089,"[""PC-PURCHASEREQUISITION-001795"",""PC-ACCOUNTINGDOCUMENT-000295"",""PC-CONTRACT-000295""]"
PC-PURCHASEREQUISITION-001820,Three-Way Match Passed,2023-08-27T00:06:00Z,payment_run,APP-0000023485,USR-121,"[""PC-PURCHASEREQUISITION-001820"",""PC-CONTRACT-000320"",""PC-GOODSMOVEMENT-000320""]"
PC-PURCHASEREQUISITION-001823,Invoice Changed,2023-08-27T03:08:00Z,accounting_header,APP-0000023496,USR-044,"[""PC-PURCHASEREQUISITION-001823"",""PC-SUPPLIERQUOTATION-001823"",""PC-ADVANCESHIPPINGNOTICE-000323""]"
PC-PURCHASEREQUISITION-001841,Quality Inspection Passed,2023-08-27T03:17:00Z,goods_movement_header,APP-0000023497,USR-087,"[""PC-PURCHASEREQUISITION-001841"",""PC-INSPECTIONLOT-000341"",""PC-REQUISITIONITEM-001841""]"
PC-PURCHASEREQUISITION-001843,Quality Inspection Started,2023-08-27T03:18:00Z,req_header,APP-0000023498,USR-120,"[""PC-PURCHASEREQUISITION-001843"",""PC-GOODSRECEIPT-000343"",""PC-COSTCENTER-000343""]"
PC-PURCHASEREQUISITION-001805,Payment Executed,2023-08-27T03:52:00Z,goods_movement_header,APP-0000023510,USR-001,"[""PC-PURCHASEREQUISITION-001805"",""PC-GOODSRECEIPT-000305"",""PC-COSTCENTER-000305""]"
PC-PURCHASEREQUISITION-001795,Payment Reversed,2023-08-27T11:51:00Z,inspection_lot,APP-0000023536,USR-086,"[""PC-PURCHASEREQUISITION-001795"",""PC-INSPECTIONLOT-000295"",""PC-REQUISITIONITEM-001795""]"
PC-PURCHASEREQUISITION-001838,Stock Released from Blocked Stock,2023-08-27T12:17:00Z,accounting_header,APP-0000023537,USR-039,"[""PC-PURCHASEREQUISITION-001838"",""PC-ACCOUNTINGDOCUMENT-000338"",""PC-CONTRACT-000338""]"
PC-PURCHASEREQUISITION-001846,Quality Inspection Failed,2023-08-28T00:23:00Z,inspection_lot,APP-0000023584,USR-046,"[""PC-PURCHASEREQUISITION-001846"",""PC-INVOICE-000346"",""PC-RFQ-001846""]"
PC-PURCHASEREQUISITION-001850,Quality Inspection Started,2023-08-28T00:25:00Z,req_header,APP-0000023585,USR-112,"[""PC-PURCHASEREQUISITION-001850"",""PC-GOODSRECEIPT-000350"",""PC-COSTCENTER-000350""]"
PC-PURCHASEREQUISITION-001800,Payment Reversed,2023-08-28T02:51:00Z,inspection_lot,APP-0000023596,USR-044,"[""PC-PURCHASEREQUISITION-001800"",""PC-INSPECTIONLOT-000300"",""PC-REQUISITIONITEM-001800""]"
PC-PURCHASEREQUISITION-001822,Credit Memo Posted,2023-08-28T06:12:00Z,invoice_header,APP-0000023613,USR-032,"[""PC-PURCHASEREQUISITION-001822"",""PC-SUPPLIER-000322"",""PC-INVOICEITEM-000322""]"
PC-PURCHASEREQUISITION-001852,Quality Inspection Passed,2023-08-28T12:28:00Z,goods_movement_header,APP-0000023640,USR-020,"[""PC-PURCHASEREQUISITION-001852"",""PC-INSPECTIONLOT-000352"",""PC-REQUISITIONITEM-001852""]"
PC-PURCHASEREQUISITION-001833,Three-Way Match Passed,2023-08-28T15:19:00Z,payment_run,APP-0000023654,USR-088,"[""PC-PURCHASEREQUISITION-001833"",""PC-CONTRACT-000333"",""PC-GOODSMOVEMENT-000333""]"
PC-PURCHASEREQUISITION-001805,Payment Reversed,2023-08-28T17:51:00Z,inspection_lot,APP-0000023662,USR-002,"[""PC-PURCHASEREQUISITION-001805"",""PC-INSPECTIONLOT-000305"",""PC-REQUISITIONITEM-001805""]"
PC-PURCHASEREQUISITION-001838,Invoice Posted,2023-08-28T18:22:00Z,invoice_header,APP-0000023671,USR-044,"[""PC-PURCHASEREQUISITION-001838"",""PC-RFQ-001838"",""PC-MATERIAL-000338""]"
PC-PURCHASEREQUISITION-001813,Purchase Order Closed,2023-08-28T21:10:00Z,accounting_header,APP-0000023681,USR-013,"[""PC-PURCHASEREQUISITION-001813"",""PC-INVOICEITEM-000313"",""PC-SUPPLIERQUOTATION-001813""]"
PC-PURCHASEREQUISITION-001857,Quality Inspection Started,2023-08-28T21:32:00Z,req_header,APP-0000023682,USR-104,"[""PC-PURCHASEREQUISITION-001857"",""PC-GOODSRECEIPT-000357"",""PC-COSTCENTER-000357""]"
PC-PURCHASEREQUISITION-001834,Three-Way Match Failed,2023-08-29T00:21:00Z,req_header,APP-0000023693,USR-106,"[""PC-PURCHASEREQUISITION-001834"",""PC-PURCHASEORDER-000334"",""PC-GOODSRECEIPT-000334""]"
PC-PURCHASEREQUISITION-001844,Invoice Received,2023-08-29T00:26:00Z,goods_movement_header,APP-0000023694,USR-017,"[""PC-PURCHASEREQUISITION-001844"",""PC-COSTCENTER-000344"",""PC-SCHEDULELINE-000344""]"
PC-PURCHASEREQUISITION-001819,PO Item Final-Invoiced,2023-08-29T09:15:00Z,invoice_header,APP-0000023731,USR-114,"[""PC-PURCHASEREQUISITION-001819"",""PC-INVOICE-000319"",""PC-RFQ-001819""]"
PC-PURCHASEREQUISITION-001859,Quality Inspection Failed,2023-08-29T15:36:00Z,inspection_lot,APP-0000023754,USR-013,"[""PC-PURCHASEREQUISITION-001859"",""PC-INVOICE-000359"",""PC-RFQ-001859""]"
PC-PURCHASEREQUISITION-001818,Supplier Blocked,2023-08-29T18:16:00Z,payment_run,APP-0000023763,USR-099,"[""PC-PURCHASEREQUISITION-001818"",""PC-ACCOUNTINGDOCUMENT-000318"",""PC-CONTRACT-000318""]"
PC-PURCHASEREQUISITION-001852,PO Item Delivery Completed,2023-08-29T18:33:00Z,req_header,APP-0000023765,USR-025,"[""PC-PURCHASEREQUISITION-001852"",""PC-PAYMENT-000352"",""PC-PURCHASEORDERITEM-000352""]"
PC-PURCHASEREQUISITION-001864,Quality Inspection Started,2023-08-29T18:39:00Z,req_header,APP-0000023766,USR-096,"[""PC-PURCHASEREQUISITION-001864"",""PC-GOODSRECEIPT-000364"",""PC-COSTCENTER-000364""]"
PC-PURCHASEREQUISITION-001827,Payment Executed,2023-08-29T21:21:00Z,goods_movement_header,APP-0000023778,USR-121,"[""PC-PURCHASEREQUISITION-001827"",""PC-GOODSRECEIPT-000327"",""PC-COSTCENTER-000327""]"
PC-PURCHASEREQUISITION-001831,Payment Proposal Created,2023-08-29T21:23:00Z,payment_run,APP-0000023779,USR-060,"[""PC-PURCHASEREQUISITION-001831"",""PC-ADVANCESHIPPINGNOTICE-000331"",""PC-PAYMENTPROPOSAL-000331""]"
PC-PURCHASEREQUISITION-001845,Invoice Changed,2023-08-29T21:30:00Z,accounting_header,APP-0000023780,USR-037,"[""PC-PURCHASEREQUISITION-001845"",""PC-SUPPLIERQUOTATION-001845"",""PC-ADVANCESHIPPINGNOTICE-000345""]"
PC-PURCHASEREQUISITION-001857,Stock Released from Blocked Stock,2023-08-29T21:36:00Z,accounting_header,APP-0000023781,USR-108,"[""PC-PURCHASEREQUISITION-001857"",""PC-ACCOUNTINGDOCUMENT-000357"",""PC-CONTRACT-000357""]"
PC-PURCHASEREQUISITION-001863,Quality Inspection Passed,2023-08-29T21:39:00Z,goods_movement_header,APP-0000023782,USR-080,"[""PC-PURCHASEREQUISITION-001863"",""PC-INSPECTIONLOT-000363"",""PC-REQUISITIONITEM-001863""]"
PC-PURCHASEREQUISITION-001815,Goods Receipt Reversed,2023-08-29T23:14:00Z,accounting_header,APP-0000023787,USR-023,"[""PC-PURCHASEREQUISITION-001815"",""PC-ADVANCESHIPPINGNOTICE-000315"",""PC-PAYMENTPROPOSAL-000315""]"
PC-PURCHASEREQUISITION-001846,Three-Way Match Passed,2023-08-30T06:32:00Z,payment_run,APP-0000023820,USR-055,"[""PC-PURCHASEREQUISITION-001846"",""PC-CONTRACT-000346"",""PC-GOODSMOVEMENT-000346""]"
PC-PURCHASEREQUISITION-001821,Supplier Unblocked,2023-08-30T09:20:00Z,req_header,APP-0000023829,USR-024,"[""PC-PURCHASEREQUISITION-001821"",""PC-PAYMENTPROPOSAL-000321"",""PC-PURCHASEORDER-000321""]"
PC-PURCHASEREQUISITION-001852,Invoice Posted,2023-08-30T12:36:00Z,invoice_header,APP-0000023845,USR-028,"[""PC-PURCHASEREQUISITION-001852"",""PC-RFQ-001852"",""PC-MATERIAL-000352""]"
PC-PURCHASEREQUISITION-001820,Payment Reversed,2023-08-30T14:51:00Z,inspection_lot,APP-0000023849,USR-003,"[""PC-PURCHASEREQUISITION-001820"",""PC-INSPECTIONLOT-000320"",""PC-REQUISITIONITEM-001820""]"
PC-PURCHASEREQUISITION-001843,Invoice Unblocked,2023-08-30T15:32:00Z,inspection_lot,APP-0000023860,USR-007,"[""PC-PURCHASEREQUISITION-001843"",""PC-SCHEDULELINE-000343"",""PC-INVOICE-000343""]"
PC-PURCHASEREQUISITION-001871,Quality Inspection Started,2023-08-30T15:46:00Z,req_header,APP-0000023861,USR-088,"[""PC-PURCHASEREQUISITION-001871"",""PC-GOODSRECEIPT-000371"",""PC-COSTCENTER-000371""]"
PC-PURCHASEREQUISITION-001825,Goods Receipt Reversed,2023-08-31T05:14:00Z,accounting_header,APP-0000023906,USR-066,"[""PC-PURCHASEREQUISITION-001825"",""PC-ADVANCESHIPPINGNOTICE-000325"",""PC-PAYMENTPROPOSAL-000325""]"
PC-PURCHASEREQUISITION-001882,Goods Receipt Posted,2023-08-31T06:01:00Z,invoice_header,APP-0000023908,USR-018,"[""PC-PURCHASEREQUISITION-001882"",""PC-MATERIAL-000382"",""PC-ACCOUNTINGDOCUMENT-000382""]"
PC-PURCHASEREQUISITION-001840,Payment Proposal Approved,2023-08-31T06:33:00Z,req_header,APP-0000023922,USR-087,"[""PC-PURCHASEREQUISITION-001840"",""PC-GOODSMOVEMENT-000340"",""PC-PAYMENT-000340""]"
PC-PURCHASEREQUISITION-001856,Invoice Changed,2023-08-31T06:41:00Z,accounting_header,APP-0000023923,USR-097,"[""PC-PURCHASEREQUISITION-001856"",""PC-SUPPLIERQUOTATION-001856"",""PC-ADVANCESHIPPINGNOTICE-000356""]"
PC-PURCHASEREQUISITION-001872,Quality Inspection Failed,2023-08-31T06:49:00Z,inspection_lot,APP-0000023924,USR-107,"[""PC-PURCHASEREQUISITION-001872"",""PC-INVOICE-000372"",""PC-RFQ-001872""]"
PC-PURCHASEREQUISITION-001878,Quality Inspection Started,2023-08-31T12:00:00Z,req_header,APP-0000023936,USR-080,"[""PC-PURCHASEREQUISITION-001878"",""PC-GOODSRECEIPT-000378"",""PC-COSTCENTER-000378""]"
PC-PURCHASEREQUISITION-001836,PO Item Final-Invoiced,2023-08-31T12:32:00Z,invoice_header,APP-0000023947,USR-022,"[""PC-PURCHASEREQUISITION-001836"",""PC-INVOICE-000336"",""PC-RFQ-001836""]"
PC-PURCHASEREQUISITION-001868,Return to Supplier Posted,2023-08-31T12:48:00Z,payment_run,APP-0000023948,USR-042,"[""PC-PURCHASEREQUISITION-001868"",""PC-PAYMENTPROPOSAL-000368"",""PC-PURCHASEORDER-000368""]"
PC-PURCHASEREQUISITION-001830,Goods Receipt Reversed,2023-08-31T20:14:00Z,accounting_header,APP-0000023973,USR-024,"[""PC-PURCHASEREQUISITION-001830"",""PC-ADVANCESHIPPINGNOTICE-000330"",""PC-PAYMENTPROPOSAL-000330""]"
PC-PURCHASEREQUISITION-001859,Three-Way Match Passed,2023-08-31T21:45:00Z,payment_run,APP-0000023985,USR-022,"[""PC-PURCHASEREQUISITION-001859"",""PC-CONTRACT-000359"",""PC-GOODSMOVEMENT-000359""]"
PC-PURCHASEREQUISITION-001847,Payment Proposal Approved,2023-09-01T03:40:00Z,req_header,APP-0000024005,USR-079,"[""PC-PURCHASEREQUISITION-001847"",""PC-GOODSMOVEMENT-000347"",""PC-PAYMENT-000347""]"
PC-PURCHASEREQUISITION-001866,Invoice Posted,2023-09-01T06:50:00Z,invoice_header,APP-0000024018,USR-012,"[""PC-PURCHASEREQUISITION-001866"",""PC-RFQ-001866"",""PC-MATERIAL-000366""]"
PC-PURCHASEREQUISITION-001835,Goods Receipt Reversed,2023-09-01T11:14:00Z,accounting_header,APP-0000024032,USR-109,"[""PC-PURCHASEREQUISITION-001835"",""PC-ADVANCESHIPPINGNOTICE-000335"",""PC-PAYMENTPROPOSAL-000335""]"
PC-PURCHASEREQUISITION-001846,Payment Reversed,2023-09-01T12:41:00Z,inspection_lot,APP-0000024045,USR-064,"[""PC-PURCHASEREQUISITION-001846"",""PC-INSPECTIONLOT-000346"",""PC-REQUISITIONITEM-001846""]"
PC-PURCHASEREQUISITION-001885,Quality Inspection Passed,2023-09-01T15:08:00Z,goods_movement_header,APP-0000024046,USR-073,"[""PC-PURCHASEREQUISITION-001885"",""PC-INSPECTIONLOT-000385"",""PC-REQUISITIONITEM-001885""]"
PC-PURCHASEREQUISITION-001849,Payment Executed,2023-09-01T15:43:00Z,goods_movement_header,APP-0000024060,USR-114,"[""PC-PURCHASEREQUISITION-001849"",""PC-GOODSRECEIPT-000349"",""PC-COSTCENTER-000349""]"
PC-PURCHASEREQUISITION-001875,Invoice Received,2023-09-01T21:04:00Z,goods_movement_header,APP-0000024073,USR-036,"[""PC-PURCHASEREQUISITION-001875"",""PC-COSTCENTER-000375"",""PC-SCHEDULELINE-000375""]"
PC-PURCHASEREQUISITION-001883,Stock Placed in Blocked Stock,2023-09-01T21:08:00Z,invoice_header,APP-0000024074,USR-041,"[""PC-PURCHASEREQUISITION-001883"",""PC-INVOICEITEM-000383"",""PC-SUPPLIERQUOTATION-001883""]"
PC-PURCHASEREQUISITION-001873,Invoice Posted,2023-09-02T03:04:00Z,invoice_header,APP-0000024100,USR-004,"[""PC-PURCHASEREQUISITION-001873"",""PC-RFQ-001873"",""PC-MATERIAL-000373""]"
PC-PURCHASEREQUISITION-001892,Quality Inspection Started,2023-09-02T06:14:00Z,req_header,APP-0000024111,USR-064,"[""PC-PURCHASEREQUISITION-001892"",""PC-GOODSRECEIPT-000392"",""PC-COSTCENTER-000392""]"
PC-PURCHASEREQUISITION-001872,Three-Way Match Passed,2023-09-02T12:05:00Z,payment_run,APP-0000024136,USR-116,"[""PC-PURCHASEREQUISITION-001872"",""PC-CONTRACT-000372"",""PC-GOODSMOVEMENT-000372""]"
PC-PURCHASEREQUISITION-001899,Goods Receipt Reversed,2023-09-02T15:19:00Z,accounting_header,APP-0000024147,USR-054,"[""PC-PURCHASEREQUISITION-001899"",""PC-ADVANCESHIPPINGNOTICE-000399"",""PC-PAYMENTPROPOSAL-000399""]"
PC-PURCHASEREQUISITION-001851,Purchase Order Closed,2023-09-02T15:48:00Z,accounting_header,APP-0000024157,USR-024,"[""PC-PURCHASEREQUISITION-001851"",""PC-INVOICEITEM-000351"",""PC-SUPPLIERQUOTATION-001851""]"
PC-PURCHASEREQUISITION-001845,Payment Reversed,2023-09-02T17:51:00Z,inspection_lot,APP-0000024162,USR-047,"[""PC-PURCHASEREQUISITION-001845"",""PC-INSPECTIONLOT-000345"",""PC-REQUISITIONITEM-001845""]"
PC-PURCHASEREQUISITION-001861,Payment Proposal Approved,2023-09-02T21:01:00Z,req_header,APP-0000024172,USR-063,"[""PC-PURCHASEREQUISITION-001861"",""PC-GOODSMOVEMENT-000361"",""PC-PAYMENT-000361""]"
PC-PURCHASEREQUISITION-001878,Invoice Changed,2023-09-03T00:10:00Z,accounting_header,APP-0000024184,USR-090,"[""PC-PURCHASEREQUISITION-001878"",""PC-SUPPLIERQUOTATION-001878"",""PC-ADVANCESHIPPINGNOTICE-000378""]"
PC-PURCHASEREQUISITION-001896,Quality Inspection Passed,2023-09-03T00:19:00Z,goods_movement_header,APP-0000024186,USR-006,"[""PC-PURCHASEREQUISITION-001896"",""PC-INSPECTIONLOT-000396"",""PC-REQUISITIONITEM-001896""]"
PC-PURCHASEREQUISITION-001850,Supplier Unblocked,2023-09-03T00:49:00Z,req_header,APP-0000024196,USR-009,"[""PC-PURCHASEREQUISITION-001850"",""PC-PAYMENTPROPOSAL-000350"",""PC-PURCHASEORDER-000350""]"
PC-PURCHASEREQUISITION-001859,Payment Reversed,2023-09-03T03:01:00Z,inspection_lot,APP-0000024199,USR-031,"[""PC-PURCHASEREQUISITION-001859"",""PC-INSPECTIONLOT-000359"",""PC-REQUISITIONITEM-001859""]"
PC-PURCHASEREQUISITION-001873,Invoice Blocked,2023-09-03T03:08:00Z,goods_movement_header,APP-0000024200,USR-008,"[""PC-PURCHASEREQUISITION-001873"",""PC-PURCHASEORDERITEM-000373"",""PC-INSPECTIONLOT-000373""]"
PC-PURCHASEREQUISITION-001850,Payment Reversed,2023-09-03T08:51:00Z,inspection_lot,APP-0000024225,USR-005,"[""PC-PURCHASEREQUISITION-001850"",""PC-INSPECTIONLOT-000350"",""PC-REQUISITIONITEM-001850""]"
PC-PURCHASEREQUISITION-001898,Quality Inspection Failed,2023-09-03T12:22:00Z,inspection_lot,APP-0000024241,USR-041,"[""PC-PURCHASEREQUISITION-001898"",""PC-INVOICE-000398"",""PC-RFQ-001898""]"
PC-PURCHASEREQUISITION-001868,Payment Proposal Approved,2023-09-03T18:08:00Z,req_header,APP-0000024265,USR-055,"[""PC-PURCHASEREQUISITION-001868"",""PC-GOODSMOVEMENT-000368"",""PC-PAYMENT-000368""]"
PC-PURCHASEREQUISITION-001855,Payment Reversed,2023-09-03T23:51:00Z,inspection_lot,APP-0000024286,USR-090,"[""PC-PURCHASEREQUISITION-001855"",""PC-INSPECTIONLOT-000355"",""PC-REQUISITIONITEM-001855""]"
PC-PURCHASEREQUISITION-001900,Stock Placed in Blocked Stock,2023-09-04T00:25:00Z,invoice_header,APP-0000024293,USR-076,"[""PC-PURCHASEREQUISITION-001900"",""PC-INVOICEITEM-000400"",""PC-SUPPLIERQUOTATION-001900""]"
PC-PURCHASEREQUISITION-001871,Payment Executed,2023-09-04T09:12:00Z,goods_movement_header,APP-0000024328,USR-107,"[""PC-PURCHASEREQUISITION-001871"",""PC-GOODSRECEIPT-000371"",""PC-COSTCENTER-000371""]"
PC-PURCHASEREQUISITION-001885,Three-Way Match Failed,2023-09-04T09:19:00Z,req_header,APP-0000024329,USR-084,"[""PC-PURCHASEREQUISITION-001885"",""PC-PURCHASEORDER-000385"",""PC-GOODSRECEIPT-000385""]"
PC-PURCHASEREQUISITION-001889,Invoice Changed,2023-09-04T09:21:00Z,accounting_header,APP-0000024330,USR-023,"[""PC-PURCHASEREQUISITION-001889"",""PC-SUPPLIERQUOTATION-001889"",""PC-ADVANCESHIPPINGNOTICE-000389""]"
PC-PURCHASEREQUISITION-001864,Supplier Blocked,2023-09-04T12:09:00Z,payment_run,APP-0000024343,USR-119,"[""PC-PURCHASEREQUISITION-001864"",""PC-ACCOUNTINGDOCUMENT-000364"",""PC-CONTRACT-000364""]"
PC-PURCHASEREQUISITION-001880,Credit Memo Posted,2023-09-04T12:17:00Z,invoice_header,APP-0000024345,USR-002,"[""PC-PURCHASEREQUISITION-001880"",""PC-SUPPLIER-000380"",""PC-INVOICEITEM-000380""]"
PC-PURCHASEREQUISITION-001870,PO Item Final-Invoiced,2023-09-04T18:13:00Z,invoice_header,APP-0000024372,USR-092,"[""PC-PURCHASEREQUISITION-001870"",""PC-INVOICE-000370"",""PC-RFQ-001870""]"
PC-PURCHASEREQUISITION-001872,Payment Reversed,2023-09-04T18:14:00Z,inspection_lot,APP-0000024373,USR-125,"[""PC-PURCHASEREQUISITION-001872"",""PC-INSPECTIONLOT-000372"",""PC-REQUISITIONITEM-001872""]"
PC-PURCHASEREQUISITION-001894,Invoice Posted,2023-09-04T18:25:00Z,invoice_header,APP-0000024374,USR-107,"[""PC-PURCHASEREQUISITION-001894"",""PC-RFQ-001894"",""PC-MATERIAL-000394""]"
PC-PURCHASEREQUISITION-001882,Accounting Document Created,2023-09-05T00:20:00Z,accounting_header,APP-0000024395,USR-037,"[""PC-PURCHASEREQUISITION-001882"",""PC-MATERIAL-000382"",""PC-ACCOUNTINGDOCUMENT-000382""]"
PC-PURCHASEREQUISITION-001865,Payment Reversed,2023-09-05T05:51:00Z,inspection_lot,APP-0000024413,USR-006,"[""PC-PURCHASEREQUISITION-001865"",""PC-INSPECTIONLOT-000365"",""PC-REQUISITIONITEM-001865""]"
PC-PURCHASEREQUISITION-001889,Invoice Unblocked,2023-09-05T09:25:00Z,inspection_lot,APP-0000024433,USR-027,"[""PC-PURCHASEREQUISITION-001889"",""PC-SCHEDULELINE-000389"",""PC-INVOICE-000389""]"
PC-PURCHASEREQUISITION-001882,Payment Executed,2023-09-05T18:23:00Z,goods_movement_header,APP-0000024467,USR-040,"[""PC-PURCHASEREQUISITION-001882"",""PC-GOODSRECEIPT-000382"",""PC-COSTCENTER-000382""]"
PC-PURCHASEREQUISITION-001898,Three-Way Match Passed,2023-09-05T18:31:00Z,payment_run,APP-0000024468,USR-050,"[""PC-PURCHASEREQUISITION-001898"",""PC-CONTRACT-000398"",""PC-GOODSMOVEMENT-000398""]"
PC-PURCHASEREQUISITION-001906,Invoice Received,2023-09-05T18:35:00Z,goods_movement_header,APP-0000024470,USR-055,"[""PC-PURCHASEREQUISITION-001906"",""PC-COSTCENTER-000406"",""PC-SCHEDULELINE-000406""]"
PC-PURCHASEREQUISITION-001918,Quality Inspection Passed,2023-09-05T18:41:00Z,goods_movement_header,APP-0000024471,USR-126,"[""PC-PURCHASEREQUISITION-001918"",""PC-INSPECTIONLOT-000418"",""PC-REQUISITIONITEM-001918""]"
PC-PURCHASEREQUISITION-001920,Quality Inspection Started,2023-09-05T18:42:00Z,req_header,APP-0000024472,USR-032,"[""PC-PURCHASEREQUISITION-001920"",""PC-GOODSRECEIPT-000420"",""PC-COSTCENTER-000420""]"
PC-PURCHASEREQUISITION-001870,Payment Reversed,2023-09-05T20:51:00Z,inspection_lot,APP-0000024478,USR-091,"[""PC-PURCHASEREQUISITION-001870"",""PC-INSPECTIONLOT-000370"",""PC-REQUISITIONITEM-001870""]"
PC-PURCHASEREQUISITION-001914,Stock Released from Blocked Stock,2023-09-06T00:40:00Z,accounting_header,APP-0000024500,USR-061,"[""PC-PURCHASEREQUISITION-001914"",""PC-ACCOUNTINGDOCUMENT-000414"",""PC-CONTRACT-000414""]"
PC-PURCHASEREQUISITION-001889,Payment Proposal Approved,2023-09-06T09:29:00Z,req_header,APP-0000024532,USR-031,"[""PC-PURCHASEREQUISITION-001889"",""PC-GOODSMOVEMENT-000389"",""PC-PAYMENT-000389""]"
PC-PURCHASEREQUISITION-001875,Goods Receipt Reversed,2023-09-06T11:14:00Z,accounting_header,APP-0000024535,USR-027,"[""PC-PURCHASEREQUISITION-001875"",""PC-ADVANCESHIPPINGNOTICE-000375"",""PC-PAYMENTPROPOSAL-000375""]"
PC-PURCHASEREQUISITION-001911,Invoice Parked,2023-09-06T15:41:00Z,inspection_lot,APP-0000024560,USR-014,"[""PC-PURCHASEREQUISITION-001911"",""PC-REQUISITIONITEM-001911"",""PC-SUPPLIER-000411""]"
PC-PURCHASEREQUISITION-001887,PO Item Final-Invoiced,2023-09-06T21:30:00Z,invoice_header,APP-0000024583,USR-127,"[""PC-PURCHASEREQUISITION-001887"",""PC-INVOICE-000387"",""PC-RFQ-001887""]"
PC-PURCHASEREQUISITION-001880,Goods Receipt Reversed,2023-09-07T02:14:00Z,accounting_header,APP-0000024596,USR-112,"[""PC-PURCHASEREQUISITION-001880"",""PC-ADVANCESHIPPINGNOTICE-000380"",""PC-PAYMENTPROPOSAL-000380""]"
PC-PURCHASEREQUISITION-001893,Payment Executed,2023-09-07T03:34:00Z,goods_movement_header,APP-0000024611,USR-100,"[""PC-PURCHASEREQUISITION-001893"",""PC-GOODSRECEIPT-000393"",""PC-COSTCENTER-000393""]"
PC-PURCHASEREQUISITION-001889,Purchase Order Closed,2023-09-07T09:33:00Z,accounting_header,APP-0000024635,USR-035,"[""PC-PURCHASEREQUISITION-001889"",""PC-INVOICEITEM-000389"",""PC-SUPPLIERQUOTATION-001889""]"
PC-PURCHASEREQUISITION-001911,Three-Way Match Passed,2023-09-07T09:44:00Z,payment_run,APP-0000024636,USR-017,"[""PC-PURCHASEREQUISITION-001911"",""PC-CONTRACT-000411"",""PC-GOODSMOVEMENT-000411""]"
PC-PURCHASEREQUISITION-001934,Quality Inspection Started,2023-09-07T12:03:00Z,req_header,APP-0000024638,USR-016,"[""PC-PURCHASEREQUISITION-001934"",""PC-GOODSRECEIPT-000434"",""PC-COSTCENTER-000434""]"
PC-PURCHASEREQUISITION-001885,Goods Receipt Reversed,2023-09-07T17:14:00Z,accounting_header,APP-0000024662,USR-070,"[""PC-PURCHASEREQUISITION-001885"",""PC-ADVANCESHIPPINGNOTICE-000385"",""PC-PAYMENTPROPOSAL-000385""]"
PC-PURCHASEREQUISITION-001898,Payment Reversed,2023-09-08T00:40:00Z,inspection_lot,APP-0000024696,USR-059,"[""PC-PURCHASEREQUISITION-001898"",""PC-INSPECTIONLOT-000398"",""PC-REQUISITIONITEM-001898""]"
PC-PURCHASEREQUISITION-001905,Payment Proposal Created,2023-09-08T03:44:00Z,payment_run,APP-0000024707,USR-048,"[""PC-PURCHASEREQUISITION-001905"",""PC-ADVANCESHIPPINGNOTICE-000405"",""PC-PAYMENTPROPOSAL-000405""]"
PC-PURCHASEREQUISITION-001909,Credit Memo Posted,2023-09-08T03:46:00Z,invoice_header,APP-0000024708,USR-114,"[""PC-PURCHASEREQUISITION-001909"",""PC-SUPPLIER-000409"",""PC-INVOICEITEM-000409""]"
PC-PURCHASEREQUISITION-001890,Goods Receipt Reversed,2023-09-08T08:14:00Z,accounting_header,APP-0000024724,USR-028,"[""PC-PURCHASEREQUISITION-001890"",""PC-ADVANCESHIPPINGNOTICE-000390"",""PC-PAYMENTPROPOSAL-000390""]"
PC-PURCHASEREQUISITION-001922,Invoice Changed,2023-09-08T12:01:00Z,accounting_header,APP-0000024738,USR-076,"[""PC-PURCHASEREQUISITION-001922"",""PC-SUPPLIERQUOTATION-001922"",""PC-ADVANCESHIPPINGNOTICE-000422""]"
PC-PURCHASEREQUISITION-001904,Payment Executed,2023-09-08T12:45:00Z,goods_movement_header,APP-0000024752,USR-033,"[""PC-PURCHASEREQUISITION-001904"",""PC-GOODSRECEIPT-000404"",""PC-COSTCENTER-000404""]"
PC-PURCHASEREQUISITION-001919,Three-Way Match Failed,2023-09-08T15:00:00Z,req_header,APP-0000024753,USR-027,"[""PC-PURCHASEREQUISITION-001919"",""PC-PURCHASEORDER-000419"",""PC-GOODSRECEIPT-000419""]"
PC-PURCHASEREQUISITION-001913,Accounting Document Created,2023-09-08T21:51:00Z,accounting_header,APP-0000024784,USR-056,"[""PC-PURCHASEREQUISITION-001913"",""PC-MATERIAL-000413"",""PC-ACCOUNTINGDOCUMENT-000413""]"
PC-PURCHASEREQUISITION-001895,Goods Receipt Reversed,2023-09-08T23:14:00Z,accounting_header,APP-0000024787,USR-113,"[""PC-PURCHASEREQUISITION-001895"",""PC-ADVANCESHIPPINGNOTICE-000395"",""PC-PAYMENTPROPOSAL-000395""]"
PC-PURCHASEREQUISITION-001910,Payment Proposal Approved,2023-09-09T00:50:00Z,req_header,APP-0000024801,USR-007,"[""PC-PURCHASEREQUISITION-001910"",""PC-GOODSMOVEMENT-000410"",""PC-PAYMENT-000410""]"
PC-PURCHASEREQUISITION-001900,Goods Receipt Reversed,2023-09-09T14:14:00Z,accounting_header,APP-0000024847,USR-071,"[""PC-PURCHASEREQUISITION-001900"",""PC-ADVANCESHIPPINGNOTICE-000400"",""PC-PAYMENTPROPOSAL-000400""]"
PC-PURCHASEREQUISITION-001937,Invoice Received,2023-09-09T15:13:00Z,goods_movement_header,APP-0000024850,USR-074,"[""PC-PURCHASEREQUISITION-001937"",""PC-COSTCENTER-000437"",""PC-SCHEDULELINE-000437""]"
PC-PURCHASEREQUISITION-001954,Partial Receipt Posted,2023-09-09T18:22:00Z,payment_run,APP-0000024862,USR-101,"[""PC-PURCHASEREQUISITION-001954"",""PC-GOODSMOVEMENT-000454"",""PC-PAYMENT-000454""]"
PC-PURCHASEREQUISITION-001908,Purchase Order Closed,2023-09-09T18:52:00Z,accounting_header,APP-0000024872,USR-104,"[""PC-PURCHASEREQUISITION-001908"",""PC-INVOICEITEM-000408"",""PC-SUPPLIERQUOTATION-001908""]"
PC-PURCHASEREQUISITION-001917,Payment Proposal Approved,2023-09-09T21:04:00Z,req_header,APP-0000024874,USR-126,"[""PC-PURCHASEREQUISITION-001917"",""PC-GOODSMOVEMENT-000417"",""PC-PAYMENT-000417""]"
PC-PURCHASEREQUISITION-001936,Invoice Posted,2023-09-10T00:14:00Z,invoice_header,APP-0000024889,USR-059,"[""PC-PURCHASEREQUISITION-001936"",""PC-RFQ-001936"",""PC-MATERIAL-000436""]"
PC-PURCHASEREQUISITION-001950,Quality Inspection Failed,2023-09-10T00:21:00Z,inspection_lot,APP-0000024890,USR-036,"[""PC-PURCHASEREQUISITION-001950"",""PC-INVOICE-000450"",""PC-RFQ-001950""]"
PC-PURCHASEREQUISITION-001930,Invoice Blocked,2023-09-10T06:12:00Z,goods_movement_header,APP-0000024920,USR-088,"[""PC-PURCHASEREQUISITION-001930"",""PC-PURCHASEORDERITEM-000430"",""PC-INSPECTIONLOT-000430""]"
PC-PURCHASEREQUISITION-001951,Stock Placed in Blocked Stock,2023-09-10T09:23:00Z,invoice_header,APP-0000024932,USR-054,"[""PC-PURCHASEREQUISITION-001951"",""PC-INVOICEITEM-000451"",""PC-SUPPLIERQUOTATION-001951""]"
PC-PURCHASEREQUISITION-001961,Goods Receipt Reversed,2023-09-10T09:28:00Z,accounting_header,APP-0000024933,USR-092,"[""PC-PURCHASEREQUISITION-001961"",""PC-ADVANCESHIPPINGNOTICE-000461"",""PC-PAYMENTPROPOSAL-000461""]"
PC-PURCHASEREQUISITION-001937,Three-Way Match Passed,2023-09-10T15:17:00Z,payment_run,APP-0000024956,USR-078,"[""PC-PURCHASEREQUISITION-001937"",""PC-CONTRACT-000437"",""PC-GOODSMOVEMENT-000437""]"
PC-PURCHASEREQUISITION-001924,Payment Proposal Approved,2023-09-10T18:11:00Z,req_header,APP-0000024967,USR-118,"[""PC-PURCHASEREQUISITION-001924"",""PC-GOODSMOVEMENT-000424"",""PC-PAYMENT-000424""]"
PC-PURCHASEREQUISITION-001936,Three-Way Match Failed,2023-09-10T18:17:00Z,req_header,APP-0000024968,USR-062,"[""PC-PURCHASEREQUISITION-001936"",""PC-PURCHASEORDER-000436"",""PC-GOODSRECEIPT-000436""]"
PC-PURCHASEREQUISITION-001952,Stock Released from Blocked Stock,2023-09-10T18:25:00Z,accounting_header,APP-0000024969,USR-072,"[""PC-PURCHASEREQUISITION-001952"",""PC-ACCOUNTINGDOCUMENT-000452"",""PC-CONTRACT-000452""]"
PC-PURCHASEREQUISITION-001910,Goods Receipt Reversed,2023-09-10T20:14:00Z,accounting_header,APP-0000024974,USR-114,"[""PC-PURCHASEREQUISITION-001910"",""PC-ADVANCESHIPPINGNOTICE-000410"",""PC-PAYMENTPROPOSAL-000410""]"
PC-PURCHASEREQUISITION-001921,PO Item Final-Invoiced,2023-09-11T03:11:00Z,invoice_header,APP-0000025006,USR-070,"[""PC-PURCHASEREQUISITION-001921"",""PC-INVOICE-000421"",""PC-RFQ-001921""]"
PC-PURCHASEREQUISITION-001935,Invoice Unblocked,2023-09-11T03:18:00Z,inspection_lot,APP-0000025007,USR-047,"[""PC-PURCHASEREQUISITION-001935"",""PC-SCHEDULELINE-000435"",""PC-INVOICE-000435""]"
PC-PURCHASEREQUISITION-001944,Invoice Changed,2023-09-11T06:23:00Z,accounting_header,APP-0000025023,USR-069,"[""PC-PURCHASEREQUISITION-001944"",""PC-SUPPLIERQUOTATION-001944"",""PC-ADVANCESHIPPINGNOTICE-000444""]"
PC-PURCHASEREQUISITION-001962,Quality Inspection Passed,2023-09-11T06:32:00Z,goods_movement_header,APP-0000025025,USR-112,"[""PC-PURCHASEREQUISITION-001962"",""PC-INSPECTIONLOT-000462"",""PC-REQUISITIONITEM-001962""]"
PC-PURCHASEREQUISITION-001915,Goods Receipt Reversed,2023-09-11T11:14:00Z,accounting_header,APP-0000025041,USR-072,"[""PC-PURCHASEREQUISITION-001915"",""PC-ADVANCESHIPPINGNOTICE-000415"",""PC-PAYMENTPROPOSAL-000415""]"
PC-PURCHASEREQUISITION-001969,Quality Inspection Started,2023-09-11T21:38:00Z,req_header,APP-0000025085,USR-103,"[""PC-PURCHASEREQUISITION-001969"",""PC-GOODSRECEIPT-000469"",""PC-COSTCENTER-000469""]"
PC-PURCHASEREQUISITION-001920,Goods Receipt Reversed,2023-09-12T02:14:00Z,accounting_header,APP-0000025100,USR-030,"[""PC-PURCHASEREQUISITION-001920"",""PC-ADVANCESHIPPINGNOTICE-000420"",""PC-PAYMENTPROPOSAL-000420""]"
PC-PURCHASEREQUISITION-001927,Purchase Order Closed,2023-09-12T03:18:00Z,accounting_header,APP-0000025112,USR-046,"[""PC-PURCHASEREQUISITION-001927"",""PC-INVOICEITEM-000427"",""PC-SUPPLIERQUOTATION-001927""]"
PC-PURCHASEREQUISITION-001950,Three-Way Match Passed,2023-09-12T06:30:00Z,payment_run,APP-0000025123,USR-045,"[""PC-PURCHASEREQUISITION-001950"",""PC-CONTRACT-000450"",""PC-GOODSMOVEMENT-000450""]"
PC-PURCHASEREQUISITION-001938,Payment Proposal Approved,2023-09-12T12:25:00Z,req_header,APP-0000025142,USR-102,"[""PC-PURCHASEREQUISITION-001938"",""PC-GOODSMOVEMENT-000438"",""PC-PAYMENT-000438""]"
PC-PURCHASEREQUISITION-001973,Quality Inspection Passed,2023-09-12T15:43:00Z,goods_movement_header,APP-0000025159,USR-045,"[""PC-PURCHASEREQUISITION-001973"",""PC-INSPECTIONLOT-000473"",""PC-REQUISITIONITEM-001973""]"
PC-PURCHASEREQUISITION-001925,Goods Receipt Reversed,2023-09-12T17:14:00Z,accounting_header,APP-0000025164,USR-115,"[""PC-PURCHASEREQUISITION-001925"",""PC-ADVANCESHIPPINGNOTICE-000425"",""PC-PAYMENTPROPOSAL-000425""]"
PC-PURCHASEREQUISITION-001942,Payment Proposal Created,2023-09-12T18:28:00Z,payment_run,APP-0000025175,USR-042,"[""PC-PURCHASEREQUISITION-001942"",""PC-ADVANCESHIPPINGNOTICE-000442"",""PC-PAYMENTPROPOSAL-000442""]"
PC-PURCHASEREQUISITION-001937,Payment Reversed,2023-09-12T21:26:00Z,inspection_lot,APP-0000025189,USR-087,"[""PC-PURCHASEREQUISITION-001937"",""PC-INSPECTIONLOT-000437"",""PC-REQUISITIONITEM-001937""]"
PC-PURCHASEREQUISITION-001953,Three-Way Match Failed,2023-09-12T21:34:00Z,req_header,APP-0000025190,USR-097,"[""PC-PURCHASEREQUISITION-001953"",""PC-PURCHASEORDER-000453"",""PC-GOODSRECEIPT-000453""]"
PC-PURCHASEREQUISITION-001971,Stock Released from Blocked Stock,2023-09-13T03:44:00Z,accounting_header,APP-0000025212,USR-014,"[""PC-PURCHASEREQUISITION-001971"",""PC-ACCOUNTINGDOCUMENT-000471"",""PC-CONTRACT-000471""]"
PC-PURCHASEREQUISITION-001938,PO Item Final-Invoiced,2023-09-13T06:28:00Z,invoice_header,APP-0000025222,USR-105,"[""PC-PURCHASEREQUISITION-001938"",""PC-INVOICE-000438"",""PC-RFQ-001938""]"
PC-PURCHASEREQUISITION-001976,Quality Inspection Failed,2023-09-13T06:47:00Z,inspection_lot,APP-0000025224,USR-097,"[""PC-PURCHASEREQUISITION-001976"",""PC-INVOICE-000476"",""PC-RFQ-001976""]"
PC-PURCHASEREQUISITION-001930,Payment Reversed,2023-09-13T08:51:00Z,inspection_lot,APP-0000025228,USR-095,"[""PC-PURCHASEREQUISITION-001930"",""PC-INSPECTIONLOT-000430"",""PC-REQUISITIONITEM-001930""]"
PC-PURCHASEREQUISITION-001945,Payment Proposal Approved,2023-09-13T09:32:00Z,req_header,APP-0000025238,USR-094,"[""PC-PURCHASEREQUISITION-001945"",""PC-GOODSMOVEMENT-000445"",""PC-PAYMENT-000445""]"
PC-PURCHASEREQUISITION-001964,Invoice Posted,2023-09-13T12:42:00Z,invoice_header,APP-0000025248,USR-027,"[""PC-PURCHASEREQUISITION-001964"",""PC-RFQ-001964"",""PC-MATERIAL-000464""]"
PC-PURCHASEREQUISITION-001968,Invoice Received,2023-09-13T12:44:00Z,goods_movement_header,APP-0000025249,USR-093,"[""PC-PURCHASEREQUISITION-001968"",""PC-COSTCENTER-000468"",""PC-SCHEDULELINE-000468""]"
PC-PURCHASEREQUISITION-001937,Supplier Unblocked,2023-09-13T21:30:00Z,req_header,APP-0000025282,USR-091,"[""PC-PURCHASEREQUISITION-001937"",""PC-PAYMENTPROPOSAL-000437"",""PC-PURCHASEORDER-000437""]"
PC-PURCHASEREQUISITION-001935,Payment Reversed,2023-09-13T23:51:00Z,inspection_lot,APP-0000025289,USR-053,"[""PC-PURCHASEREQUISITION-001935"",""PC-INSPECTIONLOT-000435"",""PC-REQUISITIONITEM-001935""]"
PC-PURCHASEREQUISITION-001958,Invoice Unblocked,2023-09-14T00:41:00Z,inspection_lot,APP-0000025303,USR-057,"[""PC-PURCHASEREQUISITION-001958"",""PC-SCHEDULELINE-000458"",""PC-INVOICE-000458""]"
PC-PURCHASEREQUISITION-001992,Goods Receipt Reversed,2023-09-14T06:06:00Z,accounting_header,APP-0000025315,USR-111,"[""PC-PURCHASEREQUISITION-001992"",""PC-ADVANCESHIPPINGNOTICE-000492"",""PC-PAYMENTPROPOSAL-000492""]"
PC-PURCHASEREQUISITION-001952,Payment Proposal Approved,2023-09-14T06:39:00Z,req_header,APP-0000025327,USR-086,"[""PC-PURCHASEREQUISITION-001952"",""PC-GOODSMOVEMENT-000452"",""PC-PAYMENT-000452""]"
PC-PURCHASEREQUISITION-001950,Payment Reversed,2023-09-14T12:39:00Z,inspection_lot,APP-0000025350,USR-054,"[""PC-PURCHASEREQUISITION-001950"",""PC-INSPECTIONLOT-000450"",""PC-REQUISITIONITEM-001950""]"
PC-PURCHASEREQUISITION-001989,Quality Inspection Failed,2023-09-14T21:07:00Z,inspection_lot,APP-0000025378,USR-064,"[""PC-PURCHASEREQUISITION-001989"",""PC-INVOICE-000489"",""PC-RFQ-001989""]"
PC-PURCHASEREQUISITION-001945,Payment Reversed,2023-09-15T05:51:00Z,inspection_lot,APP-0000025413,USR-096,"[""PC-PURCHASEREQUISITION-001945"",""PC-INSPECTIONLOT-000445"",""PC-REQUISITIONITEM-001945""]"
PC-PURCHASEREQUISITION-001978,Invoice Posted,2023-09-15T06:03:00Z,invoice_header,APP-0000025414,USR-011,"[""PC-PURCHASEREQUISITION-001978"",""PC-RFQ-001978"",""PC-MATERIAL-000478""]"
PC-PURCHASEREQUISITION-001955,PO Item Final-Invoiced,2023-09-15T09:45:00Z,invoice_header,APP-0000025439,USR-013,"[""PC-PURCHASEREQUISITION-001955"",""PC-INVOICE-000455"",""PC-RFQ-001955""]"
PC-PURCHASEREQUISITION-001959,Payment Executed,2023-09-15T09:47:00Z,goods_movement_header,APP-0000025440,USR-079,"[""PC-PURCHASEREQUISITION-001959"",""PC-GOODSRECEIPT-000459"",""PC-COSTCENTER-000459""]"
PC-PURCHASEREQUISITION-001967,Credit Memo Posted,2023-09-15T09:51:00Z,invoice_header,APP-0000025441,USR-084,"[""PC-PURCHASEREQUISITION-001967"",""PC-SUPPLIER-000467"",""PC-INVOICEITEM-000467""]"
PC-PURCHASEREQUISITION-001976,Three-Way Match Passed,2023-09-15T12:03:00Z,payment_run,APP-0000025442,USR-106,"[""PC-PURCHASEREQUISITION-001976"",""PC-CONTRACT-000476"",""PC-GOODSMOVEMENT-000476""]"
PC-PURCHASEREQUISITION-001950,Payment Reversed,2023-09-15T20:51:00Z,inspection_lot,APP-0000025477,USR-054,"[""PC-PURCHASEREQUISITION-001950"",""PC-INSPECTIONLOT-000450"",""PC-REQUISITIONITEM-001950""]"
PC-PURCHASEREQUISITION-001985,Invoice Parked,2023-09-15T21:09:00Z,inspection_lot,APP-0000025478,USR-002,"[""PC-PURCHASEREQUISITION-001985"",""PC-REQUISITIONITEM-001985"",""PC-SUPPLIER-000485""]"
PC-PURCHASEREQUISITION-001956,Supplier Blocked,2023-09-16T00:48:00Z,payment_run,APP-0000025500,USR-032,"[""PC-PURCHASEREQUISITION-001956"",""PC-ACCOUNTINGDOCUMENT-000456"",""PC-CONTRACT-000456""]"
PC-PURCHASEREQUISITION-001955,Goods Receipt Reversed,2023-09-16T11:14:00Z,accounting_header,APP-0000025537,USR-117,"[""PC-PURCHASEREQUISITION-001955"",""PC-ADVANCESHIPPINGNOTICE-000455"",""PC-PAYMENTPROPOSAL-000455""]"
PC-PURCHASEREQUISITION-002002,Quality Inspection Failed,2023-09-16T12:20:00Z,inspection_lot,APP-0000025539,USR-031,"[""PC-PURCHASEREQUISITION-002002"",""PC-INVOICE-000002"",""PC-RFQ-002002""]"
PC-PURCHASEREQUISITION-002006,Quality Inspection Passed,2023-09-16T18:23:00Z,goods_movement_header,APP-0000025567,USR-098,"[""PC-PURCHASEREQUISITION-002006"",""PC-INSPECTIONLOT-000006"",""PC-REQUISITIONITEM-002006""]"
PC-PURCHASEREQUISITION-001965,Purchase Order Closed,2023-09-16T21:03:00Z,accounting_header,APP-0000025580,USR-057,"[""PC-PURCHASEREQUISITION-001965"",""PC-INVOICEITEM-000465"",""PC-SUPPLIERQUOTATION-001965""]"
PC-PURCHASEREQUISITION-001981,Invoice Unblocked,2023-09-16T21:11:00Z,inspection_lot,APP-0000025582,USR-067,"[""PC-PURCHASEREQUISITION-001981"",""PC-SCHEDULELINE-000481"",""PC-INVOICE-000481""]"
PC-PURCHASEREQUISITION-001997,PO Item Delivery Completed,2023-09-16T21:19:00Z,req_header,APP-0000025583,USR-077,"[""PC-PURCHASEREQUISITION-001997"",""PC-PAYMENT-000497"",""PC-PURCHASEORDERITEM-000497""]"
PC-PURCHASEREQUISITION-001960,Goods Receipt Reversed,2023-09-17T02:14:00Z,accounting_header,APP-0000025603,USR-075,"[""PC-PURCHASEREQUISITION-001960"",""PC-ADVANCESHIPPINGNOTICE-000460"",""PC-PAYMENTPROPOSAL-000460""]"
PC-PURCHASEREQUISITION-001987,Three-Way Match Failed,2023-09-17T03:15:00Z,req_header,APP-0000025610,USR-040,"[""PC-PURCHASEREQUISITION-001987"",""PC-PURCHASEORDER-000487"",""PC-GOODSRECEIPT-000487""]"
PC-PURCHASEREQUISITION-001989,Three-Way Match Passed,2023-09-17T03:16:00Z,payment_run,APP-0000025611,USR-073,"[""PC-PURCHASEREQUISITION-001989"",""PC-CONTRACT-000489"",""PC-GOODSMOVEMENT-000489""]"
PC-PURCHASEREQUISITION-001979,Payment Proposal Created,2023-09-17T09:12:00Z,payment_run,APP-0000025633,USR-036,"[""PC-PURCHASEREQUISITION-001979"",""PC-ADVANCESHIPPINGNOTICE-000479"",""PC-PAYMENTPROPOSAL-000479""]"
PC-PURCHASEREQUISITION-001999,Invoice Received,2023-09-17T09:22:00Z,goods_movement_header,APP-0000025635,USR-112,"[""PC-PURCHASEREQUISITION-001999"",""PC-COSTCENTER-000499"",""PC-SCHEDULELINE-000499""]"
PC-PURCHASEREQUISITION-001972,PO Item Final-Invoiced,2023-09-17T12:09:00Z,invoice_header,APP-0000025648,USR-048,"[""PC-PURCHASEREQUISITION-001972"",""PC-INVOICE-000472"",""PC-RFQ-001972""]"
PC-PURCHASEREQUISITION-001976,Payment Reversed,2023-09-17T18:12:00Z,inspection_lot,APP-0000025674,USR-115,"[""PC-PURCHASEREQUISITION-001976"",""PC-INSPECTIONLOT-000476"",""PC-REQUISITIONITEM-001976""]"
PC-PURCHASEREQUISITION-002006,Return to Supplier Posted,2023-09-17T18:27:00Z,payment_run,APP-0000025676,USR-102,"[""PC-PURCHASEREQUISITION-002006"",""PC-PAYMENTPROPOSAL-000006"",""PC-PURCHASEORDER-000006""]"
PC-PURCHASEREQUISITION-002009,Stock Released from Blocked Stock,2023-09-17T21:29:00Z,accounting_header,APP-0000025687,USR-025,"[""PC-PURCHASEREQUISITION-002009"",""PC-ACCOUNTINGDOCUMENT-000009"",""PC-CONTRACT-000009""]"
PC-PURCHASEREQUISITION-001981,Payment Executed,2023-09-18T03:16:00Z,goods_movement_header,APP-0000025708,USR-072,"[""PC-PURCHASEREQUISITION-001981"",""PC-GOODSRECEIPT-000481"",""PC-COSTCENTER-000481""]"
PC-PURCHASEREQUISITION-001999,Invoice Changed,2023-09-18T03:25:00Z,accounting_header,APP-0000025709,USR-115,"[""PC-PURCHASEREQUISITION-001999"",""PC-SUPPLIERQUOTATION-001999"",""PC-ADVANCESHIPPINGNOTICE-000499""]"
PC-PURCHASEREQUISITION-002015,Quality Inspection Failed,2023-09-18T03:33:00Z,inspection_lot,APP-0000025710,USR-125,"[""PC-PURCHASEREQUISITION-002015"",""PC-INVOICE-000015"",""PC-RFQ-002015""]"
PC-PURCHASEREQUISITION-002023,Goods Receipt Reversed,2023-09-18T03:37:00Z,accounting_header,APP-0000025712,USR-003,"[""PC-PURCHASEREQUISITION-002023"",""PC-ADVANCESHIPPINGNOTICE-000023"",""PC-PAYMENTPROPOSAL-000023""]"
PC-PURCHASEREQUISITION-002027,Goods Receipt Posted,2023-09-18T09:40:00Z,invoice_header,APP-0000025740,USR-070,"[""PC-PURCHASEREQUISITION-002027"",""PC-MATERIAL-000027"",""PC-ACCOUNTINGDOCUMENT-000027""]"
PC-PURCHASEREQUISITION-002006,Invoice Posted,2023-09-18T18:31:00Z,invoice_header,APP-0000025774,USR-106,"[""PC-PURCHASEREQUISITION-002006"",""PC-RFQ-002006"",""PC-MATERIAL-000006""]"
PC-PURCHASEREQUISITION-002019,Stock Placed in Blocked Stock,2023-09-18T21:38:00Z,invoice_header,APP-0000025786,USR-067,"[""PC-PURCHASEREQUISITION-002019"",""PC-INVOICEITEM-000019"",""PC-SUPPLIERQUOTATION-002019""]"
PC-PURCHASEREQUISITION-002025,Quality Inspection Started,2023-09-18T21:41:00Z,req_header,APP-0000025787,USR-039,"[""PC-PURCHASEREQUISITION-002025"",""PC-GOODSRECEIPT-000025"",""PC-COSTCENTER-000025""]"
PC-PURCHASEREQUISITION-001975,Payment Reversed,2023-09-18T23:51:00Z,inspection_lot,APP-0000025792,USR-098,"[""PC-PURCHASEREQUISITION-001975"",""PC-INSPECTIONLOT-000475"",""PC-REQUISITIONITEM-001975""]"
PC-PURCHASEREQUISITION-001984,Purchase Order Closed,2023-09-19T06:22:00Z,accounting_header,APP-0000025825,USR-126,"[""PC-PURCHASEREQUISITION-001984"",""PC-INVOICEITEM-000484"",""PC-SUPPLIERQUOTATION-001984""]"
PC-PURCHASEREQUISITION-001989,Payment Reversed,2023-09-19T09:25:00Z,inspection_lot,APP-0000025836,USR-082,"[""PC-PURCHASEREQUISITION-001989"",""PC-INSPECTIONLOT-000489"",""PC-REQUISITIONITEM-001989""]"
PC-PURCHASEREQUISITION-002028,Quality Inspection Passed,2023-09-19T12:45:00Z,goods_movement_header,APP-0000025852,USR-091,"[""PC-PURCHASEREQUISITION-002028"",""PC-INSPECTIONLOT-000028"",""PC-REQUISITIONITEM-002028""]"
PC-PURCHASEREQUISITION-001980,Goods Receipt Reversed,2023-09-19T14:14:00Z,accounting_header,APP-0000025855,USR-034,"[""PC-PURCHASEREQUISITION-001980"",""PC-ADVANCESHIPPINGNOTICE-000480"",""PC-PAYMENTPROPOSAL-000480""]"
PC-PURCHASEREQUISITION-002004,Invoice Unblocked,2023-09-19T18:34:00Z,inspection_lot,APP-0000025877,USR-077,"[""PC-PURCHASEREQUISITION-002004"",""PC-SCHEDULELINE-000004"",""PC-INVOICE-000004""]"
PC-PURCHASEREQUISITION-002006,Invoice Blocked,2023-09-19T18:35:00Z,goods_movement_header,APP-0000025878,USR-110,"[""PC-PURCHASEREQUISITION-002006"",""PC-PURCHASEORDERITEM-000006"",""PC-INSPECTIONLOT-000006""]"
PC-PURCHASEREQUISITION-002028,Stock Released from Blocked Stock,2023-09-20T06:48:00Z,accounting_header,APP-0000025926,USR-094,"[""PC-PURCHASEREQUISITION-002028"",""PC-ACCOUNTINGDOCUMENT-000028"",""PC-CONTRACT-000028""]"
PC-PURCHASEREQUISITION-002015,Three-Way Match Passed,2023-09-20T09:42:00Z,payment_run,APP-0000025937,USR-007,"[""PC-PURCHASEREQUISITION-002015"",""PC-CONTRACT-000015"",""PC-GOODSMOVEMENT-000015""]"
PC-PURCHASEREQUISITION-002039,Quality Inspection Started,2023-09-20T15:02:00Z,req_header,APP-0000025951,USR-023,"[""PC-PURCHASEREQUISITION-002039"",""PC-GOODSRECEIPT-000039"",""PC-COSTCENTER-000039""]"
PC-PURCHASEREQUISITION-002036,Stock Placed in Blocked Stock,2023-09-21T00:02:00Z,invoice_header,APP-0000025994,USR-102,"[""PC-PURCHASEREQUISITION-002036"",""PC-INVOICEITEM-000036"",""PC-SUPPLIERQUOTATION-002036""]"
PC-PURCHASEREQUISITION-002003,Purchase Order Closed,2023-09-21T15:41:00Z,accounting_header,APP-0000026064,USR-068,"[""PC-PURCHASEREQUISITION-002003"",""PC-INVOICEITEM-000003"",""PC-SUPPLIERQUOTATION-002003""]"
PC-PURCHASEREQUISITION-002002,Supplier Blocked,2023-09-21T18:41:00Z,payment_run,APP-0000026075,USR-052,"[""PC-PURCHASEREQUISITION-002002"",""PC-ACCOUNTINGDOCUMENT-000002"",""PC-CONTRACT-000002""]"
PC-PURCHASEREQUISITION-002006,PO Item Final-Invoiced,2023-09-21T18:43:00Z,invoice_header,APP-0000026077,USR-118,"[""PC-PURCHASEREQUISITION-002006"",""PC-INVOICE-000006"",""PC-RFQ-002006""]"
PC-PURCHASEREQUISITION-002054,Goods Receipt Reversed,2023-09-22T00:15:00Z,accounting_header,APP-0000026088,USR-022,"[""PC-PURCHASEREQUISITION-002054"",""PC-ADVANCESHIPPINGNOTICE-000054"",""PC-PAYMENTPROPOSAL-000054""]"
PC-PURCHASEREQUISITION-002000,Payment Reversed,2023-09-22T02:51:00Z,inspection_lot,APP-0000026103,USR-015,"[""PC-PURCHASEREQUISITION-002000"",""PC-INSPECTIONLOT-000500"",""PC-REQUISITIONITEM-002000""]"
PC-PURCHASEREQUISITION-002034,Invoice Posted,2023-09-22T06:06:00Z,invoice_header,APP-0000026117,USR-074,"[""PC-PURCHASEREQUISITION-002034"",""PC-RFQ-002034"",""PC-MATERIAL-000034""]"
PC-PURCHASEREQUISITION-002015,Payment Reversed,2023-09-22T15:51:00Z,inspection_lot,APP-0000026167,USR-016,"[""PC-PURCHASEREQUISITION-002015"",""PC-INSPECTIONLOT-000015"",""PC-REQUISITIONITEM-002015""]"
PC-PURCHASEREQUISITION-002005,Goods Receipt Reversed,2023-09-22T17:14:00Z,accounting_header,APP-0000026170,USR-078,"[""PC-PURCHASEREQUISITION-002005"",""PC-ADVANCESHIPPINGNOTICE-000005"",""PC-PAYMENTPROPOSAL-000005""]"
PC-PURCHASEREQUISITION-002054,Quality Inspection Failed,2023-09-23T00:19:00Z,inspection_lot,APP-0000026193,USR-026,"[""PC-PURCHASEREQUISITION-002054"",""PC-INVOICE-000054"",""PC-RFQ-002054""]"
PC-PURCHASEREQUISITION-002053,Stock Placed in Blocked Stock,2023-09-23T03:19:00Z,invoice_header,APP-0000026204,USR-010,"[""PC-PURCHASEREQUISITION-002053"",""PC-INVOICEITEM-000053"",""PC-SUPPLIERQUOTATION-002053""]"
PC-PURCHASEREQUISITION-002060,Quality Inspection Started,2023-09-23T06:23:00Z,req_header,APP-0000026216,USR-126,"[""PC-PURCHASEREQUISITION-002060"",""PC-GOODSRECEIPT-000060"",""PC-COSTCENTER-000060""]"
PC-PURCHASEREQUISITION-002052,Return to Supplier Posted,2023-09-23T12:20:00Z,payment_run,APP-0000026244,USR-122,"[""PC-PURCHASEREQUISITION-002052"",""PC-PAYMENTPROPOSAL-000052"",""PC-PURCHASEORDER-000052""]"
PC-PURCHASEREQUISITION-002041,Three-Way Match Passed,2023-09-23T15:15:00Z,payment_run,APP-0000026258,USR-068,"[""PC-PURCHASEREQUISITION-002041"",""PC-CONTRACT-000041"",""PC-GOODSMOVEMENT-000041""]"
PC-PURCHASEREQUISITION-002061,Quality Inspection Passed,2023-09-23T15:25:00Z,goods_movement_header,APP-0000026260,USR-017,"[""PC-PURCHASEREQUISITION-002061"",""PC-INSPECTIONLOT-000061"",""PC-REQUISITIONITEM-002061""]"
PC-PURCHASEREQUISITION-002023,PO Item Final-Invoiced,2023-09-23T21:07:00Z,invoice_header,APP-0000026285,USR-026,"[""PC-PURCHASEREQUISITION-002023"",""PC-INVOICE-000023"",""PC-RFQ-002023""]"
PC-PURCHASEREQUISITION-002015,Payment Reversed,2023-09-23T23:51:00Z,inspection_lot,APP-0000026293,USR-016,"[""PC-PURCHASEREQUISITION-002015"",""PC-INSPECTIONLOT-000015"",""PC-REQUISITIONITEM-002015""]"
PC-PURCHASEREQUISITION-002037,Accounting Document Created,2023-09-24T09:16:00Z,accounting_header,APP-0000026336,USR-005,"[""PC-PURCHASEREQUISITION-002037"",""PC-MATERIAL-000037"",""PC-ACCOUNTINGDOCUMENT-000037""]"
PC-PURCHASEREQUISITION-002020,Goods Receipt Reversed,2023-09-24T14:14:00Z,accounting_header,APP-0000026353,USR-079,"[""PC-PURCHASEREQUISITION-002020"",""PC-ADVANCESHIPPINGNOTICE-000020"",""PC-PAYMENTPROPOSAL-000020""]"
PC-PURCHASEREQUISITION-002067,Quality Inspection Failed,2023-09-24T15:32:00Z,inspection_lot,APP-0000026365,USR-120,"[""PC-PURCHASEREQUISITION-002067"",""PC-INVOICE-000067"",""PC-RFQ-002067""]"
PC-PURCHASEREQUISITION-002036,Payment Proposal Approved,2023-09-24T18:17:00Z,req_header,APP-0000026376,USR-117,"[""PC-PURCHASEREQUISITION-002036"",""PC-GOODSMOVEMENT-000036"",""PC-PAYMENT-000036""]"
PC-PURCHASEREQUISITION-002054,Invoice Changed,2023-09-25T00:27:00Z,accounting_header,APP-0000026400,USR-034,"[""PC-PURCHASEREQUISITION-002054"",""PC-SUPPLIERQUOTATION-002054"",""PC-ADVANCESHIPPINGNOTICE-000054""]"
PC-PURCHASEREQUISITION-002025,Goods Receipt Reversed,2023-09-25T05:14:00Z,accounting_header,APP-0000026419,USR-037,"[""PC-PURCHASEREQUISITION-002025"",""PC-ADVANCESHIPPINGNOTICE-000025"",""PC-PAYMENTPROPOSAL-000025""]"
PC-PURCHASEREQUISITION-002043,Payment Proposal Approved,2023-09-25T15:24:00Z,req_header,APP-0000026463,USR-109,"[""PC-PURCHASEREQUISITION-002043"",""PC-GOODSMOVEMENT-000043"",""PC-PAYMENT-000043""]"
PC-PURCHASEREQUISITION-002062,Invoice Posted,2023-09-25T18:34:00Z,invoice_header,APP-0000026476,USR-042,"[""PC-PURCHASEREQUISITION-002062"",""PC-RFQ-002062"",""PC-MATERIAL-000062""]"
PC-PURCHASEREQUISITION-002030,Payment Reversed,2023-09-25T20:51:00Z,inspection_lot,APP-0000026480,USR-017,"[""PC-PURCHASEREQUISITION-002030"",""PC-INSPECTIONLOT-000030"",""PC-REQUISITIONITEM-002030""]"
PC-PURCHASEREQUISITION-002041,Payment Reversed,2023-09-25T21:24:00Z,inspection_lot,APP-0000026490,USR-077,"[""PC-PURCHASEREQUISITION-002041"",""PC-INSPECTIONLOT-000041"",""PC-REQUISITIONITEM-002041""]"
PC-PURCHASEREQUISITION-002081,Quality Inspection Started,2023-09-25T21:44:00Z,req_header,APP-0000026491,USR-102,"[""PC-PURCHASEREQUISITION-002081"",""PC-GOODSRECEIPT-000081"",""PC-COSTCENTER-000081""]"
PC-PURCHASEREQUISITION-002085,Goods Receipt Reversed,2023-09-25T21:46:00Z,accounting_header,APP-0000026492,USR-041,"[""PC-PURCHASEREQUISITION-002085"",""PC-ADVANCESHIPPINGNOTICE-000085"",""PC-PAYMENTPROPOSAL-000085""]"
PC-PURCHASEREQUISITION-002080,Quality Inspection Failed,2023-09-26T06:45:00Z,inspection_lot,APP-0000026525,USR-087,"[""PC-PURCHASEREQUISITION-002080"",""PC-INVOICE-000080"",""PC-RFQ-002080""]"
PC-PURCHASEREQUISITION-002065,Invoice Changed,2023-09-26T09:38:00Z,accounting_header,APP-0000026539,USR-094,"[""PC-PURCHASEREQUISITION-002065"",""PC-SUPPLIERQUOTATION-002065"",""PC-ADVANCESHIPPINGNOTICE-000065""]"
PC-PURCHASEREQUISITION-002075,Return to Supplier Posted,2023-09-26T09:43:00Z,payment_run,APP-0000026540,USR-005,"[""PC-PURCHASEREQUISITION-002075"",""PC-PAYMENTPROPOSAL-000075"",""PC-PURCHASEORDER-000075""]"
PC-PURCHASEREQUISITION-002053,Payment Proposal Created,2023-09-26T15:33:00Z,payment_run,APP-0000026568,USR-024,"[""PC-PURCHASEREQUISITION-002053"",""PC-ADVANCESHIPPINGNOTICE-000053"",""PC-PAYMENTPROPOSAL-000053""]"
PC-PURCHASEREQUISITION-002063,Invoice Blocked,2023-09-26T21:39:00Z,goods_movement_header,APP-0000026591,USR-063,"[""PC-PURCHASEREQUISITION-002063"",""PC-PURCHASEORDERITEM-000063"",""PC-INSPECTIONLOT-000063""]"
PC-PURCHASEREQUISITION-002067,Three-Way Match Passed,2023-09-26T21:41:00Z,payment_run,APP-0000026592,USR-002,"[""PC-PURCHASEREQUISITION-002067"",""PC-CONTRACT-000067"",""PC-GOODSMOVEMENT-000067""]"
PC-PURCHASEREQUISITION-002040,Payment Reversed,2023-09-27T02:51:00Z,inspection_lot,APP-0000026607,USR-060,"[""PC-PURCHASEREQUISITION-002040"",""PC-INSPECTIONLOT-000040"",""PC-REQUISITIONITEM-002040""]"
PC-PURCHASEREQUISITION-002057,Payment Proposal Approved,2023-09-27T09:38:00Z,req_header,APP-0000026639,USR-093,"[""PC-PURCHASEREQUISITION-002057"",""PC-GOODSMOVEMENT-000057"",""PC-PAYMENT-000057""]"
PC-PURCHASEREQUISITION-002084,PO Item Delivery Completed,2023-09-27T18:00:00Z,req_header,APP-0000026667,USR-032,"[""PC-PURCHASEREQUISITION-002084"",""PC-PAYMENT-000084"",""PC-PURCHASEORDERITEM-000084""]"
PC-PURCHASEREQUISITION-002072,Three-Way Match Failed,2023-09-27T18:47:00Z,req_header,APP-0000026682,USR-088,"[""PC-PURCHASEREQUISITION-002072"",""PC-PURCHASEORDER-000072"",""PC-GOODSRECEIPT-000072""]"
PC-PURCHASEREQUISITION-002076,Invoice Changed,2023-09-27T18:49:00Z,accounting_header,APP-0000026683,USR-027,"[""PC-PURCHASEREQUISITION-002076"",""PC-SUPPLIERQUOTATION-002076"",""PC-ADVANCESHIPPINGNOTICE-000076""]"
PC-PURCHASEREQUISITION-002057,PO Item Final-Invoiced,2023-09-28T03:41:00Z,invoice_header,APP-0000026715,USR-096,"[""PC-PURCHASEREQUISITION-002057"",""PC-INVOICE-000057"",""PC-RFQ-002057""]"
PC-PURCHASEREQUISITION-002102,Partial Receipt Posted,2023-09-28T06:11:00Z,payment_run,APP-0000026716,USR-077,"[""PC-PURCHASEREQUISITION-002102"",""PC-GOODSMOVEMENT-000102"",""PC-PAYMENT-000102""]"
PC-PURCHASEREQUISITION-002064,Payment Proposal Approved,2023-09-28T06:45:00Z,req_header,APP-0000026727,USR-085,"[""PC-PURCHASEREQUISITION-002064"",""PC-GOODSMOVEMENT-000064"",""PC-PAYMENT-000064""]"
PC-PURCHASEREQUISITION-002050,Goods Receipt Reversed,2023-09-28T08:14:00Z,accounting_header,APP-0000026731,USR-081,"[""PC-PURCHASEREQUISITION-002050"",""PC-ADVANCESHIPPINGNOTICE-000050"",""PC-PAYMENTPROPOSAL-000050""]"
PC-PURCHASEREQUISITION-002080,Three-Way Match Passed,2023-09-28T12:01:00Z,payment_run,APP-0000026746,USR-096,"[""PC-PURCHASEREQUISITION-002080"",""PC-CONTRACT-000080"",""PC-GOODSMOVEMENT-000080""]"
PC-PURCHASEREQUISITION-002055,Goods Receipt Reversed,2023-09-28T23:14:00Z,accounting_header,APP-0000026791,USR-039,"[""PC-PURCHASEREQUISITION-002055"",""PC-ADVANCESHIPPINGNOTICE-000055"",""PC-PAYMENTPROPOSAL-000055""]"
PC-PURCHASEREQUISITION-002087,Invoice Changed,2023-09-29T03:07:00Z,accounting_header,APP-0000026803,USR-087,"[""PC-PURCHASEREQUISITION-002087"",""PC-SUPPLIERQUOTATION-002087"",""PC-ADVANCESHIPPINGNOTICE-000087""]"
PC-PURCHASEREQUISITION-002067,Payment Reversed,2023-09-29T03:50:00Z,inspection_lot,APP-0000026817,USR-011,"[""PC-PURCHASEREQUISITION-002067"",""PC-INSPECTIONLOT-000067"",""PC-REQUISITIONITEM-002067""]"
PC-PURCHASEREQUISITION-002098,Return to Supplier Posted,2023-09-29T06:13:00Z,payment_run,APP-0000026822,USR-015,"[""PC-PURCHASEREQUISITION-002098"",""PC-PAYMENTPROPOSAL-000098"",""PC-PURCHASEORDER-000098""]"
PC-PURCHASEREQUISITION-002109,Quality Inspection Started,2023-09-29T09:19:00Z,req_header,APP-0000026833,USR-070,"[""PC-PURCHASEREQUISITION-002109"",""PC-GOODSRECEIPT-000109"",""PC-COSTCENTER-000109""]"
PC-PURCHASEREQUISITION-002104,Stock Placed in Blocked Stock,2023-09-29T12:17:00Z,invoice_header,APP-0000026843,USR-115,"[""PC-PURCHASEREQUISITION-002104"",""PC-INVOICEITEM-000104"",""PC-SUPPLIERQUOTATION-002104""]"
PC-PURCHASEREQUISITION-002060,Payment Reversed,2023-09-29T14:51:00Z,inspection_lot,APP-0000026858,USR-019,"[""PC-PURCHASEREQUISITION-002060"",""PC-INSPECTIONLOT-000060"",""PC-REQUISITIONITEM-002060""]"
PC-PURCHASEREQUISITION-002096,Invoice Parked,2023-09-29T18:14:00Z,inspection_lot,APP-0000026869,USR-111,"[""PC-PURCHASEREQUISITION-002096"",""PC-REQUISITIONITEM-002096"",""PC-SUPPLIER-000096""]"
PC-PURCHASEREQUISITION-002078,Payment Proposal Approved,2023-09-30T00:06:00Z,req_header,APP-0000026895,USR-069,"[""PC-PURCHASEREQUISITION-002078"",""PC-GOODSMOVEMENT-000078"",""PC-PAYMENT-000078""]"
PC-PURCHASEREQUISITION-002065,Goods Receipt Reversed,2023-09-30T05:14:00Z,accounting_header,APP-0000026917,USR-082,"[""PC-PURCHASEREQUISITION-002065"",""PC-ADVANCESHIPPINGNOTICE-000065"",""PC-PAYMENTPROPOSAL-000065""]"
PC-PURCHASEREQUISITION-002074,PO Item Final-Invoiced,2023-09-30T06:05:00Z,invoice_header,APP-0000026923,USR-004,"[""PC-PURCHASEREQUISITION-002074"",""PC-INVOICE-000074"",""PC-RFQ-002074""]"
PC-PURCHASEREQUISITION-002116,Quality Inspection Started,2023-09-30T06:26:00Z,req_header,APP-0000026924,USR-062,"[""PC-PURCHASEREQUISITION-002116"",""PC-GOODSRECEIPT-000116"",""PC-COSTCENTER-000116""]"
PC-PURCHASEREQUISITION-002098,Invoice Changed,2023-09-30T12:18:00Z,accounting_header,APP-0000026949,USR-020,"[""PC-PURCHASEREQUISITION-002098"",""PC-SUPPLIERQUOTATION-002098"",""PC-ADVANCESHIPPINGNOTICE-000098""]"
PC-PURCHASEREQUISITION-002080,Payment Reversed,2023-09-30T18:10:00Z,inspection_lot,APP-0000026975,USR-105,"[""PC-PURCHASEREQUISITION-002080"",""PC-INSPECTIONLOT-000080"",""PC-REQUISITIONITEM-002080""]"
PC-PURCHASEREQUISITION-002070,Goods Receipt Reversed,2023-09-30T20:14:00Z,accounting_header,APP-0000026982,USR-040,"[""PC-PURCHASEREQUISITION-002070"",""PC-ADVANCESHIPPINGNOTICE-000070"",""PC-PAYMENTPROPOSAL-000070""]"
PC-PURCHASEREQUISITION-002119,Quality Inspection Failed,2023-10-01T03:31:00Z,inspection_lot,APP-0000027015,USR-115,"[""PC-PURCHASEREQUISITION-002119"",""PC-INVOICE-000119"",""PC-RFQ-002119""]"
PC-PURCHASEREQUISITION-002123,Quality Inspection Started,2023-10-01T03:33:00Z,req_header,APP-0000027016,USR-054,"[""PC-PURCHASEREQUISITION-002123"",""PC-GOODSRECEIPT-000123"",""PC-COSTCENTER-000123""]"
PC-PURCHASEREQUISITION-002090,Payment Proposal Created,2023-10-01T06:17:00Z,payment_run,APP-0000027027,USR-018,"[""PC-PURCHASEREQUISITION-002090"",""PC-ADVANCESHIPPINGNOTICE-000090"",""PC-PAYMENTPROPOSAL-000090""]"
PC-PURCHASEREQUISITION-002075,Payment Reversed,2023-10-01T11:51:00Z,inspection_lot,APP-0000027046,USR-020,"[""PC-PURCHASEREQUISITION-002075"",""PC-INSPECTIONLOT-000075"",""PC-REQUISITIONITEM-002075""]"
PC-PURCHASEREQUISITION-002092,Payment Proposal Approved,2023-10-01T18:20:00Z,req_header,APP-0000027077,USR-053,"[""PC-PURCHASEREQUISITION-002092"",""PC-GOODSMOVEMENT-000092"",""PC-PAYMENT-000092""]"
PC-PURCHASEREQUISITION-002109,Invoice Changed,2023-10-01T21:29:00Z,accounting_header,APP-0000027090,USR-080,"[""PC-PURCHASEREQUISITION-002109"",""PC-SUPPLIERQUOTATION-002109"",""PC-ADVANCESHIPPINGNOTICE-000109""]"
PC-PURCHASEREQUISITION-002082,Supplier Unblocked,2023-10-02T00:16:00Z,req_header,APP-0000027101,USR-016,"[""PC-PURCHASEREQUISITION-002082"",""PC-PAYMENTPROPOSAL-000082"",""PC-PURCHASEORDER-000082""]"
PC-PURCHASEREQUISITION-002106,Three-Way Match Failed,2023-10-02T00:28:00Z,req_header,APP-0000027104,USR-031,"[""PC-PURCHASEREQUISITION-002106"",""PC-PURCHASEORDER-000106"",""PC-GOODSRECEIPT-000106""]"
PC-PURCHASEREQUISITION-002080,Payment Reversed,2023-10-02T02:51:00Z,inspection_lot,APP-0000027109,USR-105,"[""PC-PURCHASEREQUISITION-002080"",""PC-INSPECTIONLOT-000080"",""PC-REQUISITIONITEM-002080""]"
PC-PURCHASEREQUISITION-002121,Return to Supplier Posted,2023-10-02T03:36:00Z,payment_run,APP-0000027120,USR-025,"[""PC-PURCHASEREQUISITION-002121"",""PC-PAYMENTPROPOSAL-000121"",""PC-PURCHASEORDER-000121""]"
PC-PURCHASEREQUISITION-002123,Stock Released from Blocked Stock,2023-10-02T03:37:00Z,accounting_header,APP-0000027121,USR-058,"[""PC-PURCHASEREQUISITION-002123"",""PC-ACCOUNTINGDOCUMENT-000123"",""PC-CONTRACT-000123""]"
PC-PURCHASEREQUISITION-002099,Payment Proposal Approved,2023-10-02T15:27:00Z,req_header,APP-0000027163,USR-045,"[""PC-PURCHASEREQUISITION-002099"",""PC-GOODSMOVEMENT-000099"",""PC-PAYMENT-000099""]"
PC-PURCHASEREQUISITION-002085,Goods Receipt Reversed,2023-10-02T17:14:00Z,accounting_header,APP-0000027167,USR-041,"[""PC-PURCHASEREQUISITION-002085"",""PC-ADVANCESHIPPINGNOTICE-000085"",""PC-PAYMENTPROPOSAL-000085""]"
PC-PURCHASEREQUISITION-002123,Invoice Received,2023-10-02T21:40:00Z,goods_movement_header,APP-0000027189,USR-061,"[""PC-PURCHASEREQUISITION-002123"",""PC-COSTCENTER-000123"",""PC-SCHEDULELINE-000123""]"
PC-PURCHASEREQUISITION-002094,Supplier Blocked,2023-10-03T06:27:00Z,payment_run,APP-0000027227,USR-092,"[""PC-PURCHASEREQUISITION-002094"",""PC-ACCOUNTINGDOCUMENT-000094"",""PC-CONTRACT-000094""]"
PC-PURCHASEREQUISITION-002090,Goods Receipt Reversed,2023-10-03T08:14:00Z,accounting_header,APP-0000027234,USR-126,"[""PC-PURCHASEREQUISITION-002090"",""PC-ADVANCESHIPPINGNOTICE-000090"",""PC-PAYMENTPROPOSAL-000090""]"
PC-PURCHASEREQUISITION-002119,Three-Way Match Passed,2023-10-03T09:40:00Z,payment_run,APP-0000027246,USR-124,"[""PC-PURCHASEREQUISITION-002119"",""PC-CONTRACT-000119"",""PC-GOODSMOVEMENT-000119""]"
PC-PURCHASEREQUISITION-002147,Goods Receipt Reversed,2023-10-03T15:02:00Z,accounting_header,APP-0000027259,USR-079,"[""PC-PURCHASEREQUISITION-002147"",""PC-ADVANCESHIPPINGNOTICE-000147"",""PC-PAYMENTPROPOSAL-000147""]"
PC-PURCHASEREQUISITION-002106,Payment Reversed,2023-10-04T00:36:00Z,inspection_lot,APP-0000027307,USR-039,"[""PC-PURCHASEREQUISITION-002106"",""PC-INSPECTIONLOT-000106"",""PC-REQUISITIONITEM-002106""]"
PC-PURCHASEREQUISITION-002120,Invoice Blocked,2023-10-04T00:43:00Z,goods_movement_header,APP-0000027308,USR-016,"[""PC-PURCHASEREQUISITION-002120"",""PC-PURCHASEORDERITEM-000120"",""PC-INSPECTIONLOT-000120""]"
PC-PURCHASEREQUISITION-002119,Invoice Unblocked,2023-10-04T03:43:00Z,inspection_lot,APP-0000027318,USR-127,"[""PC-PURCHASEREQUISITION-002119"",""PC-SCHEDULELINE-000119"",""PC-INVOICE-000119""]"
PC-PURCHASEREQUISITION-002123,Three-Way Match Failed,2023-10-04T03:45:00Z,req_header,APP-0000027319,USR-066,"[""PC-PURCHASEREQUISITION-002123"",""PC-PURCHASEORDER-000123"",""PC-GOODSRECEIPT-000123""]"
PC-PURCHASEREQUISITION-002145,Quality Inspection Failed,2023-10-04T09:04:00Z,inspection_lot,APP-0000027329,USR-049,"[""PC-PURCHASEREQUISITION-002145"",""PC-INVOICE-000145"",""PC-RFQ-002145""]"
PC-PURCHASEREQUISITION-002142,Stock Released from Blocked Stock,2023-10-04T12:03:00Z,accounting_header,APP-0000027343,USR-127,"[""PC-PURCHASEREQUISITION-002142"",""PC-ACCOUNTINGDOCUMENT-000142"",""PC-CONTRACT-000142""]"
PC-PURCHASEREQUISITION-002108,PO Item Final-Invoiced,2023-10-04T12:39:00Z,invoice_header,APP-0000027353,USR-074,"[""PC-PURCHASEREQUISITION-002108"",""PC-INVOICE-000108"",""PC-RFQ-002108""]"
PC-PURCHASEREQUISITION-002132,Invoice Posted,2023-10-04T12:51:00Z,invoice_header,APP-0000027354,USR-089,"[""PC-PURCHASEREQUISITION-002132"",""PC-RFQ-002132"",""PC-MATERIAL-000132""]"
PC-PURCHASEREQUISITION-002100,Goods Receipt Reversed,2023-10-04T14:14:00Z,accounting_header,APP-0000027357,USR-042,"[""PC-PURCHASEREQUISITION-002100"",""PC-ADVANCESHIPPINGNOTICE-000100"",""PC-PAYMENTPROPOSAL-000100""]"
PC-PURCHASEREQUISITION-002149,Quality Inspection Passed,2023-10-04T15:07:00Z,goods_movement_header,APP-0000027359,USR-116,"[""PC-PURCHASEREQUISITION-002149"",""PC-INSPECTIONLOT-000149"",""PC-REQUISITIONITEM-002149""]"
PC-PURCHASEREQUISITION-002105,Payment Reversed,2023-10-05T05:51:00Z,inspection_lot,APP-0000027421,USR-022,"[""PC-PURCHASEREQUISITION-002105"",""PC-INSPECTIONLOT-000105"",""PC-REQUISITIONITEM-002105""]"
PC-PURCHASEREQUISITION-002111,Supplier Unblocked,2023-10-05T15:45:00Z,req_header,APP-0000027463,USR-001,"[""PC-PURCHASEREQUISITION-002111"",""PC-PAYMENTPROPOSAL-000111"",""PC-PURCHASEORDER-000111""]"
PC-PURCHASEREQUISITION-002110,Payment Reversed,2023-10-05T20:51:00Z,inspection_lot,APP-0000027480,USR-107,"[""PC-PURCHASEREQUISITION-002110"",""PC-INSPECTIONLOT-000110"",""PC-REQUISITIONITEM-002110""]"
PC-PURCHASEREQUISITION-002155,Stock Placed in Blocked Stock,2023-10-05T21:15:00Z,invoice_header,APP-0000027482,USR-093,"[""PC-PURCHASEREQUISITION-002155"",""PC-INVOICEITEM-000155"",""PC-SUPPLIERQUOTATION-002155""]"
PC-PURCHASEREQUISITION-002117,Purchase Order Closed,2023-10-05T21:49:00Z,accounting_header,APP-0000027493,USR-101,"[""PC-PURCHASEREQUISITION-002117"",""PC-INVOICEITEM-000117"",""PC-SUPPLIERQUOTATION-002117""]"
PC-PURCHASEREQUISITION-002130,Accounting Document Created,2023-10-06T00:03:00Z,accounting_header,APP-0000027495,USR-062,"[""PC-PURCHASEREQUISITION-002130"",""PC-MATERIAL-000130"",""PC-ACCOUNTINGDOCUMENT-000130""]"
PC-PURCHASEREQUISITION-002158,Quality Inspection Failed,2023-10-06T00:17:00Z,inspection_lot,APP-0000027497,USR-016,"[""PC-PURCHASEREQUISITION-002158"",""PC-INVOICE-000158"",""PC-RFQ-002158""]"
PC-PURCHASEREQUISITION-002127,Payment Proposal Approved,2023-10-06T03:02:00Z,req_header,APP-0000027511,USR-013,"[""PC-PURCHASEREQUISITION-002127"",""PC-GOODSMOVEMENT-000127"",""PC-PAYMENT-000127""]"
PC-PURCHASEREQUISITION-002140,Three-Way Match Failed,2023-10-06T06:09:00Z,req_header,APP-0000027522,USR-101,"[""PC-PURCHASEREQUISITION-002140"",""PC-PURCHASEORDER-000140"",""PC-GOODSRECEIPT-000140""]"
PC-PURCHASEREQUISITION-002115,Payment Reversed,2023-10-06T11:51:00Z,inspection_lot,APP-0000027548,USR-065,"[""PC-PURCHASEREQUISITION-002115"",""PC-INSPECTIONLOT-000115"",""PC-REQUISITIONITEM-002115""]"
PC-PURCHASEREQUISITION-002172,Goods Receipt Posted,2023-10-06T12:26:00Z,invoice_header,APP-0000027550,USR-122,"[""PC-PURCHASEREQUISITION-002172"",""PC-MATERIAL-000172"",""PC-ACCOUNTINGDOCUMENT-000172""]"
PC-PURCHASEREQUISITION-002145,Three-Way Match Passed,2023-10-06T15:13:00Z,payment_run,APP-0000027563,USR-058,"[""PC-PURCHASEREQUISITION-002145"",""PC-CONTRACT-000145"",""PC-GOODSMOVEMENT-000145""]"
PC-PURCHASEREQUISITION-002161,Stock Released from Blocked Stock,2023-10-06T21:22:00Z,accounting_header,APP-0000027587,USR-069,"[""PC-PURCHASEREQUISITION-002161"",""PC-ACCOUNTINGDOCUMENT-000161"",""PC-CONTRACT-000161""]"
PC-PURCHASEREQUISITION-002134,Payment Proposal Approved,2023-10-07T00:09:00Z,req_header,APP-0000027598,USR-005,"[""PC-PURCHASEREQUISITION-002134"",""PC-GOODSMOVEMENT-000134"",""PC-PAYMENT-000134""]"
PC-PURCHASEREQUISITION-002120,Goods Receipt Reversed,2023-10-07T02:14:00Z,accounting_header,APP-0000027607,USR-001,"[""PC-PURCHASEREQUISITION-002120"",""PC-ADVANCESHIPPINGNOTICE-000120"",""PC-PAYMENTPROPOSAL-000120""]"
PC-PURCHASEREQUISITION-002141,Credit Memo Posted,2023-10-07T03:13:00Z,invoice_header,APP-0000027615,USR-121,"[""PC-PURCHASEREQUISITION-002141"",""PC-SUPPLIER-000141"",""PC-INVOICEITEM-000141""]"
PC-PURCHASEREQUISITION-002153,Invoice Changed,2023-10-07T09:20:00Z,accounting_header,APP-0000027640,USR-066,"[""PC-PURCHASEREQUISITION-002153"",""PC-SUPPLIERQUOTATION-002153"",""PC-ADVANCESHIPPINGNOTICE-000153""]"
PC-PURCHASEREQUISITION-002171,Quality Inspection Passed,2023-10-07T09:29:00Z,goods_movement_header,APP-0000027641,USR-109,"[""PC-PURCHASEREQUISITION-002171"",""PC-INSPECTIONLOT-000171"",""PC-REQUISITIONITEM-002171""]"
PC-PURCHASEREQUISITION-002178,Goods Receipt Reversed,2023-10-07T12:33:00Z,accounting_header,APP-0000027657,USR-098,"[""PC-PURCHASEREQUISITION-002178"",""PC-ADVANCESHIPPINGNOTICE-000178"",""PC-PAYMENTPROPOSAL-000178""]"
PC-PURCHASEREQUISITION-002125,Payment Reversed,2023-10-07T17:51:00Z,inspection_lot,APP-0000027674,USR-108,"[""PC-PURCHASEREQUISITION-002125"",""PC-INSPECTIONLOT-000125"",""PC-REQUISITIONITEM-002125""]"
PC-PURCHASEREQUISITION-002160,Invoice Posted,2023-10-08T00:26:00Z,invoice_header,APP-0000027705,USR-057,"[""PC-PURCHASEREQUISITION-002160"",""PC-RFQ-002160"",""PC-MATERIAL-000160""]"
PC-PURCHASEREQUISITION-002136,Purchase Order Closed,2023-10-08T06:15:00Z,accounting_header,APP-0000027728,USR-043,"[""PC-PURCHASEREQUISITION-002136"",""PC-INVOICEITEM-000136"",""PC-SUPPLIERQUOTATION-002136""]"
PC-PURCHASEREQUISITION-002158,Three-Way Match Passed,2023-10-08T06:26:00Z,payment_run,APP-0000027729,USR-025,"[""PC-PURCHASEREQUISITION-002158"",""PC-CONTRACT-000158"",""PC-GOODSMOVEMENT-000158""]"
PC-PURCHASEREQUISITION-002130,Goods Receipt Reversed,2023-10-08T08:14:00Z,accounting_header,APP-0000027734,USR-044,"[""PC-PURCHASEREQUISITION-002130"",""PC-ADVANCESHIPPINGNOTICE-000130"",""PC-PAYMENTPROPOSAL-000130""]"
PC-PURCHASEREQUISITION-002157,Three-Way Match Failed,2023-10-08T09:26:00Z,req_header,APP-0000027746,USR-009,"[""PC-PURCHASEREQUISITION-002157"",""PC-PURCHASEORDER-000157"",""PC-GOODSRECEIPT-000157""]"
PC-PURCHASEREQUISITION-002146,Payment Executed,2023-10-08T18:22:00Z,goods_movement_header,APP-0000027778,USR-083,"[""PC-PURCHASEREQUISITION-002146"",""PC-GOODSRECEIPT-000146"",""PC-COSTCENTER-000146""]"
PC-PURCHASEREQUISITION-002164,Invoice Changed,2023-10-08T18:31:00Z,accounting_header,APP-0000027781,USR-126,"[""PC-PURCHASEREQUISITION-002164"",""PC-SUPPLIERQUOTATION-002164"",""PC-ADVANCESHIPPINGNOTICE-000164""]"
PC-PURCHASEREQUISITION-002182,Quality Inspection Passed,2023-10-08T18:40:00Z,goods_movement_header,APP-0000027782,USR-042,"[""PC-PURCHASEREQUISITION-002182"",""PC-INSPECTIONLOT-000182"",""PC-REQUISITIONITEM-002182""]"
PC-PURCHASEREQUISITION-002145,Payment Reversed,2023-10-08T21:22:00Z,inspection_lot,APP-0000027794,USR-067,"[""PC-PURCHASEREQUISITION-002145"",""PC-INSPECTIONLOT-000145"",""PC-REQUISITIONITEM-002145""]"
PC-PURCHASEREQUISITION-002184,Quality Inspection Failed,2023-10-09T06:43:00Z,inspection_lot,APP-0000027834,USR-077,"[""PC-PURCHASEREQUISITION-002184"",""PC-INVOICE-000184"",""PC-RFQ-002184""]"
PC-PURCHASEREQUISITION-002140,Goods Receipt Reversed,2023-10-09T14:14:00Z,accounting_header,APP-0000027856,USR-087,"[""PC-PURCHASEREQUISITION-002140"",""PC-ADVANCESHIPPINGNOTICE-000140"",""PC-PAYMENTPROPOSAL-000140""]"
PC-PURCHASEREQUISITION-002155,Payment Proposal Approved,2023-10-09T15:30:00Z,req_header,APP-0000027869,USR-108,"[""PC-PURCHASEREQUISITION-002155"",""PC-GOODSMOVEMENT-000155"",""PC-PAYMENT-000155""]"
PC-PURCHASEREQUISITION-002174,Invoice Posted,2023-10-09T18:40:00Z,invoice_header,APP-0000027881,USR-041,"[""PC-PURCHASEREQUISITION-002174"",""PC-RFQ-002174"",""PC-MATERIAL-000174""]"
PC-PURCHASEREQUISITION-002193,Quality Inspection Started,2023-10-09T21:50:00Z,req_header,APP-0000027894,USR-101,"[""PC-PURCHASEREQUISITION-002193"",""PC-GOODSRECEIPT-000193"",""PC-COSTCENTER-000193""]"
PC-PURCHASEREQUISITION-002201,Goods Receipt Posted,2023-10-10T03:02:00Z,invoice_header,APP-0000027905,USR-107,"[""PC-PURCHASEREQUISITION-002201"",""PC-MATERIAL-000201"",""PC-ACCOUNTINGDOCUMENT-000201""]"
PC-PURCHASEREQUISITION-002189,Stock Placed in Blocked Stock,2023-10-10T03:49:00Z,invoice_header,APP-0000027920,USR-036,"[""PC-PURCHASEREQUISITION-002189"",""PC-INVOICEITEM-000189"",""PC-SUPPLIERQUOTATION-002189""]"
PC-PURCHASEREQUISITION-002145,Goods Receipt Reversed,2023-10-10T05:14:00Z,accounting_header,APP-0000027924,USR-045,"[""PC-PURCHASEREQUISITION-002145"",""PC-ADVANCESHIPPINGNOTICE-000145"",""PC-PAYMENTPROPOSAL-000145""]"
PC-PURCHASEREQUISITION-002158,Payment Reversed,2023-10-10T12:35:00Z,inspection_lot,APP-0000027955,USR-034,"[""PC-PURCHASEREQUISITION-002158"",""PC-INSPECTIONLOT-000158"",""PC-REQUISITIONITEM-002158""]"
PC-PURCHASEREQUISITION-002162,Payment Proposal Approved,2023-10-10T12:37:00Z,req_header,APP-0000027956,USR-100,"[""PC-PURCHASEREQUISITION-002162"",""PC-GOODSMOVEMENT-000162"",""PC-PAYMENT-000162""]"
PC-PURCHASEREQUISITION-002155,Purchase Order Closed,2023-10-10T15:34:00Z,accounting_header,APP-0000027969,USR-112,"[""PC-PURCHASEREQUISITION-002155"",""PC-INVOICEITEM-000155"",""PC-SUPPLIERQUOTATION-002155""]"
PC-PURCHASEREQUISITION-002181,Invoice Posted,2023-10-10T15:47:00Z,invoice_header,APP-0000027970,USR-033,"[""PC-PURCHASEREQUISITION-002181"",""PC-RFQ-002181"",""PC-MATERIAL-000181""]"
PC-PURCHASEREQUISITION-002170,Credit Memo Posted,2023-10-10T18:42:00Z,invoice_header,APP-0000027982,USR-106,"[""PC-PURCHASEREQUISITION-002170"",""PC-SUPPLIER-000170"",""PC-INVOICEITEM-000170""]"
PC-PURCHASEREQUISITION-002150,Goods Receipt Reversed,2023-10-10T20:14:00Z,accounting_header,APP-0000027986,USR-003,"[""PC-PURCHASEREQUISITION-002150"",""PC-ADVANCESHIPPINGNOTICE-000150"",""PC-PAYMENTPROPOSAL-000150""]"
PC-PURCHASEREQUISITION-002169,Payment Proposal Approved,2023-10-11T09:44:00Z,req_header,APP-0000028040,USR-092,"[""PC-PURCHASEREQUISITION-002169"",""PC-GOODSMOVEMENT-000169"",""PC-PAYMENT-000169""]"
PC-PURCHASEREQUISITION-002155,Goods Receipt Reversed,2023-10-11T11:14:00Z,accounting_header,APP-0000028043,USR-088,"[""PC-PURCHASEREQUISITION-002155"",""PC-ADVANCESHIPPINGNOTICE-000155"",""PC-PAYMENTPROPOSAL-000155""]"
PC-PURCHASEREQUISITION-002204,Quality Inspection Passed,2023-10-11T12:09:00Z,goods_movement_header,APP-0000028047,USR-035,"[""PC-PURCHASEREQUISITION-002204"",""PC-INSPECTIONLOT-000204"",""PC-REQUISITIONITEM-002204""]"
PC-PURCHASEREQUISITION-002168,Payment Executed,2023-10-11T12:44:00Z,goods_movement_header,APP-0000028060,USR-076,"[""PC-PURCHASEREQUISITION-002168"",""PC-GOODSRECEIPT-000168"",""PC-COSTCENTER-000168""]"
PC-PURCHASEREQUISITION-002184,Three-Way Match Passed,2023-10-11T12:52:00Z,payment_run,APP-0000028061,USR-086,"[""PC-PURCHASEREQUISITION-002184"",""PC-CONTRACT-000184"",""PC-GOODSMOVEMENT-000184""]"
PC-PURCHASEREQUISITION-002199,Stock Released from Blocked Stock,2023-10-11T15:07:00Z,accounting_header,APP-0000028062,USR-080,"[""PC-PURCHASEREQUISITION-002199"",""PC-ACCOUNTINGDOCUMENT-000199"",""PC-CONTRACT-000199""]"
PC-PURCHASEREQUISITION-002160,Payment Reversed,2023-10-12T02:51:00Z,inspection_lot,APP-0000028110,USR-068,"[""PC-PURCHASEREQUISITION-002160"",""PC-INSPECTIONLOT-000160"",""PC-REQUISITIONITEM-002160""]"
PC-PURCHASEREQUISITION-002200,PO Item Delivery Completed,2023-10-12T06:10:00Z,req_header,APP-0000028124,USR-099,"[""PC-PURCHASEREQUISITION-002200"",""PC-PAYMENT-000200"",""PC-PURCHASEORDERITEM-000200""]"
PC-PURCHASEREQUISITION-002210,Quality Inspection Failed,2023-10-12T12:16:00Z,inspection_lot,APP-0000028146,USR-011,"[""PC-PURCHASEREQUISITION-002210"",""PC-INVOICE-000210"",""PC-RFQ-002210""]"
PC-PURCHASEREQUISITION-002214,Quality Inspection Started,2023-10-12T12:18:00Z,req_header,APP-0000028147,USR-077,"[""PC-PURCHASEREQUISITION-002214"",""PC-GOODSRECEIPT-000214"",""PC-COSTCENTER-000214""]"
PC-PURCHASEREQUISITION-002191,Three-Way Match Failed,2023-10-12T15:07:00Z,req_header,APP-0000028158,USR-079,"[""PC-PURCHASEREQUISITION-002191"",""PC-PURCHASEORDER-000191"",""PC-GOODSRECEIPT-000191""]"
PC-PURCHASEREQUISITION-002174,Purchase Order Closed,2023-10-13T00:00:00Z,accounting_header,APP-0000028201,USR-054,"[""PC-PURCHASEREQUISITION-002174"",""PC-INVOICEITEM-000174"",""PC-SUPPLIERQUOTATION-002174""]"
PC-PURCHASEREQUISITION-002176,PO Item Final-Invoiced,2023-10-13T00:01:00Z,invoice_header,APP-0000028202,USR-087,"[""PC-PURCHASEREQUISITION-002176"",""PC-INVOICE-000176"",""PC-RFQ-002176""]"
PC-PURCHASEREQUISITION-002170,Payment Reversed,2023-10-13T08:51:00Z,inspection_lot,APP-0000028236,USR-111,"[""PC-PURCHASEREQUISITION-002170"",""PC-INSPECTIONLOT-000170"",""PC-REQUISITIONITEM-002170""]"
PC-PURCHASEREQUISITION-002207,Invoice Parked,2023-10-13T15:19:00Z,inspection_lot,APP-0000028264,USR-093,"[""PC-PURCHASEREQUISITION-002207"",""PC-REQUISITIONITEM-002207"",""PC-SUPPLIER-000207""]"
PC-PURCHASEREQUISITION-002213,Return to Supplier Posted,2023-10-13T15:22:00Z,payment_run,APP-0000028265,USR-065,"[""PC-PURCHASEREQUISITION-002213"",""PC-PAYMENTPROPOSAL-000213"",""PC-PURCHASEORDER-000213""]"
PC-PURCHASEREQUISITION-002184,Payment Reversed,2023-10-13T18:08:00Z,inspection_lot,APP-0000028278,USR-095,"[""PC-PURCHASEREQUISITION-002184"",""PC-INSPECTIONLOT-000184"",""PC-REQUISITIONITEM-002184""]"
PC-PURCHASEREQUISITION-002192,Accounting Document Created,2023-10-13T18:12:00Z,accounting_header,APP-0000028279,USR-100,"[""PC-PURCHASEREQUISITION-002192"",""PC-MATERIAL-000192"",""PC-ACCOUNTINGDOCUMENT-000192""]"
PC-PURCHASEREQUISITION-002175,Goods Receipt Reversed,2023-10-13T23:14:00Z,accounting_header,APP-0000028295,USR-047,"[""PC-PURCHASEREQUISITION-002175"",""PC-ADVANCESHIPPINGNOTICE-000175"",""PC-PAYMENTPROPOSAL-000175""]"
PC-PURCHASEREQUISITION-002190,Payment Proposal Approved,2023-10-14T00:12:00Z,req_header,APP-0000028304,USR-068,"[""PC-PURCHASEREQUISITION-002190"",""PC-GOODSMOVEMENT-000190"",""PC-PAYMENT-000190""]"
PC-PURCHASEREQUISITION-002226,Quality Inspection Passed,2023-10-14T06:31:00Z,goods_movement_header,APP-0000028330,USR-028,"[""PC-PURCHASEREQUISITION-002226"",""PC-INSPECTIONLOT-000226"",""PC-REQUISITIONITEM-002226""]"
PC-PURCHASEREQUISITION-002228,Quality Inspection Started,2023-10-14T06:32:00Z,req_header,APP-0000028331,USR-061,"[""PC-PURCHASEREQUISITION-002228"",""PC-GOODSRECEIPT-000228"",""PC-COSTCENTER-000228""]"
PC-PURCHASEREQUISITION-002223,Stock Placed in Blocked Stock,2023-10-14T09:30:00Z,invoice_header,APP-0000028344,USR-106,"[""PC-PURCHASEREQUISITION-002223"",""PC-INVOICEITEM-000223"",""PC-SUPPLIERQUOTATION-002223""]"
PC-PURCHASEREQUISITION-002208,Three-Way Match Failed,2023-10-14T18:24:00Z,req_header,APP-0000028384,USR-114,"[""PC-PURCHASEREQUISITION-002208"",""PC-PURCHASEORDER-000208"",""PC-GOODSRECEIPT-000208""]"
PC-PURCHASEREQUISITION-002210,Three-Way Match Passed,2023-10-14T18:25:00Z,payment_run,APP-0000028385,USR-020,"[""PC-PURCHASEREQUISITION-002210"",""PC-CONTRACT-000210"",""PC-GOODSMOVEMENT-000210""]"
PC-PURCHASEREQUISITION-002201,Payment Proposal Created,2023-10-15T03:22:00Z,payment_run,APP-0000028417,USR-127,"[""PC-PURCHASEREQUISITION-002201"",""PC-ADVANCESHIPPINGNOTICE-000201"",""PC-PAYMENTPROPOSAL-000201""]"
PC-PURCHASEREQUISITION-002235,Quality Inspection Started,2023-10-15T03:39:00Z,req_header,APP-0000028418,USR-053,"[""PC-PURCHASEREQUISITION-002235"",""PC-GOODSRECEIPT-000235"",""PC-COSTCENTER-000235""]"
PC-PURCHASEREQUISITION-002185,Payment Reversed,2023-10-15T05:51:00Z,inspection_lot,APP-0000028423,USR-112,"[""PC-PURCHASEREQUISITION-002185"",""PC-INSPECTIONLOT-000185"",""PC-REQUISITIONITEM-002185""]"
PC-PURCHASEREQUISITION-002193,Purchase Order Closed,2023-10-15T09:19:00Z,accounting_header,APP-0000028448,USR-123,"[""PC-PURCHASEREQUISITION-002193"",""PC-INVOICEITEM-000193"",""PC-SUPPLIERQUOTATION-002193""]"
PC-PURCHASEREQUISITION-002197,Payment Reversed,2023-10-15T09:21:00Z,inspection_lot,APP-0000028449,USR-062,"[""PC-PURCHASEREQUISITION-002197"",""PC-INSPECTIONLOT-000197"",""PC-REQUISITIONITEM-002197""]"
PC-PURCHASEREQUISITION-002211,Invoice Unblocked,2023-10-15T15:29:00Z,inspection_lot,APP-0000028470,USR-040,"[""PC-PURCHASEREQUISITION-002211"",""PC-SCHEDULELINE-000211"",""PC-INVOICE-000211""]"
PC-PURCHASEREQUISITION-002237,Quality Inspection Passed,2023-10-15T15:42:00Z,goods_movement_header,APP-0000028472,USR-088,"[""PC-PURCHASEREQUISITION-002237"",""PC-INSPECTIONLOT-000237"",""PC-REQUISITIONITEM-002237""]"
PC-PURCHASEREQUISITION-002190,Goods Receipt Reversed,2023-10-15T20:14:00Z,accounting_header,APP-0000028488,USR-048,"[""PC-PURCHASEREQUISITION-002190"",""PC-ADVANCESHIPPINGNOTICE-000190"",""PC-PAYMENTPROPOSAL-000190""]"
PC-PURCHASEREQUISITION-002215,Invoice Blocked,2023-10-15T21:32:00Z,goods_movement_header,APP-0000028499,USR-107,"[""PC-PURCHASEREQUISITION-002215"",""PC-PURCHASEORDERITEM-000215"",""PC-INSPECTIONLOT-000215""]"
PC-PURCHASEREQUISITION-002223,Three-Way Match Passed,2023-10-16T09:38:00Z,payment_run,APP-0000028544,USR-114,"[""PC-PURCHASEREQUISITION-002223"",""PC-CONTRACT-000223"",""PC-GOODSMOVEMENT-000223""]"
PC-PURCHASEREQUISITION-002237,Stock Released from Blocked Stock,2023-10-16T09:45:00Z,accounting_header,APP-0000028545,USR-091,"[""PC-PURCHASEREQUISITION-002237"",""PC-ACCOUNTINGDOCUMENT-000237"",""PC-CONTRACT-000237""]"
PC-PURCHASEREQUISITION-002198,Supplier Unblocked,2023-10-16T12:26:00Z,req_header,APP-0000028557,USR-083,"[""PC-PURCHASEREQUISITION-002198"",""PC-PAYMENTPROPOSAL-000198"",""PC-PURCHASEORDER-000198""]"
PC-PURCHASEREQUISITION-002211,Payment Proposal Approved,2023-10-16T15:33:00Z,req_header,APP-0000028571,USR-044,"[""PC-PURCHASEREQUISITION-002211"",""PC-GOODSMOVEMENT-000211"",""PC-PAYMENT-000211""]"
PC-PURCHASEREQUISITION-002249,Quality Inspection Started,2023-10-16T21:00:00Z,req_header,APP-0000028584,USR-037,"[""PC-PURCHASEREQUISITION-002249"",""PC-GOODSRECEIPT-000249"",""PC-COSTCENTER-000249""]"
PC-PURCHASEREQUISITION-002225,Three-Way Match Failed,2023-10-16T21:41:00Z,req_header,APP-0000028595,USR-022,"[""PC-PURCHASEREQUISITION-002225"",""PC-PURCHASEORDER-000225"",""PC-GOODSRECEIPT-000225""]"
PC-PURCHASEREQUISITION-002248,Quality Inspection Passed,2023-10-17T00:00:00Z,goods_movement_header,APP-0000028596,USR-021,"[""PC-PURCHASEREQUISITION-002248"",""PC-INSPECTIONLOT-000248"",""PC-REQUISITIONITEM-002248""]"
PC-PURCHASEREQUISITION-002210,Payment Reversed,2023-10-17T00:34:00Z,inspection_lot,APP-0000028609,USR-029,"[""PC-PURCHASEREQUISITION-002210"",""PC-INSPECTIONLOT-000210"",""PC-REQUISITIONITEM-002210""]"
PC-PURCHASEREQUISITION-002200,Goods Receipt Reversed,2023-10-17T02:14:00Z,accounting_header,APP-0000028614,USR-091,"[""PC-PURCHASEREQUISITION-002200"",""PC-ADVANCESHIPPINGNOTICE-000200"",""PC-PAYMENTPROPOSAL-000200""]"
PC-PURCHASEREQUISITION-002259,Goods Receipt Posted,2023-10-17T09:07:00Z,invoice_header,APP-0000028637,USR-077,"[""PC-PURCHASEREQUISITION-002259"",""PC-MATERIAL-000259"",""PC-ACCOUNTINGDOCUMENT-000259""]"
PC-PURCHASEREQUISITION-002223,Accounting Document Created,2023-10-17T15:43:00Z,accounting_header,APP-0000028669,USR-119,"[""PC-PURCHASEREQUISITION-002223"",""PC-MATERIAL-000223"",""PC-ACCOUNTINGDOCUMENT-000223""]"
PC-PURCHASEREQUISITION-002237,Invoice Posted,2023-10-17T15:50:00Z,invoice_header,APP-0000028670,USR-096,"[""PC-PURCHASEREQUISITION-002237"",""PC-RFQ-002237"",""PC-MATERIAL-000237""]"
PC-PURCHASEREQUISITION-002205,Payment Reversed,2023-10-17T17:51:00Z,inspection_lot,APP-0000028674,USR-071,"[""PC-PURCHASEREQUISITION-002205"",""PC-INSPECTIONLOT-000205"",""PC-REQUISITIONITEM-002205""]"
PC-PURCHASEREQUISITION-002256,Quality Inspection Started,2023-10-17T18:07:00Z,req_header,APP-0000028675,USR-029,"[""PC-PURCHASEREQUISITION-002256"",""PC-GOODSRECEIPT-000256"",""PC-COSTCENTER-000256""]"
PC-PURCHASEREQUISITION-002228,Credit Memo Posted,2023-10-18T00:47:00Z,invoice_header,APP-0000028708,USR-076,"[""PC-PURCHASEREQUISITION-002228"",""PC-SUPPLIER-000228"",""PC-INVOICEITEM-000228""]"
PC-PURCHASEREQUISITION-002236,Three-Way Match Passed,2023-10-18T00:51:00Z,payment_run,APP-0000028709,USR-081,"[""PC-PURCHASEREQUISITION-002236"",""PC-CONTRACT-000236"",""PC-GOODSMOVEMENT-000236""]"
PC-PURCHASEREQUISITION-002234,Invoice Blocked,2023-10-18T06:51:00Z,goods_movement_header,APP-0000028731,USR-049,"[""PC-PURCHASEREQUISITION-002234"",""PC-PURCHASEORDERITEM-000234"",""PC-INSPECTIONLOT-000234""]"
PC-PURCHASEREQUISITION-002210,Payment Reversed,2023-10-18T08:51:00Z,inspection_lot,APP-0000028735,USR-029,"[""PC-PURCHASEREQUISITION-002210"",""PC-INSPECTIONLOT-000210"",""PC-REQUISITIONITEM-002210""]"
PC-PURCHASEREQUISITION-002247,Invoice Received,2023-10-18T09:05:00Z,goods_movement_header,APP-0000028737,USR-010,"[""PC-PURCHASEREQUISITION-002247"",""PC-COSTCENTER-000247"",""PC-SCHEDULELINE-000247""]"
PC-PURCHASEREQUISITION-002259,Quality Inspection Passed,2023-10-18T09:11:00Z,goods_movement_header,APP-0000028738,USR-081,"[""PC-PURCHASEREQUISITION-002259"",""PC-INSPECTIONLOT-000259"",""PC-REQUISITIONITEM-002259""]"
PC-PURCHASEREQUISITION-002223,Payment Executed,2023-10-18T09:46:00Z,goods_movement_header,APP-0000028751,USR-122,"[""PC-PURCHASEREQUISITION-002223"",""PC-GOODSRECEIPT-000223"",""PC-COSTCENTER-000223""]"
PC-PURCHASEREQUISITION-002244,Invoice Posted,2023-10-18T12:04:00Z,invoice_header,APP-0000028753,USR-088,"[""PC-PURCHASEREQUISITION-002244"",""PC-RFQ-002244"",""PC-MATERIAL-000244""]"
PC-PURCHASEREQUISITION-002263,Quality Inspection Started,2023-10-18T15:14:00Z,req_header,APP-0000028765,USR-021,"[""PC-PURCHASEREQUISITION-002263"",""PC-GOODSRECEIPT-000263"",""PC-COSTCENTER-000263""]"
PC-PURCHASEREQUISITION-002256,Stock Released from Blocked Stock,2023-10-18T18:11:00Z,accounting_header,APP-0000028776,USR-033,"[""PC-PURCHASEREQUISITION-002256"",""PC-ACCOUNTINGDOCUMENT-000256"",""PC-CONTRACT-000256""]"
PC-PURCHASEREQUISITION-002262,Quality Inspection Failed,2023-10-19T00:15:00Z,inspection_lot,APP-0000028803,USR-006,"[""PC-PURCHASEREQUISITION-002262"",""PC-INVOICE-000262"",""PC-RFQ-002262""]"
PC-PURCHASEREQUISITION-002259,Return to Supplier Posted,2023-10-19T09:15:00Z,payment_run,APP-0000028835,USR-085,"[""PC-PURCHASEREQUISITION-002259"",""PC-PAYMENTPROPOSAL-000259"",""PC-PURCHASEORDER-000259""]"
PC-PURCHASEREQUISITION-002227,PO Item Final-Invoiced,2023-10-19T09:52:00Z,invoice_header,APP-0000028846,USR-065,"[""PC-PURCHASEREQUISITION-002227"",""PC-INVOICE-000227"",""PC-RFQ-002227""]"
PC-PURCHASEREQUISITION-002252,Invoice Changed,2023-10-19T18:13:00Z,accounting_header,APP-0000028876,USR-098,"[""PC-PURCHASEREQUISITION-002252"",""PC-SUPPLIERQUOTATION-002252"",""PC-ADVANCESHIPPINGNOTICE-000252""]"
PC-PURCHASEREQUISITION-002270,Quality Inspection Passed,2023-10-19T18:22:00Z,goods_movement_header,APP-0000028877,USR-014,"[""PC-PURCHASEREQUISITION-002270"",""PC-INSPECTIONLOT-000270"",""PC-REQUISITIONITEM-002270""]"
PC-PURCHASEREQUISITION-002225,Goods Receipt Reversed,2023-10-20T05:14:00Z,accounting_header,APP-0000028926,USR-008,"[""PC-PURCHASEREQUISITION-002225"",""PC-ADVANCESHIPPINGNOTICE-000225"",""PC-PAYMENTPROPOSAL-000225""]"
PC-PURCHASEREQUISITION-002236,Payment Reversed,2023-10-20T06:07:00Z,inspection_lot,APP-0000028933,USR-090,"[""PC-PURCHASEREQUISITION-002236"",""PC-INSPECTIONLOT-000236"",""PC-REQUISITIONITEM-002236""]"
PC-PURCHASEREQUISITION-002258,Invoice Posted,2023-10-20T06:18:00Z,invoice_header,APP-0000028934,USR-072,"[""PC-PURCHASEREQUISITION-002258"",""PC-RFQ-002258"",""PC-MATERIAL-000258""]"
PC-PURCHASEREQUISITION-002277,Quality Inspection Started,2023-10-20T09:28:00Z,req_header,APP-0000028946,USR-005,"[""PC-PURCHASEREQUISITION-002277"",""PC-GOODSRECEIPT-000277"",""PC-COSTCENTER-000277""]"
PC-PURCHASEREQUISITION-002253,Invoice Blocked,2023-10-20T15:17:00Z,goods_movement_header,APP-0000028969,USR-118,"[""PC-PURCHASEREQUISITION-002253"",""PC-PURCHASEORDERITEM-000253"",""PC-INSPECTIONLOT-000253""]"
PC-PURCHASEREQUISITION-002274,Stock Placed in Blocked Stock,2023-10-20T18:28:00Z,invoice_header,APP-0000028982,USR-084,"[""PC-PURCHASEREQUISITION-002274"",""PC-INVOICEITEM-000274"",""PC-SUPPLIERQUOTATION-002274""]"
PC-PURCHASEREQUISITION-002230,Goods Receipt Reversed,2023-10-20T20:14:00Z,accounting_header,APP-0000028986,USR-093,"[""PC-PURCHASEREQUISITION-002230"",""PC-ADVANCESHIPPINGNOTICE-000230"",""PC-PAYMENTPROPOSAL-000230""]"
PC-PURCHASEREQUISITION-002246,Payment Proposal Approved,2023-10-21T00:15:00Z,req_header,APP-0000029006,USR-004,"[""PC-PURCHASEREQUISITION-002246"",""PC-GOODSMOVEMENT-000246"",""PC-PAYMENT-000246""]"
PC-PURCHASEREQUISITION-002288,Goods Receipt Posted,2023-10-21T00:36:00Z,invoice_header,APP-0000029007,USR-062,"[""PC-PURCHASEREQUISITION-002288"",""PC-MATERIAL-000288"",""PC-ACCOUNTINGDOCUMENT-000288""]"
PC-PURCHASEREQUISITION-002265,Invoice Posted,2023-10-21T03:25:00Z,invoice_header,APP-0000029021,USR-064,"[""PC-PURCHASEREQUISITION-002265"",""PC-RFQ-002265"",""PC-MATERIAL-000265""]"
PC-PURCHASEREQUISITION-002262,Three-Way Match Passed,2023-10-21T06:24:00Z,payment_run,APP-0000029036,USR-015,"[""PC-PURCHASEREQUISITION-002262"",""PC-CONTRACT-000262"",""PC-GOODSMOVEMENT-000262""]"
PC-PURCHASEREQUISITION-002284,Quality Inspection Started,2023-10-21T06:35:00Z,req_header,APP-0000029037,USR-124,"[""PC-PURCHASEREQUISITION-002284"",""PC-GOODSRECEIPT-000284"",""PC-COSTCENTER-000284""]"
PC-PURCHASEREQUISITION-002235,Goods Receipt Reversed,2023-10-21T11:14:00Z,accounting_header,APP-0000029052,USR-051,"[""PC-PURCHASEREQUISITION-002235"",""PC-ADVANCESHIPPINGNOTICE-000235"",""PC-PAYMENTPROPOSAL-000235""]"
PC-PURCHASEREQUISITION-002254,Accounting Document Created,2023-10-21T12:21:00Z,accounting_header,APP-0000029065,USR-011,"[""PC-PURCHASEREQUISITION-002254"",""PC-MATERIAL-000254"",""PC-ACCOUNTINGDOCUMENT-000254""]"
PC-PURCHASEREQUISITION-002257,Credit Memo Posted,2023-10-21T15:23:00Z,invoice_header,APP-0000029075,USR-061,"[""PC-PURCHASEREQUISITION-002257"",""PC-SUPPLIER-000257"",""PC-INVOICEITEM-000257""]"
PC-PURCHASEREQUISITION-002253,Payment Proposal Approved,2023-10-21T21:22:00Z,req_header,APP-0000029097,USR-123,"[""PC-PURCHASEREQUISITION-002253"",""PC-GOODSMOVEMENT-000253"",""PC-PAYMENT-000253""]"
PC-PURCHASEREQUISITION-002240,Goods Receipt Reversed,2023-10-22T02:14:00Z,accounting_header,APP-0000029110,USR-009,"[""PC-PURCHASEREQUISITION-002240"",""PC-ADVANCESHIPPINGNOTICE-000240"",""PC-PAYMENTPROPOSAL-000240""]"
PC-PURCHASEREQUISITION-002291,Quality Inspection Started,2023-10-22T03:42:00Z,req_header,APP-0000029123,USR-116,"[""PC-PURCHASEREQUISITION-002291"",""PC-GOODSRECEIPT-000291"",""PC-COSTCENTER-000291""]"
PC-PURCHASEREQUISITION-002245,Goods Receipt Reversed,2023-10-22T17:14:00Z,accounting_header,APP-0000029176,USR-094,"[""PC-PURCHASEREQUISITION-002245"",""PC-ADVANCESHIPPINGNOTICE-000245"",""PC-PAYMENTPROPOSAL-000245""]"
PC-PURCHASEREQUISITION-002260,Payment Proposal Approved,2023-10-22T18:29:00Z,req_header,APP-0000029187,USR-115,"[""PC-PURCHASEREQUISITION-002260"",""PC-GOODSMOVEMENT-000260"",""PC-PAYMENT-000260""]"
PC-PURCHASEREQUISITION-002275,Three-Way Match Passed,2023-10-22T21:37:00Z,payment_run,APP-0000029197,USR-109,"[""PC-PURCHASEREQUISITION-002275"",""PC-CONTRACT-000275"",""PC-GOODSMOVEMENT-000275""]"
PC-PURCHASEREQUISITION-002281,Invoice Parked,2023-10-22T21:40:00Z,inspection_lot,APP-0000029199,USR-081,"[""PC-PURCHASEREQUISITION-002281"",""PC-REQUISITIONITEM-002281"",""PC-SUPPLIER-000281""]"
PC-PURCHASEREQUISITION-002250,Goods Receipt Reversed,2023-10-23T08:14:00Z,accounting_header,APP-0000029239,USR-052,"[""PC-PURCHASEREQUISITION-002250"",""PC-ADVANCESHIPPINGNOTICE-000250"",""PC-PAYMENTPROPOSAL-000250""]"
PC-PURCHASEREQUISITION-002262,Payment Reversed,2023-10-23T12:33:00Z,inspection_lot,APP-0000029260,USR-024,"[""PC-PURCHASEREQUISITION-002262"",""PC-INSPECTIONLOT-000262"",""PC-REQUISITIONITEM-002262""]"
PC-PURCHASEREQUISITION-002261,PO Item Final-Invoiced,2023-10-23T15:33:00Z,invoice_header,APP-0000029271,USR-008,"[""PC-PURCHASEREQUISITION-002261"",""PC-INVOICE-000261"",""PC-RFQ-002261""]"
PC-PURCHASEREQUISITION-002267,Payment Proposal Approved,2023-10-23T15:36:00Z,req_header,APP-0000029272,USR-107,"[""PC-PURCHASEREQUISITION-002267"",""PC-GOODSMOVEMENT-000267"",""PC-PAYMENT-000267""]"
PC-PURCHASEREQUISITION-002286,Invoice Posted,2023-10-23T18:46:00Z,invoice_header,APP-0000029284,USR-040,"[""PC-PURCHASEREQUISITION-002286"",""PC-RFQ-002286"",""PC-MATERIAL-000286""]"
PC-PURCHASEREQUISITION-002285,Invoice Changed,2023-10-23T21:46:00Z,accounting_header,APP-0000029300,USR-024,"[""PC-PURCHASEREQUISITION-002285"",""PC-SUPPLIERQUOTATION-002285"",""PC-ADVANCESHIPPINGNOTICE-000285""]"
PC-PURCHASEREQUISITION-002255,Payment Reversed,2023-10-23T23:51:00Z,inspection_lot,APP-0000029304,USR-032,"[""PC-PURCHASEREQUISITION-002255"",""PC-INSPECTIONLOT-000255"",""PC-REQUISITIONITEM-002255""]"
PC-PURCHASEREQUISITION-002280,Invoice Unblocked,2023-10-24T06:45:00Z,inspection_lot,APP-0000029338,USR-070,"[""PC-PURCHASEREQUISITION-002280"",""PC-SCHEDULELINE-000280"",""PC-INVOICE-000280""]"
PC-PURCHASEREQUISITION-002269,Purchase Order Closed,2023-10-24T21:42:00Z,accounting_header,APP-0000029399,USR-018,"[""PC-PURCHASEREQUISITION-002269"",""PC-INVOICEITEM-000269"",""PC-SUPPLIERQUOTATION-002269""]"
PC-PURCHASEREQUISITION-002308,Stock Placed in Blocked Stock,2023-10-25T00:09:00Z,invoice_header,APP-0000029400,USR-027,"[""PC-PURCHASEREQUISITION-002308"",""PC-INVOICEITEM-000308"",""PC-SUPPLIERQUOTATION-002308""]"
PC-PURCHASEREQUISITION-002275,Payment Reversed,2023-10-25T03:46:00Z,inspection_lot,APP-0000029421,USR-118,"[""PC-PURCHASEREQUISITION-002275"",""PC-INSPECTIONLOT-000275"",""PC-REQUISITIONITEM-002275""]"
PC-PURCHASEREQUISITION-002265,Payment Reversed,2023-10-25T05:51:00Z,inspection_lot,APP-0000029425,USR-075,"[""PC-PURCHASEREQUISITION-002265"",""PC-INSPECTIONLOT-000265"",""PC-REQUISITIONITEM-002265""]"
PC-PURCHASEREQUISITION-002291,Invoice Blocked,2023-10-25T09:02:00Z,goods_movement_header,APP-0000029441,USR-002,"[""PC-PURCHASEREQUISITION-002291"",""PC-PURCHASEORDERITEM-000291"",""PC-INSPECTIONLOT-000291""]"
PC-PURCHASEREQUISITION-002293,Three-Way Match Failed,2023-10-25T09:03:00Z,req_header,APP-0000029442,USR-035,"[""PC-PURCHASEREQUISITION-002293"",""PC-PURCHASEORDER-000293"",""PC-GOODSRECEIPT-000293""]"
PC-PURCHASEREQUISITION-002281,Payment Proposal Approved,2023-10-25T09:50:00Z,req_header,APP-0000029452,USR-091,"[""PC-PURCHASEREQUISITION-002281"",""PC-GOODSMOVEMENT-000281"",""PC-PAYMENT-000281""]"
PC-PURCHASEREQUISITION-002278,PO Item Final-Invoiced,2023-10-25T18:50:00Z,invoice_header,APP-0000029485,USR-043,"[""PC-PURCHASEREQUISITION-002278"",""PC-INVOICE-000278"",""PC-RFQ-002278""]"
PC-PURCHASEREQUISITION-002270,Goods Receipt Reversed,2023-10-25T20:14:00Z,accounting_header,APP-0000029488,USR-011,"[""PC-PURCHASEREQUISITION-002270"",""PC-ADVANCESHIPPINGNOTICE-000270"",""PC-PAYMENTPROPOSAL-000270""]"
PC-PURCHASEREQUISITION-002324,Partial Receipt Posted,2023-10-26T00:21:00Z,payment_run,APP-0000029502,USR-041,"[""PC-PURCHASEREQUISITION-002324"",""PC-GOODSMOVEMENT-000324"",""PC-PAYMENT-000324""]"
PC-PURCHASEREQUISITION-002309,Invoice Received,2023-10-26T03:14:00Z,goods_movement_header,APP-0000029514,USR-048,"[""PC-PURCHASEREQUISITION-002309"",""PC-COSTCENTER-000309"",""PC-SCHEDULELINE-000309""]"
PC-PURCHASEREQUISITION-002288,Payment Proposal Approved,2023-10-26T06:04:00Z,req_header,APP-0000029525,USR-083,"[""PC-PURCHASEREQUISITION-002288"",""PC-GOODSMOVEMENT-000288"",""PC-PAYMENT-000288""]"
PC-PURCHASEREQUISITION-002275,Payment Reversed,2023-10-26T11:51:00Z,inspection_lot,APP-0000029551,USR-118,"[""PC-PURCHASEREQUISITION-002275"",""PC-INSPECTIONLOT-000275"",""PC-REQUISITIONITEM-002275""]"
PC-PURCHASEREQUISITION-002289,Payment Executed,2023-10-26T15:06:00Z,goods_movement_header,APP-0000029566,USR-101,"[""PC-PURCHASEREQUISITION-002289"",""PC-GOODSRECEIPT-000289"",""PC-COSTCENTER-000289""]"
PC-PURCHASEREQUISITION-002307,Invoice Changed,2023-10-26T15:15:00Z,accounting_header,APP-0000029567,USR-017,"[""PC-PURCHASEREQUISITION-002307"",""PC-SUPPLIERQUOTATION-002307"",""PC-ADVANCESHIPPINGNOTICE-000307""]"
PC-PURCHASEREQUISITION-002280,Payment Reversed,2023-10-27T02:51:00Z,inspection_lot,APP-0000029615,USR-076,"[""PC-PURCHASEREQUISITION-002280"",""PC-INSPECTIONLOT-000280"",""PC-REQUISITIONITEM-002280""]"
PC-PURCHASEREQUISITION-002295,Payment Proposal Approved,2023-10-27T03:11:00Z,req_header,APP-0000029622,USR-075,"[""PC-PURCHASEREQUISITION-002295"",""PC-GOODSMOVEMENT-000295"",""PC-PAYMENT-000295""]"
PC-PURCHASEREQUISITION-002327,Quality Inspection Failed,2023-10-27T03:27:00Z,inspection_lot,APP-0000029625,USR-095,"[""PC-PURCHASEREQUISITION-002327"",""PC-INVOICE-000327"",""PC-RFQ-002327""]"
PC-PURCHASEREQUISITION-002288,Purchase Order Closed,2023-10-27T06:08:00Z,accounting_header,APP-0000029636,USR-087,"[""PC-PURCHASEREQUISITION-002288"",""PC-INVOICEITEM-000288"",""PC-SUPPLIERQUOTATION-002288""]"
PC-PURCHASEREQUISITION-002285,Supplier Unblocked,2023-10-27T09:07:00Z,req_header,APP-0000029645,USR-038,"[""PC-PURCHASEREQUISITION-002285"",""PC-PAYMENTPROPOSAL-000285"",""PC-PURCHASEORDER-000285""]"
PC-PURCHASEREQUISITION-002333,Quality Inspection Started,2023-10-27T09:31:00Z,req_header,APP-0000029648,USR-068,"[""PC-PURCHASEREQUISITION-002333"",""PC-GOODSRECEIPT-000333"",""PC-COSTCENTER-000333""]"
PC-PURCHASEREQUISITION-002318,Invoice Parked,2023-10-27T12:24:00Z,inspection_lot,APP-0000029660,USR-075,"[""PC-PURCHASEREQUISITION-002318"",""PC-REQUISITIONITEM-002318"",""PC-SUPPLIER-000318""]"
PC-PURCHASEREQUISITION-002285,Payment Reversed,2023-10-27T17:51:00Z,inspection_lot,APP-0000029678,USR-034,"[""PC-PURCHASEREQUISITION-002285"",""PC-INSPECTIONLOT-000285"",""PC-REQUISITIONITEM-002285""]"
PC-PURCHASEREQUISITION-002310,Invoice Blocked,2023-10-27T18:21:00Z,goods_movement_header,APP-0000029688,USR-071,"[""PC-PURCHASEREQUISITION-002310"",""PC-PURCHASEORDERITEM-000310"",""PC-INSPECTIONLOT-000310""]"
PC-PURCHASEREQUISITION-002314,Three-Way Match Passed,2023-10-27T18:23:00Z,payment_run,APP-0000029689,USR-010,"[""PC-PURCHASEREQUISITION-002314"",""PC-CONTRACT-000314"",""PC-GOODSMOVEMENT-000314""]"
PC-PURCHASEREQUISITION-002340,Quality Inspection Started,2023-10-28T06:38:00Z,req_header,APP-0000029737,USR-060,"[""PC-PURCHASEREQUISITION-002340"",""PC-GOODSRECEIPT-000340"",""PC-COSTCENTER-000340""]"
PC-PURCHASEREQUISITION-002290,Payment Reversed,2023-10-28T08:51:00Z,inspection_lot,APP-0000029742,USR-119,"[""PC-PURCHASEREQUISITION-002290"",""PC-INSPECTIONLOT-000290"",""PC-REQUISITIONITEM-002290""]"
PC-PURCHASEREQUISITION-002312,Payment Proposal Created,2023-10-29T00:27:00Z,payment_run,APP-0000029811,USR-109,"[""PC-PURCHASEREQUISITION-002312"",""PC-ADVANCESHIPPINGNOTICE-000312"",""PC-PAYMENTPROPOSAL-000312""]"
PC-PURCHASEREQUISITION-002311,Payment Executed,2023-10-29T09:28:00Z,goods_movement_header,APP-0000029851,USR-094,"[""PC-PURCHASEREQUISITION-002311"",""PC-GOODSRECEIPT-000311"",""PC-COSTCENTER-000311""]"
PC-PURCHASEREQUISITION-002327,Three-Way Match Passed,2023-10-29T09:36:00Z,payment_run,APP-0000029852,USR-104,"[""PC-PURCHASEREQUISITION-002327"",""PC-CONTRACT-000327"",""PC-GOODSMOVEMENT-000327""]"
PC-PURCHASEREQUISITION-002347,Quality Inspection Passed,2023-10-29T09:46:00Z,goods_movement_header,APP-0000029854,USR-053,"[""PC-PURCHASEREQUISITION-002347"",""PC-INSPECTIONLOT-000347"",""PC-REQUISITIONITEM-002347""]"
PC-PURCHASEREQUISITION-002300,Goods Receipt Reversed,2023-10-29T14:14:00Z,accounting_header,APP-0000029866,USR-013,"[""PC-PURCHASEREQUISITION-002300"",""PC-ADVANCESHIPPINGNOTICE-000300"",""PC-PAYMENTPROPOSAL-000300""]"
PC-PURCHASEREQUISITION-002335,Invoice Posted,2023-10-29T21:42:00Z,invoice_header,APP-0000029901,USR-111,"[""PC-PURCHASEREQUISITION-002335"",""PC-RFQ-002335"",""PC-MATERIAL-000335""]"
PC-PURCHASEREQUISITION-002312,PO Item Final-Invoiced,2023-10-30T00:31:00Z,invoice_header,APP-0000029911,USR-113,"[""PC-PURCHASEREQUISITION-002312"",""PC-INVOICE-000312"",""PC-RFQ-002312""]"
PC-PURCHASEREQUISITION-002314,Payment Reversed,2023-10-30T00:32:00Z,inspection_lot,APP-0000029912,USR-019,"[""PC-PURCHASEREQUISITION-002314"",""PC-INSPECTIONLOT-000314"",""PC-REQUISITIONITEM-002314""]"
PC-PURCHASEREQUISITION-002340,Invoice Received,2023-10-30T00:45:00Z,goods_movement_header,APP-0000029914,USR-067,"[""PC-PURCHASEREQUISITION-002340"",""PC-COSTCENTER-000340"",""PC-SCHEDULELINE-000340""]"
PC-PURCHASEREQUISITION-002305,Goods Receipt Reversed,2023-10-30T05:14:00Z,accounting_header,APP-0000029929,USR-098,"[""PC-PURCHASEREQUISITION-002305"",""PC-ADVANCESHIPPINGNOTICE-000305"",""PC-PAYMENTPROPOSAL-000305""]"
PC-PURCHASEREQUISITION-002353,Quality Inspection Failed,2023-10-30T09:00:00Z,inspection_lot,APP-0000029941,USR-029,"[""PC-PURCHASEREQUISITION-002353"",""PC-INVOICE-000353"",""PC-RFQ-002353""]"
PC-PURCHASEREQUISITION-002364,Goods Receipt Reversed,2023-10-30T18:07:00Z,accounting_header,APP-0000029975,USR-085,"[""PC-PURCHASEREQUISITION-002364"",""PC-ADVANCESHIPPINGNOTICE-000364"",""PC-PAYMENTPROPOSAL-000364""]"
PC-PURCHASEREQUISITION-002361,Quality Inspection Started,2023-10-30T21:06:00Z,req_header,APP-0000029996,USR-036,"[""PC-PURCHASEREQUISITION-002361"",""PC-GOODSRECEIPT-000361"",""PC-COSTCENTER-000361""]"
PC-PURCHASEREQUISITION-002314,Supplier Unblocked,2023-10-31T00:36:00Z,req_header,APP-0000030015,USR-023,"[""PC-PURCHASEREQUISITION-002314"",""PC-PAYMENTPROPOSAL-000314"",""PC-PURCHASEORDER-000314""]"
PC-PURCHASEREQUISITION-002340,Three-Way Match Passed,2023-10-31T00:49:00Z,payment_run,APP-0000030018,USR-071,"[""PC-PURCHASEREQUISITION-002340"",""PC-CONTRACT-000340"",""PC-GOODSMOVEMENT-000340""]"
PC-PURCHASEREQUISITION-002315,Payment Reversed,2023-10-31T11:51:00Z,inspection_lot,APP-0000030053,USR-036,"[""PC-PURCHASEREQUISITION-002315"",""PC-INSPECTIONLOT-000315"",""PC-REQUISITIONITEM-002315""]"
PC-PURCHASEREQUISITION-002330,Payment Proposal Approved,2023-10-31T12:46:00Z,req_header,APP-0000030064,USR-035,"[""PC-PURCHASEREQUISITION-002330"",""PC-GOODSMOVEMENT-000330"",""PC-PAYMENT-000330""]"
PC-PURCHASEREQUISITION-002349,Invoice Posted,2023-10-31T15:03:00Z,invoice_header,APP-0000030065,USR-095,"[""PC-PURCHASEREQUISITION-002349"",""PC-RFQ-002349"",""PC-MATERIAL-000349""]"
PC-PURCHASEREQUISITION-002327,Payment Reversed,2023-10-31T15:45:00Z,inspection_lot,APP-0000030076,USR-113,"[""PC-PURCHASEREQUISITION-002327"",""PC-INSPECTIONLOT-000327"",""PC-REQUISITIONITEM-002327""]"
PC-PURCHASEREQUISITION-002368,Quality Inspection Started,2023-10-31T18:13:00Z,req_header,APP-0000030078,USR-028,"[""PC-PURCHASEREQUISITION-002368"",""PC-GOODSRECEIPT-000368"",""PC-COSTCENTER-000368""]"
PC-PURCHASEREQUISITION-002324,Supplier Blocked,2023-11-01T00:45:00Z,payment_run,APP-0000030110,USR-065,"[""PC-PURCHASEREQUISITION-002324"",""PC-ACCOUNTINGDOCUMENT-000324"",""PC-CONTRACT-000324""]"
PC-PURCHASEREQUISITION-002351,Invoice Changed,2023-11-01T03:06:00Z,accounting_header,APP-0000030117,USR-003,"[""PC-PURCHASEREQUISITION-002351"",""PC-SUPPLIERQUOTATION-002351"",""PC-ADVANCESHIPPINGNOTICE-000351""]"
PC-PURCHASEREQUISITION-002333,Payment Executed,2023-11-01T03:50:00Z,goods_movement_header,APP-0000030132,USR-087,"[""PC-PURCHASEREQUISITION-002333"",""PC-GOODSRECEIPT-000333"",""PC-COSTCENTER-000333""]"
PC-PURCHASEREQUISITION-002353,Three-Way Match Passed,2023-11-01T15:09:00Z,payment_run,APP-0000030165,USR-038,"[""PC-PURCHASEREQUISITION-002353"",""PC-CONTRACT-000353"",""PC-GOODSMOVEMENT-000353""]"
PC-PURCHASEREQUISITION-002325,Goods Receipt Reversed,2023-11-01T17:14:00Z,accounting_header,APP-0000030179,USR-057,"[""PC-PURCHASEREQUISITION-002325"",""PC-ADVANCESHIPPINGNOTICE-000325"",""PC-PAYMENTPROPOSAL-000325""]"
PC-PURCHASEREQUISITION-002349,Invoice Unblocked,2023-11-01T21:08:00Z,inspection_lot,APP-0000030192,USR-100,"[""PC-PURCHASEREQUISITION-002349"",""PC-SCHEDULELINE-000349"",""PC-INVOICE-000349""]"
PC-PURCHASEREQUISITION-002370,Stock Released from Blocked Stock,2023-11-02T00:19:00Z,accounting_header,APP-0000030204,USR-066,"[""PC-PURCHASEREQUISITION-002370"",""PC-ACCOUNTINGDOCUMENT-000370"",""PC-CONTRACT-000370""]"
PC-PURCHASEREQUISITION-002347,Accounting Document Created,2023-11-02T03:08:00Z,accounting_header,APP-0000030216,USR-068,"[""PC-PURCHASEREQUISITION-002347"",""PC-MATERIAL-000347"",""PC-ACCOUNTINGDOCUMENT-000347""]"
PC-PURCHASEREQUISITION-002340,Payment Reversed,2023-11-02T06:05:00Z,inspection_lot,APP-0000030228,USR-080,"[""PC-PURCHASEREQUISITION-002340"",""PC-INSPECTIONLOT-000340"",""PC-REQUISITIONITEM-002340""]"
PC-PURCHASEREQUISITION-002363,Invoice Posted,2023-11-02T09:17:00Z,invoice_header,APP-0000030244,USR-079,"[""PC-PURCHASEREQUISITION-002363"",""PC-RFQ-002363"",""PC-MATERIAL-000363""]"
PC-PURCHASEREQUISITION-002362,Invoice Changed,2023-11-02T12:17:00Z,accounting_header,APP-0000030257,USR-063,"[""PC-PURCHASEREQUISITION-002362"",""PC-SUPPLIERQUOTATION-002362"",""PC-ADVANCESHIPPINGNOTICE-000362""]"
PC-PURCHASEREQUISITION-002382,Quality Inspection Started,2023-11-02T12:27:00Z,req_header,APP-0000030260,USR-012,"[""PC-PURCHASEREQUISITION-002382"",""PC-GOODSRECEIPT-000382"",""PC-COSTCENTER-000382""]"
PC-PURCHASEREQUISITION-002349,Payment Proposal Created,2023-11-02T15:11:00Z,payment_run,APP-0000030274,USR-103,"[""PC-PURCHASEREQUISITION-002349"",""PC-ADVANCESHIPPINGNOTICE-000349"",""PC-PAYMENTPROPOSAL-000349""]"
PC-PURCHASEREQUISITION-002374,Return to Supplier Posted,2023-11-02T18:24:00Z,payment_run,APP-0000030287,USR-008,"[""PC-PURCHASEREQUISITION-002374"",""PC-PAYMENTPROPOSAL-000374"",""PC-PURCHASEORDER-000374""]"
PC-PURCHASEREQUISITION-002371,Invoice Received,2023-11-02T21:23:00Z,goods_movement_header,APP-0000030300,USR-086,"[""PC-PURCHASEREQUISITION-002371"",""PC-COSTCENTER-000371"",""PC-SCHEDULELINE-000371""]"
PC-PURCHASEREQUISITION-002335,Payment Reversed,2023-11-02T23:51:00Z,inspection_lot,APP-0000030306,USR-122,"[""PC-PURCHASEREQUISITION-002335"",""PC-INSPECTIONLOT-000335"",""PC-REQUISITIONITEM-002335""]"
PC-PURCHASEREQUISITION-002370,Invoice Posted,2023-11-03T06:24:00Z,invoice_header,APP-0000030340,USR-071,"[""PC-PURCHASEREQUISITION-002370"",""PC-RFQ-002370"",""PC-MATERIAL-000370""]"
PC-PURCHASEREQUISITION-002389,Quality Inspection Started,2023-11-03T09:34:00Z,req_header,APP-0000030351,USR-004,"[""PC-PURCHASEREQUISITION-002389"",""PC-GOODSRECEIPT-000389"",""PC-COSTCENTER-000389""]"
PC-PURCHASEREQUISITION-002340,Payment Reversed,2023-11-03T14:51:00Z,inspection_lot,APP-0000030365,USR-080,"[""PC-PURCHASEREQUISITION-002340"",""PC-INSPECTIONLOT-000340"",""PC-REQUISITIONITEM-002340""]"
PC-PURCHASEREQUISITION-002343,Supplier Unblocked,2023-11-03T15:12:00Z,req_header,APP-0000030374,USR-008,"[""PC-PURCHASEREQUISITION-002343"",""PC-PAYMENTPROPOSAL-000343"",""PC-PURCHASEORDER-000343""]"
PC-PURCHASEREQUISITION-002395,Goods Receipt Reversed,2023-11-03T15:38:00Z,accounting_header,APP-0000030377,USR-104,"[""PC-PURCHASEREQUISITION-002395"",""PC-ADVANCESHIPPINGNOTICE-000395"",""PC-PAYMENTPROPOSAL-000395""]"
PC-PURCHASEREQUISITION-002353,Payment Reversed,2023-11-03T21:18:00Z,inspection_lot,APP-0000030401,USR-047,"[""PC-PURCHASEREQUISITION-002353"",""PC-INSPECTIONLOT-000353"",""PC-REQUISITIONITEM-002353""]"
PC-PURCHASEREQUISITION-002355,Payment Executed,2023-11-03T21:19:00Z,goods_movement_header,APP-0000030402,USR-080,"[""PC-PURCHASEREQUISITION-002355"",""PC-GOODSRECEIPT-000355"",""PC-COSTCENTER-000355""]"
PC-PURCHASEREQUISITION-002377,Invoice Posted,2023-11-04T03:31:00Z,invoice_header,APP-0000030426,USR-063,"[""PC-PURCHASEREQUISITION-002377"",""PC-RFQ-002377"",""PC-MATERIAL-000377""]"
PC-PURCHASEREQUISITION-002345,Payment Reversed,2023-11-04T05:51:00Z,inspection_lot,APP-0000030430,USR-038,"[""PC-PURCHASEREQUISITION-002345"",""PC-INSPECTIONLOT-000345"",""PC-REQUISITIONITEM-002345""]"
PC-PURCHASEREQUISITION-002396,Quality Inspection Started,2023-11-04T06:41:00Z,req_header,APP-0000030441,USR-123,"[""PC-PURCHASEREQUISITION-002396"",""PC-GOODSRECEIPT-000396"",""PC-COSTCENTER-000396""]"
PC-PURCHASEREQUISITION-002398,Partial Receipt Posted,2023-11-04T06:42:00Z,payment_run,APP-0000030442,USR-029,"[""PC-PURCHASEREQUISITION-002398"",""PC-GOODSMOVEMENT-000398"",""PC-PAYMENT-000398""]"
PC-PURCHASEREQUISITION-002389,Stock Released from Blocked Stock,2023-11-04T09:38:00Z,accounting_header,APP-0000030454,USR-008,"[""PC-PURCHASEREQUISITION-002389"",""PC-ACCOUNTINGDOCUMENT-000389"",""PC-CONTRACT-000389""]"
PC-PURCHASEREQUISITION-002350,Goods Receipt Reversed,2023-11-04T20:14:00Z,accounting_header,APP-0000030491,USR-101,"[""PC-PURCHASEREQUISITION-002350"",""PC-ADVANCESHIPPINGNOTICE-000350"",""PC-PAYMENTPROPOSAL-000350""]"
PC-PURCHASEREQUISITION-002378,Three-Way Match Failed,2023-11-05T00:35:00Z,req_header,APP-0000030514,USR-083,"[""PC-PURCHASEREQUISITION-002378"",""PC-PURCHASEORDER-000378"",""PC-GOODSRECEIPT-000378""]"
PC-PURCHASEREQUISITION-002384,Invoice Posted,2023-11-05T00:38:00Z,invoice_header,APP-0000030515,USR-055,"[""PC-PURCHASEREQUISITION-002384"",""PC-RFQ-002384"",""PC-MATERIAL-000384""]"
PC-PURCHASEREQUISITION-002373,Credit Memo Posted,2023-11-05T03:33:00Z,invoice_header,APP-0000030525,USR-001,"[""PC-PURCHASEREQUISITION-002373"",""PC-SUPPLIER-000373"",""PC-INVOICEITEM-000373""]"
PC-PURCHASEREQUISITION-002355,Payment Reversed,2023-11-05T11:51:00Z,inspection_lot,APP-0000030558,USR-081,"[""PC-PURCHASEREQUISITION-002355"",""PC-INSPECTIONLOT-000355"",""PC-REQUISITIONITEM-002355""]"
PC-PURCHASEREQUISITION-002366,Payment Reversed,2023-11-05T12:31:00Z,inspection_lot,APP-0000030568,USR-014,"[""PC-PURCHASEREQUISITION-002366"",""PC-INSPECTIONLOT-000366"",""PC-REQUISITIONITEM-002366""]"
PC-PURCHASEREQUISITION-002397,Return to Supplier Posted,2023-11-05T15:47:00Z,payment_run,APP-0000030578,USR-018,"[""PC-PURCHASEREQUISITION-002397"",""PC-PAYMENTPROPOSAL-000397"",""PC-PURCHASEORDER-000397""]"
PC-PURCHASEREQUISITION-002364,Purchase Order Closed,2023-11-05T18:31:00Z,accounting_header,APP-0000030588,USR-109,"[""PC-PURCHASEREQUISITION-002364"",""PC-INVOICEITEM-000364"",""PC-SUPPLIERQUOTATION-002364""]"
PC-PURCHASEREQUISITION-002392,Invoice Parked,2023-11-05T18:45:00Z,inspection_lot,APP-0000030590,USR-063,"[""PC-PURCHASEREQUISITION-002392"",""PC-REQUISITIONITEM-002392"",""PC-SUPPLIER-000392""]"
PC-PURCHASEREQUISITION-002391,Invoice Posted,2023-11-05T21:45:00Z,invoice_header,APP-0000030600,USR-047,"[""PC-PURCHASEREQUISITION-002391"",""PC-RFQ-002391"",""PC-MATERIAL-000391""]"
PC-PURCHASEREQUISITION-002378,Accounting Document Created,2023-11-06T00:39:00Z,accounting_header,APP-0000030614,USR-087,"[""PC-PURCHASEREQUISITION-002378"",""PC-MATERIAL-000378"",""PC-ACCOUNTINGDOCUMENT-000378""]"
PC-PURCHASEREQUISITION-002360,Goods Receipt Reversed,2023-11-06T02:14:00Z,accounting_header,APP-0000030617,USR-017,"[""PC-PURCHASEREQUISITION-002360"",""PC-ADVANCESHIPPINGNOTICE-000360"",""PC-PAYMENTPROPOSAL-000360""]"
PC-PURCHASEREQUISITION-002403,PO Item Delivery Completed,2023-11-06T15:01:00Z,req_header,APP-0000030662,USR-121,"[""PC-PURCHASEREQUISITION-002403"",""PC-PAYMENT-000403"",""PC-PURCHASEORDERITEM-000403""]"
PC-PURCHASEREQUISITION-002377,Payment Executed,2023-11-06T15:41:00Z,goods_movement_header,APP-0000030675,USR-073,"[""PC-PURCHASEREQUISITION-002377"",""PC-GOODSRECEIPT-000377"",""PC-COSTCENTER-000377""]"
PC-PURCHASEREQUISITION-002365,Goods Receipt Reversed,2023-11-06T17:14:00Z,accounting_header,APP-0000030680,USR-102,"[""PC-PURCHASEREQUISITION-002365"",""PC-ADVANCESHIPPINGNOTICE-000365"",""PC-PAYMENTPROPOSAL-000365""]"
PC-PURCHASEREQUISITION-002408,Stock Released from Blocked Stock,2023-11-06T18:04:00Z,accounting_header,APP-0000030683,USR-077,"[""PC-PURCHASEREQUISITION-002408"",""PC-ACCOUNTINGDOCUMENT-000408"",""PC-CONTRACT-000408""]"
PC-PURCHASEREQUISITION-002370,Supplier Blocked,2023-11-06T18:38:00Z,payment_run,APP-0000030693,USR-085,"[""PC-PURCHASEREQUISITION-002370"",""PC-ACCOUNTINGDOCUMENT-000370"",""PC-CONTRACT-000370""]"
PC-PURCHASEREQUISITION-002379,Payment Reversed,2023-11-07T03:44:00Z,inspection_lot,APP-0000030727,USR-108,"[""PC-PURCHASEREQUISITION-002379"",""PC-INSPECTIONLOT-000379"",""PC-REQUISITIONITEM-002379""]"
PC-PURCHASEREQUISITION-002372,Supplier Unblocked,2023-11-07T06:41:00Z,req_header,APP-0000030737,USR-120,"[""PC-PURCHASEREQUISITION-002372"",""PC-PAYMENTPROPOSAL-000372"",""PC-PURCHASEORDER-000372""]"
PC-PURCHASEREQUISITION-002426,Goods Receipt Reversed,2023-11-07T12:16:00Z,accounting_header,APP-0000030757,USR-123,"[""PC-PURCHASEREQUISITION-002426"",""PC-ADVANCESHIPPINGNOTICE-000426"",""PC-PAYMENTPROPOSAL-000426""]"
PC-PURCHASEREQUISITION-002386,Payment Proposal Approved,2023-11-07T12:49:00Z,req_header,APP-0000030768,USR-098,"[""PC-PURCHASEREQUISITION-002386"",""PC-GOODSMOVEMENT-000386"",""PC-PAYMENT-000386""]"
PC-PURCHASEREQUISITION-002395,Invoice Unblocked,2023-11-07T15:01:00Z,inspection_lot,APP-0000030769,USR-120,"[""PC-PURCHASEREQUISITION-002395"",""PC-SCHEDULELINE-000395"",""PC-INVOICE-000395""]"
PC-PURCHASEREQUISITION-002405,Invoice Posted,2023-11-07T15:06:00Z,invoice_header,APP-0000030770,USR-031,"[""PC-PURCHASEREQUISITION-002405"",""PC-RFQ-002405"",""PC-MATERIAL-000405""]"
PC-PURCHASEREQUISITION-002424,Quality Inspection Started,2023-11-07T18:16:00Z,req_header,APP-0000030780,USR-091,"[""PC-PURCHASEREQUISITION-002424"",""PC-GOODSRECEIPT-000424"",""PC-COSTCENTER-000424""]"
PC-PURCHASEREQUISITION-002406,Invoice Changed,2023-11-08T00:08:00Z,accounting_header,APP-0000030806,USR-049,"[""PC-PURCHASEREQUISITION-002406"",""PC-SUPPLIERQUOTATION-002406"",""PC-ADVANCESHIPPINGNOTICE-000406""]"
PC-PURCHASEREQUISITION-002433,Goods Receipt Posted,2023-11-08T03:22:00Z,invoice_header,APP-0000030822,USR-114,"[""PC-PURCHASEREQUISITION-002433"",""PC-MATERIAL-000433"",""PC-ACCOUNTINGDOCUMENT-000433""]"
PC-PURCHASEREQUISITION-002380,Payment Reversed,2023-11-08T14:51:00Z,inspection_lot,APP-0000030870,USR-125,"[""PC-PURCHASEREQUISITION-002380"",""PC-INSPECTIONLOT-000380"",""PC-REQUISITIONITEM-002380""]"
PC-PURCHASEREQUISITION-002405,Invoice Blocked,2023-11-08T15:10:00Z,goods_movement_header,APP-0000030872,USR-035,"[""PC-PURCHASEREQUISITION-002405"",""PC-PURCHASEORDERITEM-000405"",""PC-INSPECTIONLOT-000405""]"
PC-PURCHASEREQUISITION-002435,Partial Receipt Posted,2023-11-08T21:26:00Z,payment_run,APP-0000030898,USR-023,"[""PC-PURCHASEREQUISITION-002435"",""PC-GOODSMOVEMENT-000435"",""PC-PAYMENT-000435""]"
PC-PURCHASEREQUISITION-002427,Stock Released from Blocked Stock,2023-11-09T03:23:00Z,accounting_header,APP-0000030920,USR-019,"[""PC-PURCHASEREQUISITION-002427"",""PC-ACCOUNTINGDOCUMENT-000427"",""PC-CONTRACT-000427""]"
PC-PURCHASEREQUISITION-002431,Quality Inspection Failed,2023-11-09T03:25:00Z,inspection_lot,APP-0000030921,USR-085,"[""PC-PURCHASEREQUISITION-002431"",""PC-INVOICE-000431"",""PC-RFQ-002431""]"
PC-PURCHASEREQUISITION-002385,Payment Reversed,2023-11-09T05:51:00Z,inspection_lot,APP-0000030929,USR-083,"[""PC-PURCHASEREQUISITION-002385"",""PC-INSPECTIONLOT-000385"",""PC-REQUISITIONITEM-002385""]"
PC-PURCHASEREQUISITION-002390,Payment Reversed,2023-11-09T20:51:00Z,inspection_lot,APP-0000030996,USR-041,"[""PC-PURCHASEREQUISITION-002390"",""PC-INSPECTIONLOT-000390"",""PC-REQUISITIONITEM-002390""]"
PC-PURCHASEREQUISITION-002429,Invoice Parked,2023-11-10T09:29:00Z,inspection_lot,APP-0000031051,USR-057,"[""PC-PURCHASEREQUISITION-002429"",""PC-REQUISITIONITEM-002429"",""PC-SUPPLIER-000429""]"
PC-PURCHASEREQUISITION-002395,Payment Reversed,2023-11-10T11:51:00Z,inspection_lot,APP-0000031056,USR-126,"[""PC-PURCHASEREQUISITION-002395"",""PC-INSPECTIONLOT-000395"",""PC-REQUISITIONITEM-002395""]"
PC-PURCHASEREQUISITION-002402,Purchase Order Closed,2023-11-10T12:16:00Z,accounting_header,APP-0000031066,USR-120,"[""PC-PURCHASEREQUISITION-002402"",""PC-INVOICEITEM-000402"",""PC-SUPPLIERQUOTATION-002402""]"
PC-PURCHASEREQUISITION-002428,Invoice Changed,2023-11-10T18:30:00Z,accounting_header,APP-0000031092,USR-042,"[""PC-PURCHASEREQUISITION-002428"",""PC-SUPPLIERQUOTATION-002428"",""PC-ADVANCESHIPPINGNOTICE-000428""]"
PC-PURCHASEREQUISITION-002401,Supplier Unblocked,2023-11-10T21:17:00Z,req_header,APP-0000031103,USR-105,"[""PC-PURCHASEREQUISITION-002401"",""PC-PAYMENTPROPOSAL-000401"",""PC-PURCHASEORDER-000401""]"
PC-PURCHASEREQUISITION-002414,Payment Proposal Approved,2023-11-11T00:24:00Z,req_header,APP-0000031115,USR-066,"[""PC-PURCHASEREQUISITION-002414"",""PC-GOODSMOVEMENT-000414"",""PC-PAYMENT-000414""]"
PC-PURCHASEREQUISITION-002424,Invoice Blocked,2023-11-11T00:29:00Z,goods_movement_header,APP-0000031116,USR-104,"[""PC-PURCHASEREQUISITION-002424"",""PC-PURCHASEORDERITEM-000424"",""PC-INSPECTIONLOT-000424""]"
PC-PURCHASEREQUISITION-002400,Goods Receipt Reversed,2023-11-11T02:14:00Z,accounting_header,APP-0000031120,USR-062,"[""PC-PURCHASEREQUISITION-002400"",""PC-ADVANCESHIPPINGNOTICE-000400"",""PC-PAYMENTPROPOSAL-000400""]"
PC-PURCHASEREQUISITION-002433,Invoice Posted,2023-11-11T03:34:00Z,invoice_header,APP-0000031132,USR-126,"[""PC-PURCHASEREQUISITION-002433"",""PC-RFQ-002433"",""PC-MATERIAL-000433""]"
PC-PURCHASEREQUISITION-002452,Quality Inspection Started,2023-11-11T06:44:00Z,req_header,APP-0000031142,USR-059,"[""PC-PURCHASEREQUISITION-002452"",""PC-GOODSRECEIPT-000452"",""PC-COSTCENTER-000452""]"
PC-PURCHASEREQUISITION-002429,Three-Way Match Failed,2023-11-11T09:33:00Z,req_header,APP-0000031153,USR-061,"[""PC-PURCHASEREQUISITION-002429"",""PC-PURCHASEORDER-000429"",""PC-GOODSRECEIPT-000429""]"
PC-PURCHASEREQUISITION-002431,Three-Way Match Passed,2023-11-11T09:34:00Z,payment_run,APP-0000031154,USR-094,"[""PC-PURCHASEREQUISITION-002431"",""PC-CONTRACT-000431"",""PC-GOODSMOVEMENT-000431""]"
PC-PURCHASEREQUISITION-002443,Return to Supplier Posted,2023-11-11T09:40:00Z,payment_run,APP-0000031155,USR-038,"[""PC-PURCHASEREQUISITION-002443"",""PC-PAYMENTPROPOSAL-000443"",""PC-PURCHASEORDER-000443""]"
PC-PURCHASEREQUISITION-002405,Goods Receipt Reversed,2023-11-11T17:14:00Z,accounting_header,APP-0000031179,USR-020,"[""PC-PURCHASEREQUISITION-002405"",""PC-ADVANCESHIPPINGNOTICE-000405"",""PC-PAYMENTPROPOSAL-000405""]"
PC-PURCHASEREQUISITION-002421,Payment Executed,2023-11-12T03:32:00Z,goods_movement_header,APP-0000031229,USR-059,"[""PC-PURCHASEREQUISITION-002421"",""PC-GOODSRECEIPT-000421"",""PC-COSTCENTER-000421""]"
PC-PURCHASEREQUISITION-002457,Quality Inspection Passed,2023-11-12T03:50:00Z,goods_movement_header,APP-0000031231,USR-018,"[""PC-PURCHASEREQUISITION-002457"",""PC-INSPECTIONLOT-000457"",""PC-REQUISITIONITEM-002457""]"
PC-PURCHASEREQUISITION-002410,Goods Receipt Reversed,2023-11-12T08:14:00Z,accounting_header,APP-0000031246,USR-105,"[""PC-PURCHASEREQUISITION-002410"",""PC-ADVANCESHIPPINGNOTICE-000410"",""PC-PAYMENTPROPOSAL-000410""]"
PC-PURCHASEREQUISITION-002431,Credit Memo Posted,2023-11-12T09:38:00Z,invoice_header,APP-0000031259,USR-098,"[""PC-PURCHASEREQUISITION-002431"",""PC-SUPPLIER-000431"",""PC-INVOICEITEM-000431""]"
PC-PURCHASEREQUISITION-002416,Supplier Blocked,2023-11-12T12:31:00Z,payment_run,APP-0000031270,USR-105,"[""PC-PURCHASEREQUISITION-002416"",""PC-ACCOUNTINGDOCUMENT-000416"",""PC-CONTRACT-000416""]"
PC-PURCHASEREQUISITION-002428,Payment Proposal Approved,2023-11-12T18:38:00Z,req_header,APP-0000031292,USR-050,"[""PC-PURCHASEREQUISITION-002428"",""PC-GOODSMOVEMENT-000428"",""PC-PAYMENT-000428""]"
PC-PURCHASEREQUISITION-002421,Purchase Order Closed,2023-11-12T21:35:00Z,accounting_header,APP-0000031302,USR-062,"[""PC-PURCHASEREQUISITION-002421"",""PC-INVOICEITEM-000421"",""PC-SUPPLIERQUOTATION-002421""]"
PC-PURCHASEREQUISITION-002447,Invoice Posted,2023-11-12T21:48:00Z,invoice_header,APP-0000031303,USR-110,"[""PC-PURCHASEREQUISITION-002447"",""PC-RFQ-002447"",""PC-MATERIAL-000447""]"
PC-PURCHASEREQUISITION-002443,Invoice Blocked,2023-11-13T09:48:00Z,goods_movement_header,APP-0000031353,USR-046,"[""PC-PURCHASEREQUISITION-002443"",""PC-PURCHASEORDERITEM-000443"",""PC-INSPECTIONLOT-000443""]"
PC-PURCHASEREQUISITION-002450,Invoice Changed,2023-11-13T12:52:00Z,accounting_header,APP-0000031369,USR-035,"[""PC-PURCHASEREQUISITION-002450"",""PC-SUPPLIERQUOTATION-002450"",""PC-ADVANCESHIPPINGNOTICE-000450""]"
PC-PURCHASEREQUISITION-002420,Payment Reversed,2023-11-13T14:51:00Z,inspection_lot,APP-0000031373,USR-043,"[""PC-PURCHASEREQUISITION-002420"",""PC-INSPECTIONLOT-000420"",""PC-REQUISITIONITEM-002420""]"
PC-PURCHASEREQUISITION-002431,Payment Reversed,2023-11-13T15:43:00Z,inspection_lot,APP-0000031383,USR-103,"[""PC-PURCHASEREQUISITION-002431"",""PC-INSPECTIONLOT-000431"",""PC-REQUISITIONITEM-002431""]"
PC-PURCHASEREQUISITION-002465,Stock Released from Blocked Stock,2023-11-13T21:08:00Z,accounting_header,APP-0000031397,USR-030,"[""PC-PURCHASEREQUISITION-002465"",""PC-ACCOUNTINGDOCUMENT-000465"",""PC-CONTRACT-000465""]"
PC-PURCHASEREQUISITION-002473,Quality Inspection Started,2023-11-13T21:12:00Z,req_header,APP-0000031398,USR-035,"[""PC-PURCHASEREQUISITION-002473"",""PC-GOODSRECEIPT-000473"",""PC-COSTCENTER-000473""]"
PC-PURCHASEREQUISITION-002480,Quality Inspection Started,2023-11-14T18:19:00Z,req_header,APP-0000031479,USR-027,"[""PC-PURCHASEREQUISITION-002480"",""PC-GOODSRECEIPT-000480"",""PC-COSTCENTER-000480""]"
PC-PURCHASEREQUISITION-002430,Goods Receipt Reversed,2023-11-14T20:14:00Z,accounting_header,APP-0000031491,USR-064,"[""PC-PURCHASEREQUISITION-002430"",""PC-ADVANCESHIPPINGNOTICE-000430"",""PC-PAYMENTPROPOSAL-000430""]"
PC-PURCHASEREQUISITION-002435,Goods Receipt Reversed,2023-11-15T11:14:00Z,accounting_header,APP-0000031559,USR-022,"[""PC-PURCHASEREQUISITION-002435"",""PC-ADVANCESHIPPINGNOTICE-000435"",""PC-PAYMENTPROPOSAL-000435""]"
PC-PURCHASEREQUISITION-002468,Invoice Posted,2023-11-15T12:16:00Z,invoice_header,APP-0000031564,USR-086,"[""PC-PURCHASEREQUISITION-002468"",""PC-RFQ-002468"",""PC-MATERIAL-000468""]"
PC-PURCHASEREQUISITION-002463,Three-Way Match Failed,2023-11-15T15:14:00Z,req_header,APP-0000031575,USR-004,"[""PC-PURCHASEREQUISITION-002463"",""PC-PURCHASEORDER-000463"",""PC-GOODSRECEIPT-000463""]"
PC-PURCHASEREQUISITION-002460,Credit Memo Posted,2023-11-16T00:14:00Z,invoice_header,APP-0000031612,USR-083,"[""PC-PURCHASEREQUISITION-002460"",""PC-SUPPLIER-000460"",""PC-INVOICEITEM-000460""]"
PC-PURCHASEREQUISITION-002440,Payment Reversed,2023-11-16T02:51:00Z,inspection_lot,APP-0000031621,USR-002,"[""PC-PURCHASEREQUISITION-002440"",""PC-INSPECTIONLOT-000440"",""PC-REQUISITIONITEM-002440""]"
PC-PURCHASEREQUISITION-002454,Payment Executed,2023-11-16T06:12:00Z,goods_movement_header,APP-0000031639,USR-112,"[""PC-PURCHASEREQUISITION-002454"",""PC-GOODSRECEIPT-000454"",""PC-COSTCENTER-000454""]"
PC-PURCHASEREQUISITION-002464,Invoice Unblocked,2023-11-16T06:17:00Z,inspection_lot,APP-0000031641,USR-023,"[""PC-PURCHASEREQUISITION-002464"",""PC-SCHEDULELINE-000464"",""PC-INVOICE-000464""]"
PC-PURCHASEREQUISITION-002472,Invoice Changed,2023-11-16T06:21:00Z,accounting_header,APP-0000031643,USR-028,"[""PC-PURCHASEREQUISITION-002472"",""PC-SUPPLIERQUOTATION-002472"",""PC-ADVANCESHIPPINGNOTICE-000472""]"
PC-PURCHASEREQUISITION-002490,Quality Inspection Passed,2023-11-16T06:30:00Z,goods_movement_header,APP-0000031645,USR-071,"[""PC-PURCHASEREQUISITION-002490"",""PC-INSPECTIONLOT-000490"",""PC-REQUISITIONITEM-002490""]"
PC-PURCHASEREQUISITION-002475,Invoice Posted,2023-11-16T09:23:00Z,invoice_header,APP-0000031657,USR-078,"[""PC-PURCHASEREQUISITION-002475"",""PC-RFQ-002475"",""PC-MATERIAL-000475""]"
PC-PURCHASEREQUISITION-002494,Quality Inspection Started,2023-11-16T12:33:00Z,req_header,APP-0000031669,USR-011,"[""PC-PURCHASEREQUISITION-002494"",""PC-GOODSRECEIPT-000494"",""PC-COSTCENTER-000494""]"
PC-PURCHASEREQUISITION-002445,Goods Receipt Reversed,2023-11-16T17:14:00Z,accounting_header,APP-0000031685,USR-065,"[""PC-PURCHASEREQUISITION-002445"",""PC-ADVANCESHIPPINGNOTICE-000445"",""PC-PAYMENTPROPOSAL-000445""]"
PC-PURCHASEREQUISITION-002489,Return to Supplier Posted,2023-11-17T03:33:00Z,payment_run,APP-0000031729,USR-058,"[""PC-PURCHASEREQUISITION-002489"",""PC-PAYMENTPROPOSAL-000489"",""PC-PURCHASEORDER-000489""]"
PC-PURCHASEREQUISITION-002496,Quality Inspection Failed,2023-11-17T06:37:00Z,inspection_lot,APP-0000031741,USR-047,"[""PC-PURCHASEREQUISITION-002496"",""PC-INVOICE-000496"",""PC-RFQ-002496""]"
PC-PURCHASEREQUISITION-002450,Payment Reversed,2023-11-17T08:51:00Z,inspection_lot,APP-0000031745,USR-045,"[""PC-PURCHASEREQUISITION-002450"",""PC-INSPECTIONLOT-000450"",""PC-REQUISITIONITEM-002450""]"
PC-PURCHASEREQUISITION-002501,Quality Inspection Started,2023-11-17T09:40:00Z,req_header,APP-0000031756,USR-003,"[""PC-PURCHASEREQUISITION-002501"",""PC-GOODSRECEIPT-000001"",""PC-COSTCENTER-000001""]"
PC-PURCHASEREQUISITION-002490,PO Item Delivery Completed,2023-11-17T12:35:00Z,req_header,APP-0000031766,USR-076,"[""PC-PURCHASEREQUISITION-002490"",""PC-PAYMENT-000490"",""PC-PURCHASEORDERITEM-000490""]"
PC-PURCHASEREQUISITION-002459,Purchase Order Closed,2023-11-17T15:20:00Z,accounting_header,APP-0000031780,USR-073,"[""PC-PURCHASEREQUISITION-002459"",""PC-INVOICEITEM-000459"",""PC-SUPPLIERQUOTATION-002459""]"
PC-PURCHASEREQUISITION-002471,Accounting Document Created,2023-11-17T15:26:00Z,accounting_header,APP-0000031782,USR-017,"[""PC-PURCHASEREQUISITION-002471"",""PC-MATERIAL-000471"",""PC-ACCOUNTINGDOCUMENT-000471""]"
PC-PURCHASEREQUISITION-002483,Three-Way Match Passed,2023-11-17T21:33:00Z,payment_run,APP-0000031805,USR-089,"[""PC-PURCHASEREQUISITION-002483"",""PC-CONTRACT-000483"",""PC-GOODSMOVEMENT-000483""]"
PC-PURCHASEREQUISITION-002455,Payment Reversed,2023-11-17T23:51:00Z,inspection_lot,APP-0000031809,USR-003,"[""PC-PURCHASEREQUISITION-002455"",""PC-INSPECTIONLOT-000455"",""PC-REQUISITIONITEM-002455""]"
PC-PURCHASEREQUISITION-002470,Payment Proposal Approved,2023-11-18T00:27:00Z,req_header,APP-0000031819,USR-002,"[""PC-PURCHASEREQUISITION-002470"",""PC-GOODSMOVEMENT-000470"",""PC-PAYMENT-000470""]"
PC-PURCHASEREQUISITION-002465,PO Item Final-Invoiced,2023-11-18T03:25:00Z,invoice_header,APP-0000031831,USR-047,"[""PC-PURCHASEREQUISITION-002465"",""PC-INVOICE-000465"",""PC-RFQ-002465""]"
PC-PURCHASEREQUISITION-002481,Invoice Blocked,2023-11-18T03:33:00Z,goods_movement_header,APP-0000031832,USR-057,"[""PC-PURCHASEREQUISITION-002481"",""PC-PURCHASEORDERITEM-000481"",""PC-INSPECTIONLOT-000481""]"
PC-PURCHASEREQUISITION-002489,Invoice Posted,2023-11-18T03:37:00Z,invoice_header,APP-0000031833,USR-062,"[""PC-PURCHASEREQUISITION-002489"",""PC-RFQ-002489"",""PC-MATERIAL-000489""]"
PC-PURCHASEREQUISITION-002509,Partial Receipt Posted,2023-11-18T03:47:00Z,payment_run,APP-0000031834,USR-011,"[""PC-PURCHASEREQUISITION-002509"",""PC-GOODSMOVEMENT-000009"",""PC-PAYMENT-000009""]"
PC-PURCHASEREQUISITION-002462,Supplier Blocked,2023-11-18T06:24:00Z,payment_run,APP-0000031844,USR-125,"[""PC-PURCHASEREQUISITION-002462"",""PC-ACCOUNTINGDOCUMENT-000462"",""PC-CONTRACT-000462""]"
PC-PURCHASEREQUISITION-002460,Payment Reversed,2023-11-18T14:51:00Z,inspection_lot,APP-0000031872,USR-088,"[""PC-PURCHASEREQUISITION-002460"",""PC-INSPECTIONLOT-000460"",""PC-REQUISITIONITEM-002460""]"
PC-PURCHASEREQUISITION-002503,Stock Released from Blocked Stock,2023-11-18T15:46:00Z,accounting_header,APP-0000031882,USR-041,"[""PC-PURCHASEREQUISITION-002503"",""PC-ACCOUNTINGDOCUMENT-000003"",""PC-CONTRACT-000003""]"
PC-PURCHASEREQUISITION-002477,Payment Proposal Approved,2023-11-18T21:34:00Z,req_header,APP-0000031903,USR-121,"[""PC-PURCHASEREQUISITION-002477"",""PC-GOODSMOVEMENT-000477"",""PC-PAYMENT-000477""]"
PC-PURCHASEREQUISITION-002494,Invoice Changed,2023-11-19T00:43:00Z,accounting_header,APP-0000031918,USR-021,"[""PC-PURCHASEREQUISITION-002494"",""PC-SUPPLIERQUOTATION-002494"",""PC-ADVANCESHIPPINGNOTICE-000494""]"
PC-PURCHASEREQUISITION-002519,Goods Receipt Reversed,2023-11-19T03:03:00Z,accounting_header,APP-0000031922,USR-053,"[""PC-PURCHASEREQUISITION-002519"",""PC-ADVANCESHIPPINGNOTICE-000019"",""PC-PAYMENTPROPOSAL-000019""]"
PC-PURCHASEREQUISITION-002465,Goods Receipt Reversed,2023-11-19T05:14:00Z,accounting_header,APP-0000031937,USR-024,"[""PC-PURCHASEREQUISITION-002465"",""PC-ADVANCESHIPPINGNOTICE-000465"",""PC-PAYMENTPROPOSAL-000465""]"
PC-PURCHASEREQUISITION-002512,Stock Placed in Blocked Stock,2023-11-19T12:01:00Z,invoice_header,APP-0000031960,USR-066,"[""PC-PURCHASEREQUISITION-002512"",""PC-INVOICEITEM-000012"",""PC-SUPPLIERQUOTATION-002512""]"
PC-PURCHASEREQUISITION-002496,Three-Way Match Passed,2023-11-19T12:46:00Z,payment_run,APP-0000031970,USR-056,"[""PC-PURCHASEREQUISITION-002496"",""PC-CONTRACT-000496"",""PC-GOODSMOVEMENT-000496""]"
PC-PURCHASEREQUISITION-002503,Invoice Parked,2023-11-19T15:50:00Z,inspection_lot,APP-0000031982,USR-045,"[""PC-PURCHASEREQUISITION-002503"",""PC-REQUISITIONITEM-002503"",""PC-SUPPLIER-000003""]"
PC-PURCHASEREQUISITION-002497,Three-Way Match Failed,2023-11-19T21:48:00Z,req_header,APP-0000032008,USR-074,"[""PC-PURCHASEREQUISITION-002497"",""PC-PURCHASEORDER-000497"",""PC-GOODSRECEIPT-000497""]"
PC-PURCHASEREQUISITION-002483,Payment Reversed,2023-11-20T03:42:00Z,inspection_lot,APP-0000032032,USR-098,"[""PC-PURCHASEREQUISITION-002483"",""PC-INSPECTIONLOT-000483"",""PC-REQUISITIONITEM-002483""]"
PC-PURCHASEREQUISITION-002482,PO Item Final-Invoiced,2023-11-20T06:42:00Z,invoice_header,APP-0000032043,USR-082,"[""PC-PURCHASEREQUISITION-002482"",""PC-INVOICE-000482"",""PC-RFQ-002482""]"
PC-PURCHASEREQUISITION-002505,Invoice Changed,2023-11-20T09:01:00Z,accounting_header,APP-0000032044,USR-081,"[""PC-PURCHASEREQUISITION-002505"",""PC-SUPPLIERQUOTATION-002505"",""PC-ADVANCESHIPPINGNOTICE-000005""]"
PC-PURCHASEREQUISITION-002475,Payment Reversed,2023-11-20T11:51:00Z,inspection_lot,APP-0000032061,USR-089,"[""PC-PURCHASEREQUISITION-002475"",""PC-INSPECTIONLOT-000475"",""PC-REQUISITIONITEM-002475""]"
PC-PURCHASEREQUISITION-002500,Invoice Blocked,2023-11-20T12:52:00Z,goods_movement_header,APP-0000032073,USR-126,"[""PC-PURCHASEREQUISITION-002500"",""PC-PURCHASEORDERITEM-000500"",""PC-INSPECTIONLOT-000500""]"
PC-PURCHASEREQUISITION-002491,Payment Proposal Approved,2023-11-20T15:48:00Z,req_header,APP-0000032083,USR-105,"[""PC-PURCHASEREQUISITION-002491"",""PC-GOODSMOVEMENT-000491"",""PC-PAYMENT-000491""]"
PC-PURCHASEREQUISITION-002510,Invoice Posted,2023-11-20T18:05:00Z,invoice_header,APP-0000032084,USR-038,"[""PC-PURCHASEREQUISITION-002510"",""PC-RFQ-002510"",""PC-MATERIAL-000010""]"
PC-PURCHASEREQUISITION-002522,Stock Released from Blocked Stock,2023-11-21T00:12:00Z,accounting_header,APP-0000032107,USR-110,"[""PC-PURCHASEREQUISITION-002522"",""PC-ACCOUNTINGDOCUMENT-000022"",""PC-CONTRACT-000022""]"
PC-PURCHASEREQUISITION-002480,Payment Reversed,2023-11-21T02:51:00Z,inspection_lot,APP-0000032121,USR-047,"[""PC-PURCHASEREQUISITION-002480"",""PC-INSPECTIONLOT-000480"",""PC-REQUISITIONITEM-002480""]"
PC-PURCHASEREQUISITION-002497,Payment Proposal Created,2023-11-21T03:00:00Z,payment_run,APP-0000032122,USR-079,"[""PC-PURCHASEREQUISITION-002497"",""PC-ADVANCESHIPPINGNOTICE-000497"",""PC-PAYMENTPROPOSAL-000497""]"
PC-PURCHASEREQUISITION-002519,PO Item Delivery Completed,2023-11-21T03:11:00Z,req_header,APP-0000032124,USR-061,"[""PC-PURCHASEREQUISITION-002519"",""PC-PAYMENT-000019"",""PC-PURCHASEORDERITEM-000019""]"
PC-PURCHASEREQUISITION-002485,Supplier Blocked,2023-11-21T03:47:00Z,payment_run,APP-0000032134,USR-008,"[""PC-PURCHASEREQUISITION-002485"",""PC-ACCOUNTINGDOCUMENT-000485"",""PC-CONTRACT-000485""]"
PC-PURCHASEREQUISITION-002485,Payment Reversed,2023-11-21T17:51:00Z,inspection_lot,APP-0000032183,USR-005,"[""PC-PURCHASEREQUISITION-002485"",""PC-INSPECTIONLOT-000485"",""PC-REQUISITIONITEM-002485""]"
PC-PURCHASEREQUISITION-002496,Payment Reversed,2023-11-21T18:02:00Z,inspection_lot,APP-0000032184,USR-065,"[""PC-PURCHASEREQUISITION-002496"",""PC-INSPECTIONLOT-000496"",""PC-REQUISITIONITEM-002496""]"
PC-PURCHASEREQUISITION-002498,Payment Executed,2023-11-21T18:03:00Z,goods_movement_header,APP-0000032185,USR-098,"[""PC-PURCHASEREQUISITION-002498"",""PC-GOODSRECEIPT-000498"",""PC-COSTCENTER-000498""]"
PC-PURCHASEREQUISITION-002534,Quality Inspection Passed,2023-11-21T18:21:00Z,goods_movement_header,APP-0000032187,USR-057,"[""PC-PURCHASEREQUISITION-002534"",""PC-INSPECTIONLOT-000034"",""PC-REQUISITIONITEM-002534""]"
PC-PURCHASEREQUISITION-002536,Quality Inspection Started,2023-11-21T18:22:00Z,req_header,APP-0000032188,USR-090,"[""PC-PURCHASEREQUISITION-002536"",""PC-GOODSRECEIPT-000036"",""PC-COSTCENTER-000036""]"
PC-PURCHASEREQUISITION-002510,Invoice Unblocked,2023-11-22T00:10:00Z,inspection_lot,APP-0000032214,USR-043,"[""PC-PURCHASEREQUISITION-002510"",""PC-SCHEDULELINE-000010"",""PC-INVOICE-000010""]"
PC-PURCHASEREQUISITION-002535,Quality Inspection Failed,2023-11-22T03:23:00Z,inspection_lot,APP-0000032228,USR-075,"[""PC-PURCHASEREQUISITION-002535"",""PC-INVOICE-000035"",""PC-RFQ-002535""]"
PC-PURCHASEREQUISITION-002490,Goods Receipt Reversed,2023-11-22T08:14:00Z,accounting_header,APP-0000032247,USR-068,"[""PC-PURCHASEREQUISITION-002490"",""PC-ADVANCESHIPPINGNOTICE-000490"",""PC-PAYMENTPROPOSAL-000490""]"
PC-PURCHASEREQUISITION-002549,Goods Receipt Posted,2023-11-22T15:32:00Z,invoice_header,APP-0000032279,USR-054,"[""PC-PURCHASEREQUISITION-002549"",""PC-MATERIAL-000049"",""PC-ACCOUNTINGDOCUMENT-000049""]"
PC-PURCHASEREQUISITION-002546,Partial Receipt Posted,2023-11-22T18:31:00Z,payment_run,APP-0000032291,USR-005,"[""PC-PURCHASEREQUISITION-002546"",""PC-GOODSMOVEMENT-000046"",""PC-PAYMENT-000046""]"
PC-PURCHASEREQUISITION-002495,Payment Reversed,2023-11-22T23:51:00Z,inspection_lot,APP-0000032310,USR-048,"[""PC-PURCHASEREQUISITION-002495"",""PC-INSPECTIONLOT-000495"",""PC-REQUISITIONITEM-002495""]"
PC-PURCHASEREQUISITION-002545,Quality Inspection Passed,2023-11-23T03:32:00Z,goods_movement_header,APP-0000032332,USR-117,"[""PC-PURCHASEREQUISITION-002545"",""PC-INSPECTIONLOT-000045"",""PC-REQUISITIONITEM-002545""]"
PC-PURCHASEREQUISITION-002509,Payment Reversed,2023-11-23T09:15:00Z,inspection_lot,APP-0000032357,USR-032,"[""PC-PURCHASEREQUISITION-002509"",""PC-INSPECTIONLOT-000009"",""PC-REQUISITIONITEM-002509""]"
PC-PURCHASEREQUISITION-002541,Stock Released from Blocked Stock,2023-11-23T09:31:00Z,accounting_header,APP-0000032359,USR-052,"[""PC-PURCHASEREQUISITION-002541"",""PC-ACCOUNTINGDOCUMENT-000041"",""PC-CONTRACT-000041""]"
PC-PURCHASEREQUISITION-002550,Quality Inspection Started,2023-11-23T12:36:00Z,req_header,APP-0000032370,USR-074,"[""PC-PURCHASEREQUISITION-002550"",""PC-GOODSRECEIPT-000050"",""PC-COSTCENTER-000050""]"
PC-PURCHASEREQUISITION-002500,Payment Reversed,2023-11-23T14:51:00Z,inspection_lot,APP-0000032374,USR-006,"[""PC-PURCHASEREQUISITION-002500"",""PC-INSPECTIONLOT-000500"",""PC-REQUISITIONITEM-002500""]"
PC-PURCHASEREQUISITION-002546,Stock Placed in Blocked Stock,2023-11-23T18:35:00Z,invoice_header,APP-0000032395,USR-009,"[""PC-PURCHASEREQUISITION-002546"",""PC-INVOICEITEM-000046"",""PC-SUPPLIERQUOTATION-002546""]"
PC-PURCHASEREQUISITION-002548,Quality Inspection Failed,2023-11-23T18:36:00Z,inspection_lot,APP-0000032396,USR-042,"[""PC-PURCHASEREQUISITION-002548"",""PC-INVOICE-000048"",""PC-RFQ-002548""]"
PC-PURCHASEREQUISITION-002508,Supplier Blocked,2023-11-24T00:17:00Z,payment_run,APP-0000032417,USR-018,"[""PC-PURCHASEREQUISITION-002508"",""PC-ACCOUNTINGDOCUMENT-000008"",""PC-CONTRACT-000008""]"
PC-PURCHASEREQUISITION-002531,Three-Way Match Failed,2023-11-24T03:29:00Z,req_header,APP-0000032431,USR-017,"[""PC-PURCHASEREQUISITION-002531"",""PC-PURCHASEORDER-000031"",""PC-GOODSRECEIPT-000031""]"
PC-PURCHASEREQUISITION-002505,Payment Reversed,2023-11-24T05:51:00Z,inspection_lot,APP-0000032435,USR-091,"[""PC-PURCHASEREQUISITION-002505"",""PC-INSPECTIONLOT-000005"",""PC-REQUISITIONITEM-002505""]"
PC-PURCHASEREQUISITION-002538,Invoice Posted,2023-11-24T06:33:00Z,invoice_header,APP-0000032445,USR-006,"[""PC-PURCHASEREQUISITION-002538"",""PC-RFQ-002538"",""PC-MATERIAL-000038""]"
PC-PURCHASEREQUISITION-002535,Three-Way Match Passed,2023-11-24T09:32:00Z,payment_run,APP-0000032457,USR-084,"[""PC-PURCHASEREQUISITION-002535"",""PC-CONTRACT-000035"",""PC-GOODSMOVEMENT-000035""]"
PC-PURCHASEREQUISITION-002557,Quality Inspection Started,2023-11-24T09:43:00Z,req_header,APP-0000032458,USR-066,"[""PC-PURCHASEREQUISITION-002557"",""PC-GOODSRECEIPT-000057"",""PC-COSTCENTER-000057""]"
PC-PURCHASEREQUISITION-002516,PO Item Final-Invoiced,2023-11-24T12:23:00Z,invoice_header,APP-0000032470,USR-025,"[""PC-PURCHASEREQUISITION-002516"",""PC-INVOICE-000016"",""PC-RFQ-002516""]"
PC-PURCHASEREQUISITION-002556,Quality Inspection Passed,2023-11-24T12:43:00Z,goods_movement_header,APP-0000032473,USR-050,"[""PC-PURCHASEREQUISITION-002556"",""PC-INSPECTIONLOT-000056"",""PC-REQUISITIONITEM-002556""]"
PC-PURCHASEREQUISITION-002548,PO Item Delivery Completed,2023-11-24T18:40:00Z,req_header,APP-0000032497,USR-046,"[""PC-PURCHASEREQUISITION-002548"",""PC-PAYMENT-000048"",""PC-PURCHASEORDERITEM-000048""]"
PC-PURCHASEREQUISITION-002510,Payment Reversed,2023-11-24T20:51:00Z,inspection_lot,APP-0000032501,USR-049,"[""PC-PURCHASEREQUISITION-002510"",""PC-INSPECTIONLOT-000010"",""PC-REQUISITIONITEM-002510""]"
PC-PURCHASEREQUISITION-002533,Invoice Unblocked,2023-11-24T21:33:00Z,inspection_lot,APP-0000032511,USR-053,"[""PC-PURCHASEREQUISITION-002533"",""PC-SCHEDULELINE-000033"",""PC-INVOICE-000033""]"
PC-PURCHASEREQUISITION-002545,Invoice Posted,2023-11-25T03:40:00Z,invoice_header,APP-0000032533,USR-125,"[""PC-PURCHASEREQUISITION-002545"",""PC-RFQ-002545"",""PC-MATERIAL-000045""]"
PC-PURCHASEREQUISITION-002564,Quality Inspection Started,2023-11-25T06:50:00Z,req_header,APP-0000032544,USR-058,"[""PC-PURCHASEREQUISITION-002564"",""PC-GOODSRECEIPT-000064"",""PC-COSTCENTER-000064""]"
PC-PURCHASEREQUISITION-002517,Supplier Unblocked,2023-11-25T09:27:00Z,req_header,APP-0000032553,USR-045,"[""PC-PURCHASEREQUISITION-002517"",""PC-PAYMENTPROPOSAL-000017"",""PC-PURCHASEORDER-000017""]"
PC-PURCHASEREQUISITION-002561,Quality Inspection Failed,2023-11-25T09:49:00Z,inspection_lot,APP-0000032557,USR-009,"[""PC-PURCHASEREQUISITION-002561"",""PC-INVOICE-000061"",""PC-RFQ-002561""]"
PC-PURCHASEREQUISITION-002560,Stock Released from Blocked Stock,2023-11-25T18:50:00Z,accounting_header,APP-0000032594,USR-121,"[""PC-PURCHASEREQUISITION-002560"",""PC-ACCOUNTINGDOCUMENT-000060"",""PC-CONTRACT-000060""]"
PC-PURCHASEREQUISITION-002533,Payment Proposal Approved,2023-11-25T21:37:00Z,req_header,APP-0000032609,USR-057,"[""PC-PURCHASEREQUISITION-002533"",""PC-GOODSMOVEMENT-000033"",""PC-PAYMENT-000033""]"
PC-PURCHASEREQUISITION-002552,Invoice Posted,2023-11-26T00:47:00Z,invoice_header,APP-0000032622,USR-117,"[""PC-PURCHASEREQUISITION-002552"",""PC-RFQ-002552"",""PC-MATERIAL-000052""]"
PC-PURCHASEREQUISITION-002578,Goods Receipt Posted,2023-11-26T06:08:00Z,invoice_header,APP-0000032638,USR-039,"[""PC-PURCHASEREQUISITION-002578"",""PC-MATERIAL-000078"",""PC-ACCOUNTINGDOCUMENT-000078""]"
PC-PURCHASEREQUISITION-002533,PO Item Final-Invoiced,2023-11-26T15:40:00Z,invoice_header,APP-0000032681,USR-060,"[""PC-PURCHASEREQUISITION-002533"",""PC-INVOICE-000033"",""PC-RFQ-002533""]"
PC-PURCHASEREQUISITION-002535,Payment Reversed,2023-11-26T15:41:00Z,inspection_lot,APP-0000032682,USR-093,"[""PC-PURCHASEREQUISITION-002535"",""PC-INSPECTIONLOT-000035"",""PC-REQUISITIONITEM-002535""]"
PC-PURCHASEREQUISITION-002525,Goods Receipt Reversed,2023-11-26T17:14:00Z,accounting_header,APP-0000032685,USR-028,"[""PC-PURCHASEREQUISITION-002525"",""PC-ADVANCESHIPPINGNOTICE-000025"",""PC-PAYMENTPROPOSAL-000025""]"
PC-PURCHASEREQUISITION-002578,Quality Inspection Started,2023-11-27T00:11:00Z,req_header,APP-0000032712,USR-042,"[""PC-PURCHASEREQUISITION-002578"",""PC-GOODSRECEIPT-000078"",""PC-COSTCENTER-000078""]"
PC-PURCHASEREQUISITION-002530,Goods Receipt Reversed,2023-11-27T08:14:00Z,accounting_header,APP-0000032751,USR-113,"[""PC-PURCHASEREQUISITION-002530"",""PC-ADVANCESHIPPINGNOTICE-000030"",""PC-PAYMENTPROPOSAL-000030""]"
PC-PURCHASEREQUISITION-002583,Partial Receipt Posted,2023-11-27T09:15:00Z,payment_run,APP-0000032753,USR-126,"[""PC-PURCHASEREQUISITION-002583"",""PC-GOODSMOVEMENT-000083"",""PC-PAYMENT-000083""]"
PC-PURCHASEREQUISITION-002557,Invoice Blocked,2023-11-27T15:03:00Z,goods_movement_header,APP-0000032774,USR-079,"[""PC-PURCHASEREQUISITION-002557"",""PC-PURCHASEORDERITEM-000057"",""PC-INSPECTIONLOT-000057""]"
PC-PURCHASEREQUISITION-002561,Three-Way Match Passed,2023-11-27T15:05:00Z,payment_run,APP-0000032775,USR-018,"[""PC-PURCHASEREQUISITION-002561"",""PC-CONTRACT-000061"",""PC-GOODSMOVEMENT-000061""]"
PC-PURCHASEREQUISITION-002566,Invoice Posted,2023-11-27T18:08:00Z,invoice_header,APP-0000032789,USR-101,"[""PC-PURCHASEREQUISITION-002566"",""PC-RFQ-002566"",""PC-MATERIAL-000066""]"
PC-PURCHASEREQUISITION-002535,Payment Reversed,2023-11-27T23:51:00Z,inspection_lot,APP-0000032813,USR-093,"[""PC-PURCHASEREQUISITION-002535"",""PC-INSPECTIONLOT-000035"",""PC-REQUISITIONITEM-002535""]"
PC-PURCHASEREQUISITION-002580,Stock Placed in Blocked Stock,2023-11-28T00:16:00Z,invoice_header,APP-0000032814,USR-079,"[""PC-PURCHASEREQUISITION-002580"",""PC-INVOICEITEM-000080"",""PC-SUPPLIERQUOTATION-002580""]"
PC-PURCHASEREQUISITION-002579,Stock Released from Blocked Stock,2023-11-28T03:16:00Z,accounting_header,APP-0000032826,USR-063,"[""PC-PURCHASEREQUISITION-002579"",""PC-ACCOUNTINGDOCUMENT-000079"",""PC-CONTRACT-000079""]"
PC-PURCHASEREQUISITION-002554,Payment Proposal Approved,2023-11-28T12:05:00Z,req_header,APP-0000032859,USR-033,"[""PC-PURCHASEREQUISITION-002554"",""PC-GOODSMOVEMENT-000054"",""PC-PAYMENT-000054""]"
PC-PURCHASEREQUISITION-002540,Payment Reversed,2023-11-28T14:51:00Z,inspection_lot,APP-0000032871,USR-051,"[""PC-PURCHASEREQUISITION-002540"",""PC-INSPECTIONLOT-000040"",""PC-REQUISITIONITEM-002540""]"
PC-PURCHASEREQUISITION-002581,Return to Supplier Posted,2023-11-28T15:19:00Z,payment_run,APP-0000032877,USR-098,"[""PC-PURCHASEREQUISITION-002581"",""PC-PAYMENTPROPOSAL-000081"",""PC-PURCHASEORDER-000081""]"
PC-PURCHASEREQUISITION-002589,Quality Inspection Passed,2023-11-28T15:23:00Z,goods_movement_header,APP-0000032879,USR-103,"[""PC-PURCHASEREQUISITION-002589"",""PC-INSPECTIONLOT-000089"",""PC-REQUISITIONITEM-002589""]"
PC-PURCHASEREQUISITION-002592,Quality Inspection Started,2023-11-28T18:25:00Z,req_header,APP-0000032894,USR-026,"[""PC-PURCHASEREQUISITION-002592"",""PC-GOODSRECEIPT-000092"",""PC-COSTCENTER-000092""]"
PC-PURCHASEREQUISITION-002577,Invoice Parked,2023-11-28T21:18:00Z,inspection_lot,APP-0000032905,USR-033,"[""PC-PURCHASEREQUISITION-002577"",""PC-REQUISITIONITEM-002577"",""PC-SUPPLIER-000077""]"
PC-PURCHASEREQUISITION-002545,Payment Reversed,2023-11-29T05:51:00Z,inspection_lot,APP-0000032937,USR-009,"[""PC-PURCHASEREQUISITION-002545"",""PC-INSPECTIONLOT-000045"",""PC-REQUISITIONITEM-002545""]"
PC-PURCHASEREQUISITION-002554,Purchase Order Closed,2023-11-29T12:09:00Z,accounting_header,APP-0000032968,USR-037,"[""PC-PURCHASEREQUISITION-002554"",""PC-INVOICEITEM-000054"",""PC-SUPPLIERQUOTATION-002554""]"
PC-PURCHASEREQUISITION-002550,Payment Reversed,2023-11-29T20:51:00Z,inspection_lot,APP-0000032998,USR-094,"[""PC-PURCHASEREQUISITION-002550"",""PC-INSPECTIONLOT-000050"",""PC-REQUISITIONITEM-002550""]"
PC-PURCHASEREQUISITION-002607,Goods Receipt Posted,2023-11-29T21:37:00Z,invoice_header,APP-0000033009,USR-024,"[""PC-PURCHASEREQUISITION-002607"",""PC-MATERIAL-000107"",""PC-ACCOUNTINGDOCUMENT-000107""]"
PC-PURCHASEREQUISITION-002564,Payment Executed,2023-11-30T00:16:00Z,goods_movement_header,APP-0000033020,USR-077,"[""PC-PURCHASEREQUISITION-002564"",""PC-GOODSRECEIPT-000064"",""PC-COSTCENTER-000064""]"
PC-PURCHASEREQUISITION-002588,Invoice Received,2023-11-30T00:28:00Z,goods_movement_header,APP-0000033023,USR-092,"[""PC-PURCHASEREQUISITION-002588"",""PC-COSTCENTER-000088"",""PC-SCHEDULELINE-000088""]"
PC-PURCHASEREQUISITION-002600,Quality Inspection Passed,2023-11-30T00:34:00Z,goods_movement_header,APP-0000033024,USR-036,"[""PC-PURCHASEREQUISITION-002600"",""PC-INSPECTIONLOT-000100"",""PC-REQUISITIONITEM-002600""]"
PC-PURCHASEREQUISITION-002587,Invoice Posted,2023-11-30T09:29:00Z,invoice_header,APP-0000033058,USR-077,"[""PC-PURCHASEREQUISITION-002587"",""PC-RFQ-002587"",""PC-MATERIAL-000087""]"
PC-PURCHASEREQUISITION-002555,Goods Receipt Reversed,2023-11-30T11:14:00Z,accounting_header,APP-0000033062,USR-030,"[""PC-PURCHASEREQUISITION-002555"",""PC-ADVANCESHIPPINGNOTICE-000055"",""PC-PAYMENTPROPOSAL-000055""]"
PC-PURCHASEREQUISITION-002576,Credit Memo Posted,2023-11-30T12:24:00Z,invoice_header,APP-0000033073,USR-023,"[""PC-PURCHASEREQUISITION-002576"",""PC-SUPPLIER-000076"",""PC-INVOICEITEM-000076""]"
PC-PURCHASEREQUISITION-002582,Three-Way Match Failed,2023-11-30T12:27:00Z,req_header,APP-0000033074,USR-122,"[""PC-PURCHASEREQUISITION-002582"",""PC-PURCHASEORDER-000082"",""PC-GOODSRECEIPT-000082""]"
PC-PURCHASEREQUISITION-002598,Stock Released from Blocked Stock,2023-11-30T12:35:00Z,accounting_header,APP-0000033075,USR-005,"[""PC-PURCHASEREQUISITION-002598"",""PC-ACCOUNTINGDOCUMENT-000098"",""PC-CONTRACT-000098""]"
PC-PURCHASEREQUISITION-002567,PO Item Final-Invoiced,2023-11-30T21:21:00Z,invoice_header,APP-0000033110,USR-003,"[""PC-PURCHASEREQUISITION-002567"",""PC-INVOICE-000067"",""PC-RFQ-002567""]"
PC-PURCHASEREQUISITION-002560,Payment Reversed,2023-12-01T02:51:00Z,inspection_lot,APP-0000033125,USR-010,"[""PC-PURCHASEREQUISITION-002560"",""PC-INSPECTIONLOT-000060"",""PC-REQUISITIONITEM-002560""]"
PC-PURCHASEREQUISITION-002575,Payment Proposal Approved,2023-12-01T03:26:00Z,req_header,APP-0000033135,USR-009,"[""PC-PURCHASEREQUISITION-002575"",""PC-GOODSMOVEMENT-000075"",""PC-PAYMENT-000075""]"
PC-PURCHASEREQUISITION-002594,Invoice Posted,2023-12-01T06:36:00Z,invoice_header,APP-0000033145,USR-069,"[""PC-PURCHASEREQUISITION-002594"",""PC-RFQ-002594"",""PC-MATERIAL-000094""]"
PC-PURCHASEREQUISITION-002611,Quality Inspection Passed,2023-12-01T09:45:00Z,goods_movement_header,APP-0000033161,USR-096,"[""PC-PURCHASEREQUISITION-002611"",""PC-INSPECTIONLOT-000111"",""PC-REQUISITIONITEM-002611""]"
PC-PURCHASEREQUISITION-002565,Payment Reversed,2023-12-01T17:51:00Z,inspection_lot,APP-0000033191,USR-095,"[""PC-PURCHASEREQUISITION-002565"",""PC-INSPECTIONLOT-000065"",""PC-REQUISITIONITEM-002565""]"
PC-PURCHASEREQUISITION-002613,Quality Inspection Failed,2023-12-01T21:48:00Z,inspection_lot,APP-0000033212,USR-004,"[""PC-PURCHASEREQUISITION-002613"",""PC-INVOICE-000113"",""PC-RFQ-002613""]"
PC-PURCHASEREQUISITION-002620,Quality Inspection Started,2023-12-02T06:00:00Z,req_header,APP-0000033235,USR-121,"[""PC-PURCHASEREQUISITION-002620"",""PC-GOODSRECEIPT-000120"",""PC-COSTCENTER-000120""]"
PC-PURCHASEREQUISITION-002614,Stock Placed in Blocked Stock,2023-12-02T06:50:00Z,invoice_header,APP-0000033246,USR-022,"[""PC-PURCHASEREQUISITION-002614"",""PC-INVOICEITEM-000114"",""PC-SUPPLIERQUOTATION-002614""]"
PC-PURCHASEREQUISITION-002570,Goods Receipt Reversed,2023-12-02T08:14:00Z,accounting_header,APP-0000033249,USR-031,"[""PC-PURCHASEREQUISITION-002570"",""PC-ADVANCESHIPPINGNOTICE-000070"",""PC-PAYMENTPROPOSAL-000070""]"
PC-PURCHASEREQUISITION-002577,Supplier Blocked,2023-12-02T15:33:00Z,payment_run,APP-0000033283,USR-048,"[""PC-PURCHASEREQUISITION-002577"",""PC-ACCOUNTINGDOCUMENT-000077"",""PC-CONTRACT-000077""]"
PC-PURCHASEREQUISITION-002599,Three-Way Match Failed,2023-12-02T15:44:00Z,req_header,APP-0000033285,USR-030,"[""PC-PURCHASEREQUISITION-002599"",""PC-PURCHASEORDER-000099"",""PC-GOODSRECEIPT-000099""]"
PC-PURCHASEREQUISITION-002622,Quality Inspection Passed,2023-12-02T18:03:00Z,goods_movement_header,APP-0000033286,USR-029,"[""PC-PURCHASEREQUISITION-002622"",""PC-INSPECTIONLOT-000122"",""PC-REQUISITIONITEM-002622""]"
PC-PURCHASEREQUISITION-002604,Invoice Changed,2023-12-02T18:47:00Z,accounting_header,APP-0000033299,USR-113,"[""PC-PURCHASEREQUISITION-002604"",""PC-SUPPLIERQUOTATION-002604"",""PC-ADVANCESHIPPINGNOTICE-000104""]"
PC-PURCHASEREQUISITION-002575,Goods Receipt Reversed,2023-12-02T23:14:00Z,accounting_header,APP-0000033314,USR-116,"[""PC-PURCHASEREQUISITION-002575"",""PC-ADVANCESHIPPINGNOTICE-000075"",""PC-PAYMENTPROPOSAL-000075""]"
PC-PURCHASEREQUISITION-002608,Invoice Posted,2023-12-03T00:50:00Z,invoice_header,APP-0000033326,USR-053,"[""PC-PURCHASEREQUISITION-002608"",""PC-RFQ-002608"",""PC-MATERIAL-000108""]"
PC-PURCHASEREQUISITION-002627,Quality Inspection Started,2023-12-03T03:07:00Z,req_header,APP-0000033327,USR-113,"[""PC-PURCHASEREQUISITION-002627"",""PC-GOODSRECEIPT-000127"",""PC-COSTCENTER-000127""]"
PC-PURCHASEREQUISITION-002595,Accounting Document Created,2023-12-03T03:44:00Z,accounting_header,APP-0000033338,USR-093,"[""PC-PURCHASEREQUISITION-002595"",""PC-MATERIAL-000095"",""PC-ACCOUNTINGDOCUMENT-000095""]"
PC-PURCHASEREQUISITION-002614,Invoice Parked,2023-12-03T12:02:00Z,inspection_lot,APP-0000033361,USR-027,"[""PC-PURCHASEREQUISITION-002614"",""PC-REQUISITIONITEM-002614"",""PC-SUPPLIER-000114""]"
PC-PURCHASEREQUISITION-002636,Goods Receipt Posted,2023-12-03T12:13:00Z,invoice_header,APP-0000033363,USR-009,"[""PC-PURCHASEREQUISITION-002636"",""PC-MATERIAL-000136"",""PC-ACCOUNTINGDOCUMENT-000136""]"
PC-PURCHASEREQUISITION-002602,Invoice Unblocked,2023-12-03T12:49:00Z,inspection_lot,APP-0000033373,USR-083,"[""PC-PURCHASEREQUISITION-002602"",""PC-SCHEDULELINE-000102"",""PC-INVOICE-000102""]"
PC-PURCHASEREQUISITION-002580,Goods Receipt Reversed,2023-12-03T14:14:00Z,accounting_header,APP-0000033376,USR-074,"[""PC-PURCHASEREQUISITION-002580"",""PC-ADVANCESHIPPINGNOTICE-000080"",""PC-PAYMENTPROPOSAL-000080""]"
PC-PURCHASEREQUISITION-002619,Invoice Received,2023-12-03T21:06:00Z,goods_movement_header,APP-0000033399,USR-111,"[""PC-PURCHASEREQUISITION-002619"",""PC-COSTCENTER-000119"",""PC-SCHEDULELINE-000119""]"
PC-PURCHASEREQUISITION-002634,Quality Inspection Started,2023-12-04T00:14:00Z,req_header,APP-0000033411,USR-105,"[""PC-PURCHASEREQUISITION-002634"",""PC-GOODSRECEIPT-000134"",""PC-COSTCENTER-000134""]"
PC-PURCHASEREQUISITION-002613,Three-Way Match Passed,2023-12-04T03:04:00Z,payment_run,APP-0000033423,USR-013,"[""PC-PURCHASEREQUISITION-002613"",""PC-CONTRACT-000113"",""PC-GOODSMOVEMENT-000113""]"
PC-PURCHASEREQUISITION-002615,Invoice Changed,2023-12-04T03:05:00Z,accounting_header,APP-0000033424,USR-046,"[""PC-PURCHASEREQUISITION-002615"",""PC-SUPPLIERQUOTATION-002615"",""PC-ADVANCESHIPPINGNOTICE-000115""]"
PC-PURCHASEREQUISITION-002597,Payment Executed,2023-12-04T03:49:00Z,goods_movement_header,APP-0000033438,USR-003,"[""PC-PURCHASEREQUISITION-002597"",""PC-GOODSRECEIPT-000097"",""PC-COSTCENTER-000097""]"
PC-PURCHASEREQUISITION-002585,Goods Receipt Reversed,2023-12-04T05:14:00Z,accounting_header,APP-0000033441,USR-032,"[""PC-PURCHASEREQUISITION-002585"",""PC-ADVANCESHIPPINGNOTICE-000085"",""PC-PAYMENTPROPOSAL-000085""]"
PC-PURCHASEREQUISITION-002603,Payment Proposal Approved,2023-12-04T15:01:00Z,req_header,APP-0000033475,USR-104,"[""PC-PURCHASEREQUISITION-002603"",""PC-GOODSMOVEMENT-000103"",""PC-PAYMENT-000103""]"
PC-PURCHASEREQUISITION-002643,Goods Receipt Reversed,2023-12-04T15:21:00Z,accounting_header,APP-0000033476,USR-002,"[""PC-PURCHASEREQUISITION-002643"",""PC-ADVANCESHIPPINGNOTICE-000143"",""PC-PAYMENTPROPOSAL-000143""]"
PC-PURCHASEREQUISITION-002590,Payment Reversed,2023-12-04T20:51:00Z,inspection_lot,APP-0000033502,USR-012,"[""PC-PURCHASEREQUISITION-002590"",""PC-INSPECTIONLOT-000090"",""PC-REQUISITIONITEM-002590""]"
PC-PURCHASEREQUISITION-002601,PO Item Final-Invoiced,2023-12-05T03:02:00Z,invoice_header,APP-0000033526,USR-073,"[""PC-PURCHASEREQUISITION-002601"",""PC-INVOICE-000101"",""PC-RFQ-002601""]"
PC-PURCHASEREQUISITION-002595,Goods Receipt Reversed,2023-12-05T11:14:00Z,accounting_header,APP-0000033561,USR-075,"[""PC-PURCHASEREQUISITION-002595"",""PC-ADVANCESHIPPINGNOTICE-000095"",""PC-PAYMENTPROPOSAL-000095""]"
PC-PURCHASEREQUISITION-002600,Goods Receipt Reversed,2023-12-06T02:14:00Z,accounting_header,APP-0000033626,USR-033,"[""PC-PURCHASEREQUISITION-002600"",""PC-ADVANCESHIPPINGNOTICE-000100"",""PC-PAYMENTPROPOSAL-000100""]"
PC-PURCHASEREQUISITION-002604,Supplier Unblocked,2023-12-06T06:08:00Z,req_header,APP-0000033646,USR-127,"[""PC-PURCHASEREQUISITION-002604"",""PC-PAYMENTPROPOSAL-000104"",""PC-PURCHASEORDER-000104""]"
PC-PURCHASEREQUISITION-002613,Payment Reversed,2023-12-06T09:13:00Z,inspection_lot,APP-0000033659,USR-022,"[""PC-PURCHASEREQUISITION-002613"",""PC-INSPECTIONLOT-000113"",""PC-REQUISITIONITEM-002613""]"
PC-PURCHASEREQUISITION-002605,Payment Reversed,2023-12-06T17:51:00Z,inspection_lot,APP-0000033689,USR-013,"[""PC-PURCHASEREQUISITION-002605"",""PC-INSPECTIONLOT-000105"",""PC-REQUISITIONITEM-002605""]"
PC-PURCHASEREQUISITION-002652,Quality Inspection Failed,2023-12-06T18:34:00Z,inspection_lot,APP-0000033699,USR-032,"[""PC-PURCHASEREQUISITION-002652"",""PC-INVOICE-000152"",""PC-RFQ-002652""]"
PC-PURCHASEREQUISITION-002633,Three-Way Match Failed,2023-12-06T21:25:00Z,req_header,APP-0000033713,USR-100,"[""PC-PURCHASEREQUISITION-002633"",""PC-PURCHASEORDER-000133"",""PC-GOODSRECEIPT-000133""]"
PC-PURCHASEREQUISITION-002655,Quality Inspection Passed,2023-12-06T21:36:00Z,goods_movement_header,APP-0000033715,USR-082,"[""PC-PURCHASEREQUISITION-002655"",""PC-INSPECTIONLOT-000155"",""PC-REQUISITIONITEM-002655""]"
PC-PURCHASEREQUISITION-002626,Accounting Document Created,2023-12-07T00:22:00Z,accounting_header,APP-0000033726,USR-112,"[""PC-PURCHASEREQUISITION-002626"",""PC-MATERIAL-000126"",""PC-ACCOUNTINGDOCUMENT-000126""]"
PC-PURCHASEREQUISITION-002665,Goods Receipt Posted,2023-12-07T03:42:00Z,invoice_header,APP-0000033738,USR-121,"[""PC-PURCHASEREQUISITION-002665"",""PC-MATERIAL-000165"",""PC-ACCOUNTINGDOCUMENT-000165""]"
PC-PURCHASEREQUISITION-002624,Payment Proposal Approved,2023-12-07T06:22:00Z,req_header,APP-0000033749,USR-080,"[""PC-PURCHASEREQUISITION-002624"",""PC-GOODSMOVEMENT-000124"",""PC-PAYMENT-000124""]"
PC-PURCHASEREQUISITION-002650,Return to Supplier Posted,2023-12-07T06:35:00Z,payment_run,APP-0000033750,USR-001,"[""PC-PURCHASEREQUISITION-002650"",""PC-PAYMENTPROPOSAL-000150"",""PC-PURCHASEORDER-000150""]"
PC-PURCHASEREQUISITION-002610,Goods Receipt Reversed,2023-12-07T08:14:00Z,accounting_header,APP-0000033753,USR-076,"[""PC-PURCHASEREQUISITION-002610"",""PC-ADVANCESHIPPINGNOTICE-000110"",""PC-PAYMENTPROPOSAL-000110""]"
PC-PURCHASEREQUISITION-002662,Quality Inspection Started,2023-12-07T12:42:00Z,req_header,APP-0000033775,USR-073,"[""PC-PURCHASEREQUISITION-002662"",""PC-GOODSRECEIPT-000162"",""PC-COSTCENTER-000162""]"
PC-PURCHASEREQUISITION-002655,Stock Released from Blocked Stock,2023-12-07T15:39:00Z,accounting_header,APP-0000033785,USR-085,"[""PC-PURCHASEREQUISITION-002655"",""PC-ACCOUNTINGDOCUMENT-000155"",""PC-CONTRACT-000155""]"
PC-PURCHASEREQUISITION-002634,Credit Memo Posted,2023-12-07T18:29:00Z,invoice_header,APP-0000033797,USR-120,"[""PC-PURCHASEREQUISITION-002634"",""PC-SUPPLIER-000134"",""PC-INVOICEITEM-000134""]"
PC-PURCHASEREQUISITION-002615,Goods Receipt Reversed,2023-12-07T23:14:00Z,accounting_header,APP-0000033812,USR-034,"[""PC-PURCHASEREQUISITION-002615"",""PC-ADVANCESHIPPINGNOTICE-000115"",""PC-PAYMENTPROPOSAL-000115""]"
PC-PURCHASEREQUISITION-002626,Payment Reversed,2023-12-08T00:26:00Z,inspection_lot,APP-0000033823,USR-116,"[""PC-PURCHASEREQUISITION-002626"",""PC-INSPECTIONLOT-000126"",""PC-REQUISITIONITEM-002626""]"
PC-PURCHASEREQUISITION-002631,Payment Proposal Approved,2023-12-08T03:29:00Z,req_header,APP-0000033833,USR-072,"[""PC-PURCHASEREQUISITION-002631"",""PC-GOODSMOVEMENT-000131"",""PC-PAYMENT-000131""]"
PC-PURCHASEREQUISITION-002648,Invoice Changed,2023-12-08T06:38:00Z,accounting_header,APP-0000033850,USR-099,"[""PC-PURCHASEREQUISITION-002648"",""PC-SUPPLIERQUOTATION-002648"",""PC-ADVANCESHIPPINGNOTICE-000148""]"
PC-PURCHASEREQUISITION-002623,Supplier Blocked,2023-12-08T09:26:00Z,payment_run,APP-0000033861,USR-068,"[""PC-PURCHASEREQUISITION-002623"",""PC-ACCOUNTINGDOCUMENT-000123"",""PC-CONTRACT-000123""]"
PC-PURCHASEREQUISITION-002665,Quality Inspection Failed,2023-12-08T09:47:00Z,inspection_lot,APP-0000033863,USR-126,"[""PC-PURCHASEREQUISITION-002665"",""PC-INVOICE-000165"",""PC-RFQ-002665""]"
PC-PURCHASEREQUISITION-002669,Quality Inspection Started,2023-12-08T09:49:00Z,req_header,APP-0000033864,USR-065,"[""PC-PURCHASEREQUISITION-002669"",""PC-GOODSRECEIPT-000169"",""PC-COSTCENTER-000169""]"
PC-PURCHASEREQUISITION-002674,Goods Receipt Reversed,2023-12-08T12:52:00Z,accounting_header,APP-0000033875,USR-021,"[""PC-PURCHASEREQUISITION-002674"",""PC-ADVANCESHIPPINGNOTICE-000174"",""PC-PAYMENTPROPOSAL-000174""]"
PC-PURCHASEREQUISITION-002620,Payment Reversed,2023-12-08T14:51:00Z,inspection_lot,APP-0000033879,USR-014,"[""PC-PURCHASEREQUISITION-002620"",""PC-INSPECTIONLOT-000120"",""PC-REQUISITIONITEM-002620""]"
PC-PURCHASEREQUISITION-002638,Payment Proposal Approved,2023-12-09T00:36:00Z,req_header,APP-0000033923,USR-064,"[""PC-PURCHASEREQUISITION-002638"",""PC-GOODSMOVEMENT-000138"",""PC-PAYMENT-000138""]"
PC-PURCHASEREQUISITION-002650,Three-Way Match Failed,2023-12-09T00:42:00Z,req_header,APP-0000033924,USR-008,"[""PC-PURCHASEREQUISITION-002650"",""PC-PURCHASEORDER-000150"",""PC-GOODSRECEIPT-000150""]"
PC-PURCHASEREQUISITION-002652,Three-Way Match Passed,2023-12-09T00:43:00Z,payment_run,APP-0000033925,USR-041,"[""PC-PURCHASEREQUISITION-002652"",""PC-CONTRACT-000152"",""PC-GOODSMOVEMENT-000152""]"
PC-PURCHASEREQUISITION-002625,Goods Receipt Reversed,2023-12-09T05:14:00Z,accounting_header,APP-0000033938,USR-077,"[""PC-PURCHASEREQUISITION-002625"",""PC-ADVANCESHIPPINGNOTICE-000125"",""PC-PAYMENTPROPOSAL-000125""]"
PC-PURCHASEREQUISITION-002648,Invoice Unblocked,2023-12-09T06:42:00Z,inspection_lot,APP-0000033951,USR-103,"[""PC-PURCHASEREQUISITION-002648"",""PC-SCHEDULELINE-000148"",""PC-INVOICE-000148""]"
PC-PURCHASEREQUISITION-002664,PO Item Delivery Completed,2023-12-09T06:50:00Z,req_header,APP-0000033952,USR-113,"[""PC-PURCHASEREQUISITION-002664"",""PC-PAYMENT-000164"",""PC-PURCHASEORDERITEM-000164""]"
PC-PURCHASEREQUISITION-002677,Quality Inspection Passed,2023-12-09T15:05:00Z,goods_movement_header,APP-0000033976,USR-075,"[""PC-PURCHASEREQUISITION-002677"",""PC-INSPECTIONLOT-000177"",""PC-REQUISITIONITEM-002677""]"
PC-PURCHASEREQUISITION-002630,Payment Reversed,2023-12-09T20:51:00Z,inspection_lot,APP-0000034005,USR-057,"[""PC-PURCHASEREQUISITION-002630"",""PC-INSPECTIONLOT-000130"",""PC-REQUISITIONITEM-002630""]"
PC-PURCHASEREQUISITION-002645,Payment Proposal Approved,2023-12-09T21:43:00Z,req_header,APP-0000034016,USR-056,"[""PC-PURCHASEREQUISITION-002645"",""PC-GOODSMOVEMENT-000145"",""PC-PAYMENT-000145""]"
PC-PURCHASEREQUISITION-002678,Quality Inspection Failed,2023-12-10T00:07:00Z,inspection_lot,APP-0000034019,USR-093,"[""PC-PURCHASEREQUISITION-002678"",""PC-INVOICE-000178"",""PC-RFQ-002678""]"
PC-PURCHASEREQUISITION-002673,Return to Supplier Posted,2023-12-10T03:05:00Z,payment_run,APP-0000034030,USR-011,"[""PC-PURCHASEREQUISITION-002673"",""PC-PAYMENTPROPOSAL-000173"",""PC-PURCHASEORDER-000173""]"
PC-PURCHASEREQUISITION-002683,Quality Inspection Started,2023-12-10T03:10:00Z,req_header,APP-0000034031,USR-049,"[""PC-PURCHASEREQUISITION-002683"",""PC-GOODSRECEIPT-000183"",""PC-COSTCENTER-000183""]"
PC-PURCHASEREQUISITION-002635,Payment Reversed,2023-12-10T11:51:00Z,inspection_lot,APP-0000034066,USR-015,"[""PC-PURCHASEREQUISITION-002635"",""PC-INSPECTIONLOT-000135"",""PC-REQUISITIONITEM-002635""]"
PC-PURCHASEREQUISITION-002671,Invoice Posted,2023-12-10T21:07:00Z,invoice_header,APP-0000034100,USR-108,"[""PC-PURCHASEREQUISITION-002671"",""PC-RFQ-002671"",""PC-MATERIAL-000171""]"
PC-PURCHASEREQUISITION-002688,Quality Inspection Passed,2023-12-11T00:16:00Z,goods_movement_header,APP-0000034111,USR-008,"[""PC-PURCHASEREQUISITION-002688"",""PC-INSPECTIONLOT-000188"",""PC-REQUISITIONITEM-002688""]"
PC-PURCHASEREQUISITION-002690,Quality Inspection Started,2023-12-11T00:17:00Z,req_header,APP-0000034112,USR-041,"[""PC-PURCHASEREQUISITION-002690"",""PC-GOODSRECEIPT-000190"",""PC-COSTCENTER-000190""]"
PC-PURCHASEREQUISITION-002652,Payment Executed,2023-12-11T00:51:00Z,goods_movement_header,APP-0000034127,USR-049,"[""PC-PURCHASEREQUISITION-002652"",""PC-GOODSRECEIPT-000152"",""PC-COSTCENTER-000152""]"
PC-PURCHASEREQUISITION-002646,Supplier Blocked,2023-12-11T06:49:00Z,payment_run,APP-0000034153,USR-078,"[""PC-PURCHASEREQUISITION-002646"",""PC-ACCOUNTINGDOCUMENT-000146"",""PC-CONTRACT-000146""]"
PC-PURCHASEREQUISITION-002652,PO Item Final-Invoiced,2023-12-11T12:00:00Z,invoice_header,APP-0000034167,USR-051,"[""PC-PURCHASEREQUISITION-002652"",""PC-INVOICE-000152"",""PC-RFQ-002652""]"
PC-PURCHASEREQUISITION-002681,Invoice Received,2023-12-11T15:15:00Z,goods_movement_header,APP-0000034178,USR-022,"[""PC-PURCHASEREQUISITION-002681"",""PC-COSTCENTER-000181"",""PC-SCHEDULELINE-000181""]"
PC-PURCHASEREQUISITION-002691,Quality Inspection Failed,2023-12-11T15:20:00Z,inspection_lot,APP-0000034179,USR-060,"[""PC-PURCHASEREQUISITION-002691"",""PC-INVOICE-000191"",""PC-RFQ-002691""]"
PC-PURCHASEREQUISITION-002645,Payment Reversed,2023-12-11T17:51:00Z,inspection_lot,APP-0000034192,USR-058,"[""PC-PURCHASEREQUISITION-002645"",""PC-INSPECTIONLOT-000145"",""PC-REQUISITIONITEM-002645""]"
PC-PURCHASEREQUISITION-002671,Invoice Blocked,2023-12-11T21:11:00Z,goods_movement_header,APP-0000034205,USR-112,"[""PC-PURCHASEREQUISITION-002671"",""PC-PURCHASEORDERITEM-000171"",""PC-INSPECTIONLOT-000171""]"
PC-PURCHASEREQUISITION-002697,Quality Inspection Started,2023-12-11T21:24:00Z,req_header,APP-0000034206,USR-033,"[""PC-PURCHASEREQUISITION-002697"",""PC-GOODSRECEIPT-000197"",""PC-COSTCENTER-000197""]"
PC-PURCHASEREQUISITION-002678,Three-Way Match Passed,2023-12-12T06:16:00Z,payment_run,APP-0000034243,USR-102,"[""PC-PURCHASEREQUISITION-002678"",""PC-CONTRACT-000178"",""PC-GOODSMOVEMENT-000178""]"
PC-PURCHASEREQUISITION-002650,Goods Receipt Reversed,2023-12-12T08:14:00Z,accounting_header,APP-0000034251,USR-121,"[""PC-PURCHASEREQUISITION-002650"",""PC-ADVANCESHIPPINGNOTICE-000150"",""PC-PAYMENTPROPOSAL-000150""]"
PC-PURCHASEREQUISITION-002681,Invoice Changed,2023-12-12T09:18:00Z,accounting_header,APP-0000034260,USR-025,"[""PC-PURCHASEREQUISITION-002681"",""PC-SUPPLIERQUOTATION-002681"",""PC-ADVANCESHIPPINGNOTICE-000181""]"
PC-PURCHASEREQUISITION-002693,Stock Released from Blocked Stock,2023-12-12T09:24:00Z,accounting_header,APP-0000034261,USR-096,"[""PC-PURCHASEREQUISITION-002693"",""PC-ACCOUNTINGDOCUMENT-000193"",""PC-CONTRACT-000193""]"
PC-PURCHASEREQUISITION-002705,Goods Receipt Reversed,2023-12-12T09:30:00Z,accounting_header,APP-0000034263,USR-040,"[""PC-PURCHASEREQUISITION-002705"",""PC-ADVANCESHIPPINGNOTICE-000205"",""PC-PAYMENTPROPOSAL-000205""]"
PC-PURCHASEREQUISITION-002666,Payment Proposal Approved,2023-12-12T12:11:00Z,req_header,APP-0000034276,USR-032,"[""PC-PURCHASEREQUISITION-002666"",""PC-GOODSMOVEMENT-000166"",""PC-PAYMENT-000166""]"
PC-PURCHASEREQUISITION-002685,Invoice Posted,2023-12-12T15:21:00Z,invoice_header,APP-0000034287,USR-092,"[""PC-PURCHASEREQUISITION-002685"",""PC-RFQ-002685"",""PC-MATERIAL-000185""]"
PC-PURCHASEREQUISITION-002704,Quality Inspection Started,2023-12-12T18:31:00Z,req_header,APP-0000034300,USR-025,"[""PC-PURCHASEREQUISITION-002704"",""PC-GOODSRECEIPT-000204"",""PC-COSTCENTER-000204""]"
PC-PURCHASEREQUISITION-002699,Stock Placed in Blocked Stock,2023-12-12T21:29:00Z,invoice_header,APP-0000034312,USR-070,"[""PC-PURCHASEREQUISITION-002699"",""PC-INVOICEITEM-000199"",""PC-SUPPLIERQUOTATION-002699""]"
PC-PURCHASEREQUISITION-002655,Payment Reversed,2023-12-12T23:51:00Z,inspection_lot,APP-0000034319,USR-101,"[""PC-PURCHASEREQUISITION-002655"",""PC-INSPECTIONLOT-000155"",""PC-REQUISITIONITEM-002655""]"
PC-PURCHASEREQUISITION-002662,Supplier Unblocked,2023-12-13T12:13:00Z,req_header,APP-0000034370,USR-097,"[""PC-PURCHASEREQUISITION-002662"",""PC-PAYMENTPROPOSAL-000162"",""PC-PURCHASEORDER-000162""]"
PC-PURCHASEREQUISITION-002692,Invoice Posted,2023-12-13T12:28:00Z,invoice_header,APP-0000034373,USR-084,"[""PC-PURCHASEREQUISITION-002692"",""PC-RFQ-002692"",""PC-MATERIAL-000192""]"
PC-PURCHASEREQUISITION-002660,Goods Receipt Reversed,2023-12-13T14:14:00Z,accounting_header,APP-0000034376,USR-037,"[""PC-PURCHASEREQUISITION-002660"",""PC-ADVANCESHIPPINGNOTICE-000160"",""PC-PAYMENTPROPOSAL-000160""]"
PC-PURCHASEREQUISITION-002711,Quality Inspection Started,2023-12-13T15:38:00Z,req_header,APP-0000034389,USR-017,"[""PC-PURCHASEREQUISITION-002711"",""PC-GOODSRECEIPT-000211"",""PC-COSTCENTER-000211""]"
PC-PURCHASEREQUISITION-002691,Three-Way Match Passed,2023-12-13T21:29:00Z,payment_run,APP-0000034416,USR-069,"[""PC-PURCHASEREQUISITION-002691"",""PC-CONTRACT-000191"",""PC-GOODSMOVEMENT-000191""]"
PC-PURCHASEREQUISITION-002669,Supplier Blocked,2023-12-14T03:19:00Z,payment_run,APP-0000034435,USR-088,"[""PC-PURCHASEREQUISITION-002669"",""PC-ACCOUNTINGDOCUMENT-000169"",""PC-CONTRACT-000169""]"
PC-PURCHASEREQUISITION-002665,Payment Reversed,2023-12-14T05:51:00Z,inspection_lot,APP-0000034440,USR-017,"[""PC-PURCHASEREQUISITION-002665"",""PC-INSPECTIONLOT-000165"",""PC-REQUISITIONITEM-002665""]"
PC-PURCHASEREQUISITION-002690,Invoice Blocked,2023-12-14T06:30:00Z,goods_movement_header,APP-0000034453,USR-054,"[""PC-PURCHASEREQUISITION-002690"",""PC-PURCHASEORDERITEM-000190"",""PC-INSPECTIONLOT-000190""]"
PC-PURCHASEREQUISITION-002678,Payment Reversed,2023-12-14T12:25:00Z,inspection_lot,APP-0000034476,USR-111,"[""PC-PURCHASEREQUISITION-002678"",""PC-INSPECTIONLOT-000178"",""PC-REQUISITIONITEM-002678""]"
PC-PURCHASEREQUISITION-002712,Stock Released from Blocked Stock,2023-12-14T18:43:00Z,accounting_header,APP-0000034501,USR-038,"[""PC-PURCHASEREQUISITION-002712"",""PC-ACCOUNTINGDOCUMENT-000212"",""PC-CONTRACT-000212""]"
PC-PURCHASEREQUISITION-002716,Stock Placed in Blocked Stock,2023-12-15T00:46:00Z,invoice_header,APP-0000034527,USR-105,"[""PC-PURCHASEREQUISITION-002716"",""PC-INVOICEITEM-000216"",""PC-SUPPLIERQUOTATION-002716""]"
PC-PURCHASEREQUISITION-002687,Payment Proposal Approved,2023-12-15T03:32:00Z,req_header,APP-0000034540,USR-008,"[""PC-PURCHASEREQUISITION-002687"",""PC-GOODSMOVEMENT-000187"",""PC-PAYMENT-000187""]"
PC-PURCHASEREQUISITION-002725,Quality Inspection Started,2023-12-15T09:52:00Z,req_header,APP-0000034565,USR-001,"[""PC-PURCHASEREQUISITION-002725"",""PC-GOODSRECEIPT-000225"",""PC-COSTCENTER-000225""]"
PC-PURCHASEREQUISITION-002675,Goods Receipt Reversed,2023-12-15T11:14:00Z,accounting_header,APP-0000034568,USR-038,"[""PC-PURCHASEREQUISITION-002675"",""PC-ADVANCESHIPPINGNOTICE-000175"",""PC-PAYMENTPROPOSAL-000175""]"
PC-PURCHASEREQUISITION-002731,Partial Receipt Posted,2023-12-15T21:04:00Z,payment_run,APP-0000034603,USR-102,"[""PC-PURCHASEREQUISITION-002731"",""PC-GOODSMOVEMENT-000231"",""PC-PAYMENT-000231""]"
PC-PURCHASEREQUISITION-002719,Return to Supplier Posted,2023-12-15T21:51:00Z,payment_run,APP-0000034615,USR-031,"[""PC-PURCHASEREQUISITION-002719"",""PC-PAYMENTPROPOSAL-000219"",""PC-PURCHASEORDER-000219""]"
PC-PURCHASEREQUISITION-002680,Goods Receipt Reversed,2023-12-16T02:14:00Z,accounting_header,APP-0000034628,USR-123,"[""PC-PURCHASEREQUISITION-002680"",""PC-ADVANCESHIPPINGNOTICE-000180"",""PC-PAYMENTPROPOSAL-000180""]"
PC-PURCHASEREQUISITION-002687,Purchase Order Closed,2023-12-16T03:36:00Z,accounting_header,APP-0000034639,USR-012,"[""PC-PURCHASEREQUISITION-002687"",""PC-INVOICEITEM-000187"",""PC-SUPPLIERQUOTATION-002687""]"
PC-PURCHASEREQUISITION-002691,Payment Reversed,2023-12-16T03:38:00Z,inspection_lot,APP-0000034640,USR-078,"[""PC-PURCHASEREQUISITION-002691"",""PC-INSPECTIONLOT-000191"",""PC-REQUISITIONITEM-002691""]"
PC-PURCHASEREQUISITION-002732,Quality Inspection Passed,2023-12-16T12:07:00Z,goods_movement_header,APP-0000034666,USR-121,"[""PC-PURCHASEREQUISITION-002732"",""PC-INSPECTIONLOT-000232"",""PC-REQUISITIONITEM-002732""]"
PC-PURCHASEREQUISITION-002714,Invoice Changed,2023-12-16T12:51:00Z,accounting_header,APP-0000034680,USR-078,"[""PC-PURCHASEREQUISITION-002714"",""PC-SUPPLIERQUOTATION-002714"",""PC-ADVANCESHIPPINGNOTICE-000214""]"
PC-PURCHASEREQUISITION-002691,Supplier Unblocked,2023-12-17T03:42:00Z,req_header,APP-0000034740,USR-082,"[""PC-PURCHASEREQUISITION-002691"",""PC-PAYMENTPROPOSAL-000191"",""PC-PURCHASEORDER-000191""]"
PC-PURCHASEREQUISITION-002690,Payment Reversed,2023-12-17T08:51:00Z,inspection_lot,APP-0000034756,USR-061,"[""PC-PURCHASEREQUISITION-002690"",""PC-INSPECTIONLOT-000190"",""PC-REQUISITIONITEM-002690""]"
PC-PURCHASEREQUISITION-002725,Invoice Parked,2023-12-17T09:07:00Z,inspection_lot,APP-0000034757,USR-009,"[""PC-PURCHASEREQUISITION-002725"",""PC-REQUISITIONITEM-002725"",""PC-SUPPLIER-000225""]"
PC-PURCHASEREQUISITION-002717,Invoice Unblocked,2023-12-17T21:05:00Z,inspection_lot,APP-0000034802,USR-006,"[""PC-PURCHASEREQUISITION-002717"",""PC-SCHEDULELINE-000217"",""PC-INVOICE-000217""]"
PC-PURCHASEREQUISITION-002727,Invoice Posted,2023-12-17T21:10:00Z,invoice_header,APP-0000034804,USR-044,"[""PC-PURCHASEREQUISITION-002727"",""PC-RFQ-002727"",""PC-MATERIAL-000227""]"
PC-PURCHASEREQUISITION-002743,Quality Inspection Passed,2023-12-17T21:18:00Z,goods_movement_header,APP-0000034805,USR-054,"[""PC-PURCHASEREQUISITION-002743"",""PC-INSPECTIONLOT-000243"",""PC-REQUISITIONITEM-002743""]"
PC-PURCHASEREQUISITION-002706,Purchase Order Closed,2023-12-18T12:02:00Z,accounting_header,APP-0000034866,USR-081,"[""PC-PURCHASEREQUISITION-002706"",""PC-INVOICEITEM-000206"",""PC-SUPPLIERQUOTATION-002706""]"
PC-PURCHASEREQUISITION-002700,Payment Reversed,2023-12-18T14:51:00Z,inspection_lot,APP-0000034879,USR-104,"[""PC-PURCHASEREQUISITION-002700"",""PC-INSPECTIONLOT-000200"",""PC-REQUISITIONITEM-002700""]"
PC-PURCHASEREQUISITION-002719,Payment Proposal Created,2023-12-18T21:10:00Z,payment_run,APP-0000034909,USR-043,"[""PC-PURCHASEREQUISITION-002719"",""PC-ADVANCESHIPPINGNOTICE-000219"",""PC-PAYMENTPROPOSAL-000219""]"
PC-PURCHASEREQUISITION-002753,Quality Inspection Started,2023-12-18T21:27:00Z,req_header,APP-0000034910,USR-096,"[""PC-PURCHASEREQUISITION-002753"",""PC-GOODSRECEIPT-000253"",""PC-COSTCENTER-000253""]"
PC-PURCHASEREQUISITION-002718,Payment Executed,2023-12-19T06:11:00Z,goods_movement_header,APP-0000034950,USR-028,"[""PC-PURCHASEREQUISITION-002718"",""PC-GOODSRECEIPT-000218"",""PC-COSTCENTER-000218""]"
PC-PURCHASEREQUISITION-002750,Stock Placed in Blocked Stock,2023-12-19T06:27:00Z,invoice_header,APP-0000034952,USR-048,"[""PC-PURCHASEREQUISITION-002750"",""PC-INVOICEITEM-000250"",""PC-SUPPLIERQUOTATION-002750""]"
PC-PURCHASEREQUISITION-002754,Quality Inspection Passed,2023-12-19T06:29:00Z,goods_movement_header,APP-0000034953,USR-114,"[""PC-PURCHASEREQUISITION-002754"",""PC-INSPECTIONLOT-000254"",""PC-REQUISITIONITEM-002754""]"
PC-PURCHASEREQUISITION-002722,Payment Proposal Approved,2023-12-19T12:14:00Z,req_header,APP-0000034977,USR-095,"[""PC-PURCHASEREQUISITION-002722"",""PC-GOODSMOVEMENT-000222"",""PC-PAYMENT-000222""]"
PC-PURCHASEREQUISITION-002741,Invoice Posted,2023-12-19T15:24:00Z,invoice_header,APP-0000034990,USR-028,"[""PC-PURCHASEREQUISITION-002741"",""PC-RFQ-002741"",""PC-MATERIAL-000241""]"
PC-PURCHASEREQUISITION-002756,Quality Inspection Failed,2023-12-19T18:32:00Z,inspection_lot,APP-0000035002,USR-022,"[""PC-PURCHASEREQUISITION-002756"",""PC-INVOICE-000256"",""PC-RFQ-002756""]"
PC-PURCHASEREQUISITION-002710,Payment Reversed,2023-12-19T20:51:00Z,inspection_lot,APP-0000035007,USR-020,"[""PC-PURCHASEREQUISITION-002710"",""PC-INSPECTIONLOT-000210"",""PC-REQUISITIONITEM-002710""]"
PC-PURCHASEREQUISITION-002715,Supplier Blocked,2023-12-19T21:12:00Z,payment_run,APP-0000035016,USR-108,"[""PC-PURCHASEREQUISITION-002715"",""PC-ACCOUNTINGDOCUMENT-000215"",""PC-CONTRACT-000215""]"
PC-PURCHASEREQUISITION-002720,PO Item Final-Invoiced,2023-12-20T00:15:00Z,invoice_header,APP-0000035029,USR-064,"[""PC-PURCHASEREQUISITION-002720"",""PC-INVOICE-000220"",""PC-RFQ-002720""]"
PC-PURCHASEREQUISITION-002767,Goods Receipt Reversed,2023-12-20T03:39:00Z,accounting_header,APP-0000035042,USR-078,"[""PC-PURCHASEREQUISITION-002767"",""PC-ADVANCESHIPPINGNOTICE-000267"",""PC-PAYMENTPROPOSAL-000267""]"
PC-PURCHASEREQUISITION-002715,Payment Reversed,2023-12-20T11:51:00Z,inspection_lot,APP-0000035066,USR-105,"[""PC-PURCHASEREQUISITION-002715"",""PC-INSPECTIONLOT-000215"",""PC-REQUISITIONITEM-002715""]"
PC-PURCHASEREQUISITION-002729,Payment Executed,2023-12-20T15:22:00Z,goods_movement_header,APP-0000035091,USR-088,"[""PC-PURCHASEREQUISITION-002729"",""PC-GOODSRECEIPT-000229"",""PC-COSTCENTER-000229""]"
PC-PURCHASEREQUISITION-002740,Invoice Unblocked,2023-12-20T18:28:00Z,inspection_lot,APP-0000035106,USR-016,"[""PC-PURCHASEREQUISITION-002740"",""PC-SCHEDULELINE-000240"",""PC-INVOICE-000240""]"
PC-PURCHASEREQUISITION-002725,Purchase Order Closed,2023-12-20T21:21:00Z,accounting_header,APP-0000035120,USR-023,"[""PC-PURCHASEREQUISITION-002725"",""PC-INVOICEITEM-000225"",""PC-SUPPLIERQUOTATION-002725""]"
PC-PURCHASEREQUISITION-002720,Goods Receipt Reversed,2023-12-21T02:14:00Z,accounting_header,APP-0000035134,USR-041,"[""PC-PURCHASEREQUISITION-002720"",""PC-ADVANCESHIPPINGNOTICE-000220"",""PC-PAYMENTPROPOSAL-000220""]"
PC-PURCHASEREQUISITION-002736,Payment Proposal Approved,2023-12-21T06:28:00Z,req_header,APP-0000035154,USR-079,"[""PC-PURCHASEREQUISITION-002736"",""PC-GOODSMOVEMENT-000236"",""PC-PAYMENT-000236""]"
PC-PURCHASEREQUISITION-002755,Invoice Posted,2023-12-21T09:38:00Z,invoice_header,APP-0000035165,USR-012,"[""PC-PURCHASEREQUISITION-002755"",""PC-RFQ-002755"",""PC-MATERIAL-000255""]"
PC-PURCHASEREQUISITION-002769,Quality Inspection Failed,2023-12-21T09:45:00Z,inspection_lot,APP-0000035167,USR-116,"[""PC-PURCHASEREQUISITION-002769"",""PC-INVOICE-000269"",""PC-RFQ-002769""]"
PC-PURCHASEREQUISITION-002725,Goods Receipt Reversed,2023-12-21T17:14:00Z,accounting_header,APP-0000035192,USR-126,"[""PC-PURCHASEREQUISITION-002725"",""PC-ADVANCESHIPPINGNOTICE-000225"",""PC-PAYMENTPROPOSAL-000225""]"
PC-PURCHASEREQUISITION-002752,Three-Way Match Failed,2023-12-21T18:38:00Z,req_header,APP-0000035205,USR-091,"[""PC-PURCHASEREQUISITION-002752"",""PC-PURCHASEORDER-000252"",""PC-GOODSRECEIPT-000252""]"
PC-PURCHASEREQUISITION-002756,Three-Way Match Passed,2023-12-22T00:41:00Z,payment_run,APP-0000035228,USR-031,"[""PC-PURCHASEREQUISITION-002756"",""PC-CONTRACT-000256"",""PC-GOODSMOVEMENT-000256""]"
PC-PURCHASEREQUISITION-002730,Payment Reversed,2023-12-22T08:51:00Z,inspection_lot,APP-0000035257,USR-106,"[""PC-PURCHASEREQUISITION-002730"",""PC-INSPECTIONLOT-000230"",""PC-REQUISITIONITEM-002730""]"
PC-PURCHASEREQUISITION-002750,Accounting Document Created,2023-12-22T12:40:00Z,accounting_header,APP-0000035281,USR-061,"[""PC-PURCHASEREQUISITION-002750"",""PC-MATERIAL-000250"",""PC-ACCOUNTINGDOCUMENT-000250""]"
PC-PURCHASEREQUISITION-002743,Payment Reversed,2023-12-22T15:37:00Z,inspection_lot,APP-0000035292,USR-073,"[""PC-PURCHASEREQUISITION-002743"",""PC-INSPECTIONLOT-000243"",""PC-REQUISITIONITEM-002743""]"
PC-PURCHASEREQUISITION-002735,Payment Reversed,2023-12-22T23:51:00Z,inspection_lot,APP-0000035317,USR-064,"[""PC-PURCHASEREQUISITION-002735"",""PC-INSPECTIONLOT-000235"",""PC-REQUISITIONITEM-002735""]"
PC-PURCHASEREQUISITION-002782,Quality Inspection Failed,2023-12-23T00:05:00Z,inspection_lot,APP-0000035318,USR-083,"[""PC-PURCHASEREQUISITION-002782"",""PC-INVOICE-000282"",""PC-RFQ-002782""]"
PC-PURCHASEREQUISITION-002774,Invoice Received,2023-12-23T06:02:00Z,goods_movement_header,APP-0000035341,USR-079,"[""PC-PURCHASEREQUISITION-002774"",""PC-COSTCENTER-000274"",""PC-SCHEDULELINE-000274""]"
PC-PURCHASEREQUISITION-002769,Invoice Changed,2023-12-23T09:00:00Z,accounting_header,APP-0000035353,USR-124,"[""PC-PURCHASEREQUISITION-002769"",""PC-SUPPLIERQUOTATION-002769"",""PC-ADVANCESHIPPINGNOTICE-000269""]"
PC-PURCHASEREQUISITION-002751,Payment Executed,2023-12-23T09:44:00Z,goods_movement_header,APP-0000035369,USR-081,"[""PC-PURCHASEREQUISITION-002751"",""PC-GOODSRECEIPT-000251"",""PC-COSTCENTER-000251""]"
PC-PURCHASEREQUISITION-002784,Stock Placed in Blocked Stock,2023-12-23T12:08:00Z,invoice_header,APP-0000035370,USR-118,"[""PC-PURCHASEREQUISITION-002784"",""PC-INVOICEITEM-000284"",""PC-SUPPLIERQUOTATION-002784""]"
PC-PURCHASEREQUISITION-002769,Three-Way Match Failed,2023-12-23T21:02:00Z,req_header,APP-0000035409,USR-126,"[""PC-PURCHASEREQUISITION-002769"",""PC-PURCHASEORDER-000269"",""PC-GOODSRECEIPT-000269""]"
PC-PURCHASEREQUISITION-002757,Payment Proposal Approved,2023-12-23T21:49:00Z,req_header,APP-0000035419,USR-055,"[""PC-PURCHASEREQUISITION-002757"",""PC-GOODSMOVEMENT-000257"",""PC-PAYMENT-000257""]"
PC-PURCHASEREQUISITION-002798,Goods Receipt Reversed,2023-12-24T00:17:00Z,accounting_header,APP-0000035421,USR-097,"[""PC-PURCHASEREQUISITION-002798"",""PC-ADVANCESHIPPINGNOTICE-000298"",""PC-PAYMENTPROPOSAL-000298""]"
PC-PURCHASEREQUISITION-002745,Payment Reversed,2023-12-24T05:51:00Z,inspection_lot,APP-0000035445,USR-107,"[""PC-PURCHASEREQUISITION-002745"",""PC-INSPECTIONLOT-000245"",""PC-REQUISITIONITEM-002745""]"
PC-PURCHASEREQUISITION-002749,Supplier Unblocked,2023-12-24T09:47:00Z,req_header,APP-0000035467,USR-052,"[""PC-PURCHASEREQUISITION-002749"",""PC-PAYMENTPROPOSAL-000249"",""PC-PURCHASEORDER-000249""]"
PC-PURCHASEREQUISITION-002795,Quality Inspection Failed,2023-12-24T15:18:00Z,inspection_lot,APP-0000035480,USR-050,"[""PC-PURCHASEREQUISITION-002795"",""PC-INVOICE-000295"",""PC-RFQ-002795""]"
PC-PURCHASEREQUISITION-002762,Payment Executed,2023-12-24T18:02:00Z,goods_movement_header,APP-0000035490,USR-014,"[""PC-PURCHASEREQUISITION-002762"",""PC-GOODSRECEIPT-000262"",""PC-COSTCENTER-000262""]"
PC-PURCHASEREQUISITION-002750,Payment Reversed,2023-12-24T20:51:00Z,inspection_lot,APP-0000035510,USR-065,"[""PC-PURCHASEREQUISITION-002750"",""PC-INSPECTIONLOT-000250"",""PC-REQUISITIONITEM-002750""]"
PC-PURCHASEREQUISITION-002783,Invoice Posted,2023-12-24T21:13:00Z,invoice_header,APP-0000035511,USR-107,"[""PC-PURCHASEREQUISITION-002783"",""PC-RFQ-002783"",""PC-MATERIAL-000283""]"
PC-PURCHASEREQUISITION-002802,Quality Inspection Started,2023-12-25T00:23:00Z,req_header,APP-0000035523,USR-040,"[""PC-PURCHASEREQUISITION-002802"",""PC-GOODSRECEIPT-000302"",""PC-COSTCENTER-000302""]"
PC-PURCHASEREQUISITION-002782,Three-Way Match Passed,2023-12-25T06:14:00Z,payment_run,APP-0000035547,USR-092,"[""PC-PURCHASEREQUISITION-002782"",""PC-CONTRACT-000282"",""PC-GOODSMOVEMENT-000282""]"
PC-PURCHASEREQUISITION-002810,Goods Receipt Posted,2023-12-25T06:28:00Z,invoice_header,APP-0000035548,USR-046,"[""PC-PURCHASEREQUISITION-002810"",""PC-MATERIAL-000310"",""PC-ACCOUNTINGDOCUMENT-000310""]"
PC-PURCHASEREQUISITION-002755,Payment Reversed,2023-12-25T11:51:00Z,inspection_lot,APP-0000035571,USR-023,"[""PC-PURCHASEREQUISITION-002755"",""PC-INSPECTIONLOT-000255"",""PC-REQUISITIONITEM-002755""]"
PC-PURCHASEREQUISITION-002763,Purchase Order Closed,2023-12-25T15:06:00Z,accounting_header,APP-0000035588,USR-034,"[""PC-PURCHASEREQUISITION-002763"",""PC-INVOICEITEM-000263"",""PC-SUPPLIERQUOTATION-002763""]"
PC-PURCHASEREQUISITION-002771,Payment Proposal Approved,2023-12-25T15:10:00Z,req_header,APP-0000035589,USR-039,"[""PC-PURCHASEREQUISITION-002771"",""PC-GOODSMOVEMENT-000271"",""PC-PAYMENT-000271""]"
PC-PURCHASEREQUISITION-002790,Invoice Posted,2023-12-25T18:20:00Z,invoice_header,APP-0000035602,USR-099,"[""PC-PURCHASEREQUISITION-002790"",""PC-RFQ-002790"",""PC-MATERIAL-000290""]"
PC-PURCHASEREQUISITION-002779,Credit Memo Posted,2023-12-25T21:15:00Z,invoice_header,APP-0000035613,USR-045,"[""PC-PURCHASEREQUISITION-002779"",""PC-SUPPLIER-000279"",""PC-INVOICEITEM-000279""]"
PC-PURCHASEREQUISITION-002809,Quality Inspection Started,2023-12-25T21:30:00Z,req_header,APP-0000035614,USR-032,"[""PC-PURCHASEREQUISITION-002809"",""PC-GOODSRECEIPT-000309"",""PC-COSTCENTER-000309""]"
PC-PURCHASEREQUISITION-002760,Goods Receipt Reversed,2023-12-26T02:14:00Z,accounting_header,APP-0000035630,USR-086,"[""PC-PURCHASEREQUISITION-002760"",""PC-ADVANCESHIPPINGNOTICE-000260"",""PC-PAYMENTPROPOSAL-000260""]"
PC-PURCHASEREQUISITION-002773,Payment Executed,2023-12-26T03:13:00Z,goods_movement_header,APP-0000035640,USR-074,"[""PC-PURCHASEREQUISITION-002773"",""PC-GOODSRECEIPT-000273"",""PC-COSTCENTER-000273""]"
PC-PURCHASEREQUISITION-002771,PO Item Final-Invoiced,2023-12-26T09:13:00Z,invoice_header,APP-0000035668,USR-042,"[""PC-PURCHASEREQUISITION-002771"",""PC-INVOICE-000271"",""PC-RFQ-002771""]"
PC-PURCHASEREQUISITION-002781,Accounting Document Created,2023-12-26T09:18:00Z,accounting_header,APP-0000035669,USR-080,"[""PC-PURCHASEREQUISITION-002781"",""PC-MATERIAL-000281"",""PC-ACCOUNTINGDOCUMENT-000281""]"
PC-PURCHASEREQUISITION-002778,Payment Proposal Approved,2023-12-26T12:17:00Z,req_header,APP-0000035679,USR-031,"[""PC-PURCHASEREQUISITION-002778"",""PC-GOODSMOVEMENT-000278"",""PC-PAYMENT-000278""]"
PC-PURCHASEREQUISITION-002786,Invoice Unblocked,2023-12-26T12:21:00Z,inspection_lot,APP-0000035680,USR-036,"[""PC-PURCHASEREQUISITION-002786"",""PC-SCHEDULELINE-000286"",""PC-INVOICE-000286""]"
PC-PURCHASEREQUISITION-002797,Invoice Posted,2023-12-26T15:27:00Z,invoice_header,APP-0000035690,USR-091,"[""PC-PURCHASEREQUISITION-002797"",""PC-RFQ-002797"",""PC-MATERIAL-000297""]"
PC-PURCHASEREQUISITION-002765,Payment Reversed,2023-12-26T17:51:00Z,inspection_lot,APP-0000035697,USR-066,"[""PC-PURCHASEREQUISITION-002765"",""PC-INSPECTIONLOT-000265"",""PC-REQUISITIONITEM-002765""]"
PC-PURCHASEREQUISITION-002795,Three-Way Match Passed,2023-12-26T21:27:00Z,payment_run,APP-0000035718,USR-059,"[""PC-PURCHASEREQUISITION-002795"",""PC-CONTRACT-000295"",""PC-GOODSMOVEMENT-000295""]"
PC-PURCHASEREQUISITION-002770,Goods Receipt Reversed,2023-12-27T08:14:00Z,accounting_header,APP-0000035754,USR-002,"[""PC-PURCHASEREQUISITION-002770"",""PC-ADVANCESHIPPINGNOTICE-000270"",""PC-PAYMENTPROPOSAL-000270""]"
PC-PURCHASEREQUISITION-002811,Return to Supplier Posted,2023-12-27T09:37:00Z,payment_run,APP-0000035767,USR-071,"[""PC-PURCHASEREQUISITION-002811"",""PC-PAYMENTPROPOSAL-000311"",""PC-PURCHASEORDER-000311""]"
PC-PURCHASEREQUISITION-002782,Payment Reversed,2023-12-27T12:23:00Z,inspection_lot,APP-0000035779,USR-101,"[""PC-PURCHASEREQUISITION-002782"",""PC-INSPECTIONLOT-000282"",""PC-REQUISITIONITEM-002782""]"
PC-PURCHASEREQUISITION-002804,Invoice Posted,2023-12-27T12:34:00Z,invoice_header,APP-0000035782,USR-083,"[""PC-PURCHASEREQUISITION-002804"",""PC-RFQ-002804"",""PC-MATERIAL-000304""]"
PC-PURCHASEREQUISITION-002820,Quality Inspection Passed,2023-12-27T12:42:00Z,goods_movement_header,APP-0000035783,USR-093,"[""PC-PURCHASEREQUISITION-002820"",""PC-INSPECTIONLOT-000320"",""PC-REQUISITIONITEM-002820""]"
PC-PURCHASEREQUISITION-002818,Stock Placed in Blocked Stock,2023-12-27T18:42:00Z,invoice_header,APP-0000035806,USR-061,"[""PC-PURCHASEREQUISITION-002818"",""PC-INVOICEITEM-000318"",""PC-SUPPLIERQUOTATION-002818""]"
PC-PURCHASEREQUISITION-002821,Quality Inspection Failed,2023-12-27T21:44:00Z,inspection_lot,APP-0000035817,USR-111,"[""PC-PURCHASEREQUISITION-002821"",""PC-INVOICE-000321"",""PC-RFQ-002821""]"
PC-PURCHASEREQUISITION-002829,Goods Receipt Reversed,2023-12-27T21:48:00Z,accounting_header,APP-0000035818,USR-116,"[""PC-PURCHASEREQUISITION-002829"",""PC-ADVANCESHIPPINGNOTICE-000329"",""PC-PAYMENTPROPOSAL-000329""]"
PC-PURCHASEREQUISITION-002811,Invoice Posted,2023-12-28T09:41:00Z,invoice_header,APP-0000035867,USR-075,"[""PC-PURCHASEREQUISITION-002811"",""PC-RFQ-002811"",""PC-MATERIAL-000311""]"
PC-PURCHASEREQUISITION-002788,PO Item Final-Invoiced,2023-12-28T12:30:00Z,invoice_header,APP-0000035878,USR-077,"[""PC-PURCHASEREQUISITION-002788"",""PC-INVOICE-000288"",""PC-RFQ-002788""]"
PC-PURCHASEREQUISITION-002804,Invoice Blocked,2023-12-28T12:38:00Z,goods_movement_header,APP-0000035879,USR-087,"[""PC-PURCHASEREQUISITION-002804"",""PC-PURCHASEORDERITEM-000304"",""PC-INSPECTIONLOT-000304""]"
PC-PURCHASEREQUISITION-002831,Quality Inspection Passed,2023-12-28T21:00:00Z,goods_movement_header,APP-0000035907,USR-026,"[""PC-PURCHASEREQUISITION-002831"",""PC-INSPECTIONLOT-000331"",""PC-REQUISITIONITEM-002831""]"
PC-PURCHASEREQUISITION-002795,Payment Executed,2023-12-28T21:35:00Z,goods_movement_header,APP-0000035921,USR-067,"[""PC-PURCHASEREQUISITION-002795"",""PC-GOODSRECEIPT-000295"",""PC-COSTCENTER-000295""]"
PC-PURCHASEREQUISITION-002813,Invoice Changed,2023-12-28T21:44:00Z,accounting_header,APP-0000035922,USR-110,"[""PC-PURCHASEREQUISITION-002813"",""PC-SUPPLIERQUOTATION-002813"",""PC-ADVANCESHIPPINGNOTICE-000313""]"
PC-PURCHASEREQUISITION-002785,Payment Reversed,2023-12-29T05:51:00Z,inspection_lot,APP-0000035949,USR-025,"[""PC-PURCHASEREQUISITION-002785"",""PC-INSPECTIONLOT-000285"",""PC-REQUISITIONITEM-002785""]"
PC-PURCHASEREQUISITION-002842,Partial Receipt Posted,2023-12-29T18:09:00Z,payment_run,APP-0000035995,USR-084,"[""PC-PURCHASEREQUISITION-002842"",""PC-GOODSMOVEMENT-000342"",""PC-PAYMENT-000342""]"
PC-PURCHASEREQUISITION-002790,Payment Reversed,2023-12-29T20:51:00Z,inspection_lot,APP-0000036008,USR-110,"[""PC-PURCHASEREQUISITION-002790"",""PC-INSPECTIONLOT-000290"",""PC-REQUISITIONITEM-002790""]"
PC-PURCHASEREQUISITION-002821,Three-Way Match Passed,2023-12-30T03:00:00Z,payment_run,APP-0000036031,USR-120,"[""PC-PURCHASEREQUISITION-002821"",""PC-CONTRACT-000321"",""PC-GOODSMOVEMENT-000321""]"
PC-PURCHASEREQUISITION-002834,Return to Supplier Posted,2023-12-30T06:07:00Z,payment_run,APP-0000036044,USR-081,"[""PC-PURCHASEREQUISITION-002834"",""PC-PAYMENTPROPOSAL-000334"",""PC-PURCHASEORDER-000334""]"
PC-PURCHASEREQUISITION-002806,Payment Executed,2023-12-30T06:46:00Z,goods_movement_header,APP-0000036058,USR-127,"[""PC-PURCHASEREQUISITION-002806"",""PC-GOODSRECEIPT-000306"",""PC-COSTCENTER-000306""]"
PC-PURCHASEREQUISITION-002795,Payment Reversed,2023-12-30T11:51:00Z,inspection_lot,APP-0000036075,USR-068,"[""PC-PURCHASEREQUISITION-002795"",""PC-INSPECTIONLOT-000295"",""PC-REQUISITIONITEM-002795""]"
PC-PURCHASEREQUISITION-002808,Payment Reversed,2023-12-30T18:49:00Z,inspection_lot,APP-0000036106,USR-035,"[""PC-PURCHASEREQUISITION-002808"",""PC-INSPECTIONLOT-000308"",""PC-REQUISITIONITEM-002808""]"
PC-PURCHASEREQUISITION-002800,Goods Receipt Reversed,2023-12-31T02:14:00Z,accounting_header,APP-0000036132,USR-004,"[""PC-PURCHASEREQUISITION-002800"",""PC-ADVANCESHIPPINGNOTICE-000300"",""PC-PAYMENTPROPOSAL-000300""]"
PC-PURCHASEREQUISITION-002847,Quality Inspection Failed,2023-12-31T03:17:00Z,inspection_lot,APP-0000036134,USR-045,"[""PC-PURCHASEREQUISITION-002847"",""PC-INVOICE-000347"",""PC-RFQ-002847""]"
PC-PURCHASEREQUISITION-002851,Quality Inspection Started,2023-12-31T03:19:00Z,req_header,APP-0000036135,USR-111,"[""PC-PURCHASEREQUISITION-002851"",""PC-GOODSRECEIPT-000351"",""PC-COSTCENTER-000351""]"
PC-PURCHASEREQUISITION-002836,Invoice Parked,2023-12-31T06:12:00Z,inspection_lot,APP-0000036146,USR-118,"[""PC-PURCHASEREQUISITION-002836"",""PC-REQUISITIONITEM-002836"",""PC-SUPPLIER-000336""]"
PC-PURCHASEREQUISITION-002835,Invoice Changed,2023-12-31T15:13:00Z,accounting_header,APP-0000036182,USR-103,"[""PC-PURCHASEREQUISITION-002835"",""PC-SUPPLIERQUOTATION-002835"",""PC-ADVANCESHIPPINGNOTICE-000335""]"
PC-PURCHASEREQUISITION-002805,Payment Reversed,2023-12-31T17:51:00Z,inspection_lot,APP-0000036199,USR-111,"[""PC-PURCHASEREQUISITION-002805"",""PC-INSPECTIONLOT-000305"",""PC-REQUISITIONITEM-002805""]"
PC-PURCHASEREQUISITION-002832,Invoice Unblocked,2024-01-01T06:14:00Z,inspection_lot,APP-0000036252,USR-056,"[""PC-PURCHASEREQUISITION-002832"",""PC-SCHEDULELINE-000332"",""PC-INVOICE-000332""]"
PC-PURCHASEREQUISITION-002810,Goods Receipt Reversed,2024-01-01T08:14:00Z,accounting_header,APP-0000036259,USR-047,"[""PC-PURCHASEREQUISITION-002810"",""PC-ADVANCESHIPPINGNOTICE-000310"",""PC-PAYMENTPROPOSAL-000310""]"
PC-PURCHASEREQUISITION-002821,Payment Reversed,2024-01-01T09:09:00Z,inspection_lot,APP-0000036267,USR-002,"[""PC-PURCHASEREQUISITION-002821"",""PC-INSPECTIONLOT-000321"",""PC-REQUISITIONITEM-002821""]"
PC-PURCHASEREQUISITION-002837,Three-Way Match Failed,2024-01-01T09:17:00Z,req_header,APP-0000036268,USR-012,"[""PC-PURCHASEREQUISITION-002837"",""PC-PURCHASEORDER-000337"",""PC-GOODSRECEIPT-000337""]"
PC-PURCHASEREQUISITION-002830,Payment Proposal Created,2024-01-01T18:15:00Z,payment_run,APP-0000036304,USR-025,"[""PC-PURCHASEREQUISITION-002830"",""PC-ADVANCESHIPPINGNOTICE-000330"",""PC-PAYMENTPROPOSAL-000330""]"
PC-PURCHASEREQUISITION-002815,Payment Reversed,2024-01-01T23:51:00Z,inspection_lot,APP-0000036322,USR-027,"[""PC-PURCHASEREQUISITION-002815"",""PC-INSPECTIONLOT-000315"",""PC-REQUISITIONITEM-002815""]"
PC-PURCHASEREQUISITION-002828,Payment Executed,2024-01-02T00:15:00Z,goods_movement_header,APP-0000036332,USR-120,"[""PC-PURCHASEREQUISITION-002828"",""PC-GOODSRECEIPT-000328"",""PC-COSTCENTER-000328""]"
PC-PURCHASEREQUISITION-002846,Invoice Changed,2024-01-02T00:24:00Z,accounting_header,APP-0000036333,USR-036,"[""PC-PURCHASEREQUISITION-002846"",""PC-SUPPLIERQUOTATION-002846"",""PC-ADVANCESHIPPINGNOTICE-000346""]"
PC-PURCHASEREQUISITION-002837,Credit Memo Posted,2024-01-02T03:20:00Z,invoice_header,APP-0000036348,USR-015,"[""PC-PURCHASEREQUISITION-002837"",""PC-SUPPLIER-000337"",""PC-INVOICEITEM-000337""]"
PC-PURCHASEREQUISITION-002857,Return to Supplier Posted,2024-01-02T03:30:00Z,payment_run,APP-0000036349,USR-091,"[""PC-PURCHASEREQUISITION-002857"",""PC-PAYMENTPROPOSAL-000357"",""PC-PURCHASEORDER-000357""]"
PC-PURCHASEREQUISITION-002847,Three-Way Match Passed,2024-01-02T09:26:00Z,payment_run,APP-0000036370,USR-054,"[""PC-PURCHASEREQUISITION-002847"",""PC-CONTRACT-000347"",""PC-GOODSMOVEMENT-000347""]"
PC-PURCHASEREQUISITION-002834,Payment Proposal Approved,2024-01-02T12:20:00Z,req_header,APP-0000036381,USR-094,"[""PC-PURCHASEREQUISITION-002834"",""PC-GOODSMOVEMENT-000334"",""PC-PAYMENT-000334""]"
PC-PURCHASEREQUISITION-002820,Payment Reversed,2024-01-02T14:51:00Z,inspection_lot,APP-0000036385,USR-112,"[""PC-PURCHASEREQUISITION-002820"",""PC-INSPECTIONLOT-000320"",""PC-REQUISITIONITEM-002820""]"
PC-PURCHASEREQUISITION-002853,Invoice Posted,2024-01-02T15:30:00Z,invoice_header,APP-0000036395,USR-027,"[""PC-PURCHASEREQUISITION-002853"",""PC-RFQ-002853"",""PC-MATERIAL-000353""]"
PC-PURCHASEREQUISITION-002872,Quality Inspection Started,2024-01-02T18:40:00Z,req_header,APP-0000036406,USR-087,"[""PC-PURCHASEREQUISITION-002872"",""PC-GOODSRECEIPT-000372"",""PC-COSTCENTER-000372""]"
PC-PURCHASEREQUISITION-002843,Accounting Document Created,2024-01-03T03:27:00Z,accounting_header,APP-0000036441,USR-118,"[""PC-PURCHASEREQUISITION-002843"",""PC-MATERIAL-000343"",""PC-ACCOUNTINGDOCUMENT-000343""]"
PC-PURCHASEREQUISITION-002869,Stock Placed in Blocked Stock,2024-01-03T03:40:00Z,invoice_header,APP-0000036442,USR-039,"[""PC-PURCHASEREQUISITION-002869"",""PC-INVOICEITEM-000369"",""PC-SUPPLIERQUOTATION-002869""]"
PC-PURCHASEREQUISITION-002825,Goods Receipt Reversed,2024-01-03T05:14:00Z,accounting_header,APP-0000036445,USR-048,"[""PC-PURCHASEREQUISITION-002825"",""PC-ADVANCESHIPPINGNOTICE-000325"",""PC-PAYMENTPROPOSAL-000325""]"
PC-PURCHASEREQUISITION-002873,Quality Inspection Failed,2024-01-03T09:43:00Z,inspection_lot,APP-0000036472,USR-106,"[""PC-PURCHASEREQUISITION-002873"",""PC-INVOICE-000373"",""PC-RFQ-002873""]"
PC-PURCHASEREQUISITION-002875,Quality Inspection Passed,2024-01-03T09:44:00Z,goods_movement_header,APP-0000036473,USR-012,"[""PC-PURCHASEREQUISITION-002875"",""PC-INSPECTIONLOT-000375"",""PC-REQUISITIONITEM-002875""]"
PC-PURCHASEREQUISITION-002879,Partial Receipt Posted,2024-01-03T09:46:00Z,payment_run,APP-0000036474,USR-078,"[""PC-PURCHASEREQUISITION-002879"",""PC-GOODSMOVEMENT-000379"",""PC-PAYMENT-000379""]"
PC-PURCHASEREQUISITION-002854,Three-Way Match Failed,2024-01-03T12:34:00Z,req_header,APP-0000036484,USR-047,"[""PC-PURCHASEREQUISITION-002854"",""PC-PURCHASEORDER-000354"",""PC-GOODSRECEIPT-000354""]"
PC-PURCHASEREQUISITION-002830,Goods Receipt Reversed,2024-01-03T20:14:00Z,accounting_header,APP-0000036511,USR-006,"[""PC-PURCHASEREQUISITION-002830"",""PC-ADVANCESHIPPINGNOTICE-000330"",""PC-PAYMENTPROPOSAL-000330""]"
PC-PURCHASEREQUISITION-002839,PO Item Final-Invoiced,2024-01-03T21:28:00Z,invoice_header,APP-0000036524,USR-055,"[""PC-PURCHASEREQUISITION-002839"",""PC-INVOICE-000339"",""PC-RFQ-002839""]"
PC-PURCHASEREQUISITION-002867,Invoice Received,2024-01-03T21:42:00Z,goods_movement_header,APP-0000036525,USR-009,"[""PC-PURCHASEREQUISITION-002867"",""PC-COSTCENTER-000367"",""PC-SCHEDULELINE-000367""]"
PC-PURCHASEREQUISITION-002860,Three-Way Match Passed,2024-01-04T00:39:00Z,payment_run,APP-0000036535,USR-021,"[""PC-PURCHASEREQUISITION-002860"",""PC-CONTRACT-000360"",""PC-GOODSMOVEMENT-000360""]"
PC-PURCHASEREQUISITION-002848,Payment Proposal Approved,2024-01-04T06:34:00Z,req_header,APP-0000036557,USR-078,"[""PC-PURCHASEREQUISITION-002848"",""PC-GOODSMOVEMENT-000348"",""PC-PAYMENT-000348""]"
PC-PURCHASEREQUISITION-002835,Payment Reversed,2024-01-04T11:51:00Z,inspection_lot,APP-0000036572,USR-113,"[""PC-PURCHASEREQUISITION-002835"",""PC-INSPECTIONLOT-000335"",""PC-REQUISITIONITEM-002835""]"
PC-PURCHASEREQUISITION-002891,Goods Receipt Reversed,2024-01-04T15:04:00Z,accounting_header,APP-0000036584,USR-027,"[""PC-PURCHASEREQUISITION-002891"",""PC-ADVANCESHIPPINGNOTICE-000391"",""PC-PAYMENTPROPOSAL-000391""]"
PC-PURCHASEREQUISITION-002847,Payment Reversed,2024-01-04T15:35:00Z,inspection_lot,APP-0000036595,USR-063,"[""PC-PURCHASEREQUISITION-002847"",""PC-INSPECTIONLOT-000347"",""PC-REQUISITIONITEM-002847""]"
PC-PURCHASEREQUISITION-002886,Quality Inspection Passed,2024-01-04T18:02:00Z,goods_movement_header,APP-0000036597,USR-072,"[""PC-PURCHASEREQUISITION-002886"",""PC-INSPECTIONLOT-000386"",""PC-REQUISITIONITEM-002886""]"
PC-PURCHASEREQUISITION-002840,Payment Reversed,2024-01-05T02:51:00Z,inspection_lot,APP-0000036637,USR-071,"[""PC-PURCHASEREQUISITION-002840"",""PC-INSPECTIONLOT-000340"",""PC-REQUISITIONITEM-002840""]"
PC-PURCHASEREQUISITION-002883,Stock Released from Blocked Stock,2024-01-05T03:02:00Z,accounting_header,APP-0000036638,USR-024,"[""PC-PURCHASEREQUISITION-002883"",""PC-ACCOUNTINGDOCUMENT-000383"",""PC-CONTRACT-000383""]"
PC-PURCHASEREQUISITION-002874,Invoice Posted,2024-01-05T06:51:00Z,invoice_header,APP-0000036660,USR-003,"[""PC-PURCHASEREQUISITION-002874"",""PC-RFQ-002874"",""PC-MATERIAL-000374""]"
PC-PURCHASEREQUISITION-002873,Three-Way Match Passed,2024-01-05T15:52:00Z,payment_run,APP-0000036695,USR-115,"[""PC-PURCHASEREQUISITION-002873"",""PC-CONTRACT-000373"",""PC-GOODSMOVEMENT-000373""]"
PC-PURCHASEREQUISITION-002845,Goods Receipt Reversed,2024-01-05T17:14:00Z,accounting_header,APP-0000036698,USR-007,"[""PC-PURCHASEREQUISITION-002845"",""PC-ADVANCESHIPPINGNOTICE-000345"",""PC-PAYMENTPROPOSAL-000345""]"
PC-PURCHASEREQUISITION-002862,Payment Proposal Approved,2024-01-06T00:48:00Z,req_header,APP-0000036731,USR-062,"[""PC-PURCHASEREQUISITION-002862"",""PC-GOODSMOVEMENT-000362"",""PC-PAYMENT-000362""]"
PC-PURCHASEREQUISITION-002853,Supplier Blocked,2024-01-06T03:44:00Z,payment_run,APP-0000036746,USR-041,"[""PC-PURCHASEREQUISITION-002853"",""PC-ACCOUNTINGDOCUMENT-000353"",""PC-CONTRACT-000353""]"
PC-PURCHASEREQUISITION-002861,Payment Executed,2024-01-06T03:48:00Z,goods_movement_header,APP-0000036748,USR-046,"[""PC-PURCHASEREQUISITION-002861"",""PC-GOODSRECEIPT-000361"",""PC-COSTCENTER-000361""]"
PC-PURCHASEREQUISITION-002860,Payment Reversed,2024-01-06T06:48:00Z,inspection_lot,APP-0000036759,USR-030,"[""PC-PURCHASEREQUISITION-002860"",""PC-INSPECTIONLOT-000360"",""PC-REQUISITIONITEM-002860""]"
PC-PURCHASEREQUISITION-002850,Goods Receipt Reversed,2024-01-06T08:14:00Z,accounting_header,APP-0000036762,USR-092,"[""PC-PURCHASEREQUISITION-002850"",""PC-ADVANCESHIPPINGNOTICE-000350"",""PC-PAYMENTPROPOSAL-000350""]"
PC-PURCHASEREQUISITION-002858,Purchase Order Closed,2024-01-06T12:48:00Z,accounting_header,APP-0000036786,USR-125,"[""PC-PURCHASEREQUISITION-002858"",""PC-INVOICEITEM-000358"",""PC-SUPPLIERQUOTATION-002858""]"
PC-PURCHASEREQUISITION-002855,Goods Receipt Reversed,2024-01-06T23:14:00Z,accounting_header,APP-0000036821,USR-050,"[""PC-PURCHASEREQUISITION-002855"",""PC-ADVANCESHIPPINGNOTICE-000355"",""PC-PAYMENTPROPOSAL-000355""]"
PC-PURCHASEREQUISITION-002878,Invoice Unblocked,2024-01-07T00:07:00Z,inspection_lot,APP-0000036824,USR-076,"[""PC-PURCHASEREQUISITION-002878"",""PC-SCHEDULELINE-000378"",""PC-INVOICE-000378""]"
PC-PURCHASEREQUISITION-002888,Invoice Posted,2024-01-07T00:12:00Z,invoice_header,APP-0000036826,USR-114,"[""PC-PURCHASEREQUISITION-002888"",""PC-RFQ-002888"",""PC-MATERIAL-000388""]"
PC-PURCHASEREQUISITION-002896,PO Item Delivery Completed,2024-01-07T06:17:00Z,req_header,APP-0000036850,USR-120,"[""PC-PURCHASEREQUISITION-002896"",""PC-PAYMENT-000396"",""PC-PURCHASEORDERITEM-000396""]"
PC-PURCHASEREQUISITION-002872,Payment Executed,2024-01-07T12:06:00Z,goods_movement_header,APP-0000036874,USR-106,"[""PC-PURCHASEREQUISITION-002872"",""PC-GOODSRECEIPT-000372"",""PC-COSTCENTER-000372""]"
PC-PURCHASEREQUISITION-002890,Invoice Changed,2024-01-07T12:15:00Z,accounting_header,APP-0000036875,USR-022,"[""PC-PURCHASEREQUISITION-002890"",""PC-SUPPLIERQUOTATION-002890"",""PC-ADVANCESHIPPINGNOTICE-000390""]"
PC-PURCHASEREQUISITION-002908,Quality Inspection Passed,2024-01-07T12:24:00Z,goods_movement_header,APP-0000036877,USR-065,"[""PC-PURCHASEREQUISITION-002908"",""PC-INSPECTIONLOT-000408"",""PC-REQUISITIONITEM-002908""]"
PC-PURCHASEREQUISITION-002860,Goods Receipt Reversed,2024-01-07T14:14:00Z,accounting_header,APP-0000036888,USR-008,"[""PC-PURCHASEREQUISITION-002860"",""PC-ADVANCESHIPPINGNOTICE-000360"",""PC-PAYMENTPROPOSAL-000360""]"
PC-PURCHASEREQUISITION-002876,Payment Proposal Approved,2024-01-07T18:09:00Z,req_header,APP-0000036905,USR-046,"[""PC-PURCHASEREQUISITION-002876"",""PC-GOODSMOVEMENT-000376"",""PC-PAYMENT-000376""]"
PC-PURCHASEREQUISITION-002888,Three-Way Match Failed,2024-01-07T18:15:00Z,req_header,APP-0000036906,USR-117,"[""PC-PURCHASEREQUISITION-002888"",""PC-PURCHASEORDER-000388"",""PC-GOODSRECEIPT-000388""]"
PC-PURCHASEREQUISITION-002898,Invoice Received,2024-01-07T18:20:00Z,goods_movement_header,APP-0000036907,USR-028,"[""PC-PURCHASEREQUISITION-002898"",""PC-COSTCENTER-000398"",""PC-SCHEDULELINE-000398""]"
PC-PURCHASEREQUISITION-002873,Payment Reversed,2024-01-07T21:08:00Z,inspection_lot,APP-0000036919,USR-124,"[""PC-PURCHASEREQUISITION-002873"",""PC-INSPECTIONLOT-000373"",""PC-REQUISITIONITEM-002873""]"
PC-PURCHASEREQUISITION-002903,Return to Supplier Posted,2024-01-07T21:23:00Z,payment_run,APP-0000036921,USR-111,"[""PC-PURCHASEREQUISITION-002903"",""PC-PAYMENTPROPOSAL-000403"",""PC-PURCHASEORDER-000403""]"
PC-PURCHASEREQUISITION-002914,Quality Inspection Started,2024-01-08T00:29:00Z,req_header,APP-0000036932,USR-039,"[""PC-PURCHASEREQUISITION-002914"",""PC-GOODSRECEIPT-000414"",""PC-COSTCENTER-000414""]"
PC-PURCHASEREQUISITION-002916,Partial Receipt Posted,2024-01-08T00:30:00Z,payment_run,APP-0000036933,USR-072,"[""PC-PURCHASEREQUISITION-002916"",""PC-GOODSMOVEMENT-000416"",""PC-PAYMENT-000416""]"
PC-PURCHASEREQUISITION-002865,Goods Receipt Reversed,2024-01-08T05:14:00Z,accounting_header,APP-0000036950,USR-093,"[""PC-PURCHASEREQUISITION-002865"",""PC-ADVANCESHIPPINGNOTICE-000365"",""PC-PAYMENTPROPOSAL-000365""]"
PC-PURCHASEREQUISITION-002912,Quality Inspection Failed,2024-01-08T06:29:00Z,inspection_lot,APP-0000036960,USR-007,"[""PC-PURCHASEREQUISITION-002912"",""PC-INVOICE-000412"",""PC-RFQ-002912""]"
PC-PURCHASEREQUISITION-002883,Payment Proposal Approved,2024-01-08T15:16:00Z,req_header,APP-0000036992,USR-038,"[""PC-PURCHASEREQUISITION-002883"",""PC-GOODSMOVEMENT-000383"",""PC-PAYMENT-000383""]"
PC-PURCHASEREQUISITION-002926,Goods Receipt Posted,2024-01-08T18:38:00Z,invoice_header,APP-0000037004,USR-113,"[""PC-PURCHASEREQUISITION-002926"",""PC-MATERIAL-000426"",""PC-ACCOUNTINGDOCUMENT-000426""]"
PC-PURCHASEREQUISITION-002870,Goods Receipt Reversed,2024-01-08T20:14:00Z,accounting_header,APP-0000037009,USR-051,"[""PC-PURCHASEREQUISITION-002870"",""PC-ADVANCESHIPPINGNOTICE-000370"",""PC-PAYMENTPROPOSAL-000370""]"
PC-PURCHASEREQUISITION-002921,Quality Inspection Started,2024-01-08T21:36:00Z,req_header,APP-0000037026,USR-031,"[""PC-PURCHASEREQUISITION-002921"",""PC-GOODSRECEIPT-000421"",""PC-COSTCENTER-000421""]"
PC-PURCHASEREQUISITION-002875,Goods Receipt Reversed,2024-01-09T11:14:00Z,accounting_header,APP-0000037074,USR-009,"[""PC-PURCHASEREQUISITION-002875"",""PC-ADVANCESHIPPINGNOTICE-000375"",""PC-PAYMENTPROPOSAL-000375""]"
PC-PURCHASEREQUISITION-002920,Stock Placed in Blocked Stock,2024-01-09T12:38:00Z,invoice_header,APP-0000037088,USR-017,"[""PC-PURCHASEREQUISITION-002920"",""PC-INVOICEITEM-000420"",""PC-SUPPLIERQUOTATION-002920""]"
PC-PURCHASEREQUISITION-002921,Stock Released from Blocked Stock,2024-01-09T21:40:00Z,accounting_header,APP-0000037122,USR-035,"[""PC-PURCHASEREQUISITION-002921"",""PC-ACCOUNTINGDOCUMENT-000421"",""PC-CONTRACT-000421""]"
PC-PURCHASEREQUISITION-002925,Quality Inspection Failed,2024-01-09T21:42:00Z,inspection_lot,APP-0000037123,USR-101,"[""PC-PURCHASEREQUISITION-002925"",""PC-INVOICE-000425"",""PC-RFQ-002925""]"
PC-PURCHASEREQUISITION-002880,Goods Receipt Reversed,2024-01-10T02:14:00Z,accounting_header,APP-0000037136,USR-094,"[""PC-PURCHASEREQUISITION-002880"",""PC-ADVANCESHIPPINGNOTICE-000380"",""PC-PAYMENTPROPOSAL-000380""]"
PC-PURCHASEREQUISITION-002894,Payment Executed,2024-01-10T06:28:00Z,goods_movement_header,APP-0000037161,USR-099,"[""PC-PURCHASEREQUISITION-002894"",""PC-GOODSRECEIPT-000394"",""PC-COSTCENTER-000394""]"
PC-PURCHASEREQUISITION-002930,Quality Inspection Passed,2024-01-10T06:46:00Z,goods_movement_header,APP-0000037163,USR-058,"[""PC-PURCHASEREQUISITION-002930"",""PC-INSPECTIONLOT-000430"",""PC-REQUISITIONITEM-002930""]"
PC-PURCHASEREQUISITION-002897,Payment Proposal Approved,2024-01-10T09:30:00Z,req_header,APP-0000037174,USR-022,"[""PC-PURCHASEREQUISITION-002897"",""PC-GOODSMOVEMENT-000397"",""PC-PAYMENT-000397""]"
PC-PURCHASEREQUISITION-002912,Three-Way Match Passed,2024-01-10T12:38:00Z,payment_run,APP-0000037184,USR-016,"[""PC-PURCHASEREQUISITION-002912"",""PC-CONTRACT-000412"",""PC-GOODSMOVEMENT-000412""]"
PC-PURCHASEREQUISITION-002885,Payment Reversed,2024-01-10T17:51:00Z,inspection_lot,APP-0000037199,USR-074,"[""PC-PURCHASEREQUISITION-002885"",""PC-INSPECTIONLOT-000385"",""PC-REQUISITIONITEM-002885""]"
PC-PURCHASEREQUISITION-002926,Return to Supplier Posted,2024-01-10T18:46:00Z,payment_run,APP-0000037210,USR-121,"[""PC-PURCHASEREQUISITION-002926"",""PC-PAYMENTPROPOSAL-000426"",""PC-PURCHASEORDER-000426""]"
PC-PURCHASEREQUISITION-002925,PO Item Delivery Completed,2024-01-10T21:46:00Z,req_header,APP-0000037225,USR-105,"[""PC-PURCHASEREQUISITION-002925"",""PC-PAYMENT-000425"",""PC-PURCHASEORDERITEM-000425""]"
PC-PURCHASEREQUISITION-002899,Payment Reversed,2024-01-11T03:34:00Z,inspection_lot,APP-0000037246,USR-058,"[""PC-PURCHASEREQUISITION-002899"",""PC-INSPECTIONLOT-000399"",""PC-REQUISITIONITEM-002899""]"
PC-PURCHASEREQUISITION-002904,Payment Proposal Approved,2024-01-11T06:37:00Z,req_header,APP-0000037258,USR-014,"[""PC-PURCHASEREQUISITION-002904"",""PC-GOODSMOVEMENT-000404"",""PC-PAYMENT-000404""]"
PC-PURCHASEREQUISITION-002890,Payment Reversed,2024-01-11T08:51:00Z,inspection_lot,APP-0000037262,USR-032,"[""PC-PURCHASEREQUISITION-002890"",""PC-INSPECTIONLOT-000390"",""PC-REQUISITIONITEM-002890""]"
PC-PURCHASEREQUISITION-002923,Invoice Posted,2024-01-11T09:47:00Z,invoice_header,APP-0000037271,USR-074,"[""PC-PURCHASEREQUISITION-002923"",""PC-RFQ-002923"",""PC-MATERIAL-000423""]"
PC-PURCHASEREQUISITION-002938,Quality Inspection Failed,2024-01-11T12:02:00Z,inspection_lot,APP-0000037272,USR-068,"[""PC-PURCHASEREQUISITION-002938"",""PC-INVOICE-000438"",""PC-RFQ-002938""]"
PC-PURCHASEREQUISITION-002937,Stock Placed in Blocked Stock,2024-01-11T15:02:00Z,invoice_header,APP-0000037283,USR-052,"[""PC-PURCHASEREQUISITION-002937"",""PC-INVOICEITEM-000437"",""PC-SUPPLIERQUOTATION-002937""]"
PC-PURCHASEREQUISITION-002929,Invoice Received,2024-01-11T15:51:00Z,goods_movement_header,APP-0000037298,USR-047,"[""PC-PURCHASEREQUISITION-002929"",""PC-COSTCENTER-000429"",""PC-SCHEDULELINE-000429""]"
PC-PURCHASEREQUISITION-002895,Goods Receipt Reversed,2024-01-11T23:14:00Z,accounting_header,APP-0000037318,USR-095,"[""PC-PURCHASEREQUISITION-002895"",""PC-ADVANCESHIPPINGNOTICE-000395"",""PC-PAYMENTPROPOSAL-000395""]"
PC-PURCHASEREQUISITION-002949,Quality Inspection Started,2024-01-12T09:11:00Z,req_header,APP-0000037341,USR-126,"[""PC-PURCHASEREQUISITION-002949"",""PC-GOODSRECEIPT-000449"",""PC-COSTCENTER-000449""]"
PC-PURCHASEREQUISITION-002955,Goods Receipt Posted,2024-01-12T09:14:00Z,invoice_header,APP-0000037343,USR-098,"[""PC-PURCHASEREQUISITION-002955"",""PC-MATERIAL-000455"",""PC-ACCOUNTINGDOCUMENT-000455""]"
PC-PURCHASEREQUISITION-002900,Payment Reversed,2024-01-12T14:51:00Z,inspection_lot,APP-0000037359,USR-075,"[""PC-PURCHASEREQUISITION-002900"",""PC-INSPECTIONLOT-000400"",""PC-REQUISITIONITEM-002900""]"
PC-PURCHASEREQUISITION-002953,Partial Receipt Posted,2024-01-12T15:14:00Z,payment_run,APP-0000037360,USR-066,"[""PC-PURCHASEREQUISITION-002953"",""PC-GOODSMOVEMENT-000453"",""PC-PAYMENT-000453""]"
PC-PURCHASEREQUISITION-002912,Payment Reversed,2024-01-12T18:47:00Z,inspection_lot,APP-0000037370,USR-025,"[""PC-PURCHASEREQUISITION-002912"",""PC-INSPECTIONLOT-000412"",""PC-REQUISITIONITEM-002912""]"
PC-PURCHASEREQUISITION-002924,Credit Memo Posted,2024-01-13T00:01:00Z,invoice_header,APP-0000037374,USR-097,"[""PC-PURCHASEREQUISITION-002924"",""PC-SUPPLIER-000424"",""PC-INVOICEITEM-000424""]"
PC-PURCHASEREQUISITION-002934,Invoice Changed,2024-01-13T00:06:00Z,accounting_header,APP-0000037375,USR-008,"[""PC-PURCHASEREQUISITION-002934"",""PC-SUPPLIERQUOTATION-002934"",""PC-ADVANCESHIPPINGNOTICE-000434""]"
PC-PURCHASEREQUISITION-002952,Quality Inspection Passed,2024-01-13T00:15:00Z,goods_movement_header,APP-0000037376,USR-051,"[""PC-PURCHASEREQUISITION-002952"",""PC-INSPECTIONLOT-000452"",""PC-REQUISITIONITEM-002952""]"
PC-PURCHASEREQUISITION-002951,Quality Inspection Failed,2024-01-13T03:15:00Z,inspection_lot,APP-0000037385,USR-035,"[""PC-PURCHASEREQUISITION-002951"",""PC-INVOICE-000451"",""PC-RFQ-002951""]"
PC-PURCHASEREQUISITION-002949,Return to Supplier Posted,2024-01-13T15:16:00Z,payment_run,APP-0000037404,USR-004,"[""PC-PURCHASEREQUISITION-002949"",""PC-PAYMENTPROPOSAL-000449"",""PC-PURCHASEORDER-000449""]"
PC-PURCHASEREQUISITION-002938,Three-Way Match Passed,2024-01-13T18:11:00Z,payment_run,APP-0000037407,USR-077,"[""PC-PURCHASEREQUISITION-002938"",""PC-CONTRACT-000438"",""PC-GOODSMOVEMENT-000438""]"
PC-PURCHASEREQUISITION-002910,Goods Receipt Reversed,2024-01-13T20:14:00Z,accounting_header,APP-0000037412,USR-096,"[""PC-PURCHASEREQUISITION-002910"",""PC-ADVANCESHIPPINGNOTICE-000410"",""PC-PAYMENTPROPOSAL-000410""]"
PC-PURCHASEREQUISITION-002925,Payment Proposal Approved,2024-01-13T21:05:00Z,req_header,APP-0000037414,USR-117,"[""PC-PURCHASEREQUISITION-002925"",""PC-GOODSMOVEMENT-000425"",""PC-PAYMENT-000425""]"
PC-PURCHASEREQUISITION-002963,Quality Inspection Started,2024-01-14T03:25:00Z,req_header,APP-0000037421,USR-110,"[""PC-PURCHASEREQUISITION-002963"",""PC-GOODSRECEIPT-000463"",""PC-COSTCENTER-000463""]"
PC-PURCHASEREQUISITION-002927,Payment Executed,2024-01-14T09:08:00Z,goods_movement_header,APP-0000037425,USR-025,"[""PC-PURCHASEREQUISITION-002927"",""PC-GOODSRECEIPT-000427"",""PC-COSTCENTER-000427""]"
PC-PURCHASEREQUISITION-002945,Invoice Changed,2024-01-14T09:17:00Z,accounting_header,APP-0000037426,USR-068,"[""PC-PURCHASEREQUISITION-002945"",""PC-SUPPLIERQUOTATION-002945"",""PC-ADVANCESHIPPINGNOTICE-000445""]"
PC-PURCHASEREQUISITION-002915,Payment Reversed,2024-01-14T11:51:00Z,inspection_lot,APP-0000037433,USR-076,"[""PC-PURCHASEREQUISITION-002915"",""PC-INSPECTIONLOT-000415"",""PC-REQUISITIONITEM-002915""]"
PC-PURCHASEREQUISITION-002964,Quality Inspection Failed,2024-01-14T18:28:00Z,inspection_lot,APP-0000037441,USR-002,"[""PC-PURCHASEREQUISITION-002964"",""PC-INVOICE-000464"",""PC-RFQ-002964""]"
PC-PURCHASEREQUISITION-002970,Quality Inspection Started,2024-01-15T00:32:00Z,req_header,APP-0000037443,USR-102,"[""PC-PURCHASEREQUISITION-002970"",""PC-GOODSRECEIPT-000470"",""PC-COSTCENTER-000470""]"
PC-PURCHASEREQUISITION-002920,Payment Reversed,2024-01-15T02:51:00Z,inspection_lot,APP-0000037447,USR-034,"[""PC-PURCHASEREQUISITION-002920"",""PC-INSPECTIONLOT-000420"",""PC-REQUISITIONITEM-002920""]"
PC-PURCHASEREQUISITION-002960,Invoice Received,2024-01-15T12:29:00Z,goods_movement_header,APP-0000037453,USR-066,"[""PC-PURCHASEREQUISITION-002960"",""PC-COSTCENTER-000460"",""PC-SCHEDULELINE-000460""]"
PC-PURCHASEREQUISITION-002939,Payment Proposal Approved,2024-01-15T15:19:00Z,req_header,APP-0000037455,USR-101,"[""PC-PURCHASEREQUISITION-002939"",""PC-GOODSMOVEMENT-000439"",""PC-PAYMENT-000439""]"
PC-PURCHASEREQUISITION-002941,Payment Proposal Created,2024-01-15T15:20:00Z,payment_run,APP-0000037456,USR-007,"[""PC-PURCHASEREQUISITION-002941"",""PC-ADVANCESHIPPINGNOTICE-000441"",""PC-PAYMENTPROPOSAL-000441""]"
PC-PURCHASEREQUISITION-002938,Payment Reversed,2024-01-16T00:20:00Z,inspection_lot,APP-0000037472,USR-086,"[""PC-PURCHASEREQUISITION-002938"",""PC-INSPECTIONLOT-000438"",""PC-REQUISITIONITEM-002938""]"
PC-PURCHASEREQUISITION-002984,Goods Receipt Posted,2024-01-16T00:43:00Z,invoice_header,APP-0000037473,USR-083,"[""PC-PURCHASEREQUISITION-002984"",""PC-MATERIAL-000484"",""PC-ACCOUNTINGDOCUMENT-000484""]"
PC-PURCHASEREQUISITION-002930,Goods Receipt Reversed,2024-01-16T08:14:00Z,accounting_header,APP-0000037479,USR-055,"[""PC-PURCHASEREQUISITION-002930"",""PC-ADVANCESHIPPINGNOTICE-000430"",""PC-PAYMENTPROPOSAL-000430""]"
PC-PURCHASEREQUISITION-002977,Quality Inspection Failed,2024-01-16T09:41:00Z,inspection_lot,APP-0000037481,USR-096,"[""PC-PURCHASEREQUISITION-002977"",""PC-INVOICE-000477"",""PC-RFQ-002977""]"
PC-PURCHASEREQUISITION-002946,Payment Proposal Approved,2024-01-16T12:26:00Z,req_header,APP-0000037482,USR-093,"[""PC-PURCHASEREQUISITION-002946"",""PC-GOODSMOVEMENT-000446"",""PC-PAYMENT-000446""]"
PC-PURCHASEREQUISITION-002941,PO Item Final-Invoiced,2024-01-16T15:24:00Z,invoice_header,APP-0000037485,USR-011,"[""PC-PURCHASEREQUISITION-002941"",""PC-INVOICE-000441"",""PC-RFQ-002941""]"
PC-PURCHASEREQUISITION-002965,Invoice Posted,2024-01-16T15:36:00Z,invoice_header,APP-0000037487,USR-026,"[""PC-PURCHASEREQUISITION-002965"",""PC-RFQ-002965"",""PC-MATERIAL-000465""]"
PC-PURCHASEREQUISITION-002984,Quality Inspection Started,2024-01-16T18:46:00Z,req_header,APP-0000037488,USR-086,"[""PC-PURCHASEREQUISITION-002984"",""PC-GOODSRECEIPT-000484"",""PC-COSTCENTER-000484""]"
PC-PURCHASEREQUISITION-002964,Three-Way Match Passed,2024-01-17T00:37:00Z,payment_run,APP-0000037493,USR-011,"[""PC-PURCHASEREQUISITION-002964"",""PC-CONTRACT-000464"",""PC-GOODSMOVEMENT-000464""]"
PC-PURCHASEREQUISITION-002949,Payment Executed,2024-01-17T03:30:00Z,goods_movement_header,APP-0000037495,USR-018,"[""PC-PURCHASEREQUISITION-002949"",""PC-GOODSRECEIPT-000449"",""PC-COSTCENTER-000449""]"
PC-PURCHASEREQUISITION-002990,Partial Receipt Posted,2024-01-17T06:51:00Z,payment_run,APP-0000037498,USR-060,"[""PC-PURCHASEREQUISITION-002990"",""PC-GOODSMOVEMENT-000490"",""PC-PAYMENT-000490""]"
PC-PURCHASEREQUISITION-002991,Quality Inspection Started,2024-01-17T15:00:00Z,req_header,APP-0000037507,USR-078,"[""PC-PURCHASEREQUISITION-002991"",""PC-GOODSRECEIPT-000491"",""PC-COSTCENTER-000491""]"
PC-PURCHASEREQUISITION-002945,Supplier Blocked,2024-01-17T15:30:00Z,payment_run,APP-0000037508,USR-081,"[""PC-PURCHASEREQUISITION-002945"",""PC-ACCOUNTINGDOCUMENT-000445"",""PC-CONTRACT-000445""]"
PC-PURCHASEREQUISITION-002988,Stock Placed in Blocked Stock,2024-01-18T00:00:00Z,invoice_header,APP-0000037510,USR-030,"[""PC-PURCHASEREQUISITION-002988"",""PC-INVOICEITEM-000488"",""PC-SUPPLIERQUOTATION-002988""]"
PC-PURCHASEREQUISITION-002990,Quality Inspection Failed,2024-01-18T00:01:00Z,inspection_lot,APP-0000037511,USR-063,"[""PC-PURCHASEREQUISITION-002990"",""PC-INVOICE-000490"",""PC-RFQ-002990""]"
PC-PURCHASEREQUISITION-002945,Payment Reversed,2024-01-18T05:51:00Z,inspection_lot,APP-0000037516,USR-078,"[""PC-PURCHASEREQUISITION-002945"",""PC-INSPECTIONLOT-000445"",""PC-REQUISITIONITEM-002945""]"
PC-PURCHASEREQUISITION-002979,Invoice Posted,2024-01-18T09:50:00Z,invoice_header,APP-0000037520,USR-010,"[""PC-PURCHASEREQUISITION-002979"",""PC-RFQ-002979"",""PC-MATERIAL-000479""]"
PC-PURCHASEREQUISITION-002996,Quality Inspection Passed,2024-01-18T12:06:00Z,goods_movement_header,APP-0000037521,USR-037,"[""PC-PURCHASEREQUISITION-002996"",""PC-INSPECTIONLOT-000496"",""PC-REQUISITIONITEM-002996""]"
PC-PURCHASEREQUISITION-002998,Quality Inspection Started,2024-01-18T12:07:00Z,req_header,APP-0000037522,USR-070,"[""PC-PURCHASEREQUISITION-002998"",""PC-GOODSRECEIPT-000498"",""PC-COSTCENTER-000498""]"
PC-PURCHASEREQUISITION-002960,Payment Executed,2024-01-18T12:41:00Z,goods_movement_header,APP-0000037523,USR-078,"[""PC-PURCHASEREQUISITION-002960"",""PC-GOODSRECEIPT-000460"",""PC-COSTCENTER-000460""]"
PC-PURCHASEREQUISITION-002970,Invoice Unblocked,2024-01-18T12:46:00Z,inspection_lot,APP-0000037524,USR-116,"[""PC-PURCHASEREQUISITION-002970"",""PC-SCHEDULELINE-000470"",""PC-INVOICE-000470""]"
PC-PURCHASEREQUISITION-002978,Invoice Changed,2024-01-18T12:50:00Z,accounting_header,APP-0000037525,USR-121,"[""PC-PURCHASEREQUISITION-002978"",""PC-SUPPLIERQUOTATION-002978"",""PC-ADVANCESHIPPINGNOTICE-000478""]"
PC-PURCHASEREQUISITION-002977,Three-Way Match Passed,2024-01-18T15:50:00Z,payment_run,APP-0000037527,USR-105,"[""PC-PURCHASEREQUISITION-002977"",""PC-CONTRACT-000477"",""PC-GOODSMOVEMENT-000477""]"
PC-PURCHASEREQUISITION-002950,Payment Reversed,2024-01-18T20:51:00Z,inspection_lot,APP-0000037534,USR-036,"[""PC-PURCHASEREQUISITION-002950"",""PC-INSPECTIONLOT-000450"",""PC-REQUISITIONITEM-002950""]"
PC-PURCHASEREQUISITION-002975,Invoice Blocked,2024-01-18T21:50:00Z,goods_movement_header,APP-0000037535,USR-073,"[""PC-PURCHASEREQUISITION-002975"",""PC-PURCHASEORDERITEM-000475"",""PC-INSPECTIONLOT-000475""]"
PC-PURCHASEREQUISITION-002986,Invoice Posted,2024-01-19T06:04:00Z,invoice_header,APP-0000037537,USR-002,"[""PC-PURCHASEREQUISITION-002986"",""PC-RFQ-002986"",""PC-MATERIAL-000486""]"
PC-PURCHASEREQUISITION-002964,Payment Reversed,2024-01-19T06:46:00Z,inspection_lot,APP-0000037538,USR-020,"[""PC-PURCHASEREQUISITION-002964"",""PC-INSPECTIONLOT-000464"",""PC-REQUISITIONITEM-002964""]"
PC-PURCHASEREQUISITION-002989,Invoice Changed,2024-01-19T21:08:00Z,accounting_header,APP-0000037546,USR-054,"[""PC-PURCHASEREQUISITION-002989"",""PC-SUPPLIERQUOTATION-002989"",""PC-ADVANCESHIPPINGNOTICE-000489""]"
PC-PURCHASEREQUISITION-002971,Payment Executed,2024-01-19T21:52:00Z,goods_movement_header,APP-0000037547,USR-011,"[""PC-PURCHASEREQUISITION-002971"",""PC-GOODSRECEIPT-000471"",""PC-COSTCENTER-000471""]"
PC-PURCHASEREQUISITION-002974,Payment Proposal Approved,2024-01-20T00:01:00Z,req_header,APP-0000037548,USR-061,"[""PC-PURCHASEREQUISITION-002974"",""PC-GOODSMOVEMENT-000474"",""PC-PAYMENT-000474""]"
PC-PURCHASEREQUISITION-002960,Payment Reversed,2024-01-20T02:51:00Z,inspection_lot,APP-0000037552,USR-079,"[""PC-PURCHASEREQUISITION-002960"",""PC-INSPECTIONLOT-000460"",""PC-REQUISITIONITEM-002960""]"
PC-PURCHASEREQUISITION-002982,Credit Memo Posted,2024-01-20T06:06:00Z,invoice_header,APP-0000037555,USR-067,"[""PC-PURCHASEREQUISITION-002982"",""PC-SUPPLIER-000482"",""PC-INVOICEITEM-000482""]"
PC-PURCHASEREQUISITION-002990,Three-Way Match Passed,2024-01-20T06:10:00Z,payment_run,APP-0000037556,USR-072,"[""PC-PURCHASEREQUISITION-002990"",""PC-CONTRACT-000490"",""PC-GOODSMOVEMENT-000490""]"
PC-PURCHASEREQUISITION-002965,Payment Reversed,2024-01-20T17:51:00Z,inspection_lot,APP-0000037562,USR-037,"[""PC-PURCHASEREQUISITION-002965"",""PC-INSPECTIONLOT-000465"",""PC-REQUISITIONITEM-002965""]"
PC-PURCHASEREQUISITION-002972,Purchase Order Closed,2024-01-20T18:03:00Z,accounting_header,APP-0000037563,USR-031,"[""PC-PURCHASEREQUISITION-002972"",""PC-INVOICEITEM-000472"",""PC-SUPPLIERQUOTATION-002972""]"
PC-PURCHASEREQUISITION-002975,PO Item Final-Invoiced,2024-01-20T21:05:00Z,invoice_header,APP-0000037564,USR-081,"[""PC-PURCHASEREQUISITION-002975"",""PC-INVOICE-000475"",""PC-RFQ-002975""]"
PC-PURCHASEREQUISITION-002977,Payment Reversed,2024-01-20T21:06:00Z,inspection_lot,APP-0000037565,USR-114,"[""PC-PURCHASEREQUISITION-002977"",""PC-INSPECTIONLOT-000477"",""PC-REQUISITIONITEM-002977""]"
PC-PURCHASEREQUISITION-002981,Payment Proposal Approved,2024-01-20T21:08:00Z,req_header,APP-0000037566,USR-053,"[""PC-PURCHASEREQUISITION-002981"",""PC-GOODSMOVEMENT-000481"",""PC-PAYMENT-000481""]"
PC-PURCHASEREQUISITION-002982,Payment Executed,2024-01-21T06:10:00Z,goods_movement_header,APP-0000037568,USR-071,"[""PC-PURCHASEREQUISITION-002982"",""PC-GOODSRECEIPT-000482"",""PC-COSTCENTER-000482""]"
PC-PURCHASEREQUISITION-002994,Invoice Blocked,2024-01-21T06:16:00Z,goods_movement_header,APP-0000037569,USR-015,"[""PC-PURCHASEREQUISITION-002994"",""PC-PURCHASEORDERITEM-000494"",""PC-INSPECTIONLOT-000494""]"
PC-PURCHASEREQUISITION-002970,Payment Reversed,2024-01-21T08:51:00Z,inspection_lot,APP-0000037574,USR-122,"[""PC-PURCHASEREQUISITION-002970"",""PC-INSPECTIONLOT-000470"",""PC-REQUISITIONITEM-002970""]"
PC-PURCHASEREQUISITION-002975,Goods Receipt Reversed,2024-01-21T23:14:00Z,accounting_header,APP-0000037579,USR-058,"[""PC-PURCHASEREQUISITION-002975"",""PC-ADVANCESHIPPINGNOTICE-000475"",""PC-PAYMENTPROPOSAL-000475""]"
PC-PURCHASEREQUISITION-002990,Payment Reversed,2024-01-22T12:19:00Z,inspection_lot,APP-0000037582,USR-081,"[""PC-PURCHASEREQUISITION-002990"",""PC-INSPECTIONLOT-000490"",""PC-REQUISITIONITEM-002990""]"
PC-PURCHASEREQUISITION-002980,Payment Reversed,2024-01-22T14:51:00Z,inspection_lot,APP-0000037587,USR-038,"[""PC-PURCHASEREQUISITION-002980"",""PC-INSPECTIONLOT-000480"",""PC-REQUISITIONITEM-002980""]"
PC-PURCHASEREQUISITION-002993,Payment Executed,2024-01-22T15:21:00Z,goods_movement_header,APP-0000037588,USR-004,"[""PC-PURCHASEREQUISITION-002993"",""PC-GOODSRECEIPT-000493"",""PC-COSTCENTER-000493""]"
PC-PURCHASEREQUISITION-002995,Payment Proposal Approved,2024-01-22T15:22:00Z,req_header,APP-0000037589,USR-037,"[""PC-PURCHASEREQUISITION-002995"",""PC-GOODSMOVEMENT-000495"",""PC-PAYMENT-000495""]"
PC-PURCHASEREQUISITION-002992,PO Item Final-Invoiced,2024-01-23T00:22:00Z,invoice_header,APP-0000037590,USR-116,"[""PC-PURCHASEREQUISITION-002992"",""PC-INVOICE-000492"",""PC-RFQ-002992""]"
PC-PURCHASEREQUISITION-002985,Payment Reversed,2024-01-23T05:51:00Z,inspection_lot,APP-0000037595,USR-123,"[""PC-PURCHASEREQUISITION-002985"",""PC-INSPECTIONLOT-000485"",""PC-REQUISITIONITEM-002985""]"
PC-PURCHASEREQUISITION-002991,Supplier Blocked,2024-01-23T09:23:00Z,payment_run,APP-0000037596,USR-101,"[""PC-PURCHASEREQUISITION-002991"",""PC-ACCOUNTINGDOCUMENT-000491"",""PC-CONTRACT-000491""]"
PC-PURCHASEREQUISITION-002990,Payment Reversed,2024-01-23T20:51:00Z,inspection_lot,APP-0000037600,USR-081,"[""PC-PURCHASEREQUISITION-002990"",""PC-INSPECTIONLOT-000490"",""PC-REQUISITIONITEM-002990""]"
PC-PURCHASEREQUISITION-003000,Goods Receipt Reversed,2024-01-25T02:14:00Z,accounting_header,APP-0000037607,USR-102,"[""PC-PURCHASEREQUISITION-003000"",""PC-ADVANCESHIPPINGNOTICE-000500"",""PC-PAYMENTPROPOSAL-000500""]"
