case_id,activity,timestamp,source_table,source_record_id,actor,object_refs
CELLBATCH-000002,Battery Pack Failed Test,2023-01-03T12:10:00Z,sat_shipment_status,sat_shipment_status:BV-CELLBATCH-000002:0001,USR-043,"[""BV-CELLBATCH-000002"",""BV-WARRANTYCLAIM-000002"",""BV-CERTIFICATE-000002""]"
CELLBATCH-000004,Battery Pack Failed Test,2023-01-03T18:12:00Z,sat_shipment_status,sat_shipment_status:BV-CELLBATCH-000004:0001,USR-077,"[""BV-CELLBATCH-000004"",""BV-WARRANTYCLAIM-000004"",""BV-CERTIFICATE-000004""]"
CELLBATCH-000006,Battery Pack Failed Test,2023-01-04T00:14:00Z,sat_shipment_status,sat_shipment_status:BV-CELLBATCH-000006:0001,USR-111,"[""BV-CELLBATCH-000006"",""BV-WARRANTYCLAIM-000006""]"
CELLBATCH-000008,Battery Pack Failed Test,2023-01-04T06:16:00Z,sat_shipment_status,sat_shipment_status:BV-CELLBATCH-000008:0001,USR-018,"[""BV-CELLBATCH-000008"",""BV-WARRANTYCLAIM-000008""]"
CELLBATCH-000010,Battery Pack Failed Test,2023-01-04T12:18:00Z,sat_shipment_status,sat_shipment_status:BV-CELLBATCH-000010:0001,USR-052,"[""BV-CELLBATCH-000010"",""BV-WARRANTYCLAIM-000010""]"
CELLBATCH-000012,Battery Pack Failed Test,2023-01-04T18:20:00Z,sat_shipment_status,sat_shipment_status:BV-CELLBATCH-000012:0001,USR-086,"[""BV-CELLBATCH-000012"",""BV-WARRANTYCLAIM-000012"",""BV-CERTIFICATE-000012""]"
CELLBATCH-000014,Battery Pack Failed Test,2023-01-05T00:22:00Z,sat_shipment_status,sat_shipment_status:BV-CELLBATCH-000014:0001,USR-120,"[""BV-CELLBATCH-000014"",""BV-WARRANTYCLAIM-000014""]"
CELLBATCH-000016,Battery Pack Failed Test,2023-01-05T06:24:00Z,sat_shipment_status,sat_shipment_status:BV-CELLBATCH-000016:0001,USR-027,"[""BV-CELLBATCH-000016"",""BV-WARRANTYCLAIM-000016""]"
CELLBATCH-000018,Battery Pack Failed Test,2023-01-05T12:26:00Z,sat_shipment_status,sat_shipment_status:BV-CELLBATCH-000018:0001,USR-061,"[""BV-CELLBATCH-000018"",""BV-WARRANTYCLAIM-000018""]"
CELLBATCH-000020,Battery Pack Failed Test,2023-01-05T18:28:00Z,sat_shipment_status,sat_shipment_status:BV-CELLBATCH-000020:0001,USR-095,"[""BV-CELLBATCH-000020"",""BV-WARRANTYCLAIM-000020""]"
CELLBATCH-000022,Battery Pack Failed Test,2023-01-06T00:30:00Z,sat_shipment_status,sat_shipment_status:BV-CELLBATCH-000022:0001,USR-002,"[""BV-CELLBATCH-000022"",""BV-WARRANTYCLAIM-000022""]"
CELLBATCH-000024,Battery Pack Failed Test,2023-01-06T06:32:00Z,sat_shipment_status,sat_shipment_status:BV-CELLBATCH-000024:0001,USR-036,"[""BV-CELLBATCH-000024"",""BV-WARRANTYCLAIM-000024"",""BV-CERTIFICATE-000024""]"
CELLBATCH-000026,Battery Pack Failed Test,2023-01-06T12:34:00Z,sat_shipment_status,sat_shipment_status:BV-CELLBATCH-000026:0001,USR-070,"[""BV-CELLBATCH-000026"",""BV-WARRANTYCLAIM-000026""]"
CELLBATCH-000028,Battery Pack Failed Test,2023-01-06T18:36:00Z,sat_shipment_status,sat_shipment_status:BV-CELLBATCH-000028:0001,USR-104,"[""BV-CELLBATCH-000028"",""BV-WARRANTYCLAIM-000028"",""BV-CERTIFICATE-000028""]"
CELLBATCH-000030,Battery Pack Failed Test,2023-01-07T00:38:00Z,sat_shipment_status,sat_shipment_status:BV-CELLBATCH-000030:0001,USR-011,"[""BV-CELLBATCH-000030"",""BV-WARRANTYCLAIM-000030"",""BV-CERTIFICATE-000030""]"
CELLBATCH-000032,Battery Pack Failed Test,2023-01-07T06:40:00Z,sat_shipment_status,sat_shipment_status:BV-CELLBATCH-000032:0001,USR-045,"[""BV-CELLBATCH-000032"",""BV-WARRANTYCLAIM-000032""]"
CELLBATCH-000034,Battery Pack Failed Test,2023-01-07T12:42:00Z,sat_shipment_status,sat_shipment_status:BV-CELLBATCH-000034:0001,USR-079,"[""BV-CELLBATCH-000034"",""BV-WARRANTYCLAIM-000034""]"
CELLBATCH-000036,Battery Pack Failed Test,2023-01-07T18:44:00Z,sat_shipment_status,sat_shipment_status:BV-CELLBATCH-000036:0001,USR-113,"[""BV-CELLBATCH-000036"",""BV-WARRANTYCLAIM-000036""]"
CELLBATCH-000038,Battery Pack Failed Test,2023-01-08T00:46:00Z,sat_shipment_status,sat_shipment_status:BV-CELLBATCH-000038:0001,USR-020,"[""BV-CELLBATCH-000038"",""BV-WARRANTYCLAIM-000038""]"
CELLBATCH-000040,Battery Pack Failed Test,2023-01-08T06:48:00Z,sat_shipment_status,sat_shipment_status:BV-CELLBATCH-000040:0001,USR-054,"[""BV-CELLBATCH-000040"",""BV-WARRANTYCLAIM-000040"",""BV-CERTIFICATE-000040""]"
CELLBATCH-000042,Battery Pack Failed Test,2023-01-08T12:50:00Z,sat_shipment_status,sat_shipment_status:BV-CELLBATCH-000042:0001,USR-088,"[""BV-CELLBATCH-000042"",""BV-WARRANTYCLAIM-000042"",""BV-CERTIFICATE-000042""]"
CELLBATCH-000044,Battery Pack Failed Test,2023-01-08T18:52:00Z,sat_shipment_status,sat_shipment_status:BV-CELLBATCH-000044:0001,USR-122,"[""BV-CELLBATCH-000044"",""BV-WARRANTYCLAIM-000044""]"
CELLBATCH-000046,Battery Pack Failed Test,2023-01-09T00:01:00Z,sat_shipment_status,sat_shipment_status:BV-CELLBATCH-000046:0001,USR-029,"[""BV-CELLBATCH-000046"",""BV-WARRANTYCLAIM-000046""]"
CELLBATCH-000002,Firmware Rolled Back,2023-01-09T00:32:00Z,sat_service_status,sat_service_status:BV-CELLBATCH-000002:0002,USR-065,"[""BV-CELLBATCH-000002"",""BV-RECYCLINGORDER-000002""]"
CELLBATCH-000048,Battery Pack Failed Test,2023-01-09T06:03:00Z,sat_shipment_status,sat_shipment_status:BV-CELLBATCH-000048:0001,USR-063,"[""BV-CELLBATCH-000048"",""BV-WARRANTYCLAIM-000048""]"
CELLBATCH-000050,Battery Pack Failed Test,2023-01-09T12:05:00Z,sat_shipment_status,sat_shipment_status:BV-CELLBATCH-000050:0001,USR-097,"[""BV-CELLBATCH-000050"",""BV-WARRANTYCLAIM-000050""]"
CELLBATCH-000052,Battery Pack Failed Test,2023-01-09T18:07:00Z,sat_shipment_status,sat_shipment_status:BV-CELLBATCH-000052:0001,USR-004,"[""BV-CELLBATCH-000052"",""BV-WARRANTYCLAIM-000052"",""BV-CERTIFICATE-000052""]"
CELLBATCH-000009,Firmware Rolled Back,2023-01-09T21:39:00Z,sat_service_status,sat_service_status:BV-CELLBATCH-000009:0003,USR-057,"[""BV-CELLBATCH-000009"",""BV-RECYCLINGORDER-000009""]"
CELLBATCH-000054,Battery Pack Failed Test,2023-01-10T00:09:00Z,sat_shipment_status,sat_shipment_status:BV-CELLBATCH-000054:0001,USR-038,"[""BV-CELLBATCH-000054"",""BV-WARRANTYCLAIM-000054"",""BV-CERTIFICATE-000054""]"
CELLBATCH-000056,Battery Pack Failed Test,2023-01-10T06:11:00Z,sat_shipment_status,sat_shipment_status:BV-CELLBATCH-000056:0001,USR-072,"[""BV-CELLBATCH-000056"",""BV-WARRANTYCLAIM-000056"",""BV-CERTIFICATE-000056""]"
CELLBATCH-000058,Battery Pack Failed Test,2023-01-10T12:13:00Z,sat_shipment_status,sat_shipment_status:BV-CELLBATCH-000058:0001,USR-106,"[""BV-CELLBATCH-000058"",""BV-WARRANTYCLAIM-000058""]"
CELLBATCH-000060,Battery Pack Failed Test,2023-01-10T18:15:00Z,sat_shipment_status,sat_shipment_status:BV-CELLBATCH-000060:0001,USR-013,"[""BV-CELLBATCH-000060"",""BV-WARRANTYCLAIM-000060""]"
CELLBATCH-000016,Firmware Rolled Back,2023-01-10T18:46:00Z,sat_service_status,sat_service_status:BV-CELLBATCH-000016:0002,USR-049,"[""BV-CELLBATCH-000016"",""BV-RECYCLINGORDER-000016"",""BV-VEHICLE-000016""]"
CELLBATCH-000062,Battery Pack Failed Test,2023-01-11T00:17:00Z,sat_shipment_status,sat_shipment_status:BV-CELLBATCH-000062:0001,USR-047,"[""BV-CELLBATCH-000062"",""BV-WARRANTYCLAIM-000062""]"
CELLBATCH-000064,Battery Pack Failed Test,2023-01-11T06:19:00Z,sat_shipment_status,sat_shipment_status:BV-CELLBATCH-000064:0001,USR-081,"[""BV-CELLBATCH-000064"",""BV-WARRANTYCLAIM-000064"",""BV-CERTIFICATE-000064""]"
CELLBATCH-000066,Battery Pack Failed Test,2023-01-11T12:21:00Z,sat_shipment_status,sat_shipment_status:BV-CELLBATCH-000066:0001,USR-115,"[""BV-CELLBATCH-000066"",""BV-WARRANTYCLAIM-000066""]"
CELLBATCH-000023,Firmware Rolled Back,2023-01-11T15:00:00Z,sat_service_status,sat_service_status:BV-CELLBATCH-000023:0002,USR-041,"[""BV-CELLBATCH-000023"",""BV-RECYCLINGORDER-000023""]"
CELLBATCH-000068,Battery Pack Failed Test,2023-01-11T18:23:00Z,sat_shipment_status,sat_shipment_status:BV-CELLBATCH-000068:0001,USR-022,"[""BV-CELLBATCH-000068"",""BV-WARRANTYCLAIM-000068"",""BV-CERTIFICATE-000068""]"
CELLBATCH-000070,Battery Pack Failed Test,2023-01-12T00:25:00Z,sat_shipment_status,sat_shipment_status:BV-CELLBATCH-000070:0001,USR-056,"[""BV-CELLBATCH-000070"",""BV-WARRANTYCLAIM-000070""]"
CELLBATCH-000030,Firmware Installation Failed,2023-01-12T06:06:00Z,sat_diagnostic_result,sat_diagnostic_result:BV-CELLBATCH-000030:0002,USR-032,"[""BV-CELLBATCH-000030"",""BV-SECONDLIFESYSTEM-000030""]"
CELLBATCH-000072,Battery Pack Failed Test,2023-01-12T06:27:00Z,sat_shipment_status,sat_shipment_status:BV-CELLBATCH-000072:0001,USR-090,"[""BV-CELLBATCH-000072"",""BV-WARRANTYCLAIM-000072""]"
CELLBATCH-000030,Firmware Rolled Back,2023-01-12T12:07:00Z,sat_service_status,sat_service_status:BV-CELLBATCH-000030:0002,USR-033,"[""BV-CELLBATCH-000030"",""BV-RECYCLINGORDER-000030"",""BV-VEHICLE-000030""]"
CELLBATCH-000074,Battery Pack Failed Test,2023-01-12T12:29:00Z,sat_shipment_status,sat_shipment_status:BV-CELLBATCH-000074:0001,USR-124,"[""BV-CELLBATCH-000074"",""BV-WARRANTYCLAIM-000074""]"
CELLBATCH-000076,Battery Pack Failed Test,2023-01-12T18:31:00Z,sat_shipment_status,sat_shipment_status:BV-CELLBATCH-000076:0001,USR-031,"[""BV-CELLBATCH-000076"",""BV-WARRANTYCLAIM-000076"",""BV-CERTIFICATE-000076""]"
CELLBATCH-000078,Battery Pack Failed Test,2023-01-13T00:33:00Z,sat_shipment_status,sat_shipment_status:BV-CELLBATCH-000078:0001,USR-065,"[""BV-CELLBATCH-000078"",""BV-WARRANTYCLAIM-000078"",""BV-CERTIFICATE-000078""]"
CELLBATCH-000080,Battery Pack Failed Test,2023-01-13T06:35:00Z,sat_shipment_status,sat_shipment_status:BV-CELLBATCH-000080:0001,USR-099,"[""BV-CELLBATCH-000080"",""BV-WARRANTYCLAIM-000080"",""BV-CERTIFICATE-000080""]"
CELLBATCH-000037,Firmware Rolled Back,2023-01-13T09:14:00Z,sat_service_status,sat_service_status:BV-CELLBATCH-000037:0002,USR-025,"[""BV-CELLBATCH-000037"",""BV-RECYCLINGORDER-000037"",""BV-VEHICLE-000037""]"
CELLBATCH-000082,Battery Pack Failed Test,2023-01-13T12:37:00Z,sat_shipment_status,sat_shipment_status:BV-CELLBATCH-000082:0001,USR-006,"[""BV-CELLBATCH-000082"",""BV-WARRANTYCLAIM-000082"",""BV-CERTIFICATE-000082""]"
CELLBATCH-000084,Battery Pack Failed Test,2023-01-13T18:39:00Z,sat_shipment_status,sat_shipment_status:BV-CELLBATCH-000084:0001,USR-040,"[""BV-CELLBATCH-000084"",""BV-WARRANTYCLAIM-000084"",""BV-CERTIFICATE-000084""]"
CELLBATCH-000086,Battery Pack Failed Test,2023-01-14T00:41:00Z,sat_shipment_status,sat_shipment_status:BV-CELLBATCH-000086:0001,USR-074,"[""BV-CELLBATCH-000086"",""BV-WARRANTYCLAIM-000086"",""BV-CERTIFICATE-000086""]"
CELLBATCH-000044,Firmware Rolled Back,2023-01-14T06:21:00Z,sat_service_status,sat_service_status:BV-CELLBATCH-000044:0002,USR-017,"[""BV-CELLBATCH-000044"",""BV-RECYCLINGORDER-000044""]"
CELLBATCH-000088,Battery Pack Failed Test,2023-01-14T06:43:00Z,sat_shipment_status,sat_shipment_status:BV-CELLBATCH-000088:0001,USR-108,"[""BV-CELLBATCH-000088"",""BV-WARRANTYCLAIM-000088""]"
CELLBATCH-000090,Battery Pack Failed Test,2023-01-14T12:45:00Z,sat_shipment_status,sat_shipment_status:BV-CELLBATCH-000090:0001,USR-015,"[""BV-CELLBATCH-000090"",""BV-WARRANTYCLAIM-000090""]"
CELLBATCH-000092,Battery Pack Failed Test,2023-01-14T18:47:00Z,sat_shipment_status,sat_shipment_status:BV-CELLBATCH-000092:0001,USR-049,"[""BV-CELLBATCH-000092"",""BV-WARRANTYCLAIM-000092"",""BV-CERTIFICATE-000092""]"
CELLBATCH-000094,Battery Pack Failed Test,2023-01-15T00:49:00Z,sat_shipment_status,sat_shipment_status:BV-CELLBATCH-000094:0001,USR-083,"[""BV-CELLBATCH-000094"",""BV-WARRANTYCLAIM-000094"",""BV-CERTIFICATE-000094""]"
CELLBATCH-000051,Firmware Rolled Back,2023-01-15T03:28:00Z,sat_service_status,sat_service_status:BV-CELLBATCH-000051:0002,USR-009,"[""BV-CELLBATCH-000051"",""BV-RECYCLINGORDER-000051""]"
CELLBATCH-000096,Battery Pack Failed Test,2023-01-15T06:51:00Z,sat_shipment_status,sat_shipment_status:BV-CELLBATCH-000096:0001,USR-117,"[""BV-CELLBATCH-000096"",""BV-WARRANTYCLAIM-000096""]"
CELLBATCH-000098,Battery Pack Failed Test,2023-01-15T12:00:00Z,sat_shipment_status,sat_shipment_status:BV-CELLBATCH-000098:0001,USR-024,"[""BV-CELLBATCH-000098"",""BV-WARRANTYCLAIM-000098""]"
CELLBATCH-000022,Second-Life Assessment Failed,2023-01-15T12:15:00Z,sat_recall_status,sat_recall_status:BV-CELLBATCH-000022:0001,USR-040,"[""BV-CELLBATCH-000022"",""BV-SECONDLIFESYSTEM-000022""]"
CELLBATCH-000100,Battery Pack Failed Test,2023-01-15T18:02:00Z,sat_shipment_status,sat_shipment_status:BV-CELLBATCH-000100:0001,USR-058,"[""BV-CELLBATCH-000100"",""BV-WARRANTYCLAIM-000100"",""BV-CERTIFICATE-000100""]"
CELLBATCH-000102,Battery Pack Failed Test,2023-01-16T00:04:00Z,sat_shipment_status,sat_shipment_status:BV-CELLBATCH-000102:0001,USR-092,"[""BV-CELLBATCH-000102"",""BV-WARRANTYCLAIM-000102""]"
CELLBATCH-000058,Firmware Rolled Back,2023-01-16T00:35:00Z,sat_service_status,sat_service_status:BV-CELLBATCH-000058:0002,USR-001,"[""BV-CELLBATCH-000058"",""BV-RECYCLINGORDER-000058""]"
CELLBATCH-000104,Battery Pack Failed Test,2023-01-16T06:06:00Z,sat_shipment_status,sat_shipment_status:BV-CELLBATCH-000104:0001,USR-126,"[""BV-CELLBATCH-000104"",""BV-WARRANTYCLAIM-000104"",""BV-CERTIFICATE-000104""]"
CELLBATCH-000106,Battery Pack Failed Test,2023-01-16T12:08:00Z,sat_shipment_status,sat_shipment_status:BV-CELLBATCH-000106:0001,USR-033,"[""BV-CELLBATCH-000106"",""BV-WARRANTYCLAIM-000106""]"
CELLBATCH-000108,Battery Pack Failed Test,2023-01-16T18:10:00Z,sat_shipment_status,sat_shipment_status:BV-CELLBATCH-000108:0001,USR-067,"[""BV-CELLBATCH-000108"",""BV-WARRANTYCLAIM-000108"",""BV-CERTIFICATE-000108""]"
CELLBATCH-000065,Firmware Rolled Back,2023-01-16T21:42:00Z,sat_service_status,sat_service_status:BV-CELLBATCH-000065:0002,USR-120,"[""BV-CELLBATCH-000065"",""BV-RECYCLINGORDER-000065""]"
CELLBATCH-000067,Firmware Installation Failed,2023-01-16T21:43:00Z,sat_diagnostic_result,sat_diagnostic_result:BV-CELLBATCH-000067:0002,USR-026,"[""BV-CELLBATCH-000067"",""BV-SECONDLIFESYSTEM-000067""]"
CELLBATCH-000005,Battery Pack Failed Test,2023-01-16T22:00:00Z,sat_shipment_status,sat_shipment_status:BV-CELLBATCH-000005:0001,USR-094,"[""BV-CELLBATCH-000005"",""BV-WARRANTYCLAIM-000005"",""BV-CERTIFICATE-000005""]"
CELLBATCH-000005,Firmware Installation Failed,2023-01-16T22:37:00Z,sat_diagnostic_result,sat_diagnostic_result:BV-CELLBATCH-000005:0002,USR-115,"[""BV-CELLBATCH-000005"",""BV-SECONDLIFESYSTEM-000005""]"
CELLBATCH-000005,Firmware Rolled Back,2023-01-16T23:14:00Z,sat_service_status,sat_service_status:BV-CELLBATCH-000005:0002,USR-116,"[""BV-CELLBATCH-000005"",""BV-RECYCLINGORDER-000005"",""BV-VEHICLE-000005""]"
CELLBATCH-000005,Second-Life Assessment Failed,2023-01-16T23:51:00Z,sat_recall_status,sat_recall_status:BV-CELLBATCH-000005:0002,USR-005,"[""BV-CELLBATCH-000005"",""BV-SECONDLIFESYSTEM-000005""]"
CELLBATCH-000110,Battery Pack Failed Test,2023-01-17T00:12:00Z,sat_shipment_status,sat_shipment_status:BV-CELLBATCH-000110:0001,USR-101,"[""BV-CELLBATCH-000110"",""BV-WARRANTYCLAIM-000110""]"
CELLBATCH-000112,Battery Pack Failed Test,2023-01-17T06:14:00Z,sat_shipment_status,sat_shipment_status:BV-CELLBATCH-000112:0001,USR-008,"[""BV-CELLBATCH-000112"",""BV-WARRANTYCLAIM-000112""]"
CELLBATCH-000114,Battery Pack Failed Test,2023-01-17T12:16:00Z,sat_shipment_status,sat_shipment_status:BV-CELLBATCH-000114:0001,USR-042,"[""BV-CELLBATCH-000114"",""BV-WARRANTYCLAIM-000114"",""BV-CERTIFICATE-000114""]"
CELLBATCH-000010,Battery Pack Failed Test,2023-01-17T13:00:00Z,sat_shipment_status,sat_shipment_status:BV-CELLBATCH-000010:0002,USR-052,"[""BV-CELLBATCH-000010"",""BV-WARRANTYCLAIM-000010"",""BV-CERTIFICATE-000010""]"
CELLBATCH-000010,Firmware Installation Failed,2023-01-17T13:37:00Z,sat_diagnostic_result,sat_diagnostic_result:BV-CELLBATCH-000010:0002,USR-073,"[""BV-CELLBATCH-000010"",""BV-SECONDLIFESYSTEM-000010""]"
CELLBATCH-000010,Firmware Rolled Back,2023-01-17T14:14:00Z,sat_service_status,sat_service_status:BV-CELLBATCH-000010:0002,USR-074,"[""BV-CELLBATCH-000010"",""BV-RECYCLINGORDER-000010"",""BV-VEHICLE-000010""]"
CELLBATCH-000010,Second-Life Assessment Failed,2023-01-17T14:51:00Z,sat_recall_status,sat_recall_status:BV-CELLBATCH-000010:0001,USR-090,"[""BV-CELLBATCH-000010"",""BV-SECONDLIFESYSTEM-000010""]"
CELLBATCH-000116,Battery Pack Failed Test,2023-01-17T18:18:00Z,sat_shipment_status,sat_shipment_status:BV-CELLBATCH-000116:0001,USR-076,"[""BV-CELLBATCH-000116"",""BV-WARRANTYCLAIM-000116"",""BV-CERTIFICATE-000116""]"
CELLBATCH-000072,Firmware Rolled Back,2023-01-17T18:49:00Z,sat_service_status,sat_service_status:BV-CELLBATCH-000072:0002,USR-112,"[""BV-CELLBATCH-000072"",""BV-RECYCLINGORDER-000072"",""BV-VEHICLE-000072""]"
CELLBATCH-000118,Battery Pack Failed Test,2023-01-18T00:20:00Z,sat_shipment_status,sat_shipment_status:BV-CELLBATCH-000118:0001,USR-110,"[""BV-CELLBATCH-000118"",""BV-WARRANTYCLAIM-000118""]"
CELLBATCH-000015,Battery Pack Failed Test,2023-01-18T04:00:00Z,sat_shipment_status,sat_shipment_status:BV-CELLBATCH-000015:0001,USR-010,"[""BV-CELLBATCH-000015"",""BV-WARRANTYCLAIM-000015"",""BV-CERTIFICATE-000015""]"
CELLBATCH-000015,Firmware Installation Failed,2023-01-18T04:37:00Z,sat_diagnostic_result,sat_diagnostic_result:BV-CELLBATCH-000015:0003,USR-031,"[""BV-CELLBATCH-000015"",""BV-SECONDLIFESYSTEM-000015""]"
CELLBATCH-000015,Firmware Rolled Back,2023-01-18T05:14:00Z,sat_service_status,sat_service_status:BV-CELLBATCH-000015:0002,USR-032,"[""BV-CELLBATCH-000015"",""BV-RECYCLINGORDER-000015"",""BV-VEHICLE-000015""]"
CELLBATCH-000015,Second-Life Assessment Failed,2023-01-18T05:51:00Z,sat_recall_status,sat_recall_status:BV-CELLBATCH-000015:0002,USR-048,"[""BV-CELLBATCH-000015"",""BV-SECONDLIFESYSTEM-000015""]"
CELLBATCH-000120,Battery Pack Failed Test,2023-01-18T06:22:00Z,sat_shipment_status,sat_shipment_status:BV-CELLBATCH-000120:0001,USR-017,"[""BV-CELLBATCH-000120"",""BV-WARRANTYCLAIM-000120""]"
CELLBATCH-000122,Battery Pack Failed Test,2023-01-18T12:24:00Z,sat_shipment_status,sat_shipment_status:BV-CELLBATCH-000122:0001,USR-051,"[""BV-CELLBATCH-000122"",""BV-WARRANTYCLAIM-000122""]"
CELLBATCH-000079,Firmware Rolled Back,2023-01-18T15:03:00Z,sat_service_status,sat_service_status:BV-CELLBATCH-000079:0002,USR-104,"[""BV-CELLBATCH-000079"",""BV-RECYCLINGORDER-000079""]"
CELLBATCH-000124,Battery Pack Failed Test,2023-01-18T18:26:00Z,sat_shipment_status,sat_shipment_status:BV-CELLBATCH-000124:0001,USR-085,"[""BV-CELLBATCH-000124"",""BV-WARRANTYCLAIM-000124""]"
CELLBATCH-000020,Battery Pack Failed Test,2023-01-18T19:00:00Z,sat_shipment_status,sat_shipment_status:BV-CELLBATCH-000020:0002,USR-095,"[""BV-CELLBATCH-000020"",""BV-WARRANTYCLAIM-000020"",""BV-CERTIFICATE-000020""]"
CELLBATCH-000020,Firmware Installation Failed,2023-01-18T19:37:00Z,sat_diagnostic_result,sat_diagnostic_result:BV-CELLBATCH-000020:0002,USR-116,"[""BV-CELLBATCH-000020"",""BV-SECONDLIFESYSTEM-000020""]"
CELLBATCH-000020,Firmware Rolled Back,2023-01-18T20:14:00Z,sat_service_status,sat_service_status:BV-CELLBATCH-000020:0002,USR-117,"[""BV-CELLBATCH-000020"",""BV-RECYCLINGORDER-000020"",""BV-VEHICLE-000020""]"
CELLBATCH-000020,Second-Life Assessment Failed,2023-01-18T20:51:00Z,sat_recall_status,sat_recall_status:BV-CELLBATCH-000020:0001,USR-006,"[""BV-CELLBATCH-000020"",""BV-SECONDLIFESYSTEM-000020""]"
CELLBATCH-000126,Battery Pack Failed Test,2023-01-19T00:28:00Z,sat_shipment_status,sat_shipment_status:BV-CELLBATCH-000126:0001,USR-119,"[""BV-CELLBATCH-000126"",""BV-WARRANTYCLAIM-000126"",""BV-CERTIFICATE-000126""]"
CELLBATCH-000128,Battery Pack Failed Test,2023-01-19T06:30:00Z,sat_shipment_status,sat_shipment_status:BV-CELLBATCH-000128:0001,USR-026,"[""BV-CELLBATCH-000128"",""BV-WARRANTYCLAIM-000128"",""BV-CERTIFICATE-000128""]"
CELLBATCH-000053,Second-Life Assessment Failed,2023-01-19T09:46:00Z,sat_recall_status,sat_recall_status:BV-CELLBATCH-000053:0002,USR-059,"[""BV-CELLBATCH-000053"",""BV-SECONDLIFESYSTEM-000053"",""BV-BATTERYPASSPORT-000053""]"
CELLBATCH-000025,Battery Pack Failed Test,2023-01-19T10:00:00Z,sat_shipment_status,sat_shipment_status:BV-CELLBATCH-000025:0001,USR-053,"[""BV-CELLBATCH-000025"",""BV-WARRANTYCLAIM-000025""]"
CELLBATCH-000025,Firmware Installation Failed,2023-01-19T10:37:00Z,sat_diagnostic_result,sat_diagnostic_result:BV-CELLBATCH-000025:0002,USR-074,"[""BV-CELLBATCH-000025"",""BV-SECONDLIFESYSTEM-000025""]"
CELLBATCH-000025,Firmware Rolled Back,2023-01-19T11:14:00Z,sat_service_status,sat_service_status:BV-CELLBATCH-000025:0002,USR-075,"[""BV-CELLBATCH-000025"",""BV-RECYCLINGORDER-000025"",""BV-VEHICLE-000025""]"
CELLBATCH-000025,Second-Life Assessment Failed,2023-01-19T11:51:00Z,sat_recall_status,sat_recall_status:BV-CELLBATCH-000025:0002,USR-091,"[""BV-CELLBATCH-000025"",""BV-SECONDLIFESYSTEM-000025""]"
CELLBATCH-000086,Firmware Rolled Back,2023-01-19T12:10:00Z,sat_service_status,sat_service_status:BV-CELLBATCH-000086:0002,USR-096,"[""BV-CELLBATCH-000086"",""BV-RECYCLINGORDER-000086"",""BV-VEHICLE-000086""]"
CELLBATCH-000130,Battery Pack Failed Test,2023-01-19T12:32:00Z,sat_shipment_status,sat_shipment_status:BV-CELLBATCH-000130:0001,USR-060,"[""BV-CELLBATCH-000130"",""BV-WARRANTYCLAIM-000130"",""BV-CERTIFICATE-000130""]"
CELLBATCH-000132,Battery Pack Failed Test,2023-01-19T18:34:00Z,sat_shipment_status,sat_shipment_status:BV-CELLBATCH-000132:0001,USR-094,"[""BV-CELLBATCH-000132"",""BV-WARRANTYCLAIM-000132""]"
CELLBATCH-000134,Battery Pack Failed Test,2023-01-20T00:36:00Z,sat_shipment_status,sat_shipment_status:BV-CELLBATCH-000134:0001,USR-001,"[""BV-CELLBATCH-000134"",""BV-WARRANTYCLAIM-000134"",""BV-CERTIFICATE-000134""]"
CELLBATCH-000030,Battery Pack Failed Test,2023-01-20T01:00:00Z,sat_shipment_status,sat_shipment_status:BV-CELLBATCH-000030:0002,USR-011,"[""BV-CELLBATCH-000030"",""BV-WARRANTYCLAIM-000030""]"
CELLBATCH-000030,Firmware Installation Failed,2023-01-20T01:37:00Z,sat_diagnostic_result,sat_diagnostic_result:BV-CELLBATCH-000030:0003,USR-032,"[""BV-CELLBATCH-000030"",""BV-SECONDLIFESYSTEM-000030"",""BV-BATTERYPASSPORT-000030""]"
CELLBATCH-000030,Firmware Rolled Back,2023-01-20T02:14:00Z,sat_service_status,sat_service_status:BV-CELLBATCH-000030:0004,USR-033,"[""BV-CELLBATCH-000030"",""BV-RECYCLINGORDER-000030""]"
CELLBATCH-000030,Second-Life Assessment Failed,2023-01-20T02:51:00Z,sat_recall_status,sat_recall_status:BV-CELLBATCH-000030:0002,USR-049,"[""BV-CELLBATCH-000030"",""BV-SECONDLIFESYSTEM-000030""]"
CELLBATCH-000136,Battery Pack Failed Test,2023-01-20T06:38:00Z,sat_shipment_status,sat_shipment_status:BV-CELLBATCH-000136:0001,USR-035,"[""BV-CELLBATCH-000136"",""BV-WARRANTYCLAIM-000136""]"
CELLBATCH-000093,Firmware Rolled Back,2023-01-20T09:17:00Z,sat_service_status,sat_service_status:BV-CELLBATCH-000093:0002,USR-088,"[""BV-CELLBATCH-000093"",""BV-RECYCLINGORDER-000093""]"
CELLBATCH-000138,Battery Pack Failed Test,2023-01-20T12:40:00Z,sat_shipment_status,sat_shipment_status:BV-CELLBATCH-000138:0001,USR-069,"[""BV-CELLBATCH-000138"",""BV-WARRANTYCLAIM-000138"",""BV-CERTIFICATE-000138""]"
CELLBATCH-000035,Battery Pack Failed Test,2023-01-20T16:00:00Z,sat_shipment_status,sat_shipment_status:BV-CELLBATCH-000035:0002,USR-096,"[""BV-CELLBATCH-000035"",""BV-WARRANTYCLAIM-000035""]"
CELLBATCH-000035,Firmware Installation Failed,2023-01-20T16:37:00Z,sat_diagnostic_result,sat_diagnostic_result:BV-CELLBATCH-000035:0002,USR-117,"[""BV-CELLBATCH-000035"",""BV-SECONDLIFESYSTEM-000035"",""BV-BATTERYPASSPORT-000035""]"
CELLBATCH-000035,Firmware Rolled Back,2023-01-20T17:14:00Z,sat_service_status,sat_service_status:BV-CELLBATCH-000035:0002,USR-118,"[""BV-CELLBATCH-000035"",""BV-RECYCLINGORDER-000035""]"
CELLBATCH-000035,Second-Life Assessment Failed,2023-01-20T17:51:00Z,sat_recall_status,sat_recall_status:BV-CELLBATCH-000035:0002,USR-007,"[""BV-CELLBATCH-000035"",""BV-SECONDLIFESYSTEM-000035""]"
CELLBATCH-000140,Battery Pack Failed Test,2023-01-20T18:42:00Z,sat_shipment_status,sat_shipment_status:BV-CELLBATCH-000140:0001,USR-103,"[""BV-CELLBATCH-000140"",""BV-WARRANTYCLAIM-000140""]"
CELLBATCH-000142,Battery Pack Failed Test,2023-01-21T00:44:00Z,sat_shipment_status,sat_shipment_status:BV-CELLBATCH-000142:0001,USR-010,"[""BV-CELLBATCH-000142"",""BV-WARRANTYCLAIM-000142""]"
CELLBATCH-000100,Firmware Rolled Back,2023-01-21T06:24:00Z,sat_service_status,sat_service_status:BV-CELLBATCH-000100:0002,USR-080,"[""BV-CELLBATCH-000100"",""BV-RECYCLINGORDER-000100"",""BV-VEHICLE-000100""]"
CELLBATCH-000144,Battery Pack Failed Test,2023-01-21T06:46:00Z,sat_shipment_status,sat_shipment_status:BV-CELLBATCH-000144:0001,USR-044,"[""BV-CELLBATCH-000144"",""BV-WARRANTYCLAIM-000144""]"
CELLBATCH-000040,Battery Pack Failed Test,2023-01-21T07:00:00Z,sat_shipment_status,sat_shipment_status:BV-CELLBATCH-000040:0002,USR-054,"[""BV-CELLBATCH-000040"",""BV-WARRANTYCLAIM-000040""]"
CELLBATCH-000040,Firmware Installation Failed,2023-01-21T07:37:00Z,sat_diagnostic_result,sat_diagnostic_result:BV-CELLBATCH-000040:0002,USR-075,"[""BV-CELLBATCH-000040"",""BV-SECONDLIFESYSTEM-000040"",""BV-BATTERYPASSPORT-000040""]"
CELLBATCH-000040,Firmware Rolled Back,2023-01-21T08:14:00Z,sat_service_status,sat_service_status:BV-CELLBATCH-000040:0002,USR-076,"[""BV-CELLBATCH-000040"",""BV-RECYCLINGORDER-000040""]"
CELLBATCH-000040,Second-Life Assessment Failed,2023-01-21T08:51:00Z,sat_recall_status,sat_recall_status:BV-CELLBATCH-000040:0001,USR-092,"[""BV-CELLBATCH-000040"",""BV-SECONDLIFESYSTEM-000040"",""BV-BATTERYPASSPORT-000040""]"
CELLBATCH-000104,Firmware Installation Failed,2023-01-21T12:27:00Z,sat_diagnostic_result,sat_diagnostic_result:BV-CELLBATCH-000104:0002,USR-020,"[""BV-CELLBATCH-000104"",""BV-SECONDLIFESYSTEM-000104"",""BV-BATTERYPASSPORT-000104""]"
CELLBATCH-000146,Battery Pack Failed Test,2023-01-21T12:48:00Z,sat_shipment_status,sat_shipment_status:BV-CELLBATCH-000146:0001,USR-078,"[""BV-CELLBATCH-000146"",""BV-WARRANTYCLAIM-000146"",""BV-CERTIFICATE-000146""]"
CELLBATCH-000148,Battery Pack Failed Test,2023-01-21T18:50:00Z,sat_shipment_status,sat_shipment_status:BV-CELLBATCH-000148:0001,USR-112,"[""BV-CELLBATCH-000148"",""BV-WARRANTYCLAIM-000148""]"
CELLBATCH-000045,Battery Pack Failed Test,2023-01-21T22:00:00Z,sat_shipment_status,sat_shipment_status:BV-CELLBATCH-000045:0001,USR-012,"[""BV-CELLBATCH-000045"",""BV-WARRANTYCLAIM-000045""]"
CELLBATCH-000045,Firmware Installation Failed,2023-01-21T22:37:00Z,sat_diagnostic_result,sat_diagnostic_result:BV-CELLBATCH-000045:0002,USR-033,"[""BV-CELLBATCH-000045"",""BV-SECONDLIFESYSTEM-000045""]"
CELLBATCH-000045,Firmware Rolled Back,2023-01-21T23:14:00Z,sat_service_status,sat_service_status:BV-CELLBATCH-000045:0002,USR-034,"[""BV-CELLBATCH-000045"",""BV-RECYCLINGORDER-000045"",""BV-VEHICLE-000045""]"
CELLBATCH-000045,Second-Life Assessment Failed,2023-01-21T23:51:00Z,sat_recall_status,sat_recall_status:BV-CELLBATCH-000045:0002,USR-050,"[""BV-CELLBATCH-000045"",""BV-SECONDLIFESYSTEM-000045""]"
CELLBATCH-000150,Battery Pack Failed Test,2023-01-22T00:52:00Z,sat_shipment_status,sat_shipment_status:BV-CELLBATCH-000150:0001,USR-019,"[""BV-CELLBATCH-000150"",""BV-WARRANTYCLAIM-000150""]"
CELLBATCH-000107,Firmware Rolled Back,2023-01-22T03:31:00Z,sat_service_status,sat_service_status:BV-CELLBATCH-000107:0002,USR-072,"[""BV-CELLBATCH-000107"",""BV-RECYCLINGORDER-000107""]"
CELLBATCH-000152,Battery Pack Failed Test,2023-01-22T06:01:00Z,sat_shipment_status,sat_shipment_status:BV-CELLBATCH-000152:0001,USR-053,"[""BV-CELLBATCH-000152"",""BV-WARRANTYCLAIM-000152"",""BV-CERTIFICATE-000152""]"
CELLBATCH-000154,Battery Pack Failed Test,2023-01-22T12:03:00Z,sat_shipment_status,sat_shipment_status:BV-CELLBATCH-000154:0001,USR-087,"[""BV-CELLBATCH-000154"",""BV-WARRANTYCLAIM-000154""]"
CELLBATCH-000050,Battery Pack Failed Test,2023-01-22T13:00:00Z,sat_shipment_status,sat_shipment_status:BV-CELLBATCH-000050:0002,USR-097,"[""BV-CELLBATCH-000050"",""BV-WARRANTYCLAIM-000050"",""BV-CERTIFICATE-000050""]"
CELLBATCH-000050,Firmware Installation Failed,2023-01-22T13:37:00Z,sat_diagnostic_result,sat_diagnostic_result:BV-CELLBATCH-000050:0002,USR-118,"[""BV-CELLBATCH-000050"",""BV-SECONDLIFESYSTEM-000050""]"
CELLBATCH-000050,Firmware Rolled Back,2023-01-22T14:14:00Z,sat_service_status,sat_service_status:BV-CELLBATCH-000050:0002,USR-119,"[""BV-CELLBATCH-000050"",""BV-RECYCLINGORDER-000050"",""BV-VEHICLE-000050""]"
CELLBATCH-000050,Second-Life Assessment Failed,2023-01-22T14:51:00Z,sat_recall_status,sat_recall_status:BV-CELLBATCH-000050:0001,USR-008,"[""BV-CELLBATCH-000050"",""BV-SECONDLIFESYSTEM-000050""]"
CELLBATCH-000156,Battery Pack Failed Test,2023-01-22T18:05:00Z,sat_shipment_status,sat_shipment_status:BV-CELLBATCH-000156:0001,USR-121,"[""BV-CELLBATCH-000156"",""BV-WARRANTYCLAIM-000156"",""BV-CERTIFICATE-000156""]"
CELLBATCH-000158,Battery Pack Failed Test,2023-01-23T00:07:00Z,sat_shipment_status,sat_shipment_status:BV-CELLBATCH-000158:0001,USR-028,"[""BV-CELLBATCH-000158"",""BV-WARRANTYCLAIM-000158"",""BV-CERTIFICATE-000158""]"
CELLBATCH-000114,Firmware Rolled Back,2023-01-23T00:38:00Z,sat_service_status,sat_service_status:BV-CELLBATCH-000114:0002,USR-064,"[""BV-CELLBATCH-000114"",""BV-RECYCLINGORDER-000114"",""BV-VEHICLE-000114""]"
CELLBATCH-000055,Battery Pack Failed Test,2023-01-23T04:00:00Z,sat_shipment_status,sat_shipment_status:BV-CELLBATCH-000055:0002,USR-055,"[""BV-CELLBATCH-000055"",""BV-WARRANTYCLAIM-000055"",""BV-CERTIFICATE-000055""]"
CELLBATCH-000055,Firmware Installation Failed,2023-01-23T04:37:00Z,sat_diagnostic_result,sat_diagnostic_result:BV-CELLBATCH-000055:0002,USR-076,"[""BV-CELLBATCH-000055"",""BV-SECONDLIFESYSTEM-000055""]"
CELLBATCH-000055,Firmware Rolled Back,2023-01-23T05:14:00Z,sat_service_status,sat_service_status:BV-CELLBATCH-000055:0003,USR-077,"[""BV-CELLBATCH-000055"",""BV-RECYCLINGORDER-000055""]"
CELLBATCH-000055,Second-Life Assessment Failed,2023-01-23T05:51:00Z,sat_recall_status,sat_recall_status:BV-CELLBATCH-000055:0002,USR-093,"[""BV-CELLBATCH-000055"",""BV-SECONDLIFESYSTEM-000055"",""BV-BATTERYPASSPORT-000055""]"
CELLBATCH-000160,Battery Pack Failed Test,2023-01-23T06:09:00Z,sat_shipment_status,sat_shipment_status:BV-CELLBATCH-000160:0001,USR-062,"[""BV-CELLBATCH-000160"",""BV-WARRANTYCLAIM-000160""]"
CELLBATCH-000084,Second-Life Assessment Failed,2023-01-23T06:24:00Z,sat_recall_status,sat_recall_status:BV-CELLBATCH-000084:0001,USR-078,"[""BV-CELLBATCH-000084"",""BV-SECONDLIFESYSTEM-000084""]"
CELLBATCH-000162,Battery Pack Failed Test,2023-01-23T12:11:00Z,sat_shipment_status,sat_shipment_status:BV-CELLBATCH-000162:0001,USR-096,"[""BV-CELLBATCH-000162"",""BV-WARRANTYCLAIM-000162"",""BV-CERTIFICATE-000162""]"
CELLBATCH-000164,Battery Pack Failed Test,2023-01-23T18:13:00Z,sat_shipment_status,sat_shipment_status:BV-CELLBATCH-000164:0001,USR-003,"[""BV-CELLBATCH-000164"",""BV-WARRANTYCLAIM-000164"",""BV-CERTIFICATE-000164""]"
CELLBATCH-000060,Battery Pack Failed Test,2023-01-23T19:00:00Z,sat_shipment_status,sat_shipment_status:BV-CELLBATCH-000060:0002,USR-013,"[""BV-CELLBATCH-000060"",""BV-WARRANTYCLAIM-000060"",""BV-CERTIFICATE-000060""]"
CELLBATCH-000060,Firmware Installation Failed,2023-01-23T19:37:00Z,sat_diagnostic_result,sat_diagnostic_result:BV-CELLBATCH-000060:0003,USR-034,"[""BV-CELLBATCH-000060"",""BV-SECONDLIFESYSTEM-000060""]"
CELLBATCH-000060,Firmware Rolled Back,2023-01-23T20:14:00Z,sat_service_status,sat_service_status:BV-CELLBATCH-000060:0002,USR-035,"[""BV-CELLBATCH-000060"",""BV-RECYCLINGORDER-000060""]"
CELLBATCH-000060,Second-Life Assessment Failed,2023-01-23T20:51:00Z,sat_recall_status,sat_recall_status:BV-CELLBATCH-000060:0001,USR-051,"[""BV-CELLBATCH-000060"",""BV-SECONDLIFESYSTEM-000060"",""BV-BATTERYPASSPORT-000060""]"
CELLBATCH-000121,Firmware Rolled Back,2023-01-23T21:45:00Z,sat_service_status,sat_service_status:BV-CELLBATCH-000121:0002,USR-056,"[""BV-CELLBATCH-000121"",""BV-RECYCLINGORDER-000121""]"
CELLBATCH-000166,Battery Pack Failed Test,2023-01-24T00:15:00Z,sat_shipment_status,sat_shipment_status:BV-CELLBATCH-000166:0001,USR-037,"[""BV-CELLBATCH-000166"",""BV-WARRANTYCLAIM-000166"",""BV-CERTIFICATE-000166""]"
CELLBATCH-000168,Battery Pack Failed Test,2023-01-24T06:17:00Z,sat_shipment_status,sat_shipment_status:BV-CELLBATCH-000168:0001,USR-071,"[""BV-CELLBATCH-000168"",""BV-WARRANTYCLAIM-000168"",""BV-CERTIFICATE-000168""]"
CELLBATCH-000065,Battery Pack Failed Test,2023-01-24T10:00:00Z,sat_shipment_status,sat_shipment_status:BV-CELLBATCH-000065:0001,USR-098,"[""BV-CELLBATCH-000065"",""BV-WARRANTYCLAIM-000065""]"
CELLBATCH-000065,Firmware Installation Failed,2023-01-24T10:37:00Z,sat_diagnostic_result,sat_diagnostic_result:BV-CELLBATCH-000065:0002,USR-119,"[""BV-CELLBATCH-000065"",""BV-SECONDLIFESYSTEM-000065""]"
CELLBATCH-000065,Firmware Rolled Back,2023-01-24T11:14:00Z,sat_service_status,sat_service_status:BV-CELLBATCH-000065:0003,USR-120,"[""BV-CELLBATCH-000065"",""BV-RECYCLINGORDER-000065"",""BV-VEHICLE-000065""]"
CELLBATCH-000065,Second-Life Assessment Failed,2023-01-24T11:51:00Z,sat_recall_status,sat_recall_status:BV-CELLBATCH-000065:0003,USR-009,"[""BV-CELLBATCH-000065"",""BV-SECONDLIFESYSTEM-000065""]"
CELLBATCH-000170,Battery Pack Failed Test,2023-01-24T12:19:00Z,sat_shipment_status,sat_shipment_status:BV-CELLBATCH-000170:0001,USR-105,"[""BV-CELLBATCH-000170"",""BV-WARRANTYCLAIM-000170""]"
CELLBATCH-000172,Battery Pack Failed Test,2023-01-24T18:21:00Z,sat_shipment_status,sat_shipment_status:BV-CELLBATCH-000172:0001,USR-012,"[""BV-CELLBATCH-000172"",""BV-WARRANTYCLAIM-000172""]"
CELLBATCH-000128,Firmware Rolled Back,2023-01-24T18:52:00Z,sat_service_status,sat_service_status:BV-CELLBATCH-000128:0002,USR-048,"[""BV-CELLBATCH-000128"",""BV-RECYCLINGORDER-000128""]"
CELLBATCH-000174,Battery Pack Failed Test,2023-01-25T00:23:00Z,sat_shipment_status,sat_shipment_status:BV-CELLBATCH-000174:0001,USR-046,"[""BV-CELLBATCH-000174"",""BV-WARRANTYCLAIM-000174""]"
CELLBATCH-000070,Battery Pack Failed Test,2023-01-25T01:00:00Z,sat_shipment_status,sat_shipment_status:BV-CELLBATCH-000070:0003,USR-056,"[""BV-CELLBATCH-000070"",""BV-WARRANTYCLAIM-000070""]"
CELLBATCH-000070,Firmware Installation Failed,2023-01-25T01:37:00Z,sat_diagnostic_result,sat_diagnostic_result:BV-CELLBATCH-000070:0002,USR-077,"[""BV-CELLBATCH-000070"",""BV-SECONDLIFESYSTEM-000070"",""BV-BATTERYPASSPORT-000070""]"
CELLBATCH-000070,Firmware Rolled Back,2023-01-25T02:14:00Z,sat_service_status,sat_service_status:BV-CELLBATCH-000070:0002,USR-078,"[""BV-CELLBATCH-000070"",""BV-RECYCLINGORDER-000070""]"
CELLBATCH-000070,Second-Life Assessment Failed,2023-01-25T02:51:00Z,sat_recall_status,sat_recall_status:BV-CELLBATCH-000070:0001,USR-094,"[""BV-CELLBATCH-000070"",""BV-SECONDLIFESYSTEM-000070"",""BV-BATTERYPASSPORT-000070""]"
CELLBATCH-000176,Battery Pack Failed Test,2023-01-25T06:25:00Z,sat_shipment_status,sat_shipment_status:BV-CELLBATCH-000176:0001,USR-080,"[""BV-CELLBATCH-000176"",""BV-WARRANTYCLAIM-000176"",""BV-CERTIFICATE-000176""]"
CELLBATCH-000178,Battery Pack Failed Test,2023-01-25T12:27:00Z,sat_shipment_status,sat_shipment_status:BV-CELLBATCH-000178:0001,USR-114,"[""BV-CELLBATCH-000178"",""BV-WARRANTYCLAIM-000178""]"
CELLBATCH-000135,Firmware Rolled Back,2023-01-25T15:06:00Z,sat_service_status,sat_service_status:BV-CELLBATCH-000135:0002,USR-040,"[""BV-CELLBATCH-000135"",""BV-RECYCLINGORDER-000135""]"
CELLBATCH-000075,Battery Pack Failed Test,2023-01-25T16:00:00Z,sat_shipment_status,sat_shipment_status:BV-CELLBATCH-000075:0001,USR-014,"[""BV-CELLBATCH-000075"",""BV-WARRANTYCLAIM-000075"",""BV-CERTIFICATE-000075""]"
CELLBATCH-000075,Firmware Installation Failed,2023-01-25T16:37:00Z,sat_diagnostic_result,sat_diagnostic_result:BV-CELLBATCH-000075:0002,USR-035,"[""BV-CELLBATCH-000075"",""BV-SECONDLIFESYSTEM-000075""]"
CELLBATCH-000075,Firmware Rolled Back,2023-01-25T17:14:00Z,sat_service_status,sat_service_status:BV-CELLBATCH-000075:0002,USR-036,"[""BV-CELLBATCH-000075"",""BV-RECYCLINGORDER-000075""]"
CELLBATCH-000075,Second-Life Assessment Failed,2023-01-25T17:51:00Z,sat_recall_status,sat_recall_status:BV-CELLBATCH-000075:0002,USR-052,"[""BV-CELLBATCH-000075"",""BV-SECONDLIFESYSTEM-000075"",""BV-BATTERYPASSPORT-000075""]"
CELLBATCH-000180,Battery Pack Failed Test,2023-01-25T18:29:00Z,sat_shipment_status,sat_shipment_status:BV-CELLBATCH-000180:0001,USR-021,"[""BV-CELLBATCH-000180"",""BV-WARRANTYCLAIM-000180"",""BV-CERTIFICATE-000180""]"
CELLBATCH-000182,Battery Pack Failed Test,2023-01-26T00:31:00Z,sat_shipment_status,sat_shipment_status:BV-CELLBATCH-000182:0001,USR-055,"[""BV-CELLBATCH-000182"",""BV-WARRANTYCLAIM-000182""]"
CELLBATCH-000141,Firmware Installation Failed,2023-01-26T03:11:00Z,sat_diagnostic_result,sat_diagnostic_result:BV-CELLBATCH-000141:0002,USR-014,"[""BV-CELLBATCH-000141"",""BV-SECONDLIFESYSTEM-000141""]"
CELLBATCH-000184,Battery Pack Failed Test,2023-01-26T06:33:00Z,sat_shipment_status,sat_shipment_status:BV-CELLBATCH-000184:0001,USR-089,"[""BV-CELLBATCH-000184"",""BV-WARRANTYCLAIM-000184""]"
CELLBATCH-000080,Battery Pack Failed Test,2023-01-26T07:00:00Z,sat_shipment_status,sat_shipment_status:BV-CELLBATCH-000080:0002,USR-099,"[""BV-CELLBATCH-000080"",""BV-WARRANTYCLAIM-000080""]"
CELLBATCH-000080,Firmware Installation Failed,2023-01-26T07:37:00Z,sat_diagnostic_result,sat_diagnostic_result:BV-CELLBATCH-000080:0002,USR-120,"[""BV-CELLBATCH-000080"",""BV-SECONDLIFESYSTEM-000080""]"
CELLBATCH-000080,Firmware Rolled Back,2023-01-26T08:14:00Z,sat_service_status,sat_service_status:BV-CELLBATCH-000080:0002,USR-121,"[""BV-CELLBATCH-000080"",""BV-RECYCLINGORDER-000080"",""BV-VEHICLE-000080""]"
CELLBATCH-000080,Second-Life Assessment Failed,2023-01-26T08:51:00Z,sat_recall_status,sat_recall_status:BV-CELLBATCH-000080:0001,USR-010,"[""BV-CELLBATCH-000080"",""BV-SECONDLIFESYSTEM-000080""]"
CELLBATCH-000142,Firmware Rolled Back,2023-01-26T12:13:00Z,sat_service_status,sat_service_status:BV-CELLBATCH-000142:0002,USR-032,"[""BV-CELLBATCH-000142"",""BV-RECYCLINGORDER-000142""]"
CELLBATCH-000186,Battery Pack Failed Test,2023-01-26T12:35:00Z,sat_shipment_status,sat_shipment_status:BV-CELLBATCH-000186:0001,USR-123,"[""BV-CELLBATCH-000186"",""BV-WARRANTYCLAIM-000186"",""BV-CERTIFICATE-000186""]"
CELLBATCH-000188,Battery Pack Failed Test,2023-01-26T18:37:00Z,sat_shipment_status,sat_shipment_status:BV-CELLBATCH-000188:0001,USR-030,"[""BV-CELLBATCH-000188"",""BV-WARRANTYCLAIM-000188"",""BV-CERTIFICATE-000188""]"
CELLBATCH-000085,Battery Pack Failed Test,2023-01-26T22:00:00Z,sat_shipment_status,sat_shipment_status:BV-CELLBATCH-000085:0001,USR-057,"[""BV-CELLBATCH-000085"",""BV-WARRANTYCLAIM-000085"",""BV-CERTIFICATE-000085""]"
CELLBATCH-000085,Firmware Installation Failed,2023-01-26T22:37:00Z,sat_diagnostic_result,sat_diagnostic_result:BV-CELLBATCH-000085:0002,USR-078,"[""BV-CELLBATCH-000085"",""BV-SECONDLIFESYSTEM-000085""]"
CELLBATCH-000085,Firmware Rolled Back,2023-01-26T23:14:00Z,sat_service_status,sat_service_status:BV-CELLBATCH-000085:0002,USR-079,"[""BV-CELLBATCH-000085"",""BV-RECYCLINGORDER-000085""]"
CELLBATCH-000085,Second-Life Assessment Failed,2023-01-26T23:51:00Z,sat_recall_status,sat_recall_status:BV-CELLBATCH-000085:0002,USR-095,"[""BV-CELLBATCH-000085"",""BV-SECONDLIFESYSTEM-000085"",""BV-BATTERYPASSPORT-000085""]"
CELLBATCH-000190,Battery Pack Failed Test,2023-01-27T00:39:00Z,sat_shipment_status,sat_shipment_status:BV-CELLBATCH-000190:0001,USR-064,"[""BV-CELLBATCH-000190"",""BV-WARRANTYCLAIM-000190""]"
CELLBATCH-000115,Second-Life Assessment Failed,2023-01-27T03:02:00Z,sat_recall_status,sat_recall_status:BV-CELLBATCH-000115:0003,USR-097,"[""BV-CELLBATCH-000115"",""BV-SECONDLIFESYSTEM-000115"",""BV-BATTERYPASSPORT-000115""]"
CELLBATCH-000192,Battery Pack Failed Test,2023-01-27T06:41:00Z,sat_shipment_status,sat_shipment_status:BV-CELLBATCH-000192:0001,USR-098,"[""BV-CELLBATCH-000192"",""BV-WARRANTYCLAIM-000192"",""BV-CERTIFICATE-000192""]"
CELLBATCH-000149,Firmware Rolled Back,2023-01-27T09:20:00Z,sat_service_status,sat_service_status:BV-CELLBATCH-000149:0002,USR-024,"[""BV-CELLBATCH-000149"",""BV-RECYCLINGORDER-000149""]"
CELLBATCH-000194,Battery Pack Failed Test,2023-01-27T12:43:00Z,sat_shipment_status,sat_shipment_status:BV-CELLBATCH-000194:0001,USR-005,"[""BV-CELLBATCH-000194"",""BV-WARRANTYCLAIM-000194"",""BV-CERTIFICATE-000194""]"
CELLBATCH-000090,Battery Pack Failed Test,2023-01-27T13:00:00Z,sat_shipment_status,sat_shipment_status:BV-CELLBATCH-000090:0003,USR-015,"[""BV-CELLBATCH-000090"",""BV-WARRANTYCLAIM-000090""]"
CELLBATCH-000090,Firmware Installation Failed,2023-01-27T13:37:00Z,sat_diagnostic_result,sat_diagnostic_result:BV-CELLBATCH-000090:0002,USR-036,"[""BV-CELLBATCH-000090"",""BV-SECONDLIFESYSTEM-000090"",""BV-BATTERYPASSPORT-000090""]"
CELLBATCH-000090,Firmware Rolled Back,2023-01-27T14:14:00Z,sat_service_status,sat_service_status:BV-CELLBATCH-000090:0002,USR-037,"[""BV-CELLBATCH-000090"",""BV-RECYCLINGORDER-000090""]"
CELLBATCH-000090,Second-Life Assessment Failed,2023-01-27T14:51:00Z,sat_recall_status,sat_recall_status:BV-CELLBATCH-000090:0001,USR-053,"[""BV-CELLBATCH-000090"",""BV-SECONDLIFESYSTEM-000090""]"
CELLBATCH-000196,Battery Pack Failed Test,2023-01-27T18:45:00Z,sat_shipment_status,sat_shipment_status:BV-CELLBATCH-000196:0001,USR-039,"[""BV-CELLBATCH-000196"",""BV-WARRANTYCLAIM-000196""]"
CELLBATCH-000198,Battery Pack Failed Test,2023-01-28T00:47:00Z,sat_shipment_status,sat_shipment_status:BV-CELLBATCH-000198:0001,USR-073,"[""BV-CELLBATCH-000198"",""BV-WARRANTYCLAIM-000198""]"
CELLBATCH-000095,Battery Pack Failed Test,2023-01-28T04:00:00Z,sat_shipment_status,sat_shipment_status:BV-CELLBATCH-000095:0001,USR-100,"[""BV-CELLBATCH-000095"",""BV-WARRANTYCLAIM-000095""]"
CELLBATCH-000095,Firmware Installation Failed,2023-01-28T04:37:00Z,sat_diagnostic_result,sat_diagnostic_result:BV-CELLBATCH-000095:0002,USR-121,"[""BV-CELLBATCH-000095"",""BV-SECONDLIFESYSTEM-000095""]"
CELLBATCH-000095,Firmware Rolled Back,2023-01-28T05:14:00Z,sat_service_status,sat_service_status:BV-CELLBATCH-000095:0002,USR-122,"[""BV-CELLBATCH-000095"",""BV-RECYCLINGORDER-000095"",""BV-VEHICLE-000095""]"
CELLBATCH-000095,Second-Life Assessment Failed,2023-01-28T05:51:00Z,sat_recall_status,sat_recall_status:BV-CELLBATCH-000095:0002,USR-011,"[""BV-CELLBATCH-000095"",""BV-SECONDLIFESYSTEM-000095""]"
CELLBATCH-000156,Firmware Rolled Back,2023-01-28T06:27:00Z,sat_service_status,sat_service_status:BV-CELLBATCH-000156:0002,USR-016,"[""BV-CELLBATCH-000156"",""BV-RECYCLINGORDER-000156""]"
CELLBATCH-000200,Battery Pack Failed Test,2023-01-28T06:49:00Z,sat_shipment_status,sat_shipment_status:BV-CELLBATCH-000200:0001,USR-107,"[""BV-CELLBATCH-000200"",""BV-WARRANTYCLAIM-000200""]"
CELLBATCH-000202,Battery Pack Failed Test,2023-01-28T12:51:00Z,sat_shipment_status,sat_shipment_status:BV-CELLBATCH-000202:0001,USR-014,"[""BV-CELLBATCH-000202"",""BV-WARRANTYCLAIM-000202"",""BV-CERTIFICATE-000202""]"
CELLBATCH-000204,Battery Pack Failed Test,2023-01-28T18:00:00Z,sat_shipment_status,sat_shipment_status:BV-CELLBATCH-000204:0001,USR-048,"[""BV-CELLBATCH-000204"",""BV-WARRANTYCLAIM-000204"",""BV-CERTIFICATE-000204""]"
CELLBATCH-000100,Battery Pack Failed Test,2023-01-28T19:00:00Z,sat_shipment_status,sat_shipment_status:BV-CELLBATCH-000100:0002,USR-058,"[""BV-CELLBATCH-000100"",""BV-WARRANTYCLAIM-000100"",""BV-CERTIFICATE-000100""]"
CELLBATCH-000100,Firmware Installation Failed,2023-01-28T19:37:00Z,sat_diagnostic_result,sat_diagnostic_result:BV-CELLBATCH-000100:0003,USR-079,"[""BV-CELLBATCH-000100"",""BV-SECONDLIFESYSTEM-000100""]"
CELLBATCH-000100,Firmware Rolled Back,2023-01-28T20:14:00Z,sat_service_status,sat_service_status:BV-CELLBATCH-000100:0003,USR-080,"[""BV-CELLBATCH-000100"",""BV-RECYCLINGORDER-000100"",""BV-VEHICLE-000100""]"
CELLBATCH-000100,Second-Life Assessment Failed,2023-01-28T20:51:00Z,sat_recall_status,sat_recall_status:BV-CELLBATCH-000100:0001,USR-096,"[""BV-CELLBATCH-000100"",""BV-SECONDLIFESYSTEM-000100""]"
CELLBATCH-000206,Battery Pack Failed Test,2023-01-29T00:02:00Z,sat_shipment_status,sat_shipment_status:BV-CELLBATCH-000206:0001,USR-082,"[""BV-CELLBATCH-000206"",""BV-WARRANTYCLAIM-000206""]"
CELLBATCH-000163,Firmware Rolled Back,2023-01-29T03:34:00Z,sat_service_status,sat_service_status:BV-CELLBATCH-000163:0002,USR-008,"[""BV-CELLBATCH-000163"",""BV-RECYCLINGORDER-000163""]"
CELLBATCH-000208,Battery Pack Failed Test,2023-01-29T06:04:00Z,sat_shipment_status,sat_shipment_status:BV-CELLBATCH-000208:0001,USR-116,"[""BV-CELLBATCH-000208"",""BV-WARRANTYCLAIM-000208""]"
CELLBATCH-000105,Battery Pack Failed Test,2023-01-29T10:00:00Z,sat_shipment_status,sat_shipment_status:BV-CELLBATCH-000105:0002,USR-016,"[""BV-CELLBATCH-000105"",""BV-WARRANTYCLAIM-000105""]"
CELLBATCH-000105,Firmware Installation Failed,2023-01-29T10:37:00Z,sat_diagnostic_result,sat_diagnostic_result:BV-CELLBATCH-000105:0002,USR-037,"[""BV-CELLBATCH-000105"",""BV-SECONDLIFESYSTEM-000105""]"
CELLBATCH-000105,Firmware Rolled Back,2023-01-29T11:14:00Z,sat_service_status,sat_service_status:BV-CELLBATCH-000105:0002,USR-038,"[""BV-CELLBATCH-000105"",""BV-RECYCLINGORDER-000105"",""BV-VEHICLE-000105""]"
CELLBATCH-000105,Second-Life Assessment Failed,2023-01-29T11:51:00Z,sat_recall_status,sat_recall_status:BV-CELLBATCH-000105:0002,USR-054,"[""BV-CELLBATCH-000105"",""BV-SECONDLIFESYSTEM-000105""]"
CELLBATCH-000210,Battery Pack Failed Test,2023-01-29T12:06:00Z,sat_shipment_status,sat_shipment_status:BV-CELLBATCH-000210:0001,USR-023,"[""BV-CELLBATCH-000210"",""BV-WARRANTYCLAIM-000210""]"
CELLBATCH-000212,Battery Pack Failed Test,2023-01-29T18:08:00Z,sat_shipment_status,sat_shipment_status:BV-CELLBATCH-000212:0001,USR-057,"[""BV-CELLBATCH-000212"",""BV-WARRANTYCLAIM-000212"",""BV-CERTIFICATE-000212""]"
CELLBATCH-000214,Battery Pack Failed Test,2023-01-30T00:10:00Z,sat_shipment_status,sat_shipment_status:BV-CELLBATCH-000214:0001,USR-091,"[""BV-CELLBATCH-000214"",""BV-WARRANTYCLAIM-000214""]"
CELLBATCH-000170,Firmware Rolled Back,2023-01-30T00:41:00Z,sat_service_status,sat_service_status:BV-CELLBATCH-000170:0003,USR-127,"[""BV-CELLBATCH-000170"",""BV-RECYCLINGORDER-000170""]"
CELLBATCH-000110,Battery Pack Failed Test,2023-01-30T01:00:00Z,sat_shipment_status,sat_shipment_status:BV-CELLBATCH-000110:0002,USR-101,"[""BV-CELLBATCH-000110"",""BV-WARRANTYCLAIM-000110""]"
CELLBATCH-000110,Firmware Installation Failed,2023-01-30T01:37:00Z,sat_diagnostic_result,sat_diagnostic_result:BV-CELLBATCH-000110:0002,USR-122,"[""BV-CELLBATCH-000110"",""BV-SECONDLIFESYSTEM-000110"",""BV-BATTERYPASSPORT-000110""]"
CELLBATCH-000110,Firmware Rolled Back,2023-01-30T02:14:00Z,sat_service_status,sat_service_status:BV-CELLBATCH-000110:0002,USR-123,"[""BV-CELLBATCH-000110"",""BV-RECYCLINGORDER-000110""]"
CELLBATCH-000110,Second-Life Assessment Failed,2023-01-30T02:51:00Z,sat_recall_status,sat_recall_status:BV-CELLBATCH-000110:0002,USR-012,"[""BV-CELLBATCH-000110"",""BV-SECONDLIFESYSTEM-000110""]"
CELLBATCH-000216,Battery Pack Failed Test,2023-01-30T06:12:00Z,sat_shipment_status,sat_shipment_status:BV-CELLBATCH-000216:0001,USR-125,"[""BV-CELLBATCH-000216"",""BV-WARRANTYCLAIM-000216"",""BV-CERTIFICATE-000216""]"
CELLBATCH-000218,Battery Pack Failed Test,2023-01-30T12:14:00Z,sat_shipment_status,sat_shipment_status:BV-CELLBATCH-000218:0001,USR-032,"[""BV-CELLBATCH-000218"",""BV-WARRANTYCLAIM-000218"",""BV-CERTIFICATE-000218""]"
CELLBATCH-000115,Battery Pack Failed Test,2023-01-30T16:00:00Z,sat_shipment_status,sat_shipment_status:BV-CELLBATCH-000115:0001,USR-059,"[""BV-CELLBATCH-000115"",""BV-WARRANTYCLAIM-000115""]"
CELLBATCH-000115,Firmware Installation Failed,2023-01-30T16:37:00Z,sat_diagnostic_result,sat_diagnostic_result:BV-CELLBATCH-000115:0002,USR-080,"[""BV-CELLBATCH-000115"",""BV-SECONDLIFESYSTEM-000115"",""BV-BATTERYPASSPORT-000115""]"
CELLBATCH-000115,Firmware Rolled Back,2023-01-30T17:14:00Z,sat_service_status,sat_service_status:BV-CELLBATCH-000115:0002,USR-081,"[""BV-CELLBATCH-000115"",""BV-RECYCLINGORDER-000115""]"
CELLBATCH-000115,Second-Life Assessment Failed,2023-01-30T17:51:00Z,sat_recall_status,sat_recall_status:BV-CELLBATCH-000115:0004,USR-097,"[""BV-CELLBATCH-000115"",""BV-SECONDLIFESYSTEM-000115"",""BV-BATTERYPASSPORT-000115""]"
CELLBATCH-000220,Battery Pack Failed Test,2023-01-30T18:16:00Z,sat_shipment_status,sat_shipment_status:BV-CELLBATCH-000220:0001,USR-066,"[""BV-CELLBATCH-000220"",""BV-WARRANTYCLAIM-000220""]"
CELLBATCH-000178,Firmware Installation Failed,2023-01-30T18:48:00Z,sat_diagnostic_result,sat_diagnostic_result:BV-CELLBATCH-000178:0002,USR-008,"[""BV-CELLBATCH-000178"",""BV-SECONDLIFESYSTEM-000178""]"
CELLBATCH-000177,Firmware Rolled Back,2023-01-30T21:48:00Z,sat_service_status,sat_service_status:BV-CELLBATCH-000177:0002,USR-119,"[""BV-CELLBATCH-000177"",""BV-RECYCLINGORDER-000177"",""BV-VEHICLE-000177""]"
CELLBATCH-000222,Battery Pack Failed Test,2023-01-31T00:18:00Z,sat_shipment_status,sat_shipment_status:BV-CELLBATCH-000222:0001,USR-100,"[""BV-CELLBATCH-000222"",""BV-WARRANTYCLAIM-000222""]"
CELLBATCH-000146,Second-Life Assessment Failed,2023-01-31T00:33:00Z,sat_recall_status,sat_recall_status:BV-CELLBATCH-000146:0001,USR-116,"[""BV-CELLBATCH-000146"",""BV-SECONDLIFESYSTEM-000146"",""BV-BATTERYPASSPORT-000146""]"
CELLBATCH-000224,Battery Pack Failed Test,2023-01-31T06:20:00Z,sat_shipment_status,sat_shipment_status:BV-CELLBATCH-000224:0001,USR-007,"[""BV-CELLBATCH-000224"",""BV-WARRANTYCLAIM-000224""]"
CELLBATCH-000120,Battery Pack Failed Test,2023-01-31T07:00:00Z,sat_shipment_status,sat_shipment_status:BV-CELLBATCH-000120:0002,USR-017,"[""BV-CELLBATCH-000120"",""BV-WARRANTYCLAIM-000120"",""BV-CERTIFICATE-000120""]"
CELLBATCH-000120,Firmware Installation Failed,2023-01-31T07:37:00Z,sat_diagnostic_result,sat_diagnostic_result:BV-CELLBATCH-000120:0002,USR-038,"[""BV-CELLBATCH-000120"",""BV-SECONDLIFESYSTEM-000120""]"
CELLBATCH-000120,Firmware Rolled Back,2023-01-31T08:14:00Z,sat_service_status,sat_service_status:BV-CELLBATCH-000120:0002,USR-039,"[""BV-CELLBATCH-000120"",""BV-RECYCLINGORDER-000120"",""BV-VEHICLE-000120""]"
CELLBATCH-000120,Second-Life Assessment Failed,2023-01-31T08:51:00Z,sat_recall_status,sat_recall_status:BV-CELLBATCH-000120:0001,USR-055,"[""BV-CELLBATCH-000120"",""BV-SECONDLIFESYSTEM-000120""]"
CELLBATCH-000226,Battery Pack Failed Test,2023-01-31T12:22:00Z,sat_shipment_status,sat_shipment_status:BV-CELLBATCH-000226:0001,USR-041,"[""BV-CELLBATCH-000226"",""BV-WARRANTYCLAIM-000226"",""BV-CERTIFICATE-000226""]"
CELLBATCH-000184,Firmware Rolled Back,2023-01-31T18:02:00Z,sat_service_status,sat_service_status:BV-CELLBATCH-000184:0002,USR-111,"[""BV-CELLBATCH-000184"",""BV-RECYCLINGORDER-000184""]"
CELLBATCH-000228,Battery Pack Failed Test,2023-01-31T18:24:00Z,sat_shipment_status,sat_shipment_status:BV-CELLBATCH-000228:0001,USR-075,"[""BV-CELLBATCH-000228"",""BV-WARRANTYCLAIM-000228""]"
CELLBATCH-000125,Battery Pack Failed Test,2023-01-31T22:00:00Z,sat_shipment_status,sat_shipment_status:BV-CELLBATCH-000125:0001,USR-102,"[""BV-CELLBATCH-000125"",""BV-WARRANTYCLAIM-000125""]"
CELLBATCH-000125,Firmware Installation Failed,2023-01-31T22:37:00Z,sat_diagnostic_result,sat_diagnostic_result:BV-CELLBATCH-000125:0002,USR-123,"[""BV-CELLBATCH-000125"",""BV-SECONDLIFESYSTEM-000125"",""BV-BATTERYPASSPORT-000125""]"
CELLBATCH-000125,Firmware Rolled Back,2023-01-31T23:14:00Z,sat_service_status,sat_service_status:BV-CELLBATCH-000125:0003,USR-124,"[""BV-CELLBATCH-000125"",""BV-RECYCLINGORDER-000125""]"
CELLBATCH-000125,Second-Life Assessment Failed,2023-01-31T23:51:00Z,sat_recall_status,sat_recall_status:BV-CELLBATCH-000125:0002,USR-013,"[""BV-CELLBATCH-000125"",""BV-SECONDLIFESYSTEM-000125"",""BV-BATTERYPASSPORT-000125""]"
CELLBATCH-000230,Battery Pack Failed Test,2023-02-01T00:26:00Z,sat_shipment_status,sat_shipment_status:BV-CELLBATCH-000230:0001,USR-109,"[""BV-CELLBATCH-000230"",""BV-WARRANTYCLAIM-000230""]"
CELLBATCH-000232,Battery Pack Failed Test,2023-02-01T06:28:00Z,sat_shipment_status,sat_shipment_status:BV-CELLBATCH-000232:0001,USR-016,"[""BV-CELLBATCH-000232"",""BV-WARRANTYCLAIM-000232"",""BV-CERTIFICATE-000232""]"
CELLBATCH-000234,Battery Pack Failed Test,2023-02-01T12:30:00Z,sat_shipment_status,sat_shipment_status:BV-CELLBATCH-000234:0001,USR-050,"[""BV-CELLBATCH-000234"",""BV-WARRANTYCLAIM-000234""]"
CELLBATCH-000130,Battery Pack Failed Test,2023-02-01T13:00:00Z,sat_shipment_status,sat_shipment_status:BV-CELLBATCH-000130:0002,USR-060,"[""BV-CELLBATCH-000130"",""BV-WARRANTYCLAIM-000130"",""BV-CERTIFICATE-000130""]"
CELLBATCH-000130,Firmware Installation Failed,2023-02-01T13:37:00Z,sat_diagnostic_result,sat_diagnostic_result:BV-CELLBATCH-000130:0002,USR-081,"[""BV-CELLBATCH-000130"",""BV-SECONDLIFESYSTEM-000130""]"
CELLBATCH-000130,Firmware Rolled Back,2023-02-01T14:14:00Z,sat_service_status,sat_service_status:BV-CELLBATCH-000130:0002,USR-082,"[""BV-CELLBATCH-000130"",""BV-RECYCLINGORDER-000130""]"
CELLBATCH-000130,Second-Life Assessment Failed,2023-02-01T14:51:00Z,sat_recall_status,sat_recall_status:BV-CELLBATCH-000130:0002,USR-098,"[""BV-CELLBATCH-000130"",""BV-SECONDLIFESYSTEM-000130"",""BV-BATTERYPASSPORT-000130""]"
CELLBATCH-000191,Firmware Rolled Back,2023-02-01T15:09:00Z,sat_service_status,sat_service_status:BV-CELLBATCH-000191:0002,USR-103,"[""BV-CELLBATCH-000191"",""BV-RECYCLINGORDER-000191""]"
CELLBATCH-000236,Battery Pack Failed Test,2023-02-01T18:32:00Z,sat_shipment_status,sat_shipment_status:BV-CELLBATCH-000236:0001,USR-084,"[""BV-CELLBATCH-000236"",""BV-WARRANTYCLAIM-000236""]"
CELLBATCH-000238,Battery Pack Failed Test,2023-02-02T00:34:00Z,sat_shipment_status,sat_shipment_status:BV-CELLBATCH-000238:0001,USR-118,"[""BV-CELLBATCH-000238"",""BV-WARRANTYCLAIM-000238"",""BV-CERTIFICATE-000238""]"
CELLBATCH-000135,Battery Pack Failed Test,2023-02-02T04:00:00Z,sat_shipment_status,sat_shipment_status:BV-CELLBATCH-000135:0001,USR-018,"[""BV-CELLBATCH-000135"",""BV-WARRANTYCLAIM-000135""]"
CELLBATCH-000135,Firmware Installation Failed,2023-02-02T04:37:00Z,sat_diagnostic_result,sat_diagnostic_result:BV-CELLBATCH-000135:0002,USR-039,"[""BV-CELLBATCH-000135"",""BV-SECONDLIFESYSTEM-000135""]"
CELLBATCH-000135,Firmware Rolled Back,2023-02-02T05:14:00Z,sat_service_status,sat_service_status:BV-CELLBATCH-000135:0003,USR-040,"[""BV-CELLBATCH-000135"",""BV-RECYCLINGORDER-000135"",""BV-VEHICLE-000135""]"
CELLBATCH-000135,Second-Life Assessment Failed,2023-02-02T05:51:00Z,sat_recall_status,sat_recall_status:BV-CELLBATCH-000135:0002,USR-056,"[""BV-CELLBATCH-000135"",""BV-SECONDLIFESYSTEM-000135""]"
CELLBATCH-000240,Battery Pack Failed Test,2023-02-02T06:36:00Z,sat_shipment_status,sat_shipment_status:BV-CELLBATCH-000240:0001,USR-025,"[""BV-CELLBATCH-000240"",""BV-WARRANTYCLAIM-000240""]"
CELLBATCH-000198,Firmware Rolled Back,2023-02-02T12:16:00Z,sat_service_status,sat_service_status:BV-CELLBATCH-000198:0002,USR-095,"[""BV-CELLBATCH-000198"",""BV-RECYCLINGORDER-000198""]"
CELLBATCH-000242,Battery Pack Failed Test,2023-02-02T12:38:00Z,sat_shipment_status,sat_shipment_status:BV-CELLBATCH-000242:0001,USR-059,"[""BV-CELLBATCH-000242"",""BV-WARRANTYCLAIM-000242"",""BV-CERTIFICATE-000242""]"
CELLBATCH-000244,Battery Pack Failed Test,2023-02-02T18:40:00Z,sat_shipment_status,sat_shipment_status:BV-CELLBATCH-000244:0001,USR-093,"[""BV-CELLBATCH-000244"",""BV-WARRANTYCLAIM-000244""]"
CELLBATCH-000140,Battery Pack Failed Test,2023-02-02T19:00:00Z,sat_shipment_status,sat_shipment_status:BV-CELLBATCH-000140:0003,USR-103,"[""BV-CELLBATCH-000140"",""BV-WARRANTYCLAIM-000140""]"
CELLBATCH-000140,Firmware Installation Failed,2023-02-02T19:37:00Z,sat_diagnostic_result,sat_diagnostic_result:BV-CELLBATCH-000140:0002,USR-124,"[""BV-CELLBATCH-000140"",""BV-SECONDLIFESYSTEM-000140"",""BV-BATTERYPASSPORT-000140""]"
CELLBATCH-000140,Firmware Rolled Back,2023-02-02T20:14:00Z,sat_service_status,sat_service_status:BV-CELLBATCH-000140:0002,USR-125,"[""BV-CELLBATCH-000140"",""BV-RECYCLINGORDER-000140""]"
CELLBATCH-000140,Second-Life Assessment Failed,2023-02-02T20:51:00Z,sat_recall_status,sat_recall_status:BV-CELLBATCH-000140:0001,USR-014,"[""BV-CELLBATCH-000140"",""BV-SECONDLIFESYSTEM-000140"",""BV-BATTERYPASSPORT-000140""]"
CELLBATCH-000246,Battery Pack Failed Test,2023-02-03T00:42:00Z,sat_shipment_status,sat_shipment_status:BV-CELLBATCH-000246:0001,USR-127,"[""BV-CELLBATCH-000246"",""BV-WARRANTYCLAIM-000246""]"
CELLBATCH-000248,Battery Pack Failed Test,2023-02-03T06:44:00Z,sat_shipment_status,sat_shipment_status:BV-CELLBATCH-000248:0001,USR-034,"[""BV-CELLBATCH-000248"",""BV-WARRANTYCLAIM-000248"",""BV-CERTIFICATE-000248""]"
CELLBATCH-000205,Firmware Rolled Back,2023-02-03T09:23:00Z,sat_service_status,sat_service_status:BV-CELLBATCH-000205:0002,USR-087,"[""BV-CELLBATCH-000205"",""BV-RECYCLINGORDER-000205""]"
CELLBATCH-000145,Battery Pack Failed Test,2023-02-03T10:00:00Z,sat_shipment_status,sat_shipment_status:BV-CELLBATCH-000145:0001,USR-061,"[""BV-CELLBATCH-000145"",""BV-WARRANTYCLAIM-000145"",""BV-CERTIFICATE-000145""]"
CELLBATCH-000145,Firmware Installation Failed,2023-02-03T10:37:00Z,sat_diagnostic_result,sat_diagnostic_result:BV-CELLBATCH-000145:0002,USR-082,"[""BV-CELLBATCH-000145"",""BV-SECONDLIFESYSTEM-000145""]"
CELLBATCH-000145,Firmware Rolled Back,2023-02-03T11:14:00Z,sat_service_status,sat_service_status:BV-CELLBATCH-000145:0002,USR-083,"[""BV-CELLBATCH-000145"",""BV-RECYCLINGORDER-000145""]"
CELLBATCH-000145,Second-Life Assessment Failed,2023-02-03T11:51:00Z,sat_recall_status,sat_recall_status:BV-CELLBATCH-000145:0002,USR-099,"[""BV-CELLBATCH-000145"",""BV-SECONDLIFESYSTEM-000145"",""BV-BATTERYPASSPORT-000145""]"
CELLBATCH-000250,Battery Pack Failed Test,2023-02-03T12:46:00Z,sat_shipment_status,sat_shipment_status:BV-CELLBATCH-000250:0001,USR-068,"[""BV-CELLBATCH-000250"",""BV-WARRANTYCLAIM-000250""]"
CELLBATCH-000252,Battery Pack Failed Test,2023-02-03T18:48:00Z,sat_shipment_status,sat_shipment_status:BV-CELLBATCH-000252:0001,USR-102,"[""BV-CELLBATCH-000252"",""BV-WARRANTYCLAIM-000252""]"
CELLBATCH-000177,Second-Life Assessment Failed,2023-02-03T21:11:00Z,sat_recall_status,sat_recall_status:BV-CELLBATCH-000177:0002,USR-008,"[""BV-CELLBATCH-000177"",""BV-SECONDLIFESYSTEM-000177""]"
CELLBATCH-000254,Battery Pack Failed Test,2023-02-04T00:50:00Z,sat_shipment_status,sat_shipment_status:BV-CELLBATCH-000254:0001,USR-009,"[""BV-CELLBATCH-000254"",""BV-WARRANTYCLAIM-000254""]"
CELLBATCH-000150,Battery Pack Failed Test,2023-02-04T01:00:00Z,sat_shipment_status,sat_shipment_status:BV-CELLBATCH-000150:0002,USR-019,"[""BV-CELLBATCH-000150"",""BV-WARRANTYCLAIM-000150""]"
CELLBATCH-000150,Firmware Installation Failed,2023-02-04T01:37:00Z,sat_diagnostic_result,sat_diagnostic_result:BV-CELLBATCH-000150:0002,USR-040,"[""BV-CELLBATCH-000150"",""BV-SECONDLIFESYSTEM-000150"",""BV-BATTERYPASSPORT-000150""]"
CELLBATCH-000150,Firmware Rolled Back,2023-02-04T02:14:00Z,sat_service_status,sat_service_status:BV-CELLBATCH-000150:0002,USR-041,"[""BV-CELLBATCH-000150"",""BV-RECYCLINGORDER-000150""]"
CELLBATCH-000150,Second-Life Assessment Failed,2023-02-04T02:51:00Z,sat_recall_status,sat_recall_status:BV-CELLBATCH-000150:0001,USR-057,"[""BV-CELLBATCH-000150"",""BV-SECONDLIFESYSTEM-000150""]"
CELLBATCH-000212,Firmware Rolled Back,2023-02-04T06:30:00Z,sat_service_status,sat_service_status:BV-CELLBATCH-000212:0002,USR-079,"[""BV-CELLBATCH-000212"",""BV-RECYCLINGORDER-000212""]"
CELLBATCH-000256,Battery Pack Failed Test,2023-02-04T06:52:00Z,sat_shipment_status,sat_shipment_status:BV-CELLBATCH-000256:0001,USR-043,"[""BV-CELLBATCH-000256"",""BV-WARRANTYCLAIM-000256"",""BV-CERTIFICATE-000256""]"
CELLBATCH-000215,Firmware Installation Failed,2023-02-04T09:32:00Z,sat_diagnostic_result,sat_diagnostic_result:BV-CELLBATCH-000215:0002,USR-002,"[""BV-CELLBATCH-000215"",""BV-SECONDLIFESYSTEM-000215""]"
CELLBATCH-000258,Battery Pack Failed Test,2023-02-04T12:01:00Z,sat_shipment_status,sat_shipment_status:BV-CELLBATCH-000258:0001,USR-077,"[""BV-CELLBATCH-000258"",""BV-WARRANTYCLAIM-000258"",""BV-CERTIFICATE-000258""]"
CELLBATCH-000155,Battery Pack Failed Test,2023-02-04T16:00:00Z,sat_shipment_status,sat_shipment_status:BV-CELLBATCH-000155:0001,USR-104,"[""BV-CELLBATCH-000155"",""BV-WARRANTYCLAIM-000155""]"
CELLBATCH-000155,Firmware Installation Failed,2023-02-04T16:37:00Z,sat_diagnostic_result,sat_diagnostic_result:BV-CELLBATCH-000155:0002,USR-125,"[""BV-CELLBATCH-000155"",""BV-SECONDLIFESYSTEM-000155"",""BV-BATTERYPASSPORT-000155""]"
CELLBATCH-000155,Firmware Rolled Back,2023-02-04T17:14:00Z,sat_service_status,sat_service_status:BV-CELLBATCH-000155:0002,USR-126,"[""BV-CELLBATCH-000155"",""BV-RECYCLINGORDER-000155""]"
CELLBATCH-000155,Second-Life Assessment Failed,2023-02-04T17:51:00Z,sat_recall_status,sat_recall_status:BV-CELLBATCH-000155:0002,USR-015,"[""BV-CELLBATCH-000155"",""BV-SECONDLIFESYSTEM-000155"",""BV-BATTERYPASSPORT-000155""]"
CELLBATCH-000260,Battery Pack Failed Test,2023-02-04T18:03:00Z,sat_shipment_status,sat_shipment_status:BV-CELLBATCH-000260:0001,USR-111,"[""BV-CELLBATCH-000260"",""BV-WARRANTYCLAIM-000260"",""BV-CERTIFICATE-000260""]"
CELLBATCH-000262,Battery Pack Failed Test,2023-02-05T00:05:00Z,sat_shipment_status,sat_shipment_status:BV-CELLBATCH-000262:0001,USR-018,"[""BV-CELLBATCH-000262"",""BV-WARRANTYCLAIM-000262"",""BV-CERTIFICATE-000262""]"
CELLBATCH-000219,Firmware Rolled Back,2023-02-05T03:37:00Z,sat_service_status,sat_service_status:BV-CELLBATCH-000219:0002,USR-071,"[""BV-CELLBATCH-000219"",""BV-RECYCLINGORDER-000219"",""BV-VEHICLE-000219""]"
CELLBATCH-000264,Battery Pack Failed Test,2023-02-05T06:07:00Z,sat_shipment_status,sat_shipment_status:BV-CELLBATCH-000264:0001,USR-052,"[""BV-CELLBATCH-000264"",""BV-WARRANTYCLAIM-000264"",""BV-CERTIFICATE-000264""]"
CELLBATCH-000160,Battery Pack Failed Test,2023-02-05T07:00:00Z,sat_shipment_status,sat_shipment_status:BV-CELLBATCH-000160:0002,USR-062,"[""BV-CELLBATCH-000160"",""BV-WARRANTYCLAIM-000160""]"
CELLBATCH-000160,Firmware Installation Failed,2023-02-05T07:37:00Z,sat_diagnostic_result,sat_diagnostic_result:BV-CELLBATCH-000160:0002,USR-083,"[""BV-CELLBATCH-000160"",""BV-SECONDLIFESYSTEM-000160"",""BV-BATTERYPASSPORT-000160""]"
CELLBATCH-000160,Firmware Rolled Back,2023-02-05T08:14:00Z,sat_service_status,sat_service_status:BV-CELLBATCH-000160:0003,USR-084,"[""BV-CELLBATCH-000160"",""BV-RECYCLINGORDER-000160""]"
CELLBATCH-000160,Second-Life Assessment Failed,2023-02-05T08:51:00Z,sat_recall_status,sat_recall_status:BV-CELLBATCH-000160:0001,USR-100,"[""BV-CELLBATCH-000160"",""BV-SECONDLIFESYSTEM-000160""]"
CELLBATCH-000266,Battery Pack Failed Test,2023-02-05T12:09:00Z,sat_shipment_status,sat_shipment_status:BV-CELLBATCH-000266:0001,USR-086,"[""BV-CELLBATCH-000266"",""BV-WARRANTYCLAIM-000266""]"
CELLBATCH-000268,Battery Pack Failed Test,2023-02-05T18:11:00Z,sat_shipment_status,sat_shipment_status:BV-CELLBATCH-000268:0001,USR-120,"[""BV-CELLBATCH-000268"",""BV-WARRANTYCLAIM-000268"",""BV-CERTIFICATE-000268""]"
CELLBATCH-000165,Battery Pack Failed Test,2023-02-05T22:00:00Z,sat_shipment_status,sat_shipment_status:BV-CELLBATCH-000165:0001,USR-020,"[""BV-CELLBATCH-000165"",""BV-WARRANTYCLAIM-000165"",""BV-CERTIFICATE-000165""]"
CELLBATCH-000165,Firmware Installation Failed,2023-02-05T22:37:00Z,sat_diagnostic_result,sat_diagnostic_result:BV-CELLBATCH-000165:0002,USR-041,"[""BV-CELLBATCH-000165"",""BV-SECONDLIFESYSTEM-000165""]"
CELLBATCH-000165,Firmware Rolled Back,2023-02-05T23:14:00Z,sat_service_status,sat_service_status:BV-CELLBATCH-000165:0002,USR-042,"[""BV-CELLBATCH-000165"",""BV-RECYCLINGORDER-000165""]"
CELLBATCH-000165,Second-Life Assessment Failed,2023-02-05T23:51:00Z,sat_recall_status,sat_recall_status:BV-CELLBATCH-000165:0002,USR-058,"[""BV-CELLBATCH-000165"",""BV-SECONDLIFESYSTEM-000165"",""BV-BATTERYPASSPORT-000165""]"
CELLBATCH-000270,Battery Pack Failed Test,2023-02-06T00:13:00Z,sat_shipment_status,sat_shipment_status:BV-CELLBATCH-000270:0001,USR-027,"[""BV-CELLBATCH-000270"",""BV-WARRANTYCLAIM-000270""]"
CELLBATCH-000226,Firmware Rolled Back,2023-02-06T00:44:00Z,sat_service_status,sat_service_status:BV-CELLBATCH-000226:0002,USR-063,"[""BV-CELLBATCH-000226"",""BV-RECYCLINGORDER-000226"",""BV-VEHICLE-000226""]"
CELLBATCH-000272,Battery Pack Failed Test,2023-02-06T06:15:00Z,sat_shipment_status,sat_shipment_status:BV-CELLBATCH-000272:0001,USR-061,"[""BV-CELLBATCH-000272"",""BV-WARRANTYCLAIM-000272"",""BV-CERTIFICATE-000272""]"
CELLBATCH-000274,Battery Pack Failed Test,2023-02-06T12:17:00Z,sat_shipment_status,sat_shipment_status:BV-CELLBATCH-000274:0001,USR-095,"[""BV-CELLBATCH-000274"",""BV-WARRANTYCLAIM-000274""]"
CELLBATCH-000170,Battery Pack Failed Test,2023-02-06T13:00:00Z,sat_shipment_status,sat_shipment_status:BV-CELLBATCH-000170:0002,USR-105,"[""BV-CELLBATCH-000170"",""BV-WARRANTYCLAIM-000170"",""BV-CERTIFICATE-000170""]"
CELLBATCH-000170,Firmware Installation Failed,2023-02-06T13:37:00Z,sat_diagnostic_result,sat_diagnostic_result:BV-CELLBATCH-000170:0002,USR-126,"[""BV-CELLBATCH-000170"",""BV-SECONDLIFESYSTEM-000170""]"
CELLBATCH-000170,Firmware Rolled Back,2023-02-06T14:14:00Z,sat_service_status,sat_service_status:BV-CELLBATCH-000170:0004,USR-127,"[""BV-CELLBATCH-000170"",""BV-RECYCLINGORDER-000170"",""BV-VEHICLE-000170""]"
CELLBATCH-000170,Second-Life Assessment Failed,2023-02-06T14:51:00Z,sat_recall_status,sat_recall_status:BV-CELLBATCH-000170:0001,USR-016,"[""BV-CELLBATCH-000170"",""BV-SECONDLIFESYSTEM-000170""]"
CELLBATCH-000276,Battery Pack Failed Test,2023-02-06T18:19:00Z,sat_shipment_status,sat_shipment_status:BV-CELLBATCH-000276:0001,USR-002,"[""BV-CELLBATCH-000276"",""BV-WARRANTYCLAIM-000276"",""BV-CERTIFICATE-000276""]"
CELLBATCH-000233,Firmware Rolled Back,2023-02-06T21:51:00Z,sat_service_status,sat_service_status:BV-CELLBATCH-000233:0002,USR-055,"[""BV-CELLBATCH-000233"",""BV-RECYCLINGORDER-000233""]"
CELLBATCH-000278,Battery Pack Failed Test,2023-02-07T00:21:00Z,sat_shipment_status,sat_shipment_status:BV-CELLBATCH-000278:0001,USR-036,"[""BV-CELLBATCH-000278"",""BV-WARRANTYCLAIM-000278""]"
CELLBATCH-000175,Battery Pack Failed Test,2023-02-07T04:00:00Z,sat_shipment_status,sat_shipment_status:BV-CELLBATCH-000175:0002,USR-063,"[""BV-CELLBATCH-000175"",""BV-WARRANTYCLAIM-000175"",""BV-CERTIFICATE-000175""]"
CELLBATCH-000175,Firmware Installation Failed,2023-02-07T04:37:00Z,sat_diagnostic_result,sat_diagnostic_result:BV-CELLBATCH-000175:0002,USR-084,"[""BV-CELLBATCH-000175"",""BV-SECONDLIFESYSTEM-000175""]"
CELLBATCH-000175,Firmware Rolled Back,2023-02-07T05:14:00Z,sat_service_status,sat_service_status:BV-CELLBATCH-000175:0002,USR-085,"[""BV-CELLBATCH-000175"",""BV-RECYCLINGORDER-000175""]"
CELLBATCH-000175,Second-Life Assessment Failed,2023-02-07T05:51:00Z,sat_recall_status,sat_recall_status:BV-CELLBATCH-000175:0002,USR-101,"[""BV-CELLBATCH-000175"",""BV-SECONDLIFESYSTEM-000175"",""BV-BATTERYPASSPORT-000175""]"
CELLBATCH-000280,Battery Pack Failed Test,2023-02-07T06:23:00Z,sat_shipment_status,sat_shipment_status:BV-CELLBATCH-000280:0001,USR-070,"[""BV-CELLBATCH-000280"",""BV-WARRANTYCLAIM-000280"",""BV-CERTIFICATE-000280""]"
CELLBATCH-000282,Battery Pack Failed Test,2023-02-07T12:25:00Z,sat_shipment_status,sat_shipment_status:BV-CELLBATCH-000282:0001,USR-104,"[""BV-CELLBATCH-000282"",""BV-WARRANTYCLAIM-000282"",""BV-CERTIFICATE-000282""]"
CELLBATCH-000240,Firmware Rolled Back,2023-02-07T18:05:00Z,sat_service_status,sat_service_status:BV-CELLBATCH-000240:0002,USR-047,"[""BV-CELLBATCH-000240"",""BV-RECYCLINGORDER-000240"",""BV-VEHICLE-000240""]"
CELLBATCH-000284,Battery Pack Failed Test,2023-02-07T18:27:00Z,sat_shipment_status,sat_shipment_status:BV-CELLBATCH-000284:0001,USR-011,"[""BV-CELLBATCH-000284"",""BV-WARRANTYCLAIM-000284"",""BV-CERTIFICATE-000284""]"
CELLBATCH-000208,Second-Life Assessment Failed,2023-02-07T18:42:00Z,sat_recall_status,sat_recall_status:BV-CELLBATCH-000208:0001,USR-027,"[""BV-CELLBATCH-000208"",""BV-SECONDLIFESYSTEM-000208""]"
CELLBATCH-000180,Battery Pack Failed Test,2023-02-07T19:00:00Z,sat_shipment_status,sat_shipment_status:BV-CELLBATCH-000180:0002,USR-021,"[""BV-CELLBATCH-000180"",""BV-WARRANTYCLAIM-000180"",""BV-CERTIFICATE-000180""]"
CELLBATCH-000180,Firmware Installation Failed,2023-02-07T19:37:00Z,sat_diagnostic_result,sat_diagnostic_result:BV-CELLBATCH-000180:0002,USR-042,"[""BV-CELLBATCH-000180"",""BV-SECONDLIFESYSTEM-000180""]"
CELLBATCH-000180,Firmware Rolled Back,2023-02-07T20:14:00Z,sat_service_status,sat_service_status:BV-CELLBATCH-000180:0002,USR-043,"[""BV-CELLBATCH-000180"",""BV-RECYCLINGORDER-000180""]"
CELLBATCH-000180,Second-Life Assessment Failed,2023-02-07T20:51:00Z,sat_recall_status,sat_recall_status:BV-CELLBATCH-000180:0001,USR-059,"[""BV-CELLBATCH-000180"",""BV-SECONDLIFESYSTEM-000180"",""BV-BATTERYPASSPORT-000180""]"
CELLBATCH-000286,Battery Pack Failed Test,2023-02-08T00:29:00Z,sat_shipment_status,sat_shipment_status:BV-CELLBATCH-000286:0001,USR-045,"[""BV-CELLBATCH-000286"",""BV-WARRANTYCLAIM-000286""]"
CELLBATCH-000288,Battery Pack Failed Test,2023-02-08T06:31:00Z,sat_shipment_status,sat_shipment_status:BV-CELLBATCH-000288:0001,USR-079,"[""BV-CELLBATCH-000288"",""BV-WARRANTYCLAIM-000288"",""BV-CERTIFICATE-000288""]"
CELLBATCH-000185,Battery Pack Failed Test,2023-02-08T10:00:00Z,sat_shipment_status,sat_shipment_status:BV-CELLBATCH-000185:0002,USR-106,"[""BV-CELLBATCH-000185"",""BV-WARRANTYCLAIM-000185"",""BV-CERTIFICATE-000185""]"
CELLBATCH-000185,Firmware Installation Failed,2023-02-08T10:37:00Z,sat_diagnostic_result,sat_diagnostic_result:BV-CELLBATCH-000185:0003,USR-127,"[""BV-CELLBATCH-000185"",""BV-SECONDLIFESYSTEM-000185""]"
CELLBATCH-000185,Firmware Rolled Back,2023-02-08T11:14:00Z,sat_service_status,sat_service_status:BV-CELLBATCH-000185:0002,USR-001,"[""BV-CELLBATCH-000185"",""BV-RECYCLINGORDER-000185""]"
CELLBATCH-000185,Second-Life Assessment Failed,2023-02-08T11:51:00Z,sat_recall_status,sat_recall_status:BV-CELLBATCH-000185:0002,USR-017,"[""BV-CELLBATCH-000185"",""BV-SECONDLIFESYSTEM-000185"",""BV-BATTERYPASSPORT-000185""]"
CELLBATCH-000290,Battery Pack Failed Test,2023-02-08T12:33:00Z,sat_shipment_status,sat_shipment_status:BV-CELLBATCH-000290:0001,USR-113,"[""BV-CELLBATCH-000290"",""BV-WARRANTYCLAIM-000290""]"
CELLBATCH-000247,Firmware Rolled Back,2023-02-08T15:12:00Z,sat_service_status,sat_service_status:BV-CELLBATCH-000247:0002,USR-039,"[""BV-CELLBATCH-000247"",""BV-RECYCLINGORDER-000247""]"
CELLBATCH-000292,Battery Pack Failed Test,2023-02-08T18:35:00Z,sat_shipment_status,sat_shipment_status:BV-CELLBATCH-000292:0001,USR-020,"[""BV-CELLBATCH-000292"",""BV-WARRANTYCLAIM-000292""]"
CELLBATCH-000252,Firmware Installation Failed,2023-02-09T00:16:00Z,sat_diagnostic_result,sat_diagnostic_result:BV-CELLBATCH-000252:0002,USR-123,"[""BV-CELLBATCH-000252"",""BV-SECONDLIFESYSTEM-000252""]"
CELLBATCH-000294,Battery Pack Failed Test,2023-02-09T00:37:00Z,sat_shipment_status,sat_shipment_status:BV-CELLBATCH-000294:0001,USR-054,"[""BV-CELLBATCH-000294"",""BV-WARRANTYCLAIM-000294"",""BV-CERTIFICATE-000294""]"
CELLBATCH-000190,Battery Pack Failed Test,2023-02-09T01:00:00Z,sat_shipment_status,sat_shipment_status:BV-CELLBATCH-000190:0002,USR-064,"[""BV-CELLBATCH-000190"",""BV-WARRANTYCLAIM-000190"",""BV-CERTIFICATE-000190""]"
CELLBATCH-000190,Firmware Installation Failed,2023-02-09T01:37:00Z,sat_diagnostic_result,sat_diagnostic_result:BV-CELLBATCH-000190:0002,USR-085,"[""BV-CELLBATCH-000190"",""BV-SECONDLIFESYSTEM-000190""]"
CELLBATCH-000190,Firmware Rolled Back,2023-02-09T02:14:00Z,sat_service_status,sat_service_status:BV-CELLBATCH-000190:0002,USR-086,"[""BV-CELLBATCH-000190"",""BV-RECYCLINGORDER-000190"",""BV-VEHICLE-000190""]"
CELLBATCH-000190,Second-Life Assessment Failed,2023-02-09T02:51:00Z,sat_recall_status,sat_recall_status:BV-CELLBATCH-000190:0001,USR-102,"[""BV-CELLBATCH-000190"",""BV-SECONDLIFESYSTEM-000190""]"
CELLBATCH-000296,Battery Pack Failed Test,2023-02-09T06:39:00Z,sat_shipment_status,sat_shipment_status:BV-CELLBATCH-000296:0001,USR-088,"[""BV-CELLBATCH-000296"",""BV-WARRANTYCLAIM-000296""]"
CELLBATCH-000254,Firmware Rolled Back,2023-02-09T12:19:00Z,sat_service_status,sat_service_status:BV-CELLBATCH-000254:0002,USR-031,"[""BV-CELLBATCH-000254"",""BV-RECYCLINGORDER-000254"",""BV-VEHICLE-000254""]"
CELLBATCH-000298,Battery Pack Failed Test,2023-02-09T12:41:00Z,sat_shipment_status,sat_shipment_status:BV-CELLBATCH-000298:0001,USR-122,"[""BV-CELLBATCH-000298"",""BV-WARRANTYCLAIM-000298""]"
CELLBATCH-000195,Battery Pack Failed Test,2023-02-09T16:00:00Z,sat_shipment_status,sat_shipment_status:BV-CELLBATCH-000195:0001,USR-022,"[""BV-CELLBATCH-000195"",""BV-WARRANTYCLAIM-000195""]"
CELLBATCH-000195,Firmware Installation Failed,2023-02-09T16:37:00Z,sat_diagnostic_result,sat_diagnostic_result:BV-CELLBATCH-000195:0002,USR-043,"[""BV-CELLBATCH-000195"",""BV-SECONDLIFESYSTEM-000195"",""BV-BATTERYPASSPORT-000195""]"
CELLBATCH-000195,Firmware Rolled Back,2023-02-09T17:14:00Z,sat_service_status,sat_service_status:BV-CELLBATCH-000195:0002,USR-044,"[""BV-CELLBATCH-000195"",""BV-RECYCLINGORDER-000195""]"
CELLBATCH-000195,Second-Life Assessment Failed,2023-02-09T17:51:00Z,sat_recall_status,sat_recall_status:BV-CELLBATCH-000195:0003,USR-060,"[""BV-CELLBATCH-000195"",""BV-SECONDLIFESYSTEM-000195""]"
CELLBATCH-000300,Battery Pack Failed Test,2023-02-09T18:43:00Z,sat_shipment_status,sat_shipment_status:BV-CELLBATCH-000300:0001,USR-029,"[""BV-CELLBATCH-000300"",""BV-WARRANTYCLAIM-000300""]"
CELLBATCH-000302,Battery Pack Failed Test,2023-02-10T00:45:00Z,sat_shipment_status,sat_shipment_status:BV-CELLBATCH-000302:0001,USR-063,"[""BV-CELLBATCH-000302"",""BV-WARRANTYCLAIM-000302"",""BV-CERTIFICATE-000302""]"
CELLBATCH-000304,Battery Pack Failed Test,2023-02-10T06:47:00Z,sat_shipment_status,sat_shipment_status:BV-CELLBATCH-000304:0001,USR-097,"[""BV-CELLBATCH-000304"",""BV-WARRANTYCLAIM-000304"",""BV-CERTIFICATE-000304""]"
CELLBATCH-000200,Battery Pack Failed Test,2023-02-10T07:00:00Z,sat_shipment_status,sat_shipment_status:BV-CELLBATCH-000200:0002,USR-107,"[""BV-CELLBATCH-000200"",""BV-WARRANTYCLAIM-000200""]"
CELLBATCH-000200,Firmware Installation Failed,2023-02-10T07:37:00Z,sat_diagnostic_result,sat_diagnostic_result:BV-CELLBATCH-000200:0002,USR-001,"[""BV-CELLBATCH-000200"",""BV-SECONDLIFESYSTEM-000200""]"
CELLBATCH-000200,Firmware Rolled Back,2023-02-10T08:14:00Z,sat_service_status,sat_service_status:BV-CELLBATCH-000200:0002,USR-002,"[""BV-CELLBATCH-000200"",""BV-RECYCLINGORDER-000200"",""BV-VEHICLE-000200""]"
CELLBATCH-000200,Second-Life Assessment Failed,2023-02-10T08:51:00Z,sat_recall_status,sat_recall_status:BV-CELLBATCH-000200:0002,USR-018,"[""BV-CELLBATCH-000200"",""BV-SECONDLIFESYSTEM-000200""]"
CELLBATCH-000261,Firmware Rolled Back,2023-02-10T09:26:00Z,sat_service_status,sat_service_status:BV-CELLBATCH-000261:0002,USR-023,"[""BV-CELLBATCH-000261"",""BV-RECYCLINGORDER-000261""]"
CELLBATCH-000306,Battery Pack Failed Test,2023-02-10T12:49:00Z,sat_shipment_status,sat_shipment_status:BV-CELLBATCH-000306:0001,USR-004,"[""BV-CELLBATCH-000306"",""BV-WARRANTYCLAIM-000306""]"
CELLBATCH-000308,Battery Pack Failed Test,2023-02-10T18:51:00Z,sat_shipment_status,sat_shipment_status:BV-CELLBATCH-000308:0001,USR-038,"[""BV-CELLBATCH-000308"",""BV-WARRANTYCLAIM-000308"",""BV-CERTIFICATE-000308""]"
CELLBATCH-000205,Battery Pack Failed Test,2023-02-10T22:00:00Z,sat_shipment_status,sat_shipment_status:BV-CELLBATCH-000205:0001,USR-065,"[""BV-CELLBATCH-000205"",""BV-WARRANTYCLAIM-000205"",""BV-CERTIFICATE-000205""]"
CELLBATCH-000205,Firmware Installation Failed,2023-02-10T22:37:00Z,sat_diagnostic_result,sat_diagnostic_result:BV-CELLBATCH-000205:0002,USR-086,"[""BV-CELLBATCH-000205"",""BV-SECONDLIFESYSTEM-000205""]"
CELLBATCH-000205,Firmware Rolled Back,2023-02-10T23:14:00Z,sat_service_status,sat_service_status:BV-CELLBATCH-000205:0003,USR-087,"[""BV-CELLBATCH-000205"",""BV-RECYCLINGORDER-000205"",""BV-VEHICLE-000205""]"
CELLBATCH-000205,Second-Life Assessment Failed,2023-02-10T23:51:00Z,sat_recall_status,sat_recall_status:BV-CELLBATCH-000205:0002,USR-103,"[""BV-CELLBATCH-000205"",""BV-SECONDLIFESYSTEM-000205""]"
CELLBATCH-000310,Battery Pack Failed Test,2023-02-11T00:00:00Z,sat_shipment_status,sat_shipment_status:BV-CELLBATCH-000310:0001,USR-072,"[""BV-CELLBATCH-000310"",""BV-WARRANTYCLAIM-000310"",""BV-CERTIFICATE-000310""]"
CELLBATCH-000312,Battery Pack Failed Test,2023-02-11T06:02:00Z,sat_shipment_status,sat_shipment_status:BV-CELLBATCH-000312:0001,USR-106,"[""BV-CELLBATCH-000312"",""BV-WARRANTYCLAIM-000312""]"
CELLBATCH-000268,Firmware Rolled Back,2023-02-11T06:33:00Z,sat_service_status,sat_service_status:BV-CELLBATCH-000268:0002,USR-015,"[""BV-CELLBATCH-000268"",""BV-RECYCLINGORDER-000268"",""BV-VEHICLE-000268""]"
CELLBATCH-000314,Battery Pack Failed Test,2023-02-11T12:04:00Z,sat_shipment_status,sat_shipment_status:BV-CELLBATCH-000314:0001,USR-013,"[""BV-CELLBATCH-000314"",""BV-WARRANTYCLAIM-000314""]"
CELLBATCH-000210,Battery Pack Failed Test,2023-02-11T13:00:00Z,sat_shipment_status,sat_shipment_status:BV-CELLBATCH-000210:0003,USR-023,"[""BV-CELLBATCH-000210"",""BV-WARRANTYCLAIM-000210""]"
CELLBATCH-000210,Firmware Installation Failed,2023-02-11T13:37:00Z,sat_diagnostic_result,sat_diagnostic_result:BV-CELLBATCH-000210:0002,USR-044,"[""BV-CELLBATCH-000210"",""BV-SECONDLIFESYSTEM-000210"",""BV-BATTERYPASSPORT-000210""]"
CELLBATCH-000210,Firmware Rolled Back,2023-02-11T14:14:00Z,sat_service_status,sat_service_status:BV-CELLBATCH-000210:0002,USR-045,"[""BV-CELLBATCH-000210"",""BV-RECYCLINGORDER-000210""]"
CELLBATCH-000210,Second-Life Assessment Failed,2023-02-11T14:51:00Z,sat_recall_status,sat_recall_status:BV-CELLBATCH-000210:0001,USR-061,"[""BV-CELLBATCH-000210"",""BV-SECONDLIFESYSTEM-000210"",""BV-BATTERYPASSPORT-000210""]"
CELLBATCH-000239,Second-Life Assessment Failed,2023-02-11T15:20:00Z,sat_recall_status,sat_recall_status:BV-CELLBATCH-000239:0002,USR-046,"[""BV-CELLBATCH-000239"",""BV-SECONDLIFESYSTEM-000239"",""BV-BATTERYPASSPORT-000239""]"
CELLBATCH-000316,Battery Pack Failed Test,2023-02-11T18:06:00Z,sat_shipment_status,sat_shipment_status:BV-CELLBATCH-000316:0001,USR-047,"[""BV-CELLBATCH-000316"",""BV-WARRANTYCLAIM-000316""]"
CELLBATCH-000318,Battery Pack Failed Test,2023-02-12T00:08:00Z,sat_shipment_status,sat_shipment_status:BV-CELLBATCH-000318:0001,USR-081,"[""BV-CELLBATCH-000318"",""BV-WARRANTYCLAIM-000318""]"
CELLBATCH-000275,Firmware Rolled Back,2023-02-12T03:40:00Z,sat_service_status,sat_service_status:BV-CELLBATCH-000275:0002,USR-007,"[""BV-CELLBATCH-000275"",""BV-RECYCLINGORDER-000275"",""BV-VEHICLE-000275""]"
CELLBATCH-000215,Battery Pack Failed Test,2023-02-12T04:00:00Z,sat_shipment_status,sat_shipment_status:BV-CELLBATCH-000215:0001,USR-108,"[""BV-CELLBATCH-000215"",""BV-WARRANTYCLAIM-000215"",""BV-CERTIFICATE-000215""]"
CELLBATCH-000215,Firmware Installation Failed,2023-02-12T04:37:00Z,sat_diagnostic_result,sat_diagnostic_result:BV-CELLBATCH-000215:0004,USR-002,"[""BV-CELLBATCH-000215"",""BV-SECONDLIFESYSTEM-000215""]"
CELLBATCH-000215,Firmware Rolled Back,2023-02-12T05:14:00Z,sat_service_status,sat_service_status:BV-CELLBATCH-000215:0002,USR-003,"[""BV-CELLBATCH-000215"",""BV-RECYCLINGORDER-000215""]"
CELLBATCH-000215,Second-Life Assessment Failed,2023-02-12T05:51:00Z,sat_recall_status,sat_recall_status:BV-CELLBATCH-000215:0002,USR-019,"[""BV-CELLBATCH-000215"",""BV-SECONDLIFESYSTEM-000215"",""BV-BATTERYPASSPORT-000215""]"
CELLBATCH-000320,Battery Pack Failed Test,2023-02-12T06:10:00Z,sat_shipment_status,sat_shipment_status:BV-CELLBATCH-000320:0001,USR-115,"[""BV-CELLBATCH-000320"",""BV-WARRANTYCLAIM-000320"",""BV-CERTIFICATE-000320""]"
CELLBATCH-000322,Battery Pack Failed Test,2023-02-12T12:12:00Z,sat_shipment_status,sat_shipment_status:BV-CELLBATCH-000322:0001,USR-022,"[""BV-CELLBATCH-000322"",""BV-WARRANTYCLAIM-000322""]"
CELLBATCH-000324,Battery Pack Failed Test,2023-02-12T18:14:00Z,sat_shipment_status,sat_shipment_status:BV-CELLBATCH-000324:0001,USR-056,"[""BV-CELLBATCH-000324"",""BV-WARRANTYCLAIM-000324""]"
CELLBATCH-000220,Battery Pack Failed Test,2023-02-12T19:00:00Z,sat_shipment_status,sat_shipment_status:BV-CELLBATCH-000220:0002,USR-066,"[""BV-CELLBATCH-000220"",""BV-WARRANTYCLAIM-000220""]"
CELLBATCH-000220,Firmware Installation Failed,2023-02-12T19:37:00Z,sat_diagnostic_result,sat_diagnostic_result:BV-CELLBATCH-000220:0002,USR-087,"[""BV-CELLBATCH-000220"",""BV-SECONDLIFESYSTEM-000220""]"
CELLBATCH-000220,Firmware Rolled Back,2023-02-12T20:14:00Z,sat_service_status,sat_service_status:BV-CELLBATCH-000220:0003,USR-088,"[""BV-CELLBATCH-000220"",""BV-RECYCLINGORDER-000220"",""BV-VEHICLE-000220""]"
CELLBATCH-000220,Second-Life Assessment Failed,2023-02-12T20:51:00Z,sat_recall_status,sat_recall_status:BV-CELLBATCH-000220:0001,USR-104,"[""BV-CELLBATCH-000220"",""BV-SECONDLIFESYSTEM-000220""]"
CELLBATCH-000326,Battery Pack Failed Test,2023-02-13T00:16:00Z,sat_shipment_status,sat_shipment_status:BV-CELLBATCH-000326:0001,USR-090,"[""BV-CELLBATCH-000326"",""BV-WARRANTYCLAIM-000326"",""BV-CERTIFICATE-000326""]"
CELLBATCH-000282,Firmware Rolled Back,2023-02-13T00:47:00Z,sat_service_status,sat_service_status:BV-CELLBATCH-000282:0002,USR-126,"[""BV-CELLBATCH-000282"",""BV-RECYCLINGORDER-000282"",""BV-VEHICLE-000282""]"
CELLBATCH-000328,Battery Pack Failed Test,2023-02-13T06:18:00Z,sat_shipment_status,sat_shipment_status:BV-CELLBATCH-000328:0001,USR-124,"[""BV-CELLBATCH-000328"",""BV-WARRANTYCLAIM-000328""]"
CELLBATCH-000225,Battery Pack Failed Test,2023-02-13T10:00:00Z,sat_shipment_status,sat_shipment_status:BV-CELLBATCH-000225:0001,USR-024,"[""BV-CELLBATCH-000225"",""BV-WARRANTYCLAIM-000225""]"
CELLBATCH-000225,Firmware Installation Failed,2023-02-13T10:37:00Z,sat_diagnostic_result,sat_diagnostic_result:BV-CELLBATCH-000225:0002,USR-045,"[""BV-CELLBATCH-000225"",""BV-SECONDLIFESYSTEM-000225"",""BV-BATTERYPASSPORT-000225""]"
CELLBATCH-000225,Firmware Rolled Back,2023-02-13T11:14:00Z,sat_service_status,sat_service_status:BV-CELLBATCH-000225:0002,USR-046,"[""BV-CELLBATCH-000225"",""BV-RECYCLINGORDER-000225""]"
CELLBATCH-000225,Second-Life Assessment Failed,2023-02-13T11:51:00Z,sat_recall_status,sat_recall_status:BV-CELLBATCH-000225:0002,USR-062,"[""BV-CELLBATCH-000225"",""BV-SECONDLIFESYSTEM-000225"",""BV-BATTERYPASSPORT-000225""]"
CELLBATCH-000330,Battery Pack Failed Test,2023-02-13T12:20:00Z,sat_shipment_status,sat_shipment_status:BV-CELLBATCH-000330:0001,USR-031,"[""BV-CELLBATCH-000330"",""BV-WARRANTYCLAIM-000330"",""BV-CERTIFICATE-000330""]"
CELLBATCH-000289,Firmware Installation Failed,2023-02-13T15:00:00Z,sat_diagnostic_result,sat_diagnostic_result:BV-CELLBATCH-000289:0002,USR-117,"[""BV-CELLBATCH-000289"",""BV-SECONDLIFESYSTEM-000289"",""BV-BATTERYPASSPORT-000289""]"
CELLBATCH-000332,Battery Pack Failed Test,2023-02-13T18:22:00Z,sat_shipment_status,sat_shipment_status:BV-CELLBATCH-000332:0001,USR-065,"[""BV-CELLBATCH-000332"",""BV-WARRANTYCLAIM-000332""]"
CELLBATCH-000289,Firmware Rolled Back,2023-02-13T21:01:00Z,sat_service_status,sat_service_status:BV-CELLBATCH-000289:0002,USR-118,"[""BV-CELLBATCH-000289"",""BV-RECYCLINGORDER-000289""]"
CELLBATCH-000334,Battery Pack Failed Test,2023-02-14T00:24:00Z,sat_shipment_status,sat_shipment_status:BV-CELLBATCH-000334:0001,USR-099,"[""BV-CELLBATCH-000334"",""BV-WARRANTYCLAIM-000334"",""BV-CERTIFICATE-000334""]"
CELLBATCH-000230,Battery Pack Failed Test,2023-02-14T01:00:00Z,sat_shipment_status,sat_shipment_status:BV-CELLBATCH-000230:0002,USR-109,"[""BV-CELLBATCH-000230"",""BV-WARRANTYCLAIM-000230""]"
CELLBATCH-000230,Firmware Installation Failed,2023-02-14T01:37:00Z,sat_diagnostic_result,sat_diagnostic_result:BV-CELLBATCH-000230:0002,USR-003,"[""BV-CELLBATCH-000230"",""BV-SECONDLIFESYSTEM-000230""]"
CELLBATCH-000230,Firmware Rolled Back,2023-02-14T02:14:00Z,sat_service_status,sat_service_status:BV-CELLBATCH-000230:0002,USR-004,"[""BV-CELLBATCH-000230"",""BV-RECYCLINGORDER-000230"",""BV-VEHICLE-000230""]"
CELLBATCH-000230,Second-Life Assessment Failed,2023-02-14T02:51:00Z,sat_recall_status,sat_recall_status:BV-CELLBATCH-000230:0001,USR-020,"[""BV-CELLBATCH-000230"",""BV-SECONDLIFESYSTEM-000230""]"
CELLBATCH-000336,Battery Pack Failed Test,2023-02-14T06:26:00Z,sat_shipment_status,sat_shipment_status:BV-CELLBATCH-000336:0001,USR-006,"[""BV-CELLBATCH-000336"",""BV-WARRANTYCLAIM-000336""]"
CELLBATCH-000338,Battery Pack Failed Test,2023-02-14T12:28:00Z,sat_shipment_status,sat_shipment_status:BV-CELLBATCH-000338:0001,USR-040,"[""BV-CELLBATCH-000338"",""BV-WARRANTYCLAIM-000338"",""BV-CERTIFICATE-000338""]"
CELLBATCH-000235,Battery Pack Failed Test,2023-02-14T16:00:00Z,sat_shipment_status,sat_shipment_status:BV-CELLBATCH-000235:0001,USR-067,"[""BV-CELLBATCH-000235"",""BV-WARRANTYCLAIM-000235"",""BV-CERTIFICATE-000235""]"
CELLBATCH-000235,Firmware Installation Failed,2023-02-14T16:37:00Z,sat_diagnostic_result,sat_diagnostic_result:BV-CELLBATCH-000235:0002,USR-088,"[""BV-CELLBATCH-000235"",""BV-SECONDLIFESYSTEM-000235""]"
CELLBATCH-000235,Firmware Rolled Back,2023-02-14T17:14:00Z,sat_service_status,sat_service_status:BV-CELLBATCH-000235:0002,USR-089,"[""BV-CELLBATCH-000235"",""BV-RECYCLINGORDER-000235"",""BV-VEHICLE-000235""]"
CELLBATCH-000235,Second-Life Assessment Failed,2023-02-14T17:51:00Z,sat_recall_status,sat_recall_status:BV-CELLBATCH-000235:0002,USR-105,"[""BV-CELLBATCH-000235"",""BV-SECONDLIFESYSTEM-000235""]"
CELLBATCH-000296,Firmware Rolled Back,2023-02-14T18:08:00Z,sat_service_status,sat_service_status:BV-CELLBATCH-000296:0002,USR-110,"[""BV-CELLBATCH-000296"",""BV-RECYCLINGORDER-000296""]"
CELLBATCH-000340,Battery Pack Failed Test,2023-02-14T18:30:00Z,sat_shipment_status,sat_shipment_status:BV-CELLBATCH-000340:0001,USR-074,"[""BV-CELLBATCH-000340"",""BV-WARRANTYCLAIM-000340""]"
CELLBATCH-000342,Battery Pack Failed Test,2023-02-15T00:32:00Z,sat_shipment_status,sat_shipment_status:BV-CELLBATCH-000342:0001,USR-108,"[""BV-CELLBATCH-000342"",""BV-WARRANTYCLAIM-000342"",""BV-CERTIFICATE-000342""]"
CELLBATCH-000344,Battery Pack Failed Test,2023-02-15T06:34:00Z,sat_shipment_status,sat_shipment_status:BV-CELLBATCH-000344:0001,USR-015,"[""BV-CELLBATCH-000344"",""BV-WARRANTYCLAIM-000344"",""BV-CERTIFICATE-000344""]"
CELLBATCH-000240,Battery Pack Failed Test,2023-02-15T07:00:00Z,sat_shipment_status,sat_shipment_status:BV-CELLBATCH-000240:0003,USR-025,"[""BV-CELLBATCH-000240"",""BV-WARRANTYCLAIM-000240"",""BV-CERTIFICATE-000240""]"
CELLBATCH-000240,Firmware Installation Failed,2023-02-15T07:37:00Z,sat_diagnostic_result,sat_diagnostic_result:BV-CELLBATCH-000240:0002,USR-046,"[""BV-CELLBATCH-000240"",""BV-SECONDLIFESYSTEM-000240""]"
CELLBATCH-000240,Firmware Rolled Back,2023-02-15T08:14:00Z,sat_service_status,sat_service_status:BV-CELLBATCH-000240:0003,USR-047,"[""BV-CELLBATCH-000240"",""BV-RECYCLINGORDER-000240"",""BV-VEHICLE-000240""]"
CELLBATCH-000240,Second-Life Assessment Failed,2023-02-15T08:51:00Z,sat_recall_status,sat_recall_status:BV-CELLBATCH-000240:0001,USR-063,"[""BV-CELLBATCH-000240"",""BV-SECONDLIFESYSTEM-000240""]"
CELLBATCH-000346,Battery Pack Failed Test,2023-02-15T12:36:00Z,sat_shipment_status,sat_shipment_status:BV-CELLBATCH-000346:0001,USR-049,"[""BV-CELLBATCH-000346"",""BV-WARRANTYCLAIM-000346""]"
CELLBATCH-000270,Second-Life Assessment Failed,2023-02-15T12:51:00Z,sat_recall_status,sat_recall_status:BV-CELLBATCH-000270:0001,USR-065,"[""BV-CELLBATCH-000270"",""BV-SECONDLIFESYSTEM-000270"",""BV-BATTERYPASSPORT-000270""]"
CELLBATCH-000303,Firmware Rolled Back,2023-02-15T15:15:00Z,sat_service_status,sat_service_status:BV-CELLBATCH-000303:0002,USR-102,"[""BV-CELLBATCH-000303"",""BV-RECYCLINGORDER-000303""]"
CELLBATCH-000348,Battery Pack Failed Test,2023-02-15T18:38:00Z,sat_shipment_status,sat_shipment_status:BV-CELLBATCH-000348:0001,USR-083,"[""BV-CELLBATCH-000348"",""BV-WARRANTYCLAIM-000348"",""BV-CERTIFICATE-000348""]"
CELLBATCH-000245,Battery Pack Failed Test,2023-02-15T22:00:00Z,sat_shipment_status,sat_shipment_status:BV-CELLBATCH-000245:0002,USR-110,"[""BV-CELLBATCH-000245"",""BV-WARRANTYCLAIM-000245""]"
CELLBATCH-000245,Firmware Installation Failed,2023-02-15T22:37:00Z,sat_diagnostic_result,sat_diagnostic_result:BV-CELLBATCH-000245:0002,USR-004,"[""BV-CELLBATCH-000245"",""BV-SECONDLIFESYSTEM-000245"",""BV-BATTERYPASSPORT-000245""]"
CELLBATCH-000245,Firmware Rolled Back,2023-02-15T23:14:00Z,sat_service_status,sat_service_status:BV-CELLBATCH-000245:0002,USR-005,"[""BV-CELLBATCH-000245"",""BV-RECYCLINGORDER-000245""]"
CELLBATCH-000245,Second-Life Assessment Failed,2023-02-15T23:51:00Z,sat_recall_status,sat_recall_status:BV-CELLBATCH-000245:0002,USR-021,"[""BV-CELLBATCH-000245"",""BV-SECONDLIFESYSTEM-000245""]"
CELLBATCH-000350,Battery Pack Failed Test,2023-02-16T00:40:00Z,sat_shipment_status,sat_shipment_status:BV-CELLBATCH-000350:0001,USR-117,"[""BV-CELLBATCH-000350"",""BV-WARRANTYCLAIM-000350"",""BV-CERTIFICATE-000350""]"
CELLBATCH-000352,Battery Pack Failed Test,2023-02-16T06:42:00Z,sat_shipment_status,sat_shipment_status:BV-CELLBATCH-000352:0001,USR-024,"[""BV-CELLBATCH-000352"",""BV-WARRANTYCLAIM-000352"",""BV-CERTIFICATE-000352""]"
CELLBATCH-000310,Firmware Rolled Back,2023-02-16T12:22:00Z,sat_service_status,sat_service_status:BV-CELLBATCH-000310:0002,USR-094,"[""BV-CELLBATCH-000310"",""BV-RECYCLINGORDER-000310""]"
CELLBATCH-000354,Battery Pack Failed Test,2023-02-16T12:44:00Z,sat_shipment_status,sat_shipment_status:BV-CELLBATCH-000354:0001,USR-058,"[""BV-CELLBATCH-000354"",""BV-WARRANTYCLAIM-000354""]"
CELLBATCH-000250,Battery Pack Failed Test,2023-02-16T13:00:00Z,sat_shipment_status,sat_shipment_status:BV-CELLBATCH-000250:0002,USR-068,"[""BV-CELLBATCH-000250"",""BV-WARRANTYCLAIM-000250""]"
CELLBATCH-000250,Firmware Installation Failed,2023-02-16T13:37:00Z,sat_diagnostic_result,sat_diagnostic_result:BV-CELLBATCH-000250:0002,USR-089,"[""BV-CELLBATCH-000250"",""BV-SECONDLIFESYSTEM-000250""]"
CELLBATCH-000250,Firmware Rolled Back,2023-02-16T14:14:00Z,sat_service_status,sat_service_status:BV-CELLBATCH-000250:0002,USR-090,"[""BV-CELLBATCH-000250"",""BV-RECYCLINGORDER-000250"",""BV-VEHICLE-000250""]"
CELLBATCH-000250,Second-Life Assessment Failed,2023-02-16T14:51:00Z,sat_recall_status,sat_recall_status:BV-CELLBATCH-000250:0001,USR-106,"[""BV-CELLBATCH-000250"",""BV-SECONDLIFESYSTEM-000250""]"
CELLBATCH-000356,Battery Pack Failed Test,2023-02-16T18:46:00Z,sat_shipment_status,sat_shipment_status:BV-CELLBATCH-000356:0001,USR-092,"[""BV-CELLBATCH-000356"",""BV-WARRANTYCLAIM-000356"",""BV-CERTIFICATE-000356""]"
CELLBATCH-000358,Battery Pack Failed Test,2023-02-17T00:48:00Z,sat_shipment_status,sat_shipment_status:BV-CELLBATCH-000358:0001,USR-126,"[""BV-CELLBATCH-000358"",""BV-WARRANTYCLAIM-000358"",""BV-CERTIFICATE-000358""]"
CELLBATCH-000255,Battery Pack Failed Test,2023-02-17T04:00:00Z,sat_shipment_status,sat_shipment_status:BV-CELLBATCH-000255:0001,USR-026,"[""BV-CELLBATCH-000255"",""BV-WARRANTYCLAIM-000255""]"
CELLBATCH-000255,Firmware Installation Failed,2023-02-17T04:37:00Z,sat_diagnostic_result,sat_diagnostic_result:BV-CELLBATCH-000255:0002,USR-047,"[""BV-CELLBATCH-000255"",""BV-SECONDLIFESYSTEM-000255"",""BV-BATTERYPASSPORT-000255""]"
CELLBATCH-000255,Firmware Rolled Back,2023-02-17T05:14:00Z,sat_service_status,sat_service_status:BV-CELLBATCH-000255:0002,USR-048,"[""BV-CELLBATCH-000255"",""BV-RECYCLINGORDER-000255""]"
CELLBATCH-000255,Second-Life Assessment Failed,2023-02-17T05:51:00Z,sat_recall_status,sat_recall_status:BV-CELLBATCH-000255:0002,USR-064,"[""BV-CELLBATCH-000255"",""BV-SECONDLIFESYSTEM-000255"",""BV-BATTERYPASSPORT-000255""]"
CELLBATCH-000360,Battery Pack Failed Test,2023-02-17T06:50:00Z,sat_shipment_status,sat_shipment_status:BV-CELLBATCH-000360:0001,USR-033,"[""BV-CELLBATCH-000360"",""BV-WARRANTYCLAIM-000360""]"
CELLBATCH-000317,Firmware Rolled Back,2023-02-17T09:29:00Z,sat_service_status,sat_service_status:BV-CELLBATCH-000317:0002,USR-086,"[""BV-CELLBATCH-000317"",""BV-RECYCLINGORDER-000317""]"
CELLBATCH-000362,Battery Pack Failed Test,2023-02-17T12:52:00Z,sat_shipment_status,sat_shipment_status:BV-CELLBATCH-000362:0001,USR-067,"[""BV-CELLBATCH-000362"",""BV-WARRANTYCLAIM-000362""]"
CELLBATCH-000364,Battery Pack Failed Test,2023-02-17T18:01:00Z,sat_shipment_status,sat_shipment_status:BV-CELLBATCH-000364:0001,USR-101,"[""BV-CELLBATCH-000364"",""BV-WARRANTYCLAIM-000364"",""BV-CERTIFICATE-000364""]"
CELLBATCH-000260,Battery Pack Failed Test,2023-02-17T19:00:00Z,sat_shipment_status,sat_shipment_status:BV-CELLBATCH-000260:0002,USR-111,"[""BV-CELLBATCH-000260"",""BV-WARRANTYCLAIM-000260""]"
CELLBATCH-000260,Firmware Installation Failed,2023-02-17T19:37:00Z,sat_diagnostic_result,sat_diagnostic_result:BV-CELLBATCH-000260:0002,USR-005,"[""BV-CELLBATCH-000260"",""BV-SECONDLIFESYSTEM-000260""]"
CELLBATCH-000260,Firmware Rolled Back,2023-02-17T20:14:00Z,sat_service_status,sat_service_status:BV-CELLBATCH-000260:0002,USR-006,"[""BV-CELLBATCH-000260"",""BV-RECYCLINGORDER-000260"",""BV-VEHICLE-000260""]"
CELLBATCH-000260,Second-Life Assessment Failed,2023-02-17T20:51:00Z,sat_recall_status,sat_recall_status:BV-CELLBATCH-000260:0002,USR-022,"[""BV-CELLBATCH-000260"",""BV-SECONDLIFESYSTEM-000260""]"
CELLBATCH-000366,Battery Pack Failed Test,2023-02-18T00:03:00Z,sat_shipment_status,sat_shipment_status:BV-CELLBATCH-000366:0001,USR-008,"[""BV-CELLBATCH-000366"",""BV-WARRANTYCLAIM-000366""]"
CELLBATCH-000368,Battery Pack Failed Test,2023-02-18T06:05:00Z,sat_shipment_status,sat_shipment_status:BV-CELLBATCH-000368:0001,USR-042,"[""BV-CELLBATCH-000368"",""BV-WARRANTYCLAIM-000368""]"
CELLBATCH-000324,Firmware Rolled Back,2023-02-18T06:36:00Z,sat_service_status,sat_service_status:BV-CELLBATCH-000324:0002,USR-078,"[""BV-CELLBATCH-000324"",""BV-RECYCLINGORDER-000324""]"
CELLBATCH-000326,Firmware Installation Failed,2023-02-18T06:37:00Z,sat_diagnostic_result,sat_diagnostic_result:BV-CELLBATCH-000326:0002,USR-111,"[""BV-CELLBATCH-000326"",""BV-SECONDLIFESYSTEM-000326""]"
CELLBATCH-000265,Battery Pack Failed Test,2023-02-18T10:00:00Z,sat_shipment_status,sat_shipment_status:BV-CELLBATCH-000265:0001,USR-069,"[""BV-CELLBATCH-000265"",""BV-WARRANTYCLAIM-000265""]"
CELLBATCH-000265,Firmware Installation Failed,2023-02-18T10:37:00Z,sat_diagnostic_result,sat_diagnostic_result:BV-CELLBATCH-000265:0002,USR-090,"[""BV-CELLBATCH-000265"",""BV-SECONDLIFESYSTEM-000265"",""BV-BATTERYPASSPORT-000265""]"
CELLBATCH-000265,Firmware Rolled Back,2023-02-18T11:14:00Z,sat_service_status,sat_service_status:BV-CELLBATCH-000265:0002,USR-091,"[""BV-CELLBATCH-000265"",""BV-RECYCLINGORDER-000265""]"
CELLBATCH-000265,Second-Life Assessment Failed,2023-02-18T11:51:00Z,sat_recall_status,sat_recall_status:BV-CELLBATCH-000265:0002,USR-107,"[""BV-CELLBATCH-000265"",""BV-SECONDLIFESYSTEM-000265""]"
CELLBATCH-000370,Battery Pack Failed Test,2023-02-18T12:07:00Z,sat_shipment_status,sat_shipment_status:BV-CELLBATCH-000370:0001,USR-076,"[""BV-CELLBATCH-000370"",""BV-WARRANTYCLAIM-000370""]"
CELLBATCH-000372,Battery Pack Failed Test,2023-02-18T18:09:00Z,sat_shipment_status,sat_shipment_status:BV-CELLBATCH-000372:0001,USR-110,"[""BV-CELLBATCH-000372"",""BV-WARRANTYCLAIM-000372""]"
CELLBATCH-000374,Battery Pack Failed Test,2023-02-19T00:11:00Z,sat_shipment_status,sat_shipment_status:BV-CELLBATCH-000374:0001,USR-017,"[""BV-CELLBATCH-000374"",""BV-WARRANTYCLAIM-000374""]"
CELLBATCH-000270,Battery Pack Failed Test,2023-02-19T01:00:00Z,sat_shipment_status,sat_shipment_status:BV-CELLBATCH-000270:0002,USR-027,"[""BV-CELLBATCH-000270"",""BV-WARRANTYCLAIM-000270""]"
CELLBATCH-000270,Firmware Installation Failed,2023-02-19T01:37:00Z,sat_diagnostic_result,sat_diagnostic_result:BV-CELLBATCH-000270:0003,USR-048,"[""BV-CELLBATCH-000270"",""BV-SECONDLIFESYSTEM-000270"",""BV-BATTERYPASSPORT-000270""]"
CELLBATCH-000270,Firmware Rolled Back,2023-02-19T02:14:00Z,sat_service_status,sat_service_status:BV-CELLBATCH-000270:0002,USR-049,"[""BV-CELLBATCH-000270"",""BV-RECYCLINGORDER-000270""]"
CELLBATCH-000270,Second-Life Assessment Failed,2023-02-19T02:51:00Z,sat_recall_status,sat_recall_status:BV-CELLBATCH-000270:0002,USR-065,"[""BV-CELLBATCH-000270"",""BV-SECONDLIFESYSTEM-000270""]"
CELLBATCH-000331,Firmware Rolled Back,2023-02-19T03:43:00Z,sat_service_status,sat_service_status:BV-CELLBATCH-000331:0003,USR-070,"[""BV-CELLBATCH-000331"",""BV-RECYCLINGORDER-000331"",""BV-VEHICLE-000331""]"
CELLBATCH-000376,Battery Pack Failed Test,2023-02-19T06:13:00Z,sat_shipment_status,sat_shipment_status:BV-CELLBATCH-000376:0001,USR-051,"[""BV-CELLBATCH-000376"",""BV-WARRANTYCLAIM-000376""]"
CELLBATCH-000301,Second-Life Assessment Failed,2023-02-19T09:29:00Z,sat_recall_status,sat_recall_status:BV-CELLBATCH-000301:0002,USR-084,"[""BV-CELLBATCH-000301"",""BV-SECONDLIFESYSTEM-000301"",""BV-BATTERYPASSPORT-000301""]"
CELLBATCH-000378,Battery Pack Failed Test,2023-02-19T12:15:00Z,sat_shipment_status,sat_shipment_status:BV-CELLBATCH-000378:0001,USR-085,"[""BV-CELLBATCH-000378"",""BV-WARRANTYCLAIM-000378"",""BV-CERTIFICATE-000378""]"
CELLBATCH-000275,Battery Pack Failed Test,2023-02-19T16:00:00Z,sat_shipment_status,sat_shipment_status:BV-CELLBATCH-000275:0001,USR-112,"[""BV-CELLBATCH-000275"",""BV-WARRANTYCLAIM-000275""]"
CELLBATCH-000275,Firmware Installation Failed,2023-02-19T16:37:00Z,sat_diagnostic_result,sat_diagnostic_result:BV-CELLBATCH-000275:0002,USR-006,"[""BV-CELLBATCH-000275"",""BV-SECONDLIFESYSTEM-000275"",""BV-BATTERYPASSPORT-000275""]"
CELLBATCH-000275,Firmware Rolled Back,2023-02-19T17:14:00Z,sat_service_status,sat_service_status:BV-CELLBATCH-000275:0003,USR-007,"[""BV-CELLBATCH-000275"",""BV-RECYCLINGORDER-000275""]"
CELLBATCH-000275,Second-Life Assessment Failed,2023-02-19T17:51:00Z,sat_recall_status,sat_recall_status:BV-CELLBATCH-000275:0002,USR-023,"[""BV-CELLBATCH-000275"",""BV-SECONDLIFESYSTEM-000275"",""BV-BATTERYPASSPORT-000275""]"
CELLBATCH-000380,Battery Pack Failed Test,2023-02-19T18:17:00Z,sat_shipment_status,sat_shipment_status:BV-CELLBATCH-000380:0001,USR-119,"[""BV-CELLBATCH-000380"",""BV-WARRANTYCLAIM-000380""]"
CELLBATCH-000382,Battery Pack Failed Test,2023-02-20T00:19:00Z,sat_shipment_status,sat_shipment_status:BV-CELLBATCH-000382:0001,USR-026,"[""BV-CELLBATCH-000382"",""BV-WARRANTYCLAIM-000382"",""BV-CERTIFICATE-000382""]"
CELLBATCH-000338,Firmware Rolled Back,2023-02-20T00:50:00Z,sat_service_status,sat_service_status:BV-CELLBATCH-000338:0002,USR-062,"[""BV-CELLBATCH-000338"",""BV-RECYCLINGORDER-000338""]"
CELLBATCH-000384,Battery Pack Failed Test,2023-02-20T06:21:00Z,sat_shipment_status,sat_shipment_status:BV-CELLBATCH-000384:0001,USR-060,"[""BV-CELLBATCH-000384"",""BV-WARRANTYCLAIM-000384""]"
CELLBATCH-000280,Battery Pack Failed Test,2023-02-20T07:00:00Z,sat_shipment_status,sat_shipment_status:BV-CELLBATCH-000280:0004,USR-070,"[""BV-CELLBATCH-000280"",""BV-WARRANTYCLAIM-000280""]"
CELLBATCH-000280,Firmware Installation Failed,2023-02-20T07:37:00Z,sat_diagnostic_result,sat_diagnostic_result:BV-CELLBATCH-000280:0002,USR-091,"[""BV-CELLBATCH-000280"",""BV-SECONDLIFESYSTEM-000280""]"
CELLBATCH-000280,Firmware Rolled Back,2023-02-20T08:14:00Z,sat_service_status,sat_service_status:BV-CELLBATCH-000280:0002,USR-092,"[""BV-CELLBATCH-000280"",""BV-RECYCLINGORDER-000280"",""BV-VEHICLE-000280""]"
CELLBATCH-000280,Second-Life Assessment Failed,2023-02-20T08:51:00Z,sat_recall_status,sat_recall_status:BV-CELLBATCH-000280:0001,USR-108,"[""BV-CELLBATCH-000280"",""BV-SECONDLIFESYSTEM-000280""]"
CELLBATCH-000386,Battery Pack Failed Test,2023-02-20T12:23:00Z,sat_shipment_status,sat_shipment_status:BV-CELLBATCH-000386:0001,USR-094,"[""BV-CELLBATCH-000386"",""BV-WARRANTYCLAIM-000386""]"
CELLBATCH-000388,Battery Pack Failed Test,2023-02-20T18:25:00Z,sat_shipment_status,sat_shipment_status:BV-CELLBATCH-000388:0001,USR-001,"[""BV-CELLBATCH-000388"",""BV-WARRANTYCLAIM-000388""]"
CELLBATCH-000345,Firmware Rolled Back,2023-02-20T21:04:00Z,sat_service_status,sat_service_status:BV-CELLBATCH-000345:0002,USR-054,"[""BV-CELLBATCH-000345"",""BV-RECYCLINGORDER-000345""]"
CELLBATCH-000285,Battery Pack Failed Test,2023-02-20T22:00:00Z,sat_shipment_status,sat_shipment_status:BV-CELLBATCH-000285:0001,USR-028,"[""BV-CELLBATCH-000285"",""BV-WARRANTYCLAIM-000285""]"
CELLBATCH-000285,Firmware Installation Failed,2023-02-20T22:37:00Z,sat_diagnostic_result,sat_diagnostic_result:BV-CELLBATCH-000285:0002,USR-049,"[""BV-CELLBATCH-000285"",""BV-SECONDLIFESYSTEM-000285""]"
CELLBATCH-000285,Firmware Rolled Back,2023-02-20T23:14:00Z,sat_service_status,sat_service_status:BV-CELLBATCH-000285:0003,USR-050,"[""BV-CELLBATCH-000285"",""BV-RECYCLINGORDER-000285"",""BV-VEHICLE-000285""]"
CELLBATCH-000285,Second-Life Assessment Failed,2023-02-20T23:51:00Z,sat_recall_status,sat_recall_status:BV-CELLBATCH-000285:0003,USR-066,"[""BV-CELLBATCH-000285"",""BV-SECONDLIFESYSTEM-000285""]"
CELLBATCH-000390,Battery Pack Failed Test,2023-02-21T00:27:00Z,sat_shipment_status,sat_shipment_status:BV-CELLBATCH-000390:0001,USR-035,"[""BV-CELLBATCH-000390"",""BV-WARRANTYCLAIM-000390"",""BV-CERTIFICATE-000390""]"
CELLBATCH-000392,Battery Pack Failed Test,2023-02-21T06:29:00Z,sat_shipment_status,sat_shipment_status:BV-CELLBATCH-000392:0001,USR-069,"[""BV-CELLBATCH-000392"",""BV-WARRANTYCLAIM-000392""]"
CELLBATCH-000394,Battery Pack Failed Test,2023-02-21T12:31:00Z,sat_shipment_status,sat_shipment_status:BV-CELLBATCH-000394:0001,USR-103,"[""BV-CELLBATCH-000394"",""BV-WARRANTYCLAIM-000394"",""BV-CERTIFICATE-000394""]"
CELLBATCH-000290,Battery Pack Failed Test,2023-02-21T13:00:00Z,sat_shipment_status,sat_shipment_status:BV-CELLBATCH-000290:0002,USR-113,"[""BV-CELLBATCH-000290"",""BV-WARRANTYCLAIM-000290""]"
CELLBATCH-000290,Firmware Installation Failed,2023-02-21T13:37:00Z,sat_diagnostic_result,sat_diagnostic_result:BV-CELLBATCH-000290:0002,USR-007,"[""BV-CELLBATCH-000290"",""BV-SECONDLIFESYSTEM-000290""]"
CELLBATCH-000290,Firmware Rolled Back,2023-02-21T14:14:00Z,sat_service_status,sat_service_status:BV-CELLBATCH-000290:0002,USR-008,"[""BV-CELLBATCH-000290"",""BV-RECYCLINGORDER-000290"",""BV-VEHICLE-000290""]"
CELLBATCH-000290,Second-Life Assessment Failed,2023-02-21T14:51:00Z,sat_recall_status,sat_recall_status:BV-CELLBATCH-000290:0001,USR-024,"[""BV-CELLBATCH-000290"",""BV-SECONDLIFESYSTEM-000290""]"
CELLBATCH-000352,Firmware Rolled Back,2023-02-21T18:11:00Z,sat_service_status,sat_service_status:BV-CELLBATCH-000352:0002,USR-046,"[""BV-CELLBATCH-000352"",""BV-RECYCLINGORDER-000352"",""BV-VEHICLE-000352""]"
CELLBATCH-000396,Battery Pack Failed Test,2023-02-21T18:33:00Z,sat_shipment_status,sat_shipment_status:BV-CELLBATCH-000396:0001,USR-010,"[""BV-CELLBATCH-000396"",""BV-WARRANTYCLAIM-000396""]"
CELLBATCH-000398,Battery Pack Failed Test,2023-02-22T00:35:00Z,sat_shipment_status,sat_shipment_status:BV-CELLBATCH-000398:0001,USR-044,"[""BV-CELLBATCH-000398"",""BV-WARRANTYCLAIM-000398""]"
CELLBATCH-000295,Battery Pack Failed Test,2023-02-22T04:00:00Z,sat_shipment_status,sat_shipment_status:BV-CELLBATCH-000295:0001,USR-071,"[""BV-CELLBATCH-000295"",""BV-WARRANTYCLAIM-000295""]"
CELLBATCH-000295,Firmware Installation Failed,2023-02-22T04:37:00Z,sat_diagnostic_result,sat_diagnostic_result:BV-CELLBATCH-000295:0002,USR-092,"[""BV-CELLBATCH-000295"",""BV-SECONDLIFESYSTEM-000295""]"
CELLBATCH-000295,Firmware Rolled Back,2023-02-22T05:14:00Z,sat_service_status,sat_service_status:BV-CELLBATCH-000295:0002,USR-093,"[""BV-CELLBATCH-000295"",""BV-RECYCLINGORDER-000295"",""BV-VEHICLE-000295""]"
CELLBATCH-000295,Second-Life Assessment Failed,2023-02-22T05:51:00Z,sat_recall_status,sat_recall_status:BV-CELLBATCH-000295:0003,USR-109,"[""BV-CELLBATCH-000295"",""BV-SECONDLIFESYSTEM-000295""]"
CELLBATCH-000400,Battery Pack Failed Test,2023-02-22T06:37:00Z,sat_shipment_status,sat_shipment_status:BV-CELLBATCH-000400:0001,USR-078,"[""BV-CELLBATCH-000400"",""BV-WARRANTYCLAIM-000400""]"
CELLBATCH-000402,Battery Pack Failed Test,2023-02-22T12:39:00Z,sat_shipment_status,sat_shipment_status:BV-CELLBATCH-000402:0001,USR-112,"[""BV-CELLBATCH-000402"",""BV-WARRANTYCLAIM-000402"",""BV-CERTIFICATE-000402""]"
CELLBATCH-000359,Firmware Rolled Back,2023-02-22T15:18:00Z,sat_service_status,sat_service_status:BV-CELLBATCH-000359:0002,USR-038,"[""BV-CELLBATCH-000359"",""BV-RECYCLINGORDER-000359""]"
CELLBATCH-000404,Battery Pack Failed Test,2023-02-22T18:41:00Z,sat_shipment_status,sat_shipment_status:BV-CELLBATCH-000404:0001,USR-019,"[""BV-CELLBATCH-000404"",""BV-WARRANTYCLAIM-000404"",""BV-CERTIFICATE-000404""]"
CELLBATCH-000300,Battery Pack Failed Test,2023-02-22T19:00:00Z,sat_shipment_status,sat_shipment_status:BV-CELLBATCH-000300:0002,USR-029,"[""BV-CELLBATCH-000300"",""BV-WARRANTYCLAIM-000300""]"
CELLBATCH-000300,Firmware Installation Failed,2023-02-22T19:37:00Z,sat_diagnostic_result,sat_diagnostic_result:BV-CELLBATCH-000300:0002,USR-050,"[""BV-CELLBATCH-000300"",""BV-SECONDLIFESYSTEM-000300"",""BV-BATTERYPASSPORT-000300""]"
CELLBATCH-000300,Firmware Rolled Back,2023-02-22T20:14:00Z,sat_service_status,sat_service_status:BV-CELLBATCH-000300:0002,USR-051,"[""BV-CELLBATCH-000300"",""BV-RECYCLINGORDER-000300""]"
CELLBATCH-000300,Second-Life Assessment Failed,2023-02-22T20:51:00Z,sat_recall_status,sat_recall_status:BV-CELLBATCH-000300:0001,USR-067,"[""BV-CELLBATCH-000300"",""BV-SECONDLIFESYSTEM-000300""]"
CELLBATCH-000363,Firmware Installation Failed,2023-02-22T21:21:00Z,sat_diagnostic_result,sat_diagnostic_result:BV-CELLBATCH-000363:0002,USR-105,"[""BV-CELLBATCH-000363"",""BV-SECONDLIFESYSTEM-000363""]"
CELLBATCH-000406,Battery Pack Failed Test,2023-02-23T00:43:00Z,sat_shipment_status,sat_shipment_status:BV-CELLBATCH-000406:0001,USR-053,"[""BV-CELLBATCH-000406"",""BV-WARRANTYCLAIM-000406""]"
CELLBATCH-000332,Second-Life Assessment Failed,2023-02-23T06:07:00Z,sat_recall_status,sat_recall_status:BV-CELLBATCH-000332:0002,USR-103,"[""BV-CELLBATCH-000332"",""BV-SECONDLIFESYSTEM-000332"",""BV-BATTERYPASSPORT-000332""]"
CELLBATCH-000408,Battery Pack Failed Test,2023-02-23T06:45:00Z,sat_shipment_status,sat_shipment_status:BV-CELLBATCH-000408:0001,USR-087,"[""BV-CELLBATCH-000408"",""BV-WARRANTYCLAIM-000408""]"
CELLBATCH-000305,Battery Pack Failed Test,2023-02-23T10:00:00Z,sat_shipment_status,sat_shipment_status:BV-CELLBATCH-000305:0001,USR-114,"[""BV-CELLBATCH-000305"",""BV-WARRANTYCLAIM-000305""]"
CELLBATCH-000305,Firmware Installation Failed,2023-02-23T10:37:00Z,sat_diagnostic_result,sat_diagnostic_result:BV-CELLBATCH-000305:0002,USR-008,"[""BV-CELLBATCH-000305"",""BV-SECONDLIFESYSTEM-000305""]"
CELLBATCH-000305,Firmware Rolled Back,2023-02-23T11:14:00Z,sat_service_status,sat_service_status:BV-CELLBATCH-000305:0002,USR-009,"[""BV-CELLBATCH-000305"",""BV-RECYCLINGORDER-000305"",""BV-VEHICLE-000305""]"
CELLBATCH-000305,Second-Life Assessment Failed,2023-02-23T11:51:00Z,sat_recall_status,sat_recall_status:BV-CELLBATCH-000305:0002,USR-025,"[""BV-CELLBATCH-000305"",""BV-SECONDLIFESYSTEM-000305""]"
CELLBATCH-000366,Firmware Rolled Back,2023-02-23T12:25:00Z,sat_service_status,sat_service_status:BV-CELLBATCH-000366:0002,USR-030,"[""BV-CELLBATCH-000366"",""BV-RECYCLINGORDER-000366""]"
CELLBATCH-000410,Battery Pack Failed Test,2023-02-23T12:47:00Z,sat_shipment_status,sat_shipment_status:BV-CELLBATCH-000410:0001,USR-121,"[""BV-CELLBATCH-000410"",""BV-WARRANTYCLAIM-000410""]"
CELLBATCH-000412,Battery Pack Failed Test,2023-02-23T18:49:00Z,sat_shipment_status,sat_shipment_status:BV-CELLBATCH-000412:0001,USR-028,"[""BV-CELLBATCH-000412"",""BV-WARRANTYCLAIM-000412"",""BV-CERTIFICATE-000412""]"
CELLBATCH-000414,Battery Pack Failed Test,2023-02-24T00:51:00Z,sat_shipment_status,sat_shipment_status:BV-CELLBATCH-000414:0001,USR-062,"[""BV-CELLBATCH-000414"",""BV-WARRANTYCLAIM-000414""]"
CELLBATCH-000310,Battery Pack Failed Test,2023-02-24T01:00:00Z,sat_shipment_status,sat_shipment_status:BV-CELLBATCH-000310:0002,USR-072,"[""BV-CELLBATCH-000310"",""BV-WARRANTYCLAIM-000310""]"
CELLBATCH-000310,Firmware Installation Failed,2023-02-24T01:37:00Z,sat_diagnostic_result,sat_diagnostic_result:BV-CELLBATCH-000310:0002,USR-093,"[""BV-CELLBATCH-000310"",""BV-SECONDLIFESYSTEM-000310"",""BV-BATTERYPASSPORT-000310""]"
CELLBATCH-000310,Firmware Rolled Back,2023-02-24T02:14:00Z,sat_service_status,sat_service_status:BV-CELLBATCH-000310:0003,USR-094,"[""BV-CELLBATCH-000310"",""BV-RECYCLINGORDER-000310""]"
CELLBATCH-000310,Second-Life Assessment Failed,2023-02-24T02:51:00Z,sat_recall_status,sat_recall_status:BV-CELLBATCH-000310:0001,USR-110,"[""BV-CELLBATCH-000310"",""BV-SECONDLIFESYSTEM-000310""]"
CELLBATCH-000416,Battery Pack Failed Test,2023-02-24T06:00:00Z,sat_shipment_status,sat_shipment_status:BV-CELLBATCH-000416:0001,USR-096,"[""BV-CELLBATCH-000416"",""BV-WARRANTYCLAIM-000416""]"
CELLBATCH-000373,Firmware Rolled Back,2023-02-24T09:32:00Z,sat_service_status,sat_service_status:BV-CELLBATCH-000373:0002,USR-022,"[""BV-CELLBATCH-000373"",""BV-RECYCLINGORDER-000373"",""BV-VEHICLE-000373""]"
CELLBATCH-000418,Battery Pack Failed Test,2023-02-24T12:02:00Z,sat_shipment_status,sat_shipment_status:BV-CELLBATCH-000418:0001,USR-003,"[""BV-CELLBATCH-000418"",""BV-WARRANTYCLAIM-000418""]"
CELLBATCH-000315,Battery Pack Failed Test,2023-02-24T16:00:00Z,sat_shipment_status,sat_shipment_status:BV-CELLBATCH-000315:0002,USR-030,"[""BV-CELLBATCH-000315"",""BV-WARRANTYCLAIM-000315""]"
CELLBATCH-000315,Firmware Installation Failed,2023-02-24T16:37:00Z,sat_diagnostic_result,sat_diagnostic_result:BV-CELLBATCH-000315:0002,USR-051,"[""BV-CELLBATCH-000315"",""BV-SECONDLIFESYSTEM-000315"",""BV-BATTERYPASSPORT-000315""]"
CELLBATCH-000315,Firmware Rolled Back,2023-02-24T17:14:00Z,sat_service_status,sat_service_status:BV-CELLBATCH-000315:0003,USR-052,"[""BV-CELLBATCH-000315"",""BV-RECYCLINGORDER-000315""]"
CELLBATCH-000315,Second-Life Assessment Failed,2023-02-24T17:51:00Z,sat_recall_status,sat_recall_status:BV-CELLBATCH-000315:0002,USR-068,"[""BV-CELLBATCH-000315"",""BV-SECONDLIFESYSTEM-000315""]"
CELLBATCH-000420,Battery Pack Failed Test,2023-02-24T18:04:00Z,sat_shipment_status,sat_shipment_status:BV-CELLBATCH-000420:0001,USR-037,"[""BV-CELLBATCH-000420"",""BV-WARRANTYCLAIM-000420""]"
CELLBATCH-000422,Battery Pack Failed Test,2023-02-25T00:06:00Z,sat_shipment_status,sat_shipment_status:BV-CELLBATCH-000422:0001,USR-071,"[""BV-CELLBATCH-000422"",""BV-WARRANTYCLAIM-000422"",""BV-CERTIFICATE-000422""]"
CELLBATCH-000424,Battery Pack Failed Test,2023-02-25T06:08:00Z,sat_shipment_status,sat_shipment_status:BV-CELLBATCH-000424:0001,USR-105,"[""BV-CELLBATCH-000424"",""BV-WARRANTYCLAIM-000424""]"
CELLBATCH-000380,Firmware Rolled Back,2023-02-25T06:39:00Z,sat_service_status,sat_service_status:BV-CELLBATCH-000380:0002,USR-014,"[""BV-CELLBATCH-000380"",""BV-RECYCLINGORDER-000380""]"
CELLBATCH-000320,Battery Pack Failed Test,2023-02-25T07:00:00Z,sat_shipment_status,sat_shipment_status:BV-CELLBATCH-000320:0002,USR-115,"[""BV-CELLBATCH-000320"",""BV-WARRANTYCLAIM-000320"",""BV-CERTIFICATE-000320""]"
CELLBATCH-000320,Firmware Installation Failed,2023-02-25T07:37:00Z,sat_diagnostic_result,sat_diagnostic_result:BV-CELLBATCH-000320:0002,USR-009,"[""BV-CELLBATCH-000320"",""BV-SECONDLIFESYSTEM-000320""]"
CELLBATCH-000320,Firmware Rolled Back,2023-02-25T08:14:00Z,sat_service_status,sat_service_status:BV-CELLBATCH-000320:0002,USR-010,"[""BV-CELLBATCH-000320"",""BV-RECYCLINGORDER-000320"",""BV-VEHICLE-000320""]"
CELLBATCH-000320,Second-Life Assessment Failed,2023-02-25T08:51:00Z,sat_recall_status,sat_recall_status:BV-CELLBATCH-000320:0001,USR-026,"[""BV-CELLBATCH-000320"",""BV-SECONDLIFESYSTEM-000320""]"
CELLBATCH-000426,Battery Pack Failed Test,2023-02-25T12:10:00Z,sat_shipment_status,sat_shipment_status:BV-CELLBATCH-000426:0001,USR-012,"[""BV-CELLBATCH-000426"",""BV-WARRANTYCLAIM-000426"",""BV-CERTIFICATE-000426""]"
CELLBATCH-000428,Battery Pack Failed Test,2023-02-25T18:12:00Z,sat_shipment_status,sat_shipment_status:BV-CELLBATCH-000428:0001,USR-046,"[""BV-CELLBATCH-000428"",""BV-WARRANTYCLAIM-000428""]"
CELLBATCH-000325,Battery Pack Failed Test,2023-02-25T22:00:00Z,sat_shipment_status,sat_shipment_status:BV-CELLBATCH-000325:0001,USR-073,"[""BV-CELLBATCH-000325"",""BV-WARRANTYCLAIM-000325""]"
CELLBATCH-000325,Firmware Installation Failed,2023-02-25T22:37:00Z,sat_diagnostic_result,sat_diagnostic_result:BV-CELLBATCH-000325:0002,USR-094,"[""BV-CELLBATCH-000325"",""BV-SECONDLIFESYSTEM-000325"",""BV-BATTERYPASSPORT-000325""]"
CELLBATCH-000325,Firmware Rolled Back,2023-02-25T23:14:00Z,sat_service_status,sat_service_status:BV-CELLBATCH-000325:0002,USR-095,"[""BV-CELLBATCH-000325"",""BV-RECYCLINGORDER-000325""]"
CELLBATCH-000325,Second-Life Assessment Failed,2023-02-25T23:51:00Z,sat_recall_status,sat_recall_status:BV-CELLBATCH-000325:0003,USR-111,"[""BV-CELLBATCH-000325"",""BV-SECONDLIFESYSTEM-000325"",""BV-BATTERYPASSPORT-000325""]"
CELLBATCH-000430,Battery Pack Failed Test,2023-02-26T00:14:00Z,sat_shipment_status,sat_shipment_status:BV-CELLBATCH-000430:0001,USR-080,"[""BV-CELLBATCH-000430"",""BV-WARRANTYCLAIM-000430""]"
CELLBATCH-000387,Firmware Rolled Back,2023-02-26T03:46:00Z,sat_service_status,sat_service_status:BV-CELLBATCH-000387:0002,USR-006,"[""BV-CELLBATCH-000387"",""BV-RECYCLINGORDER-000387""]"
CELLBATCH-000432,Battery Pack Failed Test,2023-02-26T06:16:00Z,sat_shipment_status,sat_shipment_status:BV-CELLBATCH-000432:0001,USR-114,"[""BV-CELLBATCH-000432"",""BV-WARRANTYCLAIM-000432""]"
CELLBATCH-000434,Battery Pack Failed Test,2023-02-26T12:18:00Z,sat_shipment_status,sat_shipment_status:BV-CELLBATCH-000434:0001,USR-021,"[""BV-CELLBATCH-000434"",""BV-WARRANTYCLAIM-000434""]"
CELLBATCH-000330,Battery Pack Failed Test,2023-02-26T13:00:00Z,sat_shipment_status,sat_shipment_status:BV-CELLBATCH-000330:0002,USR-031,"[""BV-CELLBATCH-000330"",""BV-WARRANTYCLAIM-000330""]"
CELLBATCH-000330,Firmware Installation Failed,2023-02-26T13:37:00Z,sat_diagnostic_result,sat_diagnostic_result:BV-CELLBATCH-000330:0002,USR-052,"[""BV-CELLBATCH-000330"",""BV-SECONDLIFESYSTEM-000330"",""BV-BATTERYPASSPORT-000330""]"
CELLBATCH-000330,Firmware Rolled Back,2023-02-26T14:14:00Z,sat_service_status,sat_service_status:BV-CELLBATCH-000330:0002,USR-053,"[""BV-CELLBATCH-000330"",""BV-RECYCLINGORDER-000330""]"
CELLBATCH-000330,Second-Life Assessment Failed,2023-02-26T14:51:00Z,sat_recall_status,sat_recall_status:BV-CELLBATCH-000330:0001,USR-069,"[""BV-CELLBATCH-000330"",""BV-SECONDLIFESYSTEM-000330"",""BV-BATTERYPASSPORT-000330""]"
CELLBATCH-000436,Battery Pack Failed Test,2023-02-26T18:20:00Z,sat_shipment_status,sat_shipment_status:BV-CELLBATCH-000436:0001,USR-055,"[""BV-CELLBATCH-000436"",""BV-WARRANTYCLAIM-000436""]"
CELLBATCH-000394,Firmware Rolled Back,2023-02-27T00:00:00Z,sat_service_status,sat_service_status:BV-CELLBATCH-000394:0002,USR-125,"[""BV-CELLBATCH-000394"",""BV-RECYCLINGORDER-000394"",""BV-VEHICLE-000394""]"
CELLBATCH-000438,Battery Pack Failed Test,2023-02-27T00:22:00Z,sat_shipment_status,sat_shipment_status:BV-CELLBATCH-000438:0001,USR-089,"[""BV-CELLBATCH-000438"",""BV-WARRANTYCLAIM-000438"",""BV-CERTIFICATE-000438""]"
CELLBATCH-000363,Second-Life Assessment Failed,2023-02-27T03:38:00Z,sat_recall_status,sat_recall_status:BV-CELLBATCH-000363:0002,USR-122,"[""BV-CELLBATCH-000363"",""BV-SECONDLIFESYSTEM-000363"",""BV-BATTERYPASSPORT-000363""]"
CELLBATCH-000335,Battery Pack Failed Test,2023-02-27T04:00:00Z,sat_shipment_status,sat_shipment_status:BV-CELLBATCH-000335:0001,USR-116,"[""BV-CELLBATCH-000335"",""BV-WARRANTYCLAIM-000335""]"
CELLBATCH-000335,Firmware Installation Failed,2023-02-27T04:37:00Z,sat_diagnostic_result,sat_diagnostic_result:BV-CELLBATCH-000335:0002,USR-010,"[""BV-CELLBATCH-000335"",""BV-SECONDLIFESYSTEM-000335""]"
CELLBATCH-000335,Firmware Rolled Back,2023-02-27T05:14:00Z,sat_service_status,sat_service_status:BV-CELLBATCH-000335:0002,USR-011,"[""BV-CELLBATCH-000335"",""BV-RECYCLINGORDER-000335"",""BV-VEHICLE-000335""]"
CELLBATCH-000335,Second-Life Assessment Failed,2023-02-27T05:51:00Z,sat_recall_status,sat_recall_status:BV-CELLBATCH-000335:0002,USR-027,"[""BV-CELLBATCH-000335"",""BV-SECONDLIFESYSTEM-000335""]"
CELLBATCH-000440,Battery Pack Failed Test,2023-02-27T06:24:00Z,sat_shipment_status,sat_shipment_status:BV-CELLBATCH-000440:0001,USR-123,"[""BV-CELLBATCH-000440"",""BV-WARRANTYCLAIM-000440""]"
CELLBATCH-000400,Firmware Installation Failed,2023-02-27T12:05:00Z,sat_diagnostic_result,sat_diagnostic_result:BV-CELLBATCH-000400:0002,USR-099,"[""BV-CELLBATCH-000400"",""BV-SECONDLIFESYSTEM-000400""]"
CELLBATCH-000442,Battery Pack Failed Test,2023-02-27T12:26:00Z,sat_shipment_status,sat_shipment_status:BV-CELLBATCH-000442:0001,USR-030,"[""BV-CELLBATCH-000442"",""BV-WARRANTYCLAIM-000442"",""BV-CERTIFICATE-000442""]"
CELLBATCH-000444,Battery Pack Failed Test,2023-02-27T18:28:00Z,sat_shipment_status,sat_shipment_status:BV-CELLBATCH-000444:0001,USR-064,"[""BV-CELLBATCH-000444"",""BV-WARRANTYCLAIM-000444"",""BV-CERTIFICATE-000444""]"
CELLBATCH-000340,Battery Pack Failed Test,2023-02-27T19:00:00Z,sat_shipment_status,sat_shipment_status:BV-CELLBATCH-000340:0002,USR-074,"[""BV-CELLBATCH-000340"",""BV-WARRANTYCLAIM-000340""]"
CELLBATCH-000340,Firmware Installation Failed,2023-02-27T19:37:00Z,sat_diagnostic_result,sat_diagnostic_result:BV-CELLBATCH-000340:0002,USR-095,"[""BV-CELLBATCH-000340"",""BV-SECONDLIFESYSTEM-000340"",""BV-BATTERYPASSPORT-000340""]"
CELLBATCH-000340,Firmware Rolled Back,2023-02-27T20:14:00Z,sat_service_status,sat_service_status:BV-CELLBATCH-000340:0002,USR-096,"[""BV-CELLBATCH-000340"",""BV-RECYCLINGORDER-000340""]"
CELLBATCH-000340,Second-Life Assessment Failed,2023-02-27T20:51:00Z,sat_recall_status,sat_recall_status:BV-CELLBATCH-000340:0001,USR-112,"[""BV-CELLBATCH-000340"",""BV-SECONDLIFESYSTEM-000340"",""BV-BATTERYPASSPORT-000340""]"
CELLBATCH-000401,Firmware Rolled Back,2023-02-27T21:07:00Z,sat_service_status,sat_service_status:BV-CELLBATCH-000401:0002,USR-117,"[""BV-CELLBATCH-000401"",""BV-RECYCLINGORDER-000401""]"
CELLBATCH-000446,Battery Pack Failed Test,2023-02-28T00:30:00Z,sat_shipment_status,sat_shipment_status:BV-CELLBATCH-000446:0001,USR-098,"[""BV-CELLBATCH-000446"",""BV-WARRANTYCLAIM-000446""]"
CELLBATCH-000448,Battery Pack Failed Test,2023-02-28T06:32:00Z,sat_shipment_status,sat_shipment_status:BV-CELLBATCH-000448:0001,USR-005,"[""BV-CELLBATCH-000448"",""BV-WARRANTYCLAIM-000448"",""BV-CERTIFICATE-000448""]"
CELLBATCH-000345,Battery Pack Failed Test,2023-02-28T10:00:00Z,sat_shipment_status,sat_shipment_status:BV-CELLBATCH-000345:0001,USR-032,"[""BV-CELLBATCH-000345"",""BV-WARRANTYCLAIM-000345""]"
CELLBATCH-000345,Firmware Installation Failed,2023-02-28T10:37:00Z,sat_diagnostic_result,sat_diagnostic_result:BV-CELLBATCH-000345:0002,USR-053,"[""BV-CELLBATCH-000345"",""BV-SECONDLIFESYSTEM-000345"",""BV-BATTERYPASSPORT-000345""]"
CELLBATCH-000345,Firmware Rolled Back,2023-02-28T11:14:00Z,sat_service_status,sat_service_status:BV-CELLBATCH-000345:0004,USR-054,"[""BV-CELLBATCH-000345"",""BV-RECYCLINGORDER-000345""]"
CELLBATCH-000345,Second-Life Assessment Failed,2023-02-28T11:51:00Z,sat_recall_status,sat_recall_status:BV-CELLBATCH-000345:0002,USR-070,"[""BV-CELLBATCH-000345"",""BV-SECONDLIFESYSTEM-000345""]"
CELLBATCH-000450,Battery Pack Failed Test,2023-02-28T12:34:00Z,sat_shipment_status,sat_shipment_status:BV-CELLBATCH-000450:0001,USR-039,"[""BV-CELLBATCH-000450"",""BV-WARRANTYCLAIM-000450""]"
CELLBATCH-000408,Firmware Rolled Back,2023-02-28T18:14:00Z,sat_service_status,sat_service_status:BV-CELLBATCH-000408:0002,USR-109,"[""BV-CELLBATCH-000408"",""BV-RECYCLINGORDER-000408"",""BV-VEHICLE-000408""]"
CELLBATCH-000452,Battery Pack Failed Test,2023-02-28T18:36:00Z,sat_shipment_status,sat_shipment_status:BV-CELLBATCH-000452:0001,USR-073,"[""BV-CELLBATCH-000452"",""BV-WARRANTYCLAIM-000452""]"
CELLBATCH-000454,Battery Pack Failed Test,2023-03-01T00:38:00Z,sat_shipment_status,sat_shipment_status:BV-CELLBATCH-000454:0001,USR-107,"[""BV-CELLBATCH-000454"",""BV-WARRANTYCLAIM-000454"",""BV-CERTIFICATE-000454""]"
CELLBATCH-000350,Battery Pack Failed Test,2023-03-01T01:00:00Z,sat_shipment_status,sat_shipment_status:BV-CELLBATCH-000350:0003,USR-117,"[""BV-CELLBATCH-000350"",""BV-WARRANTYCLAIM-000350"",""BV-CERTIFICATE-000350""]"
CELLBATCH-000350,Firmware Installation Failed,2023-03-01T01:37:00Z,sat_diagnostic_result,sat_diagnostic_result:BV-CELLBATCH-000350:0002,USR-011,"[""BV-CELLBATCH-000350"",""BV-SECONDLIFESYSTEM-000350""]"
CELLBATCH-000350,Firmware Rolled Back,2023-03-01T02:14:00Z,sat_service_status,sat_service_status:BV-CELLBATCH-000350:0002,USR-012,"[""BV-CELLBATCH-000350"",""BV-RECYCLINGORDER-000350"",""BV-VEHICLE-000350""]"
CELLBATCH-000350,Second-Life Assessment Failed,2023-03-01T02:51:00Z,sat_recall_status,sat_recall_status:BV-CELLBATCH-000350:0001,USR-028,"[""BV-CELLBATCH-000350"",""BV-SECONDLIFESYSTEM-000350""]"
CELLBATCH-000456,Battery Pack Failed Test,2023-03-01T06:40:00Z,sat_shipment_status,sat_shipment_status:BV-CELLBATCH-000456:0001,USR-014,"[""BV-CELLBATCH-000456"",""BV-WARRANTYCLAIM-000456""]"
CELLBATCH-000458,Battery Pack Failed Test,2023-03-01T12:42:00Z,sat_shipment_status,sat_shipment_status:BV-CELLBATCH-000458:0001,USR-048,"[""BV-CELLBATCH-000458"",""BV-WARRANTYCLAIM-000458""]"
CELLBATCH-000415,Firmware Rolled Back,2023-03-01T15:21:00Z,sat_service_status,sat_service_status:BV-CELLBATCH-000415:0002,USR-101,"[""BV-CELLBATCH-000415"",""BV-RECYCLINGORDER-000415""]"
CELLBATCH-000355,Battery Pack Failed Test,2023-03-01T16:00:00Z,sat_shipment_status,sat_shipment_status:BV-CELLBATCH-000355:0001,USR-075,"[""BV-CELLBATCH-000355"",""BV-WARRANTYCLAIM-000355""]"
CELLBATCH-000355,Firmware Installation Failed,2023-03-01T16:37:00Z,sat_diagnostic_result,sat_diagnostic_result:BV-CELLBATCH-000355:0003,USR-096,"[""BV-CELLBATCH-000355"",""BV-SECONDLIFESYSTEM-000355"",""BV-BATTERYPASSPORT-000355""]"
CELLBATCH-000355,Firmware Rolled Back,2023-03-01T17:14:00Z,sat_service_status,sat_service_status:BV-CELLBATCH-000355:0002,USR-097,"[""BV-CELLBATCH-000355"",""BV-RECYCLINGORDER-000355""]"
CELLBATCH-000355,Second-Life Assessment Failed,2023-03-01T17:51:00Z,sat_recall_status,sat_recall_status:BV-CELLBATCH-000355:0002,USR-113,"[""BV-CELLBATCH-000355"",""BV-SECONDLIFESYSTEM-000355"",""BV-BATTERYPASSPORT-000355""]"
CELLBATCH-000460,Battery Pack Failed Test,2023-03-01T18:44:00Z,sat_shipment_status,sat_shipment_status:BV-CELLBATCH-000460:0001,USR-082,"[""BV-CELLBATCH-000460"",""BV-WARRANTYCLAIM-000460""]"
CELLBATCH-000462,Battery Pack Failed Test,2023-03-02T00:46:00Z,sat_shipment_status,sat_shipment_status:BV-CELLBATCH-000462:0001,USR-116,"[""BV-CELLBATCH-000462"",""BV-WARRANTYCLAIM-000462"",""BV-CERTIFICATE-000462""]"
CELLBATCH-000464,Battery Pack Failed Test,2023-03-02T06:48:00Z,sat_shipment_status,sat_shipment_status:BV-CELLBATCH-000464:0001,USR-023,"[""BV-CELLBATCH-000464"",""BV-WARRANTYCLAIM-000464"",""BV-CERTIFICATE-000464""]"
CELLBATCH-000360,Battery Pack Failed Test,2023-03-02T07:00:00Z,sat_shipment_status,sat_shipment_status:BV-CELLBATCH-000360:0002,USR-033,"[""BV-CELLBATCH-000360"",""BV-WARRANTYCLAIM-000360"",""BV-CERTIFICATE-000360""]"
CELLBATCH-000360,Firmware Installation Failed,2023-03-02T07:37:00Z,sat_diagnostic_result,sat_diagnostic_result:BV-CELLBATCH-000360:0002,USR-054,"[""BV-CELLBATCH-000360"",""BV-SECONDLIFESYSTEM-000360""]"
CELLBATCH-000360,Firmware Rolled Back,2023-03-02T08:14:00Z,sat_service_status,sat_service_status:BV-CELLBATCH-000360:0002,USR-055,"[""BV-CELLBATCH-000360"",""BV-RECYCLINGORDER-000360"",""BV-VEHICLE-000360""]"
CELLBATCH-000360,Second-Life Assessment Failed,2023-03-02T08:51:00Z,sat_recall_status,sat_recall_status:BV-CELLBATCH-000360:0001,USR-071,"[""BV-CELLBATCH-000360"",""BV-SECONDLIFESYSTEM-000360""]"
CELLBATCH-000422,Firmware Rolled Back,2023-03-02T12:28:00Z,sat_service_status,sat_service_status:BV-CELLBATCH-000422:0002,USR-093,"[""BV-CELLBATCH-000422"",""BV-RECYCLINGORDER-000422""]"
CELLBATCH-000466,Battery Pack Failed Test,2023-03-02T12:50:00Z,sat_shipment_status,sat_shipment_status:BV-CELLBATCH-000466:0001,USR-057,"[""BV-CELLBATCH-000466"",""BV-WARRANTYCLAIM-000466"",""BV-CERTIFICATE-000466""]"
CELLBATCH-000468,Battery Pack Failed Test,2023-03-02T18:52:00Z,sat_shipment_status,sat_shipment_status:BV-CELLBATCH-000468:0001,USR-091,"[""BV-CELLBATCH-000468"",""BV-WARRANTYCLAIM-000468"",""BV-CERTIFICATE-000468""]"
CELLBATCH-000365,Battery Pack Failed Test,2023-03-02T22:00:00Z,sat_shipment_status,sat_shipment_status:BV-CELLBATCH-000365:0001,USR-118,"[""BV-CELLBATCH-000365"",""BV-WARRANTYCLAIM-000365"",""BV-CERTIFICATE-000365""]"
CELLBATCH-000365,Firmware Installation Failed,2023-03-02T22:37:00Z,sat_diagnostic_result,sat_diagnostic_result:BV-CELLBATCH-000365:0002,USR-012,"[""BV-CELLBATCH-000365"",""BV-SECONDLIFESYSTEM-000365""]"
CELLBATCH-000365,Firmware Rolled Back,2023-03-02T23:14:00Z,sat_service_status,sat_service_status:BV-CELLBATCH-000365:0002,USR-013,"[""BV-CELLBATCH-000365"",""BV-RECYCLINGORDER-000365"",""BV-VEHICLE-000365""]"
CELLBATCH-000365,Second-Life Assessment Failed,2023-03-02T23:51:00Z,sat_recall_status,sat_recall_status:BV-CELLBATCH-000365:0002,USR-029,"[""BV-CELLBATCH-000365"",""BV-SECONDLIFESYSTEM-000365""]"
CELLBATCH-000470,Battery Pack Failed Test,2023-03-03T00:01:00Z,sat_shipment_status,sat_shipment_status:BV-CELLBATCH-000470:0001,USR-125,"[""BV-CELLBATCH-000470"",""BV-WARRANTYCLAIM-000470"",""BV-CERTIFICATE-000470""]"
CELLBATCH-000394,Second-Life Assessment Failed,2023-03-03T00:16:00Z,sat_recall_status,sat_recall_status:BV-CELLBATCH-000394:0001,USR-014,"[""BV-CELLBATCH-000394"",""BV-SECONDLIFESYSTEM-000394"",""BV-BATTERYPASSPORT-000394""]"
CELLBATCH-000472,Battery Pack Failed Test,2023-03-03T06:03:00Z,sat_shipment_status,sat_shipment_status:BV-CELLBATCH-000472:0001,USR-032,"[""BV-CELLBATCH-000472"",""BV-WARRANTYCLAIM-000472""]"
CELLBATCH-000429,Firmware Rolled Back,2023-03-03T09:35:00Z,sat_service_status,sat_service_status:BV-CELLBATCH-000429:0002,USR-085,"[""BV-CELLBATCH-000429"",""BV-RECYCLINGORDER-000429"",""BV-VEHICLE-000429""]"
CELLBATCH-000474,Battery Pack Failed Test,2023-03-03T12:05:00Z,sat_shipment_status,sat_shipment_status:BV-CELLBATCH-000474:0001,USR-066,"[""BV-CELLBATCH-000474"",""BV-WARRANTYCLAIM-000474"",""BV-CERTIFICATE-000474""]"
CELLBATCH-000370,Battery Pack Failed Test,2023-03-03T13:00:00Z,sat_shipment_status,sat_shipment_status:BV-CELLBATCH-000370:0002,USR-076,"[""BV-CELLBATCH-000370"",""BV-WARRANTYCLAIM-000370""]"
CELLBATCH-000370,Firmware Installation Failed,2023-03-03T13:37:00Z,sat_diagnostic_result,sat_diagnostic_result:BV-CELLBATCH-000370:0003,USR-097,"[""BV-CELLBATCH-000370"",""BV-SECONDLIFESYSTEM-000370"",""BV-BATTERYPASSPORT-000370""]"
CELLBATCH-000370,Firmware Rolled Back,2023-03-03T14:14:00Z,sat_service_status,sat_service_status:BV-CELLBATCH-000370:0002,USR-098,"[""BV-CELLBATCH-000370"",""BV-RECYCLINGORDER-000370""]"
CELLBATCH-000370,Second-Life Assessment Failed,2023-03-03T14:51:00Z,sat_recall_status,sat_recall_status:BV-CELLBATCH-000370:0002,USR-114,"[""BV-CELLBATCH-000370"",""BV-SECONDLIFESYSTEM-000370"",""BV-BATTERYPASSPORT-000370""]"
CELLBATCH-000476,Battery Pack Failed Test,2023-03-03T18:07:00Z,sat_shipment_status,sat_shipment_status:BV-CELLBATCH-000476:0001,USR-100,"[""BV-CELLBATCH-000476"",""BV-WARRANTYCLAIM-000476""]"
CELLBATCH-000478,Battery Pack Failed Test,2023-03-04T00:09:00Z,sat_shipment_status,sat_shipment_status:BV-CELLBATCH-000478:0001,USR-007,"[""BV-CELLBATCH-000478"",""BV-WARRANTYCLAIM-000478"",""BV-CERTIFICATE-000478""]"
CELLBATCH-000437,Firmware Installation Failed,2023-03-04T03:42:00Z,sat_diagnostic_result,sat_diagnostic_result:BV-CELLBATCH-000437:0002,USR-093,"[""BV-CELLBATCH-000437"",""BV-SECONDLIFESYSTEM-000437""]"
CELLBATCH-000375,Battery Pack Failed Test,2023-03-04T04:00:00Z,sat_shipment_status,sat_shipment_status:BV-CELLBATCH-000375:0002,USR-034,"[""BV-CELLBATCH-000375"",""BV-WARRANTYCLAIM-000375""]"
CELLBATCH-000375,Firmware Installation Failed,2023-03-04T04:37:00Z,sat_diagnostic_result,sat_diagnostic_result:BV-CELLBATCH-000375:0002,USR-055,"[""BV-CELLBATCH-000375"",""BV-SECONDLIFESYSTEM-000375"",""BV-BATTERYPASSPORT-000375""]"
CELLBATCH-000375,Firmware Rolled Back,2023-03-04T05:14:00Z,sat_service_status,sat_service_status:BV-CELLBATCH-000375:0002,USR-056,"[""BV-CELLBATCH-000375"",""BV-RECYCLINGORDER-000375""]"
CELLBATCH-000375,Second-Life Assessment Failed,2023-03-04T05:51:00Z,sat_recall_status,sat_recall_status:BV-CELLBATCH-000375:0002,USR-072,"[""BV-CELLBATCH-000375"",""BV-SECONDLIFESYSTEM-000375""]"
CELLBATCH-000480,Battery Pack Failed Test,2023-03-04T06:11:00Z,sat_shipment_status,sat_shipment_status:BV-CELLBATCH-000480:0001,USR-041,"[""BV-CELLBATCH-000480"",""BV-WARRANTYCLAIM-000480"",""BV-CERTIFICATE-000480""]"
CELLBATCH-000436,Firmware Rolled Back,2023-03-04T06:42:00Z,sat_service_status,sat_service_status:BV-CELLBATCH-000436:0002,USR-077,"[""BV-CELLBATCH-000436"",""BV-RECYCLINGORDER-000436""]"
CELLBATCH-000482,Battery Pack Failed Test,2023-03-04T12:13:00Z,sat_shipment_status,sat_shipment_status:BV-CELLBATCH-000482:0001,USR-075,"[""BV-CELLBATCH-000482"",""BV-WARRANTYCLAIM-000482"",""BV-CERTIFICATE-000482""]"
CELLBATCH-000484,Battery Pack Failed Test,2023-03-04T18:15:00Z,sat_shipment_status,sat_shipment_status:BV-CELLBATCH-000484:0001,USR-109,"[""BV-CELLBATCH-000484"",""BV-WARRANTYCLAIM-000484"",""BV-CERTIFICATE-000484""]"
CELLBATCH-000380,Battery Pack Failed Test,2023-03-04T19:00:00Z,sat_shipment_status,sat_shipment_status:BV-CELLBATCH-000380:0002,USR-119,"[""BV-CELLBATCH-000380"",""BV-WARRANTYCLAIM-000380""]"
CELLBATCH-000380,Firmware Installation Failed,2023-03-04T19:37:00Z,sat_diagnostic_result,sat_diagnostic_result:BV-CELLBATCH-000380:0002,USR-013,"[""BV-CELLBATCH-000380"",""BV-SECONDLIFESYSTEM-000380"",""BV-BATTERYPASSPORT-000380""]"
CELLBATCH-000380,Firmware Rolled Back,2023-03-04T20:14:00Z,sat_service_status,sat_service_status:BV-CELLBATCH-000380:0003,USR-014,"[""BV-CELLBATCH-000380"",""BV-RECYCLINGORDER-000380""]"
CELLBATCH-000380,Second-Life Assessment Failed,2023-03-04T20:51:00Z,sat_recall_status,sat_recall_status:BV-CELLBATCH-000380:0001,USR-030,"[""BV-CELLBATCH-000380"",""BV-SECONDLIFESYSTEM-000380""]"
CELLBATCH-000486,Battery Pack Failed Test,2023-03-05T00:17:00Z,sat_shipment_status,sat_shipment_status:BV-CELLBATCH-000486:0001,USR-016,"[""BV-CELLBATCH-000486"",""BV-WARRANTYCLAIM-000486""]"
CELLBATCH-000443,Firmware Rolled Back,2023-03-05T03:49:00Z,sat_service_status,sat_service_status:BV-CELLBATCH-000443:0002,USR-069,"[""BV-CELLBATCH-000443"",""BV-RECYCLINGORDER-000443"",""BV-VEHICLE-000443""]"
CELLBATCH-000488,Battery Pack Failed Test,2023-03-05T06:19:00Z,sat_shipment_status,sat_shipment_status:BV-CELLBATCH-000488:0001,USR-050,"[""BV-CELLBATCH-000488"",""BV-WARRANTYCLAIM-000488""]"
CELLBATCH-000385,Battery Pack Failed Test,2023-03-05T10:00:00Z,sat_shipment_status,sat_shipment_status:BV-CELLBATCH-000385:0002,USR-077,"[""BV-CELLBATCH-000385"",""BV-WARRANTYCLAIM-000385""]"
CELLBATCH-000385,Firmware Installation Failed,2023-03-05T10:37:00Z,sat_diagnostic_result,sat_diagnostic_result:BV-CELLBATCH-000385:0002,USR-098,"[""BV-CELLBATCH-000385"",""BV-SECONDLIFESYSTEM-000385"",""BV-BATTERYPASSPORT-000385""]"
CELLBATCH-000385,Firmware Rolled Back,2023-03-05T11:14:00Z,sat_service_status,sat_service_status:BV-CELLBATCH-000385:0002,USR-099,"[""BV-CELLBATCH-000385"",""BV-RECYCLINGORDER-000385""]"
CELLBATCH-000385,Second-Life Assessment Failed,2023-03-05T11:51:00Z,sat_recall_status,sat_recall_status:BV-CELLBATCH-000385:0002,USR-115,"[""BV-CELLBATCH-000385"",""BV-SECONDLIFESYSTEM-000385""]"
CELLBATCH-000490,Battery Pack Failed Test,2023-03-05T12:21:00Z,sat_shipment_status,sat_shipment_status:BV-CELLBATCH-000490:0001,USR-084,"[""BV-CELLBATCH-000490"",""BV-WARRANTYCLAIM-000490"",""BV-CERTIFICATE-000490""]"
CELLBATCH-000492,Battery Pack Failed Test,2023-03-05T18:23:00Z,sat_shipment_status,sat_shipment_status:BV-CELLBATCH-000492:0001,USR-118,"[""BV-CELLBATCH-000492"",""BV-WARRANTYCLAIM-000492""]"
CELLBATCH-000450,Firmware Rolled Back,2023-03-06T00:03:00Z,sat_service_status,sat_service_status:BV-CELLBATCH-000450:0002,USR-061,"[""BV-CELLBATCH-000450"",""BV-RECYCLINGORDER-000450""]"
CELLBATCH-000494,Battery Pack Failed Test,2023-03-06T00:25:00Z,sat_shipment_status,sat_shipment_status:BV-CELLBATCH-000494:0001,USR-025,"[""BV-CELLBATCH-000494"",""BV-WARRANTYCLAIM-000494""]"
CELLBATCH-000390,Battery Pack Failed Test,2023-03-06T01:00:00Z,sat_shipment_status,sat_shipment_status:BV-CELLBATCH-000390:0002,USR-035,"[""BV-CELLBATCH-000390"",""BV-WARRANTYCLAIM-000390"",""BV-CERTIFICATE-000390""]"
CELLBATCH-000390,Firmware Installation Failed,2023-03-06T01:37:00Z,sat_diagnostic_result,sat_diagnostic_result:BV-CELLBATCH-000390:0002,USR-056,"[""BV-CELLBATCH-000390"",""BV-SECONDLIFESYSTEM-000390""]"
CELLBATCH-000390,Firmware Rolled Back,2023-03-06T02:14:00Z,sat_service_status,sat_service_status:BV-CELLBATCH-000390:0002,USR-057,"[""BV-CELLBATCH-000390"",""BV-RECYCLINGORDER-000390""]"
CELLBATCH-000390,Second-Life Assessment Failed,2023-03-06T02:51:00Z,sat_recall_status,sat_recall_status:BV-CELLBATCH-000390:0002,USR-073,"[""BV-CELLBATCH-000390"",""BV-SECONDLIFESYSTEM-000390"",""BV-BATTERYPASSPORT-000390""]"
CELLBATCH-000496,Battery Pack Failed Test,2023-03-06T06:27:00Z,sat_shipment_status,sat_shipment_status:BV-CELLBATCH-000496:0001,USR-059,"[""BV-CELLBATCH-000496"",""BV-WARRANTYCLAIM-000496"",""BV-CERTIFICATE-000496""]"
CELLBATCH-000498,Battery Pack Failed Test,2023-03-06T12:29:00Z,sat_shipment_status,sat_shipment_status:BV-CELLBATCH-000498:0001,USR-093,"[""BV-CELLBATCH-000498"",""BV-WARRANTYCLAIM-000498""]"
CELLBATCH-000395,Battery Pack Failed Test,2023-03-06T16:00:00Z,sat_shipment_status,sat_shipment_status:BV-CELLBATCH-000395:0001,USR-120,"[""BV-CELLBATCH-000395"",""BV-WARRANTYCLAIM-000395""]"
CELLBATCH-000395,Firmware Installation Failed,2023-03-06T16:37:00Z,sat_diagnostic_result,sat_diagnostic_result:BV-CELLBATCH-000395:0002,USR-014,"[""BV-CELLBATCH-000395"",""BV-SECONDLIFESYSTEM-000395""]"
CELLBATCH-000395,Firmware Rolled Back,2023-03-06T17:14:00Z,sat_service_status,sat_service_status:BV-CELLBATCH-000395:0002,USR-015,"[""BV-CELLBATCH-000395"",""BV-RECYCLINGORDER-000395"",""BV-VEHICLE-000395""]"
CELLBATCH-000395,Second-Life Assessment Failed,2023-03-06T17:51:00Z,sat_recall_status,sat_recall_status:BV-CELLBATCH-000395:0002,USR-031,"[""BV-CELLBATCH-000395"",""BV-SECONDLIFESYSTEM-000395""]"
CELLBATCH-000500,Battery Pack Failed Test,2023-03-06T18:31:00Z,sat_shipment_status,sat_shipment_status:BV-CELLBATCH-000500:0001,USR-127,"[""BV-CELLBATCH-000500"",""BV-WARRANTYCLAIM-000500"",""BV-CERTIFICATE-000500""]"
CELLBATCH-000457,Firmware Rolled Back,2023-03-06T21:10:00Z,sat_service_status,sat_service_status:BV-CELLBATCH-000457:0002,USR-053,"[""BV-CELLBATCH-000457"",""BV-RECYCLINGORDER-000457""]"
CELLBATCH-000425,Second-Life Assessment Failed,2023-03-06T21:47:00Z,sat_recall_status,sat_recall_status:BV-CELLBATCH-000425:0002,USR-033,"[""BV-CELLBATCH-000425"",""BV-SECONDLIFESYSTEM-000425"",""BV-BATTERYPASSPORT-000425""]"
CELLBATCH-000502,Battery Pack Failed Test,2023-03-07T00:33:00Z,sat_shipment_status,sat_shipment_status:BV-CELLBATCH-000502:0001,USR-034,"[""BV-CELLBATCH-000502"",""BV-WARRANTYCLAIM-000002""]"
CELLBATCH-000504,Battery Pack Failed Test,2023-03-07T06:35:00Z,sat_shipment_status,sat_shipment_status:BV-CELLBATCH-000504:0001,USR-068,"[""BV-CELLBATCH-000504"",""BV-WARRANTYCLAIM-000004""]"
CELLBATCH-000400,Battery Pack Failed Test,2023-03-07T07:00:00Z,sat_shipment_status,sat_shipment_status:BV-CELLBATCH-000400:0002,USR-078,"[""BV-CELLBATCH-000400"",""BV-WARRANTYCLAIM-000400""]"
CELLBATCH-000400,Firmware Installation Failed,2023-03-07T07:37:00Z,sat_diagnostic_result,sat_diagnostic_result:BV-CELLBATCH-000400:0003,USR-099,"[""BV-CELLBATCH-000400"",""BV-SECONDLIFESYSTEM-000400""]"
CELLBATCH-000400,Firmware Rolled Back,2023-03-07T08:14:00Z,sat_service_status,sat_service_status:BV-CELLBATCH-000400:0003,USR-100,"[""BV-CELLBATCH-000400"",""BV-RECYCLINGORDER-000400"",""BV-VEHICLE-000400""]"
CELLBATCH-000400,Second-Life Assessment Failed,2023-03-07T08:51:00Z,sat_recall_status,sat_recall_status:BV-CELLBATCH-000400:0001,USR-116,"[""BV-CELLBATCH-000400"",""BV-SECONDLIFESYSTEM-000400""]"
CELLBATCH-000506,Battery Pack Failed Test,2023-03-07T12:37:00Z,sat_shipment_status,sat_shipment_status:BV-CELLBATCH-000506:0001,USR-102,"[""BV-CELLBATCH-000506"",""BV-WARRANTYCLAIM-000006"",""BV-CERTIFICATE-000006""]"
CELLBATCH-000464,Firmware Rolled Back,2023-03-07T18:17:00Z,sat_service_status,sat_service_status:BV-CELLBATCH-000464:0002,USR-045,"[""BV-CELLBATCH-000464"",""BV-RECYCLINGORDER-000464"",""BV-VEHICLE-000464""]"
CELLBATCH-000508,Battery Pack Failed Test,2023-03-07T18:39:00Z,sat_shipment_status,sat_shipment_status:BV-CELLBATCH-000508:0001,USR-009,"[""BV-CELLBATCH-000508"",""BV-WARRANTYCLAIM-000008"",""BV-CERTIFICATE-000008""]"
CELLBATCH-000405,Battery Pack Failed Test,2023-03-07T22:00:00Z,sat_shipment_status,sat_shipment_status:BV-CELLBATCH-000405:0001,USR-036,"[""BV-CELLBATCH-000405"",""BV-WARRANTYCLAIM-000405""]"
CELLBATCH-000405,Firmware Installation Failed,2023-03-07T22:37:00Z,sat_diagnostic_result,sat_diagnostic_result:BV-CELLBATCH-000405:0002,USR-057,"[""BV-CELLBATCH-000405"",""BV-SECONDLIFESYSTEM-000405""]"
CELLBATCH-000405,Firmware Rolled Back,2023-03-07T23:14:00Z,sat_service_status,sat_service_status:BV-CELLBATCH-000405:0002,USR-058,"[""BV-CELLBATCH-000405"",""BV-RECYCLINGORDER-000405"",""BV-VEHICLE-000405""]"
CELLBATCH-000405,Second-Life Assessment Failed,2023-03-07T23:51:00Z,sat_recall_status,sat_recall_status:BV-CELLBATCH-000405:0002,USR-074,"[""BV-CELLBATCH-000405"",""BV-SECONDLIFESYSTEM-000405""]"
CELLBATCH-000510,Battery Pack Failed Test,2023-03-08T00:41:00Z,sat_shipment_status,sat_shipment_status:BV-CELLBATCH-000510:0001,USR-043,"[""BV-CELLBATCH-000510"",""BV-WARRANTYCLAIM-000010""]"
CELLBATCH-000512,Battery Pack Failed Test,2023-03-08T06:43:00Z,sat_shipment_status,sat_shipment_status:BV-CELLBATCH-000512:0001,USR-077,"[""BV-CELLBATCH-000512"",""BV-WARRANTYCLAIM-000012""]"
CELLBATCH-000514,Battery Pack Failed Test,2023-03-08T12:45:00Z,sat_shipment_status,sat_shipment_status:BV-CELLBATCH-000514:0001,USR-111,"[""BV-CELLBATCH-000514"",""BV-WARRANTYCLAIM-000014"",""BV-CERTIFICATE-000014""]"
CELLBATCH-000410,Battery Pack Failed Test,2023-03-08T13:00:00Z,sat_shipment_status,sat_shipment_status:BV-CELLBATCH-000410:0002,USR-121,"[""BV-CELLBATCH-000410"",""BV-WARRANTYCLAIM-000410""]"
CELLBATCH-000410,Firmware Installation Failed,2023-03-08T13:37:00Z,sat_diagnostic_result,sat_diagnostic_result:BV-CELLBATCH-000410:0002,USR-015,"[""BV-CELLBATCH-000410"",""BV-SECONDLIFESYSTEM-000410""]"
CELLBATCH-000410,Firmware Rolled Back,2023-03-08T14:14:00Z,sat_service_status,sat_service_status:BV-CELLBATCH-000410:0003,USR-016,"[""BV-CELLBATCH-000410"",""BV-RECYCLINGORDER-000410"",""BV-VEHICLE-000410""]"
CELLBATCH-000410,Second-Life Assessment Failed,2023-03-08T14:51:00Z,sat_recall_status,sat_recall_status:BV-CELLBATCH-000410:0001,USR-032,"[""BV-CELLBATCH-000410"",""BV-SECONDLIFESYSTEM-000410""]"
CELLBATCH-000471,Firmware Rolled Back,2023-03-08T15:24:00Z,sat_service_status,sat_service_status:BV-CELLBATCH-000471:0002,USR-037,"[""BV-CELLBATCH-000471"",""BV-RECYCLINGORDER-000471""]"
CELLBATCH-000474,Firmware Installation Failed,2023-03-08T18:26:00Z,sat_diagnostic_result,sat_diagnostic_result:BV-CELLBATCH-000474:0002,USR-087,"[""BV-CELLBATCH-000474"",""BV-SECONDLIFESYSTEM-000474"",""BV-BATTERYPASSPORT-000474""]"
CELLBATCH-000516,Battery Pack Failed Test,2023-03-08T18:47:00Z,sat_shipment_status,sat_shipment_status:BV-CELLBATCH-000516:0001,USR-018,"[""BV-CELLBATCH-000516"",""BV-WARRANTYCLAIM-000016""]"
CELLBATCH-000518,Battery Pack Failed Test,2023-03-09T00:49:00Z,sat_shipment_status,sat_shipment_status:BV-CELLBATCH-000518:0001,USR-052,"[""BV-CELLBATCH-000518"",""BV-WARRANTYCLAIM-000018"",""BV-CERTIFICATE-000018""]"
CELLBATCH-000415,Battery Pack Failed Test,2023-03-09T04:00:00Z,sat_shipment_status,sat_shipment_status:BV-CELLBATCH-000415:0001,USR-079,"[""BV-CELLBATCH-000415"",""BV-WARRANTYCLAIM-000415""]"
CELLBATCH-000415,Firmware Installation Failed,2023-03-09T04:37:00Z,sat_diagnostic_result,sat_diagnostic_result:BV-CELLBATCH-000415:0002,USR-100,"[""BV-CELLBATCH-000415"",""BV-SECONDLIFESYSTEM-000415"",""BV-BATTERYPASSPORT-000415""]"
CELLBATCH-000415,Firmware Rolled Back,2023-03-09T05:14:00Z,sat_service_status,sat_service_status:BV-CELLBATCH-000415:0003,USR-101,"[""BV-CELLBATCH-000415"",""BV-RECYCLINGORDER-000415""]"
CELLBATCH-000415,Second-Life Assessment Failed,2023-03-09T05:51:00Z,sat_recall_status,sat_recall_status:BV-CELLBATCH-000415:0002,USR-117,"[""BV-CELLBATCH-000415"",""BV-SECONDLIFESYSTEM-000415""]"
CELLBATCH-000520,Battery Pack Failed Test,2023-03-09T06:51:00Z,sat_shipment_status,sat_shipment_status:BV-CELLBATCH-000520:0001,USR-086,"[""BV-CELLBATCH-000520"",""BV-WARRANTYCLAIM-000020"",""BV-CERTIFICATE-000020""]"
CELLBATCH-000522,Battery Pack Failed Test,2023-03-09T12:00:00Z,sat_shipment_status,sat_shipment_status:BV-CELLBATCH-000522:0001,USR-120,"[""BV-CELLBATCH-000522"",""BV-WARRANTYCLAIM-000022""]"
CELLBATCH-000478,Firmware Rolled Back,2023-03-09T12:31:00Z,sat_service_status,sat_service_status:BV-CELLBATCH-000478:0002,USR-029,"[""BV-CELLBATCH-000478"",""BV-RECYCLINGORDER-000478"",""BV-VEHICLE-000478""]"
CELLBATCH-000524,Battery Pack Failed Test,2023-03-09T18:02:00Z,sat_shipment_status,sat_shipment_status:BV-CELLBATCH-000524:0001,USR-027,"[""BV-CELLBATCH-000524"",""BV-WARRANTYCLAIM-000024"",""BV-CERTIFICATE-000024""]"
CELLBATCH-000420,Battery Pack Failed Test,2023-03-09T19:00:00Z,sat_shipment_status,sat_shipment_status:BV-CELLBATCH-000420:0003,USR-037,"[""BV-CELLBATCH-000420"",""BV-WARRANTYCLAIM-000420""]"
CELLBATCH-000420,Firmware Installation Failed,2023-03-09T19:37:00Z,sat_diagnostic_result,sat_diagnostic_result:BV-CELLBATCH-000420:0002,USR-058,"[""BV-CELLBATCH-000420"",""BV-SECONDLIFESYSTEM-000420""]"
CELLBATCH-000420,Firmware Rolled Back,2023-03-09T20:14:00Z,sat_service_status,sat_service_status:BV-CELLBATCH-000420:0002,USR-059,"[""BV-CELLBATCH-000420"",""BV-RECYCLINGORDER-000420"",""BV-VEHICLE-000420""]"
CELLBATCH-000420,Second-Life Assessment Failed,2023-03-09T20:51:00Z,sat_recall_status,sat_recall_status:BV-CELLBATCH-000420:0001,USR-075,"[""BV-CELLBATCH-000420"",""BV-SECONDLIFESYSTEM-000420""]"
CELLBATCH-000526,Battery Pack Failed Test,2023-03-10T00:04:00Z,sat_shipment_status,sat_shipment_status:BV-CELLBATCH-000526:0001,USR-061,"[""BV-CELLBATCH-000526"",""BV-WARRANTYCLAIM-000026"",""BV-CERTIFICATE-000026""]"
CELLBATCH-000528,Battery Pack Failed Test,2023-03-10T06:06:00Z,sat_shipment_status,sat_shipment_status:BV-CELLBATCH-000528:0001,USR-095,"[""BV-CELLBATCH-000528"",""BV-WARRANTYCLAIM-000028""]"
CELLBATCH-000485,Firmware Rolled Back,2023-03-10T09:38:00Z,sat_service_status,sat_service_status:BV-CELLBATCH-000485:0002,USR-021,"[""BV-CELLBATCH-000485"",""BV-RECYCLINGORDER-000485""]"
CELLBATCH-000425,Battery Pack Failed Test,2023-03-10T10:00:00Z,sat_shipment_status,sat_shipment_status:BV-CELLBATCH-000425:0002,USR-122,"[""BV-CELLBATCH-000425"",""BV-WARRANTYCLAIM-000425"",""BV-CERTIFICATE-000425""]"
CELLBATCH-000425,Firmware Installation Failed,2023-03-10T10:37:00Z,sat_diagnostic_result,sat_diagnostic_result:BV-CELLBATCH-000425:0002,USR-016,"[""BV-CELLBATCH-000425"",""BV-SECONDLIFESYSTEM-000425""]"
CELLBATCH-000425,Firmware Rolled Back,2023-03-10T11:14:00Z,sat_service_status,sat_service_status:BV-CELLBATCH-000425:0002,USR-017,"[""BV-CELLBATCH-000425"",""BV-RECYCLINGORDER-000425""]"
CELLBATCH-000425,Second-Life Assessment Failed,2023-03-10T11:51:00Z,sat_recall_status,sat_recall_status:BV-CELLBATCH-000425:0003,USR-033,"[""BV-CELLBATCH-000425"",""BV-SECONDLIFESYSTEM-000425"",""BV-BATTERYPASSPORT-000425""]"
CELLBATCH-000530,Battery Pack Failed Test,2023-03-10T12:08:00Z,sat_shipment_status,sat_shipment_status:BV-CELLBATCH-000530:0001,USR-002,"[""BV-CELLBATCH-000530"",""BV-WARRANTYCLAIM-000030""]"
CELLBATCH-000532,Battery Pack Failed Test,2023-03-10T18:10:00Z,sat_shipment_status,sat_shipment_status:BV-CELLBATCH-000532:0001,USR-036,"[""BV-CELLBATCH-000532"",""BV-WARRANTYCLAIM-000032"",""BV-CERTIFICATE-000032""]"
CELLBATCH-000456,Second-Life Assessment Failed,2023-03-10T18:25:00Z,sat_recall_status,sat_recall_status:BV-CELLBATCH-000456:0001,USR-052,"[""BV-CELLBATCH-000456"",""BV-SECONDLIFESYSTEM-000456""]"
CELLBATCH-000534,Battery Pack Failed Test,2023-03-11T00:12:00Z,sat_shipment_status,sat_shipment_status:BV-CELLBATCH-000534:0001,USR-070,"[""BV-CELLBATCH-000534"",""BV-WARRANTYCLAIM-000034"",""BV-CERTIFICATE-000034""]"
CELLBATCH-000430,Battery Pack Failed Test,2023-03-11T01:00:00Z,sat_shipment_status,sat_shipment_status:BV-CELLBATCH-000430:0002,USR-080,"[""BV-CELLBATCH-000430"",""BV-WARRANTYCLAIM-000430"",""BV-CERTIFICATE-000430""]"
CELLBATCH-000430,Firmware Installation Failed,2023-03-11T01:37:00Z,sat_diagnostic_result,sat_diagnostic_result:BV-CELLBATCH-000430:0002,USR-101,"[""BV-CELLBATCH-000430"",""BV-SECONDLIFESYSTEM-000430""]"
CELLBATCH-000430,Firmware Rolled Back,2023-03-11T02:14:00Z,sat_service_status,sat_service_status:BV-CELLBATCH-000430:0002,USR-102,"[""BV-CELLBATCH-000430"",""BV-RECYCLINGORDER-000430"",""BV-VEHICLE-000430""]"
CELLBATCH-000430,Second-Life Assessment Failed,2023-03-11T02:51:00Z,sat_recall_status,sat_recall_status:BV-CELLBATCH-000430:0001,USR-118,"[""BV-CELLBATCH-000430"",""BV-SECONDLIFESYSTEM-000430""]"
CELLBATCH-000536,Battery Pack Failed Test,2023-03-11T06:14:00Z,sat_shipment_status,sat_shipment_status:BV-CELLBATCH-000536:0001,USR-104,"[""BV-CELLBATCH-000536"",""BV-WARRANTYCLAIM-000036""]"
CELLBATCH-000492,Firmware Rolled Back,2023-03-11T06:45:00Z,sat_service_status,sat_service_status:BV-CELLBATCH-000492:0003,USR-013,"[""BV-CELLBATCH-000492"",""BV-RECYCLINGORDER-000492"",""BV-VEHICLE-000492""]"
CELLBATCH-000538,Battery Pack Failed Test,2023-03-11T12:16:00Z,sat_shipment_status,sat_shipment_status:BV-CELLBATCH-000538:0001,USR-011,"[""BV-CELLBATCH-000538"",""BV-WARRANTYCLAIM-000038"",""BV-CERTIFICATE-000038""]"
CELLBATCH-000435,Battery Pack Failed Test,2023-03-11T16:00:00Z,sat_shipment_status,sat_shipment_status:BV-CELLBATCH-000435:0001,USR-038,"[""BV-CELLBATCH-000435"",""BV-WARRANTYCLAIM-000435"",""BV-CERTIFICATE-000435""]"
CELLBATCH-000435,Firmware Installation Failed,2023-03-11T16:37:00Z,sat_diagnostic_result,sat_diagnostic_result:BV-CELLBATCH-000435:0002,USR-059,"[""BV-CELLBATCH-000435"",""BV-SECONDLIFESYSTEM-000435""]"
CELLBATCH-000435,Firmware Rolled Back,2023-03-11T17:14:00Z,sat_service_status,sat_service_status:BV-CELLBATCH-000435:0002,USR-060,"[""BV-CELLBATCH-000435"",""BV-RECYCLINGORDER-000435"",""BV-VEHICLE-000435""]"
CELLBATCH-000435,Second-Life Assessment Failed,2023-03-11T17:51:00Z,sat_recall_status,sat_recall_status:BV-CELLBATCH-000435:0002,USR-076,"[""BV-CELLBATCH-000435"",""BV-SECONDLIFESYSTEM-000435""]"
CELLBATCH-000540,Battery Pack Failed Test,2023-03-11T18:18:00Z,sat_shipment_status,sat_shipment_status:BV-CELLBATCH-000540:0001,USR-045,"[""BV-CELLBATCH-000540"",""BV-WARRANTYCLAIM-000040""]"
CELLBATCH-000542,Battery Pack Failed Test,2023-03-12T00:20:00Z,sat_shipment_status,sat_shipment_status:BV-CELLBATCH-000542:0001,USR-079,"[""BV-CELLBATCH-000542"",""BV-WARRANTYCLAIM-000042"",""BV-CERTIFICATE-000042""]"
CELLBATCH-000499,Firmware Rolled Back,2023-03-12T03:52:00Z,sat_service_status,sat_service_status:BV-CELLBATCH-000499:0002,USR-005,"[""BV-CELLBATCH-000499"",""BV-RECYCLINGORDER-000499""]"
CELLBATCH-000544,Battery Pack Failed Test,2023-03-12T06:22:00Z,sat_shipment_status,sat_shipment_status:BV-CELLBATCH-000544:0001,USR-113,"[""BV-CELLBATCH-000544"",""BV-WARRANTYCLAIM-000044"",""BV-CERTIFICATE-000044""]"
CELLBATCH-000440,Battery Pack Failed Test,2023-03-12T07:00:00Z,sat_shipment_status,sat_shipment_status:BV-CELLBATCH-000440:0002,USR-123,"[""BV-CELLBATCH-000440"",""BV-WARRANTYCLAIM-000440""]"
CELLBATCH-000440,Firmware Installation Failed,2023-03-12T07:37:00Z,sat_diagnostic_result,sat_diagnostic_result:BV-CELLBATCH-000440:0003,USR-017,"[""BV-CELLBATCH-000440"",""BV-SECONDLIFESYSTEM-000440"",""BV-BATTERYPASSPORT-000440""]"
CELLBATCH-000440,Firmware Rolled Back,2023-03-12T08:14:00Z,sat_service_status,sat_service_status:BV-CELLBATCH-000440:0002,USR-018,"[""BV-CELLBATCH-000440"",""BV-RECYCLINGORDER-000440""]"
CELLBATCH-000440,Second-Life Assessment Failed,2023-03-12T08:51:00Z,sat_recall_status,sat_recall_status:BV-CELLBATCH-000440:0001,USR-034,"[""BV-CELLBATCH-000440"",""BV-SECONDLIFESYSTEM-000440"",""BV-BATTERYPASSPORT-000440""]"
CELLBATCH-000546,Battery Pack Failed Test,2023-03-12T12:24:00Z,sat_shipment_status,sat_shipment_status:BV-CELLBATCH-000546:0001,USR-020,"[""BV-CELLBATCH-000546"",""BV-WARRANTYCLAIM-000046""]"
CELLBATCH-000548,Battery Pack Failed Test,2023-03-12T18:26:00Z,sat_shipment_status,sat_shipment_status:BV-CELLBATCH-000548:0001,USR-054,"[""BV-CELLBATCH-000548"",""BV-WARRANTYCLAIM-000048""]"
CELLBATCH-000445,Battery Pack Failed Test,2023-03-12T22:00:00Z,sat_shipment_status,sat_shipment_status:BV-CELLBATCH-000445:0001,USR-081,"[""BV-CELLBATCH-000445"",""BV-WARRANTYCLAIM-000445""]"
CELLBATCH-000445,Firmware Installation Failed,2023-03-12T22:37:00Z,sat_diagnostic_result,sat_diagnostic_result:BV-CELLBATCH-000445:0002,USR-102,"[""BV-CELLBATCH-000445"",""BV-SECONDLIFESYSTEM-000445""]"
CELLBATCH-000445,Firmware Rolled Back,2023-03-12T23:14:00Z,sat_service_status,sat_service_status:BV-CELLBATCH-000445:0002,USR-103,"[""BV-CELLBATCH-000445"",""BV-RECYCLINGORDER-000445"",""BV-VEHICLE-000445""]"
CELLBATCH-000445,Second-Life Assessment Failed,2023-03-12T23:51:00Z,sat_recall_status,sat_recall_status:BV-CELLBATCH-000445:0002,USR-119,"[""BV-CELLBATCH-000445"",""BV-SECONDLIFESYSTEM-000445""]"
CELLBATCH-000506,Firmware Rolled Back,2023-03-13T00:06:00Z,sat_service_status,sat_service_status:BV-CELLBATCH-000506:0002,USR-124,"[""BV-CELLBATCH-000506"",""BV-RECYCLINGORDER-000006"",""BV-VEHICLE-000006""]"
CELLBATCH-000550,Battery Pack Failed Test,2023-03-13T00:28:00Z,sat_shipment_status,sat_shipment_status:BV-CELLBATCH-000550:0001,USR-088,"[""BV-CELLBATCH-000550"",""BV-WARRANTYCLAIM-000050""]"
CELLBATCH-000552,Battery Pack Failed Test,2023-03-13T06:30:00Z,sat_shipment_status,sat_shipment_status:BV-CELLBATCH-000552:0001,USR-122,"[""BV-CELLBATCH-000552"",""BV-WARRANTYCLAIM-000052""]"
CELLBATCH-000511,Firmware Installation Failed,2023-03-13T09:10:00Z,sat_diagnostic_result,sat_diagnostic_result:BV-CELLBATCH-000511:0002,USR-081,"[""BV-CELLBATCH-000511"",""BV-SECONDLIFESYSTEM-000011""]"
CELLBATCH-000554,Battery Pack Failed Test,2023-03-13T12:32:00Z,sat_shipment_status,sat_shipment_status:BV-CELLBATCH-000554:0001,USR-029,"[""BV-CELLBATCH-000554"",""BV-WARRANTYCLAIM-000054"",""BV-CERTIFICATE-000054""]"
CELLBATCH-000450,Battery Pack Failed Test,2023-03-13T13:00:00Z,sat_shipment_status,sat_shipment_status:BV-CELLBATCH-000450:0002,USR-039,"[""BV-CELLBATCH-000450"",""BV-WARRANTYCLAIM-000450"",""BV-CERTIFICATE-000450""]"
CELLBATCH-000450,Firmware Installation Failed,2023-03-13T13:37:00Z,sat_diagnostic_result,sat_diagnostic_result:BV-CELLBATCH-000450:0002,USR-060,"[""BV-CELLBATCH-000450"",""BV-SECONDLIFESYSTEM-000450""]"
CELLBATCH-000450,Firmware Rolled Back,2023-03-13T14:14:00Z,sat_service_status,sat_service_status:BV-CELLBATCH-000450:0003,USR-061,"[""BV-CELLBATCH-000450"",""BV-RECYCLINGORDER-000450"",""BV-VEHICLE-000450""]"
CELLBATCH-000450,Second-Life Assessment Failed,2023-03-13T14:51:00Z,sat_recall_status,sat_recall_status:BV-CELLBATCH-000450:0001,USR-077,"[""BV-CELLBATCH-000450"",""BV-SECONDLIFESYSTEM-000450""]"
CELLBATCH-000556,Battery Pack Failed Test,2023-03-13T18:34:00Z,sat_shipment_status,sat_shipment_status:BV-CELLBATCH-000556:0001,USR-063,"[""BV-CELLBATCH-000556"",""BV-WARRANTYCLAIM-000056"",""BV-CERTIFICATE-000056""]"
CELLBATCH-000513,Firmware Rolled Back,2023-03-13T21:13:00Z,sat_service_status,sat_service_status:BV-CELLBATCH-000513:0002,USR-116,"[""BV-CELLBATCH-000513"",""BV-RECYCLINGORDER-000013"",""BV-VEHICLE-000013""]"
CELLBATCH-000558,Battery Pack Failed Test,2023-03-14T00:36:00Z,sat_shipment_status,sat_shipment_status:BV-CELLBATCH-000558:0001,USR-097,"[""BV-CELLBATCH-000558"",""BV-WARRANTYCLAIM-000058""]"
CELLBATCH-000455,Battery Pack Failed Test,2023-03-14T04:00:00Z,sat_shipment_status,sat_shipment_status:BV-CELLBATCH-000455:0002,USR-124,"[""BV-CELLBATCH-000455"",""BV-WARRANTYCLAIM-000455""]"
CELLBATCH-000455,Firmware Installation Failed,2023-03-14T04:37:00Z,sat_diagnostic_result,sat_diagnostic_result:BV-CELLBATCH-000455:0002,USR-018,"[""BV-CELLBATCH-000455"",""BV-SECONDLIFESYSTEM-000455"",""BV-BATTERYPASSPORT-000455""]"
CELLBATCH-000455,Firmware Rolled Back,2023-03-14T05:14:00Z,sat_service_status,sat_service_status:BV-CELLBATCH-000455:0002,USR-019,"[""BV-CELLBATCH-000455"",""BV-RECYCLINGORDER-000455""]"
CELLBATCH-000455,Second-Life Assessment Failed,2023-03-14T05:51:00Z,sat_recall_status,sat_recall_status:BV-CELLBATCH-000455:0004,USR-035,"[""BV-CELLBATCH-000455"",""BV-SECONDLIFESYSTEM-000455""]"
CELLBATCH-000560,Battery Pack Failed Test,2023-03-14T06:38:00Z,sat_shipment_status,sat_shipment_status:BV-CELLBATCH-000560:0001,USR-004,"[""BV-CELLBATCH-000560"",""BV-WARRANTYCLAIM-000060""]"
CELLBATCH-000562,Battery Pack Failed Test,2023-03-14T12:40:00Z,sat_shipment_status,sat_shipment_status:BV-CELLBATCH-000562:0001,USR-038,"[""BV-CELLBATCH-000562"",""BV-WARRANTYCLAIM-000062"",""BV-CERTIFICATE-000062""]"
CELLBATCH-000487,Second-Life Assessment Failed,2023-03-14T15:03:00Z,sat_recall_status,sat_recall_status:BV-CELLBATCH-000487:0002,USR-071,"[""BV-CELLBATCH-000487"",""BV-SECONDLIFESYSTEM-000487""]"
CELLBATCH-000520,Firmware Rolled Back,2023-03-14T18:20:00Z,sat_service_status,sat_service_status:BV-CELLBATCH-000520:0002,USR-108,"[""BV-CELLBATCH-000520"",""BV-RECYCLINGORDER-000020""]"
CELLBATCH-000564,Battery Pack Failed Test,2023-03-14T18:42:00Z,sat_shipment_status,sat_shipment_status:BV-CELLBATCH-000564:0001,USR-072,"[""BV-CELLBATCH-000564"",""BV-WARRANTYCLAIM-000064""]"
CELLBATCH-000460,Battery Pack Failed Test,2023-03-14T19:00:00Z,sat_shipment_status,sat_shipment_status:BV-CELLBATCH-000460:0002,USR-082,"[""BV-CELLBATCH-000460"",""BV-WARRANTYCLAIM-000460""]"
CELLBATCH-000460,Firmware Installation Failed,2023-03-14T19:37:00Z,sat_diagnostic_result,sat_diagnostic_result:BV-CELLBATCH-000460:0002,USR-103,"[""BV-CELLBATCH-000460"",""BV-SECONDLIFESYSTEM-000460""]"
CELLBATCH-000460,Firmware Rolled Back,2023-03-14T20:14:00Z,sat_service_status,sat_service_status:BV-CELLBATCH-000460:0002,USR-104,"[""BV-CELLBATCH-000460"",""BV-RECYCLINGORDER-000460"",""BV-VEHICLE-000460""]"
CELLBATCH-000460,Second-Life Assessment Failed,2023-03-14T20:51:00Z,sat_recall_status,sat_recall_status:BV-CELLBATCH-000460:0001,USR-120,"[""BV-CELLBATCH-000460"",""BV-SECONDLIFESYSTEM-000460""]"
CELLBATCH-000566,Battery Pack Failed Test,2023-03-15T00:44:00Z,sat_shipment_status,sat_shipment_status:BV-CELLBATCH-000566:0001,USR-106,"[""BV-CELLBATCH-000566"",""BV-WARRANTYCLAIM-000066""]"
CELLBATCH-000568,Battery Pack Failed Test,2023-03-15T06:46:00Z,sat_shipment_status,sat_shipment_status:BV-CELLBATCH-000568:0001,USR-013,"[""BV-CELLBATCH-000568"",""BV-WARRANTYCLAIM-000068"",""BV-CERTIFICATE-000068""]"
CELLBATCH-000465,Battery Pack Failed Test,2023-03-15T10:00:00Z,sat_shipment_status,sat_shipment_status:BV-CELLBATCH-000465:0001,USR-040,"[""BV-CELLBATCH-000465"",""BV-WARRANTYCLAIM-000465"",""BV-CERTIFICATE-000465""]"
CELLBATCH-000465,Firmware Installation Failed,2023-03-15T10:37:00Z,sat_diagnostic_result,sat_diagnostic_result:BV-CELLBATCH-000465:0002,USR-061,"[""BV-CELLBATCH-000465"",""BV-SECONDLIFESYSTEM-000465""]"
CELLBATCH-000465,Firmware Rolled Back,2023-03-15T11:14:00Z,sat_service_status,sat_service_status:BV-CELLBATCH-000465:0002,USR-062,"[""BV-CELLBATCH-000465"",""BV-RECYCLINGORDER-000465""]"
CELLBATCH-000465,Second-Life Assessment Failed,2023-03-15T11:51:00Z,sat_recall_status,sat_recall_status:BV-CELLBATCH-000465:0002,USR-078,"[""BV-CELLBATCH-000465"",""BV-SECONDLIFESYSTEM-000465"",""BV-BATTERYPASSPORT-000465""]"
CELLBATCH-000570,Battery Pack Failed Test,2023-03-15T12:48:00Z,sat_shipment_status,sat_shipment_status:BV-CELLBATCH-000570:0001,USR-047,"[""BV-CELLBATCH-000570"",""BV-WARRANTYCLAIM-000070""]"
CELLBATCH-000527,Firmware Rolled Back,2023-03-15T15:27:00Z,sat_service_status,sat_service_status:BV-CELLBATCH-000527:0002,USR-100,"[""BV-CELLBATCH-000527"",""BV-RECYCLINGORDER-000027""]"
CELLBATCH-000572,Battery Pack Failed Test,2023-03-15T18:50:00Z,sat_shipment_status,sat_shipment_status:BV-CELLBATCH-000572:0001,USR-081,"[""BV-CELLBATCH-000572"",""BV-WARRANTYCLAIM-000072""]"
CELLBATCH-000574,Battery Pack Failed Test,2023-03-16T00:52:00Z,sat_shipment_status,sat_shipment_status:BV-CELLBATCH-000574:0001,USR-115,"[""BV-CELLBATCH-000574"",""BV-WARRANTYCLAIM-000074"",""BV-CERTIFICATE-000074""]"
CELLBATCH-000470,Battery Pack Failed Test,2023-03-16T01:00:00Z,sat_shipment_status,sat_shipment_status:BV-CELLBATCH-000470:0003,USR-125,"[""BV-CELLBATCH-000470"",""BV-WARRANTYCLAIM-000470""]"
CELLBATCH-000470,Firmware Installation Failed,2023-03-16T01:37:00Z,sat_diagnostic_result,sat_diagnostic_result:BV-CELLBATCH-000470:0002,USR-019,"[""BV-CELLBATCH-000470"",""BV-SECONDLIFESYSTEM-000470""]"
CELLBATCH-000470,Firmware Rolled Back,2023-03-16T02:14:00Z,sat_service_status,sat_service_status:BV-CELLBATCH-000470:0002,USR-020,"[""BV-CELLBATCH-000470"",""BV-RECYCLINGORDER-000470"",""BV-VEHICLE-000470""]"
CELLBATCH-000470,Second-Life Assessment Failed,2023-03-16T02:51:00Z,sat_recall_status,sat_recall_status:BV-CELLBATCH-000470:0001,USR-036,"[""BV-CELLBATCH-000470"",""BV-SECONDLIFESYSTEM-000470""]"
CELLBATCH-000576,Battery Pack Failed Test,2023-03-16T06:01:00Z,sat_shipment_status,sat_shipment_status:BV-CELLBATCH-000576:0001,USR-022,"[""BV-CELLBATCH-000576"",""BV-WARRANTYCLAIM-000076""]"
CELLBATCH-000578,Battery Pack Failed Test,2023-03-16T12:03:00Z,sat_shipment_status,sat_shipment_status:BV-CELLBATCH-000578:0001,USR-056,"[""BV-CELLBATCH-000578"",""BV-WARRANTYCLAIM-000078""]"
CELLBATCH-000534,Firmware Rolled Back,2023-03-16T12:34:00Z,sat_service_status,sat_service_status:BV-CELLBATCH-000534:0002,USR-092,"[""BV-CELLBATCH-000534"",""BV-RECYCLINGORDER-000034"",""BV-VEHICLE-000034""]"
CELLBATCH-000475,Battery Pack Failed Test,2023-03-16T16:00:00Z,sat_shipment_status,sat_shipment_status:BV-CELLBATCH-000475:0001,USR-083,"[""BV-CELLBATCH-000475"",""BV-WARRANTYCLAIM-000475""]"
CELLBATCH-000475,Firmware Installation Failed,2023-03-16T16:37:00Z,sat_diagnostic_result,sat_diagnostic_result:BV-CELLBATCH-000475:0002,USR-104,"[""BV-CELLBATCH-000475"",""BV-SECONDLIFESYSTEM-000475""]"
CELLBATCH-000475,Firmware Rolled Back,2023-03-16T17:14:00Z,sat_service_status,sat_service_status:BV-CELLBATCH-000475:0002,USR-105,"[""BV-CELLBATCH-000475"",""BV-RECYCLINGORDER-000475"",""BV-VEHICLE-000475""]"
CELLBATCH-000475,Second-Life Assessment Failed,2023-03-16T17:51:00Z,sat_recall_status,sat_recall_status:BV-CELLBATCH-000475:0002,USR-121,"[""BV-CELLBATCH-000475"",""BV-SECONDLIFESYSTEM-000475""]"
CELLBATCH-000580,Battery Pack Failed Test,2023-03-16T18:05:00Z,sat_shipment_status,sat_shipment_status:BV-CELLBATCH-000580:0001,USR-090,"[""BV-CELLBATCH-000580"",""BV-WARRANTYCLAIM-000080""]"
CELLBATCH-000582,Battery Pack Failed Test,2023-03-17T00:07:00Z,sat_shipment_status,sat_shipment_status:BV-CELLBATCH-000582:0001,USR-124,"[""BV-CELLBATCH-000582"",""BV-WARRANTYCLAIM-000082"",""BV-CERTIFICATE-000082""]"
CELLBATCH-000584,Battery Pack Failed Test,2023-03-17T06:09:00Z,sat_shipment_status,sat_shipment_status:BV-CELLBATCH-000584:0001,USR-031,"[""BV-CELLBATCH-000584"",""BV-WARRANTYCLAIM-000084""]"
CELLBATCH-000480,Battery Pack Failed Test,2023-03-17T07:00:00Z,sat_shipment_status,sat_shipment_status:BV-CELLBATCH-000480:0002,USR-041,"[""BV-CELLBATCH-000480"",""BV-WARRANTYCLAIM-000480""]"
CELLBATCH-000480,Firmware Installation Failed,2023-03-17T07:37:00Z,sat_diagnostic_result,sat_diagnostic_result:BV-CELLBATCH-000480:0002,USR-062,"[""BV-CELLBATCH-000480"",""BV-SECONDLIFESYSTEM-000480""]"
CELLBATCH-000480,Firmware Rolled Back,2023-03-17T08:14:00Z,sat_service_status,sat_service_status:BV-CELLBATCH-000480:0002,USR-063,"[""BV-CELLBATCH-000480"",""BV-RECYCLINGORDER-000480"",""BV-VEHICLE-000480""]"
CELLBATCH-000480,Second-Life Assessment Failed,2023-03-17T08:51:00Z,sat_recall_status,sat_recall_status:BV-CELLBATCH-000480:0002,USR-079,"[""BV-CELLBATCH-000480"",""BV-SECONDLIFESYSTEM-000480""]"
CELLBATCH-000541,Firmware Rolled Back,2023-03-17T09:41:00Z,sat_service_status,sat_service_status:BV-CELLBATCH-000541:0002,USR-084,"[""BV-CELLBATCH-000541"",""BV-RECYCLINGORDER-000041"",""BV-VEHICLE-000041""]"
CELLBATCH-000586,Battery Pack Failed Test,2023-03-17T12:11:00Z,sat_shipment_status,sat_shipment_status:BV-CELLBATCH-000586:0001,USR-065,"[""BV-CELLBATCH-000586"",""BV-WARRANTYCLAIM-000086"",""BV-CERTIFICATE-000086""]"
CELLBATCH-000588,Battery Pack Failed Test,2023-03-17T18:13:00Z,sat_shipment_status,sat_shipment_status:BV-CELLBATCH-000588:0001,USR-099,"[""BV-CELLBATCH-000588"",""BV-WARRANTYCLAIM-000088"",""BV-CERTIFICATE-000088""]"
CELLBATCH-000485,Battery Pack Failed Test,2023-03-17T22:00:00Z,sat_shipment_status,sat_shipment_status:BV-CELLBATCH-000485:0001,USR-126,"[""BV-CELLBATCH-000485"",""BV-WARRANTYCLAIM-000485""]"
CELLBATCH-000485,Firmware Installation Failed,2023-03-17T22:37:00Z,sat_diagnostic_result,sat_diagnostic_result:BV-CELLBATCH-000485:0002,USR-020,"[""BV-CELLBATCH-000485"",""BV-SECONDLIFESYSTEM-000485"",""BV-BATTERYPASSPORT-000485""]"
CELLBATCH-000485,Firmware Rolled Back,2023-03-17T23:14:00Z,sat_service_status,sat_service_status:BV-CELLBATCH-000485:0003,USR-021,"[""BV-CELLBATCH-000485"",""BV-RECYCLINGORDER-000485""]"
CELLBATCH-000485,Second-Life Assessment Failed,2023-03-17T23:51:00Z,sat_recall_status,sat_recall_status:BV-CELLBATCH-000485:0002,USR-037,"[""BV-CELLBATCH-000485"",""BV-SECONDLIFESYSTEM-000485""]"
CELLBATCH-000590,Battery Pack Failed Test,2023-03-18T00:15:00Z,sat_shipment_status,sat_shipment_status:BV-CELLBATCH-000590:0001,USR-006,"[""BV-CELLBATCH-000590"",""BV-WARRANTYCLAIM-000090""]"
CELLBATCH-000548,Firmware Installation Failed,2023-03-18T00:47:00Z,sat_diagnostic_result,sat_diagnostic_result:BV-CELLBATCH-000548:0002,USR-075,"[""BV-CELLBATCH-000548"",""BV-SECONDLIFESYSTEM-000048""]"
CELLBATCH-000592,Battery Pack Failed Test,2023-03-18T06:17:00Z,sat_shipment_status,sat_shipment_status:BV-CELLBATCH-000592:0001,USR-040,"[""BV-CELLBATCH-000592"",""BV-WARRANTYCLAIM-000092"",""BV-CERTIFICATE-000092""]"
CELLBATCH-000548,Firmware Rolled Back,2023-03-18T06:48:00Z,sat_service_status,sat_service_status:BV-CELLBATCH-000548:0002,USR-076,"[""BV-CELLBATCH-000548"",""BV-RECYCLINGORDER-000048""]"
CELLBATCH-000594,Battery Pack Failed Test,2023-03-18T12:19:00Z,sat_shipment_status,sat_shipment_status:BV-CELLBATCH-000594:0001,USR-074,"[""BV-CELLBATCH-000594"",""BV-WARRANTYCLAIM-000094""]"
CELLBATCH-000518,Second-Life Assessment Failed,2023-03-18T12:34:00Z,sat_recall_status,sat_recall_status:BV-CELLBATCH-000518:0001,USR-090,"[""BV-CELLBATCH-000518"",""BV-SECONDLIFESYSTEM-000018""]"
CELLBATCH-000490,Battery Pack Failed Test,2023-03-18T13:00:00Z,sat_shipment_status,sat_shipment_status:BV-CELLBATCH-000490:0003,USR-084,"[""BV-CELLBATCH-000490"",""BV-WARRANTYCLAIM-000490"",""BV-CERTIFICATE-000490""]"
CELLBATCH-000490,Firmware Installation Failed,2023-03-18T13:37:00Z,sat_diagnostic_result,sat_diagnostic_result:BV-CELLBATCH-000490:0002,USR-105,"[""BV-CELLBATCH-000490"",""BV-SECONDLIFESYSTEM-000490""]"
CELLBATCH-000490,Firmware Rolled Back,2023-03-18T14:14:00Z,sat_service_status,sat_service_status:BV-CELLBATCH-000490:0002,USR-106,"[""BV-CELLBATCH-000490"",""BV-RECYCLINGORDER-000490""]"
CELLBATCH-000490,Second-Life Assessment Failed,2023-03-18T14:51:00Z,sat_recall_status,sat_recall_status:BV-CELLBATCH-000490:0001,USR-122,"[""BV-CELLBATCH-000490"",""BV-SECONDLIFESYSTEM-000490"",""BV-BATTERYPASSPORT-000490""]"
CELLBATCH-000596,Battery Pack Failed Test,2023-03-18T18:21:00Z,sat_shipment_status,sat_shipment_status:BV-CELLBATCH-000596:0001,USR-108,"[""BV-CELLBATCH-000596"",""BV-WARRANTYCLAIM-000096""]"
CELLBATCH-000598,Battery Pack Failed Test,2023-03-19T00:23:00Z,sat_shipment_status,sat_shipment_status:BV-CELLBATCH-000598:0001,USR-015,"[""BV-CELLBATCH-000598"",""BV-WARRANTYCLAIM-000098"",""BV-CERTIFICATE-000098""]"
CELLBATCH-000555,Firmware Rolled Back,2023-03-19T03:02:00Z,sat_service_status,sat_service_status:BV-CELLBATCH-000555:0002,USR-068,"[""BV-CELLBATCH-000555"",""BV-RECYCLINGORDER-000055""]"
CELLBATCH-000495,Battery Pack Failed Test,2023-03-19T04:00:00Z,sat_shipment_status,sat_shipment_status:BV-CELLBATCH-000495:0001,USR-042,"[""BV-CELLBATCH-000495"",""BV-WARRANTYCLAIM-000495"",""BV-CERTIFICATE-000495""]"
CELLBATCH-000495,Firmware Installation Failed,2023-03-19T04:37:00Z,sat_diagnostic_result,sat_diagnostic_result:BV-CELLBATCH-000495:0002,USR-063,"[""BV-CELLBATCH-000495"",""BV-SECONDLIFESYSTEM-000495""]"
CELLBATCH-000495,Firmware Rolled Back,2023-03-19T05:14:00Z,sat_service_status,sat_service_status:BV-CELLBATCH-000495:0002,USR-064,"[""BV-CELLBATCH-000495"",""BV-RECYCLINGORDER-000495""]"
CELLBATCH-000495,Second-Life Assessment Failed,2023-03-19T05:51:00Z,sat_recall_status,sat_recall_status:BV-CELLBATCH-000495:0002,USR-080,"[""BV-CELLBATCH-000495"",""BV-SECONDLIFESYSTEM-000495"",""BV-BATTERYPASSPORT-000495""]"
CELLBATCH-000600,Battery Pack Failed Test,2023-03-19T06:25:00Z,sat_shipment_status,sat_shipment_status:BV-CELLBATCH-000600:0001,USR-049,"[""BV-CELLBATCH-000600"",""BV-WARRANTYCLAIM-000100""]"
CELLBATCH-000602,Battery Pack Failed Test,2023-03-19T12:27:00Z,sat_shipment_status,sat_shipment_status:BV-CELLBATCH-000602:0001,USR-083,"[""BV-CELLBATCH-000602"",""BV-WARRANTYCLAIM-000102"",""BV-CERTIFICATE-000102""]"
CELLBATCH-000604,Battery Pack Failed Test,2023-03-19T18:29:00Z,sat_shipment_status,sat_shipment_status:BV-CELLBATCH-000604:0001,USR-117,"[""BV-CELLBATCH-000604"",""BV-WARRANTYCLAIM-000104"",""BV-CERTIFICATE-000104""]"
CELLBATCH-000500,Battery Pack Failed Test,2023-03-19T19:00:00Z,sat_shipment_status,sat_shipment_status:BV-CELLBATCH-000500:0002,USR-127,"[""BV-CELLBATCH-000500"",""BV-WARRANTYCLAIM-000500""]"
CELLBATCH-000500,Firmware Installation Failed,2023-03-19T19:37:00Z,sat_diagnostic_result,sat_diagnostic_result:BV-CELLBATCH-000500:0002,USR-021,"[""BV-CELLBATCH-000500"",""BV-SECONDLIFESYSTEM-000500"",""BV-BATTERYPASSPORT-000500""]"
CELLBATCH-000500,Firmware Rolled Back,2023-03-19T20:14:00Z,sat_service_status,sat_service_status:BV-CELLBATCH-000500:0002,USR-022,"[""BV-CELLBATCH-000500"",""BV-RECYCLINGORDER-000500""]"
CELLBATCH-000500,Second-Life Assessment Failed,2023-03-19T20:51:00Z,sat_recall_status,sat_recall_status:BV-CELLBATCH-000500:0001,USR-038,"[""BV-CELLBATCH-000500"",""BV-SECONDLIFESYSTEM-000500""]"
CELLBATCH-000562,Firmware Rolled Back,2023-03-20T00:09:00Z,sat_service_status,sat_service_status:BV-CELLBATCH-000562:0002,USR-060,"[""BV-CELLBATCH-000562"",""BV-RECYCLINGORDER-000062"",""BV-VEHICLE-000062""]"
CELLBATCH-000606,Battery Pack Failed Test,2023-03-20T00:31:00Z,sat_shipment_status,sat_shipment_status:BV-CELLBATCH-000606:0001,USR-024,"[""BV-CELLBATCH-000606"",""BV-WARRANTYCLAIM-000106"",""BV-CERTIFICATE-000106""]"
CELLBATCH-000608,Battery Pack Failed Test,2023-03-20T06:33:00Z,sat_shipment_status,sat_shipment_status:BV-CELLBATCH-000608:0001,USR-058,"[""BV-CELLBATCH-000608"",""BV-WARRANTYCLAIM-000108"",""BV-CERTIFICATE-000108""]"
CELLBATCH-000505,Battery Pack Failed Test,2023-03-20T10:00:00Z,sat_shipment_status,sat_shipment_status:BV-CELLBATCH-000505:0001,USR-085,"[""BV-CELLBATCH-000505"",""BV-WARRANTYCLAIM-000005"",""BV-CERTIFICATE-000005""]"
CELLBATCH-000505,Firmware Installation Failed,2023-03-20T10:37:00Z,sat_diagnostic_result,sat_diagnostic_result:BV-CELLBATCH-000505:0002,USR-106,"[""BV-CELLBATCH-000505"",""BV-SECONDLIFESYSTEM-000005""]"
CELLBATCH-000505,Firmware Rolled Back,2023-03-20T11:14:00Z,sat_service_status,sat_service_status:BV-CELLBATCH-000505:0003,USR-107,"[""BV-CELLBATCH-000505"",""BV-RECYCLINGORDER-000005""]"
CELLBATCH-000505,Second-Life Assessment Failed,2023-03-20T11:51:00Z,sat_recall_status,sat_recall_status:BV-CELLBATCH-000505:0002,USR-123,"[""BV-CELLBATCH-000505"",""BV-SECONDLIFESYSTEM-000005"",""BV-BATTERYPASSPORT-000505""]"
CELLBATCH-000610,Battery Pack Failed Test,2023-03-20T12:35:00Z,sat_shipment_status,sat_shipment_status:BV-CELLBATCH-000610:0001,USR-092,"[""BV-CELLBATCH-000610"",""BV-WARRANTYCLAIM-000110""]"
CELLBATCH-000612,Battery Pack Failed Test,2023-03-20T18:37:00Z,sat_shipment_status,sat_shipment_status:BV-CELLBATCH-000612:0001,USR-126,"[""BV-CELLBATCH-000612"",""BV-WARRANTYCLAIM-000112""]"
CELLBATCH-000569,Firmware Rolled Back,2023-03-20T21:16:00Z,sat_service_status,sat_service_status:BV-CELLBATCH-000569:0002,USR-052,"[""BV-CELLBATCH-000569"",""BV-RECYCLINGORDER-000069""]"
CELLBATCH-000614,Battery Pack Failed Test,2023-03-21T00:39:00Z,sat_shipment_status,sat_shipment_status:BV-CELLBATCH-000614:0001,USR-033,"[""BV-CELLBATCH-000614"",""BV-WARRANTYCLAIM-000114"",""BV-CERTIFICATE-000114""]"
CELLBATCH-000510,Battery Pack Failed Test,2023-03-21T01:00:00Z,sat_shipment_status,sat_shipment_status:BV-CELLBATCH-000510:0002,USR-043,"[""BV-CELLBATCH-000510"",""BV-WARRANTYCLAIM-000010""]"
CELLBATCH-000510,Firmware Installation Failed,2023-03-21T01:37:00Z,sat_diagnostic_result,sat_diagnostic_result:BV-CELLBATCH-000510:0002,USR-064,"[""BV-CELLBATCH-000510"",""BV-SECONDLIFESYSTEM-000010"",""BV-BATTERYPASSPORT-000510""]"
CELLBATCH-000510,Firmware Rolled Back,2023-03-21T02:14:00Z,sat_service_status,sat_service_status:BV-CELLBATCH-000510:0002,USR-065,"[""BV-CELLBATCH-000510"",""BV-RECYCLINGORDER-000010""]"
CELLBATCH-000510,Second-Life Assessment Failed,2023-03-21T02:51:00Z,sat_recall_status,sat_recall_status:BV-CELLBATCH-000510:0001,USR-081,"[""BV-CELLBATCH-000510"",""BV-SECONDLIFESYSTEM-000010""]"
CELLBATCH-000616,Battery Pack Failed Test,2023-03-21T06:41:00Z,sat_shipment_status,sat_shipment_status:BV-CELLBATCH-000616:0001,USR-067,"[""BV-CELLBATCH-000616"",""BV-WARRANTYCLAIM-000116""]"
CELLBATCH-000618,Battery Pack Failed Test,2023-03-21T12:43:00Z,sat_shipment_status,sat_shipment_status:BV-CELLBATCH-000618:0001,USR-101,"[""BV-CELLBATCH-000618"",""BV-WARRANTYCLAIM-000118""]"
CELLBATCH-000515,Battery Pack Failed Test,2023-03-21T16:00:00Z,sat_shipment_status,sat_shipment_status:BV-CELLBATCH-000515:0001,USR-001,"[""BV-CELLBATCH-000515"",""BV-WARRANTYCLAIM-000015"",""BV-CERTIFICATE-000015""]"
CELLBATCH-000515,Firmware Installation Failed,2023-03-21T16:37:00Z,sat_diagnostic_result,sat_diagnostic_result:BV-CELLBATCH-000515:0002,USR-022,"[""BV-CELLBATCH-000515"",""BV-SECONDLIFESYSTEM-000015""]"
CELLBATCH-000515,Firmware Rolled Back,2023-03-21T17:14:00Z,sat_service_status,sat_service_status:BV-CELLBATCH-000515:0003,USR-023,"[""BV-CELLBATCH-000515"",""BV-RECYCLINGORDER-000015"",""BV-VEHICLE-000015""]"
CELLBATCH-000515,Second-Life Assessment Failed,2023-03-21T17:51:00Z,sat_recall_status,sat_recall_status:BV-CELLBATCH-000515:0002,USR-039,"[""BV-CELLBATCH-000515"",""BV-SECONDLIFESYSTEM-000015""]"
CELLBATCH-000576,Firmware Rolled Back,2023-03-21T18:23:00Z,sat_service_status,sat_service_status:BV-CELLBATCH-000576:0002,USR-044,"[""BV-CELLBATCH-000576"",""BV-RECYCLINGORDER-000076"",""BV-VEHICLE-000076""]"
CELLBATCH-000620,Battery Pack Failed Test,2023-03-21T18:45:00Z,sat_shipment_status,sat_shipment_status:BV-CELLBATCH-000620:0001,USR-008,"[""BV-CELLBATCH-000620"",""BV-WARRANTYCLAIM-000120""]"
CELLBATCH-000622,Battery Pack Failed Test,2023-03-22T00:47:00Z,sat_shipment_status,sat_shipment_status:BV-CELLBATCH-000622:0001,USR-042,"[""BV-CELLBATCH-000622"",""BV-WARRANTYCLAIM-000122""]"
CELLBATCH-000624,Battery Pack Failed Test,2023-03-22T06:49:00Z,sat_shipment_status,sat_shipment_status:BV-CELLBATCH-000624:0001,USR-076,"[""BV-CELLBATCH-000624"",""BV-WARRANTYCLAIM-000124""]"
CELLBATCH-000520,Battery Pack Failed Test,2023-03-22T07:00:00Z,sat_shipment_status,sat_shipment_status:BV-CELLBATCH-000520:0002,USR-086,"[""BV-CELLBATCH-000520"",""BV-WARRANTYCLAIM-000020"",""BV-CERTIFICATE-000020""]"
CELLBATCH-000520,Firmware Installation Failed,2023-03-22T07:37:00Z,sat_diagnostic_result,sat_diagnostic_result:BV-CELLBATCH-000520:0002,USR-107,"[""BV-CELLBATCH-000520"",""BV-SECONDLIFESYSTEM-000020""]"
CELLBATCH-000520,Firmware Rolled Back,2023-03-22T08:14:00Z,sat_service_status,sat_service_status:BV-CELLBATCH-000520:0003,USR-108,"[""BV-CELLBATCH-000520"",""BV-RECYCLINGORDER-000020"",""BV-VEHICLE-000020""]"
CELLBATCH-000520,Second-Life Assessment Failed,2023-03-22T08:51:00Z,sat_recall_status,sat_recall_status:BV-CELLBATCH-000520:0002,USR-124,"[""BV-CELLBATCH-000520"",""BV-SECONDLIFESYSTEM-000020""]"
CELLBATCH-000549,Second-Life Assessment Failed,2023-03-22T09:12:00Z,sat_recall_status,sat_recall_status:BV-CELLBATCH-000549:0002,USR-109,"[""BV-CELLBATCH-000549"",""BV-SECONDLIFESYSTEM-000049""]"
CELLBATCH-000626,Battery Pack Failed Test,2023-03-22T12:51:00Z,sat_shipment_status,sat_shipment_status:BV-CELLBATCH-000626:0001,USR-110,"[""BV-CELLBATCH-000626"",""BV-WARRANTYCLAIM-000126"",""BV-CERTIFICATE-000126""]"
CELLBATCH-000583,Firmware Rolled Back,2023-03-22T15:30:00Z,sat_service_status,sat_service_status:BV-CELLBATCH-000583:0002,USR-036,"[""BV-CELLBATCH-000583"",""BV-RECYCLINGORDER-000083""]"
CELLBATCH-000585,Firmware Installation Failed,2023-03-22T15:31:00Z,sat_diagnostic_result,sat_diagnostic_result:BV-CELLBATCH-000585:0002,USR-069,"[""BV-CELLBATCH-000585"",""BV-SECONDLIFESYSTEM-000085"",""BV-BATTERYPASSPORT-000585""]"
CELLBATCH-000628,Battery Pack Failed Test,2023-03-22T18:00:00Z,sat_shipment_status,sat_shipment_status:BV-CELLBATCH-000628:0001,USR-017,"[""BV-CELLBATCH-000628"",""BV-WARRANTYCLAIM-000128""]"
CELLBATCH-000525,Battery Pack Failed Test,2023-03-22T22:00:00Z,sat_shipment_status,sat_shipment_status:BV-CELLBATCH-000525:0002,USR-044,"[""BV-CELLBATCH-000525"",""BV-WARRANTYCLAIM-000025""]"
CELLBATCH-000525,Firmware Installation Failed,2023-03-22T22:37:00Z,sat_diagnostic_result,sat_diagnostic_result:BV-CELLBATCH-000525:0004,USR-065,"[""BV-CELLBATCH-000525"",""BV-SECONDLIFESYSTEM-000025"",""BV-BATTERYPASSPORT-000525""]"
CELLBATCH-000525,Firmware Rolled Back,2023-03-22T23:14:00Z,sat_service_status,sat_service_status:BV-CELLBATCH-000525:0002,USR-066,"[""BV-CELLBATCH-000525"",""BV-RECYCLINGORDER-000025""]"
CELLBATCH-000525,Second-Life Assessment Failed,2023-03-22T23:51:00Z,sat_recall_status,sat_recall_status:BV-CELLBATCH-000525:0002,USR-082,"[""BV-CELLBATCH-000525"",""BV-SECONDLIFESYSTEM-000025"",""BV-BATTERYPASSPORT-000525""]"
CELLBATCH-000630,Battery Pack Failed Test,2023-03-23T00:02:00Z,sat_shipment_status,sat_shipment_status:BV-CELLBATCH-000630:0001,USR-051,"[""BV-CELLBATCH-000630"",""BV-WARRANTYCLAIM-000130""]"
CELLBATCH-000632,Battery Pack Failed Test,2023-03-23T06:04:00Z,sat_shipment_status,sat_shipment_status:BV-CELLBATCH-000632:0001,USR-085,"[""BV-CELLBATCH-000632"",""BV-WARRANTYCLAIM-000132"",""BV-CERTIFICATE-000132""]"
CELLBATCH-000634,Battery Pack Failed Test,2023-03-23T12:06:00Z,sat_shipment_status,sat_shipment_status:BV-CELLBATCH-000634:0001,USR-119,"[""BV-CELLBATCH-000634"",""BV-WARRANTYCLAIM-000134""]"
CELLBATCH-000590,Firmware Rolled Back,2023-03-23T12:37:00Z,sat_service_status,sat_service_status:BV-CELLBATCH-000590:0002,USR-028,"[""BV-CELLBATCH-000590"",""BV-RECYCLINGORDER-000090""]"
CELLBATCH-000530,Battery Pack Failed Test,2023-03-23T13:00:00Z,sat_shipment_status,sat_shipment_status:BV-CELLBATCH-000530:0002,USR-002,"[""BV-CELLBATCH-000530"",""BV-WARRANTYCLAIM-000030"",""BV-CERTIFICATE-000030""]"
CELLBATCH-000530,Firmware Installation Failed,2023-03-23T13:37:00Z,sat_diagnostic_result,sat_diagnostic_result:BV-CELLBATCH-000530:0002,USR-023,"[""BV-CELLBATCH-000530"",""BV-SECONDLIFESYSTEM-000030""]"
CELLBATCH-000530,Firmware Rolled Back,2023-03-23T14:14:00Z,sat_service_status,sat_service_status:BV-CELLBATCH-000530:0003,USR-024,"[""BV-CELLBATCH-000530"",""BV-RECYCLINGORDER-000030""]"
CELLBATCH-000530,Second-Life Assessment Failed,2023-03-23T14:51:00Z,sat_recall_status,sat_recall_status:BV-CELLBATCH-000530:0001,USR-040,"[""BV-CELLBATCH-000530"",""BV-SECONDLIFESYSTEM-000030"",""BV-BATTERYPASSPORT-000530""]"
CELLBATCH-000636,Battery Pack Failed Test,2023-03-23T18:08:00Z,sat_shipment_status,sat_shipment_status:BV-CELLBATCH-000636:0001,USR-026,"[""BV-CELLBATCH-000636"",""BV-WARRANTYCLAIM-000136""]"
CELLBATCH-000638,Battery Pack Failed Test,2023-03-24T00:10:00Z,sat_shipment_status,sat_shipment_status:BV-CELLBATCH-000638:0001,USR-060,"[""BV-CELLBATCH-000638"",""BV-WARRANTYCLAIM-000138""]"
CELLBATCH-000535,Battery Pack Failed Test,2023-03-24T04:00:00Z,sat_shipment_status,sat_shipment_status:BV-CELLBATCH-000535:0001,USR-087,"[""BV-CELLBATCH-000535"",""BV-WARRANTYCLAIM-000035"",""BV-CERTIFICATE-000035""]"
CELLBATCH-000535,Firmware Installation Failed,2023-03-24T04:37:00Z,sat_diagnostic_result,sat_diagnostic_result:BV-CELLBATCH-000535:0002,USR-108,"[""BV-CELLBATCH-000535"",""BV-SECONDLIFESYSTEM-000035""]"
CELLBATCH-000535,Firmware Rolled Back,2023-03-24T05:14:00Z,sat_service_status,sat_service_status:BV-CELLBATCH-000535:0002,USR-109,"[""BV-CELLBATCH-000535"",""BV-RECYCLINGORDER-000035"",""BV-VEHICLE-000035""]"
CELLBATCH-000535,Second-Life Assessment Failed,2023-03-24T05:51:00Z,sat_recall_status,sat_recall_status:BV-CELLBATCH-000535:0002,USR-125,"[""BV-CELLBATCH-000535"",""BV-SECONDLIFESYSTEM-000035""]"
CELLBATCH-000640,Battery Pack Failed Test,2023-03-24T06:12:00Z,sat_shipment_status,sat_shipment_status:BV-CELLBATCH-000640:0001,USR-094,"[""BV-CELLBATCH-000640"",""BV-WARRANTYCLAIM-000140""]"
CELLBATCH-000597,Firmware Rolled Back,2023-03-24T09:44:00Z,sat_service_status,sat_service_status:BV-CELLBATCH-000597:0002,USR-020,"[""BV-CELLBATCH-000597"",""BV-RECYCLINGORDER-000097""]"
CELLBATCH-000642,Battery Pack Failed Test,2023-03-24T12:14:00Z,sat_shipment_status,sat_shipment_status:BV-CELLBATCH-000642:0001,USR-001,"[""BV-CELLBATCH-000642"",""BV-WARRANTYCLAIM-000142""]"
CELLBATCH-000644,Battery Pack Failed Test,2023-03-24T18:16:00Z,sat_shipment_status,sat_shipment_status:BV-CELLBATCH-000644:0001,USR-035,"[""BV-CELLBATCH-000644"",""BV-WARRANTYCLAIM-000144""]"
CELLBATCH-000540,Battery Pack Failed Test,2023-03-24T19:00:00Z,sat_shipment_status,sat_shipment_status:BV-CELLBATCH-000540:0002,USR-045,"[""BV-CELLBATCH-000540"",""BV-WARRANTYCLAIM-000040"",""BV-CERTIFICATE-000040""]"
CELLBATCH-000540,Firmware Installation Failed,2023-03-24T19:37:00Z,sat_diagnostic_result,sat_diagnostic_result:BV-CELLBATCH-000540:0002,USR-066,"[""BV-CELLBATCH-000540"",""BV-SECONDLIFESYSTEM-000040""]"
CELLBATCH-000540,Firmware Rolled Back,2023-03-24T20:14:00Z,sat_service_status,sat_service_status:BV-CELLBATCH-000540:0002,USR-067,"[""BV-CELLBATCH-000540"",""BV-RECYCLINGORDER-000040""]"
CELLBATCH-000540,Second-Life Assessment Failed,2023-03-24T20:51:00Z,sat_recall_status,sat_recall_status:BV-CELLBATCH-000540:0002,USR-083,"[""BV-CELLBATCH-000540"",""BV-SECONDLIFESYSTEM-000040"",""BV-BATTERYPASSPORT-000540""]"
CELLBATCH-000646,Battery Pack Failed Test,2023-03-25T00:18:00Z,sat_shipment_status,sat_shipment_status:BV-CELLBATCH-000646:0001,USR-069,"[""BV-CELLBATCH-000646"",""BV-WARRANTYCLAIM-000146"",""BV-CERTIFICATE-000146""]"
CELLBATCH-000648,Battery Pack Failed Test,2023-03-25T06:20:00Z,sat_shipment_status,sat_shipment_status:BV-CELLBATCH-000648:0001,USR-103,"[""BV-CELLBATCH-000648"",""BV-WARRANTYCLAIM-000148"",""BV-CERTIFICATE-000148""]"
CELLBATCH-000604,Firmware Rolled Back,2023-03-25T06:51:00Z,sat_service_status,sat_service_status:BV-CELLBATCH-000604:0002,USR-012,"[""BV-CELLBATCH-000604"",""BV-RECYCLINGORDER-000104"",""BV-VEHICLE-000104""]"
CELLBATCH-000545,Battery Pack Failed Test,2023-03-25T10:00:00Z,sat_shipment_status,sat_shipment_status:BV-CELLBATCH-000545:0001,USR-003,"[""BV-CELLBATCH-000545"",""BV-WARRANTYCLAIM-000045"",""BV-CERTIFICATE-000045""]"
CELLBATCH-000545,Firmware Installation Failed,2023-03-25T10:37:00Z,sat_diagnostic_result,sat_diagnostic_result:BV-CELLBATCH-000545:0002,USR-024,"[""BV-CELLBATCH-000545"",""BV-SECONDLIFESYSTEM-000045""]"
CELLBATCH-000545,Firmware Rolled Back,2023-03-25T11:14:00Z,sat_service_status,sat_service_status:BV-CELLBATCH-000545:0002,USR-025,"[""BV-CELLBATCH-000545"",""BV-RECYCLINGORDER-000045"",""BV-VEHICLE-000045""]"
CELLBATCH-000545,Second-Life Assessment Failed,2023-03-25T11:51:00Z,sat_recall_status,sat_recall_status:BV-CELLBATCH-000545:0002,USR-041,"[""BV-CELLBATCH-000545"",""BV-SECONDLIFESYSTEM-000045""]"
CELLBATCH-000650,Battery Pack Failed Test,2023-03-25T12:22:00Z,sat_shipment_status,sat_shipment_status:BV-CELLBATCH-000650:0001,USR-010,"[""BV-CELLBATCH-000650"",""BV-WARRANTYCLAIM-000150""]"
CELLBATCH-000652,Battery Pack Failed Test,2023-03-25T18:24:00Z,sat_shipment_status,sat_shipment_status:BV-CELLBATCH-000652:0001,USR-044,"[""BV-CELLBATCH-000652"",""BV-WARRANTYCLAIM-000152"",""BV-CERTIFICATE-000152""]"
CELLBATCH-000654,Battery Pack Failed Test,2023-03-26T00:26:00Z,sat_shipment_status,sat_shipment_status:BV-CELLBATCH-000654:0001,USR-078,"[""BV-CELLBATCH-000654"",""BV-WARRANTYCLAIM-000154""]"
CELLBATCH-000550,Battery Pack Failed Test,2023-03-26T01:00:00Z,sat_shipment_status,sat_shipment_status:BV-CELLBATCH-000550:0002,USR-088,"[""BV-CELLBATCH-000550"",""BV-WARRANTYCLAIM-000050"",""BV-CERTIFICATE-000050""]"
CELLBATCH-000550,Firmware Installation Failed,2023-03-26T01:37:00Z,sat_diagnostic_result,sat_diagnostic_result:BV-CELLBATCH-000550:0002,USR-109,"[""BV-CELLBATCH-000550"",""BV-SECONDLIFESYSTEM-000050""]"
CELLBATCH-000550,Firmware Rolled Back,2023-03-26T02:14:00Z,sat_service_status,sat_service_status:BV-CELLBATCH-000550:0002,USR-110,"[""BV-CELLBATCH-000550"",""BV-RECYCLINGORDER-000050"",""BV-VEHICLE-000050""]"
CELLBATCH-000550,Second-Life Assessment Failed,2023-03-26T02:51:00Z,sat_recall_status,sat_recall_status:BV-CELLBATCH-000550:0001,USR-126,"[""BV-CELLBATCH-000550"",""BV-SECONDLIFESYSTEM-000050""]"
CELLBATCH-000611,Firmware Rolled Back,2023-03-26T03:05:00Z,sat_service_status,sat_service_status:BV-CELLBATCH-000611:0002,USR-004,"[""BV-CELLBATCH-000611"",""BV-RECYCLINGORDER-000111""]"
CELLBATCH-000656,Battery Pack Failed Test,2023-03-26T06:28:00Z,sat_shipment_status,sat_shipment_status:BV-CELLBATCH-000656:0001,USR-112,"[""BV-CELLBATCH-000656"",""BV-WARRANTYCLAIM-000156"",""BV-CERTIFICATE-000156""]"
CELLBATCH-000580,Second-Life Assessment Failed,2023-03-26T06:43:00Z,sat_recall_status,sat_recall_status:BV-CELLBATCH-000580:0001,USR-001,"[""BV-CELLBATCH-000580"",""BV-SECONDLIFESYSTEM-000080"",""BV-BATTERYPASSPORT-000580""]"
CELLBATCH-000658,Battery Pack Failed Test,2023-03-26T12:30:00Z,sat_shipment_status,sat_shipment_status:BV-CELLBATCH-000658:0001,USR-019,"[""BV-CELLBATCH-000658"",""BV-WARRANTYCLAIM-000158""]"
CELLBATCH-000555,Battery Pack Failed Test,2023-03-26T16:00:00Z,sat_shipment_status,sat_shipment_status:BV-CELLBATCH-000555:0001,USR-046,"[""BV-CELLBATCH-000555"",""BV-WARRANTYCLAIM-000055""]"
CELLBATCH-000555,Firmware Installation Failed,2023-03-26T16:37:00Z,sat_diagnostic_result,sat_diagnostic_result:BV-CELLBATCH-000555:0002,USR-067,"[""BV-CELLBATCH-000555"",""BV-SECONDLIFESYSTEM-000055"",""BV-BATTERYPASSPORT-000555""]"
CELLBATCH-000555,Firmware Rolled Back,2023-03-26T17:14:00Z,sat_service_status,sat_service_status:BV-CELLBATCH-000555:0003,USR-068,"[""BV-CELLBATCH-000555"",""BV-RECYCLINGORDER-000055""]"
CELLBATCH-000555,Second-Life Assessment Failed,2023-03-26T17:51:00Z,sat_recall_status,sat_recall_status:BV-CELLBATCH-000555:0002,USR-084,"[""BV-CELLBATCH-000555"",""BV-SECONDLIFESYSTEM-000055"",""BV-BATTERYPASSPORT-000555""]"
CELLBATCH-000660,Battery Pack Failed Test,2023-03-26T18:32:00Z,sat_shipment_status,sat_shipment_status:BV-CELLBATCH-000660:0001,USR-053,"[""BV-CELLBATCH-000660"",""BV-WARRANTYCLAIM-000160""]"
CELLBATCH-000618,Firmware Rolled Back,2023-03-27T00:12:00Z,sat_service_status,sat_service_status:BV-CELLBATCH-000618:0002,USR-123,"[""BV-CELLBATCH-000618"",""BV-RECYCLINGORDER-000118""]"
CELLBATCH-000662,Battery Pack Failed Test,2023-03-27T00:34:00Z,sat_shipment_status,sat_shipment_status:BV-CELLBATCH-000662:0001,USR-087,"[""BV-CELLBATCH-000662"",""BV-WARRANTYCLAIM-000162"",""BV-CERTIFICATE-000162""]"
CELLBATCH-000622,Firmware Installation Failed,2023-03-27T06:15:00Z,sat_diagnostic_result,sat_diagnostic_result:BV-CELLBATCH-000622:0002,USR-063,"[""BV-CELLBATCH-000622"",""BV-SECONDLIFESYSTEM-000122"",""BV-BATTERYPASSPORT-000622""]"
CELLBATCH-000664,Battery Pack Failed Test,2023-03-27T06:36:00Z,sat_shipment_status,sat_shipment_status:BV-CELLBATCH-000664:0001,USR-121,"[""BV-CELLBATCH-000664"",""BV-WARRANTYCLAIM-000164"",""BV-CERTIFICATE-000164""]"
CELLBATCH-000560,Battery Pack Failed Test,2023-03-27T07:00:00Z,sat_shipment_status,sat_shipment_status:BV-CELLBATCH-000560:0003,USR-004,"[""BV-CELLBATCH-000560"",""BV-WARRANTYCLAIM-000060""]"
CELLBATCH-000560,Firmware Installation Failed,2023-03-27T07:37:00Z,sat_diagnostic_result,sat_diagnostic_result:BV-CELLBATCH-000560:0002,USR-025,"[""BV-CELLBATCH-000560"",""BV-SECONDLIFESYSTEM-000060""]"
CELLBATCH-000560,Firmware Rolled Back,2023-03-27T08:14:00Z,sat_service_status,sat_service_status:BV-CELLBATCH-000560:0002,USR-026,"[""BV-CELLBATCH-000560"",""BV-RECYCLINGORDER-000060"",""BV-VEHICLE-000060""]"
CELLBATCH-000560,Second-Life Assessment Failed,2023-03-27T08:51:00Z,sat_recall_status,sat_recall_status:BV-CELLBATCH-000560:0001,USR-042,"[""BV-CELLBATCH-000560"",""BV-SECONDLIFESYSTEM-000060""]"
CELLBATCH-000666,Battery Pack Failed Test,2023-03-27T12:38:00Z,sat_shipment_status,sat_shipment_status:BV-CELLBATCH-000666:0001,USR-028,"[""BV-CELLBATCH-000666"",""BV-WARRANTYCLAIM-000166""]"
CELLBATCH-000668,Battery Pack Failed Test,2023-03-27T18:40:00Z,sat_shipment_status,sat_shipment_status:BV-CELLBATCH-000668:0001,USR-062,"[""BV-CELLBATCH-000668"",""BV-WARRANTYCLAIM-000168""]"
CELLBATCH-000625,Firmware Rolled Back,2023-03-27T21:19:00Z,sat_service_status,sat_service_status:BV-CELLBATCH-000625:0002,USR-115,"[""BV-CELLBATCH-000625"",""BV-RECYCLINGORDER-000125"",""BV-VEHICLE-000125""]"
CELLBATCH-000565,Battery Pack Failed Test,2023-03-27T22:00:00Z,sat_shipment_status,sat_shipment_status:BV-CELLBATCH-000565:0002,USR-089,"[""BV-CELLBATCH-000565"",""BV-WARRANTYCLAIM-000065""]"
CELLBATCH-000565,Firmware Installation Failed,2023-03-27T22:37:00Z,sat_diagnostic_result,sat_diagnostic_result:BV-CELLBATCH-000565:0002,USR-110,"[""BV-CELLBATCH-000565"",""BV-SECONDLIFESYSTEM-000065""]"
CELLBATCH-000565,Firmware Rolled Back,2023-03-27T23:14:00Z,sat_service_status,sat_service_status:BV-CELLBATCH-000565:0002,USR-111,"[""BV-CELLBATCH-000565"",""BV-RECYCLINGORDER-000065"",""BV-VEHICLE-000065""]"
CELLBATCH-000565,Second-Life Assessment Failed,2023-03-27T23:51:00Z,sat_recall_status,sat_recall_status:BV-CELLBATCH-000565:0002,USR-127,"[""BV-CELLBATCH-000565"",""BV-SECONDLIFESYSTEM-000065""]"
CELLBATCH-000670,Battery Pack Failed Test,2023-03-28T00:42:00Z,sat_shipment_status,sat_shipment_status:BV-CELLBATCH-000670:0001,USR-096,"[""BV-CELLBATCH-000670"",""BV-WARRANTYCLAIM-000170""]"
CELLBATCH-000672,Battery Pack Failed Test,2023-03-28T06:44:00Z,sat_shipment_status,sat_shipment_status:BV-CELLBATCH-000672:0001,USR-003,"[""BV-CELLBATCH-000672"",""BV-WARRANTYCLAIM-000172""]"
CELLBATCH-000674,Battery Pack Failed Test,2023-03-28T12:46:00Z,sat_shipment_status,sat_shipment_status:BV-CELLBATCH-000674:0001,USR-037,"[""BV-CELLBATCH-000674"",""BV-WARRANTYCLAIM-000174""]"
CELLBATCH-000570,Battery Pack Failed Test,2023-03-28T13:00:00Z,sat_shipment_status,sat_shipment_status:BV-CELLBATCH-000570:0002,USR-047,"[""BV-CELLBATCH-000570"",""BV-WARRANTYCLAIM-000070""]"
CELLBATCH-000570,Firmware Installation Failed,2023-03-28T13:37:00Z,sat_diagnostic_result,sat_diagnostic_result:BV-CELLBATCH-000570:0002,USR-068,"[""BV-CELLBATCH-000570"",""BV-SECONDLIFESYSTEM-000070""]"
CELLBATCH-000570,Firmware Rolled Back,2023-03-28T14:14:00Z,sat_service_status,sat_service_status:BV-CELLBATCH-000570:0002,USR-069,"[""BV-CELLBATCH-000570"",""BV-RECYCLINGORDER-000070"",""BV-VEHICLE-000070""]"
CELLBATCH-000570,Second-Life Assessment Failed,2023-03-28T14:51:00Z,sat_recall_status,sat_recall_status:BV-CELLBATCH-000570:0001,USR-085,"[""BV-CELLBATCH-000570"",""BV-SECONDLIFESYSTEM-000070""]"
CELLBATCH-000632,Firmware Rolled Back,2023-03-28T18:26:00Z,sat_service_status,sat_service_status:BV-CELLBATCH-000632:0002,USR-107,"[""BV-CELLBATCH-000632"",""BV-RECYCLINGORDER-000132""]"
CELLBATCH-000676,Battery Pack Failed Test,2023-03-28T18:48:00Z,sat_shipment_status,sat_shipment_status:BV-CELLBATCH-000676:0001,USR-071,"[""BV-CELLBATCH-000676"",""BV-WARRANTYCLAIM-000176"",""BV-CERTIFICATE-000176""]"
CELLBATCH-000678,Battery Pack Failed Test,2023-03-29T00:50:00Z,sat_shipment_status,sat_shipment_status:BV-CELLBATCH-000678:0001,USR-105,"[""BV-CELLBATCH-000678"",""BV-WARRANTYCLAIM-000178"",""BV-CERTIFICATE-000178""]"
CELLBATCH-000575,Battery Pack Failed Test,2023-03-29T04:00:00Z,sat_shipment_status,sat_shipment_status:BV-CELLBATCH-000575:0001,USR-005,"[""BV-CELLBATCH-000575"",""BV-WARRANTYCLAIM-000075"",""BV-CERTIFICATE-000075""]"
CELLBATCH-000575,Firmware Installation Failed,2023-03-29T04:37:00Z,sat_diagnostic_result,sat_diagnostic_result:BV-CELLBATCH-000575:0002,USR-026,"[""BV-CELLBATCH-000575"",""BV-SECONDLIFESYSTEM-000075""]"
CELLBATCH-000575,Firmware Rolled Back,2023-03-29T05:14:00Z,sat_service_status,sat_service_status:BV-CELLBATCH-000575:0002,USR-027,"[""BV-CELLBATCH-000575"",""BV-RECYCLINGORDER-000075"",""BV-VEHICLE-000075""]"
CELLBATCH-000575,Second-Life Assessment Failed,2023-03-29T05:51:00Z,sat_recall_status,sat_recall_status:BV-CELLBATCH-000575:0002,USR-043,"[""BV-CELLBATCH-000575"",""BV-SECONDLIFESYSTEM-000075""]"
CELLBATCH-000680,Battery Pack Failed Test,2023-03-29T06:52:00Z,sat_shipment_status,sat_shipment_status:BV-CELLBATCH-000680:0001,USR-012,"[""BV-CELLBATCH-000680"",""BV-WARRANTYCLAIM-000180"",""BV-CERTIFICATE-000180""]"
CELLBATCH-000682,Battery Pack Failed Test,2023-03-29T12:01:00Z,sat_shipment_status,sat_shipment_status:BV-CELLBATCH-000682:0001,USR-046,"[""BV-CELLBATCH-000682"",""BV-WARRANTYCLAIM-000182"",""BV-CERTIFICATE-000182""]"
CELLBATCH-000639,Firmware Rolled Back,2023-03-29T15:33:00Z,sat_service_status,sat_service_status:BV-CELLBATCH-000639:0002,USR-099,"[""BV-CELLBATCH-000639"",""BV-RECYCLINGORDER-000139"",""BV-VEHICLE-000139""]"
CELLBATCH-000684,Battery Pack Failed Test,2023-03-29T18:03:00Z,sat_shipment_status,sat_shipment_status:BV-CELLBATCH-000684:0001,USR-080,"[""BV-CELLBATCH-000684"",""BV-WARRANTYCLAIM-000184""]"
CELLBATCH-000580,Battery Pack Failed Test,2023-03-29T19:00:00Z,sat_shipment_status,sat_shipment_status:BV-CELLBATCH-000580:0002,USR-090,"[""BV-CELLBATCH-000580"",""BV-WARRANTYCLAIM-000080""]"
CELLBATCH-000580,Firmware Installation Failed,2023-03-29T19:37:00Z,sat_diagnostic_result,sat_diagnostic_result:BV-CELLBATCH-000580:0002,USR-111,"[""BV-CELLBATCH-000580"",""BV-SECONDLIFESYSTEM-000080"",""BV-BATTERYPASSPORT-000580""]"
CELLBATCH-000580,Firmware Rolled Back,2023-03-29T20:14:00Z,sat_service_status,sat_service_status:BV-CELLBATCH-000580:0002,USR-112,"[""BV-CELLBATCH-000580"",""BV-RECYCLINGORDER-000080""]"
CELLBATCH-000580,Second-Life Assessment Failed,2023-03-29T20:51:00Z,sat_recall_status,sat_recall_status:BV-CELLBATCH-000580:0002,USR-001,"[""BV-CELLBATCH-000580"",""BV-SECONDLIFESYSTEM-000080"",""BV-BATTERYPASSPORT-000580""]"
CELLBATCH-000686,Battery Pack Failed Test,2023-03-30T00:05:00Z,sat_shipment_status,sat_shipment_status:BV-CELLBATCH-000686:0001,USR-114,"[""BV-CELLBATCH-000686"",""BV-WARRANTYCLAIM-000186"",""BV-CERTIFICATE-000186""]"
CELLBATCH-000611,Second-Life Assessment Failed,2023-03-30T03:21:00Z,sat_recall_status,sat_recall_status:BV-CELLBATCH-000611:0002,USR-020,"[""BV-CELLBATCH-000611"",""BV-SECONDLIFESYSTEM-000111"",""BV-BATTERYPASSPORT-000611""]"
CELLBATCH-000688,Battery Pack Failed Test,2023-03-30T06:07:00Z,sat_shipment_status,sat_shipment_status:BV-CELLBATCH-000688:0001,USR-021,"[""BV-CELLBATCH-000688"",""BV-WARRANTYCLAIM-000188""]"
CELLBATCH-000585,Battery Pack Failed Test,2023-03-30T10:00:00Z,sat_shipment_status,sat_shipment_status:BV-CELLBATCH-000585:0001,USR-048,"[""BV-CELLBATCH-000585"",""BV-WARRANTYCLAIM-000085"",""BV-CERTIFICATE-000085""]"
CELLBATCH-000585,Firmware Installation Failed,2023-03-30T10:37:00Z,sat_diagnostic_result,sat_diagnostic_result:BV-CELLBATCH-000585:0003,USR-069,"[""BV-CELLBATCH-000585"",""BV-SECONDLIFESYSTEM-000085""]"
CELLBATCH-000585,Firmware Rolled Back,2023-03-30T11:14:00Z,sat_service_status,sat_service_status:BV-CELLBATCH-000585:0002,USR-070,"[""BV-CELLBATCH-000585"",""BV-RECYCLINGORDER-000085""]"
CELLBATCH-000585,Second-Life Assessment Failed,2023-03-30T11:51:00Z,sat_recall_status,sat_recall_status:BV-CELLBATCH-000585:0003,USR-086,"[""BV-CELLBATCH-000585"",""BV-SECONDLIFESYSTEM-000085"",""BV-BATTERYPASSPORT-000585""]"
CELLBATCH-000690,Battery Pack Failed Test,2023-03-30T12:09:00Z,sat_shipment_status,sat_shipment_status:BV-CELLBATCH-000690:0001,USR-055,"[""BV-CELLBATCH-000690"",""BV-WARRANTYCLAIM-000190""]"
CELLBATCH-000646,Firmware Rolled Back,2023-03-30T12:40:00Z,sat_service_status,sat_service_status:BV-CELLBATCH-000646:0002,USR-091,"[""BV-CELLBATCH-000646"",""BV-RECYCLINGORDER-000146"",""BV-VEHICLE-000146""]"
CELLBATCH-000692,Battery Pack Failed Test,2023-03-30T18:11:00Z,sat_shipment_status,sat_shipment_status:BV-CELLBATCH-000692:0001,USR-089,"[""BV-CELLBATCH-000692"",""BV-WARRANTYCLAIM-000192"",""BV-CERTIFICATE-000192""]"
CELLBATCH-000694,Battery Pack Failed Test,2023-03-31T00:13:00Z,sat_shipment_status,sat_shipment_status:BV-CELLBATCH-000694:0001,USR-123,"[""BV-CELLBATCH-000694"",""BV-WARRANTYCLAIM-000194"",""BV-CERTIFICATE-000194""]"
CELLBATCH-000590,Battery Pack Failed Test,2023-03-31T01:00:00Z,sat_shipment_status,sat_shipment_status:BV-CELLBATCH-000590:0002,USR-006,"[""BV-CELLBATCH-000590"",""BV-WARRANTYCLAIM-000090""]"
CELLBATCH-000590,Firmware Installation Failed,2023-03-31T01:37:00Z,sat_diagnostic_result,sat_diagnostic_result:BV-CELLBATCH-000590:0002,USR-027,"[""BV-CELLBATCH-000590"",""BV-SECONDLIFESYSTEM-000090"",""BV-BATTERYPASSPORT-000590""]"
CELLBATCH-000590,Firmware Rolled Back,2023-03-31T02:14:00Z,sat_service_status,sat_service_status:BV-CELLBATCH-000590:0003,USR-028,"[""BV-CELLBATCH-000590"",""BV-RECYCLINGORDER-000090""]"
CELLBATCH-000590,Second-Life Assessment Failed,2023-03-31T02:51:00Z,sat_recall_status,sat_recall_status:BV-CELLBATCH-000590:0001,USR-044,"[""BV-CELLBATCH-000590"",""BV-SECONDLIFESYSTEM-000090""]"
CELLBATCH-000696,Battery Pack Failed Test,2023-03-31T06:15:00Z,sat_shipment_status,sat_shipment_status:BV-CELLBATCH-000696:0001,USR-030,"[""BV-CELLBATCH-000696"",""BV-WARRANTYCLAIM-000196"",""BV-CERTIFICATE-000196""]"
CELLBATCH-000653,Firmware Rolled Back,2023-03-31T09:47:00Z,sat_service_status,sat_service_status:BV-CELLBATCH-000653:0003,USR-083,"[""BV-CELLBATCH-000653"",""BV-RECYCLINGORDER-000153"",""BV-VEHICLE-000153""]"
CELLBATCH-000698,Battery Pack Failed Test,2023-03-31T12:17:00Z,sat_shipment_status,sat_shipment_status:BV-CELLBATCH-000698:0001,USR-064,"[""BV-CELLBATCH-000698"",""BV-WARRANTYCLAIM-000198""]"
CELLBATCH-000595,Battery Pack Failed Test,2023-03-31T16:00:00Z,sat_shipment_status,sat_shipment_status:BV-CELLBATCH-000595:0002,USR-091,"[""BV-CELLBATCH-000595"",""BV-WARRANTYCLAIM-000095""]"
CELLBATCH-000595,Firmware Installation Failed,2023-03-31T16:37:00Z,sat_diagnostic_result,sat_diagnostic_result:BV-CELLBATCH-000595:0002,USR-112,"[""BV-CELLBATCH-000595"",""BV-SECONDLIFESYSTEM-000095"",""BV-BATTERYPASSPORT-000595""]"
CELLBATCH-000595,Firmware Rolled Back,2023-03-31T17:14:00Z,sat_service_status,sat_service_status:BV-CELLBATCH-000595:0002,USR-113,"[""BV-CELLBATCH-000595"",""BV-RECYCLINGORDER-000095""]"
CELLBATCH-000595,Second-Life Assessment Failed,2023-03-31T17:51:00Z,sat_recall_status,sat_recall_status:BV-CELLBATCH-000595:0002,USR-002,"[""BV-CELLBATCH-000595"",""BV-SECONDLIFESYSTEM-000095""]"
CELLBATCH-000700,Battery Pack Failed Test,2023-03-31T18:19:00Z,sat_shipment_status,sat_shipment_status:BV-CELLBATCH-000700:0001,USR-098,"[""BV-CELLBATCH-000700"",""BV-WARRANTYCLAIM-000200""]"
CELLBATCH-000659,Firmware Installation Failed,2023-03-31T21:52:00Z,sat_diagnostic_result,sat_diagnostic_result:BV-CELLBATCH-000659:0002,USR-057,"[""BV-CELLBATCH-000659"",""BV-SECONDLIFESYSTEM-000159""]"
CELLBATCH-000702,Battery Pack Failed Test,2023-04-01T00:21:00Z,sat_shipment_status,sat_shipment_status:BV-CELLBATCH-000702:0001,USR-005,"[""BV-CELLBATCH-000702"",""BV-WARRANTYCLAIM-000202""]"
CELLBATCH-000660,Firmware Rolled Back,2023-04-01T06:01:00Z,sat_service_status,sat_service_status:BV-CELLBATCH-000660:0002,USR-075,"[""BV-CELLBATCH-000660"",""BV-RECYCLINGORDER-000160""]"
CELLBATCH-000704,Battery Pack Failed Test,2023-04-01T06:23:00Z,sat_shipment_status,sat_shipment_status:BV-CELLBATCH-000704:0001,USR-039,"[""BV-CELLBATCH-000704"",""BV-WARRANTYCLAIM-000204"",""BV-CERTIFICATE-000204""]"
CELLBATCH-000600,Battery Pack Failed Test,2023-04-01T07:00:00Z,sat_shipment_status,sat_shipment_status:BV-CELLBATCH-000600:0002,USR-049,"[""BV-CELLBATCH-000600"",""BV-WARRANTYCLAIM-000100""]"
CELLBATCH-000600,Firmware Installation Failed,2023-04-01T07:37:00Z,sat_diagnostic_result,sat_diagnostic_result:BV-CELLBATCH-000600:0002,USR-070,"[""BV-CELLBATCH-000600"",""BV-SECONDLIFESYSTEM-000100"",""BV-BATTERYPASSPORT-000600""]"
CELLBATCH-000600,Firmware Rolled Back,2023-04-01T08:14:00Z,sat_service_status,sat_service_status:BV-CELLBATCH-000600:0003,USR-071,"[""BV-CELLBATCH-000600"",""BV-RECYCLINGORDER-000100""]"
CELLBATCH-000600,Second-Life Assessment Failed,2023-04-01T08:51:00Z,sat_recall_status,sat_recall_status:BV-CELLBATCH-000600:0001,USR-087,"[""BV-CELLBATCH-000600"",""BV-SECONDLIFESYSTEM-000100""]"
CELLBATCH-000706,Battery Pack Failed Test,2023-04-01T12:25:00Z,sat_shipment_status,sat_shipment_status:BV-CELLBATCH-000706:0001,USR-073,"[""BV-CELLBATCH-000706"",""BV-WARRANTYCLAIM-000206""]"
CELLBATCH-000708,Battery Pack Failed Test,2023-04-01T18:27:00Z,sat_shipment_status,sat_shipment_status:BV-CELLBATCH-000708:0001,USR-107,"[""BV-CELLBATCH-000708"",""BV-WARRANTYCLAIM-000208""]"
CELLBATCH-000605,Battery Pack Failed Test,2023-04-01T22:00:00Z,sat_shipment_status,sat_shipment_status:BV-CELLBATCH-000605:0001,USR-007,"[""BV-CELLBATCH-000605"",""BV-WARRANTYCLAIM-000105""]"
CELLBATCH-000605,Firmware Installation Failed,2023-04-01T22:37:00Z,sat_diagnostic_result,sat_diagnostic_result:BV-CELLBATCH-000605:0002,USR-028,"[""BV-CELLBATCH-000605"",""BV-SECONDLIFESYSTEM-000105"",""BV-BATTERYPASSPORT-000605""]"
CELLBATCH-000605,Firmware Rolled Back,2023-04-01T23:14:00Z,sat_service_status,sat_service_status:BV-CELLBATCH-000605:0002,USR-029,"[""BV-CELLBATCH-000605"",""BV-RECYCLINGORDER-000105""]"
CELLBATCH-000605,Second-Life Assessment Failed,2023-04-01T23:51:00Z,sat_recall_status,sat_recall_status:BV-CELLBATCH-000605:0002,USR-045,"[""BV-CELLBATCH-000605"",""BV-SECONDLIFESYSTEM-000105"",""BV-BATTERYPASSPORT-000605""]"
CELLBATCH-000710,Battery Pack Failed Test,2023-04-02T00:29:00Z,sat_shipment_status,sat_shipment_status:BV-CELLBATCH-000710:0001,USR-014,"[""BV-CELLBATCH-000710"",""BV-WARRANTYCLAIM-000210""]"
CELLBATCH-000667,Firmware Rolled Back,2023-04-02T03:08:00Z,sat_service_status,sat_service_status:BV-CELLBATCH-000667:0002,USR-067,"[""BV-CELLBATCH-000667"",""BV-RECYCLINGORDER-000167"",""BV-VEHICLE-000167""]"
CELLBATCH-000712,Battery Pack Failed Test,2023-04-02T06:31:00Z,sat_shipment_status,sat_shipment_status:BV-CELLBATCH-000712:0001,USR-048,"[""BV-CELLBATCH-000712"",""BV-WARRANTYCLAIM-000212""]"
CELLBATCH-000714,Battery Pack Failed Test,2023-04-02T12:33:00Z,sat_shipment_status,sat_shipment_status:BV-CELLBATCH-000714:0001,USR-082,"[""BV-CELLBATCH-000714"",""BV-WARRANTYCLAIM-000214"",""BV-CERTIFICATE-000214""]"
CELLBATCH-000610,Battery Pack Failed Test,2023-04-02T13:00:00Z,sat_shipment_status,sat_shipment_status:BV-CELLBATCH-000610:0003,USR-092,"[""BV-CELLBATCH-000610"",""BV-WARRANTYCLAIM-000110"",""BV-CERTIFICATE-000110""]"
CELLBATCH-000610,Firmware Installation Failed,2023-04-02T13:37:00Z,sat_diagnostic_result,sat_diagnostic_result:BV-CELLBATCH-000610:0003,USR-113,"[""BV-CELLBATCH-000610"",""BV-SECONDLIFESYSTEM-000110""]"
CELLBATCH-000610,Firmware Rolled Back,2023-04-02T14:14:00Z,sat_service_status,sat_service_status:BV-CELLBATCH-000610:0002,USR-114,"[""BV-CELLBATCH-000610"",""BV-RECYCLINGORDER-000110""]"
CELLBATCH-000610,Second-Life Assessment Failed,2023-04-02T14:51:00Z,sat_recall_status,sat_recall_status:BV-CELLBATCH-000610:0001,USR-003,"[""BV-CELLBATCH-000610"",""BV-SECONDLIFESYSTEM-000110"",""BV-BATTERYPASSPORT-000610""]"
CELLBATCH-000716,Battery Pack Failed Test,2023-04-02T18:35:00Z,sat_shipment_status,sat_shipment_status:BV-CELLBATCH-000716:0001,USR-116,"[""BV-CELLBATCH-000716"",""BV-WARRANTYCLAIM-000216""]"
CELLBATCH-000674,Firmware Rolled Back,2023-04-03T00:15:00Z,sat_service_status,sat_service_status:BV-CELLBATCH-000674:0002,USR-059,"[""BV-CELLBATCH-000674"",""BV-RECYCLINGORDER-000174"",""BV-VEHICLE-000174""]"
CELLBATCH-000718,Battery Pack Failed Test,2023-04-03T00:37:00Z,sat_shipment_status,sat_shipment_status:BV-CELLBATCH-000718:0001,USR-023,"[""BV-CELLBATCH-000718"",""BV-WARRANTYCLAIM-000218""]"
CELLBATCH-000642,Second-Life Assessment Failed,2023-04-03T00:52:00Z,sat_recall_status,sat_recall_status:BV-CELLBATCH-000642:0002,USR-039,"[""BV-CELLBATCH-000642"",""BV-SECONDLIFESYSTEM-000142""]"
CELLBATCH-000615,Battery Pack Failed Test,2023-04-03T04:00:00Z,sat_shipment_status,sat_shipment_status:BV-CELLBATCH-000615:0001,USR-050,"[""BV-CELLBATCH-000615"",""BV-WARRANTYCLAIM-000115""]"
CELLBATCH-000615,Firmware Installation Failed,2023-04-03T04:37:00Z,sat_diagnostic_result,sat_diagnostic_result:BV-CELLBATCH-000615:0002,USR-071,"[""BV-CELLBATCH-000615"",""BV-SECONDLIFESYSTEM-000115"",""BV-BATTERYPASSPORT-000615""]"
CELLBATCH-000615,Firmware Rolled Back,2023-04-03T05:14:00Z,sat_service_status,sat_service_status:BV-CELLBATCH-000615:0002,USR-072,"[""BV-CELLBATCH-000615"",""BV-RECYCLINGORDER-000115""]"
CELLBATCH-000615,Second-Life Assessment Failed,2023-04-03T05:51:00Z,sat_recall_status,sat_recall_status:BV-CELLBATCH-000615:0002,USR-088,"[""BV-CELLBATCH-000615"",""BV-SECONDLIFESYSTEM-000115""]"
CELLBATCH-000720,Battery Pack Failed Test,2023-04-03T06:39:00Z,sat_shipment_status,sat_shipment_status:BV-CELLBATCH-000720:0001,USR-057,"[""BV-CELLBATCH-000720"",""BV-WARRANTYCLAIM-000220""]"
CELLBATCH-000722,Battery Pack Failed Test,2023-04-03T12:41:00Z,sat_shipment_status,sat_shipment_status:BV-CELLBATCH-000722:0001,USR-091,"[""BV-CELLBATCH-000722"",""BV-WARRANTYCLAIM-000222""]"
CELLBATCH-000724,Battery Pack Failed Test,2023-04-03T18:43:00Z,sat_shipment_status,sat_shipment_status:BV-CELLBATCH-000724:0001,USR-125,"[""BV-CELLBATCH-000724"",""BV-WARRANTYCLAIM-000224"",""BV-CERTIFICATE-000224""]"
CELLBATCH-000620,Battery Pack Failed Test,2023-04-03T19:00:00Z,sat_shipment_status,sat_shipment_status:BV-CELLBATCH-000620:0002,USR-008,"[""BV-CELLBATCH-000620"",""BV-WARRANTYCLAIM-000120""]"
CELLBATCH-000620,Firmware Installation Failed,2023-04-03T19:37:00Z,sat_diagnostic_result,sat_diagnostic_result:BV-CELLBATCH-000620:0002,USR-029,"[""BV-CELLBATCH-000620"",""BV-SECONDLIFESYSTEM-000120"",""BV-BATTERYPASSPORT-000620""]"
CELLBATCH-000620,Firmware Rolled Back,2023-04-03T20:14:00Z,sat_service_status,sat_service_status:BV-CELLBATCH-000620:0002,USR-030,"[""BV-CELLBATCH-000620"",""BV-RECYCLINGORDER-000120""]"
CELLBATCH-000620,Second-Life Assessment Failed,2023-04-03T20:51:00Z,sat_recall_status,sat_recall_status:BV-CELLBATCH-000620:0001,USR-046,"[""BV-CELLBATCH-000620"",""BV-SECONDLIFESYSTEM-000120""]"
CELLBATCH-000681,Firmware Rolled Back,2023-04-03T21:22:00Z,sat_service_status,sat_service_status:BV-CELLBATCH-000681:0002,USR-051,"[""BV-CELLBATCH-000681"",""BV-RECYCLINGORDER-000181"",""BV-VEHICLE-000181""]"
CELLBATCH-000726,Battery Pack Failed Test,2023-04-04T00:45:00Z,sat_shipment_status,sat_shipment_status:BV-CELLBATCH-000726:0001,USR-032,"[""BV-CELLBATCH-000726"",""BV-WARRANTYCLAIM-000226""]"
CELLBATCH-000728,Battery Pack Failed Test,2023-04-04T06:47:00Z,sat_shipment_status,sat_shipment_status:BV-CELLBATCH-000728:0001,USR-066,"[""BV-CELLBATCH-000728"",""BV-WARRANTYCLAIM-000228""]"
CELLBATCH-000625,Battery Pack Failed Test,2023-04-04T10:00:00Z,sat_shipment_status,sat_shipment_status:BV-CELLBATCH-000625:0001,USR-093,"[""BV-CELLBATCH-000625"",""BV-WARRANTYCLAIM-000125"",""BV-CERTIFICATE-000125""]"
CELLBATCH-000625,Firmware Installation Failed,2023-04-04T10:37:00Z,sat_diagnostic_result,sat_diagnostic_result:BV-CELLBATCH-000625:0002,USR-114,"[""BV-CELLBATCH-000625"",""BV-SECONDLIFESYSTEM-000125""]"
CELLBATCH-000625,Firmware Rolled Back,2023-04-04T11:14:00Z,sat_service_status,sat_service_status:BV-CELLBATCH-000625:0003,USR-115,"[""BV-CELLBATCH-000625"",""BV-RECYCLINGORDER-000125""]"
CELLBATCH-000625,Second-Life Assessment Failed,2023-04-04T11:51:00Z,sat_recall_status,sat_recall_status:BV-CELLBATCH-000625:0003,USR-004,"[""BV-CELLBATCH-000625"",""BV-SECONDLIFESYSTEM-000125"",""BV-BATTERYPASSPORT-000625""]"
CELLBATCH-000730,Battery Pack Failed Test,2023-04-04T12:49:00Z,sat_shipment_status,sat_shipment_status:BV-CELLBATCH-000730:0001,USR-100,"[""BV-CELLBATCH-000730"",""BV-WARRANTYCLAIM-000230"",""BV-CERTIFICATE-000230""]"
CELLBATCH-000688,Firmware Rolled Back,2023-04-04T18:29:00Z,sat_service_status,sat_service_status:BV-CELLBATCH-000688:0002,USR-043,"[""BV-CELLBATCH-000688"",""BV-RECYCLINGORDER-000188"",""BV-VEHICLE-000188""]"
CELLBATCH-000732,Battery Pack Failed Test,2023-04-04T18:51:00Z,sat_shipment_status,sat_shipment_status:BV-CELLBATCH-000732:0001,USR-007,"[""BV-CELLBATCH-000732"",""BV-WARRANTYCLAIM-000232""]"
CELLBATCH-000734,Battery Pack Failed Test,2023-04-05T00:00:00Z,sat_shipment_status,sat_shipment_status:BV-CELLBATCH-000734:0001,USR-041,"[""BV-CELLBATCH-000734"",""BV-WARRANTYCLAIM-000234"",""BV-CERTIFICATE-000234""]"
CELLBATCH-000630,Battery Pack Failed Test,2023-04-05T01:00:00Z,sat_shipment_status,sat_shipment_status:BV-CELLBATCH-000630:0003,USR-051,"[""BV-CELLBATCH-000630"",""BV-WARRANTYCLAIM-000130""]"
CELLBATCH-000630,Firmware Installation Failed,2023-04-05T01:37:00Z,sat_diagnostic_result,sat_diagnostic_result:BV-CELLBATCH-000630:0002,USR-072,"[""BV-CELLBATCH-000630"",""BV-SECONDLIFESYSTEM-000130"",""BV-BATTERYPASSPORT-000630""]"
CELLBATCH-000630,Firmware Rolled Back,2023-04-05T02:14:00Z,sat_service_status,sat_service_status:BV-CELLBATCH-000630:0003,USR-073,"[""BV-CELLBATCH-000630"",""BV-RECYCLINGORDER-000130""]"
CELLBATCH-000630,Second-Life Assessment Failed,2023-04-05T02:51:00Z,sat_recall_status,sat_recall_status:BV-CELLBATCH-000630:0001,USR-089,"[""BV-CELLBATCH-000630"",""BV-SECONDLIFESYSTEM-000130""]"
CELLBATCH-000736,Battery Pack Failed Test,2023-04-05T06:02:00Z,sat_shipment_status,sat_shipment_status:BV-CELLBATCH-000736:0001,USR-075,"[""BV-CELLBATCH-000736"",""BV-WARRANTYCLAIM-000236""]"
CELLBATCH-000738,Battery Pack Failed Test,2023-04-05T12:04:00Z,sat_shipment_status,sat_shipment_status:BV-CELLBATCH-000738:0001,USR-109,"[""BV-CELLBATCH-000738"",""BV-WARRANTYCLAIM-000238"",""BV-CERTIFICATE-000238""]"
CELLBATCH-000696,Firmware Installation Failed,2023-04-05T12:36:00Z,sat_diagnostic_result,sat_diagnostic_result:BV-CELLBATCH-000696:0002,USR-051,"[""BV-CELLBATCH-000696"",""BV-SECONDLIFESYSTEM-000196""]"
CELLBATCH-000695,Firmware Rolled Back,2023-04-05T15:36:00Z,sat_service_status,sat_service_status:BV-CELLBATCH-000695:0002,USR-035,"[""BV-CELLBATCH-000695"",""BV-RECYCLINGORDER-000195""]"
CELLBATCH-000635,Battery Pack Failed Test,2023-04-05T16:00:00Z,sat_shipment_status,sat_shipment_status:BV-CELLBATCH-000635:0001,USR-009,"[""BV-CELLBATCH-000635"",""BV-WARRANTYCLAIM-000135"",""BV-CERTIFICATE-000135""]"
CELLBATCH-000635,Firmware Installation Failed,2023-04-05T16:37:00Z,sat_diagnostic_result,sat_diagnostic_result:BV-CELLBATCH-000635:0002,USR-030,"[""BV-CELLBATCH-000635"",""BV-SECONDLIFESYSTEM-000135""]"
CELLBATCH-000635,Firmware Rolled Back,2023-04-05T17:14:00Z,sat_service_status,sat_service_status:BV-CELLBATCH-000635:0002,USR-031,"[""BV-CELLBATCH-000635"",""BV-RECYCLINGORDER-000135"",""BV-VEHICLE-000135""]"
CELLBATCH-000635,Second-Life Assessment Failed,2023-04-05T17:51:00Z,sat_recall_status,sat_recall_status:BV-CELLBATCH-000635:0002,USR-047,"[""BV-CELLBATCH-000635"",""BV-SECONDLIFESYSTEM-000135""]"
CELLBATCH-000740,Battery Pack Failed Test,2023-04-05T18:06:00Z,sat_shipment_status,sat_shipment_status:BV-CELLBATCH-000740:0001,USR-016,"[""BV-CELLBATCH-000740"",""BV-WARRANTYCLAIM-000240""]"
CELLBATCH-000742,Battery Pack Failed Test,2023-04-06T00:08:00Z,sat_shipment_status,sat_shipment_status:BV-CELLBATCH-000742:0001,USR-050,"[""BV-CELLBATCH-000742"",""BV-WARRANTYCLAIM-000242"",""BV-CERTIFICATE-000242""]"
CELLBATCH-000744,Battery Pack Failed Test,2023-04-06T06:10:00Z,sat_shipment_status,sat_shipment_status:BV-CELLBATCH-000744:0001,USR-084,"[""BV-CELLBATCH-000744"",""BV-WARRANTYCLAIM-000244"",""BV-CERTIFICATE-000244""]"
CELLBATCH-000640,Battery Pack Failed Test,2023-04-06T07:00:00Z,sat_shipment_status,sat_shipment_status:BV-CELLBATCH-000640:0002,USR-094,"[""BV-CELLBATCH-000640"",""BV-WARRANTYCLAIM-000140"",""BV-CERTIFICATE-000140""]"
CELLBATCH-000640,Firmware Installation Failed,2023-04-06T07:37:00Z,sat_diagnostic_result,sat_diagnostic_result:BV-CELLBATCH-000640:0002,USR-115,"[""BV-CELLBATCH-000640"",""BV-SECONDLIFESYSTEM-000140""]"
CELLBATCH-000640,Firmware Rolled Back,2023-04-06T08:14:00Z,sat_service_status,sat_service_status:BV-CELLBATCH-000640:0002,USR-116,"[""BV-CELLBATCH-000640"",""BV-RECYCLINGORDER-000140"",""BV-VEHICLE-000140""]"
CELLBATCH-000640,Second-Life Assessment Failed,2023-04-06T08:51:00Z,sat_recall_status,sat_recall_status:BV-CELLBATCH-000640:0001,USR-005,"[""BV-CELLBATCH-000640"",""BV-SECONDLIFESYSTEM-000140""]"
CELLBATCH-000746,Battery Pack Failed Test,2023-04-06T12:12:00Z,sat_shipment_status,sat_shipment_status:BV-CELLBATCH-000746:0001,USR-118,"[""BV-CELLBATCH-000746"",""BV-WARRANTYCLAIM-000246""]"
CELLBATCH-000702,Firmware Rolled Back,2023-04-06T12:43:00Z,sat_service_status,sat_service_status:BV-CELLBATCH-000702:0002,USR-027,"[""BV-CELLBATCH-000702"",""BV-RECYCLINGORDER-000202"",""BV-VEHICLE-000202""]"
CELLBATCH-000748,Battery Pack Failed Test,2023-04-06T18:14:00Z,sat_shipment_status,sat_shipment_status:BV-CELLBATCH-000748:0001,USR-025,"[""BV-CELLBATCH-000748"",""BV-WARRANTYCLAIM-000248"",""BV-CERTIFICATE-000248""]"
CELLBATCH-000673,Second-Life Assessment Failed,2023-04-06T21:30:00Z,sat_recall_status,sat_recall_status:BV-CELLBATCH-000673:0002,USR-058,"[""BV-CELLBATCH-000673"",""BV-SECONDLIFESYSTEM-000173""]"
CELLBATCH-000645,Battery Pack Failed Test,2023-04-06T22:00:00Z,sat_shipment_status,sat_shipment_status:BV-CELLBATCH-000645:0001,USR-052,"[""BV-CELLBATCH-000645"",""BV-WARRANTYCLAIM-000145"",""BV-CERTIFICATE-000145""]"
CELLBATCH-000645,Firmware Installation Failed,2023-04-06T22:37:00Z,sat_diagnostic_result,sat_diagnostic_result:BV-CELLBATCH-000645:0002,USR-073,"[""BV-CELLBATCH-000645"",""BV-SECONDLIFESYSTEM-000145""]"
CELLBATCH-000645,Firmware Rolled Back,2023-04-06T23:14:00Z,sat_service_status,sat_service_status:BV-CELLBATCH-000645:0002,USR-074,"[""BV-CELLBATCH-000645"",""BV-RECYCLINGORDER-000145""]"
CELLBATCH-000645,Second-Life Assessment Failed,2023-04-06T23:51:00Z,sat_recall_status,sat_recall_status:BV-CELLBATCH-000645:0002,USR-090,"[""BV-CELLBATCH-000645"",""BV-SECONDLIFESYSTEM-000145"",""BV-BATTERYPASSPORT-000645""]"
CELLBATCH-000750,Battery Pack Failed Test,2023-04-07T00:16:00Z,sat_shipment_status,sat_shipment_status:BV-CELLBATCH-000750:0001,USR-059,"[""BV-CELLBATCH-000750"",""BV-WARRANTYCLAIM-000250"",""BV-CERTIFICATE-000250""]"
CELLBATCH-000752,Battery Pack Failed Test,2023-04-07T06:18:00Z,sat_shipment_status,sat_shipment_status:BV-CELLBATCH-000752:0001,USR-093,"[""BV-CELLBATCH-000752"",""BV-WARRANTYCLAIM-000252""]"
CELLBATCH-000709,Firmware Rolled Back,2023-04-07T09:50:00Z,sat_service_status,sat_service_status:BV-CELLBATCH-000709:0002,USR-019,"[""BV-CELLBATCH-000709"",""BV-RECYCLINGORDER-000209"",""BV-VEHICLE-000209""]"
CELLBATCH-000754,Battery Pack Failed Test,2023-04-07T12:20:00Z,sat_shipment_status,sat_shipment_status:BV-CELLBATCH-000754:0001,USR-127,"[""BV-CELLBATCH-000754"",""BV-WARRANTYCLAIM-000254""]"
CELLBATCH-000650,Battery Pack Failed Test,2023-04-07T13:00:00Z,sat_shipment_status,sat_shipment_status:BV-CELLBATCH-000650:0002,USR-010,"[""BV-CELLBATCH-000650"",""BV-WARRANTYCLAIM-000150""]"
CELLBATCH-000650,Firmware Installation Failed,2023-04-07T13:37:00Z,sat_diagnostic_result,sat_diagnostic_result:BV-CELLBATCH-000650:0002,USR-031,"[""BV-CELLBATCH-000650"",""BV-SECONDLIFESYSTEM-000150"",""BV-BATTERYPASSPORT-000650""]"
CELLBATCH-000650,Firmware Rolled Back,2023-04-07T14:14:00Z,sat_service_status,sat_service_status:BV-CELLBATCH-000650:0002,USR-032,"[""BV-CELLBATCH-000650"",""BV-RECYCLINGORDER-000150""]"
CELLBATCH-000650,Second-Life Assessment Failed,2023-04-07T14:51:00Z,sat_recall_status,sat_recall_status:BV-CELLBATCH-000650:0002,USR-048,"[""BV-CELLBATCH-000650"",""BV-SECONDLIFESYSTEM-000150""]"
CELLBATCH-000756,Battery Pack Failed Test,2023-04-07T18:22:00Z,sat_shipment_status,sat_shipment_status:BV-CELLBATCH-000756:0001,USR-034,"[""BV-CELLBATCH-000756"",""BV-WARRANTYCLAIM-000256""]"
CELLBATCH-000758,Battery Pack Failed Test,2023-04-08T00:24:00Z,sat_shipment_status,sat_shipment_status:BV-CELLBATCH-000758:0001,USR-068,"[""BV-CELLBATCH-000758"",""BV-WARRANTYCLAIM-000258"",""BV-CERTIFICATE-000258""]"
CELLBATCH-000655,Battery Pack Failed Test,2023-04-08T04:00:00Z,sat_shipment_status,sat_shipment_status:BV-CELLBATCH-000655:0001,USR-095,"[""BV-CELLBATCH-000655"",""BV-WARRANTYCLAIM-000155""]"
CELLBATCH-000655,Firmware Installation Failed,2023-04-08T04:37:00Z,sat_diagnostic_result,sat_diagnostic_result:BV-CELLBATCH-000655:0002,USR-116,"[""BV-CELLBATCH-000655"",""BV-SECONDLIFESYSTEM-000155"",""BV-BATTERYPASSPORT-000655""]"
CELLBATCH-000655,Firmware Rolled Back,2023-04-08T05:14:00Z,sat_service_status,sat_service_status:BV-CELLBATCH-000655:0002,USR-117,"[""BV-CELLBATCH-000655"",""BV-RECYCLINGORDER-000155""]"
CELLBATCH-000655,Second-Life Assessment Failed,2023-04-08T05:51:00Z,sat_recall_status,sat_recall_status:BV-CELLBATCH-000655:0002,USR-006,"[""BV-CELLBATCH-000655"",""BV-SECONDLIFESYSTEM-000155"",""BV-BATTERYPASSPORT-000655""]"
CELLBATCH-000716,Firmware Rolled Back,2023-04-08T06:04:00Z,sat_service_status,sat_service_status:BV-CELLBATCH-000716:0002,USR-011,"[""BV-CELLBATCH-000716"",""BV-RECYCLINGORDER-000216"",""BV-VEHICLE-000216""]"
CELLBATCH-000760,Battery Pack Failed Test,2023-04-08T06:26:00Z,sat_shipment_status,sat_shipment_status:BV-CELLBATCH-000760:0001,USR-102,"[""BV-CELLBATCH-000760"",""BV-WARRANTYCLAIM-000260"",""BV-CERTIFICATE-000260""]"
CELLBATCH-000762,Battery Pack Failed Test,2023-04-08T12:28:00Z,sat_shipment_status,sat_shipment_status:BV-CELLBATCH-000762:0001,USR-009,"[""BV-CELLBATCH-000762"",""BV-WARRANTYCLAIM-000262""]"
CELLBATCH-000764,Battery Pack Failed Test,2023-04-08T18:30:00Z,sat_shipment_status,sat_shipment_status:BV-CELLBATCH-000764:0001,USR-043,"[""BV-CELLBATCH-000764"",""BV-WARRANTYCLAIM-000264"",""BV-CERTIFICATE-000264""]"
CELLBATCH-000660,Battery Pack Failed Test,2023-04-08T19:00:00Z,sat_shipment_status,sat_shipment_status:BV-CELLBATCH-000660:0003,USR-053,"[""BV-CELLBATCH-000660"",""BV-WARRANTYCLAIM-000160""]"
CELLBATCH-000660,Firmware Installation Failed,2023-04-08T19:37:00Z,sat_diagnostic_result,sat_diagnostic_result:BV-CELLBATCH-000660:0002,USR-074,"[""BV-CELLBATCH-000660"",""BV-SECONDLIFESYSTEM-000160""]"
CELLBATCH-000660,Firmware Rolled Back,2023-04-08T20:14:00Z,sat_service_status,sat_service_status:BV-CELLBATCH-000660:0003,USR-075,"[""BV-CELLBATCH-000660"",""BV-RECYCLINGORDER-000160"",""BV-VEHICLE-000160""]"
CELLBATCH-000660,Second-Life Assessment Failed,2023-04-08T20:51:00Z,sat_recall_status,sat_recall_status:BV-CELLBATCH-000660:0001,USR-091,"[""BV-CELLBATCH-000660"",""BV-SECONDLIFESYSTEM-000160""]"
CELLBATCH-000766,Battery Pack Failed Test,2023-04-09T00:32:00Z,sat_shipment_status,sat_shipment_status:BV-CELLBATCH-000766:0001,USR-077,"[""BV-CELLBATCH-000766"",""BV-WARRANTYCLAIM-000266""]"
CELLBATCH-000723,Firmware Rolled Back,2023-04-09T03:11:00Z,sat_service_status,sat_service_status:BV-CELLBATCH-000723:0002,USR-003,"[""BV-CELLBATCH-000723"",""BV-RECYCLINGORDER-000223""]"
CELLBATCH-000768,Battery Pack Failed Test,2023-04-09T06:34:00Z,sat_shipment_status,sat_shipment_status:BV-CELLBATCH-000768:0001,USR-111,"[""BV-CELLBATCH-000768"",""BV-WARRANTYCLAIM-000268""]"
CELLBATCH-000665,Battery Pack Failed Test,2023-04-09T10:00:00Z,sat_shipment_status,sat_shipment_status:BV-CELLBATCH-000665:0002,USR-011,"[""BV-CELLBATCH-000665"",""BV-WARRANTYCLAIM-000165""]"
CELLBATCH-000665,Firmware Installation Failed,2023-04-09T10:37:00Z,sat_diagnostic_result,sat_diagnostic_result:BV-CELLBATCH-000665:0002,USR-032,"[""BV-CELLBATCH-000665"",""BV-SECONDLIFESYSTEM-000165"",""BV-BATTERYPASSPORT-000665""]"
CELLBATCH-000665,Firmware Rolled Back,2023-04-09T11:14:00Z,sat_service_status,sat_service_status:BV-CELLBATCH-000665:0002,USR-033,"[""BV-CELLBATCH-000665"",""BV-RECYCLINGORDER-000165""]"
CELLBATCH-000665,Second-Life Assessment Failed,2023-04-09T11:51:00Z,sat_recall_status,sat_recall_status:BV-CELLBATCH-000665:0003,USR-049,"[""BV-CELLBATCH-000665"",""BV-SECONDLIFESYSTEM-000165""]"
CELLBATCH-000770,Battery Pack Failed Test,2023-04-09T12:36:00Z,sat_shipment_status,sat_shipment_status:BV-CELLBATCH-000770:0001,USR-018,"[""BV-CELLBATCH-000770"",""BV-WARRANTYCLAIM-000270"",""BV-CERTIFICATE-000270""]"
CELLBATCH-000772,Battery Pack Failed Test,2023-04-09T18:38:00Z,sat_shipment_status,sat_shipment_status:BV-CELLBATCH-000772:0001,USR-052,"[""BV-CELLBATCH-000772"",""BV-WARRANTYCLAIM-000272""]"
CELLBATCH-000730,Firmware Rolled Back,2023-04-10T00:18:00Z,sat_service_status,sat_service_status:BV-CELLBATCH-000730:0002,USR-122,"[""BV-CELLBATCH-000730"",""BV-RECYCLINGORDER-000230"",""BV-VEHICLE-000230""]"
CELLBATCH-000774,Battery Pack Failed Test,2023-04-10T00:40:00Z,sat_shipment_status,sat_shipment_status:BV-CELLBATCH-000774:0001,USR-086,"[""BV-CELLBATCH-000774"",""BV-WARRANTYCLAIM-000274""]"
CELLBATCH-000670,Battery Pack Failed Test,2023-04-10T01:00:00Z,sat_shipment_status,sat_shipment_status:BV-CELLBATCH-000670:0002,USR-096,"[""BV-CELLBATCH-000670"",""BV-WARRANTYCLAIM-000170""]"
CELLBATCH-000670,Firmware Installation Failed,2023-04-10T01:37:00Z,sat_diagnostic_result,sat_diagnostic_result:BV-CELLBATCH-000670:0002,USR-117,"[""BV-CELLBATCH-000670"",""BV-SECONDLIFESYSTEM-000170""]"
CELLBATCH-000670,Firmware Rolled Back,2023-04-10T02:14:00Z,sat_service_status,sat_service_status:BV-CELLBATCH-000670:0002,USR-118,"[""BV-CELLBATCH-000670"",""BV-RECYCLINGORDER-000170"",""BV-VEHICLE-000170""]"
CELLBATCH-000670,Second-Life Assessment Failed,2023-04-10T02:51:00Z,sat_recall_status,sat_recall_status:BV-CELLBATCH-000670:0001,USR-007,"[""BV-CELLBATCH-000670"",""BV-SECONDLIFESYSTEM-000170""]"
CELLBATCH-000733,Firmware Installation Failed,2023-04-10T03:20:00Z,sat_diagnostic_result,sat_diagnostic_result:BV-CELLBATCH-000733:0002,USR-045,"[""BV-CELLBATCH-000733"",""BV-SECONDLIFESYSTEM-000233""]"
CELLBATCH-000776,Battery Pack Failed Test,2023-04-10T06:42:00Z,sat_shipment_status,sat_shipment_status:BV-CELLBATCH-000776:0001,USR-120,"[""BV-CELLBATCH-000776"",""BV-WARRANTYCLAIM-000276"",""BV-CERTIFICATE-000276""]"
CELLBATCH-000778,Battery Pack Failed Test,2023-04-10T12:44:00Z,sat_shipment_status,sat_shipment_status:BV-CELLBATCH-000778:0001,USR-027,"[""BV-CELLBATCH-000778"",""BV-WARRANTYCLAIM-000278""]"
CELLBATCH-000675,Battery Pack Failed Test,2023-04-10T16:00:00Z,sat_shipment_status,sat_shipment_status:BV-CELLBATCH-000675:0001,USR-054,"[""BV-CELLBATCH-000675"",""BV-WARRANTYCLAIM-000175""]"
CELLBATCH-000675,Firmware Installation Failed,2023-04-10T16:37:00Z,sat_diagnostic_result,sat_diagnostic_result:BV-CELLBATCH-000675:0002,USR-075,"[""BV-CELLBATCH-000675"",""BV-SECONDLIFESYSTEM-000175"",""BV-BATTERYPASSPORT-000675""]"
CELLBATCH-000675,Firmware Rolled Back,2023-04-10T17:14:00Z,sat_service_status,sat_service_status:BV-CELLBATCH-000675:0002,USR-076,"[""BV-CELLBATCH-000675"",""BV-RECYCLINGORDER-000175""]"
CELLBATCH-000675,Second-Life Assessment Failed,2023-04-10T17:51:00Z,sat_recall_status,sat_recall_status:BV-CELLBATCH-000675:0002,USR-092,"[""BV-CELLBATCH-000675"",""BV-SECONDLIFESYSTEM-000175"",""BV-BATTERYPASSPORT-000675""]"
CELLBATCH-000704,Second-Life Assessment Failed,2023-04-10T18:08:00Z,sat_recall_status,sat_recall_status:BV-CELLBATCH-000704:0001,USR-077,"[""BV-CELLBATCH-000704"",""BV-SECONDLIFESYSTEM-000204""]"
CELLBATCH-000780,Battery Pack Failed Test,2023-04-10T18:46:00Z,sat_shipment_status,sat_shipment_status:BV-CELLBATCH-000780:0001,USR-061,"[""BV-CELLBATCH-000780"",""BV-WARRANTYCLAIM-000280"",""BV-CERTIFICATE-000280""]"
CELLBATCH-000737,Firmware Rolled Back,2023-04-10T21:25:00Z,sat_service_status,sat_service_status:BV-CELLBATCH-000737:0002,USR-114,"[""BV-CELLBATCH-000737"",""BV-RECYCLINGORDER-000237""]"
CELLBATCH-000782,Battery Pack Failed Test,2023-04-11T00:48:00Z,sat_shipment_status,sat_shipment_status:BV-CELLBATCH-000782:0001,USR-095,"[""BV-CELLBATCH-000782"",""BV-WARRANTYCLAIM-000282"",""BV-CERTIFICATE-000282""]"
CELLBATCH-000784,Battery Pack Failed Test,2023-04-11T06:50:00Z,sat_shipment_status,sat_shipment_status:BV-CELLBATCH-000784:0001,USR-002,"[""BV-CELLBATCH-000784"",""BV-WARRANTYCLAIM-000284""]"
CELLBATCH-000680,Battery Pack Failed Test,2023-04-11T07:00:00Z,sat_shipment_status,sat_shipment_status:BV-CELLBATCH-000680:0002,USR-012,"[""BV-CELLBATCH-000680"",""BV-WARRANTYCLAIM-000180"",""BV-CERTIFICATE-000180""]"
CELLBATCH-000680,Firmware Installation Failed,2023-04-11T07:37:00Z,sat_diagnostic_result,sat_diagnostic_result:BV-CELLBATCH-000680:0003,USR-033,"[""BV-CELLBATCH-000680"",""BV-SECONDLIFESYSTEM-000180""]"
CELLBATCH-000680,Firmware Rolled Back,2023-04-11T08:14:00Z,sat_service_status,sat_service_status:BV-CELLBATCH-000680:0002,USR-034,"[""BV-CELLBATCH-000680"",""BV-RECYCLINGORDER-000180""]"
CELLBATCH-000680,Second-Life Assessment Failed,2023-04-11T08:51:00Z,sat_recall_status,sat_recall_status:BV-CELLBATCH-000680:0001,USR-050,"[""BV-CELLBATCH-000680"",""BV-SECONDLIFESYSTEM-000180"",""BV-BATTERYPASSPORT-000680""]"
CELLBATCH-000786,Battery Pack Failed Test,2023-04-11T12:52:00Z,sat_shipment_status,sat_shipment_status:BV-CELLBATCH-000786:0001,USR-036,"[""BV-CELLBATCH-000786"",""BV-WARRANTYCLAIM-000286"",""BV-CERTIFICATE-000286""]"
CELLBATCH-000788,Battery Pack Failed Test,2023-04-11T18:01:00Z,sat_shipment_status,sat_shipment_status:BV-CELLBATCH-000788:0001,USR-070,"[""BV-CELLBATCH-000788"",""BV-WARRANTYCLAIM-000288""]"
CELLBATCH-000744,Firmware Rolled Back,2023-04-11T18:32:00Z,sat_service_status,sat_service_status:BV-CELLBATCH-000744:0002,USR-106,"[""BV-CELLBATCH-000744"",""BV-RECYCLINGORDER-000244"",""BV-VEHICLE-000244""]"
CELLBATCH-000685,Battery Pack Failed Test,2023-04-11T22:00:00Z,sat_shipment_status,sat_shipment_status:BV-CELLBATCH-000685:0001,USR-097,"[""BV-CELLBATCH-000685"",""BV-WARRANTYCLAIM-000185""]"
CELLBATCH-000685,Firmware Installation Failed,2023-04-11T22:37:00Z,sat_diagnostic_result,sat_diagnostic_result:BV-CELLBATCH-000685:0002,USR-118,"[""BV-CELLBATCH-000685"",""BV-SECONDLIFESYSTEM-000185"",""BV-BATTERYPASSPORT-000685""]"
CELLBATCH-000685,Firmware Rolled Back,2023-04-11T23:14:00Z,sat_service_status,sat_service_status:BV-CELLBATCH-000685:0002,USR-119,"[""BV-CELLBATCH-000685"",""BV-RECYCLINGORDER-000185""]"
CELLBATCH-000685,Second-Life Assessment Failed,2023-04-11T23:51:00Z,sat_recall_status,sat_recall_status:BV-CELLBATCH-000685:0002,USR-008,"[""BV-CELLBATCH-000685"",""BV-SECONDLIFESYSTEM-000185"",""BV-BATTERYPASSPORT-000685""]"
CELLBATCH-000790,Battery Pack Failed Test,2023-04-12T00:03:00Z,sat_shipment_status,sat_shipment_status:BV-CELLBATCH-000790:0001,USR-104,"[""BV-CELLBATCH-000790"",""BV-WARRANTYCLAIM-000290"",""BV-CERTIFICATE-000290""]"
CELLBATCH-000792,Battery Pack Failed Test,2023-04-12T06:05:00Z,sat_shipment_status,sat_shipment_status:BV-CELLBATCH-000792:0001,USR-011,"[""BV-CELLBATCH-000792"",""BV-WARRANTYCLAIM-000292""]"
CELLBATCH-000794,Battery Pack Failed Test,2023-04-12T12:07:00Z,sat_shipment_status,sat_shipment_status:BV-CELLBATCH-000794:0001,USR-045,"[""BV-CELLBATCH-000794"",""BV-WARRANTYCLAIM-000294""]"
CELLBATCH-000690,Battery Pack Failed Test,2023-04-12T13:00:00Z,sat_shipment_status,sat_shipment_status:BV-CELLBATCH-000690:0002,USR-055,"[""BV-CELLBATCH-000690"",""BV-WARRANTYCLAIM-000190"",""BV-CERTIFICATE-000190""]"
CELLBATCH-000690,Firmware Installation Failed,2023-04-12T13:37:00Z,sat_diagnostic_result,sat_diagnostic_result:BV-CELLBATCH-000690:0002,USR-076,"[""BV-CELLBATCH-000690"",""BV-SECONDLIFESYSTEM-000190""]"
CELLBATCH-000690,Firmware Rolled Back,2023-04-12T14:14:00Z,sat_service_status,sat_service_status:BV-CELLBATCH-000690:0002,USR-077,"[""BV-CELLBATCH-000690"",""BV-RECYCLINGORDER-000190"",""BV-VEHICLE-000190""]"
CELLBATCH-000690,Second-Life Assessment Failed,2023-04-12T14:51:00Z,sat_recall_status,sat_recall_status:BV-CELLBATCH-000690:0001,USR-093,"[""BV-CELLBATCH-000690"",""BV-SECONDLIFESYSTEM-000190""]"
CELLBATCH-000751,Firmware Rolled Back,2023-04-12T15:39:00Z,sat_service_status,sat_service_status:BV-CELLBATCH-000751:0002,USR-098,"[""BV-CELLBATCH-000751"",""BV-RECYCLINGORDER-000251"",""BV-VEHICLE-000251""]"
CELLBATCH-000796,Battery Pack Failed Test,2023-04-12T18:09:00Z,sat_shipment_status,sat_shipment_status:BV-CELLBATCH-000796:0001,USR-079,"[""BV-CELLBATCH-000796"",""BV-WARRANTYCLAIM-000296""]"
CELLBATCH-000798,Battery Pack Failed Test,2023-04-13T00:11:00Z,sat_shipment_status,sat_shipment_status:BV-CELLBATCH-000798:0001,USR-113,"[""BV-CELLBATCH-000798"",""BV-WARRANTYCLAIM-000298""]"
CELLBATCH-000695,Battery Pack Failed Test,2023-04-13T04:00:00Z,sat_shipment_status,sat_shipment_status:BV-CELLBATCH-000695:0001,USR-013,"[""BV-CELLBATCH-000695"",""BV-WARRANTYCLAIM-000195""]"
CELLBATCH-000695,Firmware Installation Failed,2023-04-13T04:37:00Z,sat_diagnostic_result,sat_diagnostic_result:BV-CELLBATCH-000695:0003,USR-034,"[""BV-CELLBATCH-000695"",""BV-SECONDLIFESYSTEM-000195"",""BV-BATTERYPASSPORT-000695""]"
CELLBATCH-000695,Firmware Rolled Back,2023-04-13T05:14:00Z,sat_service_status,sat_service_status:BV-CELLBATCH-000695:0004,USR-035,"[""BV-CELLBATCH-000695"",""BV-RECYCLINGORDER-000195""]"
CELLBATCH-000695,Second-Life Assessment Failed,2023-04-13T05:51:00Z,sat_recall_status,sat_recall_status:BV-CELLBATCH-000695:0002,USR-051,"[""BV-CELLBATCH-000695"",""BV-SECONDLIFESYSTEM-000195"",""BV-BATTERYPASSPORT-000695""]"
CELLBATCH-000800,Battery Pack Failed Test,2023-04-13T06:13:00Z,sat_shipment_status,sat_shipment_status:BV-CELLBATCH-000800:0001,USR-020,"[""BV-CELLBATCH-000800"",""BV-WARRANTYCLAIM-000300""]"
CELLBATCH-000802,Battery Pack Failed Test,2023-04-13T12:15:00Z,sat_shipment_status,sat_shipment_status:BV-CELLBATCH-000802:0001,USR-054,"[""BV-CELLBATCH-000802"",""BV-WARRANTYCLAIM-000302""]"
CELLBATCH-000758,Firmware Rolled Back,2023-04-13T12:46:00Z,sat_service_status,sat_service_status:BV-CELLBATCH-000758:0002,USR-090,"[""BV-CELLBATCH-000758"",""BV-RECYCLINGORDER-000258"",""BV-VEHICLE-000258""]"
CELLBATCH-000804,Battery Pack Failed Test,2023-04-13T18:17:00Z,sat_shipment_status,sat_shipment_status:BV-CELLBATCH-000804:0001,USR-088,"[""BV-CELLBATCH-000804"",""BV-WARRANTYCLAIM-000304""]"
CELLBATCH-000700,Battery Pack Failed Test,2023-04-13T19:00:00Z,sat_shipment_status,sat_shipment_status:BV-CELLBATCH-000700:0003,USR-098,"[""BV-CELLBATCH-000700"",""BV-WARRANTYCLAIM-000200"",""BV-CERTIFICATE-000200""]"
CELLBATCH-000700,Firmware Installation Failed,2023-04-13T19:37:00Z,sat_diagnostic_result,sat_diagnostic_result:BV-CELLBATCH-000700:0002,USR-119,"[""BV-CELLBATCH-000700"",""BV-SECONDLIFESYSTEM-000200""]"
CELLBATCH-000700,Firmware Rolled Back,2023-04-13T20:14:00Z,sat_service_status,sat_service_status:BV-CELLBATCH-000700:0002,USR-120,"[""BV-CELLBATCH-000700"",""BV-RECYCLINGORDER-000200"",""BV-VEHICLE-000200""]"
CELLBATCH-000700,Second-Life Assessment Failed,2023-04-13T20:51:00Z,sat_recall_status,sat_recall_status:BV-CELLBATCH-000700:0001,USR-009,"[""BV-CELLBATCH-000700"",""BV-SECONDLIFESYSTEM-000200""]"
CELLBATCH-000806,Battery Pack Failed Test,2023-04-14T00:19:00Z,sat_shipment_status,sat_shipment_status:BV-CELLBATCH-000806:0001,USR-122,"[""BV-CELLBATCH-000806"",""BV-WARRANTYCLAIM-000306""]"
CELLBATCH-000808,Battery Pack Failed Test,2023-04-14T06:21:00Z,sat_shipment_status,sat_shipment_status:BV-CELLBATCH-000808:0001,USR-029,"[""BV-CELLBATCH-000808"",""BV-WARRANTYCLAIM-000308""]"
CELLBATCH-000765,Firmware Rolled Back,2023-04-14T09:00:00Z,sat_service_status,sat_service_status:BV-CELLBATCH-000765:0002,USR-082,"[""BV-CELLBATCH-000765"",""BV-RECYCLINGORDER-000265""]"
CELLBATCH-000705,Battery Pack Failed Test,2023-04-14T10:00:00Z,sat_shipment_status,sat_shipment_status:BV-CELLBATCH-000705:0001,USR-056,"[""BV-CELLBATCH-000705"",""BV-WARRANTYCLAIM-000205""]"
CELLBATCH-000705,Firmware Installation Failed,2023-04-14T10:37:00Z,sat_diagnostic_result,sat_diagnostic_result:BV-CELLBATCH-000705:0002,USR-077,"[""BV-CELLBATCH-000705"",""BV-SECONDLIFESYSTEM-000205""]"
CELLBATCH-000705,Firmware Rolled Back,2023-04-14T11:14:00Z,sat_service_status,sat_service_status:BV-CELLBATCH-000705:0002,USR-078,"[""BV-CELLBATCH-000705"",""BV-RECYCLINGORDER-000205"",""BV-VEHICLE-000205""]"
CELLBATCH-000705,Second-Life Assessment Failed,2023-04-14T11:51:00Z,sat_recall_status,sat_recall_status:BV-CELLBATCH-000705:0002,USR-094,"[""BV-CELLBATCH-000705"",""BV-SECONDLIFESYSTEM-000205""]"
CELLBATCH-000810,Battery Pack Failed Test,2023-04-14T12:23:00Z,sat_shipment_status,sat_shipment_status:BV-CELLBATCH-000810:0001,USR-063,"[""BV-CELLBATCH-000810"",""BV-WARRANTYCLAIM-000310""]"
CELLBATCH-000735,Second-Life Assessment Failed,2023-04-14T15:39:00Z,sat_recall_status,sat_recall_status:BV-CELLBATCH-000735:0002,USR-096,"[""BV-CELLBATCH-000735"",""BV-SECONDLIFESYSTEM-000235""]"
CELLBATCH-000770,Firmware Installation Failed,2023-04-14T18:04:00Z,sat_diagnostic_result,sat_diagnostic_result:BV-CELLBATCH-000770:0002,USR-039,"[""BV-CELLBATCH-000770"",""BV-SECONDLIFESYSTEM-000270"",""BV-BATTERYPASSPORT-000770""]"
CELLBATCH-000812,Battery Pack Failed Test,2023-04-14T18:25:00Z,sat_shipment_status,sat_shipment_status:BV-CELLBATCH-000812:0001,USR-097,"[""BV-CELLBATCH-000812"",""BV-WARRANTYCLAIM-000312"",""BV-CERTIFICATE-000312""]"
CELLBATCH-000814,Battery Pack Failed Test,2023-04-15T00:27:00Z,sat_shipment_status,sat_shipment_status:BV-CELLBATCH-000814:0001,USR-004,"[""BV-CELLBATCH-000814"",""BV-WARRANTYCLAIM-000314"",""BV-CERTIFICATE-000314""]"
CELLBATCH-000710,Battery Pack Failed Test,2023-04-15T01:00:00Z,sat_shipment_status,sat_shipment_status:BV-CELLBATCH-000710:0002,USR-014,"[""BV-CELLBATCH-000710"",""BV-WARRANTYCLAIM-000210"",""BV-CERTIFICATE-000210""]"
CELLBATCH-000710,Firmware Installation Failed,2023-04-15T01:37:00Z,sat_diagnostic_result,sat_diagnostic_result:BV-CELLBATCH-000710:0002,USR-035,"[""BV-CELLBATCH-000710"",""BV-SECONDLIFESYSTEM-000210""]"
CELLBATCH-000710,Firmware Rolled Back,2023-04-15T02:14:00Z,sat_service_status,sat_service_status:BV-CELLBATCH-000710:0002,USR-036,"[""BV-CELLBATCH-000710"",""BV-RECYCLINGORDER-000210""]"
CELLBATCH-000710,Second-Life Assessment Failed,2023-04-15T02:51:00Z,sat_recall_status,sat_recall_status:BV-CELLBATCH-000710:0002,USR-052,"[""BV-CELLBATCH-000710"",""BV-SECONDLIFESYSTEM-000210"",""BV-BATTERYPASSPORT-000710""]"
CELLBATCH-000772,Firmware Rolled Back,2023-04-15T06:07:00Z,sat_service_status,sat_service_status:BV-CELLBATCH-000772:0002,USR-074,"[""BV-CELLBATCH-000772"",""BV-RECYCLINGORDER-000272""]"
CELLBATCH-000816,Battery Pack Failed Test,2023-04-15T06:29:00Z,sat_shipment_status,sat_shipment_status:BV-CELLBATCH-000816:0001,USR-038,"[""BV-CELLBATCH-000816"",""BV-WARRANTYCLAIM-000316""]"
CELLBATCH-000818,Battery Pack Failed Test,2023-04-15T12:31:00Z,sat_shipment_status,sat_shipment_status:BV-CELLBATCH-000818:0001,USR-072,"[""BV-CELLBATCH-000818"",""BV-WARRANTYCLAIM-000318"",""BV-CERTIFICATE-000318""]"
CELLBATCH-000715,Battery Pack Failed Test,2023-04-15T16:00:00Z,sat_shipment_status,sat_shipment_status:BV-CELLBATCH-000715:0001,USR-099,"[""BV-CELLBATCH-000715"",""BV-WARRANTYCLAIM-000215"",""BV-CERTIFICATE-000215""]"
CELLBATCH-000715,Firmware Installation Failed,2023-04-15T16:37:00Z,sat_diagnostic_result,sat_diagnostic_result:BV-CELLBATCH-000715:0002,USR-120,"[""BV-CELLBATCH-000715"",""BV-SECONDLIFESYSTEM-000215""]"
CELLBATCH-000715,Firmware Rolled Back,2023-04-15T17:14:00Z,sat_service_status,sat_service_status:BV-CELLBATCH-000715:0003,USR-121,"[""BV-CELLBATCH-000715"",""BV-RECYCLINGORDER-000215"",""BV-VEHICLE-000215""]"
CELLBATCH-000715,Second-Life Assessment Failed,2023-04-15T17:51:00Z,sat_recall_status,sat_recall_status:BV-CELLBATCH-000715:0003,USR-010,"[""BV-CELLBATCH-000715"",""BV-SECONDLIFESYSTEM-000215""]"
CELLBATCH-000820,Battery Pack Failed Test,2023-04-15T18:33:00Z,sat_shipment_status,sat_shipment_status:BV-CELLBATCH-000820:0001,USR-106,"[""BV-CELLBATCH-000820"",""BV-WARRANTYCLAIM-000320""]"
CELLBATCH-000822,Battery Pack Failed Test,2023-04-16T00:35:00Z,sat_shipment_status,sat_shipment_status:BV-CELLBATCH-000822:0001,USR-013,"[""BV-CELLBATCH-000822"",""BV-WARRANTYCLAIM-000322"",""BV-CERTIFICATE-000322""]"
CELLBATCH-000779,Firmware Rolled Back,2023-04-16T03:14:00Z,sat_service_status,sat_service_status:BV-CELLBATCH-000779:0002,USR-066,"[""BV-CELLBATCH-000779"",""BV-RECYCLINGORDER-000279""]"
CELLBATCH-000824,Battery Pack Failed Test,2023-04-16T06:37:00Z,sat_shipment_status,sat_shipment_status:BV-CELLBATCH-000824:0001,USR-047,"[""BV-CELLBATCH-000824"",""BV-WARRANTYCLAIM-000324"",""BV-CERTIFICATE-000324""]"
CELLBATCH-000720,Battery Pack Failed Test,2023-04-16T07:00:00Z,sat_shipment_status,sat_shipment_status:BV-CELLBATCH-000720:0002,USR-057,"[""BV-CELLBATCH-000720"",""BV-WARRANTYCLAIM-000220""]"
CELLBATCH-000720,Firmware Installation Failed,2023-04-16T07:37:00Z,sat_diagnostic_result,sat_diagnostic_result:BV-CELLBATCH-000720:0002,USR-078,"[""BV-CELLBATCH-000720"",""BV-SECONDLIFESYSTEM-000220"",""BV-BATTERYPASSPORT-000720""]"
CELLBATCH-000720,Firmware Rolled Back,2023-04-16T08:14:00Z,sat_service_status,sat_service_status:BV-CELLBATCH-000720:0002,USR-079,"[""BV-CELLBATCH-000720"",""BV-RECYCLINGORDER-000220""]"
CELLBATCH-000720,Second-Life Assessment Failed,2023-04-16T08:51:00Z,sat_recall_status,sat_recall_status:BV-CELLBATCH-000720:0001,USR-095,"[""BV-CELLBATCH-000720"",""BV-SECONDLIFESYSTEM-000220"",""BV-BATTERYPASSPORT-000720""]"
CELLBATCH-000826,Battery Pack Failed Test,2023-04-16T12:39:00Z,sat_shipment_status,sat_shipment_status:BV-CELLBATCH-000826:0001,USR-081,"[""BV-CELLBATCH-000826"",""BV-WARRANTYCLAIM-000326""]"
CELLBATCH-000828,Battery Pack Failed Test,2023-04-16T18:41:00Z,sat_shipment_status,sat_shipment_status:BV-CELLBATCH-000828:0001,USR-115,"[""BV-CELLBATCH-000828"",""BV-WARRANTYCLAIM-000328"",""BV-CERTIFICATE-000328""]"
CELLBATCH-000725,Battery Pack Failed Test,2023-04-16T22:00:00Z,sat_shipment_status,sat_shipment_status:BV-CELLBATCH-000725:0001,USR-015,"[""BV-CELLBATCH-000725"",""BV-WARRANTYCLAIM-000225""]"
CELLBATCH-000725,Firmware Installation Failed,2023-04-16T22:37:00Z,sat_diagnostic_result,sat_diagnostic_result:BV-CELLBATCH-000725:0002,USR-036,"[""BV-CELLBATCH-000725"",""BV-SECONDLIFESYSTEM-000225"",""BV-BATTERYPASSPORT-000725""]"
CELLBATCH-000725,Firmware Rolled Back,2023-04-16T23:14:00Z,sat_service_status,sat_service_status:BV-CELLBATCH-000725:0002,USR-037,"[""BV-CELLBATCH-000725"",""BV-RECYCLINGORDER-000225""]"
CELLBATCH-000725,Second-Life Assessment Failed,2023-04-16T23:51:00Z,sat_recall_status,sat_recall_status:BV-CELLBATCH-000725:0002,USR-053,"[""BV-CELLBATCH-000725"",""BV-SECONDLIFESYSTEM-000225""]"
CELLBATCH-000786,Firmware Rolled Back,2023-04-17T00:21:00Z,sat_service_status,sat_service_status:BV-CELLBATCH-000786:0002,USR-058,"[""BV-CELLBATCH-000786"",""BV-RECYCLINGORDER-000286""]"
CELLBATCH-000830,Battery Pack Failed Test,2023-04-17T00:43:00Z,sat_shipment_status,sat_shipment_status:BV-CELLBATCH-000830:0001,USR-022,"[""BV-CELLBATCH-000830"",""BV-WARRANTYCLAIM-000330""]"
CELLBATCH-000832,Battery Pack Failed Test,2023-04-17T06:45:00Z,sat_shipment_status,sat_shipment_status:BV-CELLBATCH-000832:0001,USR-056,"[""BV-CELLBATCH-000832"",""BV-WARRANTYCLAIM-000332""]"
CELLBATCH-000834,Battery Pack Failed Test,2023-04-17T12:47:00Z,sat_shipment_status,sat_shipment_status:BV-CELLBATCH-000834:0001,USR-090,"[""BV-CELLBATCH-000834"",""BV-WARRANTYCLAIM-000334""]"
CELLBATCH-000730,Battery Pack Failed Test,2023-04-17T13:00:00Z,sat_shipment_status,sat_shipment_status:BV-CELLBATCH-000730:0002,USR-100,"[""BV-CELLBATCH-000730"",""BV-WARRANTYCLAIM-000230"",""BV-CERTIFICATE-000230""]"
CELLBATCH-000730,Firmware Installation Failed,2023-04-17T13:37:00Z,sat_diagnostic_result,sat_diagnostic_result:BV-CELLBATCH-000730:0002,USR-121,"[""BV-CELLBATCH-000730"",""BV-SECONDLIFESYSTEM-000230""]"
CELLBATCH-000730,Firmware Rolled Back,2023-04-17T14:14:00Z,sat_service_status,sat_service_status:BV-CELLBATCH-000730:0003,USR-122,"[""BV-CELLBATCH-000730"",""BV-RECYCLINGORDER-000230"",""BV-VEHICLE-000230""]"
CELLBATCH-000730,Second-Life Assessment Failed,2023-04-17T14:51:00Z,sat_recall_status,sat_recall_status:BV-CELLBATCH-000730:0001,USR-011,"[""BV-CELLBATCH-000730"",""BV-SECONDLIFESYSTEM-000230""]"
CELLBATCH-000836,Battery Pack Failed Test,2023-04-17T18:49:00Z,sat_shipment_status,sat_shipment_status:BV-CELLBATCH-000836:0001,USR-124,"[""BV-CELLBATCH-000836"",""BV-WARRANTYCLAIM-000336"",""BV-CERTIFICATE-000336""]"
CELLBATCH-000793,Firmware Rolled Back,2023-04-17T21:28:00Z,sat_service_status,sat_service_status:BV-CELLBATCH-000793:0002,USR-050,"[""BV-CELLBATCH-000793"",""BV-RECYCLINGORDER-000293""]"
CELLBATCH-000838,Battery Pack Failed Test,2023-04-18T00:51:00Z,sat_shipment_status,sat_shipment_status:BV-CELLBATCH-000838:0001,USR-031,"[""BV-CELLBATCH-000838"",""BV-WARRANTYCLAIM-000338"",""BV-CERTIFICATE-000338""]"
CELLBATCH-000735,Battery Pack Failed Test,2023-04-18T04:00:00Z,sat_shipment_status,sat_shipment_status:BV-CELLBATCH-000735:0002,USR-058,"[""BV-CELLBATCH-000735"",""BV-WARRANTYCLAIM-000235"",""BV-CERTIFICATE-000235""]"
CELLBATCH-000735,Firmware Installation Failed,2023-04-18T04:37:00Z,sat_diagnostic_result,sat_diagnostic_result:BV-CELLBATCH-000735:0002,USR-079,"[""BV-CELLBATCH-000735"",""BV-SECONDLIFESYSTEM-000235""]"
CELLBATCH-000735,Firmware Rolled Back,2023-04-18T05:14:00Z,sat_service_status,sat_service_status:BV-CELLBATCH-000735:0002,USR-080,"[""BV-CELLBATCH-000735"",""BV-RECYCLINGORDER-000235"",""BV-VEHICLE-000235""]"
CELLBATCH-000735,Second-Life Assessment Failed,2023-04-18T05:51:00Z,sat_recall_status,sat_recall_status:BV-CELLBATCH-000735:0003,USR-096,"[""BV-CELLBATCH-000735"",""BV-SECONDLIFESYSTEM-000235""]"
CELLBATCH-000840,Battery Pack Failed Test,2023-04-18T06:00:00Z,sat_shipment_status,sat_shipment_status:BV-CELLBATCH-000840:0001,USR-065,"[""BV-CELLBATCH-000840"",""BV-WARRANTYCLAIM-000340"",""BV-CERTIFICATE-000340""]"
CELLBATCH-000842,Battery Pack Failed Test,2023-04-18T12:02:00Z,sat_shipment_status,sat_shipment_status:BV-CELLBATCH-000842:0001,USR-099,"[""BV-CELLBATCH-000842"",""BV-WARRANTYCLAIM-000342"",""BV-CERTIFICATE-000342""]"
CELLBATCH-000766,Second-Life Assessment Failed,2023-04-18T12:17:00Z,sat_recall_status,sat_recall_status:BV-CELLBATCH-000766:0001,USR-115,"[""BV-CELLBATCH-000766"",""BV-SECONDLIFESYSTEM-000266"",""BV-BATTERYPASSPORT-000766""]"
CELLBATCH-000844,Battery Pack Failed Test,2023-04-18T18:04:00Z,sat_shipment_status,sat_shipment_status:BV-CELLBATCH-000844:0001,USR-006,"[""BV-CELLBATCH-000844"",""BV-WARRANTYCLAIM-000344""]"
CELLBATCH-000800,Firmware Rolled Back,2023-04-18T18:35:00Z,sat_service_status,sat_service_status:BV-CELLBATCH-000800:0002,USR-042,"[""BV-CELLBATCH-000800"",""BV-RECYCLINGORDER-000300"",""BV-VEHICLE-000300""]"
CELLBATCH-000740,Battery Pack Failed Test,2023-04-18T19:00:00Z,sat_shipment_status,sat_shipment_status:BV-CELLBATCH-000740:0002,USR-016,"[""BV-CELLBATCH-000740"",""BV-WARRANTYCLAIM-000240""]"
CELLBATCH-000740,Firmware Installation Failed,2023-04-18T19:37:00Z,sat_diagnostic_result,sat_diagnostic_result:BV-CELLBATCH-000740:0002,USR-037,"[""BV-CELLBATCH-000740"",""BV-SECONDLIFESYSTEM-000240""]"
CELLBATCH-000740,Firmware Rolled Back,2023-04-18T20:14:00Z,sat_service_status,sat_service_status:BV-CELLBATCH-000740:0002,USR-038,"[""BV-CELLBATCH-000740"",""BV-RECYCLINGORDER-000240"",""BV-VEHICLE-000240""]"
CELLBATCH-000740,Second-Life Assessment Failed,2023-04-18T20:51:00Z,sat_recall_status,sat_recall_status:BV-CELLBATCH-000740:0001,USR-054,"[""BV-CELLBATCH-000740"",""BV-SECONDLIFESYSTEM-000240""]"
CELLBATCH-000846,Battery Pack Failed Test,2023-04-19T00:06:00Z,sat_shipment_status,sat_shipment_status:BV-CELLBATCH-000846:0001,USR-040,"[""BV-CELLBATCH-000846"",""BV-WARRANTYCLAIM-000346""]"
CELLBATCH-000848,Battery Pack Failed Test,2023-04-19T06:08:00Z,sat_shipment_status,sat_shipment_status:BV-CELLBATCH-000848:0001,USR-074,"[""BV-CELLBATCH-000848"",""BV-WARRANTYCLAIM-000348"",""BV-CERTIFICATE-000348""]"
CELLBATCH-000807,Firmware Installation Failed,2023-04-19T09:41:00Z,sat_diagnostic_result,sat_diagnostic_result:BV-CELLBATCH-000807:0002,USR-033,"[""BV-CELLBATCH-000807"",""BV-SECONDLIFESYSTEM-000307""]"
CELLBATCH-000745,Battery Pack Failed Test,2023-04-19T10:00:00Z,sat_shipment_status,sat_shipment_status:BV-CELLBATCH-000745:0001,USR-101,"[""BV-CELLBATCH-000745"",""BV-WARRANTYCLAIM-000245""]"
CELLBATCH-000745,Firmware Installation Failed,2023-04-19T10:37:00Z,sat_diagnostic_result,sat_diagnostic_result:BV-CELLBATCH-000745:0002,USR-122,"[""BV-CELLBATCH-000745"",""BV-SECONDLIFESYSTEM-000245"",""BV-BATTERYPASSPORT-000745""]"
CELLBATCH-000745,Firmware Rolled Back,2023-04-19T11:14:00Z,sat_service_status,sat_service_status:BV-CELLBATCH-000745:0003,USR-123,"[""BV-CELLBATCH-000745"",""BV-RECYCLINGORDER-000245""]"
CELLBATCH-000745,Second-Life Assessment Failed,2023-04-19T11:51:00Z,sat_recall_status,sat_recall_status:BV-CELLBATCH-000745:0002,USR-012,"[""BV-CELLBATCH-000745"",""BV-SECONDLIFESYSTEM-000245""]"
CELLBATCH-000850,Battery Pack Failed Test,2023-04-19T12:10:00Z,sat_shipment_status,sat_shipment_status:BV-CELLBATCH-000850:0001,USR-108,"[""BV-CELLBATCH-000850"",""BV-WARRANTYCLAIM-000350""]"
CELLBATCH-000807,Firmware Rolled Back,2023-04-19T15:42:00Z,sat_service_status,sat_service_status:BV-CELLBATCH-000807:0002,USR-034,"[""BV-CELLBATCH-000807"",""BV-RECYCLINGORDER-000307""]"
CELLBATCH-000852,Battery Pack Failed Test,2023-04-19T18:12:00Z,sat_shipment_status,sat_shipment_status:BV-CELLBATCH-000852:0001,USR-015,"[""BV-CELLBATCH-000852"",""BV-WARRANTYCLAIM-000352""]"
CELLBATCH-000854,Battery Pack Failed Test,2023-04-20T00:14:00Z,sat_shipment_status,sat_shipment_status:BV-CELLBATCH-000854:0001,USR-049,"[""BV-CELLBATCH-000854"",""BV-WARRANTYCLAIM-000354""]"
CELLBATCH-000750,Battery Pack Failed Test,2023-04-20T01:00:00Z,sat_shipment_status,sat_shipment_status:BV-CELLBATCH-000750:0002,USR-059,"[""BV-CELLBATCH-000750"",""BV-WARRANTYCLAIM-000250"",""BV-CERTIFICATE-000250""]"
CELLBATCH-000750,Firmware Installation Failed,2023-04-20T01:37:00Z,sat_diagnostic_result,sat_diagnostic_result:BV-CELLBATCH-000750:0002,USR-080,"[""BV-CELLBATCH-000750"",""BV-SECONDLIFESYSTEM-000250""]"
CELLBATCH-000750,Firmware Rolled Back,2023-04-20T02:14:00Z,sat_service_status,sat_service_status:BV-CELLBATCH-000750:0002,USR-081,"[""BV-CELLBATCH-000750"",""BV-RECYCLINGORDER-000250""]"
CELLBATCH-000750,Second-Life Assessment Failed,2023-04-20T02:51:00Z,sat_recall_status,sat_recall_status:BV-CELLBATCH-000750:0001,USR-097,"[""BV-CELLBATCH-000750"",""BV-SECONDLIFESYSTEM-000250"",""BV-BATTERYPASSPORT-000750""]"
CELLBATCH-000856,Battery Pack Failed Test,2023-04-20T06:16:00Z,sat_shipment_status,sat_shipment_status:BV-CELLBATCH-000856:0001,USR-083,"[""BV-CELLBATCH-000856"",""BV-WARRANTYCLAIM-000356"",""BV-CERTIFICATE-000356""]"
CELLBATCH-000858,Battery Pack Failed Test,2023-04-20T12:18:00Z,sat_shipment_status,sat_shipment_status:BV-CELLBATCH-000858:0001,USR-117,"[""BV-CELLBATCH-000858"",""BV-WARRANTYCLAIM-000358"",""BV-CERTIFICATE-000358""]"
CELLBATCH-000814,Firmware Rolled Back,2023-04-20T12:49:00Z,sat_service_status,sat_service_status:BV-CELLBATCH-000814:0003,USR-026,"[""BV-CELLBATCH-000814"",""BV-RECYCLINGORDER-000314""]"
CELLBATCH-000755,Battery Pack Failed Test,2023-04-20T16:00:00Z,sat_shipment_status,sat_shipment_status:BV-CELLBATCH-000755:0002,USR-017,"[""BV-CELLBATCH-000755"",""BV-WARRANTYCLAIM-000255""]"
CELLBATCH-000755,Firmware Installation Failed,2023-04-20T16:37:00Z,sat_diagnostic_result,sat_diagnostic_result:BV-CELLBATCH-000755:0002,USR-038,"[""BV-CELLBATCH-000755"",""BV-SECONDLIFESYSTEM-000255"",""BV-BATTERYPASSPORT-000755""]"
CELLBATCH-000755,Firmware Rolled Back,2023-04-20T17:14:00Z,sat_service_status,sat_service_status:BV-CELLBATCH-000755:0002,USR-039,"[""BV-CELLBATCH-000755"",""BV-RECYCLINGORDER-000255""]"
CELLBATCH-000755,Second-Life Assessment Failed,2023-04-20T17:51:00Z,sat_recall_status,sat_recall_status:BV-CELLBATCH-000755:0002,USR-055,"[""BV-CELLBATCH-000755"",""BV-SECONDLIFESYSTEM-000255""]"
CELLBATCH-000860,Battery Pack Failed Test,2023-04-20T18:20:00Z,sat_shipment_status,sat_shipment_status:BV-CELLBATCH-000860:0001,USR-024,"[""BV-CELLBATCH-000860"",""BV-WARRANTYCLAIM-000360""]"
CELLBATCH-000862,Battery Pack Failed Test,2023-04-21T00:22:00Z,sat_shipment_status,sat_shipment_status:BV-CELLBATCH-000862:0001,USR-058,"[""BV-CELLBATCH-000862"",""BV-WARRANTYCLAIM-000362""]"
CELLBATCH-000864,Battery Pack Failed Test,2023-04-21T06:24:00Z,sat_shipment_status,sat_shipment_status:BV-CELLBATCH-000864:0001,USR-092,"[""BV-CELLBATCH-000864"",""BV-WARRANTYCLAIM-000364""]"
CELLBATCH-000760,Battery Pack Failed Test,2023-04-21T07:00:00Z,sat_shipment_status,sat_shipment_status:BV-CELLBATCH-000760:0002,USR-102,"[""BV-CELLBATCH-000760"",""BV-WARRANTYCLAIM-000260"",""BV-CERTIFICATE-000260""]"
CELLBATCH-000760,Firmware Installation Failed,2023-04-21T07:37:00Z,sat_diagnostic_result,sat_diagnostic_result:BV-CELLBATCH-000760:0002,USR-123,"[""BV-CELLBATCH-000760"",""BV-SECONDLIFESYSTEM-000260""]"
CELLBATCH-000760,Firmware Rolled Back,2023-04-21T08:14:00Z,sat_service_status,sat_service_status:BV-CELLBATCH-000760:0002,USR-124,"[""BV-CELLBATCH-000760"",""BV-RECYCLINGORDER-000260""]"
CELLBATCH-000760,Second-Life Assessment Failed,2023-04-21T08:51:00Z,sat_recall_status,sat_recall_status:BV-CELLBATCH-000760:0001,USR-013,"[""BV-CELLBATCH-000760"",""BV-SECONDLIFESYSTEM-000260"",""BV-BATTERYPASSPORT-000760""]"
CELLBATCH-000821,Firmware Rolled Back,2023-04-21T09:03:00Z,sat_service_status,sat_service_status:BV-CELLBATCH-000821:0002,USR-018,"[""BV-CELLBATCH-000821"",""BV-RECYCLINGORDER-000321""]"
CELLBATCH-000866,Battery Pack Failed Test,2023-04-21T12:26:00Z,sat_shipment_status,sat_shipment_status:BV-CELLBATCH-000866:0001,USR-126,"[""BV-CELLBATCH-000866"",""BV-WARRANTYCLAIM-000366"",""BV-CERTIFICATE-000366""]"
CELLBATCH-000868,Battery Pack Failed Test,2023-04-21T18:28:00Z,sat_shipment_status,sat_shipment_status:BV-CELLBATCH-000868:0001,USR-033,"[""BV-CELLBATCH-000868"",""BV-WARRANTYCLAIM-000368"",""BV-CERTIFICATE-000368""]"
CELLBATCH-000765,Battery Pack Failed Test,2023-04-21T22:00:00Z,sat_shipment_status,sat_shipment_status:BV-CELLBATCH-000765:0001,USR-060,"[""BV-CELLBATCH-000765"",""BV-WARRANTYCLAIM-000265""]"
CELLBATCH-000765,Firmware Installation Failed,2023-04-21T22:37:00Z,sat_diagnostic_result,sat_diagnostic_result:BV-CELLBATCH-000765:0002,USR-081,"[""BV-CELLBATCH-000765"",""BV-SECONDLIFESYSTEM-000265"",""BV-BATTERYPASSPORT-000765""]"
CELLBATCH-000765,Firmware Rolled Back,2023-04-21T23:14:00Z,sat_service_status,sat_service_status:BV-CELLBATCH-000765:0003,USR-082,"[""BV-CELLBATCH-000765"",""BV-RECYCLINGORDER-000265""]"
CELLBATCH-000765,Second-Life Assessment Failed,2023-04-21T23:51:00Z,sat_recall_status,sat_recall_status:BV-CELLBATCH-000765:0002,USR-098,"[""BV-CELLBATCH-000765"",""BV-SECONDLIFESYSTEM-000265""]"
CELLBATCH-000870,Battery Pack Failed Test,2023-04-22T00:30:00Z,sat_shipment_status,sat_shipment_status:BV-CELLBATCH-000870:0001,USR-067,"[""BV-CELLBATCH-000870"",""BV-WARRANTYCLAIM-000370"",""BV-CERTIFICATE-000370""]"
CELLBATCH-000828,Firmware Rolled Back,2023-04-22T06:10:00Z,sat_service_status,sat_service_status:BV-CELLBATCH-000828:0002,USR-010,"[""BV-CELLBATCH-000828"",""BV-RECYCLINGORDER-000328""]"
CELLBATCH-000872,Battery Pack Failed Test,2023-04-22T06:32:00Z,sat_shipment_status,sat_shipment_status:BV-CELLBATCH-000872:0001,USR-101,"[""BV-CELLBATCH-000872"",""BV-WARRANTYCLAIM-000372"",""BV-CERTIFICATE-000372""]"
CELLBATCH-000797,Second-Life Assessment Failed,2023-04-22T09:48:00Z,sat_recall_status,sat_recall_status:BV-CELLBATCH-000797:0002,USR-007,"[""BV-CELLBATCH-000797"",""BV-SECONDLIFESYSTEM-000297""]"
CELLBATCH-000874,Battery Pack Failed Test,2023-04-22T12:34:00Z,sat_shipment_status,sat_shipment_status:BV-CELLBATCH-000874:0001,USR-008,"[""BV-CELLBATCH-000874"",""BV-WARRANTYCLAIM-000374""]"
CELLBATCH-000770,Battery Pack Failed Test,2023-04-22T13:00:00Z,sat_shipment_status,sat_shipment_status:BV-CELLBATCH-000770:0003,USR-018,"[""BV-CELLBATCH-000770"",""BV-WARRANTYCLAIM-000270"",""BV-CERTIFICATE-000270""]"
CELLBATCH-000770,Firmware Installation Failed,2023-04-22T13:37:00Z,sat_diagnostic_result,sat_diagnostic_result:BV-CELLBATCH-000770:0003,USR-039,"[""BV-CELLBATCH-000770"",""BV-SECONDLIFESYSTEM-000270""]"
CELLBATCH-000770,Firmware Rolled Back,2023-04-22T14:14:00Z,sat_service_status,sat_service_status:BV-CELLBATCH-000770:0002,USR-040,"[""BV-CELLBATCH-000770"",""BV-RECYCLINGORDER-000270""]"
CELLBATCH-000770,Second-Life Assessment Failed,2023-04-22T14:51:00Z,sat_recall_status,sat_recall_status:BV-CELLBATCH-000770:0001,USR-056,"[""BV-CELLBATCH-000770"",""BV-SECONDLIFESYSTEM-000270"",""BV-BATTERYPASSPORT-000770""]"
CELLBATCH-000876,Battery Pack Failed Test,2023-04-22T18:36:00Z,sat_shipment_status,sat_shipment_status:BV-CELLBATCH-000876:0001,USR-042,"[""BV-CELLBATCH-000876"",""BV-WARRANTYCLAIM-000376"",""BV-CERTIFICATE-000376""]"
CELLBATCH-000878,Battery Pack Failed Test,2023-04-23T00:38:00Z,sat_shipment_status,sat_shipment_status:BV-CELLBATCH-000878:0001,USR-076,"[""BV-CELLBATCH-000878"",""BV-WARRANTYCLAIM-000378"",""BV-CERTIFICATE-000378""]"
CELLBATCH-000835,Firmware Rolled Back,2023-04-23T03:17:00Z,sat_service_status,sat_service_status:BV-CELLBATCH-000835:0002,USR-002,"[""BV-CELLBATCH-000835"",""BV-RECYCLINGORDER-000335""]"
CELLBATCH-000775,Battery Pack Failed Test,2023-04-23T04:00:00Z,sat_shipment_status,sat_shipment_status:BV-CELLBATCH-000775:0001,USR-103,"[""BV-CELLBATCH-000775"",""BV-WARRANTYCLAIM-000275"",""BV-CERTIFICATE-000275""]"
CELLBATCH-000775,Firmware Installation Failed,2023-04-23T04:37:00Z,sat_diagnostic_result,sat_diagnostic_result:BV-CELLBATCH-000775:0002,USR-124,"[""BV-CELLBATCH-000775"",""BV-SECONDLIFESYSTEM-000275""]"
CELLBATCH-000775,Firmware Rolled Back,2023-04-23T05:14:00Z,sat_service_status,sat_service_status:BV-CELLBATCH-000775:0002,USR-125,"[""BV-CELLBATCH-000775"",""BV-RECYCLINGORDER-000275""]"
CELLBATCH-000775,Second-Life Assessment Failed,2023-04-23T05:51:00Z,sat_recall_status,sat_recall_status:BV-CELLBATCH-000775:0002,USR-014,"[""BV-CELLBATCH-000775"",""BV-SECONDLIFESYSTEM-000275"",""BV-BATTERYPASSPORT-000775""]"
CELLBATCH-000880,Battery Pack Failed Test,2023-04-23T06:40:00Z,sat_shipment_status,sat_shipment_status:BV-CELLBATCH-000880:0001,USR-110,"[""BV-CELLBATCH-000880"",""BV-WARRANTYCLAIM-000380""]"
CELLBATCH-000882,Battery Pack Failed Test,2023-04-23T12:42:00Z,sat_shipment_status,sat_shipment_status:BV-CELLBATCH-000882:0001,USR-017,"[""BV-CELLBATCH-000882"",""BV-WARRANTYCLAIM-000382"",""BV-CERTIFICATE-000382""]"
CELLBATCH-000884,Battery Pack Failed Test,2023-04-23T18:44:00Z,sat_shipment_status,sat_shipment_status:BV-CELLBATCH-000884:0001,USR-051,"[""BV-CELLBATCH-000884"",""BV-WARRANTYCLAIM-000384"",""BV-CERTIFICATE-000384""]"
CELLBATCH-000780,Battery Pack Failed Test,2023-04-23T19:00:00Z,sat_shipment_status,sat_shipment_status:BV-CELLBATCH-000780:0002,USR-061,"[""BV-CELLBATCH-000780"",""BV-WARRANTYCLAIM-000280""]"
CELLBATCH-000780,Firmware Installation Failed,2023-04-23T19:37:00Z,sat_diagnostic_result,sat_diagnostic_result:BV-CELLBATCH-000780:0003,USR-082,"[""BV-CELLBATCH-000780"",""BV-SECONDLIFESYSTEM-000280""]"
CELLBATCH-000780,Firmware Rolled Back,2023-04-23T20:14:00Z,sat_service_status,sat_service_status:BV-CELLBATCH-000780:0002,USR-083,"[""BV-CELLBATCH-000780"",""BV-RECYCLINGORDER-000280"",""BV-VEHICLE-000280""]"
CELLBATCH-000780,Second-Life Assessment Failed,2023-04-23T20:51:00Z,sat_recall_status,sat_recall_status:BV-CELLBATCH-000780:0002,USR-099,"[""BV-CELLBATCH-000780"",""BV-SECONDLIFESYSTEM-000280""]"
CELLBATCH-000842,Firmware Rolled Back,2023-04-24T00:24:00Z,sat_service_status,sat_service_status:BV-CELLBATCH-000842:0002,USR-121,"[""BV-CELLBATCH-000842"",""BV-RECYCLINGORDER-000342"",""BV-VEHICLE-000342""]"
CELLBATCH-000844,Firmware Installation Failed,2023-04-24T00:25:00Z,sat_diagnostic_result,sat_diagnostic_result:BV-CELLBATCH-000844:0002,USR-027,"[""BV-CELLBATCH-000844"",""BV-SECONDLIFESYSTEM-000344"",""BV-BATTERYPASSPORT-000844""]"
CELLBATCH-000886,Battery Pack Failed Test,2023-04-24T00:46:00Z,sat_shipment_status,sat_shipment_status:BV-CELLBATCH-000886:0001,USR-085,"[""BV-CELLBATCH-000886"",""BV-WARRANTYCLAIM-000386""]"
CELLBATCH-000888,Battery Pack Failed Test,2023-04-24T06:48:00Z,sat_shipment_status,sat_shipment_status:BV-CELLBATCH-000888:0001,USR-119,"[""BV-CELLBATCH-000888"",""BV-WARRANTYCLAIM-000388"",""BV-CERTIFICATE-000388""]"
CELLBATCH-000785,Battery Pack Failed Test,2023-04-24T10:00:00Z,sat_shipment_status,sat_shipment_status:BV-CELLBATCH-000785:0001,USR-019,"[""BV-CELLBATCH-000785"",""BV-WARRANTYCLAIM-000285""]"
CELLBATCH-000785,Firmware Installation Failed,2023-04-24T10:37:00Z,sat_diagnostic_result,sat_diagnostic_result:BV-CELLBATCH-000785:0002,USR-040,"[""BV-CELLBATCH-000785"",""BV-SECONDLIFESYSTEM-000285"",""BV-BATTERYPASSPORT-000785""]"
CELLBATCH-000785,Firmware Rolled Back,2023-04-24T11:14:00Z,sat_service_status,sat_service_status:BV-CELLBATCH-000785:0002,USR-041,"[""BV-CELLBATCH-000785"",""BV-RECYCLINGORDER-000285""]"
CELLBATCH-000785,Second-Life Assessment Failed,2023-04-24T11:51:00Z,sat_recall_status,sat_recall_status:BV-CELLBATCH-000785:0002,USR-057,"[""BV-CELLBATCH-000785"",""BV-SECONDLIFESYSTEM-000285"",""BV-BATTERYPASSPORT-000785""]"
CELLBATCH-000890,Battery Pack Failed Test,2023-04-24T12:50:00Z,sat_shipment_status,sat_shipment_status:BV-CELLBATCH-000890:0001,USR-026,"[""BV-CELLBATCH-000890"",""BV-WARRANTYCLAIM-000390""]"
CELLBATCH-000892,Battery Pack Failed Test,2023-04-24T18:52:00Z,sat_shipment_status,sat_shipment_status:BV-CELLBATCH-000892:0001,USR-060,"[""BV-CELLBATCH-000892"",""BV-WARRANTYCLAIM-000392""]"
CELLBATCH-000849,Firmware Rolled Back,2023-04-24T21:31:00Z,sat_service_status,sat_service_status:BV-CELLBATCH-000849:0002,USR-113,"[""BV-CELLBATCH-000849"",""BV-RECYCLINGORDER-000349"",""BV-VEHICLE-000349""]"
CELLBATCH-000894,Battery Pack Failed Test,2023-04-25T00:01:00Z,sat_shipment_status,sat_shipment_status:BV-CELLBATCH-000894:0001,USR-094,"[""BV-CELLBATCH-000894"",""BV-WARRANTYCLAIM-000394"",""BV-CERTIFICATE-000394""]"
CELLBATCH-000790,Battery Pack Failed Test,2023-04-25T01:00:00Z,sat_shipment_status,sat_shipment_status:BV-CELLBATCH-000790:0002,USR-104,"[""BV-CELLBATCH-000790"",""BV-WARRANTYCLAIM-000290"",""BV-CERTIFICATE-000290""]"
CELLBATCH-000790,Firmware Installation Failed,2023-04-25T01:37:00Z,sat_diagnostic_result,sat_diagnostic_result:BV-CELLBATCH-000790:0002,USR-125,"[""BV-CELLBATCH-000790"",""BV-SECONDLIFESYSTEM-000290""]"
CELLBATCH-000790,Firmware Rolled Back,2023-04-25T02:14:00Z,sat_service_status,sat_service_status:BV-CELLBATCH-000790:0003,USR-126,"[""BV-CELLBATCH-000790"",""BV-RECYCLINGORDER-000290"",""BV-VEHICLE-000290""]"
CELLBATCH-000790,Second-Life Assessment Failed,2023-04-25T02:51:00Z,sat_recall_status,sat_recall_status:BV-CELLBATCH-000790:0001,USR-015,"[""BV-CELLBATCH-000790"",""BV-SECONDLIFESYSTEM-000290""]"
CELLBATCH-000896,Battery Pack Failed Test,2023-04-25T06:03:00Z,sat_shipment_status,sat_shipment_status:BV-CELLBATCH-000896:0001,USR-001,"[""BV-CELLBATCH-000896"",""BV-WARRANTYCLAIM-000396"",""BV-CERTIFICATE-000396""]"
CELLBATCH-000898,Battery Pack Failed Test,2023-04-25T12:05:00Z,sat_shipment_status,sat_shipment_status:BV-CELLBATCH-000898:0001,USR-035,"[""BV-CELLBATCH-000898"",""BV-WARRANTYCLAIM-000398"",""BV-CERTIFICATE-000398""]"
CELLBATCH-000795,Battery Pack Failed Test,2023-04-25T16:00:00Z,sat_shipment_status,sat_shipment_status:BV-CELLBATCH-000795:0002,USR-062,"[""BV-CELLBATCH-000795"",""BV-WARRANTYCLAIM-000295""]"
CELLBATCH-000795,Firmware Installation Failed,2023-04-25T16:37:00Z,sat_diagnostic_result,sat_diagnostic_result:BV-CELLBATCH-000795:0002,USR-083,"[""BV-CELLBATCH-000795"",""BV-SECONDLIFESYSTEM-000295"",""BV-BATTERYPASSPORT-000795""]"
CELLBATCH-000795,Firmware Rolled Back,2023-04-25T17:14:00Z,sat_service_status,sat_service_status:BV-CELLBATCH-000795:0002,USR-084,"[""BV-CELLBATCH-000795"",""BV-RECYCLINGORDER-000295""]"
CELLBATCH-000795,Second-Life Assessment Failed,2023-04-25T17:51:00Z,sat_recall_status,sat_recall_status:BV-CELLBATCH-000795:0003,USR-100,"[""BV-CELLBATCH-000795"",""BV-SECONDLIFESYSTEM-000295""]"
CELLBATCH-000900,Battery Pack Failed Test,2023-04-25T18:07:00Z,sat_shipment_status,sat_shipment_status:BV-CELLBATCH-000900:0001,USR-069,"[""BV-CELLBATCH-000900"",""BV-WARRANTYCLAIM-000400""]"
CELLBATCH-000856,Firmware Rolled Back,2023-04-25T18:38:00Z,sat_service_status,sat_service_status:BV-CELLBATCH-000856:0002,USR-105,"[""BV-CELLBATCH-000856"",""BV-RECYCLINGORDER-000356"",""BV-VEHICLE-000356""]"
CELLBATCH-000902,Battery Pack Failed Test,2023-04-26T00:09:00Z,sat_shipment_status,sat_shipment_status:BV-CELLBATCH-000902:0001,USR-103,"[""BV-CELLBATCH-000902"",""BV-WARRANTYCLAIM-000402""]"
CELLBATCH-000904,Battery Pack Failed Test,2023-04-26T06:11:00Z,sat_shipment_status,sat_shipment_status:BV-CELLBATCH-000904:0001,USR-010,"[""BV-CELLBATCH-000904"",""BV-WARRANTYCLAIM-000404"",""BV-CERTIFICATE-000404""]"
CELLBATCH-000828,Second-Life Assessment Failed,2023-04-26T06:26:00Z,sat_recall_status,sat_recall_status:BV-CELLBATCH-000828:0001,USR-026,"[""BV-CELLBATCH-000828"",""BV-SECONDLIFESYSTEM-000328""]"
CELLBATCH-000800,Battery Pack Failed Test,2023-04-26T07:00:00Z,sat_shipment_status,sat_shipment_status:BV-CELLBATCH-000800:0002,USR-020,"[""BV-CELLBATCH-000800"",""BV-WARRANTYCLAIM-000300"",""BV-CERTIFICATE-000300""]"
CELLBATCH-000800,Firmware Installation Failed,2023-04-26T07:37:00Z,sat_diagnostic_result,sat_diagnostic_result:BV-CELLBATCH-000800:0002,USR-041,"[""BV-CELLBATCH-000800"",""BV-SECONDLIFESYSTEM-000300""]"
CELLBATCH-000800,Firmware Rolled Back,2023-04-26T08:14:00Z,sat_service_status,sat_service_status:BV-CELLBATCH-000800:0003,USR-042,"[""BV-CELLBATCH-000800"",""BV-RECYCLINGORDER-000300"",""BV-VEHICLE-000300""]"
CELLBATCH-000800,Second-Life Assessment Failed,2023-04-26T08:51:00Z,sat_recall_status,sat_recall_status:BV-CELLBATCH-000800:0001,USR-058,"[""BV-CELLBATCH-000800"",""BV-SECONDLIFESYSTEM-000300""]"
CELLBATCH-000906,Battery Pack Failed Test,2023-04-26T12:13:00Z,sat_shipment_status,sat_shipment_status:BV-CELLBATCH-000906:0001,USR-044,"[""BV-CELLBATCH-000906"",""BV-WARRANTYCLAIM-000406""]"
CELLBATCH-000863,Firmware Rolled Back,2023-04-26T15:45:00Z,sat_service_status,sat_service_status:BV-CELLBATCH-000863:0002,USR-097,"[""BV-CELLBATCH-000863"",""BV-RECYCLINGORDER-000363""]"
CELLBATCH-000908,Battery Pack Failed Test,2023-04-26T18:15:00Z,sat_shipment_status,sat_shipment_status:BV-CELLBATCH-000908:0001,USR-078,"[""BV-CELLBATCH-000908"",""BV-WARRANTYCLAIM-000408""]"
CELLBATCH-000805,Battery Pack Failed Test,2023-04-26T22:00:00Z,sat_shipment_status,sat_shipment_status:BV-CELLBATCH-000805:0002,USR-105,"[""BV-CELLBATCH-000805"",""BV-WARRANTYCLAIM-000305""]"
CELLBATCH-000805,Firmware Installation Failed,2023-04-26T22:37:00Z,sat_diagnostic_result,sat_diagnostic_result:BV-CELLBATCH-000805:0002,USR-126,"[""BV-CELLBATCH-000805"",""BV-SECONDLIFESYSTEM-000305"",""BV-BATTERYPASSPORT-000805""]"
CELLBATCH-000805,Firmware Rolled Back,2023-04-26T23:14:00Z,sat_service_status,sat_service_status:BV-CELLBATCH-000805:0002,USR-127,"[""BV-CELLBATCH-000805"",""BV-RECYCLINGORDER-000305""]"
CELLBATCH-000805,Second-Life Assessment Failed,2023-04-26T23:51:00Z,sat_recall_status,sat_recall_status:BV-CELLBATCH-000805:0002,USR-016,"[""BV-CELLBATCH-000805"",""BV-SECONDLIFESYSTEM-000305""]"
CELLBATCH-000910,Battery Pack Failed Test,2023-04-27T00:17:00Z,sat_shipment_status,sat_shipment_status:BV-CELLBATCH-000910:0001,USR-112,"[""BV-CELLBATCH-000910"",""BV-WARRANTYCLAIM-000410""]"
CELLBATCH-000912,Battery Pack Failed Test,2023-04-27T06:19:00Z,sat_shipment_status,sat_shipment_status:BV-CELLBATCH-000912:0001,USR-019,"[""BV-CELLBATCH-000912"",""BV-WARRANTYCLAIM-000412"",""BV-CERTIFICATE-000412""]"
CELLBATCH-000914,Battery Pack Failed Test,2023-04-27T12:21:00Z,sat_shipment_status,sat_shipment_status:BV-CELLBATCH-000914:0001,USR-053,"[""BV-CELLBATCH-000914"",""BV-WARRANTYCLAIM-000414""]"
CELLBATCH-000870,Firmware Rolled Back,2023-04-27T12:52:00Z,sat_service_status,sat_service_status:BV-CELLBATCH-000870:0002,USR-089,"[""BV-CELLBATCH-000870"",""BV-RECYCLINGORDER-000370"",""BV-VEHICLE-000370""]"
CELLBATCH-000810,Battery Pack Failed Test,2023-04-27T13:00:00Z,sat_shipment_status,sat_shipment_status:BV-CELLBATCH-000810:0002,USR-063,"[""BV-CELLBATCH-000810"",""BV-WARRANTYCLAIM-000310""]"
CELLBATCH-000810,Firmware Installation Failed,2023-04-27T13:37:00Z,sat_diagnostic_result,sat_diagnostic_result:BV-CELLBATCH-000810:0002,USR-084,"[""BV-CELLBATCH-000810"",""BV-SECONDLIFESYSTEM-000310"",""BV-BATTERYPASSPORT-000810""]"
CELLBATCH-000810,Firmware Rolled Back,2023-04-27T14:14:00Z,sat_service_status,sat_service_status:BV-CELLBATCH-000810:0002,USR-085,"[""BV-CELLBATCH-000810"",""BV-RECYCLINGORDER-000310""]"
CELLBATCH-000810,Second-Life Assessment Failed,2023-04-27T14:51:00Z,sat_recall_status,sat_recall_status:BV-CELLBATCH-000810:0001,USR-101,"[""BV-CELLBATCH-000810"",""BV-SECONDLIFESYSTEM-000310"",""BV-BATTERYPASSPORT-000810""]"
CELLBATCH-000916,Battery Pack Failed Test,2023-04-27T18:23:00Z,sat_shipment_status,sat_shipment_status:BV-CELLBATCH-000916:0001,USR-087,"[""BV-CELLBATCH-000916"",""BV-WARRANTYCLAIM-000416"",""BV-CERTIFICATE-000416""]"
CELLBATCH-000918,Battery Pack Failed Test,2023-04-28T00:25:00Z,sat_shipment_status,sat_shipment_status:BV-CELLBATCH-000918:0001,USR-121,"[""BV-CELLBATCH-000918"",""BV-WARRANTYCLAIM-000418""]"
CELLBATCH-000815,Battery Pack Failed Test,2023-04-28T04:00:00Z,sat_shipment_status,sat_shipment_status:BV-CELLBATCH-000815:0001,USR-021,"[""BV-CELLBATCH-000815"",""BV-WARRANTYCLAIM-000315""]"
CELLBATCH-000815,Firmware Installation Failed,2023-04-28T04:37:00Z,sat_diagnostic_result,sat_diagnostic_result:BV-CELLBATCH-000815:0002,USR-042,"[""BV-CELLBATCH-000815"",""BV-SECONDLIFESYSTEM-000315"",""BV-BATTERYPASSPORT-000815""]"
CELLBATCH-000815,Firmware Rolled Back,2023-04-28T05:14:00Z,sat_service_status,sat_service_status:BV-CELLBATCH-000815:0002,USR-043,"[""BV-CELLBATCH-000815"",""BV-RECYCLINGORDER-000315""]"
CELLBATCH-000815,Second-Life Assessment Failed,2023-04-28T05:51:00Z,sat_recall_status,sat_recall_status:BV-CELLBATCH-000815:0002,USR-059,"[""BV-CELLBATCH-000815"",""BV-SECONDLIFESYSTEM-000315""]"
CELLBATCH-000920,Battery Pack Failed Test,2023-04-28T06:27:00Z,sat_shipment_status,sat_shipment_status:BV-CELLBATCH-000920:0001,USR-028,"[""BV-CELLBATCH-000920"",""BV-WARRANTYCLAIM-000420"",""BV-CERTIFICATE-000420""]"
CELLBATCH-000877,Firmware Rolled Back,2023-04-28T09:06:00Z,sat_service_status,sat_service_status:BV-CELLBATCH-000877:0002,USR-081,"[""BV-CELLBATCH-000877"",""BV-RECYCLINGORDER-000377""]"
CELLBATCH-000922,Battery Pack Failed Test,2023-04-28T12:29:00Z,sat_shipment_status,sat_shipment_status:BV-CELLBATCH-000922:0001,USR-062,"[""BV-CELLBATCH-000922"",""BV-WARRANTYCLAIM-000422""]"
CELLBATCH-000881,Firmware Installation Failed,2023-04-28T15:09:00Z,sat_diagnostic_result,sat_diagnostic_result:BV-CELLBATCH-000881:0002,USR-021,"[""BV-CELLBATCH-000881"",""BV-SECONDLIFESYSTEM-000381""]"
CELLBATCH-000924,Battery Pack Failed Test,2023-04-28T18:31:00Z,sat_shipment_status,sat_shipment_status:BV-CELLBATCH-000924:0001,USR-096,"[""BV-CELLBATCH-000924"",""BV-WARRANTYCLAIM-000424""]"
CELLBATCH-000820,Battery Pack Failed Test,2023-04-28T19:00:00Z,sat_shipment_status,sat_shipment_status:BV-CELLBATCH-000820:0002,USR-106,"[""BV-CELLBATCH-000820"",""BV-WARRANTYCLAIM-000320""]"
CELLBATCH-000820,Firmware Installation Failed,2023-04-28T19:37:00Z,sat_diagnostic_result,sat_diagnostic_result:BV-CELLBATCH-000820:0002,USR-127,"[""BV-CELLBATCH-000820"",""BV-SECONDLIFESYSTEM-000320""]"
CELLBATCH-000820,Firmware Rolled Back,2023-04-28T20:14:00Z,sat_service_status,sat_service_status:BV-CELLBATCH-000820:0002,USR-001,"[""BV-CELLBATCH-000820"",""BV-RECYCLINGORDER-000320"",""BV-VEHICLE-000320""]"
CELLBATCH-000820,Second-Life Assessment Failed,2023-04-28T20:51:00Z,sat_recall_status,sat_recall_status:BV-CELLBATCH-000820:0001,USR-017,"[""BV-CELLBATCH-000820"",""BV-SECONDLIFESYSTEM-000320""]"
CELLBATCH-000926,Battery Pack Failed Test,2023-04-29T00:33:00Z,sat_shipment_status,sat_shipment_status:BV-CELLBATCH-000926:0001,USR-003,"[""BV-CELLBATCH-000926"",""BV-WARRANTYCLAIM-000426""]"
CELLBATCH-000884,Firmware Rolled Back,2023-04-29T06:13:00Z,sat_service_status,sat_service_status:BV-CELLBATCH-000884:0002,USR-073,"[""BV-CELLBATCH-000884"",""BV-RECYCLINGORDER-000384"",""BV-VEHICLE-000384""]"
CELLBATCH-000928,Battery Pack Failed Test,2023-04-29T06:35:00Z,sat_shipment_status,sat_shipment_status:BV-CELLBATCH-000928:0001,USR-037,"[""BV-CELLBATCH-000928"",""BV-WARRANTYCLAIM-000428""]"
CELLBATCH-000825,Battery Pack Failed Test,2023-04-29T10:00:00Z,sat_shipment_status,sat_shipment_status:BV-CELLBATCH-000825:0001,USR-064,"[""BV-CELLBATCH-000825"",""BV-WARRANTYCLAIM-000325"",""BV-CERTIFICATE-000325""]"
CELLBATCH-000825,Firmware Installation Failed,2023-04-29T10:37:00Z,sat_diagnostic_result,sat_diagnostic_result:BV-CELLBATCH-000825:0002,USR-085,"[""BV-CELLBATCH-000825"",""BV-SECONDLIFESYSTEM-000325""]"
CELLBATCH-000825,Firmware Rolled Back,2023-04-29T11:14:00Z,sat_service_status,sat_service_status:BV-CELLBATCH-000825:0002,USR-086,"[""BV-CELLBATCH-000825"",""BV-RECYCLINGORDER-000325"",""BV-VEHICLE-000325""]"
CELLBATCH-000825,Second-Life Assessment Failed,2023-04-29T11:51:00Z,sat_recall_status,sat_recall_status:BV-CELLBATCH-000825:0002,USR-102,"[""BV-CELLBATCH-000825"",""BV-SECONDLIFESYSTEM-000325""]"
CELLBATCH-000930,Battery Pack Failed Test,2023-04-29T12:37:00Z,sat_shipment_status,sat_shipment_status:BV-CELLBATCH-000930:0001,USR-071,"[""BV-CELLBATCH-000930"",""BV-WARRANTYCLAIM-000430""]"
CELLBATCH-000932,Battery Pack Failed Test,2023-04-29T18:39:00Z,sat_shipment_status,sat_shipment_status:BV-CELLBATCH-000932:0001,USR-105,"[""BV-CELLBATCH-000932"",""BV-WARRANTYCLAIM-000432"",""BV-CERTIFICATE-000432""]"
CELLBATCH-000934,Battery Pack Failed Test,2023-04-30T00:41:00Z,sat_shipment_status,sat_shipment_status:BV-CELLBATCH-000934:0001,USR-012,"[""BV-CELLBATCH-000934"",""BV-WARRANTYCLAIM-000434""]"
CELLBATCH-000830,Battery Pack Failed Test,2023-04-30T01:00:00Z,sat_shipment_status,sat_shipment_status:BV-CELLBATCH-000830:0002,USR-022,"[""BV-CELLBATCH-000830"",""BV-WARRANTYCLAIM-000330""]"
CELLBATCH-000830,Firmware Installation Failed,2023-04-30T01:37:00Z,sat_diagnostic_result,sat_diagnostic_result:BV-CELLBATCH-000830:0002,USR-043,"[""BV-CELLBATCH-000830"",""BV-SECONDLIFESYSTEM-000330"",""BV-BATTERYPASSPORT-000830""]"
CELLBATCH-000830,Firmware Rolled Back,2023-04-30T02:14:00Z,sat_service_status,sat_service_status:BV-CELLBATCH-000830:0002,USR-044,"[""BV-CELLBATCH-000830"",""BV-RECYCLINGORDER-000330""]"
CELLBATCH-000830,Second-Life Assessment Failed,2023-04-30T02:51:00Z,sat_recall_status,sat_recall_status:BV-CELLBATCH-000830:0001,USR-060,"[""BV-CELLBATCH-000830"",""BV-SECONDLIFESYSTEM-000330""]"
CELLBATCH-000859,Second-Life Assessment Failed,2023-04-30T03:04:00Z,sat_recall_status,sat_recall_status:BV-CELLBATCH-000859:0002,USR-045,"[""BV-CELLBATCH-000859"",""BV-SECONDLIFESYSTEM-000359"",""BV-BATTERYPASSPORT-000859""]"
CELLBATCH-000891,Firmware Rolled Back,2023-04-30T03:20:00Z,sat_service_status,sat_service_status:BV-CELLBATCH-000891:0002,USR-065,"[""BV-CELLBATCH-000891"",""BV-RECYCLINGORDER-000391""]"
CELLBATCH-000936,Battery Pack Failed Test,2023-04-30T06:43:00Z,sat_shipment_status,sat_shipment_status:BV-CELLBATCH-000936:0001,USR-046,"[""BV-CELLBATCH-000936"",""BV-WARRANTYCLAIM-000436""]"
CELLBATCH-000938,Battery Pack Failed Test,2023-04-30T12:45:00Z,sat_shipment_status,sat_shipment_status:BV-CELLBATCH-000938:0001,USR-080,"[""BV-CELLBATCH-000938"",""BV-WARRANTYCLAIM-000438"",""BV-CERTIFICATE-000438""]"
CELLBATCH-000835,Battery Pack Failed Test,2023-04-30T16:00:00Z,sat_shipment_status,sat_shipment_status:BV-CELLBATCH-000835:0001,USR-107,"[""BV-CELLBATCH-000835"",""BV-WARRANTYCLAIM-000335"",""BV-CERTIFICATE-000335""]"
CELLBATCH-000835,Firmware Installation Failed,2023-04-30T16:37:00Z,sat_diagnostic_result,sat_diagnostic_result:BV-CELLBATCH-000835:0003,USR-001,"[""BV-CELLBATCH-000835"",""BV-SECONDLIFESYSTEM-000335""]"
CELLBATCH-000835,Firmware Rolled Back,2023-04-30T17:14:00Z,sat_service_status,sat_service_status:BV-CELLBATCH-000835:0003,USR-002,"[""BV-CELLBATCH-000835"",""BV-RECYCLINGORDER-000335""]"
CELLBATCH-000835,Second-Life Assessment Failed,2023-04-30T17:51:00Z,sat_recall_status,sat_recall_status:BV-CELLBATCH-000835:0002,USR-018,"[""BV-CELLBATCH-000835"",""BV-SECONDLIFESYSTEM-000335"",""BV-BATTERYPASSPORT-000835""]"
CELLBATCH-000940,Battery Pack Failed Test,2023-04-30T18:47:00Z,sat_shipment_status,sat_shipment_status:BV-CELLBATCH-000940:0001,USR-114,"[""BV-CELLBATCH-000940"",""BV-WARRANTYCLAIM-000440""]"
CELLBATCH-000898,Firmware Rolled Back,2023-05-01T00:27:00Z,sat_service_status,sat_service_status:BV-CELLBATCH-000898:0002,USR-057,"[""BV-CELLBATCH-000898"",""BV-RECYCLINGORDER-000398"",""BV-VEHICLE-000398""]"
CELLBATCH-000942,Battery Pack Failed Test,2023-05-01T00:49:00Z,sat_shipment_status,sat_shipment_status:BV-CELLBATCH-000942:0001,USR-021,"[""BV-CELLBATCH-000942"",""BV-WARRANTYCLAIM-000442""]"
CELLBATCH-000944,Battery Pack Failed Test,2023-05-01T06:51:00Z,sat_shipment_status,sat_shipment_status:BV-CELLBATCH-000944:0001,USR-055,"[""BV-CELLBATCH-000944"",""BV-WARRANTYCLAIM-000444""]"
CELLBATCH-000840,Battery Pack Failed Test,2023-05-01T07:00:00Z,sat_shipment_status,sat_shipment_status:BV-CELLBATCH-000840:0003,USR-065,"[""BV-CELLBATCH-000840"",""BV-WARRANTYCLAIM-000340""]"
CELLBATCH-000840,Firmware Installation Failed,2023-05-01T07:37:00Z,sat_diagnostic_result,sat_diagnostic_result:BV-CELLBATCH-000840:0002,USR-086,"[""BV-CELLBATCH-000840"",""BV-SECONDLIFESYSTEM-000340"",""BV-BATTERYPASSPORT-000840""]"
CELLBATCH-000840,Firmware Rolled Back,2023-05-01T08:14:00Z,sat_service_status,sat_service_status:BV-CELLBATCH-000840:0002,USR-087,"[""BV-CELLBATCH-000840"",""BV-RECYCLINGORDER-000340""]"
CELLBATCH-000840,Second-Life Assessment Failed,2023-05-01T08:51:00Z,sat_recall_status,sat_recall_status:BV-CELLBATCH-000840:0001,USR-103,"[""BV-CELLBATCH-000840"",""BV-SECONDLIFESYSTEM-000340"",""BV-BATTERYPASSPORT-000840""]"
CELLBATCH-000946,Battery Pack Failed Test,2023-05-01T12:00:00Z,sat_shipment_status,sat_shipment_status:BV-CELLBATCH-000946:0001,USR-089,"[""BV-CELLBATCH-000946"",""BV-WARRANTYCLAIM-000446"",""BV-CERTIFICATE-000446""]"
CELLBATCH-000948,Battery Pack Failed Test,2023-05-01T18:02:00Z,sat_shipment_status,sat_shipment_status:BV-CELLBATCH-000948:0001,USR-123,"[""BV-CELLBATCH-000948"",""BV-WARRANTYCLAIM-000448""]"
CELLBATCH-000905,Firmware Rolled Back,2023-05-01T21:34:00Z,sat_service_status,sat_service_status:BV-CELLBATCH-000905:0002,USR-049,"[""BV-CELLBATCH-000905"",""BV-RECYCLINGORDER-000405""]"
CELLBATCH-000845,Battery Pack Failed Test,2023-05-01T22:00:00Z,sat_shipment_status,sat_shipment_status:BV-CELLBATCH-000845:0001,USR-023,"[""BV-CELLBATCH-000845"",""BV-WARRANTYCLAIM-000345"",""BV-CERTIFICATE-000345""]"
CELLBATCH-000845,Firmware Installation Failed,2023-05-01T22:37:00Z,sat_diagnostic_result,sat_diagnostic_result:BV-CELLBATCH-000845:0002,USR-044,"[""BV-CELLBATCH-000845"",""BV-SECONDLIFESYSTEM-000345""]"
CELLBATCH-000845,Firmware Rolled Back,2023-05-01T23:14:00Z,sat_service_status,sat_service_status:BV-CELLBATCH-000845:0002,USR-045,"[""BV-CELLBATCH-000845"",""BV-RECYCLINGORDER-000345"",""BV-VEHICLE-000345""]"
CELLBATCH-000845,Second-Life Assessment Failed,2023-05-01T23:51:00Z,sat_recall_status,sat_recall_status:BV-CELLBATCH-000845:0003,USR-061,"[""BV-CELLBATCH-000845"",""BV-SECONDLIFESYSTEM-000345""]"
CELLBATCH-000950,Battery Pack Failed Test,2023-05-02T00:04:00Z,sat_shipment_status,sat_shipment_status:BV-CELLBATCH-000950:0001,USR-030,"[""BV-CELLBATCH-000950"",""BV-WARRANTYCLAIM-000450""]"
CELLBATCH-000952,Battery Pack Failed Test,2023-05-02T06:06:00Z,sat_shipment_status,sat_shipment_status:BV-CELLBATCH-000952:0001,USR-064,"[""BV-CELLBATCH-000952"",""BV-WARRANTYCLAIM-000452""]"
CELLBATCH-000954,Battery Pack Failed Test,2023-05-02T12:08:00Z,sat_shipment_status,sat_shipment_status:BV-CELLBATCH-000954:0001,USR-098,"[""BV-CELLBATCH-000954"",""BV-WARRANTYCLAIM-000454""]"
CELLBATCH-000850,Battery Pack Failed Test,2023-05-02T13:00:00Z,sat_shipment_status,sat_shipment_status:BV-CELLBATCH-000850:0003,USR-108,"[""BV-CELLBATCH-000850"",""BV-WARRANTYCLAIM-000350""]"
CELLBATCH-000850,Firmware Installation Failed,2023-05-02T13:37:00Z,sat_diagnostic_result,sat_diagnostic_result:BV-CELLBATCH-000850:0002,USR-002,"[""BV-CELLBATCH-000850"",""BV-SECONDLIFESYSTEM-000350""]"
CELLBATCH-000850,Firmware Rolled Back,2023-05-02T14:14:00Z,sat_service_status,sat_service_status:BV-CELLBATCH-000850:0002,USR-003,"[""BV-CELLBATCH-000850"",""BV-RECYCLINGORDER-000350"",""BV-VEHICLE-000350""]"
CELLBATCH-000850,Second-Life Assessment Failed,2023-05-02T14:51:00Z,sat_recall_status,sat_recall_status:BV-CELLBATCH-000850:0002,USR-019,"[""BV-CELLBATCH-000850"",""BV-SECONDLIFESYSTEM-000350""]"
CELLBATCH-000956,Battery Pack Failed Test,2023-05-02T18:10:00Z,sat_shipment_status,sat_shipment_status:BV-CELLBATCH-000956:0001,USR-005,"[""BV-CELLBATCH-000956"",""BV-WARRANTYCLAIM-000456"",""BV-CERTIFICATE-000456""]"
CELLBATCH-000912,Firmware Rolled Back,2023-05-02T18:41:00Z,sat_service_status,sat_service_status:BV-CELLBATCH-000912:0002,USR-041,"[""BV-CELLBATCH-000912"",""BV-RECYCLINGORDER-000412"",""BV-VEHICLE-000412""]"
CELLBATCH-000958,Battery Pack Failed Test,2023-05-03T00:12:00Z,sat_shipment_status,sat_shipment_status:BV-CELLBATCH-000958:0001,USR-039,"[""BV-CELLBATCH-000958"",""BV-WARRANTYCLAIM-000458""]"
CELLBATCH-000855,Battery Pack Failed Test,2023-05-03T04:00:00Z,sat_shipment_status,sat_shipment_status:BV-CELLBATCH-000855:0001,USR-066,"[""BV-CELLBATCH-000855"",""BV-WARRANTYCLAIM-000355""]"
CELLBATCH-000855,Firmware Installation Failed,2023-05-03T04:37:00Z,sat_diagnostic_result,sat_diagnostic_result:BV-CELLBATCH-000855:0002,USR-087,"[""BV-CELLBATCH-000855"",""BV-SECONDLIFESYSTEM-000355"",""BV-BATTERYPASSPORT-000855""]"
CELLBATCH-000855,Firmware Rolled Back,2023-05-03T05:14:00Z,sat_service_status,sat_service_status:BV-CELLBATCH-000855:0002,USR-088,"[""BV-CELLBATCH-000855"",""BV-RECYCLINGORDER-000355""]"
CELLBATCH-000855,Second-Life Assessment Failed,2023-05-03T05:51:00Z,sat_recall_status,sat_recall_status:BV-CELLBATCH-000855:0002,USR-104,"[""BV-CELLBATCH-000855"",""BV-SECONDLIFESYSTEM-000355"",""BV-BATTERYPASSPORT-000855""]"
CELLBATCH-000960,Battery Pack Failed Test,2023-05-03T06:14:00Z,sat_shipment_status,sat_shipment_status:BV-CELLBATCH-000960:0001,USR-073,"[""BV-CELLBATCH-000960"",""BV-WARRANTYCLAIM-000460"",""BV-CERTIFICATE-000460""]"
CELLBATCH-000918,Firmware Installation Failed,2023-05-03T06:46:00Z,sat_diagnostic_result,sat_diagnostic_result:BV-CELLBATCH-000918:0002,USR-015,"[""BV-CELLBATCH-000918"",""BV-SECONDLIFESYSTEM-000418"",""BV-BATTERYPASSPORT-000918""]"
CELLBATCH-000962,Battery Pack Failed Test,2023-05-03T12:16:00Z,sat_shipment_status,sat_shipment_status:BV-CELLBATCH-000962:0001,USR-107,"[""BV-CELLBATCH-000962"",""BV-WARRANTYCLAIM-000462""]"
CELLBATCH-000919,Firmware Rolled Back,2023-05-03T15:48:00Z,sat_service_status,sat_service_status:BV-CELLBATCH-000919:0002,USR-033,"[""BV-CELLBATCH-000919"",""BV-RECYCLINGORDER-000419"",""BV-VEHICLE-000419""]"
CELLBATCH-000964,Battery Pack Failed Test,2023-05-03T18:18:00Z,sat_shipment_status,sat_shipment_status:BV-CELLBATCH-000964:0001,USR-014,"[""BV-CELLBATCH-000964"",""BV-WARRANTYCLAIM-000464"",""BV-CERTIFICATE-000464""]"
CELLBATCH-000860,Battery Pack Failed Test,2023-05-03T19:00:00Z,sat_shipment_status,sat_shipment_status:BV-CELLBATCH-000860:0002,USR-024,"[""BV-CELLBATCH-000860"",""BV-WARRANTYCLAIM-000360"",""BV-CERTIFICATE-000360""]"
CELLBATCH-000860,Firmware Installation Failed,2023-05-03T19:37:00Z,sat_diagnostic_result,sat_diagnostic_result:BV-CELLBATCH-000860:0002,USR-045,"[""BV-CELLBATCH-000860"",""BV-SECONDLIFESYSTEM-000360""]"
CELLBATCH-000860,Firmware Rolled Back,2023-05-03T20:14:00Z,sat_service_status,sat_service_status:BV-CELLBATCH-000860:0003,USR-046,"[""BV-CELLBATCH-000860"",""BV-RECYCLINGORDER-000360"",""BV-VEHICLE-000360""]"
CELLBATCH-000860,Second-Life Assessment Failed,2023-05-03T20:51:00Z,sat_recall_status,sat_recall_status:BV-CELLBATCH-000860:0001,USR-062,"[""BV-CELLBATCH-000860"",""BV-SECONDLIFESYSTEM-000360""]"
CELLBATCH-000966,Battery Pack Failed Test,2023-05-04T00:20:00Z,sat_shipment_status,sat_shipment_status:BV-CELLBATCH-000966:0001,USR-048,"[""BV-CELLBATCH-000966"",""BV-WARRANTYCLAIM-000466""]"
CELLBATCH-000890,Second-Life Assessment Failed,2023-05-04T00:35:00Z,sat_recall_status,sat_recall_status:BV-CELLBATCH-000890:0001,USR-064,"[""BV-CELLBATCH-000890"",""BV-SECONDLIFESYSTEM-000390""]"
CELLBATCH-000968,Battery Pack Failed Test,2023-05-04T06:22:00Z,sat_shipment_status,sat_shipment_status:BV-CELLBATCH-000968:0001,USR-082,"[""BV-CELLBATCH-000968"",""BV-WARRANTYCLAIM-000468""]"
CELLBATCH-000865,Battery Pack Failed Test,2023-05-04T10:00:00Z,sat_shipment_status,sat_shipment_status:BV-CELLBATCH-000865:0001,USR-109,"[""BV-CELLBATCH-000865"",""BV-WARRANTYCLAIM-000365""]"
CELLBATCH-000865,Firmware Installation Failed,2023-05-04T10:37:00Z,sat_diagnostic_result,sat_diagnostic_result:BV-CELLBATCH-000865:0003,USR-003,"[""BV-CELLBATCH-000865"",""BV-SECONDLIFESYSTEM-000365"",""BV-BATTERYPASSPORT-000865""]"
CELLBATCH-000865,Firmware Rolled Back,2023-05-04T11:14:00Z,sat_service_status,sat_service_status:BV-CELLBATCH-000865:0002,USR-004,"[""BV-CELLBATCH-000865"",""BV-RECYCLINGORDER-000365""]"
CELLBATCH-000865,Second-Life Assessment Failed,2023-05-04T11:51:00Z,sat_recall_status,sat_recall_status:BV-CELLBATCH-000865:0002,USR-020,"[""BV-CELLBATCH-000865"",""BV-SECONDLIFESYSTEM-000365"",""BV-BATTERYPASSPORT-000865""]"
CELLBATCH-000926,Firmware Rolled Back,2023-05-04T12:02:00Z,sat_service_status,sat_service_status:BV-CELLBATCH-000926:0002,USR-025,"[""BV-CELLBATCH-000926"",""BV-RECYCLINGORDER-000426""]"
CELLBATCH-000970,Battery Pack Failed Test,2023-05-04T12:24:00Z,sat_shipment_status,sat_shipment_status:BV-CELLBATCH-000970:0001,USR-116,"[""BV-CELLBATCH-000970"",""BV-WARRANTYCLAIM-000470"",""BV-CERTIFICATE-000470""]"
CELLBATCH-000972,Battery Pack Failed Test,2023-05-04T18:26:00Z,sat_shipment_status,sat_shipment_status:BV-CELLBATCH-000972:0001,USR-023,"[""BV-CELLBATCH-000972"",""BV-WARRANTYCLAIM-000472""]"
CELLBATCH-000974,Battery Pack Failed Test,2023-05-05T00:28:00Z,sat_shipment_status,sat_shipment_status:BV-CELLBATCH-000974:0001,USR-057,"[""BV-CELLBATCH-000974"",""BV-WARRANTYCLAIM-000474"",""BV-CERTIFICATE-000474""]"
CELLBATCH-000870,Battery Pack Failed Test,2023-05-05T01:00:00Z,sat_shipment_status,sat_shipment_status:BV-CELLBATCH-000870:0002,USR-067,"[""BV-CELLBATCH-000870"",""BV-WARRANTYCLAIM-000370"",""BV-CERTIFICATE-000370""]"
CELLBATCH-000870,Firmware Installation Failed,2023-05-05T01:37:00Z,sat_diagnostic_result,sat_diagnostic_result:BV-CELLBATCH-000870:0002,USR-088,"[""BV-CELLBATCH-000870"",""BV-SECONDLIFESYSTEM-000370""]"
CELLBATCH-000870,Firmware Rolled Back,2023-05-05T02:14:00Z,sat_service_status,sat_service_status:BV-CELLBATCH-000870:0003,USR-089,"[""BV-CELLBATCH-000870"",""BV-RECYCLINGORDER-000370""]"
CELLBATCH-000870,Second-Life Assessment Failed,2023-05-05T02:51:00Z,sat_recall_status,sat_recall_status:BV-CELLBATCH-000870:0001,USR-105,"[""BV-CELLBATCH-000870"",""BV-SECONDLIFESYSTEM-000370"",""BV-BATTERYPASSPORT-000870""]"
CELLBATCH-000976,Battery Pack Failed Test,2023-05-05T06:30:00Z,sat_shipment_status,sat_shipment_status:BV-CELLBATCH-000976:0001,USR-091,"[""BV-CELLBATCH-000976"",""BV-WARRANTYCLAIM-000476""]"
CELLBATCH-000933,Firmware Rolled Back,2023-05-05T09:09:00Z,sat_service_status,sat_service_status:BV-CELLBATCH-000933:0002,USR-017,"[""BV-CELLBATCH-000933"",""BV-RECYCLINGORDER-000433"",""BV-VEHICLE-000433""]"
CELLBATCH-000978,Battery Pack Failed Test,2023-05-05T12:32:00Z,sat_shipment_status,sat_shipment_status:BV-CELLBATCH-000978:0001,USR-125,"[""BV-CELLBATCH-000978"",""BV-WARRANTYCLAIM-000478"",""BV-CERTIFICATE-000478""]"
CELLBATCH-000875,Battery Pack Failed Test,2023-05-05T16:00:00Z,sat_shipment_status,sat_shipment_status:BV-CELLBATCH-000875:0002,USR-025,"[""BV-CELLBATCH-000875"",""BV-WARRANTYCLAIM-000375"",""BV-CERTIFICATE-000375""]"
CELLBATCH-000875,Firmware Installation Failed,2023-05-05T16:37:00Z,sat_diagnostic_result,sat_diagnostic_result:BV-CELLBATCH-000875:0002,USR-046,"[""BV-CELLBATCH-000875"",""BV-SECONDLIFESYSTEM-000375""]"
CELLBATCH-000875,Firmware Rolled Back,2023-05-05T17:14:00Z,sat_service_status,sat_service_status:BV-CELLBATCH-000875:0002,USR-047,"[""BV-CELLBATCH-000875"",""BV-RECYCLINGORDER-000375""]"
CELLBATCH-000875,Second-Life Assessment Failed,2023-05-05T17:51:00Z,sat_recall_status,sat_recall_status:BV-CELLBATCH-000875:0002,USR-063,"[""BV-CELLBATCH-000875"",""BV-SECONDLIFESYSTEM-000375"",""BV-BATTERYPASSPORT-000875""]"
CELLBATCH-000980,Battery Pack Failed Test,2023-05-05T18:34:00Z,sat_shipment_status,sat_shipment_status:BV-CELLBATCH-000980:0001,USR-032,"[""BV-CELLBATCH-000980"",""BV-WARRANTYCLAIM-000480""]"
CELLBATCH-000982,Battery Pack Failed Test,2023-05-06T00:36:00Z,sat_shipment_status,sat_shipment_status:BV-CELLBATCH-000982:0001,USR-066,"[""BV-CELLBATCH-000982"",""BV-WARRANTYCLAIM-000482""]"
CELLBATCH-000940,Firmware Rolled Back,2023-05-06T06:16:00Z,sat_service_status,sat_service_status:BV-CELLBATCH-000940:0002,USR-009,"[""BV-CELLBATCH-000940"",""BV-RECYCLINGORDER-000440""]"
CELLBATCH-000984,Battery Pack Failed Test,2023-05-06T06:38:00Z,sat_shipment_status,sat_shipment_status:BV-CELLBATCH-000984:0001,USR-100,"[""BV-CELLBATCH-000984"",""BV-WARRANTYCLAIM-000484""]"
CELLBATCH-000880,Battery Pack Failed Test,2023-05-06T07:00:00Z,sat_shipment_status,sat_shipment_status:BV-CELLBATCH-000880:0002,USR-110,"[""BV-CELLBATCH-000880"",""BV-WARRANTYCLAIM-000380""]"
CELLBATCH-000880,Firmware Installation Failed,2023-05-06T07:37:00Z,sat_diagnostic_result,sat_diagnostic_result:BV-CELLBATCH-000880:0002,USR-004,"[""BV-CELLBATCH-000880"",""BV-SECONDLIFESYSTEM-000380""]"
CELLBATCH-000880,Firmware Rolled Back,2023-05-06T08:14:00Z,sat_service_status,sat_service_status:BV-CELLBATCH-000880:0002,USR-005,"[""BV-CELLBATCH-000880"",""BV-RECYCLINGORDER-000380"",""BV-VEHICLE-000380""]"
CELLBATCH-000880,Second-Life Assessment Failed,2023-05-06T08:51:00Z,sat_recall_status,sat_recall_status:BV-CELLBATCH-000880:0002,USR-021,"[""BV-CELLBATCH-000880"",""BV-SECONDLIFESYSTEM-000380""]"
CELLBATCH-000986,Battery Pack Failed Test,2023-05-06T12:40:00Z,sat_shipment_status,sat_shipment_status:BV-CELLBATCH-000986:0001,USR-007,"[""BV-CELLBATCH-000986"",""BV-WARRANTYCLAIM-000486""]"
CELLBATCH-000988,Battery Pack Failed Test,2023-05-06T18:42:00Z,sat_shipment_status,sat_shipment_status:BV-CELLBATCH-000988:0001,USR-041,"[""BV-CELLBATCH-000988"",""BV-WARRANTYCLAIM-000488""]"
CELLBATCH-000885,Battery Pack Failed Test,2023-05-06T22:00:00Z,sat_shipment_status,sat_shipment_status:BV-CELLBATCH-000885:0001,USR-068,"[""BV-CELLBATCH-000885"",""BV-WARRANTYCLAIM-000385""]"
CELLBATCH-000885,Firmware Installation Failed,2023-05-06T22:37:00Z,sat_diagnostic_result,sat_diagnostic_result:BV-CELLBATCH-000885:0002,USR-089,"[""BV-CELLBATCH-000885"",""BV-SECONDLIFESYSTEM-000385""]"
CELLBATCH-000885,Firmware Rolled Back,2023-05-06T23:14:00Z,sat_service_status,sat_service_status:BV-CELLBATCH-000885:0003,USR-090,"[""BV-CELLBATCH-000885"",""BV-RECYCLINGORDER-000385"",""BV-VEHICLE-000385""]"
CELLBATCH-000885,Second-Life Assessment Failed,2023-05-06T23:51:00Z,sat_recall_status,sat_recall_status:BV-CELLBATCH-000885:0002,USR-106,"[""BV-CELLBATCH-000885"",""BV-SECONDLIFESYSTEM-000385""]"
CELLBATCH-000990,Battery Pack Failed Test,2023-05-07T00:44:00Z,sat_shipment_status,sat_shipment_status:BV-CELLBATCH-000990:0001,USR-075,"[""BV-CELLBATCH-000990"",""BV-WARRANTYCLAIM-000490"",""BV-CERTIFICATE-000490""]"
CELLBATCH-000947,Firmware Rolled Back,2023-05-07T03:23:00Z,sat_service_status,sat_service_status:BV-CELLBATCH-000947:0002,USR-001,"[""BV-CELLBATCH-000947"",""BV-RECYCLINGORDER-000447""]"
CELLBATCH-000992,Battery Pack Failed Test,2023-05-07T06:46:00Z,sat_shipment_status,sat_shipment_status:BV-CELLBATCH-000992:0001,USR-109,"[""BV-CELLBATCH-000992"",""BV-WARRANTYCLAIM-000492""]"
CELLBATCH-000994,Battery Pack Failed Test,2023-05-07T12:48:00Z,sat_shipment_status,sat_shipment_status:BV-CELLBATCH-000994:0001,USR-016,"[""BV-CELLBATCH-000994"",""BV-WARRANTYCLAIM-000494"",""BV-CERTIFICATE-000494""]"
CELLBATCH-000890,Battery Pack Failed Test,2023-05-07T13:00:00Z,sat_shipment_status,sat_shipment_status:BV-CELLBATCH-000890:0002,USR-026,"[""BV-CELLBATCH-000890"",""BV-WARRANTYCLAIM-000390"",""BV-CERTIFICATE-000390""]"
CELLBATCH-000890,Firmware Installation Failed,2023-05-07T13:37:00Z,sat_diagnostic_result,sat_diagnostic_result:BV-CELLBATCH-000890:0002,USR-047,"[""BV-CELLBATCH-000890"",""BV-SECONDLIFESYSTEM-000390""]"
CELLBATCH-000890,Firmware Rolled Back,2023-05-07T14:14:00Z,sat_service_status,sat_service_status:BV-CELLBATCH-000890:0002,USR-048,"[""BV-CELLBATCH-000890"",""BV-RECYCLINGORDER-000390"",""BV-VEHICLE-000390""]"
CELLBATCH-000890,Second-Life Assessment Failed,2023-05-07T14:51:00Z,sat_recall_status,sat_recall_status:BV-CELLBATCH-000890:0002,USR-064,"[""BV-CELLBATCH-000890"",""BV-SECONDLIFESYSTEM-000390""]"
CELLBATCH-000996,Battery Pack Failed Test,2023-05-07T18:50:00Z,sat_shipment_status,sat_shipment_status:BV-CELLBATCH-000996:0001,USR-050,"[""BV-CELLBATCH-000996"",""BV-WARRANTYCLAIM-000496""]"
CELLBATCH-000921,Second-Life Assessment Failed,2023-05-07T21:13:00Z,sat_recall_status,sat_recall_status:BV-CELLBATCH-000921:0002,USR-083,"[""BV-CELLBATCH-000921"",""BV-SECONDLIFESYSTEM-000421""]"
CELLBATCH-000955,Firmware Installation Failed,2023-05-07T21:30:00Z,sat_diagnostic_result,sat_diagnostic_result:BV-CELLBATCH-000955:0002,USR-009,"[""BV-CELLBATCH-000955"",""BV-SECONDLIFESYSTEM-000455"",""BV-BATTERYPASSPORT-000955""]"
CELLBATCH-000954,Firmware Rolled Back,2023-05-08T00:30:00Z,sat_service_status,sat_service_status:BV-CELLBATCH-000954:0002,USR-120,"[""BV-CELLBATCH-000954"",""BV-RECYCLINGORDER-000454""]"
CELLBATCH-000998,Battery Pack Failed Test,2023-05-08T00:52:00Z,sat_shipment_status,sat_shipment_status:BV-CELLBATCH-000998:0001,USR-084,"[""BV-CELLBATCH-000998"",""BV-WARRANTYCLAIM-000498""]"
CELLBATCH-000895,Battery Pack Failed Test,2023-05-08T04:00:00Z,sat_shipment_status,sat_shipment_status:BV-CELLBATCH-000895:0001,USR-111,"[""BV-CELLBATCH-000895"",""BV-WARRANTYCLAIM-000395""]"
CELLBATCH-000895,Firmware Installation Failed,2023-05-08T04:37:00Z,sat_diagnostic_result,sat_diagnostic_result:BV-CELLBATCH-000895:0002,USR-005,"[""BV-CELLBATCH-000895"",""BV-SECONDLIFESYSTEM-000395"",""BV-BATTERYPASSPORT-000895""]"
CELLBATCH-000895,Firmware Rolled Back,2023-05-08T05:14:00Z,sat_service_status,sat_service_status:BV-CELLBATCH-000895:0002,USR-006,"[""BV-CELLBATCH-000895"",""BV-RECYCLINGORDER-000395""]"
CELLBATCH-000895,Second-Life Assessment Failed,2023-05-08T05:51:00Z,sat_recall_status,sat_recall_status:BV-CELLBATCH-000895:0002,USR-022,"[""BV-CELLBATCH-000895"",""BV-SECONDLIFESYSTEM-000395"",""BV-BATTERYPASSPORT-000895""]"
CELLBATCH-001000,Battery Pack Failed Test,2023-05-08T06:01:00Z,sat_shipment_status,sat_shipment_status:BV-CELLBATCH-001000:0001,USR-118,"[""BV-CELLBATCH-001000"",""BV-WARRANTYCLAIM-000500""]"
CELLBATCH-001002,Battery Pack Failed Test,2023-05-08T12:03:00Z,sat_shipment_status,sat_shipment_status:BV-CELLBATCH-001002:0001,USR-025,"[""BV-CELLBATCH-001002"",""BV-WARRANTYCLAIM-000002"",""BV-CERTIFICATE-000002""]"
CELLBATCH-001004,Battery Pack Failed Test,2023-05-08T18:05:00Z,sat_shipment_status,sat_shipment_status:BV-CELLBATCH-001004:0001,USR-059,"[""BV-CELLBATCH-001004"",""BV-WARRANTYCLAIM-000004""]"
CELLBATCH-000900,Battery Pack Failed Test,2023-05-08T19:00:00Z,sat_shipment_status,sat_shipment_status:BV-CELLBATCH-000900:0002,USR-069,"[""BV-CELLBATCH-000900"",""BV-WARRANTYCLAIM-000400"",""BV-CERTIFICATE-000400""]"
CELLBATCH-000900,Firmware Installation Failed,2023-05-08T19:37:00Z,sat_diagnostic_result,sat_diagnostic_result:BV-CELLBATCH-000900:0002,USR-090,"[""BV-CELLBATCH-000900"",""BV-SECONDLIFESYSTEM-000400""]"
CELLBATCH-000900,Firmware Rolled Back,2023-05-08T20:14:00Z,sat_service_status,sat_service_status:BV-CELLBATCH-000900:0003,USR-091,"[""BV-CELLBATCH-000900"",""BV-RECYCLINGORDER-000400""]"
CELLBATCH-000900,Second-Life Assessment Failed,2023-05-08T20:51:00Z,sat_recall_status,sat_recall_status:BV-CELLBATCH-000900:0001,USR-107,"[""BV-CELLBATCH-000900"",""BV-SECONDLIFESYSTEM-000400"",""BV-BATTERYPASSPORT-000900""]"
CELLBATCH-000961,Firmware Rolled Back,2023-05-08T21:37:00Z,sat_service_status,sat_service_status:BV-CELLBATCH-000961:0002,USR-112,"[""BV-CELLBATCH-000961"",""BV-RECYCLINGORDER-000461"",""BV-VEHICLE-000461""]"
CELLBATCH-001006,Battery Pack Failed Test,2023-05-09T00:07:00Z,sat_shipment_status,sat_shipment_status:BV-CELLBATCH-001006:0001,USR-093,"[""BV-CELLBATCH-001006"",""BV-WARRANTYCLAIM-000006""]"
CELLBATCH-001008,Battery Pack Failed Test,2023-05-09T06:09:00Z,sat_shipment_status,sat_shipment_status:BV-CELLBATCH-001008:0001,USR-127,"[""BV-CELLBATCH-001008"",""BV-WARRANTYCLAIM-000008"",""BV-CERTIFICATE-000008""]"
CELLBATCH-000905,Battery Pack Failed Test,2023-05-09T10:00:00Z,sat_shipment_status,sat_shipment_status:BV-CELLBATCH-000905:0001,USR-027,"[""BV-CELLBATCH-000905"",""BV-WARRANTYCLAIM-000405"",""BV-CERTIFICATE-000405""]"
CELLBATCH-000905,Firmware Installation Failed,2023-05-09T10:37:00Z,sat_diagnostic_result,sat_diagnostic_result:BV-CELLBATCH-000905:0002,USR-048,"[""BV-CELLBATCH-000905"",""BV-SECONDLIFESYSTEM-000405""]"
CELLBATCH-000905,Firmware Rolled Back,2023-05-09T11:14:00Z,sat_service_status,sat_service_status:BV-CELLBATCH-000905:0003,USR-049,"[""BV-CELLBATCH-000905"",""BV-RECYCLINGORDER-000405"",""BV-VEHICLE-000405""]"
CELLBATCH-000905,Second-Life Assessment Failed,2023-05-09T11:51:00Z,sat_recall_status,sat_recall_status:BV-CELLBATCH-000905:0002,USR-065,"[""BV-CELLBATCH-000905"",""BV-SECONDLIFESYSTEM-000405""]"
CELLBATCH-001010,Battery Pack Failed Test,2023-05-09T12:11:00Z,sat_shipment_status,sat_shipment_status:BV-CELLBATCH-001010:0001,USR-034,"[""BV-CELLBATCH-001010"",""BV-WARRANTYCLAIM-000010""]"
CELLBATCH-001012,Battery Pack Failed Test,2023-05-09T18:13:00Z,sat_shipment_status,sat_shipment_status:BV-CELLBATCH-001012:0001,USR-068,"[""BV-CELLBATCH-001012"",""BV-WARRANTYCLAIM-000012"",""BV-CERTIFICATE-000012""]"
CELLBATCH-000968,Firmware Rolled Back,2023-05-09T18:44:00Z,sat_service_status,sat_service_status:BV-CELLBATCH-000968:0002,USR-104,"[""BV-CELLBATCH-000968"",""BV-RECYCLINGORDER-000468""]"
CELLBATCH-001014,Battery Pack Failed Test,2023-05-10T00:15:00Z,sat_shipment_status,sat_shipment_status:BV-CELLBATCH-001014:0001,USR-102,"[""BV-CELLBATCH-001014"",""BV-WARRANTYCLAIM-000014"",""BV-CERTIFICATE-000014""]"
CELLBATCH-000910,Battery Pack Failed Test,2023-05-10T01:00:00Z,sat_shipment_status,sat_shipment_status:BV-CELLBATCH-000910:0003,USR-112,"[""BV-CELLBATCH-000910"",""BV-WARRANTYCLAIM-000410"",""BV-CERTIFICATE-000410""]"
CELLBATCH-000910,Firmware Installation Failed,2023-05-10T01:37:00Z,sat_diagnostic_result,sat_diagnostic_result:BV-CELLBATCH-000910:0002,USR-006,"[""BV-CELLBATCH-000910"",""BV-SECONDLIFESYSTEM-000410""]"
CELLBATCH-000910,Firmware Rolled Back,2023-05-10T02:14:00Z,sat_service_status,sat_service_status:BV-CELLBATCH-000910:0002,USR-007,"[""BV-CELLBATCH-000910"",""BV-RECYCLINGORDER-000410""]"
CELLBATCH-000910,Second-Life Assessment Failed,2023-05-10T02:51:00Z,sat_recall_status,sat_recall_status:BV-CELLBATCH-000910:0002,USR-023,"[""BV-CELLBATCH-000910"",""BV-SECONDLIFESYSTEM-000410"",""BV-BATTERYPASSPORT-000910""]"
CELLBATCH-001016,Battery Pack Failed Test,2023-05-10T06:17:00Z,sat_shipment_status,sat_shipment_status:BV-CELLBATCH-001016:0001,USR-009,"[""BV-CELLBATCH-001016"",""BV-WARRANTYCLAIM-000016"",""BV-CERTIFICATE-000016""]"
CELLBATCH-001018,Battery Pack Failed Test,2023-05-10T12:19:00Z,sat_shipment_status,sat_shipment_status:BV-CELLBATCH-001018:0001,USR-043,"[""BV-CELLBATCH-001018"",""BV-WARRANTYCLAIM-000018"",""BV-CERTIFICATE-000018""]"
CELLBATCH-000975,Firmware Rolled Back,2023-05-10T15:51:00Z,sat_service_status,sat_service_status:BV-CELLBATCH-000975:0003,USR-096,"[""BV-CELLBATCH-000975"",""BV-RECYCLINGORDER-000475""]"
CELLBATCH-000915,Battery Pack Failed Test,2023-05-10T16:00:00Z,sat_shipment_status,sat_shipment_status:BV-CELLBATCH-000915:0001,USR-070,"[""BV-CELLBATCH-000915"",""BV-WARRANTYCLAIM-000415"",""BV-CERTIFICATE-000415""]"
CELLBATCH-000915,Firmware Installation Failed,2023-05-10T16:37:00Z,sat_diagnostic_result,sat_diagnostic_result:BV-CELLBATCH-000915:0002,USR-091,"[""BV-CELLBATCH-000915"",""BV-SECONDLIFESYSTEM-000415""]"
CELLBATCH-000915,Firmware Rolled Back,2023-05-10T17:14:00Z,sat_service_status,sat_service_status:BV-CELLBATCH-000915:0002,USR-092,"[""BV-CELLBATCH-000915"",""BV-RECYCLINGORDER-000415""]"
CELLBATCH-000915,Second-Life Assessment Failed,2023-05-10T17:51:00Z,sat_recall_status,sat_recall_status:BV-CELLBATCH-000915:0002,USR-108,"[""BV-CELLBATCH-000915"",""BV-SECONDLIFESYSTEM-000415"",""BV-BATTERYPASSPORT-000915""]"
CELLBATCH-001020,Battery Pack Failed Test,2023-05-10T18:21:00Z,sat_shipment_status,sat_shipment_status:BV-CELLBATCH-001020:0001,USR-077,"[""BV-CELLBATCH-001020"",""BV-WARRANTYCLAIM-000020""]"
CELLBATCH-001022,Battery Pack Failed Test,2023-05-11T00:23:00Z,sat_shipment_status,sat_shipment_status:BV-CELLBATCH-001022:0001,USR-111,"[""BV-CELLBATCH-001022"",""BV-WARRANTYCLAIM-000022""]"
CELLBATCH-001024,Battery Pack Failed Test,2023-05-11T06:25:00Z,sat_shipment_status,sat_shipment_status:BV-CELLBATCH-001024:0001,USR-018,"[""BV-CELLBATCH-001024"",""BV-WARRANTYCLAIM-000024""]"
CELLBATCH-000920,Battery Pack Failed Test,2023-05-11T07:00:00Z,sat_shipment_status,sat_shipment_status:BV-CELLBATCH-000920:0002,USR-028,"[""BV-CELLBATCH-000920"",""BV-WARRANTYCLAIM-000420"",""BV-CERTIFICATE-000420""]"
CELLBATCH-000920,Firmware Installation Failed,2023-05-11T07:37:00Z,sat_diagnostic_result,sat_diagnostic_result:BV-CELLBATCH-000920:0002,USR-049,"[""BV-CELLBATCH-000920"",""BV-SECONDLIFESYSTEM-000420""]"
CELLBATCH-000920,Firmware Rolled Back,2023-05-11T08:14:00Z,sat_service_status,sat_service_status:BV-CELLBATCH-000920:0002,USR-050,"[""BV-CELLBATCH-000920"",""BV-RECYCLINGORDER-000420""]"
CELLBATCH-000920,Second-Life Assessment Failed,2023-05-11T08:51:00Z,sat_recall_status,sat_recall_status:BV-CELLBATCH-000920:0001,USR-066,"[""BV-CELLBATCH-000920"",""BV-SECONDLIFESYSTEM-000420"",""BV-BATTERYPASSPORT-000920""]"
CELLBATCH-000982,Firmware Rolled Back,2023-05-11T12:05:00Z,sat_service_status,sat_service_status:BV-CELLBATCH-000982:0002,USR-088,"[""BV-CELLBATCH-000982"",""BV-RECYCLINGORDER-000482"",""BV-VEHICLE-000482""]"
CELLBATCH-001026,Battery Pack Failed Test,2023-05-11T12:27:00Z,sat_shipment_status,sat_shipment_status:BV-CELLBATCH-001026:0001,USR-052,"[""BV-CELLBATCH-001026"",""BV-WARRANTYCLAIM-000026"",""BV-CERTIFICATE-000026""]"
CELLBATCH-001028,Battery Pack Failed Test,2023-05-11T18:29:00Z,sat_shipment_status,sat_shipment_status:BV-CELLBATCH-001028:0001,USR-086,"[""BV-CELLBATCH-001028"",""BV-WARRANTYCLAIM-000028""]"
CELLBATCH-000952,Second-Life Assessment Failed,2023-05-11T18:44:00Z,sat_recall_status,sat_recall_status:BV-CELLBATCH-000952:0001,USR-102,"[""BV-CELLBATCH-000952"",""BV-SECONDLIFESYSTEM-000452"",""BV-BATTERYPASSPORT-000952""]"
CELLBATCH-000925,Battery Pack Failed Test,2023-05-11T22:00:00Z,sat_shipment_status,sat_shipment_status:BV-CELLBATCH-000925:0001,USR-113,"[""BV-CELLBATCH-000925"",""BV-WARRANTYCLAIM-000425""]"
CELLBATCH-000925,Firmware Installation Failed,2023-05-11T22:37:00Z,sat_diagnostic_result,sat_diagnostic_result:BV-CELLBATCH-000925:0002,USR-007,"[""BV-CELLBATCH-000925"",""BV-SECONDLIFESYSTEM-000425"",""BV-BATTERYPASSPORT-000925""]"
CELLBATCH-000925,Firmware Rolled Back,2023-05-11T23:14:00Z,sat_service_status,sat_service_status:BV-CELLBATCH-000925:0002,USR-008,"[""BV-CELLBATCH-000925"",""BV-RECYCLINGORDER-000425""]"
CELLBATCH-000925,Second-Life Assessment Failed,2023-05-11T23:51:00Z,sat_recall_status,sat_recall_status:BV-CELLBATCH-000925:0002,USR-024,"[""BV-CELLBATCH-000925"",""BV-SECONDLIFESYSTEM-000425""]"
CELLBATCH-001030,Battery Pack Failed Test,2023-05-12T00:31:00Z,sat_shipment_status,sat_shipment_status:BV-CELLBATCH-001030:0001,USR-120,"[""BV-CELLBATCH-001030"",""BV-WARRANTYCLAIM-000030"",""BV-CERTIFICATE-000030""]"
CELLBATCH-001032,Battery Pack Failed Test,2023-05-12T06:33:00Z,sat_shipment_status,sat_shipment_status:BV-CELLBATCH-001032:0001,USR-027,"[""BV-CELLBATCH-001032"",""BV-WARRANTYCLAIM-000032""]"
CELLBATCH-000989,Firmware Rolled Back,2023-05-12T09:12:00Z,sat_service_status,sat_service_status:BV-CELLBATCH-000989:0002,USR-080,"[""BV-CELLBATCH-000989"",""BV-RECYCLINGORDER-000489"",""BV-VEHICLE-000489""]"
CELLBATCH-000992,Firmware Installation Failed,2023-05-12T12:14:00Z,sat_diagnostic_result,sat_diagnostic_result:BV-CELLBATCH-000992:0002,USR-003,"[""BV-CELLBATCH-000992"",""BV-SECONDLIFESYSTEM-000492""]"
CELLBATCH-001034,Battery Pack Failed Test,2023-05-12T12:35:00Z,sat_shipment_status,sat_shipment_status:BV-CELLBATCH-001034:0001,USR-061,"[""BV-CELLBATCH-001034"",""BV-WARRANTYCLAIM-000034""]"
CELLBATCH-000930,Battery Pack Failed Test,2023-05-12T13:00:00Z,sat_shipment_status,sat_shipment_status:BV-CELLBATCH-000930:0002,USR-071,"[""BV-CELLBATCH-000930"",""BV-WARRANTYCLAIM-000430"",""BV-CERTIFICATE-000430""]"
CELLBATCH-000930,Firmware Installation Failed,2023-05-12T13:37:00Z,sat_diagnostic_result,sat_diagnostic_result:BV-CELLBATCH-000930:0002,USR-092,"[""BV-CELLBATCH-000930"",""BV-SECONDLIFESYSTEM-000430""]"
CELLBATCH-000930,Firmware Rolled Back,2023-05-12T14:14:00Z,sat_service_status,sat_service_status:BV-CELLBATCH-000930:0002,USR-093,"[""BV-CELLBATCH-000930"",""BV-RECYCLINGORDER-000430"",""BV-VEHICLE-000430""]"
CELLBATCH-000930,Second-Life Assessment Failed,2023-05-12T14:51:00Z,sat_recall_status,sat_recall_status:BV-CELLBATCH-000930:0001,USR-109,"[""BV-CELLBATCH-000930"",""BV-SECONDLIFESYSTEM-000430""]"
CELLBATCH-001036,Battery Pack Failed Test,2023-05-12T18:37:00Z,sat_shipment_status,sat_shipment_status:BV-CELLBATCH-001036:0001,USR-095,"[""BV-CELLBATCH-001036"",""BV-WARRANTYCLAIM-000036""]"
CELLBATCH-001038,Battery Pack Failed Test,2023-05-13T00:39:00Z,sat_shipment_status,sat_shipment_status:BV-CELLBATCH-001038:0001,USR-002,"[""BV-CELLBATCH-001038"",""BV-WARRANTYCLAIM-000038"",""BV-CERTIFICATE-000038""]"
CELLBATCH-000935,Battery Pack Failed Test,2023-05-13T04:00:00Z,sat_shipment_status,sat_shipment_status:BV-CELLBATCH-000935:0001,USR-029,"[""BV-CELLBATCH-000935"",""BV-WARRANTYCLAIM-000435""]"
CELLBATCH-000935,Firmware Installation Failed,2023-05-13T04:37:00Z,sat_diagnostic_result,sat_diagnostic_result:BV-CELLBATCH-000935:0002,USR-050,"[""BV-CELLBATCH-000935"",""BV-SECONDLIFESYSTEM-000435""]"
CELLBATCH-000935,Firmware Rolled Back,2023-05-13T05:14:00Z,sat_service_status,sat_service_status:BV-CELLBATCH-000935:0002,USR-051,"[""BV-CELLBATCH-000935"",""BV-RECYCLINGORDER-000435"",""BV-VEHICLE-000435""]"
CELLBATCH-000935,Second-Life Assessment Failed,2023-05-13T05:51:00Z,sat_recall_status,sat_recall_status:BV-CELLBATCH-000935:0002,USR-067,"[""BV-CELLBATCH-000935"",""BV-SECONDLIFESYSTEM-000435""]"
CELLBATCH-000996,Firmware Rolled Back,2023-05-13T06:19:00Z,sat_service_status,sat_service_status:BV-CELLBATCH-000996:0002,USR-072,"[""BV-CELLBATCH-000996"",""BV-RECYCLINGORDER-000496""]"
CELLBATCH-001040,Battery Pack Failed Test,2023-05-13T06:41:00Z,sat_shipment_status,sat_shipment_status:BV-CELLBATCH-001040:0001,USR-036,"[""BV-CELLBATCH-001040"",""BV-WARRANTYCLAIM-000040"",""BV-CERTIFICATE-000040""]"
CELLBATCH-001042,Battery Pack Failed Test,2023-05-13T12:43:00Z,sat_shipment_status,sat_shipment_status:BV-CELLBATCH-001042:0001,USR-070,"[""BV-CELLBATCH-001042"",""BV-WARRANTYCLAIM-000042"",""BV-CERTIFICATE-000042""]"
CELLBATCH-001044,Battery Pack Failed Test,2023-05-13T18:45:00Z,sat_shipment_status,sat_shipment_status:BV-CELLBATCH-001044:0001,USR-104,"[""BV-CELLBATCH-001044"",""BV-WARRANTYCLAIM-000044"",""BV-CERTIFICATE-000044""]"
CELLBATCH-000940,Battery Pack Failed Test,2023-05-13T19:00:00Z,sat_shipment_status,sat_shipment_status:BV-CELLBATCH-000940:0002,USR-114,"[""BV-CELLBATCH-000940"",""BV-WARRANTYCLAIM-000440""]"
CELLBATCH-000940,Firmware Installation Failed,2023-05-13T19:37:00Z,sat_diagnostic_result,sat_diagnostic_result:BV-CELLBATCH-000940:0002,USR-008,"[""BV-CELLBATCH-000940"",""BV-SECONDLIFESYSTEM-000440"",""BV-BATTERYPASSPORT-000940""]"
CELLBATCH-000940,Firmware Rolled Back,2023-05-13T20:14:00Z,sat_service_status,sat_service_status:BV-CELLBATCH-000940:0003,USR-009,"[""BV-CELLBATCH-000940"",""BV-RECYCLINGORDER-000440""]"
CELLBATCH-000940,Second-Life Assessment Failed,2023-05-13T20:51:00Z,sat_recall_status,sat_recall_status:BV-CELLBATCH-000940:0001,USR-025,"[""BV-CELLBATCH-000940"",""BV-SECONDLIFESYSTEM-000440""]"
CELLBATCH-001046,Battery Pack Failed Test,2023-05-14T00:47:00Z,sat_shipment_status,sat_shipment_status:BV-CELLBATCH-001046:0001,USR-011,"[""BV-CELLBATCH-001046"",""BV-WARRANTYCLAIM-000046""]"
CELLBATCH-001003,Firmware Rolled Back,2023-05-14T03:26:00Z,sat_service_status,sat_service_status:BV-CELLBATCH-001003:0002,USR-064,"[""BV-CELLBATCH-001003"",""BV-RECYCLINGORDER-000003"",""BV-VEHICLE-000003""]"
CELLBATCH-001048,Battery Pack Failed Test,2023-05-14T06:49:00Z,sat_shipment_status,sat_shipment_status:BV-CELLBATCH-001048:0001,USR-045,"[""BV-CELLBATCH-001048"",""BV-WARRANTYCLAIM-000048""]"
CELLBATCH-000945,Battery Pack Failed Test,2023-05-14T10:00:00Z,sat_shipment_status,sat_shipment_status:BV-CELLBATCH-000945:0003,USR-072,"[""BV-CELLBATCH-000945"",""BV-WARRANTYCLAIM-000445""]"
CELLBATCH-000945,Firmware Installation Failed,2023-05-14T10:37:00Z,sat_diagnostic_result,sat_diagnostic_result:BV-CELLBATCH-000945:0002,USR-093,"[""BV-CELLBATCH-000945"",""BV-SECONDLIFESYSTEM-000445"",""BV-BATTERYPASSPORT-000945""]"
CELLBATCH-000945,Firmware Rolled Back,2023-05-14T11:14:00Z,sat_service_status,sat_service_status:BV-CELLBATCH-000945:0002,USR-094,"[""BV-CELLBATCH-000945"",""BV-RECYCLINGORDER-000445""]"
CELLBATCH-000945,Second-Life Assessment Failed,2023-05-14T11:51:00Z,sat_recall_status,sat_recall_status:BV-CELLBATCH-000945:0002,USR-110,"[""BV-CELLBATCH-000945"",""BV-SECONDLIFESYSTEM-000445"",""BV-BATTERYPASSPORT-000945""]"
CELLBATCH-001050,Battery Pack Failed Test,2023-05-14T12:51:00Z,sat_shipment_status,sat_shipment_status:BV-CELLBATCH-001050:0001,USR-079,"[""BV-CELLBATCH-001050"",""BV-WARRANTYCLAIM-000050""]"
CELLBATCH-001052,Battery Pack Failed Test,2023-05-14T18:00:00Z,sat_shipment_status,sat_shipment_status:BV-CELLBATCH-001052:0001,USR-113,"[""BV-CELLBATCH-001052"",""BV-WARRANTYCLAIM-000052""]"
CELLBATCH-001054,Battery Pack Failed Test,2023-05-15T00:02:00Z,sat_shipment_status,sat_shipment_status:BV-CELLBATCH-001054:0001,USR-020,"[""BV-CELLBATCH-001054"",""BV-WARRANTYCLAIM-000054""]"
CELLBATCH-001010,Firmware Rolled Back,2023-05-15T00:33:00Z,sat_service_status,sat_service_status:BV-CELLBATCH-001010:0002,USR-056,"[""BV-CELLBATCH-001010"",""BV-RECYCLINGORDER-000010""]"
CELLBATCH-000950,Battery Pack Failed Test,2023-05-15T01:00:00Z,sat_shipment_status,sat_shipment_status:BV-CELLBATCH-000950:0002,USR-030,"[""BV-CELLBATCH-000950"",""BV-WARRANTYCLAIM-000450""]"
CELLBATCH-000950,Firmware Installation Failed,2023-05-15T01:37:00Z,sat_diagnostic_result,sat_diagnostic_result:BV-CELLBATCH-000950:0003,USR-051,"[""BV-CELLBATCH-000950"",""BV-SECONDLIFESYSTEM-000450"",""BV-BATTERYPASSPORT-000950""]"
CELLBATCH-000950,Firmware Rolled Back,2023-05-15T02:14:00Z,sat_service_status,sat_service_status:BV-CELLBATCH-000950:0002,USR-052,"[""BV-CELLBATCH-000950"",""BV-RECYCLINGORDER-000450""]"
CELLBATCH-000950,Second-Life Assessment Failed,2023-05-15T02:51:00Z,sat_recall_status,sat_recall_status:BV-CELLBATCH-000950:0001,USR-068,"[""BV-CELLBATCH-000950"",""BV-SECONDLIFESYSTEM-000450"",""BV-BATTERYPASSPORT-000950""]"
CELLBATCH-001056,Battery Pack Failed Test,2023-05-15T06:04:00Z,sat_shipment_status,sat_shipment_status:BV-CELLBATCH-001056:0001,USR-054,"[""BV-CELLBATCH-001056"",""BV-WARRANTYCLAIM-000056"",""BV-CERTIFICATE-000056""]"
CELLBATCH-001058,Battery Pack Failed Test,2023-05-15T12:06:00Z,sat_shipment_status,sat_shipment_status:BV-CELLBATCH-001058:0001,USR-088,"[""BV-CELLBATCH-001058"",""BV-WARRANTYCLAIM-000058""]"
CELLBATCH-000983,Second-Life Assessment Failed,2023-05-15T15:22:00Z,sat_recall_status,sat_recall_status:BV-CELLBATCH-000983:0002,USR-121,"[""BV-CELLBATCH-000983"",""BV-SECONDLIFESYSTEM-000483""]"
CELLBATCH-000955,Battery Pack Failed Test,2023-05-15T16:00:00Z,sat_shipment_status,sat_shipment_status:BV-CELLBATCH-000955:0001,USR-115,"[""BV-CELLBATCH-000955"",""BV-WARRANTYCLAIM-000455"",""BV-CERTIFICATE-000455""]"
CELLBATCH-000955,Firmware Installation Failed,2023-05-15T16:37:00Z,sat_diagnostic_result,sat_diagnostic_result:BV-CELLBATCH-000955:0003,USR-009,"[""BV-CELLBATCH-000955"",""BV-SECONDLIFESYSTEM-000455""]"
CELLBATCH-000955,Firmware Rolled Back,2023-05-15T17:14:00Z,sat_service_status,sat_service_status:BV-CELLBATCH-000955:0002,USR-010,"[""BV-CELLBATCH-000955"",""BV-RECYCLINGORDER-000455""]"
CELLBATCH-000955,Second-Life Assessment Failed,2023-05-15T17:51:00Z,sat_recall_status,sat_recall_status:BV-CELLBATCH-000955:0002,USR-026,"[""BV-CELLBATCH-000955"",""BV-SECONDLIFESYSTEM-000455"",""BV-BATTERYPASSPORT-000955""]"
CELLBATCH-001060,Battery Pack Failed Test,2023-05-15T18:08:00Z,sat_shipment_status,sat_shipment_status:BV-CELLBATCH-001060:0001,USR-122,"[""BV-CELLBATCH-001060"",""BV-WARRANTYCLAIM-000060"",""BV-CERTIFICATE-000060""]"
CELLBATCH-001017,Firmware Rolled Back,2023-05-15T21:40:00Z,sat_service_status,sat_service_status:BV-CELLBATCH-001017:0002,USR-048,"[""BV-CELLBATCH-001017"",""BV-RECYCLINGORDER-000017"",""BV-VEHICLE-000017""]"
CELLBATCH-001062,Battery Pack Failed Test,2023-05-16T00:10:00Z,sat_shipment_status,sat_shipment_status:BV-CELLBATCH-001062:0001,USR-029,"[""BV-CELLBATCH-001062"",""BV-WARRANTYCLAIM-000062""]"
CELLBATCH-001064,Battery Pack Failed Test,2023-05-16T06:12:00Z,sat_shipment_status,sat_shipment_status:BV-CELLBATCH-001064:0001,USR-063,"[""BV-CELLBATCH-001064"",""BV-WARRANTYCLAIM-000064""]"
CELLBATCH-000960,Battery Pack Failed Test,2023-05-16T07:00:00Z,sat_shipment_status,sat_shipment_status:BV-CELLBATCH-000960:0002,USR-073,"[""BV-CELLBATCH-000960"",""BV-WARRANTYCLAIM-000460""]"
CELLBATCH-000960,Firmware Installation Failed,2023-05-16T07:37:00Z,sat_diagnostic_result,sat_diagnostic_result:BV-CELLBATCH-000960:0002,USR-094,"[""BV-CELLBATCH-000960"",""BV-SECONDLIFESYSTEM-000460"",""BV-BATTERYPASSPORT-000960""]"
CELLBATCH-000960,Firmware Rolled Back,2023-05-16T08:14:00Z,sat_service_status,sat_service_status:BV-CELLBATCH-000960:0002,USR-095,"[""BV-CELLBATCH-000960"",""BV-RECYCLINGORDER-000460""]"
CELLBATCH-000960,Second-Life Assessment Failed,2023-05-16T08:51:00Z,sat_recall_status,sat_recall_status:BV-CELLBATCH-000960:0001,USR-111,"[""BV-CELLBATCH-000960"",""BV-SECONDLIFESYSTEM-000460""]"
CELLBATCH-001066,Battery Pack Failed Test,2023-05-16T12:14:00Z,sat_shipment_status,sat_shipment_status:BV-CELLBATCH-001066:0001,USR-097,"[""BV-CELLBATCH-001066"",""BV-WARRANTYCLAIM-000066"",""BV-CERTIFICATE-000066""]"
CELLBATCH-001068,Battery Pack Failed Test,2023-05-16T18:16:00Z,sat_shipment_status,sat_shipment_status:BV-CELLBATCH-001068:0001,USR-004,"[""BV-CELLBATCH-001068"",""BV-WARRANTYCLAIM-000068"",""BV-CERTIFICATE-000068""]"
CELLBATCH-001024,Firmware Rolled Back,2023-05-16T18:47:00Z,sat_service_status,sat_service_status:BV-CELLBATCH-001024:0002,USR-040,"[""BV-CELLBATCH-001024"",""BV-RECYCLINGORDER-000024"",""BV-VEHICLE-000024""]"
CELLBATCH-000965,Battery Pack Failed Test,2023-05-16T22:00:00Z,sat_shipment_status,sat_shipment_status:BV-CELLBATCH-000965:0001,USR-031,"[""BV-CELLBATCH-000965"",""BV-WARRANTYCLAIM-000465""]"
CELLBATCH-000965,Firmware Installation Failed,2023-05-16T22:37:00Z,sat_diagnostic_result,sat_diagnostic_result:BV-CELLBATCH-000965:0002,USR-052,"[""BV-CELLBATCH-000965"",""BV-SECONDLIFESYSTEM-000465"",""BV-BATTERYPASSPORT-000965""]"
CELLBATCH-000965,Firmware Rolled Back,2023-05-16T23:14:00Z,sat_service_status,sat_service_status:BV-CELLBATCH-000965:0002,USR-053,"[""BV-CELLBATCH-000965"",""BV-RECYCLINGORDER-000465""]"
CELLBATCH-000965,Second-Life Assessment Failed,2023-05-16T23:51:00Z,sat_recall_status,sat_recall_status:BV-CELLBATCH-000965:0003,USR-069,"[""BV-CELLBATCH-000965"",""BV-SECONDLIFESYSTEM-000465""]"
CELLBATCH-001070,Battery Pack Failed Test,2023-05-17T00:18:00Z,sat_shipment_status,sat_shipment_status:BV-CELLBATCH-001070:0001,USR-038,"[""BV-CELLBATCH-001070"",""BV-WARRANTYCLAIM-000070"",""BV-CERTIFICATE-000070""]"
CELLBATCH-001029,Firmware Installation Failed,2023-05-17T03:51:00Z,sat_diagnostic_result,sat_diagnostic_result:BV-CELLBATCH-001029:0002,USR-124,"[""BV-CELLBATCH-001029"",""BV-SECONDLIFESYSTEM-000029""]"
CELLBATCH-001072,Battery Pack Failed Test,2023-05-17T06:20:00Z,sat_shipment_status,sat_shipment_status:BV-CELLBATCH-001072:0001,USR-072,"[""BV-CELLBATCH-001072"",""BV-WARRANTYCLAIM-000072""]"
CELLBATCH-001074,Battery Pack Failed Test,2023-05-17T12:22:00Z,sat_shipment_status,sat_shipment_status:BV-CELLBATCH-001074:0001,USR-106,"[""BV-CELLBATCH-001074"",""BV-WARRANTYCLAIM-000074"",""BV-CERTIFICATE-000074""]"
CELLBATCH-000970,Battery Pack Failed Test,2023-05-17T13:00:00Z,sat_shipment_status,sat_shipment_status:BV-CELLBATCH-000970:0002,USR-116,"[""BV-CELLBATCH-000970"",""BV-WARRANTYCLAIM-000470"",""BV-CERTIFICATE-000470""]"
CELLBATCH-000970,Firmware Installation Failed,2023-05-17T13:37:00Z,sat_diagnostic_result,sat_diagnostic_result:BV-CELLBATCH-000970:0002,USR-010,"[""BV-CELLBATCH-000970"",""BV-SECONDLIFESYSTEM-000470""]"
CELLBATCH-000970,Firmware Rolled Back,2023-05-17T14:14:00Z,sat_service_status,sat_service_status:BV-CELLBATCH-000970:0002,USR-011,"[""BV-CELLBATCH-000970"",""BV-RECYCLINGORDER-000470""]"
CELLBATCH-000970,Second-Life Assessment Failed,2023-05-17T14:51:00Z,sat_recall_status,sat_recall_status:BV-CELLBATCH-000970:0001,USR-027,"[""BV-CELLBATCH-000970"",""BV-SECONDLIFESYSTEM-000470"",""BV-BATTERYPASSPORT-000970""]"
CELLBATCH-001031,Firmware Rolled Back,2023-05-17T15:01:00Z,sat_service_status,sat_service_status:BV-CELLBATCH-001031:0002,USR-032,"[""BV-CELLBATCH-001031"",""BV-RECYCLINGORDER-000031""]"
CELLBATCH-001076,Battery Pack Failed Test,2023-05-17T18:24:00Z,sat_shipment_status,sat_shipment_status:BV-CELLBATCH-001076:0001,USR-013,"[""BV-CELLBATCH-001076"",""BV-WARRANTYCLAIM-000076""]"
CELLBATCH-001078,Battery Pack Failed Test,2023-05-18T00:26:00Z,sat_shipment_status,sat_shipment_status:BV-CELLBATCH-001078:0001,USR-047,"[""BV-CELLBATCH-001078"",""BV-WARRANTYCLAIM-000078""]"
CELLBATCH-000975,Battery Pack Failed Test,2023-05-18T04:00:00Z,sat_shipment_status,sat_shipment_status:BV-CELLBATCH-000975:0001,USR-074,"[""BV-CELLBATCH-000975"",""BV-WARRANTYCLAIM-000475""]"
CELLBATCH-000975,Firmware Installation Failed,2023-05-18T04:37:00Z,sat_diagnostic_result,sat_diagnostic_result:BV-CELLBATCH-000975:0002,USR-095,"[""BV-CELLBATCH-000975"",""BV-SECONDLIFESYSTEM-000475""]"
CELLBATCH-000975,Firmware Rolled Back,2023-05-18T05:14:00Z,sat_service_status,sat_service_status:BV-CELLBATCH-000975:0004,USR-096,"[""BV-CELLBATCH-000975"",""BV-RECYCLINGORDER-000475"",""BV-VEHICLE-000475""]"
CELLBATCH-000975,Second-Life Assessment Failed,2023-05-18T05:51:00Z,sat_recall_status,sat_recall_status:BV-CELLBATCH-000975:0003,USR-112,"[""BV-CELLBATCH-000975"",""BV-SECONDLIFESYSTEM-000475""]"
CELLBATCH-001080,Battery Pack Failed Test,2023-05-18T06:28:00Z,sat_shipment_status,sat_shipment_status:BV-CELLBATCH-001080:0001,USR-081,"[""BV-CELLBATCH-001080"",""BV-WARRANTYCLAIM-000080""]"
CELLBATCH-001038,Firmware Rolled Back,2023-05-18T12:08:00Z,sat_service_status,sat_service_status:BV-CELLBATCH-001038:0002,USR-024,"[""BV-CELLBATCH-001038"",""BV-RECYCLINGORDER-000038"",""BV-VEHICLE-000038""]"
CELLBATCH-001082,Battery Pack Failed Test,2023-05-18T12:30:00Z,sat_shipment_status,sat_shipment_status:BV-CELLBATCH-001082:0001,USR-115,"[""BV-CELLBATCH-001082"",""BV-WARRANTYCLAIM-000082""]"
CELLBATCH-001084,Battery Pack Failed Test,2023-05-18T18:32:00Z,sat_shipment_status,sat_shipment_status:BV-CELLBATCH-001084:0001,USR-022,"[""BV-CELLBATCH-001084"",""BV-WARRANTYCLAIM-000084""]"
CELLBATCH-000980,Battery Pack Failed Test,2023-05-18T19:00:00Z,sat_shipment_status,sat_shipment_status:BV-CELLBATCH-000980:0004,USR-032,"[""BV-CELLBATCH-000980"",""BV-WARRANTYCLAIM-000480"",""BV-CERTIFICATE-000480""]"
CELLBATCH-000980,Firmware Installation Failed,2023-05-18T19:37:00Z,sat_diagnostic_result,sat_diagnostic_result:BV-CELLBATCH-000980:0002,USR-053,"[""BV-CELLBATCH-000980"",""BV-SECONDLIFESYSTEM-000480""]"
CELLBATCH-000980,Firmware Rolled Back,2023-05-18T20:14:00Z,sat_service_status,sat_service_status:BV-CELLBATCH-000980:0003,USR-054,"[""BV-CELLBATCH-000980"",""BV-RECYCLINGORDER-000480""]"
CELLBATCH-000980,Second-Life Assessment Failed,2023-05-18T20:51:00Z,sat_recall_status,sat_recall_status:BV-CELLBATCH-000980:0001,USR-070,"[""BV-CELLBATCH-000980"",""BV-SECONDLIFESYSTEM-000480"",""BV-BATTERYPASSPORT-000980""]"
CELLBATCH-001086,Battery Pack Failed Test,2023-05-19T00:34:00Z,sat_shipment_status,sat_shipment_status:BV-CELLBATCH-001086:0001,USR-056,"[""BV-CELLBATCH-001086"",""BV-WARRANTYCLAIM-000086"",""BV-CERTIFICATE-000086""]"
CELLBATCH-001088,Battery Pack Failed Test,2023-05-19T06:36:00Z,sat_shipment_status,sat_shipment_status:BV-CELLBATCH-001088:0001,USR-090,"[""BV-CELLBATCH-001088"",""BV-WARRANTYCLAIM-000088"",""BV-CERTIFICATE-000088""]"
CELLBATCH-001045,Firmware Rolled Back,2023-05-19T09:15:00Z,sat_service_status,sat_service_status:BV-CELLBATCH-001045:0002,USR-016,"[""BV-CELLBATCH-001045"",""BV-RECYCLINGORDER-000045"",""BV-VEHICLE-000045""]"
CELLBATCH-000985,Battery Pack Failed Test,2023-05-19T10:00:00Z,sat_shipment_status,sat_shipment_status:BV-CELLBATCH-000985:0001,USR-117,"[""BV-CELLBATCH-000985"",""BV-WARRANTYCLAIM-000485""]"
CELLBATCH-000985,Firmware Installation Failed,2023-05-19T10:37:00Z,sat_diagnostic_result,sat_diagnostic_result:BV-CELLBATCH-000985:0002,USR-011,"[""BV-CELLBATCH-000985"",""BV-SECONDLIFESYSTEM-000485"",""BV-BATTERYPASSPORT-000985""]"
CELLBATCH-000985,Firmware Rolled Back,2023-05-19T11:14:00Z,sat_service_status,sat_service_status:BV-CELLBATCH-000985:0002,USR-012,"[""BV-CELLBATCH-000985"",""BV-RECYCLINGORDER-000485""]"
CELLBATCH-000985,Second-Life Assessment Failed,2023-05-19T11:51:00Z,sat_recall_status,sat_recall_status:BV-CELLBATCH-000985:0002,USR-028,"[""BV-CELLBATCH-000985"",""BV-SECONDLIFESYSTEM-000485""]"
CELLBATCH-001014,Second-Life Assessment Failed,2023-05-19T12:00:00Z,sat_recall_status,sat_recall_status:BV-CELLBATCH-001014:0001,USR-013,"[""BV-CELLBATCH-001014"",""BV-SECONDLIFESYSTEM-000014"",""BV-BATTERYPASSPORT-001014""]"
CELLBATCH-001090,Battery Pack Failed Test,2023-05-19T12:38:00Z,sat_shipment_status,sat_shipment_status:BV-CELLBATCH-001090:0001,USR-124,"[""BV-CELLBATCH-001090"",""BV-WARRANTYCLAIM-000090""]"
CELLBATCH-001092,Battery Pack Failed Test,2023-05-19T18:40:00Z,sat_shipment_status,sat_shipment_status:BV-CELLBATCH-001092:0001,USR-031,"[""BV-CELLBATCH-001092"",""BV-WARRANTYCLAIM-000092"",""BV-CERTIFICATE-000092""]"
CELLBATCH-001094,Battery Pack Failed Test,2023-05-20T00:42:00Z,sat_shipment_status,sat_shipment_status:BV-CELLBATCH-001094:0001,USR-065,"[""BV-CELLBATCH-001094"",""BV-WARRANTYCLAIM-000094""]"
CELLBATCH-000990,Battery Pack Failed Test,2023-05-20T01:00:00Z,sat_shipment_status,sat_shipment_status:BV-CELLBATCH-000990:0002,USR-075,"[""BV-CELLBATCH-000990"",""BV-WARRANTYCLAIM-000490"",""BV-CERTIFICATE-000490""]"
CELLBATCH-000990,Firmware Installation Failed,2023-05-20T01:37:00Z,sat_diagnostic_result,sat_diagnostic_result:BV-CELLBATCH-000990:0003,USR-096,"[""BV-CELLBATCH-000990"",""BV-SECONDLIFESYSTEM-000490""]"
CELLBATCH-000990,Firmware Rolled Back,2023-05-20T02:14:00Z,sat_service_status,sat_service_status:BV-CELLBATCH-000990:0002,USR-097,"[""BV-CELLBATCH-000990"",""BV-RECYCLINGORDER-000490"",""BV-VEHICLE-000490""]"
CELLBATCH-000990,Second-Life Assessment Failed,2023-05-20T02:51:00Z,sat_recall_status,sat_recall_status:BV-CELLBATCH-000990:0001,USR-113,"[""BV-CELLBATCH-000990"",""BV-SECONDLIFESYSTEM-000490""]"
CELLBATCH-001052,Firmware Rolled Back,2023-05-20T06:22:00Z,sat_service_status,sat_service_status:BV-CELLBATCH-001052:0002,USR-008,"[""BV-CELLBATCH-001052"",""BV-RECYCLINGORDER-000052""]"
CELLBATCH-001096,Battery Pack Failed Test,2023-05-20T06:44:00Z,sat_shipment_status,sat_shipment_status:BV-CELLBATCH-001096:0001,USR-099,"[""BV-CELLBATCH-001096"",""BV-WARRANTYCLAIM-000096""]"
CELLBATCH-001098,Battery Pack Failed Test,2023-05-20T12:46:00Z,sat_shipment_status,sat_shipment_status:BV-CELLBATCH-001098:0001,USR-006,"[""BV-CELLBATCH-001098"",""BV-WARRANTYCLAIM-000098"",""BV-CERTIFICATE-000098""]"
CELLBATCH-000995,Battery Pack Failed Test,2023-05-20T16:00:00Z,sat_shipment_status,sat_shipment_status:BV-CELLBATCH-000995:0001,USR-033,"[""BV-CELLBATCH-000995"",""BV-WARRANTYCLAIM-000495""]"
CELLBATCH-000995,Firmware Installation Failed,2023-05-20T16:37:00Z,sat_diagnostic_result,sat_diagnostic_result:BV-CELLBATCH-000995:0002,USR-054,"[""BV-CELLBATCH-000995"",""BV-SECONDLIFESYSTEM-000495"",""BV-BATTERYPASSPORT-000995""]"
CELLBATCH-000995,Firmware Rolled Back,2023-05-20T17:14:00Z,sat_service_status,sat_service_status:BV-CELLBATCH-000995:0002,USR-055,"[""BV-CELLBATCH-000995"",""BV-RECYCLINGORDER-000495""]"
CELLBATCH-000995,Second-Life Assessment Failed,2023-05-20T17:51:00Z,sat_recall_status,sat_recall_status:BV-CELLBATCH-000995:0002,USR-071,"[""BV-CELLBATCH-000995"",""BV-SECONDLIFESYSTEM-000495""]"
CELLBATCH-001100,Battery Pack Failed Test,2023-05-20T18:48:00Z,sat_shipment_status,sat_shipment_status:BV-CELLBATCH-001100:0001,USR-040,"[""BV-CELLBATCH-001100"",""BV-WARRANTYCLAIM-000100""]"
CELLBATCH-001102,Battery Pack Failed Test,2023-05-21T00:50:00Z,sat_shipment_status,sat_shipment_status:BV-CELLBATCH-001102:0001,USR-074,"[""BV-CELLBATCH-001102"",""BV-WARRANTYCLAIM-000102""]"
CELLBATCH-001059,Firmware Rolled Back,2023-05-21T03:29:00Z,sat_service_status,sat_service_status:BV-CELLBATCH-001059:0002,USR-127,"[""BV-CELLBATCH-001059"",""BV-RECYCLINGORDER-000059""]"
CELLBATCH-001104,Battery Pack Failed Test,2023-05-21T06:52:00Z,sat_shipment_status,sat_shipment_status:BV-CELLBATCH-001104:0001,USR-108,"[""BV-CELLBATCH-001104"",""BV-WARRANTYCLAIM-000104"",""BV-CERTIFICATE-000104""]"
CELLBATCH-001000,Battery Pack Failed Test,2023-05-21T07:00:00Z,sat_shipment_status,sat_shipment_status:BV-CELLBATCH-001000:0002,USR-118,"[""BV-CELLBATCH-001000"",""BV-WARRANTYCLAIM-000500"",""BV-CERTIFICATE-000500""]"
CELLBATCH-001000,Firmware Installation Failed,2023-05-21T07:37:00Z,sat_diagnostic_result,sat_diagnostic_result:BV-CELLBATCH-001000:0002,USR-012,"[""BV-CELLBATCH-001000"",""BV-SECONDLIFESYSTEM-000500""]"
CELLBATCH-001000,Firmware Rolled Back,2023-05-21T08:14:00Z,sat_service_status,sat_service_status:BV-CELLBATCH-001000:0002,USR-013,"[""BV-CELLBATCH-001000"",""BV-RECYCLINGORDER-000500"",""BV-VEHICLE-000500""]"
CELLBATCH-001000,Second-Life Assessment Failed,2023-05-21T08:51:00Z,sat_recall_status,sat_recall_status:BV-CELLBATCH-001000:0001,USR-029,"[""BV-CELLBATCH-001000"",""BV-SECONDLIFESYSTEM-000500""]"
CELLBATCH-001106,Battery Pack Failed Test,2023-05-21T12:01:00Z,sat_shipment_status,sat_shipment_status:BV-CELLBATCH-001106:0001,USR-015,"[""BV-CELLBATCH-001106"",""BV-WARRANTYCLAIM-000106""]"
CELLBATCH-001108,Battery Pack Failed Test,2023-05-21T18:03:00Z,sat_shipment_status,sat_shipment_status:BV-CELLBATCH-001108:0001,USR-049,"[""BV-CELLBATCH-001108"",""BV-WARRANTYCLAIM-000108""]"
CELLBATCH-001066,Firmware Installation Failed,2023-05-21T18:35:00Z,sat_diagnostic_result,sat_diagnostic_result:BV-CELLBATCH-001066:0002,USR-118,"[""BV-CELLBATCH-001066"",""BV-SECONDLIFESYSTEM-000066"",""BV-BATTERYPASSPORT-001066""]"
CELLBATCH-001005,Battery Pack Failed Test,2023-05-21T22:00:00Z,sat_shipment_status,sat_shipment_status:BV-CELLBATCH-001005:0001,USR-076,"[""BV-CELLBATCH-001005"",""BV-WARRANTYCLAIM-000005""]"
CELLBATCH-001005,Firmware Installation Failed,2023-05-21T22:37:00Z,sat_diagnostic_result,sat_diagnostic_result:BV-CELLBATCH-001005:0002,USR-097,"[""BV-CELLBATCH-001005"",""BV-SECONDLIFESYSTEM-000005""]"
CELLBATCH-001005,Firmware Rolled Back,2023-05-21T23:14:00Z,sat_service_status,sat_service_status:BV-CELLBATCH-001005:0002,USR-098,"[""BV-CELLBATCH-001005"",""BV-RECYCLINGORDER-000005"",""BV-VEHICLE-000005""]"
CELLBATCH-001005,Second-Life Assessment Failed,2023-05-21T23:51:00Z,sat_recall_status,sat_recall_status:BV-CELLBATCH-001005:0002,USR-114,"[""BV-CELLBATCH-001005"",""BV-SECONDLIFESYSTEM-000005""]"
CELLBATCH-001110,Battery Pack Failed Test,2023-05-22T00:05:00Z,sat_shipment_status,sat_shipment_status:BV-CELLBATCH-001110:0001,USR-083,"[""BV-CELLBATCH-001110"",""BV-WARRANTYCLAIM-000110""]"
CELLBATCH-001066,Firmware Rolled Back,2023-05-22T00:36:00Z,sat_service_status,sat_service_status:BV-CELLBATCH-001066:0002,USR-119,"[""BV-CELLBATCH-001066"",""BV-RECYCLINGORDER-000066""]"
CELLBATCH-001112,Battery Pack Failed Test,2023-05-22T06:07:00Z,sat_shipment_status,sat_shipment_status:BV-CELLBATCH-001112:0001,USR-117,"[""BV-CELLBATCH-001112"",""BV-WARRANTYCLAIM-000112"",""BV-CERTIFICATE-000112""]"
CELLBATCH-001114,Battery Pack Failed Test,2023-05-22T12:09:00Z,sat_shipment_status,sat_shipment_status:BV-CELLBATCH-001114:0001,USR-024,"[""BV-CELLBATCH-001114"",""BV-WARRANTYCLAIM-000114""]"
CELLBATCH-001010,Battery Pack Failed Test,2023-05-22T13:00:00Z,sat_shipment_status,sat_shipment_status:BV-CELLBATCH-001010:0002,USR-034,"[""BV-CELLBATCH-001010"",""BV-WARRANTYCLAIM-000010""]"
CELLBATCH-001010,Firmware Installation Failed,2023-05-22T13:37:00Z,sat_diagnostic_result,sat_diagnostic_result:BV-CELLBATCH-001010:0002,USR-055,"[""BV-CELLBATCH-001010"",""BV-SECONDLIFESYSTEM-000010"",""BV-BATTERYPASSPORT-001010""]"
CELLBATCH-001010,Firmware Rolled Back,2023-05-22T14:14:00Z,sat_service_status,sat_service_status:BV-CELLBATCH-001010:0003,USR-056,"[""BV-CELLBATCH-001010"",""BV-RECYCLINGORDER-000010""]"
CELLBATCH-001010,Second-Life Assessment Failed,2023-05-22T14:51:00Z,sat_recall_status,sat_recall_status:BV-CELLBATCH-001010:0001,USR-072,"[""BV-CELLBATCH-001010"",""BV-SECONDLIFESYSTEM-000010""]"
CELLBATCH-001116,Battery Pack Failed Test,2023-05-22T18:11:00Z,sat_shipment_status,sat_shipment_status:BV-CELLBATCH-001116:0001,USR-058,"[""BV-CELLBATCH-001116"",""BV-WARRANTYCLAIM-000116"",""BV-CERTIFICATE-000116""]"
CELLBATCH-001073,Firmware Rolled Back,2023-05-22T21:43:00Z,sat_service_status,sat_service_status:BV-CELLBATCH-001073:0002,USR-111,"[""BV-CELLBATCH-001073"",""BV-RECYCLINGORDER-000073"",""BV-VEHICLE-000073""]"
CELLBATCH-001118,Battery Pack Failed Test,2023-05-23T00:13:00Z,sat_shipment_status,sat_shipment_status:BV-CELLBATCH-001118:0001,USR-092,"[""BV-CELLBATCH-001118"",""BV-WARRANTYCLAIM-000118""]"
CELLBATCH-001015,Battery Pack Failed Test,2023-05-23T04:00:00Z,sat_shipment_status,sat_shipment_status:BV-CELLBATCH-001015:0002,USR-119,"[""BV-CELLBATCH-001015"",""BV-WARRANTYCLAIM-000015""]"
CELLBATCH-001015,Firmware Installation Failed,2023-05-23T04:37:00Z,sat_diagnostic_result,sat_diagnostic_result:BV-CELLBATCH-001015:0002,USR-013,"[""BV-CELLBATCH-001015"",""BV-SECONDLIFESYSTEM-000015"",""BV-BATTERYPASSPORT-001015""]"
CELLBATCH-001015,Firmware Rolled Back,2023-05-23T05:14:00Z,sat_service_status,sat_service_status:BV-CELLBATCH-001015:0002,USR-014,"[""BV-CELLBATCH-001015"",""BV-RECYCLINGORDER-000015""]"
CELLBATCH-001015,Second-Life Assessment Failed,2023-05-23T05:51:00Z,sat_recall_status,sat_recall_status:BV-CELLBATCH-001015:0002,USR-030,"[""BV-CELLBATCH-001015"",""BV-SECONDLIFESYSTEM-000015"",""BV-BATTERYPASSPORT-001015""]"
CELLBATCH-001120,Battery Pack Failed Test,2023-05-23T06:15:00Z,sat_shipment_status,sat_shipment_status:BV-CELLBATCH-001120:0001,USR-126,"[""BV-CELLBATCH-001120"",""BV-WARRANTYCLAIM-000120""]"
CELLBATCH-001045,Second-Life Assessment Failed,2023-05-23T09:31:00Z,sat_recall_status,sat_recall_status:BV-CELLBATCH-001045:0002,USR-032,"[""BV-CELLBATCH-001045"",""BV-SECONDLIFESYSTEM-000045""]"
CELLBATCH-001122,Battery Pack Failed Test,2023-05-23T12:17:00Z,sat_shipment_status,sat_shipment_status:BV-CELLBATCH-001122:0001,USR-033,"[""BV-CELLBATCH-001122"",""BV-WARRANTYCLAIM-000122""]"
CELLBATCH-001124,Battery Pack Failed Test,2023-05-23T18:19:00Z,sat_shipment_status,sat_shipment_status:BV-CELLBATCH-001124:0001,USR-067,"[""BV-CELLBATCH-001124"",""BV-WARRANTYCLAIM-000124""]"
CELLBATCH-001080,Firmware Rolled Back,2023-05-23T18:50:00Z,sat_service_status,sat_service_status:BV-CELLBATCH-001080:0002,USR-103,"[""BV-CELLBATCH-001080"",""BV-RECYCLINGORDER-000080""]"
CELLBATCH-001020,Battery Pack Failed Test,2023-05-23T19:00:00Z,sat_shipment_status,sat_shipment_status:BV-CELLBATCH-001020:0002,USR-077,"[""BV-CELLBATCH-001020"",""BV-WARRANTYCLAIM-000020""]"
CELLBATCH-001020,Firmware Installation Failed,2023-05-23T19:37:00Z,sat_diagnostic_result,sat_diagnostic_result:BV-CELLBATCH-001020:0002,USR-098,"[""BV-CELLBATCH-001020"",""BV-SECONDLIFESYSTEM-000020"",""BV-BATTERYPASSPORT-001020""]"
CELLBATCH-001020,Firmware Rolled Back,2023-05-23T20:14:00Z,sat_service_status,sat_service_status:BV-CELLBATCH-001020:0002,USR-099,"[""BV-CELLBATCH-001020"",""BV-RECYCLINGORDER-000020""]"
CELLBATCH-001020,Second-Life Assessment Failed,2023-05-23T20:51:00Z,sat_recall_status,sat_recall_status:BV-CELLBATCH-001020:0001,USR-115,"[""BV-CELLBATCH-001020"",""BV-SECONDLIFESYSTEM-000020""]"
CELLBATCH-001126,Battery Pack Failed Test,2023-05-24T00:21:00Z,sat_shipment_status,sat_shipment_status:BV-CELLBATCH-001126:0001,USR-101,"[""BV-CELLBATCH-001126"",""BV-WARRANTYCLAIM-000126""]"
CELLBATCH-001128,Battery Pack Failed Test,2023-05-24T06:23:00Z,sat_shipment_status,sat_shipment_status:BV-CELLBATCH-001128:0001,USR-008,"[""BV-CELLBATCH-001128"",""BV-WARRANTYCLAIM-000128""]"
CELLBATCH-001025,Battery Pack Failed Test,2023-05-24T10:00:00Z,sat_shipment_status,sat_shipment_status:BV-CELLBATCH-001025:0001,USR-035,"[""BV-CELLBATCH-001025"",""BV-WARRANTYCLAIM-000025""]"
CELLBATCH-001025,Firmware Installation Failed,2023-05-24T10:37:00Z,sat_diagnostic_result,sat_diagnostic_result:BV-CELLBATCH-001025:0002,USR-056,"[""BV-CELLBATCH-001025"",""BV-SECONDLIFESYSTEM-000025"",""BV-BATTERYPASSPORT-001025""]"
CELLBATCH-001025,Firmware Rolled Back,2023-05-24T11:14:00Z,sat_service_status,sat_service_status:BV-CELLBATCH-001025:0002,USR-057,"[""BV-CELLBATCH-001025"",""BV-RECYCLINGORDER-000025""]"
CELLBATCH-001025,Second-Life Assessment Failed,2023-05-24T11:51:00Z,sat_recall_status,sat_recall_status:BV-CELLBATCH-001025:0002,USR-073,"[""BV-CELLBATCH-001025"",""BV-SECONDLIFESYSTEM-000025"",""BV-BATTERYPASSPORT-001025""]"
CELLBATCH-001130,Battery Pack Failed Test,2023-05-24T12:25:00Z,sat_shipment_status,sat_shipment_status:BV-CELLBATCH-001130:0001,USR-042,"[""BV-CELLBATCH-001130"",""BV-WARRANTYCLAIM-000130""]"
CELLBATCH-001087,Firmware Rolled Back,2023-05-24T15:04:00Z,sat_service_status,sat_service_status:BV-CELLBATCH-001087:0002,USR-095,"[""BV-CELLBATCH-001087"",""BV-RECYCLINGORDER-000087""]"
CELLBATCH-001132,Battery Pack Failed Test,2023-05-24T18:27:00Z,sat_shipment_status,sat_shipment_status:BV-CELLBATCH-001132:0001,USR-076,"[""BV-CELLBATCH-001132"",""BV-WARRANTYCLAIM-000132""]"
CELLBATCH-001134,Battery Pack Failed Test,2023-05-25T00:29:00Z,sat_shipment_status,sat_shipment_status:BV-CELLBATCH-001134:0001,USR-110,"[""BV-CELLBATCH-001134"",""BV-WARRANTYCLAIM-000134"",""BV-CERTIFICATE-000134""]"
CELLBATCH-001030,Battery Pack Failed Test,2023-05-25T01:00:00Z,sat_shipment_status,sat_shipment_status:BV-CELLBATCH-001030:0002,USR-120,"[""BV-CELLBATCH-001030"",""BV-WARRANTYCLAIM-000030"",""BV-CERTIFICATE-000030""]"
CELLBATCH-001030,Firmware Installation Failed,2023-05-25T01:37:00Z,sat_diagnostic_result,sat_diagnostic_result:BV-CELLBATCH-001030:0002,USR-014,"[""BV-CELLBATCH-001030"",""BV-SECONDLIFESYSTEM-000030""]"
CELLBATCH-001030,Firmware Rolled Back,2023-05-25T02:14:00Z,sat_service_status,sat_service_status:BV-CELLBATCH-001030:0002,USR-015,"[""BV-CELLBATCH-001030"",""BV-RECYCLINGORDER-000030""]"
CELLBATCH-001030,Second-Life Assessment Failed,2023-05-25T02:51:00Z,sat_recall_status,sat_recall_status:BV-CELLBATCH-001030:0001,USR-031,"[""BV-CELLBATCH-001030"",""BV-SECONDLIFESYSTEM-000030"",""BV-BATTERYPASSPORT-001030""]"
CELLBATCH-001136,Battery Pack Failed Test,2023-05-25T06:31:00Z,sat_shipment_status,sat_shipment_status:BV-CELLBATCH-001136:0001,USR-017,"[""BV-CELLBATCH-001136"",""BV-WARRANTYCLAIM-000136"",""BV-CERTIFICATE-000136""]"
CELLBATCH-001094,Firmware Rolled Back,2023-05-25T12:11:00Z,sat_service_status,sat_service_status:BV-CELLBATCH-001094:0002,USR-087,"[""BV-CELLBATCH-001094"",""BV-RECYCLINGORDER-000094""]"
CELLBATCH-001138,Battery Pack Failed Test,2023-05-25T12:33:00Z,sat_shipment_status,sat_shipment_status:BV-CELLBATCH-001138:0001,USR-051,"[""BV-CELLBATCH-001138"",""BV-WARRANTYCLAIM-000138""]"
CELLBATCH-001035,Battery Pack Failed Test,2023-05-25T16:00:00Z,sat_shipment_status,sat_shipment_status:BV-CELLBATCH-001035:0001,USR-078,"[""BV-CELLBATCH-001035"",""BV-WARRANTYCLAIM-000035""]"
CELLBATCH-001035,Firmware Installation Failed,2023-05-25T16:37:00Z,sat_diagnostic_result,sat_diagnostic_result:BV-CELLBATCH-001035:0003,USR-099,"[""BV-CELLBATCH-001035"",""BV-SECONDLIFESYSTEM-000035""]"
CELLBATCH-001035,Firmware Rolled Back,2023-05-25T17:14:00Z,sat_service_status,sat_service_status:BV-CELLBATCH-001035:0002,USR-100,"[""BV-CELLBATCH-001035"",""BV-RECYCLINGORDER-000035"",""BV-VEHICLE-000035""]"
CELLBATCH-001035,Second-Life Assessment Failed,2023-05-25T17:51:00Z,sat_recall_status,sat_recall_status:BV-CELLBATCH-001035:0003,USR-116,"[""BV-CELLBATCH-001035"",""BV-SECONDLIFESYSTEM-000035""]"
CELLBATCH-001140,Battery Pack Failed Test,2023-05-25T18:35:00Z,sat_shipment_status,sat_shipment_status:BV-CELLBATCH-001140:0001,USR-085,"[""BV-CELLBATCH-001140"",""BV-WARRANTYCLAIM-000140"",""BV-CERTIFICATE-000140""]"
CELLBATCH-001142,Battery Pack Failed Test,2023-05-26T00:37:00Z,sat_shipment_status,sat_shipment_status:BV-CELLBATCH-001142:0001,USR-119,"[""BV-CELLBATCH-001142"",""BV-WARRANTYCLAIM-000142""]"
CELLBATCH-001144,Battery Pack Failed Test,2023-05-26T06:39:00Z,sat_shipment_status,sat_shipment_status:BV-CELLBATCH-001144:0001,USR-026,"[""BV-CELLBATCH-001144"",""BV-WARRANTYCLAIM-000144""]"
CELLBATCH-001040,Battery Pack Failed Test,2023-05-26T07:00:00Z,sat_shipment_status,sat_shipment_status:BV-CELLBATCH-001040:0003,USR-036,"[""BV-CELLBATCH-001040"",""BV-WARRANTYCLAIM-000040""]"
CELLBATCH-001040,Firmware Installation Failed,2023-05-26T07:37:00Z,sat_diagnostic_result,sat_diagnostic_result:BV-CELLBATCH-001040:0002,USR-057,"[""BV-CELLBATCH-001040"",""BV-SECONDLIFESYSTEM-000040"",""BV-BATTERYPASSPORT-001040""]"
CELLBATCH-001040,Firmware Rolled Back,2023-05-26T08:14:00Z,sat_service_status,sat_service_status:BV-CELLBATCH-001040:0002,USR-058,"[""BV-CELLBATCH-001040"",""BV-RECYCLINGORDER-000040""]"
CELLBATCH-001040,Second-Life Assessment Failed,2023-05-26T08:51:00Z,sat_recall_status,sat_recall_status:BV-CELLBATCH-001040:0002,USR-074,"[""BV-CELLBATCH-001040"",""BV-SECONDLIFESYSTEM-000040""]"
CELLBATCH-001101,Firmware Rolled Back,2023-05-26T09:18:00Z,sat_service_status,sat_service_status:BV-CELLBATCH-001101:0002,USR-079,"[""BV-CELLBATCH-001101"",""BV-RECYCLINGORDER-000101"",""BV-VEHICLE-000101""]"
CELLBATCH-001103,Firmware Installation Failed,2023-05-26T09:19:00Z,sat_diagnostic_result,sat_diagnostic_result:BV-CELLBATCH-001103:0002,USR-112,"[""BV-CELLBATCH-001103"",""BV-SECONDLIFESYSTEM-000103"",""BV-BATTERYPASSPORT-001103""]"
CELLBATCH-001146,Battery Pack Failed Test,2023-05-26T12:41:00Z,sat_shipment_status,sat_shipment_status:BV-CELLBATCH-001146:0001,USR-060,"[""BV-CELLBATCH-001146"",""BV-WARRANTYCLAIM-000146"",""BV-CERTIFICATE-000146""]"
CELLBATCH-001148,Battery Pack Failed Test,2023-05-26T18:43:00Z,sat_shipment_status,sat_shipment_status:BV-CELLBATCH-001148:0001,USR-094,"[""BV-CELLBATCH-001148"",""BV-WARRANTYCLAIM-000148""]"
CELLBATCH-001045,Battery Pack Failed Test,2023-05-26T22:00:00Z,sat_shipment_status,sat_shipment_status:BV-CELLBATCH-001045:0001,USR-121,"[""BV-CELLBATCH-001045"",""BV-WARRANTYCLAIM-000045"",""BV-CERTIFICATE-000045""]"
CELLBATCH-001045,Firmware Installation Failed,2023-05-26T22:37:00Z,sat_diagnostic_result,sat_diagnostic_result:BV-CELLBATCH-001045:0002,USR-015,"[""BV-CELLBATCH-001045"",""BV-SECONDLIFESYSTEM-000045""]"
CELLBATCH-001045,Firmware Rolled Back,2023-05-26T23:14:00Z,sat_service_status,sat_service_status:BV-CELLBATCH-001045:0003,USR-016,"[""BV-CELLBATCH-001045"",""BV-RECYCLINGORDER-000045"",""BV-VEHICLE-000045""]"
CELLBATCH-001045,Second-Life Assessment Failed,2023-05-26T23:51:00Z,sat_recall_status,sat_recall_status:BV-CELLBATCH-001045:0003,USR-032,"[""BV-CELLBATCH-001045"",""BV-SECONDLIFESYSTEM-000045""]"
CELLBATCH-001150,Battery Pack Failed Test,2023-05-27T00:45:00Z,sat_shipment_status,sat_shipment_status:BV-CELLBATCH-001150:0001,USR-001,"[""BV-CELLBATCH-001150"",""BV-WARRANTYCLAIM-000150""]"
CELLBATCH-001076,Second-Life Assessment Failed,2023-05-27T06:09:00Z,sat_recall_status,sat_recall_status:BV-CELLBATCH-001076:0001,USR-051,"[""BV-CELLBATCH-001076"",""BV-SECONDLIFESYSTEM-000076""]"
CELLBATCH-001108,Firmware Rolled Back,2023-05-27T06:25:00Z,sat_service_status,sat_service_status:BV-CELLBATCH-001108:0002,USR-071,"[""BV-CELLBATCH-001108"",""BV-RECYCLINGORDER-000108"",""BV-VEHICLE-000108""]"
CELLBATCH-001152,Battery Pack Failed Test,2023-05-27T06:47:00Z,sat_shipment_status,sat_shipment_status:BV-CELLBATCH-001152:0001,USR-035,"[""BV-CELLBATCH-001152"",""BV-WARRANTYCLAIM-000152""]"
CELLBATCH-001154,Battery Pack Failed Test,2023-05-27T12:49:00Z,sat_shipment_status,sat_shipment_status:BV-CELLBATCH-001154:0001,USR-069,"[""BV-CELLBATCH-001154"",""BV-WARRANTYCLAIM-000154""]"
CELLBATCH-001050,Battery Pack Failed Test,2023-05-27T13:00:00Z,sat_shipment_status,sat_shipment_status:BV-CELLBATCH-001050:0003,USR-079,"[""BV-CELLBATCH-001050"",""BV-WARRANTYCLAIM-000050""]"
CELLBATCH-001050,Firmware Installation Failed,2023-05-27T13:37:00Z,sat_diagnostic_result,sat_diagnostic_result:BV-CELLBATCH-001050:0002,USR-100,"[""BV-CELLBATCH-001050"",""BV-SECONDLIFESYSTEM-000050""]"
CELLBATCH-001050,Firmware Rolled Back,2023-05-27T14:14:00Z,sat_service_status,sat_service_status:BV-CELLBATCH-001050:0002,USR-101,"[""BV-CELLBATCH-001050"",""BV-RECYCLINGORDER-000050"",""BV-VEHICLE-000050""]"
CELLBATCH-001050,Second-Life Assessment Failed,2023-05-27T14:51:00Z,sat_recall_status,sat_recall_status:BV-CELLBATCH-001050:0002,USR-117,"[""BV-CELLBATCH-001050"",""BV-SECONDLIFESYSTEM-000050""]"
CELLBATCH-001156,Battery Pack Failed Test,2023-05-27T18:51:00Z,sat_shipment_status,sat_shipment_status:BV-CELLBATCH-001156:0001,USR-103,"[""BV-CELLBATCH-001156"",""BV-WARRANTYCLAIM-000156""]"
CELLBATCH-001158,Battery Pack Failed Test,2023-05-28T00:00:00Z,sat_shipment_status,sat_shipment_status:BV-CELLBATCH-001158:0001,USR-010,"[""BV-CELLBATCH-001158"",""BV-WARRANTYCLAIM-000158"",""BV-CERTIFICATE-000158""]"
CELLBATCH-001115,Firmware Rolled Back,2023-05-28T03:32:00Z,sat_service_status,sat_service_status:BV-CELLBATCH-001115:0002,USR-063,"[""BV-CELLBATCH-001115"",""BV-RECYCLINGORDER-000115"",""BV-VEHICLE-000115""]"
CELLBATCH-001055,Battery Pack Failed Test,2023-05-28T04:00:00Z,sat_shipment_status,sat_shipment_status:BV-CELLBATCH-001055:0001,USR-037,"[""BV-CELLBATCH-001055"",""BV-WARRANTYCLAIM-000055""]"
CELLBATCH-001055,Firmware Installation Failed,2023-05-28T04:37:00Z,sat_diagnostic_result,sat_diagnostic_result:BV-CELLBATCH-001055:0002,USR-058,"[""BV-CELLBATCH-001055"",""BV-SECONDLIFESYSTEM-000055"",""BV-BATTERYPASSPORT-001055""]"
CELLBATCH-001055,Firmware Rolled Back,2023-05-28T05:14:00Z,sat_service_status,sat_service_status:BV-CELLBATCH-001055:0002,USR-059,"[""BV-CELLBATCH-001055"",""BV-RECYCLINGORDER-000055""]"
CELLBATCH-001055,Second-Life Assessment Failed,2023-05-28T05:51:00Z,sat_recall_status,sat_recall_status:BV-CELLBATCH-001055:0002,USR-075,"[""BV-CELLBATCH-001055"",""BV-SECONDLIFESYSTEM-000055"",""BV-BATTERYPASSPORT-001055""]"
CELLBATCH-001160,Battery Pack Failed Test,2023-05-28T06:02:00Z,sat_shipment_status,sat_shipment_status:BV-CELLBATCH-001160:0001,USR-044,"[""BV-CELLBATCH-001160"",""BV-WARRANTYCLAIM-000160""]"
CELLBATCH-001162,Battery Pack Failed Test,2023-05-28T12:04:00Z,sat_shipment_status,sat_shipment_status:BV-CELLBATCH-001162:0001,USR-078,"[""BV-CELLBATCH-001162"",""BV-WARRANTYCLAIM-000162""]"
CELLBATCH-001164,Battery Pack Failed Test,2023-05-28T18:06:00Z,sat_shipment_status,sat_shipment_status:BV-CELLBATCH-001164:0001,USR-112,"[""BV-CELLBATCH-001164"",""BV-WARRANTYCLAIM-000164""]"
CELLBATCH-001060,Battery Pack Failed Test,2023-05-28T19:00:00Z,sat_shipment_status,sat_shipment_status:BV-CELLBATCH-001060:0002,USR-122,"[""BV-CELLBATCH-001060"",""BV-WARRANTYCLAIM-000060""]"
CELLBATCH-001060,Firmware Installation Failed,2023-05-28T19:37:00Z,sat_diagnostic_result,sat_diagnostic_result:BV-CELLBATCH-001060:0002,USR-016,"[""BV-CELLBATCH-001060"",""BV-SECONDLIFESYSTEM-000060"",""BV-BATTERYPASSPORT-001060""]"
CELLBATCH-001060,Firmware Rolled Back,2023-05-28T20:14:00Z,sat_service_status,sat_service_status:BV-CELLBATCH-001060:0002,USR-017,"[""BV-CELLBATCH-001060"",""BV-RECYCLINGORDER-000060""]"
CELLBATCH-001060,Second-Life Assessment Failed,2023-05-28T20:51:00Z,sat_recall_status,sat_recall_status:BV-CELLBATCH-001060:0001,USR-033,"[""BV-CELLBATCH-001060"",""BV-SECONDLIFESYSTEM-000060"",""BV-BATTERYPASSPORT-001060""]"
CELLBATCH-001166,Battery Pack Failed Test,2023-05-29T00:08:00Z,sat_shipment_status,sat_shipment_status:BV-CELLBATCH-001166:0001,USR-019,"[""BV-CELLBATCH-001166"",""BV-WARRANTYCLAIM-000166""]"
CELLBATCH-001122,Firmware Rolled Back,2023-05-29T00:39:00Z,sat_service_status,sat_service_status:BV-CELLBATCH-001122:0002,USR-055,"[""BV-CELLBATCH-001122"",""BV-RECYCLINGORDER-000122"",""BV-VEHICLE-000122""]"
CELLBATCH-001168,Battery Pack Failed Test,2023-05-29T06:10:00Z,sat_shipment_status,sat_shipment_status:BV-CELLBATCH-001168:0001,USR-053,"[""BV-CELLBATCH-001168"",""BV-WARRANTYCLAIM-000168"",""BV-CERTIFICATE-000168""]"
CELLBATCH-001065,Battery Pack Failed Test,2023-05-29T10:00:00Z,sat_shipment_status,sat_shipment_status:BV-CELLBATCH-001065:0001,USR-080,"[""BV-CELLBATCH-001065"",""BV-WARRANTYCLAIM-000065""]"
CELLBATCH-001065,Firmware Installation Failed,2023-05-29T10:37:00Z,sat_diagnostic_result,sat_diagnostic_result:BV-CELLBATCH-001065:0002,USR-101,"[""BV-CELLBATCH-001065"",""BV-SECONDLIFESYSTEM-000065"",""BV-BATTERYPASSPORT-001065""]"
CELLBATCH-001065,Firmware Rolled Back,2023-05-29T11:14:00Z,sat_service_status,sat_service_status:BV-CELLBATCH-001065:0002,USR-102,"[""BV-CELLBATCH-001065"",""BV-RECYCLINGORDER-000065""]"
CELLBATCH-001065,Second-Life Assessment Failed,2023-05-29T11:51:00Z,sat_recall_status,sat_recall_status:BV-CELLBATCH-001065:0002,USR-118,"[""BV-CELLBATCH-001065"",""BV-SECONDLIFESYSTEM-000065"",""BV-BATTERYPASSPORT-001065""]"
CELLBATCH-001170,Battery Pack Failed Test,2023-05-29T12:12:00Z,sat_shipment_status,sat_shipment_status:BV-CELLBATCH-001170:0001,USR-087,"[""BV-CELLBATCH-001170"",""BV-WARRANTYCLAIM-000170""]"
CELLBATCH-001172,Battery Pack Failed Test,2023-05-29T18:14:00Z,sat_shipment_status,sat_shipment_status:BV-CELLBATCH-001172:0001,USR-121,"[""BV-CELLBATCH-001172"",""BV-WARRANTYCLAIM-000172""]"
CELLBATCH-001129,Firmware Rolled Back,2023-05-29T21:46:00Z,sat_service_status,sat_service_status:BV-CELLBATCH-001129:0002,USR-047,"[""BV-CELLBATCH-001129"",""BV-RECYCLINGORDER-000129""]"
CELLBATCH-001174,Battery Pack Failed Test,2023-05-30T00:16:00Z,sat_shipment_status,sat_shipment_status:BV-CELLBATCH-001174:0001,USR-028,"[""BV-CELLBATCH-001174"",""BV-WARRANTYCLAIM-000174"",""BV-CERTIFICATE-000174""]"
CELLBATCH-001070,Battery Pack Failed Test,2023-05-30T01:00:00Z,sat_shipment_status,sat_shipment_status:BV-CELLBATCH-001070:0002,USR-038,"[""BV-CELLBATCH-001070"",""BV-WARRANTYCLAIM-000070""]"
CELLBATCH-001070,Firmware Installation Failed,2023-05-30T01:37:00Z,sat_diagnostic_result,sat_diagnostic_result:BV-CELLBATCH-001070:0002,USR-059,"[""BV-CELLBATCH-001070"",""BV-SECONDLIFESYSTEM-000070"",""BV-BATTERYPASSPORT-001070""]"
CELLBATCH-001070,Firmware Rolled Back,2023-05-30T02:14:00Z,sat_service_status,sat_service_status:BV-CELLBATCH-001070:0002,USR-060,"[""BV-CELLBATCH-001070"",""BV-RECYCLINGORDER-000070""]"
CELLBATCH-001070,Second-Life Assessment Failed,2023-05-30T02:51:00Z,sat_recall_status,sat_recall_status:BV-CELLBATCH-001070:0001,USR-076,"[""BV-CELLBATCH-001070"",""BV-SECONDLIFESYSTEM-000070"",""BV-BATTERYPASSPORT-001070""]"
CELLBATCH-001176,Battery Pack Failed Test,2023-05-30T06:18:00Z,sat_shipment_status,sat_shipment_status:BV-CELLBATCH-001176:0001,USR-062,"[""BV-CELLBATCH-001176"",""BV-WARRANTYCLAIM-000176"",""BV-CERTIFICATE-000176""]"
CELLBATCH-001178,Battery Pack Failed Test,2023-05-30T12:20:00Z,sat_shipment_status,sat_shipment_status:BV-CELLBATCH-001178:0001,USR-096,"[""BV-CELLBATCH-001178"",""BV-WARRANTYCLAIM-000178"",""BV-CERTIFICATE-000178""]"
CELLBATCH-001075,Battery Pack Failed Test,2023-05-30T16:00:00Z,sat_shipment_status,sat_shipment_status:BV-CELLBATCH-001075:0001,USR-123,"[""BV-CELLBATCH-001075"",""BV-WARRANTYCLAIM-000075"",""BV-CERTIFICATE-000075""]"
CELLBATCH-001075,Firmware Installation Failed,2023-05-30T16:37:00Z,sat_diagnostic_result,sat_diagnostic_result:BV-CELLBATCH-001075:0002,USR-017,"[""BV-CELLBATCH-001075"",""BV-SECONDLIFESYSTEM-000075""]"
CELLBATCH-001075,Firmware Rolled Back,2023-05-30T17:14:00Z,sat_service_status,sat_service_status:BV-CELLBATCH-001075:0003,USR-018,"[""BV-CELLBATCH-001075"",""BV-RECYCLINGORDER-000075"",""BV-VEHICLE-000075""]"
CELLBATCH-001075,Second-Life Assessment Failed,2023-05-30T17:51:00Z,sat_recall_status,sat_recall_status:BV-CELLBATCH-001075:0002,USR-034,"[""BV-CELLBATCH-001075"",""BV-SECONDLIFESYSTEM-000075""]"
CELLBATCH-001136,Firmware Rolled Back,2023-05-30T18:00:00Z,sat_service_status,sat_service_status:BV-CELLBATCH-001136:0003,USR-039,"[""BV-CELLBATCH-001136"",""BV-RECYCLINGORDER-000136"",""BV-VEHICLE-000136""]"
CELLBATCH-001180,Battery Pack Failed Test,2023-05-30T18:22:00Z,sat_shipment_status,sat_shipment_status:BV-CELLBATCH-001180:0001,USR-003,"[""BV-CELLBATCH-001180"",""BV-WARRANTYCLAIM-000180""]"
CELLBATCH-001140,Firmware Installation Failed,2023-05-31T00:03:00Z,sat_diagnostic_result,sat_diagnostic_result:BV-CELLBATCH-001140:0002,USR-106,"[""BV-CELLBATCH-001140"",""BV-SECONDLIFESYSTEM-000140"",""BV-BATTERYPASSPORT-001140""]"
CELLBATCH-001182,Battery Pack Failed Test,2023-05-31T00:24:00Z,sat_shipment_status,sat_shipment_status:BV-CELLBATCH-001182:0001,USR-037,"[""BV-CELLBATCH-001182"",""BV-WARRANTYCLAIM-000182"",""BV-CERTIFICATE-000182""]"
CELLBATCH-001107,Second-Life Assessment Failed,2023-05-31T03:40:00Z,sat_recall_status,sat_recall_status:BV-CELLBATCH-001107:0002,USR-070,"[""BV-CELLBATCH-001107"",""BV-SECONDLIFESYSTEM-000107"",""BV-BATTERYPASSPORT-001107""]"
CELLBATCH-001184,Battery Pack Failed Test,2023-05-31T06:26:00Z,sat_shipment_status,sat_shipment_status:BV-CELLBATCH-001184:0001,USR-071,"[""BV-CELLBATCH-001184"",""BV-WARRANTYCLAIM-000184"",""BV-CERTIFICATE-000184""]"
CELLBATCH-001080,Battery Pack Failed Test,2023-05-31T07:00:00Z,sat_shipment_status,sat_shipment_status:BV-CELLBATCH-001080:0002,USR-081,"[""BV-CELLBATCH-001080"",""BV-WARRANTYCLAIM-000080"",""BV-CERTIFICATE-000080""]"
CELLBATCH-001080,Firmware Installation Failed,2023-05-31T07:37:00Z,sat_diagnostic_result,sat_diagnostic_result:BV-CELLBATCH-001080:0002,USR-102,"[""BV-CELLBATCH-001080"",""BV-SECONDLIFESYSTEM-000080""]"
CELLBATCH-001080,Firmware Rolled Back,2023-05-31T08:14:00Z,sat_service_status,sat_service_status:BV-CELLBATCH-001080:0003,USR-103,"[""BV-CELLBATCH-001080"",""BV-RECYCLINGORDER-000080"",""BV-VEHICLE-000080""]"
CELLBATCH-001080,Second-Life Assessment Failed,2023-05-31T08:51:00Z,sat_recall_status,sat_recall_status:BV-CELLBATCH-001080:0001,USR-119,"[""BV-CELLBATCH-001080"",""BV-SECONDLIFESYSTEM-000080""]"
CELLBATCH-001186,Battery Pack Failed Test,2023-05-31T12:28:00Z,sat_shipment_status,sat_shipment_status:BV-CELLBATCH-001186:0001,USR-105,"[""BV-CELLBATCH-001186"",""BV-WARRANTYCLAIM-000186"",""BV-CERTIFICATE-000186""]"
CELLBATCH-001143,Firmware Rolled Back,2023-05-31T15:07:00Z,sat_service_status,sat_service_status:BV-CELLBATCH-001143:0002,USR-031,"[""BV-CELLBATCH-001143"",""BV-RECYCLINGORDER-000143""]"
CELLBATCH-001188,Battery Pack Failed Test,2023-05-31T18:30:00Z,sat_shipment_status,sat_shipment_status:BV-CELLBATCH-001188:0001,USR-012,"[""BV-CELLBATCH-001188"",""BV-WARRANTYCLAIM-000188""]"
CELLBATCH-001085,Battery Pack Failed Test,2023-05-31T22:00:00Z,sat_shipment_status,sat_shipment_status:BV-CELLBATCH-001085:0002,USR-039,"[""BV-CELLBATCH-001085"",""BV-WARRANTYCLAIM-000085"",""BV-CERTIFICATE-000085""]"
CELLBATCH-001085,Firmware Installation Failed,2023-05-31T22:37:00Z,sat_diagnostic_result,sat_diagnostic_result:BV-CELLBATCH-001085:0002,USR-060,"[""BV-CELLBATCH-001085"",""BV-SECONDLIFESYSTEM-000085""]"
CELLBATCH-001085,Firmware Rolled Back,2023-05-31T23:14:00Z,sat_service_status,sat_service_status:BV-CELLBATCH-001085:0003,USR-061,"[""BV-CELLBATCH-001085"",""BV-RECYCLINGORDER-000085""]"
CELLBATCH-001085,Second-Life Assessment Failed,2023-05-31T23:51:00Z,sat_recall_status,sat_recall_status:BV-CELLBATCH-001085:0002,USR-077,"[""BV-CELLBATCH-001085"",""BV-SECONDLIFESYSTEM-000085"",""BV-BATTERYPASSPORT-001085""]"
CELLBATCH-001190,Battery Pack Failed Test,2023-06-01T00:32:00Z,sat_shipment_status,sat_shipment_status:BV-CELLBATCH-001190:0001,USR-046,"[""BV-CELLBATCH-001190"",""BV-WARRANTYCLAIM-000190""]"
CELLBATCH-001192,Battery Pack Failed Test,2023-06-01T06:34:00Z,sat_shipment_status,sat_shipment_status:BV-CELLBATCH-001192:0001,USR-080,"[""BV-CELLBATCH-001192"",""BV-WARRANTYCLAIM-000192""]"
CELLBATCH-001150,Firmware Rolled Back,2023-06-01T12:14:00Z,sat_service_status,sat_service_status:BV-CELLBATCH-001150:0002,USR-023,"[""BV-CELLBATCH-001150"",""BV-RECYCLINGORDER-000150""]"
CELLBATCH-001194,Battery Pack Failed Test,2023-06-01T12:36:00Z,sat_shipment_status,sat_shipment_status:BV-CELLBATCH-001194:0001,USR-114,"[""BV-CELLBATCH-001194"",""BV-WARRANTYCLAIM-000194"",""BV-CERTIFICATE-000194""]"
CELLBATCH-001090,Battery Pack Failed Test,2023-06-01T13:00:00Z,sat_shipment_status,sat_shipment_status:BV-CELLBATCH-001090:0002,USR-124,"[""BV-CELLBATCH-001090"",""BV-WARRANTYCLAIM-000090""]"
CELLBATCH-001090,Firmware Installation Failed,2023-06-01T13:37:00Z,sat_diagnostic_result,sat_diagnostic_result:BV-CELLBATCH-001090:0002,USR-018,"[""BV-CELLBATCH-001090"",""BV-SECONDLIFESYSTEM-000090""]"
CELLBATCH-001090,Firmware Rolled Back,2023-06-01T14:14:00Z,sat_service_status,sat_service_status:BV-CELLBATCH-001090:0003,USR-019,"[""BV-CELLBATCH-001090"",""BV-RECYCLINGORDER-000090"",""BV-VEHICLE-000090""]"
CELLBATCH-001090,Second-Life Assessment Failed,2023-06-01T14:51:00Z,sat_recall_status,sat_recall_status:BV-CELLBATCH-001090:0001,USR-035,"[""BV-CELLBATCH-001090"",""BV-SECONDLIFESYSTEM-000090""]"
CELLBATCH-001196,Battery Pack Failed Test,2023-06-01T18:38:00Z,sat_shipment_status,sat_shipment_status:BV-CELLBATCH-001196:0001,USR-021,"[""BV-CELLBATCH-001196"",""BV-WARRANTYCLAIM-000196""]"
CELLBATCH-001198,Battery Pack Failed Test,2023-06-02T00:40:00Z,sat_shipment_status,sat_shipment_status:BV-CELLBATCH-001198:0001,USR-055,"[""BV-CELLBATCH-001198"",""BV-WARRANTYCLAIM-000198"",""BV-CERTIFICATE-000198""]"
CELLBATCH-001095,Battery Pack Failed Test,2023-06-02T04:00:00Z,sat_shipment_status,sat_shipment_status:BV-CELLBATCH-001095:0001,USR-082,"[""BV-CELLBATCH-001095"",""BV-WARRANTYCLAIM-000095""]"
CELLBATCH-001095,Firmware Installation Failed,2023-06-02T04:37:00Z,sat_diagnostic_result,sat_diagnostic_result:BV-CELLBATCH-001095:0002,USR-103,"[""BV-CELLBATCH-001095"",""BV-SECONDLIFESYSTEM-000095""]"
CELLBATCH-001095,Firmware Rolled Back,2023-06-02T05:14:00Z,sat_service_status,sat_service_status:BV-CELLBATCH-001095:0002,USR-104,"[""BV-CELLBATCH-001095"",""BV-RECYCLINGORDER-000095"",""BV-VEHICLE-000095""]"
CELLBATCH-001095,Second-Life Assessment Failed,2023-06-02T05:51:00Z,sat_recall_status,sat_recall_status:BV-CELLBATCH-001095:0002,USR-120,"[""BV-CELLBATCH-001095"",""BV-SECONDLIFESYSTEM-000095""]"
CELLBATCH-001200,Battery Pack Failed Test,2023-06-02T06:42:00Z,sat_shipment_status,sat_shipment_status:BV-CELLBATCH-001200:0001,USR-089,"[""BV-CELLBATCH-001200"",""BV-WARRANTYCLAIM-000200"",""BV-CERTIFICATE-000200""]"
CELLBATCH-001157,Firmware Rolled Back,2023-06-02T09:21:00Z,sat_service_status,sat_service_status:BV-CELLBATCH-001157:0002,USR-015,"[""BV-CELLBATCH-001157"",""BV-RECYCLINGORDER-000157"",""BV-VEHICLE-000157""]"
CELLBATCH-001202,Battery Pack Failed Test,2023-06-02T12:44:00Z,sat_shipment_status,sat_shipment_status:BV-CELLBATCH-001202:0001,USR-123,"[""BV-CELLBATCH-001202"",""BV-WARRANTYCLAIM-000202""]"
CELLBATCH-001204,Battery Pack Failed Test,2023-06-02T18:46:00Z,sat_shipment_status,sat_shipment_status:BV-CELLBATCH-001204:0001,USR-030,"[""BV-CELLBATCH-001204"",""BV-WARRANTYCLAIM-000204"",""BV-CERTIFICATE-000204""]"
CELLBATCH-001100,Battery Pack Failed Test,2023-06-02T19:00:00Z,sat_shipment_status,sat_shipment_status:BV-CELLBATCH-001100:0002,USR-040,"[""BV-CELLBATCH-001100"",""BV-WARRANTYCLAIM-000100"",""BV-CERTIFICATE-000100""]"
CELLBATCH-001100,Firmware Installation Failed,2023-06-02T19:37:00Z,sat_diagnostic_result,sat_diagnostic_result:BV-CELLBATCH-001100:0002,USR-061,"[""BV-CELLBATCH-001100"",""BV-SECONDLIFESYSTEM-000100""]"
CELLBATCH-001100,Firmware Rolled Back,2023-06-02T20:14:00Z,sat_service_status,sat_service_status:BV-CELLBATCH-001100:0002,USR-062,"[""BV-CELLBATCH-001100"",""BV-RECYCLINGORDER-000100""]"
CELLBATCH-001100,Second-Life Assessment Failed,2023-06-02T20:51:00Z,sat_recall_status,sat_recall_status:BV-CELLBATCH-001100:0001,USR-078,"[""BV-CELLBATCH-001100"",""BV-SECONDLIFESYSTEM-000100"",""BV-BATTERYPASSPORT-001100""]"
CELLBATCH-001206,Battery Pack Failed Test,2023-06-03T00:48:00Z,sat_shipment_status,sat_shipment_status:BV-CELLBATCH-001206:0001,USR-064,"[""BV-CELLBATCH-001206"",""BV-WARRANTYCLAIM-000206""]"
CELLBATCH-001164,Firmware Rolled Back,2023-06-03T06:28:00Z,sat_service_status,sat_service_status:BV-CELLBATCH-001164:0002,USR-007,"[""BV-CELLBATCH-001164"",""BV-RECYCLINGORDER-000164"",""BV-VEHICLE-000164""]"
CELLBATCH-001208,Battery Pack Failed Test,2023-06-03T06:50:00Z,sat_shipment_status,sat_shipment_status:BV-CELLBATCH-001208:0001,USR-098,"[""BV-CELLBATCH-001208"",""BV-WARRANTYCLAIM-000208""]"
CELLBATCH-001105,Battery Pack Failed Test,2023-06-03T10:00:00Z,sat_shipment_status,sat_shipment_status:BV-CELLBATCH-001105:0001,USR-125,"[""BV-CELLBATCH-001105"",""BV-WARRANTYCLAIM-000105""]"
CELLBATCH-001105,Firmware Installation Failed,2023-06-03T10:37:00Z,sat_diagnostic_result,sat_diagnostic_result:BV-CELLBATCH-001105:0002,USR-019,"[""BV-CELLBATCH-001105"",""BV-SECONDLIFESYSTEM-000105"",""BV-BATTERYPASSPORT-001105""]"
CELLBATCH-001105,Firmware Rolled Back,2023-06-03T11:14:00Z,sat_service_status,sat_service_status:BV-CELLBATCH-001105:0002,USR-020,"[""BV-CELLBATCH-001105"",""BV-RECYCLINGORDER-000105""]"
CELLBATCH-001105,Second-Life Assessment Failed,2023-06-03T11:51:00Z,sat_recall_status,sat_recall_status:BV-CELLBATCH-001105:0003,USR-036,"[""BV-CELLBATCH-001105"",""BV-SECONDLIFESYSTEM-000105""]"
CELLBATCH-001210,Battery Pack Failed Test,2023-06-03T12:52:00Z,sat_shipment_status,sat_shipment_status:BV-CELLBATCH-001210:0001,USR-005,"[""BV-CELLBATCH-001210"",""BV-WARRANTYCLAIM-000210"",""BV-CERTIFICATE-000210""]"
CELLBATCH-001212,Battery Pack Failed Test,2023-06-03T18:01:00Z,sat_shipment_status,sat_shipment_status:BV-CELLBATCH-001212:0001,USR-039,"[""BV-CELLBATCH-001212"",""BV-WARRANTYCLAIM-000212""]"
CELLBATCH-001214,Battery Pack Failed Test,2023-06-04T00:03:00Z,sat_shipment_status,sat_shipment_status:BV-CELLBATCH-001214:0001,USR-073,"[""BV-CELLBATCH-001214"",""BV-WARRANTYCLAIM-000214"",""BV-CERTIFICATE-000214""]"
CELLBATCH-001138,Second-Life Assessment Failed,2023-06-04T00:18:00Z,sat_recall_status,sat_recall_status:BV-CELLBATCH-001138:0001,USR-089,"[""BV-CELLBATCH-001138"",""BV-SECONDLIFESYSTEM-000138""]"
CELLBATCH-001110,Battery Pack Failed Test,2023-06-04T01:00:00Z,sat_shipment_status,sat_shipment_status:BV-CELLBATCH-001110:0002,USR-083,"[""BV-CELLBATCH-001110"",""BV-WARRANTYCLAIM-000110""]"
CELLBATCH-001110,Firmware Installation Failed,2023-06-04T01:37:00Z,sat_diagnostic_result,sat_diagnostic_result:BV-CELLBATCH-001110:0002,USR-104,"[""BV-CELLBATCH-001110"",""BV-SECONDLIFESYSTEM-000110"",""BV-BATTERYPASSPORT-001110""]"
CELLBATCH-001110,Firmware Rolled Back,2023-06-04T02:14:00Z,sat_service_status,sat_service_status:BV-CELLBATCH-001110:0002,USR-105,"[""BV-CELLBATCH-001110"",""BV-RECYCLINGORDER-000110""]"
CELLBATCH-001110,Second-Life Assessment Failed,2023-06-04T02:51:00Z,sat_recall_status,sat_recall_status:BV-CELLBATCH-001110:0001,USR-121,"[""BV-CELLBATCH-001110"",""BV-SECONDLIFESYSTEM-000110""]"
CELLBATCH-001171,Firmware Rolled Back,2023-06-04T03:35:00Z,sat_service_status,sat_service_status:BV-CELLBATCH-001171:0002,USR-126,"[""BV-CELLBATCH-001171"",""BV-RECYCLINGORDER-000171""]"
CELLBATCH-001216,Battery Pack Failed Test,2023-06-04T06:05:00Z,sat_shipment_status,sat_shipment_status:BV-CELLBATCH-001216:0001,USR-107,"[""BV-CELLBATCH-001216"",""BV-WARRANTYCLAIM-000216""]"
CELLBATCH-001218,Battery Pack Failed Test,2023-06-04T12:07:00Z,sat_shipment_status,sat_shipment_status:BV-CELLBATCH-001218:0001,USR-014,"[""BV-CELLBATCH-001218"",""BV-WARRANTYCLAIM-000218""]"
CELLBATCH-001177,Firmware Installation Failed,2023-06-04T15:40:00Z,sat_diagnostic_result,sat_diagnostic_result:BV-CELLBATCH-001177:0002,USR-100,"[""BV-CELLBATCH-001177"",""BV-SECONDLIFESYSTEM-000177""]"
CELLBATCH-001115,Battery Pack Failed Test,2023-06-04T16:00:00Z,sat_shipment_status,sat_shipment_status:BV-CELLBATCH-001115:0001,USR-041,"[""BV-CELLBATCH-001115"",""BV-WARRANTYCLAIM-000115"",""BV-CERTIFICATE-000115""]"
CELLBATCH-001115,Firmware Installation Failed,2023-06-04T16:37:00Z,sat_diagnostic_result,sat_diagnostic_result:BV-CELLBATCH-001115:0002,USR-062,"[""BV-CELLBATCH-001115"",""BV-SECONDLIFESYSTEM-000115""]"
CELLBATCH-001115,Firmware Rolled Back,2023-06-04T17:14:00Z,sat_service_status,sat_service_status:BV-CELLBATCH-001115:0003,USR-063,"[""BV-CELLBATCH-001115"",""BV-RECYCLINGORDER-000115""]"
CELLBATCH-001115,Second-Life Assessment Failed,2023-06-04T17:51:00Z,sat_recall_status,sat_recall_status:BV-CELLBATCH-001115:0002,USR-079,"[""BV-CELLBATCH-001115"",""BV-SECONDLIFESYSTEM-000115"",""BV-BATTERYPASSPORT-001115""]"
CELLBATCH-001220,Battery Pack Failed Test,2023-06-04T18:09:00Z,sat_shipment_status,sat_shipment_status:BV-CELLBATCH-001220:0001,USR-048,"[""BV-CELLBATCH-001220"",""BV-WARRANTYCLAIM-000220"",""BV-CERTIFICATE-000220""]"
CELLBATCH-001222,Battery Pack Failed Test,2023-06-05T00:11:00Z,sat_shipment_status,sat_shipment_status:BV-CELLBATCH-001222:0001,USR-082,"[""BV-CELLBATCH-001222"",""BV-WARRANTYCLAIM-000222""]"
CELLBATCH-001178,Firmware Rolled Back,2023-06-05T00:42:00Z,sat_service_status,sat_service_status:BV-CELLBATCH-001178:0002,USR-118,"[""BV-CELLBATCH-001178"",""BV-RECYCLINGORDER-000178"",""BV-VEHICLE-000178""]"
CELLBATCH-001224,Battery Pack Failed Test,2023-06-05T06:13:00Z,sat_shipment_status,sat_shipment_status:BV-CELLBATCH-001224:0001,USR-116,"[""BV-CELLBATCH-001224"",""BV-WARRANTYCLAIM-000224""]"
CELLBATCH-001120,Battery Pack Failed Test,2023-06-05T07:00:00Z,sat_shipment_status,sat_shipment_status:BV-CELLBATCH-001120:0003,USR-126,"[""BV-CELLBATCH-001120"",""BV-WARRANTYCLAIM-000120""]"
CELLBATCH-001120,Firmware Installation Failed,2023-06-05T07:37:00Z,sat_diagnostic_result,sat_diagnostic_result:BV-CELLBATCH-001120:0003,USR-020,"[""BV-CELLBATCH-001120"",""BV-SECONDLIFESYSTEM-000120"",""BV-BATTERYPASSPORT-001120""]"
CELLBATCH-001120,Firmware Rolled Back,2023-06-05T08:14:00Z,sat_service_status,sat_service_status:BV-CELLBATCH-001120:0002,USR-021,"[""BV-CELLBATCH-001120"",""BV-RECYCLINGORDER-000120""]"
CELLBATCH-001120,Second-Life Assessment Failed,2023-06-05T08:51:00Z,sat_recall_status,sat_recall_status:BV-CELLBATCH-001120:0001,USR-037,"[""BV-CELLBATCH-001120"",""BV-SECONDLIFESYSTEM-000120""]"
CELLBATCH-001226,Battery Pack Failed Test,2023-06-05T12:15:00Z,sat_shipment_status,sat_shipment_status:BV-CELLBATCH-001226:0001,USR-023,"[""BV-CELLBATCH-001226"",""BV-WARRANTYCLAIM-000226"",""BV-CERTIFICATE-000226""]"
CELLBATCH-001228,Battery Pack Failed Test,2023-06-05T18:17:00Z,sat_shipment_status,sat_shipment_status:BV-CELLBATCH-001228:0001,USR-057,"[""BV-CELLBATCH-001228"",""BV-WARRANTYCLAIM-000228""]"
CELLBATCH-001185,Firmware Rolled Back,2023-06-05T21:49:00Z,sat_service_status,sat_service_status:BV-CELLBATCH-001185:0002,USR-110,"[""BV-CELLBATCH-001185"",""BV-RECYCLINGORDER-000185""]"
CELLBATCH-001125,Battery Pack Failed Test,2023-06-05T22:00:00Z,sat_shipment_status,sat_shipment_status:BV-CELLBATCH-001125:0001,USR-084,"[""BV-CELLBATCH-001125"",""BV-WARRANTYCLAIM-000125""]"
CELLBATCH-001125,Firmware Installation Failed,2023-06-05T22:37:00Z,sat_diagnostic_result,sat_diagnostic_result:BV-CELLBATCH-001125:0002,USR-105,"[""BV-CELLBATCH-001125"",""BV-SECONDLIFESYSTEM-000125"",""BV-BATTERYPASSPORT-001125""]"
CELLBATCH-001125,Firmware Rolled Back,2023-06-05T23:14:00Z,sat_service_status,sat_service_status:BV-CELLBATCH-001125:0002,USR-106,"[""BV-CELLBATCH-001125"",""BV-RECYCLINGORDER-000125""]"
CELLBATCH-001125,Second-Life Assessment Failed,2023-06-05T23:51:00Z,sat_recall_status,sat_recall_status:BV-CELLBATCH-001125:0002,USR-122,"[""BV-CELLBATCH-001125"",""BV-SECONDLIFESYSTEM-000125""]"
CELLBATCH-001230,Battery Pack Failed Test,2023-06-06T00:19:00Z,sat_shipment_status,sat_shipment_status:BV-CELLBATCH-001230:0001,USR-091,"[""BV-CELLBATCH-001230"",""BV-WARRANTYCLAIM-000230"",""BV-CERTIFICATE-000230""]"
CELLBATCH-001232,Battery Pack Failed Test,2023-06-06T06:21:00Z,sat_shipment_status,sat_shipment_status:BV-CELLBATCH-001232:0001,USR-125,"[""BV-CELLBATCH-001232"",""BV-WARRANTYCLAIM-000232""]"
CELLBATCH-001234,Battery Pack Failed Test,2023-06-06T12:23:00Z,sat_shipment_status,sat_shipment_status:BV-CELLBATCH-001234:0001,USR-032,"[""BV-CELLBATCH-001234"",""BV-WARRANTYCLAIM-000234""]"
CELLBATCH-001130,Battery Pack Failed Test,2023-06-06T13:00:00Z,sat_shipment_status,sat_shipment_status:BV-CELLBATCH-001130:0002,USR-042,"[""BV-CELLBATCH-001130"",""BV-WARRANTYCLAIM-000130""]"
CELLBATCH-001130,Firmware Installation Failed,2023-06-06T13:37:00Z,sat_diagnostic_result,sat_diagnostic_result:BV-CELLBATCH-001130:0002,USR-063,"[""BV-CELLBATCH-001130"",""BV-SECONDLIFESYSTEM-000130"",""BV-BATTERYPASSPORT-001130""]"
CELLBATCH-001130,Firmware Rolled Back,2023-06-06T14:14:00Z,sat_service_status,sat_service_status:BV-CELLBATCH-001130:0002,USR-064,"[""BV-CELLBATCH-001130"",""BV-RECYCLINGORDER-000130""]"
CELLBATCH-001130,Second-Life Assessment Failed,2023-06-06T14:51:00Z,sat_recall_status,sat_recall_status:BV-CELLBATCH-001130:0001,USR-080,"[""BV-CELLBATCH-001130"",""BV-SECONDLIFESYSTEM-000130""]"
CELLBATCH-001192,Firmware Rolled Back,2023-06-06T18:03:00Z,sat_service_status,sat_service_status:BV-CELLBATCH-001192:0002,USR-102,"[""BV-CELLBATCH-001192"",""BV-RECYCLINGORDER-000192""]"
CELLBATCH-001236,Battery Pack Failed Test,2023-06-06T18:25:00Z,sat_shipment_status,sat_shipment_status:BV-CELLBATCH-001236:0001,USR-066,"[""BV-CELLBATCH-001236"",""BV-WARRANTYCLAIM-000236""]"
CELLBATCH-001238,Battery Pack Failed Test,2023-06-07T00:27:00Z,sat_shipment_status,sat_shipment_status:BV-CELLBATCH-001238:0001,USR-100,"[""BV-CELLBATCH-001238"",""BV-WARRANTYCLAIM-000238"",""BV-CERTIFICATE-000238""]"
CELLBATCH-001135,Battery Pack Failed Test,2023-06-07T04:00:00Z,sat_shipment_status,sat_shipment_status:BV-CELLBATCH-001135:0002,USR-127,"[""BV-CELLBATCH-001135"",""BV-WARRANTYCLAIM-000135""]"
CELLBATCH-001135,Firmware Installation Failed,2023-06-07T04:37:00Z,sat_diagnostic_result,sat_diagnostic_result:BV-CELLBATCH-001135:0002,USR-021,"[""BV-CELLBATCH-001135"",""BV-SECONDLIFESYSTEM-000135"",""BV-BATTERYPASSPORT-001135""]"
CELLBATCH-001135,Firmware Rolled Back,2023-06-07T05:14:00Z,sat_service_status,sat_service_status:BV-CELLBATCH-001135:0002,USR-022,"[""BV-CELLBATCH-001135"",""BV-RECYCLINGORDER-000135""]"
CELLBATCH-001135,Second-Life Assessment Failed,2023-06-07T05:51:00Z,sat_recall_status,sat_recall_status:BV-CELLBATCH-001135:0003,USR-038,"[""BV-CELLBATCH-001135"",""BV-SECONDLIFESYSTEM-000135"",""BV-BATTERYPASSPORT-001135""]"
CELLBATCH-001240,Battery Pack Failed Test,2023-06-07T06:29:00Z,sat_shipment_status,sat_shipment_status:BV-CELLBATCH-001240:0001,USR-007,"[""BV-CELLBATCH-001240"",""BV-WARRANTYCLAIM-000240"",""BV-CERTIFICATE-000240""]"
CELLBATCH-001242,Battery Pack Failed Test,2023-06-07T12:31:00Z,sat_shipment_status,sat_shipment_status:BV-CELLBATCH-001242:0001,USR-041,"[""BV-CELLBATCH-001242"",""BV-WARRANTYCLAIM-000242""]"
CELLBATCH-001199,Firmware Rolled Back,2023-06-07T15:10:00Z,sat_service_status,sat_service_status:BV-CELLBATCH-001199:0002,USR-094,"[""BV-CELLBATCH-001199"",""BV-RECYCLINGORDER-000199""]"
CELLBATCH-001244,Battery Pack Failed Test,2023-06-07T18:33:00Z,sat_shipment_status,sat_shipment_status:BV-CELLBATCH-001244:0001,USR-075,"[""BV-CELLBATCH-001244"",""BV-WARRANTYCLAIM-000244""]"
CELLBATCH-001140,Battery Pack Failed Test,2023-06-07T19:00:00Z,sat_shipment_status,sat_shipment_status:BV-CELLBATCH-001140:0002,USR-085,"[""BV-CELLBATCH-001140"",""BV-WARRANTYCLAIM-000140"",""BV-CERTIFICATE-000140""]"
CELLBATCH-001140,Firmware Installation Failed,2023-06-07T19:37:00Z,sat_diagnostic_result,sat_diagnostic_result:BV-CELLBATCH-001140:0003,USR-106,"[""BV-CELLBATCH-001140"",""BV-SECONDLIFESYSTEM-000140""]"
CELLBATCH-001140,Firmware Rolled Back,2023-06-07T20:14:00Z,sat_service_status,sat_service_status:BV-CELLBATCH-001140:0002,USR-107,"[""BV-CELLBATCH-001140"",""BV-RECYCLINGORDER-000140"",""BV-VEHICLE-000140""]"
CELLBATCH-001140,Second-Life Assessment Failed,2023-06-07T20:51:00Z,sat_recall_status,sat_recall_status:BV-CELLBATCH-001140:0001,USR-123,"[""BV-CELLBATCH-001140"",""BV-SECONDLIFESYSTEM-000140""]"
CELLBATCH-001169,Second-Life Assessment Failed,2023-06-07T21:49:00Z,sat_recall_status,sat_recall_status:BV-CELLBATCH-001169:0003,USR-108,"[""BV-CELLBATCH-001169"",""BV-SECONDLIFESYSTEM-000169""]"
CELLBATCH-001246,Battery Pack Failed Test,2023-06-08T00:35:00Z,sat_shipment_status,sat_shipment_status:BV-CELLBATCH-001246:0001,USR-109,"[""BV-CELLBATCH-001246"",""BV-WARRANTYCLAIM-000246"",""BV-CERTIFICATE-000246""]"
CELLBATCH-001248,Battery Pack Failed Test,2023-06-08T06:37:00Z,sat_shipment_status,sat_shipment_status:BV-CELLBATCH-001248:0001,USR-016,"[""BV-CELLBATCH-001248"",""BV-WARRANTYCLAIM-000248""]"
CELLBATCH-001145,Battery Pack Failed Test,2023-06-08T10:00:00Z,sat_shipment_status,sat_shipment_status:BV-CELLBATCH-001145:0001,USR-043,"[""BV-CELLBATCH-001145"",""BV-WARRANTYCLAIM-000145"",""BV-CERTIFICATE-000145""]"
CELLBATCH-001145,Firmware Installation Failed,2023-06-08T10:37:00Z,sat_diagnostic_result,sat_diagnostic_result:BV-CELLBATCH-001145:0003,USR-064,"[""BV-CELLBATCH-001145"",""BV-SECONDLIFESYSTEM-000145""]"
CELLBATCH-001145,Firmware Rolled Back,2023-06-08T11:14:00Z,sat_service_status,sat_service_status:BV-CELLBATCH-001145:0002,USR-065,"[""BV-CELLBATCH-001145"",""BV-RECYCLINGORDER-000145""]"
CELLBATCH-001145,Second-Life Assessment Failed,2023-06-08T11:51:00Z,sat_recall_status,sat_recall_status:BV-CELLBATCH-001145:0002,USR-081,"[""BV-CELLBATCH-001145"",""BV-SECONDLIFESYSTEM-000145"",""BV-BATTERYPASSPORT-001145""]"
CELLBATCH-001206,Firmware Rolled Back,2023-06-08T12:17:00Z,sat_service_status,sat_service_status:BV-CELLBATCH-001206:0002,USR-086,"[""BV-CELLBATCH-001206"",""BV-RECYCLINGORDER-000206""]"
CELLBATCH-001250,Battery Pack Failed Test,2023-06-08T12:39:00Z,sat_shipment_status,sat_shipment_status:BV-CELLBATCH-001250:0001,USR-050,"[""BV-CELLBATCH-001250"",""BV-WARRANTYCLAIM-000250""]"
CELLBATCH-001252,Battery Pack Failed Test,2023-06-08T18:41:00Z,sat_shipment_status,sat_shipment_status:BV-CELLBATCH-001252:0001,USR-084,"[""BV-CELLBATCH-001252"",""BV-WARRANTYCLAIM-000252""]"
CELLBATCH-001254,Battery Pack Failed Test,2023-06-09T00:43:00Z,sat_shipment_status,sat_shipment_status:BV-CELLBATCH-001254:0001,USR-118,"[""BV-CELLBATCH-001254"",""BV-WARRANTYCLAIM-000254""]"
CELLBATCH-001150,Battery Pack Failed Test,2023-06-09T01:00:00Z,sat_shipment_status,sat_shipment_status:BV-CELLBATCH-001150:0002,USR-001,"[""BV-CELLBATCH-001150"",""BV-WARRANTYCLAIM-000150"",""BV-CERTIFICATE-000150""]"
CELLBATCH-001150,Firmware Installation Failed,2023-06-09T01:37:00Z,sat_diagnostic_result,sat_diagnostic_result:BV-CELLBATCH-001150:0002,USR-022,"[""BV-CELLBATCH-001150"",""BV-SECONDLIFESYSTEM-000150""]"
CELLBATCH-001150,Firmware Rolled Back,2023-06-09T02:14:00Z,sat_service_status,sat_service_status:BV-CELLBATCH-001150:0003,USR-023,"[""BV-CELLBATCH-001150"",""BV-RECYCLINGORDER-000150"",""BV-VEHICLE-000150""]"
CELLBATCH-001150,Second-Life Assessment Failed,2023-06-09T02:51:00Z,sat_recall_status,sat_recall_status:BV-CELLBATCH-001150:0001,USR-039,"[""BV-CELLBATCH-001150"",""BV-SECONDLIFESYSTEM-000150""]"
CELLBATCH-001214,Firmware Installation Failed,2023-06-09T06:24:00Z,sat_diagnostic_result,sat_diagnostic_result:BV-CELLBATCH-001214:0002,USR-094,"[""BV-CELLBATCH-001214"",""BV-SECONDLIFESYSTEM-000214""]"
CELLBATCH-001256,Battery Pack Failed Test,2023-06-09T06:45:00Z,sat_shipment_status,sat_shipment_status:BV-CELLBATCH-001256:0001,USR-025,"[""BV-CELLBATCH-001256"",""BV-WARRANTYCLAIM-000256""]"
CELLBATCH-001213,Firmware Rolled Back,2023-06-09T09:24:00Z,sat_service_status,sat_service_status:BV-CELLBATCH-001213:0002,USR-078,"[""BV-CELLBATCH-001213"",""BV-RECYCLINGORDER-000213""]"
CELLBATCH-001258,Battery Pack Failed Test,2023-06-09T12:47:00Z,sat_shipment_status,sat_shipment_status:BV-CELLBATCH-001258:0001,USR-059,"[""BV-CELLBATCH-001258"",""BV-WARRANTYCLAIM-000258""]"
CELLBATCH-001155,Battery Pack Failed Test,2023-06-09T16:00:00Z,sat_shipment_status,sat_shipment_status:BV-CELLBATCH-001155:0002,USR-086,"[""BV-CELLBATCH-001155"",""BV-WARRANTYCLAIM-000155""]"
CELLBATCH-001155,Firmware Installation Failed,2023-06-09T16:37:00Z,sat_diagnostic_result,sat_diagnostic_result:BV-CELLBATCH-001155:0002,USR-107,"[""BV-CELLBATCH-001155"",""BV-SECONDLIFESYSTEM-000155""]"
CELLBATCH-001155,Firmware Rolled Back,2023-06-09T17:14:00Z,sat_service_status,sat_service_status:BV-CELLBATCH-001155:0002,USR-108,"[""BV-CELLBATCH-001155"",""BV-RECYCLINGORDER-000155"",""BV-VEHICLE-000155""]"
CELLBATCH-001155,Second-Life Assessment Failed,2023-06-09T17:51:00Z,sat_recall_status,sat_recall_status:BV-CELLBATCH-001155:0002,USR-124,"[""BV-CELLBATCH-001155"",""BV-SECONDLIFESYSTEM-000155""]"
CELLBATCH-001260,Battery Pack Failed Test,2023-06-09T18:49:00Z,sat_shipment_status,sat_shipment_status:BV-CELLBATCH-001260:0001,USR-093,"[""BV-CELLBATCH-001260"",""BV-WARRANTYCLAIM-000260""]"
CELLBATCH-001262,Battery Pack Failed Test,2023-06-10T00:51:00Z,sat_shipment_status,sat_shipment_status:BV-CELLBATCH-001262:0001,USR-127,"[""BV-CELLBATCH-001262"",""BV-WARRANTYCLAIM-000262""]"
CELLBATCH-001264,Battery Pack Failed Test,2023-06-10T06:00:00Z,sat_shipment_status,sat_shipment_status:BV-CELLBATCH-001264:0001,USR-034,"[""BV-CELLBATCH-001264"",""BV-WARRANTYCLAIM-000264"",""BV-CERTIFICATE-000264""]"
CELLBATCH-001220,Firmware Rolled Back,2023-06-10T06:31:00Z,sat_service_status,sat_service_status:BV-CELLBATCH-001220:0002,USR-070,"[""BV-CELLBATCH-001220"",""BV-RECYCLINGORDER-000220"",""BV-VEHICLE-000220""]"
CELLBATCH-001160,Battery Pack Failed Test,2023-06-10T07:00:00Z,sat_shipment_status,sat_shipment_status:BV-CELLBATCH-001160:0002,USR-044,"[""BV-CELLBATCH-001160"",""BV-WARRANTYCLAIM-000160""]"
CELLBATCH-001160,Firmware Installation Failed,2023-06-10T07:37:00Z,sat_diagnostic_result,sat_diagnostic_result:BV-CELLBATCH-001160:0002,USR-065,"[""BV-CELLBATCH-001160"",""BV-SECONDLIFESYSTEM-000160"",""BV-BATTERYPASSPORT-001160""]"
CELLBATCH-001160,Firmware Rolled Back,2023-06-10T08:14:00Z,sat_service_status,sat_service_status:BV-CELLBATCH-001160:0002,USR-066,"[""BV-CELLBATCH-001160"",""BV-RECYCLINGORDER-000160""]"
CELLBATCH-001160,Second-Life Assessment Failed,2023-06-10T08:51:00Z,sat_recall_status,sat_recall_status:BV-CELLBATCH-001160:0001,USR-082,"[""BV-CELLBATCH-001160"",""BV-SECONDLIFESYSTEM-000160""]"
CELLBATCH-001266,Battery Pack Failed Test,2023-06-10T12:02:00Z,sat_shipment_status,sat_shipment_status:BV-CELLBATCH-001266:0001,USR-068,"[""BV-CELLBATCH-001266"",""BV-WARRANTYCLAIM-000266"",""BV-CERTIFICATE-000266""]"
CELLBATCH-001268,Battery Pack Failed Test,2023-06-10T18:04:00Z,sat_shipment_status,sat_shipment_status:BV-CELLBATCH-001268:0001,USR-102,"[""BV-CELLBATCH-001268"",""BV-WARRANTYCLAIM-000268""]"
CELLBATCH-001165,Battery Pack Failed Test,2023-06-10T22:00:00Z,sat_shipment_status,sat_shipment_status:BV-CELLBATCH-001165:0002,USR-002,"[""BV-CELLBATCH-001165"",""BV-WARRANTYCLAIM-000165"",""BV-CERTIFICATE-000165""]"
CELLBATCH-001165,Firmware Installation Failed,2023-06-10T22:37:00Z,sat_diagnostic_result,sat_diagnostic_result:BV-CELLBATCH-001165:0002,USR-023,"[""BV-CELLBATCH-001165"",""BV-SECONDLIFESYSTEM-000165""]"
CELLBATCH-001165,Firmware Rolled Back,2023-06-10T23:14:00Z,sat_service_status,sat_service_status:BV-CELLBATCH-001165:0002,USR-024,"[""BV-CELLBATCH-001165"",""BV-RECYCLINGORDER-000165"",""BV-VEHICLE-000165""]"
CELLBATCH-001165,Second-Life Assessment Failed,2023-06-10T23:51:00Z,sat_recall_status,sat_recall_status:BV-CELLBATCH-001165:0002,USR-040,"[""BV-CELLBATCH-001165"",""BV-SECONDLIFESYSTEM-000165""]"
CELLBATCH-001270,Battery Pack Failed Test,2023-06-11T00:06:00Z,sat_shipment_status,sat_shipment_status:BV-CELLBATCH-001270:0001,USR-009,"[""BV-CELLBATCH-001270"",""BV-WARRANTYCLAIM-000270""]"
CELLBATCH-001227,Firmware Rolled Back,2023-06-11T03:38:00Z,sat_service_status,sat_service_status:BV-CELLBATCH-001227:0002,USR-062,"[""BV-CELLBATCH-001227"",""BV-RECYCLINGORDER-000227""]"
CELLBATCH-001272,Battery Pack Failed Test,2023-06-11T06:08:00Z,sat_shipment_status,sat_shipment_status:BV-CELLBATCH-001272:0001,USR-043,"[""BV-CELLBATCH-001272"",""BV-WARRANTYCLAIM-000272""]"
CELLBATCH-001274,Battery Pack Failed Test,2023-06-11T12:10:00Z,sat_shipment_status,sat_shipment_status:BV-CELLBATCH-001274:0001,USR-077,"[""BV-CELLBATCH-001274"",""BV-WARRANTYCLAIM-000274"",""BV-CERTIFICATE-000274""]"
CELLBATCH-001170,Battery Pack Failed Test,2023-06-11T13:00:00Z,sat_shipment_status,sat_shipment_status:BV-CELLBATCH-001170:0002,USR-087,"[""BV-CELLBATCH-001170"",""BV-WARRANTYCLAIM-000170""]"
CELLBATCH-001170,Firmware Installation Failed,2023-06-11T13:37:00Z,sat_diagnostic_result,sat_diagnostic_result:BV-CELLBATCH-001170:0002,USR-108,"[""BV-CELLBATCH-001170"",""BV-SECONDLIFESYSTEM-000170"",""BV-BATTERYPASSPORT-001170""]"
CELLBATCH-001170,Firmware Rolled Back,2023-06-11T14:14:00Z,sat_service_status,sat_service_status:BV-CELLBATCH-001170:0003,USR-109,"[""BV-CELLBATCH-001170"",""BV-RECYCLINGORDER-000170""]"
CELLBATCH-001170,Second-Life Assessment Failed,2023-06-11T14:51:00Z,sat_recall_status,sat_recall_status:BV-CELLBATCH-001170:0002,USR-125,"[""BV-CELLBATCH-001170"",""BV-SECONDLIFESYSTEM-000170"",""BV-BATTERYPASSPORT-001170""]"
CELLBATCH-001276,Battery Pack Failed Test,2023-06-11T18:12:00Z,sat_shipment_status,sat_shipment_status:BV-CELLBATCH-001276:0001,USR-111,"[""BV-CELLBATCH-001276"",""BV-WARRANTYCLAIM-000276"",""BV-CERTIFICATE-000276""]"
CELLBATCH-001200,Second-Life Assessment Failed,2023-06-11T18:27:00Z,sat_recall_status,sat_recall_status:BV-CELLBATCH-001200:0001,USR-127,"[""BV-CELLBATCH-001200"",""BV-SECONDLIFESYSTEM-000200"",""BV-BATTERYPASSPORT-001200""]"
CELLBATCH-001278,Battery Pack Failed Test,2023-06-12T00:14:00Z,sat_shipment_status,sat_shipment_status:BV-CELLBATCH-001278:0001,USR-018,"[""BV-CELLBATCH-001278"",""BV-WARRANTYCLAIM-000278""]"
CELLBATCH-001234,Firmware Rolled Back,2023-06-12T00:45:00Z,sat_service_status,sat_service_status:BV-CELLBATCH-001234:0002,USR-054,"[""BV-CELLBATCH-001234"",""BV-RECYCLINGORDER-000234"",""BV-VEHICLE-000234""]"
CELLBATCH-001175,Battery Pack Failed Test,2023-06-12T04:00:00Z,sat_shipment_status,sat_shipment_status:BV-CELLBATCH-001175:0001,USR-045,"[""BV-CELLBATCH-001175"",""BV-WARRANTYCLAIM-000175"",""BV-CERTIFICATE-000175""]"
CELLBATCH-001175,Firmware Installation Failed,2023-06-12T04:37:00Z,sat_diagnostic_result,sat_diagnostic_result:BV-CELLBATCH-001175:0002,USR-066,"[""BV-CELLBATCH-001175"",""BV-SECONDLIFESYSTEM-000175""]"
CELLBATCH-001175,Firmware Rolled Back,2023-06-12T05:14:00Z,sat_service_status,sat_service_status:BV-CELLBATCH-001175:0002,USR-067,"[""BV-CELLBATCH-001175"",""BV-RECYCLINGORDER-000175""]"
CELLBATCH-001175,Second-Life Assessment Failed,2023-06-12T05:51:00Z,sat_recall_status,sat_recall_status:BV-CELLBATCH-001175:0002,USR-083,"[""BV-CELLBATCH-001175"",""BV-SECONDLIFESYSTEM-000175"",""BV-BATTERYPASSPORT-001175""]"
CELLBATCH-001280,Battery Pack Failed Test,2023-06-12T06:16:00Z,sat_shipment_status,sat_shipment_status:BV-CELLBATCH-001280:0001,USR-052,"[""BV-CELLBATCH-001280"",""BV-WARRANTYCLAIM-000280""]"
CELLBATCH-001282,Battery Pack Failed Test,2023-06-12T12:18:00Z,sat_shipment_status,sat_shipment_status:BV-CELLBATCH-001282:0001,USR-086,"[""BV-CELLBATCH-001282"",""BV-WARRANTYCLAIM-000282"",""BV-CERTIFICATE-000282""]"
CELLBATCH-001284,Battery Pack Failed Test,2023-06-12T18:20:00Z,sat_shipment_status,sat_shipment_status:BV-CELLBATCH-001284:0001,USR-120,"[""BV-CELLBATCH-001284"",""BV-WARRANTYCLAIM-000284""]"
CELLBATCH-001180,Battery Pack Failed Test,2023-06-12T19:00:00Z,sat_shipment_status,sat_shipment_status:BV-CELLBATCH-001180:0002,USR-003,"[""BV-CELLBATCH-001180"",""BV-WARRANTYCLAIM-000180""]"
CELLBATCH-001180,Firmware Installation Failed,2023-06-12T19:37:00Z,sat_diagnostic_result,sat_diagnostic_result:BV-CELLBATCH-001180:0002,USR-024,"[""BV-CELLBATCH-001180"",""BV-SECONDLIFESYSTEM-000180"",""BV-BATTERYPASSPORT-001180""]"
CELLBATCH-001180,Firmware Rolled Back,2023-06-12T20:14:00Z,sat_service_status,sat_service_status:BV-CELLBATCH-001180:0002,USR-025,"[""BV-CELLBATCH-001180"",""BV-RECYCLINGORDER-000180""]"
CELLBATCH-001180,Second-Life Assessment Failed,2023-06-12T20:51:00Z,sat_recall_status,sat_recall_status:BV-CELLBATCH-001180:0001,USR-041,"[""BV-CELLBATCH-001180"",""BV-SECONDLIFESYSTEM-000180""]"
CELLBATCH-001241,Firmware Rolled Back,2023-06-12T21:52:00Z,sat_service_status,sat_service_status:BV-CELLBATCH-001241:0002,USR-046,"[""BV-CELLBATCH-001241"",""BV-RECYCLINGORDER-000241"",""BV-VEHICLE-000241""]"
CELLBATCH-001286,Battery Pack Failed Test,2023-06-13T00:22:00Z,sat_shipment_status,sat_shipment_status:BV-CELLBATCH-001286:0001,USR-027,"[""BV-CELLBATCH-001286"",""BV-WARRANTYCLAIM-000286""]"
CELLBATCH-001288,Battery Pack Failed Test,2023-06-13T06:24:00Z,sat_shipment_status,sat_shipment_status:BV-CELLBATCH-001288:0001,USR-061,"[""BV-CELLBATCH-001288"",""BV-WARRANTYCLAIM-000288""]"
CELLBATCH-001185,Battery Pack Failed Test,2023-06-13T10:00:00Z,sat_shipment_status,sat_shipment_status:BV-CELLBATCH-001185:0001,USR-088,"[""BV-CELLBATCH-001185"",""BV-WARRANTYCLAIM-000185""]"
CELLBATCH-001185,Firmware Installation Failed,2023-06-13T10:37:00Z,sat_diagnostic_result,sat_diagnostic_result:BV-CELLBATCH-001185:0002,USR-109,"[""BV-CELLBATCH-001185"",""BV-SECONDLIFESYSTEM-000185"",""BV-BATTERYPASSPORT-001185""]"
CELLBATCH-001185,Firmware Rolled Back,2023-06-13T11:14:00Z,sat_service_status,sat_service_status:BV-CELLBATCH-001185:0003,USR-110,"[""BV-CELLBATCH-001185"",""BV-RECYCLINGORDER-000185""]"
CELLBATCH-001185,Second-Life Assessment Failed,2023-06-13T11:51:00Z,sat_recall_status,sat_recall_status:BV-CELLBATCH-001185:0002,USR-126,"[""BV-CELLBATCH-001185"",""BV-SECONDLIFESYSTEM-000185"",""BV-BATTERYPASSPORT-001185""]"
CELLBATCH-001290,Battery Pack Failed Test,2023-06-13T12:26:00Z,sat_shipment_status,sat_shipment_status:BV-CELLBATCH-001290:0001,USR-095,"[""BV-CELLBATCH-001290"",""BV-WARRANTYCLAIM-000290""]"
CELLBATCH-001248,Firmware Rolled Back,2023-06-13T18:06:00Z,sat_service_status,sat_service_status:BV-CELLBATCH-001248:0002,USR-038,"[""BV-CELLBATCH-001248"",""BV-RECYCLINGORDER-000248"",""BV-VEHICLE-000248""]"
CELLBATCH-001292,Battery Pack Failed Test,2023-06-13T18:28:00Z,sat_shipment_status,sat_shipment_status:BV-CELLBATCH-001292:0001,USR-002,"[""BV-CELLBATCH-001292"",""BV-WARRANTYCLAIM-000292""]"
CELLBATCH-001251,Firmware Installation Failed,2023-06-13T21:08:00Z,sat_diagnostic_result,sat_diagnostic_result:BV-CELLBATCH-001251:0002,USR-088,"[""BV-CELLBATCH-001251"",""BV-SECONDLIFESYSTEM-000251""]"
CELLBATCH-001294,Battery Pack Failed Test,2023-06-14T00:30:00Z,sat_shipment_status,sat_shipment_status:BV-CELLBATCH-001294:0001,USR-036,"[""BV-CELLBATCH-001294"",""BV-WARRANTYCLAIM-000294""]"
CELLBATCH-001190,Battery Pack Failed Test,2023-06-14T01:00:00Z,sat_shipment_status,sat_shipment_status:BV-CELLBATCH-001190:0003,USR-046,"[""BV-CELLBATCH-001190"",""BV-WARRANTYCLAIM-000190""]"
CELLBATCH-001190,Firmware Installation Failed,2023-06-14T01:37:00Z,sat_diagnostic_result,sat_diagnostic_result:BV-CELLBATCH-001190:0002,USR-067,"[""BV-CELLBATCH-001190"",""BV-SECONDLIFESYSTEM-000190""]"
CELLBATCH-001190,Firmware Rolled Back,2023-06-14T02:14:00Z,sat_service_status,sat_service_status:BV-CELLBATCH-001190:0002,USR-068,"[""BV-CELLBATCH-001190"",""BV-RECYCLINGORDER-000190"",""BV-VEHICLE-000190""]"
CELLBATCH-001190,Second-Life Assessment Failed,2023-06-14T02:51:00Z,sat_recall_status,sat_recall_status:BV-CELLBATCH-001190:0001,USR-084,"[""BV-CELLBATCH-001190"",""BV-SECONDLIFESYSTEM-000190""]"
CELLBATCH-001296,Battery Pack Failed Test,2023-06-14T06:32:00Z,sat_shipment_status,sat_shipment_status:BV-CELLBATCH-001296:0001,USR-070,"[""BV-CELLBATCH-001296"",""BV-WARRANTYCLAIM-000296""]"
CELLBATCH-001298,Battery Pack Failed Test,2023-06-14T12:34:00Z,sat_shipment_status,sat_shipment_status:BV-CELLBATCH-001298:0001,USR-104,"[""BV-CELLBATCH-001298"",""BV-WARRANTYCLAIM-000298""]"
CELLBATCH-001255,Firmware Rolled Back,2023-06-14T15:13:00Z,sat_service_status,sat_service_status:BV-CELLBATCH-001255:0002,USR-030,"[""BV-CELLBATCH-001255"",""BV-RECYCLINGORDER-000255"",""BV-VEHICLE-000255""]"
CELLBATCH-001195,Battery Pack Failed Test,2023-06-14T16:00:00Z,sat_shipment_status,sat_shipment_status:BV-CELLBATCH-001195:0001,USR-004,"[""BV-CELLBATCH-001195"",""BV-WARRANTYCLAIM-000195"",""BV-CERTIFICATE-000195""]"
CELLBATCH-001195,Firmware Installation Failed,2023-06-14T16:37:00Z,sat_diagnostic_result,sat_diagnostic_result:BV-CELLBATCH-001195:0002,USR-025,"[""BV-CELLBATCH-001195"",""BV-SECONDLIFESYSTEM-000195""]"
CELLBATCH-001195,Firmware Rolled Back,2023-06-14T17:14:00Z,sat_service_status,sat_service_status:BV-CELLBATCH-001195:0002,USR-026,"[""BV-CELLBATCH-001195"",""BV-RECYCLINGORDER-000195"",""BV-VEHICLE-000195""]"
CELLBATCH-001195,Second-Life Assessment Failed,2023-06-14T17:51:00Z,sat_recall_status,sat_recall_status:BV-CELLBATCH-001195:0002,USR-042,"[""BV-CELLBATCH-001195"",""BV-SECONDLIFESYSTEM-000195""]"
CELLBATCH-001300,Battery Pack Failed Test,2023-06-14T18:36:00Z,sat_shipment_status,sat_shipment_status:BV-CELLBATCH-001300:0001,USR-011,"[""BV-CELLBATCH-001300"",""BV-WARRANTYCLAIM-000300"",""BV-CERTIFICATE-000300""]"
CELLBATCH-001302,Battery Pack Failed Test,2023-06-15T00:38:00Z,sat_shipment_status,sat_shipment_status:BV-CELLBATCH-001302:0001,USR-045,"[""BV-CELLBATCH-001302"",""BV-WARRANTYCLAIM-000302"",""BV-CERTIFICATE-000302""]"
CELLBATCH-001304,Battery Pack Failed Test,2023-06-15T06:40:00Z,sat_shipment_status,sat_shipment_status:BV-CELLBATCH-001304:0001,USR-079,"[""BV-CELLBATCH-001304"",""BV-WARRANTYCLAIM-000304""]"
CELLBATCH-001200,Battery Pack Failed Test,2023-06-15T07:00:00Z,sat_shipment_status,sat_shipment_status:BV-CELLBATCH-001200:0002,USR-089,"[""BV-CELLBATCH-001200"",""BV-WARRANTYCLAIM-000200""]"
CELLBATCH-001200,Firmware Installation Failed,2023-06-15T07:37:00Z,sat_diagnostic_result,sat_diagnostic_result:BV-CELLBATCH-001200:0002,USR-110,"[""BV-CELLBATCH-001200"",""BV-SECONDLIFESYSTEM-000200"",""BV-BATTERYPASSPORT-001200""]"
CELLBATCH-001200,Firmware Rolled Back,2023-06-15T08:14:00Z,sat_service_status,sat_service_status:BV-CELLBATCH-001200:0002,USR-111,"[""BV-CELLBATCH-001200"",""BV-RECYCLINGORDER-000200""]"
CELLBATCH-001200,Second-Life Assessment Failed,2023-06-15T08:51:00Z,sat_recall_status,sat_recall_status:BV-CELLBATCH-001200:0002,USR-127,"[""BV-CELLBATCH-001200"",""BV-SECONDLIFESYSTEM-000200"",""BV-BATTERYPASSPORT-001200""]"
CELLBATCH-001262,Firmware Rolled Back,2023-06-15T12:20:00Z,sat_service_status,sat_service_status:BV-CELLBATCH-001262:0002,USR-022,"[""BV-CELLBATCH-001262"",""BV-RECYCLINGORDER-000262""]"
CELLBATCH-001306,Battery Pack Failed Test,2023-06-15T12:42:00Z,sat_shipment_status,sat_shipment_status:BV-CELLBATCH-001306:0001,USR-113,"[""BV-CELLBATCH-001306"",""BV-WARRANTYCLAIM-000306""]"
CELLBATCH-001231,Second-Life Assessment Failed,2023-06-15T15:05:00Z,sat_recall_status,sat_recall_status:BV-CELLBATCH-001231:0002,USR-019,"[""BV-CELLBATCH-001231"",""BV-SECONDLIFESYSTEM-000231"",""BV-BATTERYPASSPORT-001231""]"
CELLBATCH-001308,Battery Pack Failed Test,2023-06-15T18:44:00Z,sat_shipment_status,sat_shipment_status:BV-CELLBATCH-001308:0001,USR-020,"[""BV-CELLBATCH-001308"",""BV-WARRANTYCLAIM-000308"",""BV-CERTIFICATE-000308""]"
CELLBATCH-001205,Battery Pack Failed Test,2023-06-15T22:00:00Z,sat_shipment_status,sat_shipment_status:BV-CELLBATCH-001205:0001,USR-047,"[""BV-CELLBATCH-001205"",""BV-WARRANTYCLAIM-000205""]"
CELLBATCH-001205,Firmware Installation Failed,2023-06-15T22:37:00Z,sat_diagnostic_result,sat_diagnostic_result:BV-CELLBATCH-001205:0003,USR-068,"[""BV-CELLBATCH-001205"",""BV-SECONDLIFESYSTEM-000205"",""BV-BATTERYPASSPORT-001205""]"
CELLBATCH-001205,Firmware Rolled Back,2023-06-15T23:14:00Z,sat_service_status,sat_service_status:BV-CELLBATCH-001205:0003,USR-069,"[""BV-CELLBATCH-001205"",""BV-RECYCLINGORDER-000205""]"
CELLBATCH-001205,Second-Life Assessment Failed,2023-06-15T23:51:00Z,sat_recall_status,sat_recall_status:BV-CELLBATCH-001205:0002,USR-085,"[""BV-CELLBATCH-001205"",""BV-SECONDLIFESYSTEM-000205""]"
CELLBATCH-001310,Battery Pack Failed Test,2023-06-16T00:46:00Z,sat_shipment_status,sat_shipment_status:BV-CELLBATCH-001310:0001,USR-054,"[""BV-CELLBATCH-001310"",""BV-WARRANTYCLAIM-000310""]"
CELLBATCH-001312,Battery Pack Failed Test,2023-06-16T06:48:00Z,sat_shipment_status,sat_shipment_status:BV-CELLBATCH-001312:0001,USR-088,"[""BV-CELLBATCH-001312"",""BV-WARRANTYCLAIM-000312"",""BV-CERTIFICATE-000312""]"
CELLBATCH-001269,Firmware Rolled Back,2023-06-16T09:27:00Z,sat_service_status,sat_service_status:BV-CELLBATCH-001269:0002,USR-014,"[""BV-CELLBATCH-001269"",""BV-RECYCLINGORDER-000269"",""BV-VEHICLE-000269""]"
CELLBATCH-001314,Battery Pack Failed Test,2023-06-16T12:50:00Z,sat_shipment_status,sat_shipment_status:BV-CELLBATCH-001314:0001,USR-122,"[""BV-CELLBATCH-001314"",""BV-WARRANTYCLAIM-000314""]"
CELLBATCH-001210,Battery Pack Failed Test,2023-06-16T13:00:00Z,sat_shipment_status,sat_shipment_status:BV-CELLBATCH-001210:0002,USR-005,"[""BV-CELLBATCH-001210"",""BV-WARRANTYCLAIM-000210"",""BV-CERTIFICATE-000210""]"
CELLBATCH-001210,Firmware Installation Failed,2023-06-16T13:37:00Z,sat_diagnostic_result,sat_diagnostic_result:BV-CELLBATCH-001210:0002,USR-026,"[""BV-CELLBATCH-001210"",""BV-SECONDLIFESYSTEM-000210""]"
CELLBATCH-001210,Firmware Rolled Back,2023-06-16T14:14:00Z,sat_service_status,sat_service_status:BV-CELLBATCH-001210:0002,USR-027,"[""BV-CELLBATCH-001210"",""BV-RECYCLINGORDER-000210""]"
CELLBATCH-001210,Second-Life Assessment Failed,2023-06-16T14:51:00Z,sat_recall_status,sat_recall_status:BV-CELLBATCH-001210:0001,USR-043,"[""BV-CELLBATCH-001210"",""BV-SECONDLIFESYSTEM-000210"",""BV-BATTERYPASSPORT-001210""]"
CELLBATCH-001316,Battery Pack Failed Test,2023-06-16T18:52:00Z,sat_shipment_status,sat_shipment_status:BV-CELLBATCH-001316:0001,USR-029,"[""BV-CELLBATCH-001316"",""BV-WARRANTYCLAIM-000316"",""BV-CERTIFICATE-000316""]"
CELLBATCH-001318,Battery Pack Failed Test,2023-06-17T00:01:00Z,sat_shipment_status,sat_shipment_status:BV-CELLBATCH-001318:0001,USR-063,"[""BV-CELLBATCH-001318"",""BV-WARRANTYCLAIM-000318""]"
CELLBATCH-001215,Battery Pack Failed Test,2023-06-17T04:00:00Z,sat_shipment_status,sat_shipment_status:BV-CELLBATCH-001215:0001,USR-090,"[""BV-CELLBATCH-001215"",""BV-WARRANTYCLAIM-000215""]"
CELLBATCH-001215,Firmware Installation Failed,2023-06-17T04:37:00Z,sat_diagnostic_result,sat_diagnostic_result:BV-CELLBATCH-001215:0002,USR-111,"[""BV-CELLBATCH-001215"",""BV-SECONDLIFESYSTEM-000215"",""BV-BATTERYPASSPORT-001215""]"
CELLBATCH-001215,Firmware Rolled Back,2023-06-17T05:14:00Z,sat_service_status,sat_service_status:BV-CELLBATCH-001215:0002,USR-112,"[""BV-CELLBATCH-001215"",""BV-RECYCLINGORDER-000215""]"
CELLBATCH-001215,Second-Life Assessment Failed,2023-06-17T05:51:00Z,sat_recall_status,sat_recall_status:BV-CELLBATCH-001215:0002,USR-001,"[""BV-CELLBATCH-001215"",""BV-SECONDLIFESYSTEM-000215""]"
CELLBATCH-001320,Battery Pack Failed Test,2023-06-17T06:03:00Z,sat_shipment_status,sat_shipment_status:BV-CELLBATCH-001320:0001,USR-097,"[""BV-CELLBATCH-001320"",""BV-WARRANTYCLAIM-000320""]"
CELLBATCH-001276,Firmware Rolled Back,2023-06-17T06:34:00Z,sat_service_status,sat_service_status:BV-CELLBATCH-001276:0002,USR-006,"[""BV-CELLBATCH-001276"",""BV-RECYCLINGORDER-000276"",""BV-VEHICLE-000276""]"
CELLBATCH-001322,Battery Pack Failed Test,2023-06-17T12:05:00Z,sat_shipment_status,sat_shipment_status:BV-CELLBATCH-001322:0001,USR-004,"[""BV-CELLBATCH-001322"",""BV-WARRANTYCLAIM-000322"",""BV-CERTIFICATE-000322""]"
CELLBATCH-001324,Battery Pack Failed Test,2023-06-17T18:07:00Z,sat_shipment_status,sat_shipment_status:BV-CELLBATCH-001324:0001,USR-038,"[""BV-CELLBATCH-001324"",""BV-WARRANTYCLAIM-000324""]"
CELLBATCH-001220,Battery Pack Failed Test,2023-06-17T19:00:00Z,sat_shipment_status,sat_shipment_status:BV-CELLBATCH-001220:0002,USR-048,"[""BV-CELLBATCH-001220"",""BV-WARRANTYCLAIM-000220""]"
CELLBATCH-001220,Firmware Installation Failed,2023-06-17T19:37:00Z,sat_diagnostic_result,sat_diagnostic_result:BV-CELLBATCH-001220:0002,USR-069,"[""BV-CELLBATCH-001220"",""BV-SECONDLIFESYSTEM-000220""]"
CELLBATCH-001220,Firmware Rolled Back,2023-06-17T20:14:00Z,sat_service_status,sat_service_status:BV-CELLBATCH-001220:0003,USR-070,"[""BV-CELLBATCH-001220"",""BV-RECYCLINGORDER-000220"",""BV-VEHICLE-000220""]"
CELLBATCH-001220,Second-Life Assessment Failed,2023-06-17T20:51:00Z,sat_recall_status,sat_recall_status:BV-CELLBATCH-001220:0003,USR-086,"[""BV-CELLBATCH-001220"",""BV-SECONDLIFESYSTEM-000220""]"
CELLBATCH-001326,Battery Pack Failed Test,2023-06-18T00:09:00Z,sat_shipment_status,sat_shipment_status:BV-CELLBATCH-001326:0001,USR-072,"[""BV-CELLBATCH-001326"",""BV-WARRANTYCLAIM-000326""]"
CELLBATCH-001283,Firmware Rolled Back,2023-06-18T03:41:00Z,sat_service_status,sat_service_status:BV-CELLBATCH-001283:0002,USR-125,"[""BV-CELLBATCH-001283"",""BV-RECYCLINGORDER-000283"",""BV-VEHICLE-000283""]"
CELLBATCH-001328,Battery Pack Failed Test,2023-06-18T06:11:00Z,sat_shipment_status,sat_shipment_status:BV-CELLBATCH-001328:0001,USR-106,"[""BV-CELLBATCH-001328"",""BV-WARRANTYCLAIM-000328""]"
CELLBATCH-001225,Battery Pack Failed Test,2023-06-18T10:00:00Z,sat_shipment_status,sat_shipment_status:BV-CELLBATCH-001225:0002,USR-006,"[""BV-CELLBATCH-001225"",""BV-WARRANTYCLAIM-000225"",""BV-CERTIFICATE-000225""]"
CELLBATCH-001225,Firmware Installation Failed,2023-06-18T10:37:00Z,sat_diagnostic_result,sat_diagnostic_result:BV-CELLBATCH-001225:0002,USR-027,"[""BV-CELLBATCH-001225"",""BV-SECONDLIFESYSTEM-000225""]"
CELLBATCH-001225,Firmware Rolled Back,2023-06-18T11:14:00Z,sat_service_status,sat_service_status:BV-CELLBATCH-001225:0002,USR-028,"[""BV-CELLBATCH-001225"",""BV-RECYCLINGORDER-000225""]"
CELLBATCH-001225,Second-Life Assessment Failed,2023-06-18T11:51:00Z,sat_recall_status,sat_recall_status:BV-CELLBATCH-001225:0002,USR-044,"[""BV-CELLBATCH-001225"",""BV-SECONDLIFESYSTEM-000225"",""BV-BATTERYPASSPORT-001225""]"
CELLBATCH-001330,Battery Pack Failed Test,2023-06-18T12:13:00Z,sat_shipment_status,sat_shipment_status:BV-CELLBATCH-001330:0001,USR-013,"[""BV-CELLBATCH-001330"",""BV-WARRANTYCLAIM-000330""]"
CELLBATCH-001288,Firmware Installation Failed,2023-06-18T12:45:00Z,sat_diagnostic_result,sat_diagnostic_result:BV-CELLBATCH-001288:0002,USR-082,"[""BV-CELLBATCH-001288"",""BV-SECONDLIFESYSTEM-000288""]"
CELLBATCH-001332,Battery Pack Failed Test,2023-06-18T18:15:00Z,sat_shipment_status,sat_shipment_status:BV-CELLBATCH-001332:0001,USR-047,"[""BV-CELLBATCH-001332"",""BV-WARRANTYCLAIM-000332""]"
CELLBATCH-001334,Battery Pack Failed Test,2023-06-19T00:17:00Z,sat_shipment_status,sat_shipment_status:BV-CELLBATCH-001334:0001,USR-081,"[""BV-CELLBATCH-001334"",""BV-WARRANTYCLAIM-000334""]"
CELLBATCH-001290,Firmware Rolled Back,2023-06-19T00:48:00Z,sat_service_status,sat_service_status:BV-CELLBATCH-001290:0002,USR-117,"[""BV-CELLBATCH-001290"",""BV-RECYCLINGORDER-000290""]"
CELLBATCH-001230,Battery Pack Failed Test,2023-06-19T01:00:00Z,sat_shipment_status,sat_shipment_status:BV-CELLBATCH-001230:0003,USR-091,"[""BV-CELLBATCH-001230"",""BV-WARRANTYCLAIM-000230"",""BV-CERTIFICATE-000230""]"
CELLBATCH-001230,Firmware Installation Failed,2023-06-19T01:37:00Z,sat_diagnostic_result,sat_diagnostic_result:BV-CELLBATCH-001230:0002,USR-112,"[""BV-CELLBATCH-001230"",""BV-SECONDLIFESYSTEM-000230""]"
CELLBATCH-001230,Firmware Rolled Back,2023-06-19T02:14:00Z,sat_service_status,sat_service_status:BV-CELLBATCH-001230:0002,USR-113,"[""BV-CELLBATCH-001230"",""BV-RECYCLINGORDER-000230""]"
CELLBATCH-001230,Second-Life Assessment Failed,2023-06-19T02:51:00Z,sat_recall_status,sat_recall_status:BV-CELLBATCH-001230:0001,USR-002,"[""BV-CELLBATCH-001230"",""BV-SECONDLIFESYSTEM-000230"",""BV-BATTERYPASSPORT-001230""]"
CELLBATCH-001336,Battery Pack Failed Test,2023-06-19T06:19:00Z,sat_shipment_status,sat_shipment_status:BV-CELLBATCH-001336:0001,USR-115,"[""BV-CELLBATCH-001336"",""BV-WARRANTYCLAIM-000336""]"
CELLBATCH-001338,Battery Pack Failed Test,2023-06-19T12:21:00Z,sat_shipment_status,sat_shipment_status:BV-CELLBATCH-001338:0001,USR-022,"[""BV-CELLBATCH-001338"",""BV-WARRANTYCLAIM-000338"",""BV-CERTIFICATE-000338""]"
CELLBATCH-001262,Second-Life Assessment Failed,2023-06-19T12:36:00Z,sat_recall_status,sat_recall_status:BV-CELLBATCH-001262:0001,USR-038,"[""BV-CELLBATCH-001262"",""BV-SECONDLIFESYSTEM-000262"",""BV-BATTERYPASSPORT-001262""]"
CELLBATCH-001235,Battery Pack Failed Test,2023-06-19T16:00:00Z,sat_shipment_status,sat_shipment_status:BV-CELLBATCH-001235:0001,USR-049,"[""BV-CELLBATCH-001235"",""BV-WARRANTYCLAIM-000235"",""BV-CERTIFICATE-000235""]"
CELLBATCH-001235,Firmware Installation Failed,2023-06-19T16:37:00Z,sat_diagnostic_result,sat_diagnostic_result:BV-CELLBATCH-001235:0002,USR-070,"[""BV-CELLBATCH-001235"",""BV-SECONDLIFESYSTEM-000235""]"
CELLBATCH-001235,Firmware Rolled Back,2023-06-19T17:14:00Z,sat_service_status,sat_service_status:BV-CELLBATCH-001235:0002,USR-071,"[""BV-CELLBATCH-001235"",""BV-RECYCLINGORDER-000235"",""BV-VEHICLE-000235""]"
CELLBATCH-001235,Second-Life Assessment Failed,2023-06-19T17:51:00Z,sat_recall_status,sat_recall_status:BV-CELLBATCH-001235:0003,USR-087,"[""BV-CELLBATCH-001235"",""BV-SECONDLIFESYSTEM-000235""]"
CELLBATCH-001340,Battery Pack Failed Test,2023-06-19T18:23:00Z,sat_shipment_status,sat_shipment_status:BV-CELLBATCH-001340:0001,USR-056,"[""BV-CELLBATCH-001340"",""BV-WARRANTYCLAIM-000340"",""BV-CERTIFICATE-000340""]"
CELLBATCH-001297,Firmware Rolled Back,2023-06-19T21:02:00Z,sat_service_status,sat_service_status:BV-CELLBATCH-001297:0003,USR-109,"[""BV-CELLBATCH-001297"",""BV-RECYCLINGORDER-000297""]"
CELLBATCH-001342,Battery Pack Failed Test,2023-06-20T00:25:00Z,sat_shipment_status,sat_shipment_status:BV-CELLBATCH-001342:0001,USR-090,"[""BV-CELLBATCH-001342"",""BV-WARRANTYCLAIM-000342""]"
CELLBATCH-001344,Battery Pack Failed Test,2023-06-20T06:27:00Z,sat_shipment_status,sat_shipment_status:BV-CELLBATCH-001344:0001,USR-124,"[""BV-CELLBATCH-001344"",""BV-WARRANTYCLAIM-000344""]"
CELLBATCH-001240,Battery Pack Failed Test,2023-06-20T07:00:00Z,sat_shipment_status,sat_shipment_status:BV-CELLBATCH-001240:0002,USR-007,"[""BV-CELLBATCH-001240"",""BV-WARRANTYCLAIM-000240""]"
CELLBATCH-001240,Firmware Installation Failed,2023-06-20T07:37:00Z,sat_diagnostic_result,sat_diagnostic_result:BV-CELLBATCH-001240:0002,USR-028,"[""BV-CELLBATCH-001240"",""BV-SECONDLIFESYSTEM-000240"",""BV-BATTERYPASSPORT-001240""]"
CELLBATCH-001240,Firmware Rolled Back,2023-06-20T08:14:00Z,sat_service_status,sat_service_status:BV-CELLBATCH-001240:0002,USR-029,"[""BV-CELLBATCH-001240"",""BV-RECYCLINGORDER-000240""]"
CELLBATCH-001240,Second-Life Assessment Failed,2023-06-20T08:51:00Z,sat_recall_status,sat_recall_status:BV-CELLBATCH-001240:0001,USR-045,"[""BV-CELLBATCH-001240"",""BV-SECONDLIFESYSTEM-000240"",""BV-BATTERYPASSPORT-001240""]"
CELLBATCH-001346,Battery Pack Failed Test,2023-06-20T12:29:00Z,sat_shipment_status,sat_shipment_status:BV-CELLBATCH-001346:0001,USR-031,"[""BV-CELLBATCH-001346"",""BV-WARRANTYCLAIM-000346""]"
CELLBATCH-001304,Firmware Rolled Back,2023-06-20T18:09:00Z,sat_service_status,sat_service_status:BV-CELLBATCH-001304:0002,USR-101,"[""BV-CELLBATCH-001304"",""BV-RECYCLINGORDER-000304"",""BV-VEHICLE-000304""]"
CELLBATCH-001348,Battery Pack Failed Test,2023-06-20T18:31:00Z,sat_shipment_status,sat_shipment_status:BV-CELLBATCH-001348:0001,USR-065,"[""BV-CELLBATCH-001348"",""BV-WARRANTYCLAIM-000348"",""BV-CERTIFICATE-000348""]"
CELLBATCH-001245,Battery Pack Failed Test,2023-06-20T22:00:00Z,sat_shipment_status,sat_shipment_status:BV-CELLBATCH-001245:0001,USR-092,"[""BV-CELLBATCH-001245"",""BV-WARRANTYCLAIM-000245"",""BV-CERTIFICATE-000245""]"
CELLBATCH-001245,Firmware Installation Failed,2023-06-20T22:37:00Z,sat_diagnostic_result,sat_diagnostic_result:BV-CELLBATCH-001245:0002,USR-113,"[""BV-CELLBATCH-001245"",""BV-SECONDLIFESYSTEM-000245""]"
CELLBATCH-001245,Firmware Rolled Back,2023-06-20T23:14:00Z,sat_service_status,sat_service_status:BV-CELLBATCH-001245:0002,USR-114,"[""BV-CELLBATCH-001245"",""BV-RECYCLINGORDER-000245""]"
CELLBATCH-001245,Second-Life Assessment Failed,2023-06-20T23:51:00Z,sat_recall_status,sat_recall_status:BV-CELLBATCH-001245:0002,USR-003,"[""BV-CELLBATCH-001245"",""BV-SECONDLIFESYSTEM-000245"",""BV-BATTERYPASSPORT-001245""]"
CELLBATCH-001350,Battery Pack Failed Test,2023-06-21T00:33:00Z,sat_shipment_status,sat_shipment_status:BV-CELLBATCH-001350:0001,USR-099,"[""BV-CELLBATCH-001350"",""BV-WARRANTYCLAIM-000350""]"
CELLBATCH-001352,Battery Pack Failed Test,2023-06-21T06:35:00Z,sat_shipment_status,sat_shipment_status:BV-CELLBATCH-001352:0001,USR-006,"[""BV-CELLBATCH-001352"",""BV-WARRANTYCLAIM-000352""]"
CELLBATCH-001354,Battery Pack Failed Test,2023-06-21T12:37:00Z,sat_shipment_status,sat_shipment_status:BV-CELLBATCH-001354:0001,USR-040,"[""BV-CELLBATCH-001354"",""BV-WARRANTYCLAIM-000354""]"
CELLBATCH-001250,Battery Pack Failed Test,2023-06-21T13:00:00Z,sat_shipment_status,sat_shipment_status:BV-CELLBATCH-001250:0002,USR-050,"[""BV-CELLBATCH-001250"",""BV-WARRANTYCLAIM-000250""]"
CELLBATCH-001250,Firmware Installation Failed,2023-06-21T13:37:00Z,sat_diagnostic_result,sat_diagnostic_result:BV-CELLBATCH-001250:0002,USR-071,"[""BV-CELLBATCH-001250"",""BV-SECONDLIFESYSTEM-000250"",""BV-BATTERYPASSPORT-001250""]"
CELLBATCH-001250,Firmware Rolled Back,2023-06-21T14:14:00Z,sat_service_status,sat_service_status:BV-CELLBATCH-001250:0002,USR-072,"[""BV-CELLBATCH-001250"",""BV-RECYCLINGORDER-000250""]"
CELLBATCH-001250,Second-Life Assessment Failed,2023-06-21T14:51:00Z,sat_recall_status,sat_recall_status:BV-CELLBATCH-001250:0001,USR-088,"[""BV-CELLBATCH-001250"",""BV-SECONDLIFESYSTEM-000250""]"
CELLBATCH-001311,Firmware Rolled Back,2023-06-21T15:16:00Z,sat_service_status,sat_service_status:BV-CELLBATCH-001311:0002,USR-093,"[""BV-CELLBATCH-001311"",""BV-RECYCLINGORDER-000311""]"
CELLBATCH-001356,Battery Pack Failed Test,2023-06-21T18:39:00Z,sat_shipment_status,sat_shipment_status:BV-CELLBATCH-001356:0001,USR-074,"[""BV-CELLBATCH-001356"",""BV-WARRANTYCLAIM-000356""]"
CELLBATCH-001358,Battery Pack Failed Test,2023-06-22T00:41:00Z,sat_shipment_status,sat_shipment_status:BV-CELLBATCH-001358:0001,USR-108,"[""BV-CELLBATCH-001358"",""BV-WARRANTYCLAIM-000358""]"
CELLBATCH-001255,Battery Pack Failed Test,2023-06-22T04:00:00Z,sat_shipment_status,sat_shipment_status:BV-CELLBATCH-001255:0001,USR-008,"[""BV-CELLBATCH-001255"",""BV-WARRANTYCLAIM-000255""]"
CELLBATCH-001255,Firmware Installation Failed,2023-06-22T04:37:00Z,sat_diagnostic_result,sat_diagnostic_result:BV-CELLBATCH-001255:0002,USR-029,"[""BV-CELLBATCH-001255"",""BV-SECONDLIFESYSTEM-000255""]"
CELLBATCH-001255,Firmware Rolled Back,2023-06-22T05:14:00Z,sat_service_status,sat_service_status:BV-CELLBATCH-001255:0003,USR-030,"[""BV-CELLBATCH-001255"",""BV-RECYCLINGORDER-000255"",""BV-VEHICLE-000255""]"
CELLBATCH-001255,Second-Life Assessment Failed,2023-06-22T05:51:00Z,sat_recall_status,sat_recall_status:BV-CELLBATCH-001255:0002,USR-046,"[""BV-CELLBATCH-001255"",""BV-SECONDLIFESYSTEM-000255""]"
CELLBATCH-001360,Battery Pack Failed Test,2023-06-22T06:43:00Z,sat_shipment_status,sat_shipment_status:BV-CELLBATCH-001360:0001,USR-015,"[""BV-CELLBATCH-001360"",""BV-WARRANTYCLAIM-000360""]"
CELLBATCH-001318,Firmware Rolled Back,2023-06-22T12:23:00Z,sat_service_status,sat_service_status:BV-CELLBATCH-001318:0002,USR-085,"[""BV-CELLBATCH-001318"",""BV-RECYCLINGORDER-000318"",""BV-VEHICLE-000318""]"
CELLBATCH-001362,Battery Pack Failed Test,2023-06-22T12:45:00Z,sat_shipment_status,sat_shipment_status:BV-CELLBATCH-001362:0001,USR-049,"[""BV-CELLBATCH-001362"",""BV-WARRANTYCLAIM-000362""]"
CELLBATCH-001364,Battery Pack Failed Test,2023-06-22T18:47:00Z,sat_shipment_status,sat_shipment_status:BV-CELLBATCH-001364:0001,USR-083,"[""BV-CELLBATCH-001364"",""BV-WARRANTYCLAIM-000364""]"
CELLBATCH-001260,Battery Pack Failed Test,2023-06-22T19:00:00Z,sat_shipment_status,sat_shipment_status:BV-CELLBATCH-001260:0003,USR-093,"[""BV-CELLBATCH-001260"",""BV-WARRANTYCLAIM-000260"",""BV-CERTIFICATE-000260""]"
CELLBATCH-001260,Firmware Installation Failed,2023-06-22T19:37:00Z,sat_diagnostic_result,sat_diagnostic_result:BV-CELLBATCH-001260:0002,USR-114,"[""BV-CELLBATCH-001260"",""BV-SECONDLIFESYSTEM-000260""]"
CELLBATCH-001260,Firmware Rolled Back,2023-06-22T20:14:00Z,sat_service_status,sat_service_status:BV-CELLBATCH-001260:0002,USR-115,"[""BV-CELLBATCH-001260"",""BV-RECYCLINGORDER-000260""]"
CELLBATCH-001260,Second-Life Assessment Failed,2023-06-22T20:51:00Z,sat_recall_status,sat_recall_status:BV-CELLBATCH-001260:0001,USR-004,"[""BV-CELLBATCH-001260"",""BV-SECONDLIFESYSTEM-000260"",""BV-BATTERYPASSPORT-001260""]"
CELLBATCH-001366,Battery Pack Failed Test,2023-06-23T00:49:00Z,sat_shipment_status,sat_shipment_status:BV-CELLBATCH-001366:0001,USR-117,"[""BV-CELLBATCH-001366"",""BV-WARRANTYCLAIM-000366"",""BV-CERTIFICATE-000366""]"
CELLBATCH-001325,Firmware Installation Failed,2023-06-23T03:29:00Z,sat_diagnostic_result,sat_diagnostic_result:BV-CELLBATCH-001325:0002,USR-076,"[""BV-CELLBATCH-001325"",""BV-SECONDLIFESYSTEM-000325""]"
CELLBATCH-001368,Battery Pack Failed Test,2023-06-23T06:51:00Z,sat_shipment_status,sat_shipment_status:BV-CELLBATCH-001368:0001,USR-024,"[""BV-CELLBATCH-001368"",""BV-WARRANTYCLAIM-000368""]"
CELLBATCH-001293,Second-Life Assessment Failed,2023-06-23T09:14:00Z,sat_recall_status,sat_recall_status:BV-CELLBATCH-001293:0002,USR-057,"[""BV-CELLBATCH-001293"",""BV-SECONDLIFESYSTEM-000293""]"
CELLBATCH-001325,Firmware Rolled Back,2023-06-23T09:30:00Z,sat_service_status,sat_service_status:BV-CELLBATCH-001325:0002,USR-077,"[""BV-CELLBATCH-001325"",""BV-RECYCLINGORDER-000325"",""BV-VEHICLE-000325""]"
CELLBATCH-001265,Battery Pack Failed Test,2023-06-23T10:00:00Z,sat_shipment_status,sat_shipment_status:BV-CELLBATCH-001265:0001,USR-051,"[""BV-CELLBATCH-001265"",""BV-WARRANTYCLAIM-000265"",""BV-CERTIFICATE-000265""]"
CELLBATCH-001265,Firmware Installation Failed,2023-06-23T10:37:00Z,sat_diagnostic_result,sat_diagnostic_result:BV-CELLBATCH-001265:0002,USR-072,"[""BV-CELLBATCH-001265"",""BV-SECONDLIFESYSTEM-000265""]"
CELLBATCH-001265,Firmware Rolled Back,2023-06-23T11:14:00Z,sat_service_status,sat_service_status:BV-CELLBATCH-001265:0003,USR-073,"[""BV-CELLBATCH-001265"",""BV-RECYCLINGORDER-000265""]"
CELLBATCH-001265,Second-Life Assessment Failed,2023-06-23T11:51:00Z,sat_recall_status,sat_recall_status:BV-CELLBATCH-001265:0002,USR-089,"[""BV-CELLBATCH-001265"",""BV-SECONDLIFESYSTEM-000265"",""BV-BATTERYPASSPORT-001265""]"
CELLBATCH-001370,Battery Pack Failed Test,2023-06-23T12:00:00Z,sat_shipment_status,sat_shipment_status:BV-CELLBATCH-001370:0001,USR-058,"[""BV-CELLBATCH-001370"",""BV-WARRANTYCLAIM-000370""]"
CELLBATCH-001372,Battery Pack Failed Test,2023-06-23T18:02:00Z,sat_shipment_status,sat_shipment_status:BV-CELLBATCH-001372:0001,USR-092,"[""BV-CELLBATCH-001372"",""BV-WARRANTYCLAIM-000372""]"
CELLBATCH-001374,Battery Pack Failed Test,2023-06-24T00:04:00Z,sat_shipment_status,sat_shipment_status:BV-CELLBATCH-001374:0001,USR-126,"[""BV-CELLBATCH-001374"",""BV-WARRANTYCLAIM-000374"",""BV-CERTIFICATE-000374""]"
CELLBATCH-001270,Battery Pack Failed Test,2023-06-24T01:00:00Z,sat_shipment_status,sat_shipment_status:BV-CELLBATCH-001270:0002,USR-009,"[""BV-CELLBATCH-001270"",""BV-WARRANTYCLAIM-000270"",""BV-CERTIFICATE-000270""]"
CELLBATCH-001270,Firmware Installation Failed,2023-06-24T01:37:00Z,sat_diagnostic_result,sat_diagnostic_result:BV-CELLBATCH-001270:0002,USR-030,"[""BV-CELLBATCH-001270"",""BV-SECONDLIFESYSTEM-000270""]"
CELLBATCH-001270,Firmware Rolled Back,2023-06-24T02:14:00Z,sat_service_status,sat_service_status:BV-CELLBATCH-001270:0003,USR-031,"[""BV-CELLBATCH-001270"",""BV-RECYCLINGORDER-000270""]"
CELLBATCH-001270,Second-Life Assessment Failed,2023-06-24T02:51:00Z,sat_recall_status,sat_recall_status:BV-CELLBATCH-001270:0001,USR-047,"[""BV-CELLBATCH-001270"",""BV-SECONDLIFESYSTEM-000270"",""BV-BATTERYPASSPORT-001270""]"
CELLBATCH-001376,Battery Pack Failed Test,2023-06-24T06:06:00Z,sat_shipment_status,sat_shipment_status:BV-CELLBATCH-001376:0001,USR-033,"[""BV-CELLBATCH-001376"",""BV-WARRANTYCLAIM-000376"",""BV-CERTIFICATE-000376""]"
CELLBATCH-001332,Firmware Rolled Back,2023-06-24T06:37:00Z,sat_service_status,sat_service_status:BV-CELLBATCH-001332:0002,USR-069,"[""BV-CELLBATCH-001332"",""BV-RECYCLINGORDER-000332""]"
CELLBATCH-001378,Battery Pack Failed Test,2023-06-24T12:08:00Z,sat_shipment_status,sat_shipment_status:BV-CELLBATCH-001378:0001,USR-067,"[""BV-CELLBATCH-001378"",""BV-WARRANTYCLAIM-000378""]"
CELLBATCH-001275,Battery Pack Failed Test,2023-06-24T16:00:00Z,sat_shipment_status,sat_shipment_status:BV-CELLBATCH-001275:0001,USR-094,"[""BV-CELLBATCH-001275"",""BV-WARRANTYCLAIM-000275""]"
CELLBATCH-001275,Firmware Installation Failed,2023-06-24T16:37:00Z,sat_diagnostic_result,sat_diagnostic_result:BV-CELLBATCH-001275:0002,USR-115,"[""BV-CELLBATCH-001275"",""BV-SECONDLIFESYSTEM-000275"",""BV-BATTERYPASSPORT-001275""]"
CELLBATCH-001275,Firmware Rolled Back,2023-06-24T17:14:00Z,sat_service_status,sat_service_status:BV-CELLBATCH-001275:0002,USR-116,"[""BV-CELLBATCH-001275"",""BV-RECYCLINGORDER-000275""]"
CELLBATCH-001275,Second-Life Assessment Failed,2023-06-24T17:51:00Z,sat_recall_status,sat_recall_status:BV-CELLBATCH-001275:0002,USR-005,"[""BV-CELLBATCH-001275"",""BV-SECONDLIFESYSTEM-000275"",""BV-BATTERYPASSPORT-001275""]"
CELLBATCH-001380,Battery Pack Failed Test,2023-06-24T18:10:00Z,sat_shipment_status,sat_shipment_status:BV-CELLBATCH-001380:0001,USR-101,"[""BV-CELLBATCH-001380"",""BV-WARRANTYCLAIM-000380""]"
CELLBATCH-001382,Battery Pack Failed Test,2023-06-25T00:12:00Z,sat_shipment_status,sat_shipment_status:BV-CELLBATCH-001382:0001,USR-008,"[""BV-CELLBATCH-001382"",""BV-WARRANTYCLAIM-000382"",""BV-CERTIFICATE-000382""]"
CELLBATCH-001339,Firmware Rolled Back,2023-06-25T03:44:00Z,sat_service_status,sat_service_status:BV-CELLBATCH-001339:0002,USR-061,"[""BV-CELLBATCH-001339"",""BV-RECYCLINGORDER-000339""]"
CELLBATCH-001384,Battery Pack Failed Test,2023-06-25T06:14:00Z,sat_shipment_status,sat_shipment_status:BV-CELLBATCH-001384:0001,USR-042,"[""BV-CELLBATCH-001384"",""BV-WARRANTYCLAIM-000384""]"
CELLBATCH-001280,Battery Pack Failed Test,2023-06-25T07:00:00Z,sat_shipment_status,sat_shipment_status:BV-CELLBATCH-001280:0002,USR-052,"[""BV-CELLBATCH-001280"",""BV-WARRANTYCLAIM-000280""]"
CELLBATCH-001280,Firmware Installation Failed,2023-06-25T07:37:00Z,sat_diagnostic_result,sat_diagnostic_result:BV-CELLBATCH-001280:0002,USR-073,"[""BV-CELLBATCH-001280"",""BV-SECONDLIFESYSTEM-000280""]"
CELLBATCH-001280,Firmware Rolled Back,2023-06-25T08:14:00Z,sat_service_status,sat_service_status:BV-CELLBATCH-001280:0002,USR-074,"[""BV-CELLBATCH-001280"",""BV-RECYCLINGORDER-000280"",""BV-VEHICLE-000280""]"
CELLBATCH-001280,Second-Life Assessment Failed,2023-06-25T08:51:00Z,sat_recall_status,sat_recall_status:BV-CELLBATCH-001280:0001,USR-090,"[""BV-CELLBATCH-001280"",""BV-SECONDLIFESYSTEM-000280""]"
CELLBATCH-001386,Battery Pack Failed Test,2023-06-25T12:16:00Z,sat_shipment_status,sat_shipment_status:BV-CELLBATCH-001386:0001,USR-076,"[""BV-CELLBATCH-001386"",""BV-WARRANTYCLAIM-000386""]"
CELLBATCH-001388,Battery Pack Failed Test,2023-06-25T18:18:00Z,sat_shipment_status,sat_shipment_status:BV-CELLBATCH-001388:0001,USR-110,"[""BV-CELLBATCH-001388"",""BV-WARRANTYCLAIM-000388""]"
CELLBATCH-001285,Battery Pack Failed Test,2023-06-25T22:00:00Z,sat_shipment_status,sat_shipment_status:BV-CELLBATCH-001285:0001,USR-010,"[""BV-CELLBATCH-001285"",""BV-WARRANTYCLAIM-000285""]"
CELLBATCH-001285,Firmware Installation Failed,2023-06-25T22:37:00Z,sat_diagnostic_result,sat_diagnostic_result:BV-CELLBATCH-001285:0002,USR-031,"[""BV-CELLBATCH-001285"",""BV-SECONDLIFESYSTEM-000285""]"
CELLBATCH-001285,Firmware Rolled Back,2023-06-25T23:14:00Z,sat_service_status,sat_service_status:BV-CELLBATCH-001285:0002,USR-032,"[""BV-CELLBATCH-001285"",""BV-RECYCLINGORDER-000285"",""BV-VEHICLE-000285""]"
CELLBATCH-001285,Second-Life Assessment Failed,2023-06-25T23:51:00Z,sat_recall_status,sat_recall_status:BV-CELLBATCH-001285:0002,USR-048,"[""BV-CELLBATCH-001285"",""BV-SECONDLIFESYSTEM-000285""]"
CELLBATCH-001390,Battery Pack Failed Test,2023-06-26T00:20:00Z,sat_shipment_status,sat_shipment_status:BV-CELLBATCH-001390:0001,USR-017,"[""BV-CELLBATCH-001390"",""BV-WARRANTYCLAIM-000390"",""BV-CERTIFICATE-000390""]"
CELLBATCH-001346,Firmware Rolled Back,2023-06-26T00:51:00Z,sat_service_status,sat_service_status:BV-CELLBATCH-001346:0002,USR-053,"[""BV-CELLBATCH-001346"",""BV-RECYCLINGORDER-000346""]"
CELLBATCH-001392,Battery Pack Failed Test,2023-06-26T06:22:00Z,sat_shipment_status,sat_shipment_status:BV-CELLBATCH-001392:0001,USR-051,"[""BV-CELLBATCH-001392"",""BV-WARRANTYCLAIM-000392"",""BV-CERTIFICATE-000392""]"
CELLBATCH-001394,Battery Pack Failed Test,2023-06-26T12:24:00Z,sat_shipment_status,sat_shipment_status:BV-CELLBATCH-001394:0001,USR-085,"[""BV-CELLBATCH-001394"",""BV-WARRANTYCLAIM-000394""]"
CELLBATCH-001290,Battery Pack Failed Test,2023-06-26T13:00:00Z,sat_shipment_status,sat_shipment_status:BV-CELLBATCH-001290:0002,USR-095,"[""BV-CELLBATCH-001290"",""BV-WARRANTYCLAIM-000290""]"
CELLBATCH-001290,Firmware Installation Failed,2023-06-26T13:37:00Z,sat_diagnostic_result,sat_diagnostic_result:BV-CELLBATCH-001290:0003,USR-116,"[""BV-CELLBATCH-001290"",""BV-SECONDLIFESYSTEM-000290""]"
CELLBATCH-001290,Firmware Rolled Back,2023-06-26T14:14:00Z,sat_service_status,sat_service_status:BV-CELLBATCH-001290:0003,USR-117,"[""BV-CELLBATCH-001290"",""BV-RECYCLINGORDER-000290"",""BV-VEHICLE-000290""]"
CELLBATCH-001290,Second-Life Assessment Failed,2023-06-26T14:51:00Z,sat_recall_status,sat_recall_status:BV-CELLBATCH-001290:0001,USR-006,"[""BV-CELLBATCH-001290"",""BV-SECONDLIFESYSTEM-000290""]"
CELLBATCH-001396,Battery Pack Failed Test,2023-06-26T18:26:00Z,sat_shipment_status,sat_shipment_status:BV-CELLBATCH-001396:0001,USR-119,"[""BV-CELLBATCH-001396"",""BV-WARRANTYCLAIM-000396"",""BV-CERTIFICATE-000396""]"
CELLBATCH-001353,Firmware Rolled Back,2023-06-26T21:05:00Z,sat_service_status,sat_service_status:BV-CELLBATCH-001353:0002,USR-045,"[""BV-CELLBATCH-001353"",""BV-RECYCLINGORDER-000353"",""BV-VEHICLE-000353""]"
CELLBATCH-001398,Battery Pack Failed Test,2023-06-27T00:28:00Z,sat_shipment_status,sat_shipment_status:BV-CELLBATCH-001398:0001,USR-026,"[""BV-CELLBATCH-001398"",""BV-WARRANTYCLAIM-000398""]"
CELLBATCH-001295,Battery Pack Failed Test,2023-06-27T04:00:00Z,sat_shipment_status,sat_shipment_status:BV-CELLBATCH-001295:0002,USR-053,"[""BV-CELLBATCH-001295"",""BV-WARRANTYCLAIM-000295"",""BV-CERTIFICATE-000295""]"
CELLBATCH-001295,Firmware Installation Failed,2023-06-27T04:37:00Z,sat_diagnostic_result,sat_diagnostic_result:BV-CELLBATCH-001295:0002,USR-074,"[""BV-CELLBATCH-001295"",""BV-SECONDLIFESYSTEM-000295""]"
CELLBATCH-001295,Firmware Rolled Back,2023-06-27T05:14:00Z,sat_service_status,sat_service_status:BV-CELLBATCH-001295:0002,USR-075,"[""BV-CELLBATCH-001295"",""BV-RECYCLINGORDER-000295"",""BV-VEHICLE-000295""]"
CELLBATCH-001295,Second-Life Assessment Failed,2023-06-27T05:51:00Z,sat_recall_status,sat_recall_status:BV-CELLBATCH-001295:0002,USR-091,"[""BV-CELLBATCH-001295"",""BV-SECONDLIFESYSTEM-000295""]"
CELLBATCH-001400,Battery Pack Failed Test,2023-06-27T06:30:00Z,sat_shipment_status,sat_shipment_status:BV-CELLBATCH-001400:0001,USR-060,"[""BV-CELLBATCH-001400"",""BV-WARRANTYCLAIM-000400"",""BV-CERTIFICATE-000400""]"
CELLBATCH-001324,Second-Life Assessment Failed,2023-06-27T06:45:00Z,sat_recall_status,sat_recall_status:BV-CELLBATCH-001324:0001,USR-076,"[""BV-CELLBATCH-001324"",""BV-SECONDLIFESYSTEM-000324""]"
CELLBATCH-001402,Battery Pack Failed Test,2023-06-27T12:32:00Z,sat_shipment_status,sat_shipment_status:BV-CELLBATCH-001402:0001,USR-094,"[""BV-CELLBATCH-001402"",""BV-WARRANTYCLAIM-000402"",""BV-CERTIFICATE-000402""]"
CELLBATCH-001360,Firmware Rolled Back,2023-06-27T18:12:00Z,sat_service_status,sat_service_status:BV-CELLBATCH-001360:0002,USR-037,"[""BV-CELLBATCH-001360"",""BV-RECYCLINGORDER-000360""]"
CELLBATCH-001362,Firmware Installation Failed,2023-06-27T18:13:00Z,sat_diagnostic_result,sat_diagnostic_result:BV-CELLBATCH-001362:0002,USR-070,"[""BV-CELLBATCH-001362"",""BV-SECONDLIFESYSTEM-000362"",""BV-BATTERYPASSPORT-001362""]"
CELLBATCH-001404,Battery Pack Failed Test,2023-06-27T18:34:00Z,sat_shipment_status,sat_shipment_status:BV-CELLBATCH-001404:0001,USR-001,"[""BV-CELLBATCH-001404"",""BV-WARRANTYCLAIM-000404""]"
CELLBATCH-001300,Battery Pack Failed Test,2023-06-27T19:00:00Z,sat_shipment_status,sat_shipment_status:BV-CELLBATCH-001300:0002,USR-011,"[""BV-CELLBATCH-001300"",""BV-WARRANTYCLAIM-000300""]"
CELLBATCH-001300,Firmware Installation Failed,2023-06-27T19:37:00Z,sat_diagnostic_result,sat_diagnostic_result:BV-CELLBATCH-001300:0003,USR-032,"[""BV-CELLBATCH-001300"",""BV-SECONDLIFESYSTEM-000300""]"
CELLBATCH-001300,Firmware Rolled Back,2023-06-27T20:14:00Z,sat_service_status,sat_service_status:BV-CELLBATCH-001300:0002,USR-033,"[""BV-CELLBATCH-001300"",""BV-RECYCLINGORDER-000300"",""BV-VEHICLE-000300""]"
CELLBATCH-001300,Second-Life Assessment Failed,2023-06-27T20:51:00Z,sat_recall_status,sat_recall_status:BV-CELLBATCH-001300:0002,USR-049,"[""BV-CELLBATCH-001300"",""BV-SECONDLIFESYSTEM-000300""]"
CELLBATCH-001406,Battery Pack Failed Test,2023-06-28T00:36:00Z,sat_shipment_status,sat_shipment_status:BV-CELLBATCH-001406:0001,USR-035,"[""BV-CELLBATCH-001406"",""BV-WARRANTYCLAIM-000406""]"
CELLBATCH-001408,Battery Pack Failed Test,2023-06-28T06:38:00Z,sat_shipment_status,sat_shipment_status:BV-CELLBATCH-001408:0001,USR-069,"[""BV-CELLBATCH-001408"",""BV-WARRANTYCLAIM-000408""]"
CELLBATCH-001305,Battery Pack Failed Test,2023-06-28T10:00:00Z,sat_shipment_status,sat_shipment_status:BV-CELLBATCH-001305:0001,USR-096,"[""BV-CELLBATCH-001305"",""BV-WARRANTYCLAIM-000305"",""BV-CERTIFICATE-000305""]"
CELLBATCH-001305,Firmware Installation Failed,2023-06-28T10:37:00Z,sat_diagnostic_result,sat_diagnostic_result:BV-CELLBATCH-001305:0002,USR-117,"[""BV-CELLBATCH-001305"",""BV-SECONDLIFESYSTEM-000305""]"
CELLBATCH-001305,Firmware Rolled Back,2023-06-28T11:14:00Z,sat_service_status,sat_service_status:BV-CELLBATCH-001305:0002,USR-118,"[""BV-CELLBATCH-001305"",""BV-RECYCLINGORDER-000305"",""BV-VEHICLE-000305""]"
CELLBATCH-001305,Second-Life Assessment Failed,2023-06-28T11:51:00Z,sat_recall_status,sat_recall_status:BV-CELLBATCH-001305:0003,USR-007,"[""BV-CELLBATCH-001305"",""BV-SECONDLIFESYSTEM-000305""]"
CELLBATCH-001410,Battery Pack Failed Test,2023-06-28T12:40:00Z,sat_shipment_status,sat_shipment_status:BV-CELLBATCH-001410:0001,USR-103,"[""BV-CELLBATCH-001410"",""BV-WARRANTYCLAIM-000410"",""BV-CERTIFICATE-000410""]"
CELLBATCH-001367,Firmware Rolled Back,2023-06-28T15:19:00Z,sat_service_status,sat_service_status:BV-CELLBATCH-001367:0002,USR-029,"[""BV-CELLBATCH-001367"",""BV-RECYCLINGORDER-000367""]"
CELLBATCH-001412,Battery Pack Failed Test,2023-06-28T18:42:00Z,sat_shipment_status,sat_shipment_status:BV-CELLBATCH-001412:0001,USR-010,"[""BV-CELLBATCH-001412"",""BV-WARRANTYCLAIM-000412""]"
CELLBATCH-001414,Battery Pack Failed Test,2023-06-29T00:44:00Z,sat_shipment_status,sat_shipment_status:BV-CELLBATCH-001414:0001,USR-044,"[""BV-CELLBATCH-001414"",""BV-WARRANTYCLAIM-000414"",""BV-CERTIFICATE-000414""]"
CELLBATCH-001310,Battery Pack Failed Test,2023-06-29T01:00:00Z,sat_shipment_status,sat_shipment_status:BV-CELLBATCH-001310:0002,USR-054,"[""BV-CELLBATCH-001310"",""BV-WARRANTYCLAIM-000310""]"
CELLBATCH-001310,Firmware Installation Failed,2023-06-29T01:37:00Z,sat_diagnostic_result,sat_diagnostic_result:BV-CELLBATCH-001310:0002,USR-075,"[""BV-CELLBATCH-001310"",""BV-SECONDLIFESYSTEM-000310"",""BV-BATTERYPASSPORT-001310""]"
CELLBATCH-001310,Firmware Rolled Back,2023-06-29T02:14:00Z,sat_service_status,sat_service_status:BV-CELLBATCH-001310:0002,USR-076,"[""BV-CELLBATCH-001310"",""BV-RECYCLINGORDER-000310""]"
CELLBATCH-001310,Second-Life Assessment Failed,2023-06-29T02:51:00Z,sat_recall_status,sat_recall_status:BV-CELLBATCH-001310:0001,USR-092,"[""BV-CELLBATCH-001310"",""BV-SECONDLIFESYSTEM-000310"",""BV-BATTERYPASSPORT-001310""]"
CELLBATCH-001416,Battery Pack Failed Test,2023-06-29T06:46:00Z,sat_shipment_status,sat_shipment_status:BV-CELLBATCH-001416:0001,USR-078,"[""BV-CELLBATCH-001416"",""BV-WARRANTYCLAIM-000416""]"
CELLBATCH-001374,Firmware Rolled Back,2023-06-29T12:26:00Z,sat_service_status,sat_service_status:BV-CELLBATCH-001374:0002,USR-021,"[""BV-CELLBATCH-001374"",""BV-RECYCLINGORDER-000374"",""BV-VEHICLE-000374""]"
CELLBATCH-001418,Battery Pack Failed Test,2023-06-29T12:48:00Z,sat_shipment_status,sat_shipment_status:BV-CELLBATCH-001418:0001,USR-112,"[""BV-CELLBATCH-001418"",""BV-WARRANTYCLAIM-000418""]"
CELLBATCH-001315,Battery Pack Failed Test,2023-06-29T16:00:00Z,sat_shipment_status,sat_shipment_status:BV-CELLBATCH-001315:0001,USR-012,"[""BV-CELLBATCH-001315"",""BV-WARRANTYCLAIM-000315""]"
CELLBATCH-001315,Firmware Installation Failed,2023-06-29T16:37:00Z,sat_diagnostic_result,sat_diagnostic_result:BV-CELLBATCH-001315:0002,USR-033,"[""BV-CELLBATCH-001315"",""BV-SECONDLIFESYSTEM-000315"",""BV-BATTERYPASSPORT-001315""]"
CELLBATCH-001315,Firmware Rolled Back,2023-06-29T17:14:00Z,sat_service_status,sat_service_status:BV-CELLBATCH-001315:0002,USR-034,"[""BV-CELLBATCH-001315"",""BV-RECYCLINGORDER-000315""]"
CELLBATCH-001315,Second-Life Assessment Failed,2023-06-29T17:51:00Z,sat_recall_status,sat_recall_status:BV-CELLBATCH-001315:0002,USR-050,"[""BV-CELLBATCH-001315"",""BV-SECONDLIFESYSTEM-000315"",""BV-BATTERYPASSPORT-001315""]"
CELLBATCH-001420,Battery Pack Failed Test,2023-06-29T18:50:00Z,sat_shipment_status,sat_shipment_status:BV-CELLBATCH-001420:0001,USR-019,"[""BV-CELLBATCH-001420"",""BV-WARRANTYCLAIM-000420"",""BV-CERTIFICATE-000420""]"
CELLBATCH-001422,Battery Pack Failed Test,2023-06-30T00:52:00Z,sat_shipment_status,sat_shipment_status:BV-CELLBATCH-001422:0001,USR-053,"[""BV-CELLBATCH-001422"",""BV-WARRANTYCLAIM-000422""]"
CELLBATCH-001424,Battery Pack Failed Test,2023-06-30T06:01:00Z,sat_shipment_status,sat_shipment_status:BV-CELLBATCH-001424:0001,USR-087,"[""BV-CELLBATCH-001424"",""BV-WARRANTYCLAIM-000424"",""BV-CERTIFICATE-000424""]"
CELLBATCH-001320,Battery Pack Failed Test,2023-06-30T07:00:00Z,sat_shipment_status,sat_shipment_status:BV-CELLBATCH-001320:0002,USR-097,"[""BV-CELLBATCH-001320"",""BV-WARRANTYCLAIM-000320""]"
CELLBATCH-001320,Firmware Installation Failed,2023-06-30T07:37:00Z,sat_diagnostic_result,sat_diagnostic_result:BV-CELLBATCH-001320:0002,USR-118,"[""BV-CELLBATCH-001320"",""BV-SECONDLIFESYSTEM-000320"",""BV-BATTERYPASSPORT-001320""]"
CELLBATCH-001320,Firmware Rolled Back,2023-06-30T08:14:00Z,sat_service_status,sat_service_status:BV-CELLBATCH-001320:0003,USR-119,"[""BV-CELLBATCH-001320"",""BV-RECYCLINGORDER-000320""]"
CELLBATCH-001320,Second-Life Assessment Failed,2023-06-30T08:51:00Z,sat_recall_status,sat_recall_status:BV-CELLBATCH-001320:0001,USR-008,"[""BV-CELLBATCH-001320"",""BV-SECONDLIFESYSTEM-000320""]"
CELLBATCH-001381,Firmware Rolled Back,2023-06-30T09:33:00Z,sat_service_status,sat_service_status:BV-CELLBATCH-001381:0002,USR-013,"[""BV-CELLBATCH-001381"",""BV-RECYCLINGORDER-000381""]"
CELLBATCH-001426,Battery Pack Failed Test,2023-06-30T12:03:00Z,sat_shipment_status,sat_shipment_status:BV-CELLBATCH-001426:0001,USR-121,"[""BV-CELLBATCH-001426"",""BV-WARRANTYCLAIM-000426""]"
CELLBATCH-001428,Battery Pack Failed Test,2023-06-30T18:05:00Z,sat_shipment_status,sat_shipment_status:BV-CELLBATCH-001428:0001,USR-028,"[""BV-CELLBATCH-001428"",""BV-WARRANTYCLAIM-000428""]"
CELLBATCH-001325,Battery Pack Failed Test,2023-06-30T22:00:00Z,sat_shipment_status,sat_shipment_status:BV-CELLBATCH-001325:0002,USR-055,"[""BV-CELLBATCH-001325"",""BV-WARRANTYCLAIM-000325"",""BV-CERTIFICATE-000325""]"
CELLBATCH-001325,Firmware Installation Failed,2023-06-30T22:37:00Z,sat_diagnostic_result,sat_diagnostic_result:BV-CELLBATCH-001325:0003,USR-076,"[""BV-CELLBATCH-001325"",""BV-SECONDLIFESYSTEM-000325""]"
CELLBATCH-001325,Firmware Rolled Back,2023-06-30T23:14:00Z,sat_service_status,sat_service_status:BV-CELLBATCH-001325:0003,USR-077,"[""BV-CELLBATCH-001325"",""BV-RECYCLINGORDER-000325"",""BV-VEHICLE-000325""]"
CELLBATCH-001325,Second-Life Assessment Failed,2023-06-30T23:51:00Z,sat_recall_status,sat_recall_status:BV-CELLBATCH-001325:0002,USR-093,"[""BV-CELLBATCH-001325"",""BV-SECONDLIFESYSTEM-000325""]"
CELLBATCH-001430,Battery Pack Failed Test,2023-07-01T00:07:00Z,sat_shipment_status,sat_shipment_status:BV-CELLBATCH-001430:0001,USR-062,"[""BV-CELLBATCH-001430"",""BV-WARRANTYCLAIM-000430"",""BV-CERTIFICATE-000430""]"
CELLBATCH-001355,Second-Life Assessment Failed,2023-07-01T03:23:00Z,sat_recall_status,sat_recall_status:BV-CELLBATCH-001355:0002,USR-095,"[""BV-CELLBATCH-001355"",""BV-SECONDLIFESYSTEM-000355""]"
CELLBATCH-001432,Battery Pack Failed Test,2023-07-01T06:09:00Z,sat_shipment_status,sat_shipment_status:BV-CELLBATCH-001432:0001,USR-096,"[""BV-CELLBATCH-001432"",""BV-WARRANTYCLAIM-000432""]"
CELLBATCH-001388,Firmware Rolled Back,2023-07-01T06:40:00Z,sat_service_status,sat_service_status:BV-CELLBATCH-001388:0002,USR-005,"[""BV-CELLBATCH-001388"",""BV-RECYCLINGORDER-000388""]"
CELLBATCH-001434,Battery Pack Failed Test,2023-07-01T12:11:00Z,sat_shipment_status,sat_shipment_status:BV-CELLBATCH-001434:0001,USR-003,"[""BV-CELLBATCH-001434"",""BV-WARRANTYCLAIM-000434"",""BV-CERTIFICATE-000434""]"
CELLBATCH-001330,Battery Pack Failed Test,2023-07-01T13:00:00Z,sat_shipment_status,sat_shipment_status:BV-CELLBATCH-001330:0003,USR-013,"[""BV-CELLBATCH-001330"",""BV-WARRANTYCLAIM-000330""]"
CELLBATCH-001330,Firmware Installation Failed,2023-07-01T13:37:00Z,sat_diagnostic_result,sat_diagnostic_result:BV-CELLBATCH-001330:0002,USR-034,"[""BV-CELLBATCH-001330"",""BV-SECONDLIFESYSTEM-000330""]"
CELLBATCH-001330,Firmware Rolled Back,2023-07-01T14:14:00Z,sat_service_status,sat_service_status:BV-CELLBATCH-001330:0002,USR-035,"[""BV-CELLBATCH-001330"",""BV-RECYCLINGORDER-000330"",""BV-VEHICLE-000330""]"
CELLBATCH-001330,Second-Life Assessment Failed,2023-07-01T14:51:00Z,sat_recall_status,sat_recall_status:BV-CELLBATCH-001330:0001,USR-051,"[""BV-CELLBATCH-001330"",""BV-SECONDLIFESYSTEM-000330""]"
CELLBATCH-001436,Battery Pack Failed Test,2023-07-01T18:13:00Z,sat_shipment_status,sat_shipment_status:BV-CELLBATCH-001436:0001,USR-037,"[""BV-CELLBATCH-001436"",""BV-WARRANTYCLAIM-000436""]"
CELLBATCH-001438,Battery Pack Failed Test,2023-07-02T00:15:00Z,sat_shipment_status,sat_shipment_status:BV-CELLBATCH-001438:0001,USR-071,"[""BV-CELLBATCH-001438"",""BV-WARRANTYCLAIM-000438""]"
CELLBATCH-001395,Firmware Rolled Back,2023-07-02T03:47:00Z,sat_service_status,sat_service_status:BV-CELLBATCH-001395:0002,USR-124,"[""BV-CELLBATCH-001395"",""BV-RECYCLINGORDER-000395"",""BV-VEHICLE-000395""]"
CELLBATCH-001335,Battery Pack Failed Test,2023-07-02T04:00:00Z,sat_shipment_status,sat_shipment_status:BV-CELLBATCH-001335:0001,USR-098,"[""BV-CELLBATCH-001335"",""BV-WARRANTYCLAIM-000335"",""BV-CERTIFICATE-000335""]"
CELLBATCH-001335,Firmware Installation Failed,2023-07-02T04:37:00Z,sat_diagnostic_result,sat_diagnostic_result:BV-CELLBATCH-001335:0002,USR-119,"[""BV-CELLBATCH-001335"",""BV-SECONDLIFESYSTEM-000335""]"
CELLBATCH-001335,Firmware Rolled Back,2023-07-02T05:14:00Z,sat_service_status,sat_service_status:BV-CELLBATCH-001335:0002,USR-120,"[""BV-CELLBATCH-001335"",""BV-RECYCLINGORDER-000335"",""BV-VEHICLE-000335""]"
CELLBATCH-001335,Second-Life Assessment Failed,2023-07-02T05:51:00Z,sat_recall_status,sat_recall_status:BV-CELLBATCH-001335:0002,USR-009,"[""BV-CELLBATCH-001335"",""BV-SECONDLIFESYSTEM-000335""]"
CELLBATCH-001440,Battery Pack Failed Test,2023-07-02T06:17:00Z,sat_shipment_status,sat_shipment_status:BV-CELLBATCH-001440:0001,USR-105,"[""BV-CELLBATCH-001440"",""BV-WARRANTYCLAIM-000440"",""BV-CERTIFICATE-000440""]"
CELLBATCH-001399,Firmware Installation Failed,2023-07-02T09:50:00Z,sat_diagnostic_result,sat_diagnostic_result:BV-CELLBATCH-001399:0002,USR-064,"[""BV-CELLBATCH-001399"",""BV-SECONDLIFESYSTEM-000399""]"
CELLBATCH-001442,Battery Pack Failed Test,2023-07-02T12:19:00Z,sat_shipment_status,sat_shipment_status:BV-CELLBATCH-001442:0001,USR-012,"[""BV-CELLBATCH-001442"",""BV-WARRANTYCLAIM-000442""]"
CELLBATCH-001444,Battery Pack Failed Test,2023-07-02T18:21:00Z,sat_shipment_status,sat_shipment_status:BV-CELLBATCH-001444:0001,USR-046,"[""BV-CELLBATCH-001444"",""BV-WARRANTYCLAIM-000444""]"
CELLBATCH-001340,Battery Pack Failed Test,2023-07-02T19:00:00Z,sat_shipment_status,sat_shipment_status:BV-CELLBATCH-001340:0002,USR-056,"[""BV-CELLBATCH-001340"",""BV-WARRANTYCLAIM-000340""]"
CELLBATCH-001340,Firmware Installation Failed,2023-07-02T19:37:00Z,sat_diagnostic_result,sat_diagnostic_result:BV-CELLBATCH-001340:0002,USR-077,"[""BV-CELLBATCH-001340"",""BV-SECONDLIFESYSTEM-000340"",""BV-BATTERYPASSPORT-001340""]"
CELLBATCH-001340,Firmware Rolled Back,2023-07-02T20:14:00Z,sat_service_status,sat_service_status:BV-CELLBATCH-001340:0002,USR-078,"[""BV-CELLBATCH-001340"",""BV-RECYCLINGORDER-000340""]"
CELLBATCH-001340,Second-Life Assessment Failed,2023-07-02T20:51:00Z,sat_recall_status,sat_recall_status:BV-CELLBATCH-001340:0001,USR-094,"[""BV-CELLBATCH-001340"",""BV-SECONDLIFESYSTEM-000340""]"
CELLBATCH-001402,Firmware Rolled Back,2023-07-03T00:01:00Z,sat_service_status,sat_service_status:BV-CELLBATCH-001402:0002,USR-116,"[""BV-CELLBATCH-001402"",""BV-RECYCLINGORDER-000402"",""BV-VEHICLE-000402""]"
CELLBATCH-001446,Battery Pack Failed Test,2023-07-03T00:23:00Z,sat_shipment_status,sat_shipment_status:BV-CELLBATCH-001446:0001,USR-080,"[""BV-CELLBATCH-001446"",""BV-WARRANTYCLAIM-000446"",""BV-CERTIFICATE-000446""]"
CELLBATCH-001448,Battery Pack Failed Test,2023-07-03T06:25:00Z,sat_shipment_status,sat_shipment_status:BV-CELLBATCH-001448:0001,USR-114,"[""BV-CELLBATCH-001448"",""BV-WARRANTYCLAIM-000448""]"
CELLBATCH-001345,Battery Pack Failed Test,2023-07-03T10:00:00Z,sat_shipment_status,sat_shipment_status:BV-CELLBATCH-001345:0001,USR-014,"[""BV-CELLBATCH-001345"",""BV-WARRANTYCLAIM-000345""]"
CELLBATCH-001345,Firmware Installation Failed,2023-07-03T10:37:00Z,sat_diagnostic_result,sat_diagnostic_result:BV-CELLBATCH-001345:0002,USR-035,"[""BV-CELLBATCH-001345"",""BV-SECONDLIFESYSTEM-000345""]"
CELLBATCH-001345,Firmware Rolled Back,2023-07-03T11:14:00Z,sat_service_status,sat_service_status:BV-CELLBATCH-001345:0002,USR-036,"[""BV-CELLBATCH-001345"",""BV-RECYCLINGORDER-000345"",""BV-VEHICLE-000345""]"
CELLBATCH-001345,Second-Life Assessment Failed,2023-07-03T11:51:00Z,sat_recall_status,sat_recall_status:BV-CELLBATCH-001345:0002,USR-052,"[""BV-CELLBATCH-001345"",""BV-SECONDLIFESYSTEM-000345""]"
CELLBATCH-001450,Battery Pack Failed Test,2023-07-03T12:27:00Z,sat_shipment_status,sat_shipment_status:BV-CELLBATCH-001450:0001,USR-021,"[""BV-CELLBATCH-001450"",""BV-WARRANTYCLAIM-000450""]"
CELLBATCH-001452,Battery Pack Failed Test,2023-07-03T18:29:00Z,sat_shipment_status,sat_shipment_status:BV-CELLBATCH-001452:0001,USR-055,"[""BV-CELLBATCH-001452"",""BV-WARRANTYCLAIM-000452""]"
CELLBATCH-001409,Firmware Rolled Back,2023-07-03T21:08:00Z,sat_service_status,sat_service_status:BV-CELLBATCH-001409:0002,USR-108,"[""BV-CELLBATCH-001409"",""BV-RECYCLINGORDER-000409""]"
CELLBATCH-001454,Battery Pack Failed Test,2023-07-04T00:31:00Z,sat_shipment_status,sat_shipment_status:BV-CELLBATCH-001454:0001,USR-089,"[""BV-CELLBATCH-001454"",""BV-WARRANTYCLAIM-000454"",""BV-CERTIFICATE-000454""]"
CELLBATCH-001350,Battery Pack Failed Test,2023-07-04T01:00:00Z,sat_shipment_status,sat_shipment_status:BV-CELLBATCH-001350:0003,USR-099,"[""BV-CELLBATCH-001350"",""BV-WARRANTYCLAIM-000350""]"
CELLBATCH-001350,Firmware Installation Failed,2023-07-04T01:37:00Z,sat_diagnostic_result,sat_diagnostic_result:BV-CELLBATCH-001350:0002,USR-120,"[""BV-CELLBATCH-001350"",""BV-SECONDLIFESYSTEM-000350"",""BV-BATTERYPASSPORT-001350""]"
CELLBATCH-001350,Firmware Rolled Back,2023-07-04T02:14:00Z,sat_service_status,sat_service_status:BV-CELLBATCH-001350:0002,USR-121,"[""BV-CELLBATCH-001350"",""BV-RECYCLINGORDER-000350""]"
CELLBATCH-001350,Second-Life Assessment Failed,2023-07-04T02:51:00Z,sat_recall_status,sat_recall_status:BV-CELLBATCH-001350:0001,USR-010,"[""BV-CELLBATCH-001350"",""BV-SECONDLIFESYSTEM-000350""]"
CELLBATCH-001456,Battery Pack Failed Test,2023-07-04T06:33:00Z,sat_shipment_status,sat_shipment_status:BV-CELLBATCH-001456:0001,USR-123,"[""BV-CELLBATCH-001456"",""BV-WARRANTYCLAIM-000456""]"
CELLBATCH-001458,Battery Pack Failed Test,2023-07-04T12:35:00Z,sat_shipment_status,sat_shipment_status:BV-CELLBATCH-001458:0001,USR-030,"[""BV-CELLBATCH-001458"",""BV-WARRANTYCLAIM-000458""]"
CELLBATCH-001355,Battery Pack Failed Test,2023-07-04T16:00:00Z,sat_shipment_status,sat_shipment_status:BV-CELLBATCH-001355:0001,USR-057,"[""BV-CELLBATCH-001355"",""BV-WARRANTYCLAIM-000355""]"
CELLBATCH-001355,Firmware Installation Failed,2023-07-04T16:37:00Z,sat_diagnostic_result,sat_diagnostic_result:BV-CELLBATCH-001355:0002,USR-078,"[""BV-CELLBATCH-001355"",""BV-SECONDLIFESYSTEM-000355""]"
CELLBATCH-001355,Firmware Rolled Back,2023-07-04T17:14:00Z,sat_service_status,sat_service_status:BV-CELLBATCH-001355:0002,USR-079,"[""BV-CELLBATCH-001355"",""BV-RECYCLINGORDER-000355"",""BV-VEHICLE-000355""]"
CELLBATCH-001355,Second-Life Assessment Failed,2023-07-04T17:51:00Z,sat_recall_status,sat_recall_status:BV-CELLBATCH-001355:0003,USR-095,"[""BV-CELLBATCH-001355"",""BV-SECONDLIFESYSTEM-000355""]"
CELLBATCH-001416,Firmware Rolled Back,2023-07-04T18:15:00Z,sat_service_status,sat_service_status:BV-CELLBATCH-001416:0002,USR-100,"[""BV-CELLBATCH-001416"",""BV-RECYCLINGORDER-000416"",""BV-VEHICLE-000416""]"
CELLBATCH-001460,Battery Pack Failed Test,2023-07-04T18:37:00Z,sat_shipment_status,sat_shipment_status:BV-CELLBATCH-001460:0001,USR-064,"[""BV-CELLBATCH-001460"",""BV-WARRANTYCLAIM-000460""]"
CELLBATCH-001386,Second-Life Assessment Failed,2023-07-05T00:01:00Z,sat_recall_status,sat_recall_status:BV-CELLBATCH-001386:0001,USR-114,"[""BV-CELLBATCH-001386"",""BV-SECONDLIFESYSTEM-000386""]"
CELLBATCH-001462,Battery Pack Failed Test,2023-07-05T00:39:00Z,sat_shipment_status,sat_shipment_status:BV-CELLBATCH-001462:0001,USR-098,"[""BV-CELLBATCH-001462"",""BV-WARRANTYCLAIM-000462"",""BV-CERTIFICATE-000462""]"
CELLBATCH-001464,Battery Pack Failed Test,2023-07-05T06:41:00Z,sat_shipment_status,sat_shipment_status:BV-CELLBATCH-001464:0001,USR-005,"[""BV-CELLBATCH-001464"",""BV-WARRANTYCLAIM-000464""]"
CELLBATCH-001360,Battery Pack Failed Test,2023-07-05T07:00:00Z,sat_shipment_status,sat_shipment_status:BV-CELLBATCH-001360:0002,USR-015,"[""BV-CELLBATCH-001360"",""BV-WARRANTYCLAIM-000360"",""BV-CERTIFICATE-000360""]"
CELLBATCH-001360,Firmware Installation Failed,2023-07-05T07:37:00Z,sat_diagnostic_result,sat_diagnostic_result:BV-CELLBATCH-001360:0002,USR-036,"[""BV-CELLBATCH-001360"",""BV-SECONDLIFESYSTEM-000360""]"
CELLBATCH-001360,Firmware Rolled Back,2023-07-05T08:14:00Z,sat_service_status,sat_service_status:BV-CELLBATCH-001360:0004,USR-037,"[""BV-CELLBATCH-001360"",""BV-RECYCLINGORDER-000360"",""BV-VEHICLE-000360""]"
CELLBATCH-001360,Second-Life Assessment Failed,2023-07-05T08:51:00Z,sat_recall_status,sat_recall_status:BV-CELLBATCH-001360:0001,USR-053,"[""BV-CELLBATCH-001360"",""BV-SECONDLIFESYSTEM-000360""]"
CELLBATCH-001466,Battery Pack Failed Test,2023-07-05T12:43:00Z,sat_shipment_status,sat_shipment_status:BV-CELLBATCH-001466:0001,USR-039,"[""BV-CELLBATCH-001466"",""BV-WARRANTYCLAIM-000466"",""BV-CERTIFICATE-000466""]"
CELLBATCH-001423,Firmware Rolled Back,2023-07-05T15:22:00Z,sat_service_status,sat_service_status:BV-CELLBATCH-001423:0002,USR-092,"[""BV-CELLBATCH-001423"",""BV-RECYCLINGORDER-000423""]"
CELLBATCH-001468,Battery Pack Failed Test,2023-07-05T18:45:00Z,sat_shipment_status,sat_shipment_status:BV-CELLBATCH-001468:0001,USR-073,"[""BV-CELLBATCH-001468"",""BV-WARRANTYCLAIM-000468"",""BV-CERTIFICATE-000468""]"
CELLBATCH-001365,Battery Pack Failed Test,2023-07-05T22:00:00Z,sat_shipment_status,sat_shipment_status:BV-CELLBATCH-001365:0002,USR-100,"[""BV-CELLBATCH-001365"",""BV-WARRANTYCLAIM-000365"",""BV-CERTIFICATE-000365""]"
CELLBATCH-001365,Firmware Installation Failed,2023-07-05T22:37:00Z,sat_diagnostic_result,sat_diagnostic_result:BV-CELLBATCH-001365:0002,USR-121,"[""BV-CELLBATCH-001365"",""BV-SECONDLIFESYSTEM-000365""]"
CELLBATCH-001365,Firmware Rolled Back,2023-07-05T23:14:00Z,sat_service_status,sat_service_status:BV-CELLBATCH-001365:0002,USR-122,"[""BV-CELLBATCH-001365"",""BV-RECYCLINGORDER-000365""]"
CELLBATCH-001365,Second-Life Assessment Failed,2023-07-05T23:51:00Z,sat_recall_status,sat_recall_status:BV-CELLBATCH-001365:0003,USR-011,"[""BV-CELLBATCH-001365"",""BV-SECONDLIFESYSTEM-000365"",""BV-BATTERYPASSPORT-001365""]"
CELLBATCH-001470,Battery Pack Failed Test,2023-07-06T00:47:00Z,sat_shipment_status,sat_shipment_status:BV-CELLBATCH-001470:0001,USR-107,"[""BV-CELLBATCH-001470"",""BV-WARRANTYCLAIM-000470""]"
CELLBATCH-001472,Battery Pack Failed Test,2023-07-06T06:49:00Z,sat_shipment_status,sat_shipment_status:BV-CELLBATCH-001472:0001,USR-014,"[""BV-CELLBATCH-001472"",""BV-WARRANTYCLAIM-000472"",""BV-CERTIFICATE-000472""]"
CELLBATCH-001430,Firmware Rolled Back,2023-07-06T12:29:00Z,sat_service_status,sat_service_status:BV-CELLBATCH-001430:0002,USR-084,"[""BV-CELLBATCH-001430"",""BV-RECYCLINGORDER-000430""]"
CELLBATCH-001474,Battery Pack Failed Test,2023-07-06T12:51:00Z,sat_shipment_status,sat_shipment_status:BV-CELLBATCH-001474:0001,USR-048,"[""BV-CELLBATCH-001474"",""BV-WARRANTYCLAIM-000474"",""BV-CERTIFICATE-000474""]"
CELLBATCH-001370,Battery Pack Failed Test,2023-07-06T13:00:00Z,sat_shipment_status,sat_shipment_status:BV-CELLBATCH-001370:0002,USR-058,"[""BV-CELLBATCH-001370"",""BV-WARRANTYCLAIM-000370"",""BV-CERTIFICATE-000370""]"
CELLBATCH-001370,Firmware Installation Failed,2023-07-06T13:37:00Z,sat_diagnostic_result,sat_diagnostic_result:BV-CELLBATCH-001370:0002,USR-079,"[""BV-CELLBATCH-001370"",""BV-SECONDLIFESYSTEM-000370""]"
CELLBATCH-001370,Firmware Rolled Back,2023-07-06T14:14:00Z,sat_service_status,sat_service_status:BV-CELLBATCH-001370:0002,USR-080,"[""BV-CELLBATCH-001370"",""BV-RECYCLINGORDER-000370""]"
CELLBATCH-001370,Second-Life Assessment Failed,2023-07-06T14:51:00Z,sat_recall_status,sat_recall_status:BV-CELLBATCH-001370:0001,USR-096,"[""BV-CELLBATCH-001370"",""BV-SECONDLIFESYSTEM-000370"",""BV-BATTERYPASSPORT-001370""]"
CELLBATCH-001476,Battery Pack Failed Test,2023-07-06T18:00:00Z,sat_shipment_status,sat_shipment_status:BV-CELLBATCH-001476:0001,USR-082,"[""BV-CELLBATCH-001476"",""BV-WARRANTYCLAIM-000476"",""BV-CERTIFICATE-000476""]"
CELLBATCH-001478,Battery Pack Failed Test,2023-07-07T00:02:00Z,sat_shipment_status,sat_shipment_status:BV-CELLBATCH-001478:0001,USR-116,"[""BV-CELLBATCH-001478"",""BV-WARRANTYCLAIM-000478"",""BV-CERTIFICATE-000478""]"
CELLBATCH-001436,Firmware Installation Failed,2023-07-07T00:34:00Z,sat_diagnostic_result,sat_diagnostic_result:BV-CELLBATCH-001436:0002,USR-058,"[""BV-CELLBATCH-001436"",""BV-SECONDLIFESYSTEM-000436""]"
CELLBATCH-001375,Battery Pack Failed Test,2023-07-07T04:00:00Z,sat_shipment_status,sat_shipment_status:BV-CELLBATCH-001375:0001,USR-016,"[""BV-CELLBATCH-001375"",""BV-WARRANTYCLAIM-000375"",""BV-CERTIFICATE-000375""]"
CELLBATCH-001375,Firmware Installation Failed,2023-07-07T04:37:00Z,sat_diagnostic_result,sat_diagnostic_result:BV-CELLBATCH-001375:0003,USR-037,"[""BV-CELLBATCH-001375"",""BV-SECONDLIFESYSTEM-000375""]"
CELLBATCH-001375,Firmware Rolled Back,2023-07-07T05:14:00Z,sat_service_status,sat_service_status:BV-CELLBATCH-001375:0002,USR-038,"[""BV-CELLBATCH-001375"",""BV-RECYCLINGORDER-000375""]"
CELLBATCH-001375,Second-Life Assessment Failed,2023-07-07T05:51:00Z,sat_recall_status,sat_recall_status:BV-CELLBATCH-001375:0002,USR-054,"[""BV-CELLBATCH-001375"",""BV-SECONDLIFESYSTEM-000375"",""BV-BATTERYPASSPORT-001375""]"
CELLBATCH-001480,Battery Pack Failed Test,2023-07-07T06:04:00Z,sat_shipment_status,sat_shipment_status:BV-CELLBATCH-001480:0001,USR-023,"[""BV-CELLBATCH-001480"",""BV-WARRANTYCLAIM-000480""]"
CELLBATCH-001437,Firmware Rolled Back,2023-07-07T09:36:00Z,sat_service_status,sat_service_status:BV-CELLBATCH-001437:0002,USR-076,"[""BV-CELLBATCH-001437"",""BV-RECYCLINGORDER-000437""]"
CELLBATCH-001482,Battery Pack Failed Test,2023-07-07T12:06:00Z,sat_shipment_status,sat_shipment_status:BV-CELLBATCH-001482:0001,USR-057,"[""BV-CELLBATCH-001482"",""BV-WARRANTYCLAIM-000482""]"
CELLBATCH-001484,Battery Pack Failed Test,2023-07-07T18:08:00Z,sat_shipment_status,sat_shipment_status:BV-CELLBATCH-001484:0001,USR-091,"[""BV-CELLBATCH-001484"",""BV-WARRANTYCLAIM-000484"",""BV-CERTIFICATE-000484""]"
CELLBATCH-001380,Battery Pack Failed Test,2023-07-07T19:00:00Z,sat_shipment_status,sat_shipment_status:BV-CELLBATCH-001380:0002,USR-101,"[""BV-CELLBATCH-001380"",""BV-WARRANTYCLAIM-000380""]"
CELLBATCH-001380,Firmware Installation Failed,2023-07-07T19:37:00Z,sat_diagnostic_result,sat_diagnostic_result:BV-CELLBATCH-001380:0002,USR-122,"[""BV-CELLBATCH-001380"",""BV-SECONDLIFESYSTEM-000380""]"
CELLBATCH-001380,Firmware Rolled Back,2023-07-07T20:14:00Z,sat_service_status,sat_service_status:BV-CELLBATCH-001380:0002,USR-123,"[""BV-CELLBATCH-001380"",""BV-RECYCLINGORDER-000380"",""BV-VEHICLE-000380""]"
CELLBATCH-001380,Second-Life Assessment Failed,2023-07-07T20:51:00Z,sat_recall_status,sat_recall_status:BV-CELLBATCH-001380:0001,USR-012,"[""BV-CELLBATCH-001380"",""BV-SECONDLIFESYSTEM-000380""]"
CELLBATCH-001486,Battery Pack Failed Test,2023-07-08T00:10:00Z,sat_shipment_status,sat_shipment_status:BV-CELLBATCH-001486:0001,USR-125,"[""BV-CELLBATCH-001486"",""BV-WARRANTYCLAIM-000486"",""BV-CERTIFICATE-000486""]"
CELLBATCH-001488,Battery Pack Failed Test,2023-07-08T06:12:00Z,sat_shipment_status,sat_shipment_status:BV-CELLBATCH-001488:0001,USR-032,"[""BV-CELLBATCH-001488"",""BV-WARRANTYCLAIM-000488""]"
CELLBATCH-001444,Firmware Rolled Back,2023-07-08T06:43:00Z,sat_service_status,sat_service_status:BV-CELLBATCH-001444:0002,USR-068,"[""BV-CELLBATCH-001444"",""BV-RECYCLINGORDER-000444"",""BV-VEHICLE-000444""]"
CELLBATCH-001385,Battery Pack Failed Test,2023-07-08T10:00:00Z,sat_shipment_status,sat_shipment_status:BV-CELLBATCH-001385:0001,USR-059,"[""BV-CELLBATCH-001385"",""BV-WARRANTYCLAIM-000385""]"
CELLBATCH-001385,Firmware Installation Failed,2023-07-08T10:37:00Z,sat_diagnostic_result,sat_diagnostic_result:BV-CELLBATCH-001385:0002,USR-080,"[""BV-CELLBATCH-001385"",""BV-SECONDLIFESYSTEM-000385"",""BV-BATTERYPASSPORT-001385""]"
CELLBATCH-001385,Firmware Rolled Back,2023-07-08T11:14:00Z,sat_service_status,sat_service_status:BV-CELLBATCH-001385:0002,USR-081,"[""BV-CELLBATCH-001385"",""BV-RECYCLINGORDER-000385""]"
CELLBATCH-001385,Second-Life Assessment Failed,2023-07-08T11:51:00Z,sat_recall_status,sat_recall_status:BV-CELLBATCH-001385:0002,USR-097,"[""BV-CELLBATCH-001385"",""BV-SECONDLIFESYSTEM-000385""]"
CELLBATCH-001490,Battery Pack Failed Test,2023-07-08T12:14:00Z,sat_shipment_status,sat_shipment_status:BV-CELLBATCH-001490:0001,USR-066,"[""BV-CELLBATCH-001490"",""BV-WARRANTYCLAIM-000490"",""BV-CERTIFICATE-000490""]"
CELLBATCH-001492,Battery Pack Failed Test,2023-07-08T18:16:00Z,sat_shipment_status,sat_shipment_status:BV-CELLBATCH-001492:0001,USR-100,"[""BV-CELLBATCH-001492"",""BV-WARRANTYCLAIM-000492""]"
CELLBATCH-001417,Second-Life Assessment Failed,2023-07-08T21:32:00Z,sat_recall_status,sat_recall_status:BV-CELLBATCH-001417:0002,USR-006,"[""BV-CELLBATCH-001417"",""BV-SECONDLIFESYSTEM-000417"",""BV-BATTERYPASSPORT-001417""]"
CELLBATCH-001494,Battery Pack Failed Test,2023-07-09T00:18:00Z,sat_shipment_status,sat_shipment_status:BV-CELLBATCH-001494:0001,USR-007,"[""BV-CELLBATCH-001494"",""BV-WARRANTYCLAIM-000494""]"
CELLBATCH-001390,Battery Pack Failed Test,2023-07-09T01:00:00Z,sat_shipment_status,sat_shipment_status:BV-CELLBATCH-001390:0002,USR-017,"[""BV-CELLBATCH-001390"",""BV-WARRANTYCLAIM-000390""]"
CELLBATCH-001390,Firmware Installation Failed,2023-07-09T01:37:00Z,sat_diagnostic_result,sat_diagnostic_result:BV-CELLBATCH-001390:0002,USR-038,"[""BV-CELLBATCH-001390"",""BV-SECONDLIFESYSTEM-000390""]"
CELLBATCH-001390,Firmware Rolled Back,2023-07-09T02:14:00Z,sat_service_status,sat_service_status:BV-CELLBATCH-001390:0002,USR-039,"[""BV-CELLBATCH-001390"",""BV-RECYCLINGORDER-000390"",""BV-VEHICLE-000390""]"
CELLBATCH-001390,Second-Life Assessment Failed,2023-07-09T02:51:00Z,sat_recall_status,sat_recall_status:BV-CELLBATCH-001390:0002,USR-055,"[""BV-CELLBATCH-001390"",""BV-SECONDLIFESYSTEM-000390""]"
CELLBATCH-001451,Firmware Rolled Back,2023-07-09T03:50:00Z,sat_service_status,sat_service_status:BV-CELLBATCH-001451:0002,USR-060,"[""BV-CELLBATCH-001451"",""BV-RECYCLINGORDER-000451"",""BV-VEHICLE-000451""]"
CELLBATCH-001496,Battery Pack Failed Test,2023-07-09T06:20:00Z,sat_shipment_status,sat_shipment_status:BV-CELLBATCH-001496:0001,USR-041,"[""BV-CELLBATCH-001496"",""BV-WARRANTYCLAIM-000496""]"
CELLBATCH-001498,Battery Pack Failed Test,2023-07-09T12:22:00Z,sat_shipment_status,sat_shipment_status:BV-CELLBATCH-001498:0001,USR-075,"[""BV-CELLBATCH-001498"",""BV-WARRANTYCLAIM-000498""]"
CELLBATCH-001395,Battery Pack Failed Test,2023-07-09T16:00:00Z,sat_shipment_status,sat_shipment_status:BV-CELLBATCH-001395:0001,USR-102,"[""BV-CELLBATCH-001395"",""BV-WARRANTYCLAIM-000395"",""BV-CERTIFICATE-000395""]"
CELLBATCH-001395,Firmware Installation Failed,2023-07-09T16:37:00Z,sat_diagnostic_result,sat_diagnostic_result:BV-CELLBATCH-001395:0002,USR-123,"[""BV-CELLBATCH-001395"",""BV-SECONDLIFESYSTEM-000395""]"
CELLBATCH-001395,Firmware Rolled Back,2023-07-09T17:14:00Z,sat_service_status,sat_service_status:BV-CELLBATCH-001395:0003,USR-124,"[""BV-CELLBATCH-001395"",""BV-RECYCLINGORDER-000395""]"
CELLBATCH-001395,Second-Life Assessment Failed,2023-07-09T17:51:00Z,sat_recall_status,sat_recall_status:BV-CELLBATCH-001395:0002,USR-013,"[""BV-CELLBATCH-001395"",""BV-SECONDLIFESYSTEM-000395"",""BV-BATTERYPASSPORT-001395""]"
CELLBATCH-001500,Battery Pack Failed Test,2023-07-09T18:24:00Z,sat_shipment_status,sat_shipment_status:BV-CELLBATCH-001500:0001,USR-109,"[""BV-CELLBATCH-001500"",""BV-WARRANTYCLAIM-000500"",""BV-CERTIFICATE-000500""]"
CELLBATCH-001458,Firmware Rolled Back,2023-07-10T00:04:00Z,sat_service_status,sat_service_status:BV-CELLBATCH-001458:0003,USR-052,"[""BV-CELLBATCH-001458"",""BV-RECYCLINGORDER-000458"",""BV-VEHICLE-000458""]"
CELLBATCH-001502,Battery Pack Failed Test,2023-07-10T00:26:00Z,sat_shipment_status,sat_shipment_status:BV-CELLBATCH-001502:0001,USR-016,"[""BV-CELLBATCH-001502"",""BV-WARRANTYCLAIM-000002""]"
CELLBATCH-001504,Battery Pack Failed Test,2023-07-10T06:28:00Z,sat_shipment_status,sat_shipment_status:BV-CELLBATCH-001504:0001,USR-050,"[""BV-CELLBATCH-001504"",""BV-WARRANTYCLAIM-000004""]"
CELLBATCH-001400,Battery Pack Failed Test,2023-07-10T07:00:00Z,sat_shipment_status,sat_shipment_status:BV-CELLBATCH-001400:0003,USR-060,"[""BV-CELLBATCH-001400"",""BV-WARRANTYCLAIM-000400""]"
CELLBATCH-001400,Firmware Installation Failed,2023-07-10T07:37:00Z,sat_diagnostic_result,sat_diagnostic_result:BV-CELLBATCH-001400:0002,USR-081,"[""BV-CELLBATCH-001400"",""BV-SECONDLIFESYSTEM-000400"",""BV-BATTERYPASSPORT-001400""]"
CELLBATCH-001400,Firmware Rolled Back,2023-07-10T08:14:00Z,sat_service_status,sat_service_status:BV-CELLBATCH-001400:0002,USR-082,"[""BV-CELLBATCH-001400"",""BV-RECYCLINGORDER-000400""]"
CELLBATCH-001400,Second-Life Assessment Failed,2023-07-10T08:51:00Z,sat_recall_status,sat_recall_status:BV-CELLBATCH-001400:0001,USR-098,"[""BV-CELLBATCH-001400"",""BV-SECONDLIFESYSTEM-000400""]"
CELLBATCH-001506,Battery Pack Failed Test,2023-07-10T12:30:00Z,sat_shipment_status,sat_shipment_status:BV-CELLBATCH-001506:0001,USR-084,"[""BV-CELLBATCH-001506"",""BV-WARRANTYCLAIM-000006""]"
CELLBATCH-001508,Battery Pack Failed Test,2023-07-10T18:32:00Z,sat_shipment_status,sat_shipment_status:BV-CELLBATCH-001508:0001,USR-118,"[""BV-CELLBATCH-001508"",""BV-WARRANTYCLAIM-000008"",""BV-CERTIFICATE-000008""]"
CELLBATCH-001465,Firmware Rolled Back,2023-07-10T21:11:00Z,sat_service_status,sat_service_status:BV-CELLBATCH-001465:0002,USR-044,"[""BV-CELLBATCH-001465"",""BV-RECYCLINGORDER-000465"",""BV-VEHICLE-000465""]"
CELLBATCH-001405,Battery Pack Failed Test,2023-07-10T22:00:00Z,sat_shipment_status,sat_shipment_status:BV-CELLBATCH-001405:0001,USR-018,"[""BV-CELLBATCH-001405"",""BV-WARRANTYCLAIM-000405""]"
CELLBATCH-001405,Firmware Installation Failed,2023-07-10T22:37:00Z,sat_diagnostic_result,sat_diagnostic_result:BV-CELLBATCH-001405:0002,USR-039,"[""BV-CELLBATCH-001405"",""BV-SECONDLIFESYSTEM-000405"",""BV-BATTERYPASSPORT-001405""]"
CELLBATCH-001405,Firmware Rolled Back,2023-07-10T23:14:00Z,sat_service_status,sat_service_status:BV-CELLBATCH-001405:0002,USR-040,"[""BV-CELLBATCH-001405"",""BV-RECYCLINGORDER-000405""]"
CELLBATCH-001405,Second-Life Assessment Failed,2023-07-10T23:51:00Z,sat_recall_status,sat_recall_status:BV-CELLBATCH-001405:0003,USR-056,"[""BV-CELLBATCH-001405"",""BV-SECONDLIFESYSTEM-000405""]"
CELLBATCH-001510,Battery Pack Failed Test,2023-07-11T00:34:00Z,sat_shipment_status,sat_shipment_status:BV-CELLBATCH-001510:0001,USR-025,"[""BV-CELLBATCH-001510"",""BV-WARRANTYCLAIM-000010""]"
CELLBATCH-001512,Battery Pack Failed Test,2023-07-11T06:36:00Z,sat_shipment_status,sat_shipment_status:BV-CELLBATCH-001512:0001,USR-059,"[""BV-CELLBATCH-001512"",""BV-WARRANTYCLAIM-000012""]"
CELLBATCH-001514,Battery Pack Failed Test,2023-07-11T12:38:00Z,sat_shipment_status,sat_shipment_status:BV-CELLBATCH-001514:0001,USR-093,"[""BV-CELLBATCH-001514"",""BV-WARRANTYCLAIM-000014"",""BV-CERTIFICATE-000014""]"
CELLBATCH-001410,Battery Pack Failed Test,2023-07-11T13:00:00Z,sat_shipment_status,sat_shipment_status:BV-CELLBATCH-001410:0002,USR-103,"[""BV-CELLBATCH-001410"",""BV-WARRANTYCLAIM-000410"",""BV-CERTIFICATE-000410""]"
CELLBATCH-001410,Firmware Installation Failed,2023-07-11T13:37:00Z,sat_diagnostic_result,sat_diagnostic_result:BV-CELLBATCH-001410:0002,USR-124,"[""BV-CELLBATCH-001410"",""BV-SECONDLIFESYSTEM-000410""]"
CELLBATCH-001410,Firmware Rolled Back,2023-07-11T14:14:00Z,sat_service_status,sat_service_status:BV-CELLBATCH-001410:0002,USR-125,"[""BV-CELLBATCH-001410"",""BV-RECYCLINGORDER-000410""]"
CELLBATCH-001410,Second-Life Assessment Failed,2023-07-11T14:51:00Z,sat_recall_status,sat_recall_status:BV-CELLBATCH-001410:0001,USR-014,"[""BV-CELLBATCH-001410"",""BV-SECONDLIFESYSTEM-000410"",""BV-BATTERYPASSPORT-001410""]"
CELLBATCH-001473,Firmware Installation Failed,2023-07-11T15:18:00Z,sat_diagnostic_result,sat_diagnostic_result:BV-CELLBATCH-001473:0002,USR-052,"[""BV-CELLBATCH-001473"",""BV-SECONDLIFESYSTEM-000473"",""BV-BATTERYPASSPORT-001473""]"
CELLBATCH-001472,Firmware Rolled Back,2023-07-11T18:18:00Z,sat_service_status,sat_service_status:BV-CELLBATCH-001472:0002,USR-036,"[""BV-CELLBATCH-001472"",""BV-RECYCLINGORDER-000472"",""BV-VEHICLE-000472""]"
CELLBATCH-001516,Battery Pack Failed Test,2023-07-11T18:40:00Z,sat_shipment_status,sat_shipment_status:BV-CELLBATCH-001516:0001,USR-127,"[""BV-CELLBATCH-001516"",""BV-WARRANTYCLAIM-000016"",""BV-CERTIFICATE-000016""]"
CELLBATCH-001518,Battery Pack Failed Test,2023-07-12T00:42:00Z,sat_shipment_status,sat_shipment_status:BV-CELLBATCH-001518:0001,USR-034,"[""BV-CELLBATCH-001518"",""BV-WARRANTYCLAIM-000018""]"
CELLBATCH-001415,Battery Pack Failed Test,2023-07-12T04:00:00Z,sat_shipment_status,sat_shipment_status:BV-CELLBATCH-001415:0001,USR-061,"[""BV-CELLBATCH-001415"",""BV-WARRANTYCLAIM-000415"",""BV-CERTIFICATE-000415""]"
CELLBATCH-001415,Firmware Installation Failed,2023-07-12T04:37:00Z,sat_diagnostic_result,sat_diagnostic_result:BV-CELLBATCH-001415:0002,USR-082,"[""BV-CELLBATCH-001415"",""BV-SECONDLIFESYSTEM-000415""]"
CELLBATCH-001415,Firmware Rolled Back,2023-07-12T05:14:00Z,sat_service_status,sat_service_status:BV-CELLBATCH-001415:0002,USR-083,"[""BV-CELLBATCH-001415"",""BV-RECYCLINGORDER-000415"",""BV-VEHICLE-000415""]"
CELLBATCH-001415,Second-Life Assessment Failed,2023-07-12T05:51:00Z,sat_recall_status,sat_recall_status:BV-CELLBATCH-001415:0002,USR-099,"[""BV-CELLBATCH-001415"",""BV-SECONDLIFESYSTEM-000415""]"
CELLBATCH-001520,Battery Pack Failed Test,2023-07-12T06:44:00Z,sat_shipment_status,sat_shipment_status:BV-CELLBATCH-001520:0001,USR-068,"[""BV-CELLBATCH-001520"",""BV-WARRANTYCLAIM-000020""]"
CELLBATCH-001522,Battery Pack Failed Test,2023-07-12T12:46:00Z,sat_shipment_status,sat_shipment_status:BV-CELLBATCH-001522:0001,USR-102,"[""BV-CELLBATCH-001522"",""BV-WARRANTYCLAIM-000022"",""BV-CERTIFICATE-000022""]"
CELLBATCH-001479,Firmware Rolled Back,2023-07-12T15:25:00Z,sat_service_status,sat_service_status:BV-CELLBATCH-001479:0002,USR-028,"[""BV-CELLBATCH-001479"",""BV-RECYCLINGORDER-000479""]"
CELLBATCH-001448,Second-Life Assessment Failed,2023-07-12T18:10:00Z,sat_recall_status,sat_recall_status:BV-CELLBATCH-001448:0001,USR-025,"[""BV-CELLBATCH-001448"",""BV-SECONDLIFESYSTEM-000448"",""BV-BATTERYPASSPORT-001448""]"
CELLBATCH-001524,Battery Pack Failed Test,2023-07-12T18:48:00Z,sat_shipment_status,sat_shipment_status:BV-CELLBATCH-001524:0001,USR-009,"[""BV-CELLBATCH-001524"",""BV-WARRANTYCLAIM-000024""]"
CELLBATCH-001420,Battery Pack Failed Test,2023-07-12T19:00:00Z,sat_shipment_status,sat_shipment_status:BV-CELLBATCH-001420:0003,USR-019,"[""BV-CELLBATCH-001420"",""BV-WARRANTYCLAIM-000420""]"
CELLBATCH-001420,Firmware Installation Failed,2023-07-12T19:37:00Z,sat_diagnostic_result,sat_diagnostic_result:BV-CELLBATCH-001420:0002,USR-040,"[""BV-CELLBATCH-001420"",""BV-SECONDLIFESYSTEM-000420""]"
CELLBATCH-001420,Firmware Rolled Back,2023-07-12T20:14:00Z,sat_service_status,sat_service_status:BV-CELLBATCH-001420:0002,USR-041,"[""BV-CELLBATCH-001420"",""BV-RECYCLINGORDER-000420"",""BV-VEHICLE-000420""]"
CELLBATCH-001420,Second-Life Assessment Failed,2023-07-12T20:51:00Z,sat_recall_status,sat_recall_status:BV-CELLBATCH-001420:0001,USR-057,"[""BV-CELLBATCH-001420"",""BV-SECONDLIFESYSTEM-000420""]"
CELLBATCH-001526,Battery Pack Failed Test,2023-07-13T00:50:00Z,sat_shipment_status,sat_shipment_status:BV-CELLBATCH-001526:0001,USR-043,"[""BV-CELLBATCH-001526"",""BV-WARRANTYCLAIM-000026"",""BV-CERTIFICATE-000026""]"
CELLBATCH-001528,Battery Pack Failed Test,2023-07-13T06:52:00Z,sat_shipment_status,sat_shipment_status:BV-CELLBATCH-001528:0001,USR-077,"[""BV-CELLBATCH-001528"",""BV-WARRANTYCLAIM-000028""]"
CELLBATCH-001425,Battery Pack Failed Test,2023-07-13T10:00:00Z,sat_shipment_status,sat_shipment_status:BV-CELLBATCH-001425:0001,USR-104,"[""BV-CELLBATCH-001425"",""BV-WARRANTYCLAIM-000425""]"
CELLBATCH-001425,Firmware Installation Failed,2023-07-13T10:37:00Z,sat_diagnostic_result,sat_diagnostic_result:BV-CELLBATCH-001425:0002,USR-125,"[""BV-CELLBATCH-001425"",""BV-SECONDLIFESYSTEM-000425""]"
CELLBATCH-001425,Firmware Rolled Back,2023-07-13T11:14:00Z,sat_service_status,sat_service_status:BV-CELLBATCH-001425:0002,USR-126,"[""BV-CELLBATCH-001425"",""BV-RECYCLINGORDER-000425"",""BV-VEHICLE-000425""]"
CELLBATCH-001425,Second-Life Assessment Failed,2023-07-13T11:51:00Z,sat_recall_status,sat_recall_status:BV-CELLBATCH-001425:0002,USR-015,"[""BV-CELLBATCH-001425"",""BV-SECONDLIFESYSTEM-000425""]"
CELLBATCH-001530,Battery Pack Failed Test,2023-07-13T12:01:00Z,sat_shipment_status,sat_shipment_status:BV-CELLBATCH-001530:0001,USR-111,"[""BV-CELLBATCH-001530"",""BV-WARRANTYCLAIM-000030""]"
CELLBATCH-001486,Firmware Rolled Back,2023-07-13T12:32:00Z,sat_service_status,sat_service_status:BV-CELLBATCH-001486:0002,USR-020,"[""BV-CELLBATCH-001486"",""BV-RECYCLINGORDER-000486"",""BV-VEHICLE-000486""]"
CELLBATCH-001532,Battery Pack Failed Test,2023-07-13T18:03:00Z,sat_shipment_status,sat_shipment_status:BV-CELLBATCH-001532:0001,USR-018,"[""BV-CELLBATCH-001532"",""BV-WARRANTYCLAIM-000032"",""BV-CERTIFICATE-000032""]"
CELLBATCH-001534,Battery Pack Failed Test,2023-07-14T00:05:00Z,sat_shipment_status,sat_shipment_status:BV-CELLBATCH-001534:0001,USR-052,"[""BV-CELLBATCH-001534"",""BV-WARRANTYCLAIM-000034""]"
CELLBATCH-001430,Battery Pack Failed Test,2023-07-14T01:00:00Z,sat_shipment_status,sat_shipment_status:BV-CELLBATCH-001430:0002,USR-062,"[""BV-CELLBATCH-001430"",""BV-WARRANTYCLAIM-000430""]"
CELLBATCH-001430,Firmware Installation Failed,2023-07-14T01:37:00Z,sat_diagnostic_result,sat_diagnostic_result:BV-CELLBATCH-001430:0002,USR-083,"[""BV-CELLBATCH-001430"",""BV-SECONDLIFESYSTEM-000430""]"
CELLBATCH-001430,Firmware Rolled Back,2023-07-14T02:14:00Z,sat_service_status,sat_service_status:BV-CELLBATCH-001430:0003,USR-084,"[""BV-CELLBATCH-001430"",""BV-RECYCLINGORDER-000430"",""BV-VEHICLE-000430""]"
CELLBATCH-001430,Second-Life Assessment Failed,2023-07-14T02:51:00Z,sat_recall_status,sat_recall_status:BV-CELLBATCH-001430:0002,USR-100,"[""BV-CELLBATCH-001430"",""BV-SECONDLIFESYSTEM-000430""]"
CELLBATCH-001536,Battery Pack Failed Test,2023-07-14T06:07:00Z,sat_shipment_status,sat_shipment_status:BV-CELLBATCH-001536:0001,USR-086,"[""BV-CELLBATCH-001536"",""BV-WARRANTYCLAIM-000036""]"
CELLBATCH-001493,Firmware Rolled Back,2023-07-14T09:39:00Z,sat_service_status,sat_service_status:BV-CELLBATCH-001493:0002,USR-012,"[""BV-CELLBATCH-001493"",""BV-RECYCLINGORDER-000493""]"
CELLBATCH-001538,Battery Pack Failed Test,2023-07-14T12:09:00Z,sat_shipment_status,sat_shipment_status:BV-CELLBATCH-001538:0001,USR-120,"[""BV-CELLBATCH-001538"",""BV-WARRANTYCLAIM-000038"",""BV-CERTIFICATE-000038""]"
CELLBATCH-001435,Battery Pack Failed Test,2023-07-14T16:00:00Z,sat_shipment_status,sat_shipment_status:BV-CELLBATCH-001435:0002,USR-020,"[""BV-CELLBATCH-001435"",""BV-WARRANTYCLAIM-000435""]"
CELLBATCH-001435,Firmware Installation Failed,2023-07-14T16:37:00Z,sat_diagnostic_result,sat_diagnostic_result:BV-CELLBATCH-001435:0002,USR-041,"[""BV-CELLBATCH-001435"",""BV-SECONDLIFESYSTEM-000435"",""BV-BATTERYPASSPORT-001435""]"
CELLBATCH-001435,Firmware Rolled Back,2023-07-14T17:14:00Z,sat_service_status,sat_service_status:BV-CELLBATCH-001435:0003,USR-042,"[""BV-CELLBATCH-001435"",""BV-RECYCLINGORDER-000435""]"
CELLBATCH-001435,Second-Life Assessment Failed,2023-07-14T17:51:00Z,sat_recall_status,sat_recall_status:BV-CELLBATCH-001435:0002,USR-058,"[""BV-CELLBATCH-001435"",""BV-SECONDLIFESYSTEM-000435""]"
CELLBATCH-001540,Battery Pack Failed Test,2023-07-14T18:11:00Z,sat_shipment_status,sat_shipment_status:BV-CELLBATCH-001540:0001,USR-027,"[""BV-CELLBATCH-001540"",""BV-WARRANTYCLAIM-000040""]"
CELLBATCH-001542,Battery Pack Failed Test,2023-07-15T00:13:00Z,sat_shipment_status,sat_shipment_status:BV-CELLBATCH-001542:0001,USR-061,"[""BV-CELLBATCH-001542"",""BV-WARRANTYCLAIM-000042""]"
CELLBATCH-001544,Battery Pack Failed Test,2023-07-15T06:15:00Z,sat_shipment_status,sat_shipment_status:BV-CELLBATCH-001544:0001,USR-095,"[""BV-CELLBATCH-001544"",""BV-WARRANTYCLAIM-000044""]"
CELLBATCH-001500,Firmware Rolled Back,2023-07-15T06:46:00Z,sat_service_status,sat_service_status:BV-CELLBATCH-001500:0002,USR-004,"[""BV-CELLBATCH-001500"",""BV-RECYCLINGORDER-000500"",""BV-VEHICLE-000500""]"
CELLBATCH-001440,Battery Pack Failed Test,2023-07-15T07:00:00Z,sat_shipment_status,sat_shipment_status:BV-CELLBATCH-001440:0002,USR-105,"[""BV-CELLBATCH-001440"",""BV-WARRANTYCLAIM-000440""]"
CELLBATCH-001440,Firmware Installation Failed,2023-07-15T07:37:00Z,sat_diagnostic_result,sat_diagnostic_result:BV-CELLBATCH-001440:0002,USR-126,"[""BV-CELLBATCH-001440"",""BV-SECONDLIFESYSTEM-000440"",""BV-BATTERYPASSPORT-001440""]"
CELLBATCH-001440,Firmware Rolled Back,2023-07-15T08:14:00Z,sat_service_status,sat_service_status:BV-CELLBATCH-001440:0002,USR-127,"[""BV-CELLBATCH-001440"",""BV-RECYCLINGORDER-000440""]"
CELLBATCH-001440,Second-Life Assessment Failed,2023-07-15T08:51:00Z,sat_recall_status,sat_recall_status:BV-CELLBATCH-001440:0001,USR-016,"[""BV-CELLBATCH-001440"",""BV-SECONDLIFESYSTEM-000440""]"
CELLBATCH-001546,Battery Pack Failed Test,2023-07-15T12:17:00Z,sat_shipment_status,sat_shipment_status:BV-CELLBATCH-001546:0001,USR-002,"[""BV-CELLBATCH-001546"",""BV-WARRANTYCLAIM-000046"",""BV-CERTIFICATE-000046""]"
CELLBATCH-001548,Battery Pack Failed Test,2023-07-15T18:19:00Z,sat_shipment_status,sat_shipment_status:BV-CELLBATCH-001548:0001,USR-036,"[""BV-CELLBATCH-001548"",""BV-WARRANTYCLAIM-000048""]"
CELLBATCH-001445,Battery Pack Failed Test,2023-07-15T22:00:00Z,sat_shipment_status,sat_shipment_status:BV-CELLBATCH-001445:0001,USR-063,"[""BV-CELLBATCH-001445"",""BV-WARRANTYCLAIM-000445""]"
CELLBATCH-001445,Firmware Installation Failed,2023-07-15T22:37:00Z,sat_diagnostic_result,sat_diagnostic_result:BV-CELLBATCH-001445:0002,USR-084,"[""BV-CELLBATCH-001445"",""BV-SECONDLIFESYSTEM-000445"",""BV-BATTERYPASSPORT-001445""]"
CELLBATCH-001445,Firmware Rolled Back,2023-07-15T23:14:00Z,sat_service_status,sat_service_status:BV-CELLBATCH-001445:0002,USR-085,"[""BV-CELLBATCH-001445"",""BV-RECYCLINGORDER-000445""]"
CELLBATCH-001445,Second-Life Assessment Failed,2023-07-15T23:51:00Z,sat_recall_status,sat_recall_status:BV-CELLBATCH-001445:0002,USR-101,"[""BV-CELLBATCH-001445"",""BV-SECONDLIFESYSTEM-000445"",""BV-BATTERYPASSPORT-001445""]"
CELLBATCH-001550,Battery Pack Failed Test,2023-07-16T00:21:00Z,sat_shipment_status,sat_shipment_status:BV-CELLBATCH-001550:0001,USR-070,"[""BV-CELLBATCH-001550"",""BV-WARRANTYCLAIM-000050"",""BV-CERTIFICATE-000050""]"
CELLBATCH-001507,Firmware Rolled Back,2023-07-16T03:00:00Z,sat_service_status,sat_service_status:BV-CELLBATCH-001507:0002,USR-123,"[""BV-CELLBATCH-001507"",""BV-RECYCLINGORDER-000007"",""BV-VEHICLE-000007""]"
CELLBATCH-001510,Firmware Installation Failed,2023-07-16T06:02:00Z,sat_diagnostic_result,sat_diagnostic_result:BV-CELLBATCH-001510:0002,USR-046,"[""BV-CELLBATCH-001510"",""BV-SECONDLIFESYSTEM-000010""]"
CELLBATCH-001552,Battery Pack Failed Test,2023-07-16T06:23:00Z,sat_shipment_status,sat_shipment_status:BV-CELLBATCH-001552:0001,USR-104,"[""BV-CELLBATCH-001552"",""BV-WARRANTYCLAIM-000052""]"
CELLBATCH-001554,Battery Pack Failed Test,2023-07-16T12:25:00Z,sat_shipment_status,sat_shipment_status:BV-CELLBATCH-001554:0001,USR-011,"[""BV-CELLBATCH-001554"",""BV-WARRANTYCLAIM-000054"",""BV-CERTIFICATE-000054""]"
CELLBATCH-001450,Battery Pack Failed Test,2023-07-16T13:00:00Z,sat_shipment_status,sat_shipment_status:BV-CELLBATCH-001450:0002,USR-021,"[""BV-CELLBATCH-001450"",""BV-WARRANTYCLAIM-000450"",""BV-CERTIFICATE-000450""]"
CELLBATCH-001450,Firmware Installation Failed,2023-07-16T13:37:00Z,sat_diagnostic_result,sat_diagnostic_result:BV-CELLBATCH-001450:0002,USR-042,"[""BV-CELLBATCH-001450"",""BV-SECONDLIFESYSTEM-000450""]"
CELLBATCH-001450,Firmware Rolled Back,2023-07-16T14:14:00Z,sat_service_status,sat_service_status:BV-CELLBATCH-001450:0002,USR-043,"[""BV-CELLBATCH-001450"",""BV-RECYCLINGORDER-000450"",""BV-VEHICLE-000450""]"
CELLBATCH-001450,Second-Life Assessment Failed,2023-07-16T14:51:00Z,sat_recall_status,sat_recall_status:BV-CELLBATCH-001450:0001,USR-059,"[""BV-CELLBATCH-001450"",""BV-SECONDLIFESYSTEM-000450""]"
CELLBATCH-001479,Second-Life Assessment Failed,2023-07-16T15:41:00Z,sat_recall_status,sat_recall_status:BV-CELLBATCH-001479:0003,USR-044,"[""BV-CELLBATCH-001479"",""BV-SECONDLIFESYSTEM-000479"",""BV-BATTERYPASSPORT-001479""]"
CELLBATCH-001556,Battery Pack Failed Test,2023-07-16T18:27:00Z,sat_shipment_status,sat_shipment_status:BV-CELLBATCH-001556:0001,USR-045,"[""BV-CELLBATCH-001556"",""BV-WARRANTYCLAIM-000056"",""BV-CERTIFICATE-000056""]"
CELLBATCH-001514,Firmware Rolled Back,2023-07-17T00:07:00Z,sat_service_status,sat_service_status:BV-CELLBATCH-001514:0002,USR-115,"[""BV-CELLBATCH-001514"",""BV-RECYCLINGORDER-000014"",""BV-VEHICLE-000014""]"
CELLBATCH-001558,Battery Pack Failed Test,2023-07-17T00:29:00Z,sat_shipment_status,sat_shipment_status:BV-CELLBATCH-001558:0001,USR-079,"[""BV-CELLBATCH-001558"",""BV-WARRANTYCLAIM-000058""]"
CELLBATCH-001455,Battery Pack Failed Test,2023-07-17T04:00:00Z,sat_shipment_status,sat_shipment_status:BV-CELLBATCH-001455:0001,USR-106,"[""BV-CELLBATCH-001455"",""BV-WARRANTYCLAIM-000455""]"
CELLBATCH-001455,Firmware Installation Failed,2023-07-17T04:37:00Z,sat_diagnostic_result,sat_diagnostic_result:BV-CELLBATCH-001455:0003,USR-127,"[""BV-CELLBATCH-001455"",""BV-SECONDLIFESYSTEM-000455"",""BV-BATTERYPASSPORT-001455""]"
CELLBATCH-001455,Firmware Rolled Back,2023-07-17T05:14:00Z,sat_service_status,sat_service_status:BV-CELLBATCH-001455:0004,USR-001,"[""BV-CELLBATCH-001455"",""BV-RECYCLINGORDER-000455""]"
CELLBATCH-001455,Second-Life Assessment Failed,2023-07-17T05:51:00Z,sat_recall_status,sat_recall_status:BV-CELLBATCH-001455:0002,USR-017,"[""BV-CELLBATCH-001455"",""BV-SECONDLIFESYSTEM-000455""]"
CELLBATCH-001560,Battery Pack Failed Test,2023-07-17T06:31:00Z,sat_shipment_status,sat_shipment_status:BV-CELLBATCH-001560:0001,USR-113,"[""BV-CELLBATCH-001560"",""BV-WARRANTYCLAIM-000060""]"
CELLBATCH-001562,Battery Pack Failed Test,2023-07-17T12:33:00Z,sat_shipment_status,sat_shipment_status:BV-CELLBATCH-001562:0001,USR-020,"[""BV-CELLBATCH-001562"",""BV-WARRANTYCLAIM-000062"",""BV-CERTIFICATE-000062""]"
CELLBATCH-001564,Battery Pack Failed Test,2023-07-17T18:35:00Z,sat_shipment_status,sat_shipment_status:BV-CELLBATCH-001564:0001,USR-054,"[""BV-CELLBATCH-001564"",""BV-WARRANTYCLAIM-000064"",""BV-CERTIFICATE-000064""]"
CELLBATCH-001460,Battery Pack Failed Test,2023-07-17T19:00:00Z,sat_shipment_status,sat_shipment_status:BV-CELLBATCH-001460:0002,USR-064,"[""BV-CELLBATCH-001460"",""BV-WARRANTYCLAIM-000460""]"
CELLBATCH-001460,Firmware Installation Failed,2023-07-17T19:37:00Z,sat_diagnostic_result,sat_diagnostic_result:BV-CELLBATCH-001460:0003,USR-085,"[""BV-CELLBATCH-001460"",""BV-SECONDLIFESYSTEM-000460"",""BV-BATTERYPASSPORT-001460""]"
CELLBATCH-001460,Firmware Rolled Back,2023-07-17T20:14:00Z,sat_service_status,sat_service_status:BV-CELLBATCH-001460:0002,USR-086,"[""BV-CELLBATCH-001460"",""BV-RECYCLINGORDER-000460""]"
CELLBATCH-001460,Second-Life Assessment Failed,2023-07-17T20:51:00Z,sat_recall_status,sat_recall_status:BV-CELLBATCH-001460:0001,USR-102,"[""BV-CELLBATCH-001460"",""BV-SECONDLIFESYSTEM-000460""]"
CELLBATCH-001521,Firmware Rolled Back,2023-07-17T21:14:00Z,sat_service_status,sat_service_status:BV-CELLBATCH-001521:0002,USR-107,"[""BV-CELLBATCH-001521"",""BV-RECYCLINGORDER-000021""]"
CELLBATCH-001566,Battery Pack Failed Test,2023-07-18T00:37:00Z,sat_shipment_status,sat_shipment_status:BV-CELLBATCH-001566:0001,USR-088,"[""BV-CELLBATCH-001566"",""BV-WARRANTYCLAIM-000066""]"
CELLBATCH-001568,Battery Pack Failed Test,2023-07-18T06:39:00Z,sat_shipment_status,sat_shipment_status:BV-CELLBATCH-001568:0001,USR-122,"[""BV-CELLBATCH-001568"",""BV-WARRANTYCLAIM-000068""]"
CELLBATCH-001465,Battery Pack Failed Test,2023-07-18T10:00:00Z,sat_shipment_status,sat_shipment_status:BV-CELLBATCH-001465:0001,USR-022,"[""BV-CELLBATCH-001465"",""BV-WARRANTYCLAIM-000465""]"
CELLBATCH-001465,Firmware Installation Failed,2023-07-18T10:37:00Z,sat_diagnostic_result,sat_diagnostic_result:BV-CELLBATCH-001465:0002,USR-043,"[""BV-CELLBATCH-001465"",""BV-SECONDLIFESYSTEM-000465"",""BV-BATTERYPASSPORT-001465""]"
CELLBATCH-001465,Firmware Rolled Back,2023-07-18T11:14:00Z,sat_service_status,sat_service_status:BV-CELLBATCH-001465:0003,USR-044,"[""BV-CELLBATCH-001465"",""BV-RECYCLINGORDER-000465""]"
CELLBATCH-001465,Second-Life Assessment Failed,2023-07-18T11:51:00Z,sat_recall_status,sat_recall_status:BV-CELLBATCH-001465:0002,USR-060,"[""BV-CELLBATCH-001465"",""BV-SECONDLIFESYSTEM-000465"",""BV-BATTERYPASSPORT-001465""]"
CELLBATCH-001570,Battery Pack Failed Test,2023-07-18T12:41:00Z,sat_shipment_status,sat_shipment_status:BV-CELLBATCH-001570:0001,USR-029,"[""BV-CELLBATCH-001570"",""BV-WARRANTYCLAIM-000070"",""BV-CERTIFICATE-000070""]"
CELLBATCH-001528,Firmware Rolled Back,2023-07-18T18:21:00Z,sat_service_status,sat_service_status:BV-CELLBATCH-001528:0002,USR-099,"[""BV-CELLBATCH-001528"",""BV-RECYCLINGORDER-000028""]"
CELLBATCH-001572,Battery Pack Failed Test,2023-07-18T18:43:00Z,sat_shipment_status,sat_shipment_status:BV-CELLBATCH-001572:0001,USR-063,"[""BV-CELLBATCH-001572"",""BV-WARRANTYCLAIM-000072"",""BV-CERTIFICATE-000072""]"
CELLBATCH-001574,Battery Pack Failed Test,2023-07-19T00:45:00Z,sat_shipment_status,sat_shipment_status:BV-CELLBATCH-001574:0001,USR-097,"[""BV-CELLBATCH-001574"",""BV-WARRANTYCLAIM-000074""]"
CELLBATCH-001470,Battery Pack Failed Test,2023-07-19T01:00:00Z,sat_shipment_status,sat_shipment_status:BV-CELLBATCH-001470:0003,USR-107,"[""BV-CELLBATCH-001470"",""BV-WARRANTYCLAIM-000470""]"
CELLBATCH-001470,Firmware Installation Failed,2023-07-19T01:37:00Z,sat_diagnostic_result,sat_diagnostic_result:BV-CELLBATCH-001470:0002,USR-001,"[""BV-CELLBATCH-001470"",""BV-SECONDLIFESYSTEM-000470""]"
CELLBATCH-001470,Firmware Rolled Back,2023-07-19T02:14:00Z,sat_service_status,sat_service_status:BV-CELLBATCH-001470:0002,USR-002,"[""BV-CELLBATCH-001470"",""BV-RECYCLINGORDER-000470"",""BV-VEHICLE-000470""]"
CELLBATCH-001470,Second-Life Assessment Failed,2023-07-19T02:51:00Z,sat_recall_status,sat_recall_status:BV-CELLBATCH-001470:0001,USR-018,"[""BV-CELLBATCH-001470"",""BV-SECONDLIFESYSTEM-000470""]"
CELLBATCH-001576,Battery Pack Failed Test,2023-07-19T06:47:00Z,sat_shipment_status,sat_shipment_status:BV-CELLBATCH-001576:0001,USR-004,"[""BV-CELLBATCH-001576"",""BV-WARRANTYCLAIM-000076""]"
CELLBATCH-001578,Battery Pack Failed Test,2023-07-19T12:49:00Z,sat_shipment_status,sat_shipment_status:BV-CELLBATCH-001578:0001,USR-038,"[""BV-CELLBATCH-001578"",""BV-WARRANTYCLAIM-000078"",""BV-CERTIFICATE-000078""]"
CELLBATCH-001535,Firmware Rolled Back,2023-07-19T15:28:00Z,sat_service_status,sat_service_status:BV-CELLBATCH-001535:0002,USR-091,"[""BV-CELLBATCH-001535"",""BV-RECYCLINGORDER-000035""]"
CELLBATCH-001475,Battery Pack Failed Test,2023-07-19T16:00:00Z,sat_shipment_status,sat_shipment_status:BV-CELLBATCH-001475:0001,USR-065,"[""BV-CELLBATCH-001475"",""BV-WARRANTYCLAIM-000475"",""BV-CERTIFICATE-000475""]"
CELLBATCH-001475,Firmware Installation Failed,2023-07-19T16:37:00Z,sat_diagnostic_result,sat_diagnostic_result:BV-CELLBATCH-001475:0002,USR-086,"[""BV-CELLBATCH-001475"",""BV-SECONDLIFESYSTEM-000475""]"
CELLBATCH-001475,Firmware Rolled Back,2023-07-19T17:14:00Z,sat_service_status,sat_service_status:BV-CELLBATCH-001475:0002,USR-087,"[""BV-CELLBATCH-001475"",""BV-RECYCLINGORDER-000475""]"
CELLBATCH-001475,Second-Life Assessment Failed,2023-07-19T17:51:00Z,sat_recall_status,sat_recall_status:BV-CELLBATCH-001475:0003,USR-103,"[""BV-CELLBATCH-001475"",""BV-SECONDLIFESYSTEM-000475"",""BV-BATTERYPASSPORT-001475""]"
CELLBATCH-001580,Battery Pack Failed Test,2023-07-19T18:51:00Z,sat_shipment_status,sat_shipment_status:BV-CELLBATCH-001580:0001,USR-072,"[""BV-CELLBATCH-001580"",""BV-WARRANTYCLAIM-000080"",""BV-CERTIFICATE-000080""]"
CELLBATCH-001582,Battery Pack Failed Test,2023-07-20T00:00:00Z,sat_shipment_status,sat_shipment_status:BV-CELLBATCH-001582:0001,USR-106,"[""BV-CELLBATCH-001582"",""BV-WARRANTYCLAIM-000082""]"
CELLBATCH-001584,Battery Pack Failed Test,2023-07-20T06:02:00Z,sat_shipment_status,sat_shipment_status:BV-CELLBATCH-001584:0001,USR-013,"[""BV-CELLBATCH-001584"",""BV-WARRANTYCLAIM-000084""]"
CELLBATCH-001480,Battery Pack Failed Test,2023-07-20T07:00:00Z,sat_shipment_status,sat_shipment_status:BV-CELLBATCH-001480:0002,USR-023,"[""BV-CELLBATCH-001480"",""BV-WARRANTYCLAIM-000480"",""BV-CERTIFICATE-000480""]"
CELLBATCH-001480,Firmware Installation Failed,2023-07-20T07:37:00Z,sat_diagnostic_result,sat_diagnostic_result:BV-CELLBATCH-001480:0002,USR-044,"[""BV-CELLBATCH-001480"",""BV-SECONDLIFESYSTEM-000480""]"
CELLBATCH-001480,Firmware Rolled Back,2023-07-20T08:14:00Z,sat_service_status,sat_service_status:BV-CELLBATCH-001480:0002,USR-045,"[""BV-CELLBATCH-001480"",""BV-RECYCLINGORDER-000480""]"
CELLBATCH-001480,Second-Life Assessment Failed,2023-07-20T08:51:00Z,sat_recall_status,sat_recall_status:BV-CELLBATCH-001480:0001,USR-061,"[""BV-CELLBATCH-001480"",""BV-SECONDLIFESYSTEM-000480"",""BV-BATTERYPASSPORT-001480""]"
CELLBATCH-001586,Battery Pack Failed Test,2023-07-20T12:04:00Z,sat_shipment_status,sat_shipment_status:BV-CELLBATCH-001586:0001,USR-047,"[""BV-CELLBATCH-001586"",""BV-WARRANTYCLAIM-000086"",""BV-CERTIFICATE-000086""]"
CELLBATCH-001510,Second-Life Assessment Failed,2023-07-20T12:19:00Z,sat_recall_status,sat_recall_status:BV-CELLBATCH-001510:0001,USR-063,"[""BV-CELLBATCH-001510"",""BV-SECONDLIFESYSTEM-000010"",""BV-BATTERYPASSPORT-001510""]"
CELLBATCH-001542,Firmware Rolled Back,2023-07-20T12:35:00Z,sat_service_status,sat_service_status:BV-CELLBATCH-001542:0002,USR-083,"[""BV-CELLBATCH-001542"",""BV-RECYCLINGORDER-000042"",""BV-VEHICLE-000042""]"
CELLBATCH-001588,Battery Pack Failed Test,2023-07-20T18:06:00Z,sat_shipment_status,sat_shipment_status:BV-CELLBATCH-001588:0001,USR-081,"[""BV-CELLBATCH-001588"",""BV-WARRANTYCLAIM-000088"",""BV-CERTIFICATE-000088""]"
CELLBATCH-001547,Firmware Installation Failed,2023-07-20T21:39:00Z,sat_diagnostic_result,sat_diagnostic_result:BV-CELLBATCH-001547:0002,USR-040,"[""BV-CELLBATCH-001547"",""BV-SECONDLIFESYSTEM-000047""]"
CELLBATCH-001485,Battery Pack Failed Test,2023-07-20T22:00:00Z,sat_shipment_status,sat_shipment_status:BV-CELLBATCH-001485:0001,USR-108,"[""BV-CELLBATCH-001485"",""BV-WARRANTYCLAIM-000485"",""BV-CERTIFICATE-000485""]"
CELLBATCH-001485,Firmware Installation Failed,2023-07-20T22:37:00Z,sat_diagnostic_result,sat_diagnostic_result:BV-CELLBATCH-001485:0002,USR-002,"[""BV-CELLBATCH-001485"",""BV-SECONDLIFESYSTEM-000485""]"
CELLBATCH-001485,Firmware Rolled Back,2023-07-20T23:14:00Z,sat_service_status,sat_service_status:BV-CELLBATCH-001485:0002,USR-003,"[""BV-CELLBATCH-001485"",""BV-RECYCLINGORDER-000485""]"
CELLBATCH-001485,Second-Life Assessment Failed,2023-07-20T23:51:00Z,sat_recall_status,sat_recall_status:BV-CELLBATCH-001485:0002,USR-019,"[""BV-CELLBATCH-001485"",""BV-SECONDLIFESYSTEM-000485"",""BV-BATTERYPASSPORT-001485""]"
CELLBATCH-001590,Battery Pack Failed Test,2023-07-21T00:08:00Z,sat_shipment_status,sat_shipment_status:BV-CELLBATCH-001590:0001,USR-115,"[""BV-CELLBATCH-001590"",""BV-WARRANTYCLAIM-000090""]"
CELLBATCH-001592,Battery Pack Failed Test,2023-07-21T06:10:00Z,sat_shipment_status,sat_shipment_status:BV-CELLBATCH-001592:0001,USR-022,"[""BV-CELLBATCH-001592"",""BV-WARRANTYCLAIM-000092""]"
CELLBATCH-001549,Firmware Rolled Back,2023-07-21T09:42:00Z,sat_service_status,sat_service_status:BV-CELLBATCH-001549:0002,USR-075,"[""BV-CELLBATCH-001549"",""BV-RECYCLINGORDER-000049""]"
CELLBATCH-001594,Battery Pack Failed Test,2023-07-21T12:12:00Z,sat_shipment_status,sat_shipment_status:BV-CELLBATCH-001594:0001,USR-056,"[""BV-CELLBATCH-001594"",""BV-WARRANTYCLAIM-000094""]"
CELLBATCH-001490,Battery Pack Failed Test,2023-07-21T13:00:00Z,sat_shipment_status,sat_shipment_status:BV-CELLBATCH-001490:0002,USR-066,"[""BV-CELLBATCH-001490"",""BV-WARRANTYCLAIM-000490"",""BV-CERTIFICATE-000490""]"
CELLBATCH-001490,Firmware Installation Failed,2023-07-21T13:37:00Z,sat_diagnostic_result,sat_diagnostic_result:BV-CELLBATCH-001490:0002,USR-087,"[""BV-CELLBATCH-001490"",""BV-SECONDLIFESYSTEM-000490""]"
CELLBATCH-001490,Firmware Rolled Back,2023-07-21T14:14:00Z,sat_service_status,sat_service_status:BV-CELLBATCH-001490:0002,USR-088,"[""BV-CELLBATCH-001490"",""BV-RECYCLINGORDER-000490"",""BV-VEHICLE-000490""]"
CELLBATCH-001490,Second-Life Assessment Failed,2023-07-21T14:51:00Z,sat_recall_status,sat_recall_status:BV-CELLBATCH-001490:0001,USR-104,"[""BV-CELLBATCH-001490"",""BV-SECONDLIFESYSTEM-000490""]"
CELLBATCH-001596,Battery Pack Failed Test,2023-07-21T18:14:00Z,sat_shipment_status,sat_shipment_status:BV-CELLBATCH-001596:0001,USR-090,"[""BV-CELLBATCH-001596"",""BV-WARRANTYCLAIM-000096"",""BV-CERTIFICATE-000096""]"
CELLBATCH-001598,Battery Pack Failed Test,2023-07-22T00:16:00Z,sat_shipment_status,sat_shipment_status:BV-CELLBATCH-001598:0001,USR-124,"[""BV-CELLBATCH-001598"",""BV-WARRANTYCLAIM-000098"",""BV-CERTIFICATE-000098""]"
CELLBATCH-001495,Battery Pack Failed Test,2023-07-22T04:00:00Z,sat_shipment_status,sat_shipment_status:BV-CELLBATCH-001495:0001,USR-024,"[""BV-CELLBATCH-001495"",""BV-WARRANTYCLAIM-000495"",""BV-CERTIFICATE-000495""]"
CELLBATCH-001495,Firmware Installation Failed,2023-07-22T04:37:00Z,sat_diagnostic_result,sat_diagnostic_result:BV-CELLBATCH-001495:0002,USR-045,"[""BV-CELLBATCH-001495"",""BV-SECONDLIFESYSTEM-000495""]"
CELLBATCH-001495,Firmware Rolled Back,2023-07-22T05:14:00Z,sat_service_status,sat_service_status:BV-CELLBATCH-001495:0002,USR-046,"[""BV-CELLBATCH-001495"",""BV-RECYCLINGORDER-000495"",""BV-VEHICLE-000495""]"
CELLBATCH-001495,Second-Life Assessment Failed,2023-07-22T05:51:00Z,sat_recall_status,sat_recall_status:BV-CELLBATCH-001495:0003,USR-062,"[""BV-CELLBATCH-001495"",""BV-SECONDLIFESYSTEM-000495""]"
CELLBATCH-001600,Battery Pack Failed Test,2023-07-22T06:18:00Z,sat_shipment_status,sat_shipment_status:BV-CELLBATCH-001600:0001,USR-031,"[""BV-CELLBATCH-001600"",""BV-WARRANTYCLAIM-000100""]"
CELLBATCH-001556,Firmware Rolled Back,2023-07-22T06:49:00Z,sat_service_status,sat_service_status:BV-CELLBATCH-001556:0002,USR-067,"[""BV-CELLBATCH-001556"",""BV-RECYCLINGORDER-000056"",""BV-VEHICLE-000056""]"
CELLBATCH-001602,Battery Pack Failed Test,2023-07-22T12:20:00Z,sat_shipment_status,sat_shipment_status:BV-CELLBATCH-001602:0001,USR-065,"[""BV-CELLBATCH-001602"",""BV-WARRANTYCLAIM-000102""]"
CELLBATCH-001604,Battery Pack Failed Test,2023-07-22T18:22:00Z,sat_shipment_status,sat_shipment_status:BV-CELLBATCH-001604:0001,USR-099,"[""BV-CELLBATCH-001604"",""BV-WARRANTYCLAIM-000104"",""BV-CERTIFICATE-000104""]"
CELLBATCH-001500,Battery Pack Failed Test,2023-07-22T19:00:00Z,sat_shipment_status,sat_shipment_status:BV-CELLBATCH-001500:0002,USR-109,"[""BV-CELLBATCH-001500"",""BV-WARRANTYCLAIM-000500"",""BV-CERTIFICATE-000500""]"
CELLBATCH-001500,Firmware Installation Failed,2023-07-22T19:37:00Z,sat_diagnostic_result,sat_diagnostic_result:BV-CELLBATCH-001500:0002,USR-003,"[""BV-CELLBATCH-001500"",""BV-SECONDLIFESYSTEM-000500""]"
CELLBATCH-001500,Firmware Rolled Back,2023-07-22T20:14:00Z,sat_service_status,sat_service_status:BV-CELLBATCH-001500:0003,USR-004,"[""BV-CELLBATCH-001500"",""BV-RECYCLINGORDER-000500"",""BV-VEHICLE-000500""]"
CELLBATCH-001500,Second-Life Assessment Failed,2023-07-22T20:51:00Z,sat_recall_status,sat_recall_status:BV-CELLBATCH-001500:0001,USR-020,"[""BV-CELLBATCH-001500"",""BV-SECONDLIFESYSTEM-000500""]"
CELLBATCH-001606,Battery Pack Failed Test,2023-07-23T00:24:00Z,sat_shipment_status,sat_shipment_status:BV-CELLBATCH-001606:0001,USR-006,"[""BV-CELLBATCH-001606"",""BV-WARRANTYCLAIM-000106"",""BV-CERTIFICATE-000106""]"
CELLBATCH-001563,Firmware Rolled Back,2023-07-23T03:03:00Z,sat_service_status,sat_service_status:BV-CELLBATCH-001563:0002,USR-059,"[""BV-CELLBATCH-001563"",""BV-RECYCLINGORDER-000063""]"
CELLBATCH-001608,Battery Pack Failed Test,2023-07-23T06:26:00Z,sat_shipment_status,sat_shipment_status:BV-CELLBATCH-001608:0001,USR-040,"[""BV-CELLBATCH-001608"",""BV-WARRANTYCLAIM-000108""]"
CELLBATCH-001505,Battery Pack Failed Test,2023-07-23T10:00:00Z,sat_shipment_status,sat_shipment_status:BV-CELLBATCH-001505:0002,USR-067,"[""BV-CELLBATCH-001505"",""BV-WARRANTYCLAIM-000005""]"
CELLBATCH-001505,Firmware Installation Failed,2023-07-23T10:37:00Z,sat_diagnostic_result,sat_diagnostic_result:BV-CELLBATCH-001505:0002,USR-088,"[""BV-CELLBATCH-001505"",""BV-SECONDLIFESYSTEM-000005""]"
CELLBATCH-001505,Firmware Rolled Back,2023-07-23T11:14:00Z,sat_service_status,sat_service_status:BV-CELLBATCH-001505:0002,USR-089,"[""BV-CELLBATCH-001505"",""BV-RECYCLINGORDER-000005"",""BV-VEHICLE-000005""]"
CELLBATCH-001505,Second-Life Assessment Failed,2023-07-23T11:51:00Z,sat_recall_status,sat_recall_status:BV-CELLBATCH-001505:0002,USR-105,"[""BV-CELLBATCH-001505"",""BV-SECONDLIFESYSTEM-000005""]"
CELLBATCH-001610,Battery Pack Failed Test,2023-07-23T12:28:00Z,sat_shipment_status,sat_shipment_status:BV-CELLBATCH-001610:0001,USR-074,"[""BV-CELLBATCH-001610"",""BV-WARRANTYCLAIM-000110"",""BV-CERTIFICATE-000110""]"
CELLBATCH-001612,Battery Pack Failed Test,2023-07-23T18:30:00Z,sat_shipment_status,sat_shipment_status:BV-CELLBATCH-001612:0001,USR-108,"[""BV-CELLBATCH-001612"",""BV-WARRANTYCLAIM-000112"",""BV-CERTIFICATE-000112""]"
CELLBATCH-001570,Firmware Rolled Back,2023-07-24T00:10:00Z,sat_service_status,sat_service_status:BV-CELLBATCH-001570:0002,USR-051,"[""BV-CELLBATCH-001570"",""BV-RECYCLINGORDER-000070""]"
CELLBATCH-001614,Battery Pack Failed Test,2023-07-24T00:32:00Z,sat_shipment_status,sat_shipment_status:BV-CELLBATCH-001614:0001,USR-015,"[""BV-CELLBATCH-001614"",""BV-WARRANTYCLAIM-000114"",""BV-CERTIFICATE-000114""]"
CELLBATCH-001510,Battery Pack Failed Test,2023-07-24T01:00:00Z,sat_shipment_status,sat_shipment_status:BV-CELLBATCH-001510:0002,USR-025,"[""BV-CELLBATCH-001510"",""BV-WARRANTYCLAIM-000010""]"
CELLBATCH-001510,Firmware Installation Failed,2023-07-24T01:37:00Z,sat_diagnostic_result,sat_diagnostic_result:BV-CELLBATCH-001510:0003,USR-046,"[""BV-CELLBATCH-001510"",""BV-SECONDLIFESYSTEM-000010"",""BV-BATTERYPASSPORT-001510""]"
CELLBATCH-001510,Firmware Rolled Back,2023-07-24T02:14:00Z,sat_service_status,sat_service_status:BV-CELLBATCH-001510:0002,USR-047,"[""BV-CELLBATCH-001510"",""BV-RECYCLINGORDER-000010""]"
CELLBATCH-001510,Second-Life Assessment Failed,2023-07-24T02:51:00Z,sat_recall_status,sat_recall_status:BV-CELLBATCH-001510:0002,USR-063,"[""BV-CELLBATCH-001510"",""BV-SECONDLIFESYSTEM-000010"",""BV-BATTERYPASSPORT-001510""]"
CELLBATCH-001616,Battery Pack Failed Test,2023-07-24T06:34:00Z,sat_shipment_status,sat_shipment_status:BV-CELLBATCH-001616:0001,USR-049,"[""BV-CELLBATCH-001616"",""BV-WARRANTYCLAIM-000116""]"
CELLBATCH-001541,Second-Life Assessment Failed,2023-07-24T09:50:00Z,sat_recall_status,sat_recall_status:BV-CELLBATCH-001541:0002,USR-082,"[""BV-CELLBATCH-001541"",""BV-SECONDLIFESYSTEM-000041"",""BV-BATTERYPASSPORT-001541""]"
CELLBATCH-001618,Battery Pack Failed Test,2023-07-24T12:36:00Z,sat_shipment_status,sat_shipment_status:BV-CELLBATCH-001618:0001,USR-083,"[""BV-CELLBATCH-001618"",""BV-WARRANTYCLAIM-000118""]"
CELLBATCH-001515,Battery Pack Failed Test,2023-07-24T16:00:00Z,sat_shipment_status,sat_shipment_status:BV-CELLBATCH-001515:0002,USR-110,"[""BV-CELLBATCH-001515"",""BV-WARRANTYCLAIM-000015"",""BV-CERTIFICATE-000015""]"
CELLBATCH-001515,Firmware Installation Failed,2023-07-24T16:37:00Z,sat_diagnostic_result,sat_diagnostic_result:BV-CELLBATCH-001515:0002,USR-004,"[""BV-CELLBATCH-001515"",""BV-SECONDLIFESYSTEM-000015""]"
CELLBATCH-001515,Firmware Rolled Back,2023-07-24T17:14:00Z,sat_service_status,sat_service_status:BV-CELLBATCH-001515:0002,USR-005,"[""BV-CELLBATCH-001515"",""BV-RECYCLINGORDER-000015""]"
CELLBATCH-001515,Second-Life Assessment Failed,2023-07-24T17:51:00Z,sat_recall_status,sat_recall_status:BV-CELLBATCH-001515:0002,USR-021,"[""BV-CELLBATCH-001515"",""BV-SECONDLIFESYSTEM-000015"",""BV-BATTERYPASSPORT-001515""]"
CELLBATCH-001620,Battery Pack Failed Test,2023-07-24T18:38:00Z,sat_shipment_status,sat_shipment_status:BV-CELLBATCH-001620:0001,USR-117,"[""BV-CELLBATCH-001620"",""BV-WARRANTYCLAIM-000120"",""BV-CERTIFICATE-000120""]"
CELLBATCH-001577,Firmware Rolled Back,2023-07-24T21:17:00Z,sat_service_status,sat_service_status:BV-CELLBATCH-001577:0002,USR-043,"[""BV-CELLBATCH-001577"",""BV-RECYCLINGORDER-000077""]"
CELLBATCH-001622,Battery Pack Failed Test,2023-07-25T00:40:00Z,sat_shipment_status,sat_shipment_status:BV-CELLBATCH-001622:0001,USR-024,"[""BV-CELLBATCH-001622"",""BV-WARRANTYCLAIM-000122""]"
CELLBATCH-001624,Battery Pack Failed Test,2023-07-25T06:42:00Z,sat_shipment_status,sat_shipment_status:BV-CELLBATCH-001624:0001,USR-058,"[""BV-CELLBATCH-001624"",""BV-WARRANTYCLAIM-000124""]"
CELLBATCH-001520,Battery Pack Failed Test,2023-07-25T07:00:00Z,sat_shipment_status,sat_shipment_status:BV-CELLBATCH-001520:0002,USR-068,"[""BV-CELLBATCH-001520"",""BV-WARRANTYCLAIM-000020"",""BV-CERTIFICATE-000020""]"
CELLBATCH-001520,Firmware Installation Failed,2023-07-25T07:37:00Z,sat_diagnostic_result,sat_diagnostic_result:BV-CELLBATCH-001520:0002,USR-089,"[""BV-CELLBATCH-001520"",""BV-SECONDLIFESYSTEM-000020""]"
CELLBATCH-001520,Firmware Rolled Back,2023-07-25T08:14:00Z,sat_service_status,sat_service_status:BV-CELLBATCH-001520:0002,USR-090,"[""BV-CELLBATCH-001520"",""BV-RECYCLINGORDER-000020"",""BV-VEHICLE-000020""]"
CELLBATCH-001520,Second-Life Assessment Failed,2023-07-25T08:51:00Z,sat_recall_status,sat_recall_status:BV-CELLBATCH-001520:0001,USR-106,"[""BV-CELLBATCH-001520"",""BV-SECONDLIFESYSTEM-000020""]"
CELLBATCH-001584,Firmware Installation Failed,2023-07-25T12:23:00Z,sat_diagnostic_result,sat_diagnostic_result:BV-CELLBATCH-001584:0002,USR-034,"[""BV-CELLBATCH-001584"",""BV-SECONDLIFESYSTEM-000084""]"
CELLBATCH-001626,Battery Pack Failed Test,2023-07-25T12:44:00Z,sat_shipment_status,sat_shipment_status:BV-CELLBATCH-001626:0001,USR-092,"[""BV-CELLBATCH-001626"",""BV-WARRANTYCLAIM-000126"",""BV-CERTIFICATE-000126""]"
CELLBATCH-001584,Firmware Rolled Back,2023-07-25T18:24:00Z,sat_service_status,sat_service_status:BV-CELLBATCH-001584:0002,USR-035,"[""BV-CELLBATCH-001584"",""BV-RECYCLINGORDER-000084""]"
CELLBATCH-001628,Battery Pack Failed Test,2023-07-25T18:46:00Z,sat_shipment_status,sat_shipment_status:BV-CELLBATCH-001628:0001,USR-126,"[""BV-CELLBATCH-001628"",""BV-WARRANTYCLAIM-000128""]"
CELLBATCH-001525,Battery Pack Failed Test,2023-07-25T22:00:00Z,sat_shipment_status,sat_shipment_status:BV-CELLBATCH-001525:0001,USR-026,"[""BV-CELLBATCH-001525"",""BV-WARRANTYCLAIM-000025""]"
CELLBATCH-001525,Firmware Installation Failed,2023-07-25T22:37:00Z,sat_diagnostic_result,sat_diagnostic_result:BV-CELLBATCH-001525:0002,USR-047,"[""BV-CELLBATCH-001525"",""BV-SECONDLIFESYSTEM-000025"",""BV-BATTERYPASSPORT-001525""]"
CELLBATCH-001525,Firmware Rolled Back,2023-07-25T23:14:00Z,sat_service_status,sat_service_status:BV-CELLBATCH-001525:0002,USR-048,"[""BV-CELLBATCH-001525"",""BV-RECYCLINGORDER-000025""]"
CELLBATCH-001525,Second-Life Assessment Failed,2023-07-25T23:51:00Z,sat_recall_status,sat_recall_status:BV-CELLBATCH-001525:0002,USR-064,"[""BV-CELLBATCH-001525"",""BV-SECONDLIFESYSTEM-000025"",""BV-BATTERYPASSPORT-001525""]"
CELLBATCH-001630,Battery Pack Failed Test,2023-07-26T00:48:00Z,sat_shipment_status,sat_shipment_status:BV-CELLBATCH-001630:0001,USR-033,"[""BV-CELLBATCH-001630"",""BV-WARRANTYCLAIM-000130""]"
CELLBATCH-001632,Battery Pack Failed Test,2023-07-26T06:50:00Z,sat_shipment_status,sat_shipment_status:BV-CELLBATCH-001632:0001,USR-067,"[""BV-CELLBATCH-001632"",""BV-WARRANTYCLAIM-000132""]"
CELLBATCH-001634,Battery Pack Failed Test,2023-07-26T12:52:00Z,sat_shipment_status,sat_shipment_status:BV-CELLBATCH-001634:0001,USR-101,"[""BV-CELLBATCH-001634"",""BV-WARRANTYCLAIM-000134"",""BV-CERTIFICATE-000134""]"
CELLBATCH-001530,Battery Pack Failed Test,2023-07-26T13:00:00Z,sat_shipment_status,sat_shipment_status:BV-CELLBATCH-001530:0002,USR-111,"[""BV-CELLBATCH-001530"",""BV-WARRANTYCLAIM-000030""]"
CELLBATCH-001530,Firmware Installation Failed,2023-07-26T13:37:00Z,sat_diagnostic_result,sat_diagnostic_result:BV-CELLBATCH-001530:0002,USR-005,"[""BV-CELLBATCH-001530"",""BV-SECONDLIFESYSTEM-000030""]"
CELLBATCH-001530,Firmware Rolled Back,2023-07-26T14:14:00Z,sat_service_status,sat_service_status:BV-CELLBATCH-001530:0002,USR-006,"[""BV-CELLBATCH-001530"",""BV-RECYCLINGORDER-000030"",""BV-VEHICLE-000030""]"
CELLBATCH-001530,Second-Life Assessment Failed,2023-07-26T14:51:00Z,sat_recall_status,sat_recall_status:BV-CELLBATCH-001530:0001,USR-022,"[""BV-CELLBATCH-001530"",""BV-SECONDLIFESYSTEM-000030""]"
CELLBATCH-001591,Firmware Rolled Back,2023-07-26T15:31:00Z,sat_service_status,sat_service_status:BV-CELLBATCH-001591:0002,USR-027,"[""BV-CELLBATCH-001591"",""BV-RECYCLINGORDER-000091"",""BV-VEHICLE-000091""]"
CELLBATCH-001636,Battery Pack Failed Test,2023-07-26T18:01:00Z,sat_shipment_status,sat_shipment_status:BV-CELLBATCH-001636:0001,USR-008,"[""BV-CELLBATCH-001636"",""BV-WARRANTYCLAIM-000136""]"
CELLBATCH-001638,Battery Pack Failed Test,2023-07-27T00:03:00Z,sat_shipment_status,sat_shipment_status:BV-CELLBATCH-001638:0001,USR-042,"[""BV-CELLBATCH-001638"",""BV-WARRANTYCLAIM-000138"",""BV-CERTIFICATE-000138""]"
CELLBATCH-001535,Battery Pack Failed Test,2023-07-27T04:00:00Z,sat_shipment_status,sat_shipment_status:BV-CELLBATCH-001535:0002,USR-069,"[""BV-CELLBATCH-001535"",""BV-WARRANTYCLAIM-000035""]"
CELLBATCH-001535,Firmware Installation Failed,2023-07-27T04:37:00Z,sat_diagnostic_result,sat_diagnostic_result:BV-CELLBATCH-001535:0002,USR-090,"[""BV-CELLBATCH-001535"",""BV-SECONDLIFESYSTEM-000035"",""BV-BATTERYPASSPORT-001535""]"
CELLBATCH-001535,Firmware Rolled Back,2023-07-27T05:14:00Z,sat_service_status,sat_service_status:BV-CELLBATCH-001535:0003,USR-091,"[""BV-CELLBATCH-001535"",""BV-RECYCLINGORDER-000035""]"
CELLBATCH-001535,Second-Life Assessment Failed,2023-07-27T05:51:00Z,sat_recall_status,sat_recall_status:BV-CELLBATCH-001535:0002,USR-107,"[""BV-CELLBATCH-001535"",""BV-SECONDLIFESYSTEM-000035""]"
CELLBATCH-001640,Battery Pack Failed Test,2023-07-27T06:05:00Z,sat_shipment_status,sat_shipment_status:BV-CELLBATCH-001640:0001,USR-076,"[""BV-CELLBATCH-001640"",""BV-WARRANTYCLAIM-000140""]"
CELLBATCH-001642,Battery Pack Failed Test,2023-07-27T12:07:00Z,sat_shipment_status,sat_shipment_status:BV-CELLBATCH-001642:0001,USR-110,"[""BV-CELLBATCH-001642"",""BV-WARRANTYCLAIM-000142"",""BV-CERTIFICATE-000142""]"
CELLBATCH-001598,Firmware Rolled Back,2023-07-27T12:38:00Z,sat_service_status,sat_service_status:BV-CELLBATCH-001598:0002,USR-019,"[""BV-CELLBATCH-001598"",""BV-RECYCLINGORDER-000098""]"
CELLBATCH-001644,Battery Pack Failed Test,2023-07-27T18:09:00Z,sat_shipment_status,sat_shipment_status:BV-CELLBATCH-001644:0001,USR-017,"[""BV-CELLBATCH-001644"",""BV-WARRANTYCLAIM-000144"",""BV-CERTIFICATE-000144""]"
CELLBATCH-001540,Battery Pack Failed Test,2023-07-27T19:00:00Z,sat_shipment_status,sat_shipment_status:BV-CELLBATCH-001540:0003,USR-027,"[""BV-CELLBATCH-001540"",""BV-WARRANTYCLAIM-000040""]"
CELLBATCH-001540,Firmware Installation Failed,2023-07-27T19:37:00Z,sat_diagnostic_result,sat_diagnostic_result:BV-CELLBATCH-001540:0002,USR-048,"[""BV-CELLBATCH-001540"",""BV-SECONDLIFESYSTEM-000040""]"
CELLBATCH-001540,Firmware Rolled Back,2023-07-27T20:14:00Z,sat_service_status,sat_service_status:BV-CELLBATCH-001540:0002,USR-049,"[""BV-CELLBATCH-001540"",""BV-RECYCLINGORDER-000040"",""BV-VEHICLE-000040""]"
CELLBATCH-001540,Second-Life Assessment Failed,2023-07-27T20:51:00Z,sat_recall_status,sat_recall_status:BV-CELLBATCH-001540:0001,USR-065,"[""BV-CELLBATCH-001540"",""BV-SECONDLIFESYSTEM-000040""]"
CELLBATCH-001646,Battery Pack Failed Test,2023-07-28T00:11:00Z,sat_shipment_status,sat_shipment_status:BV-CELLBATCH-001646:0001,USR-051,"[""BV-CELLBATCH-001646"",""BV-WARRANTYCLAIM-000146""]"
CELLBATCH-001648,Battery Pack Failed Test,2023-07-28T06:13:00Z,sat_shipment_status,sat_shipment_status:BV-CELLBATCH-001648:0001,USR-085,"[""BV-CELLBATCH-001648"",""BV-WARRANTYCLAIM-000148""]"
CELLBATCH-001572,Second-Life Assessment Failed,2023-07-28T06:28:00Z,sat_recall_status,sat_recall_status:BV-CELLBATCH-001572:0001,USR-101,"[""BV-CELLBATCH-001572"",""BV-SECONDLIFESYSTEM-000072""]"
CELLBATCH-001605,Firmware Rolled Back,2023-07-28T09:45:00Z,sat_service_status,sat_service_status:BV-CELLBATCH-001605:0002,USR-011,"[""BV-CELLBATCH-001605"",""BV-RECYCLINGORDER-000105"",""BV-VEHICLE-000105""]"
CELLBATCH-001545,Battery Pack Failed Test,2023-07-28T10:00:00Z,sat_shipment_status,sat_shipment_status:BV-CELLBATCH-001545:0001,USR-112,"[""BV-CELLBATCH-001545"",""BV-WARRANTYCLAIM-000045"",""BV-CERTIFICATE-000045""]"
CELLBATCH-001545,Firmware Installation Failed,2023-07-28T10:37:00Z,sat_diagnostic_result,sat_diagnostic_result:BV-CELLBATCH-001545:0003,USR-006,"[""BV-CELLBATCH-001545"",""BV-SECONDLIFESYSTEM-000045""]"
CELLBATCH-001545,Firmware Rolled Back,2023-07-28T11:14:00Z,sat_service_status,sat_service_status:BV-CELLBATCH-001545:0002,USR-007,"[""BV-CELLBATCH-001545"",""BV-RECYCLINGORDER-000045""]"
CELLBATCH-001545,Second-Life Assessment Failed,2023-07-28T11:51:00Z,sat_recall_status,sat_recall_status:BV-CELLBATCH-001545:0002,USR-023,"[""BV-CELLBATCH-001545"",""BV-SECONDLIFESYSTEM-000045"",""BV-BATTERYPASSPORT-001545""]"
CELLBATCH-001650,Battery Pack Failed Test,2023-07-28T12:15:00Z,sat_shipment_status,sat_shipment_status:BV-CELLBATCH-001650:0001,USR-119,"[""BV-CELLBATCH-001650"",""BV-WARRANTYCLAIM-000150"",""BV-CERTIFICATE-000150""]"
CELLBATCH-001652,Battery Pack Failed Test,2023-07-28T18:17:00Z,sat_shipment_status,sat_shipment_status:BV-CELLBATCH-001652:0001,USR-026,"[""BV-CELLBATCH-001652"",""BV-WARRANTYCLAIM-000152""]"
CELLBATCH-001654,Battery Pack Failed Test,2023-07-29T00:19:00Z,sat_shipment_status,sat_shipment_status:BV-CELLBATCH-001654:0001,USR-060,"[""BV-CELLBATCH-001654"",""BV-WARRANTYCLAIM-000154""]"
CELLBATCH-001550,Battery Pack Failed Test,2023-07-29T01:00:00Z,sat_shipment_status,sat_shipment_status:BV-CELLBATCH-001550:0002,USR-070,"[""BV-CELLBATCH-001550"",""BV-WARRANTYCLAIM-000050""]"
CELLBATCH-001550,Firmware Installation Failed,2023-07-29T01:37:00Z,sat_diagnostic_result,sat_diagnostic_result:BV-CELLBATCH-001550:0002,USR-091,"[""BV-CELLBATCH-001550"",""BV-SECONDLIFESYSTEM-000050"",""BV-BATTERYPASSPORT-001550""]"
CELLBATCH-001550,Firmware Rolled Back,2023-07-29T02:14:00Z,sat_service_status,sat_service_status:BV-CELLBATCH-001550:0004,USR-092,"[""BV-CELLBATCH-001550"",""BV-RECYCLINGORDER-000050""]"
CELLBATCH-001550,Second-Life Assessment Failed,2023-07-29T02:51:00Z,sat_recall_status,sat_recall_status:BV-CELLBATCH-001550:0001,USR-108,"[""BV-CELLBATCH-001550"",""BV-SECONDLIFESYSTEM-000050"",""BV-BATTERYPASSPORT-001550""]"
CELLBATCH-001656,Battery Pack Failed Test,2023-07-29T06:21:00Z,sat_shipment_status,sat_shipment_status:BV-CELLBATCH-001656:0001,USR-094,"[""BV-CELLBATCH-001656"",""BV-WARRANTYCLAIM-000156""]"
CELLBATCH-001612,Firmware Rolled Back,2023-07-29T06:52:00Z,sat_service_status,sat_service_status:BV-CELLBATCH-001612:0002,USR-003,"[""BV-CELLBATCH-001612"",""BV-RECYCLINGORDER-000112""]"
CELLBATCH-001658,Battery Pack Failed Test,2023-07-29T12:23:00Z,sat_shipment_status,sat_shipment_status:BV-CELLBATCH-001658:0001,USR-001,"[""BV-CELLBATCH-001658"",""BV-WARRANTYCLAIM-000158"",""BV-CERTIFICATE-000158""]"
CELLBATCH-001555,Battery Pack Failed Test,2023-07-29T16:00:00Z,sat_shipment_status,sat_shipment_status:BV-CELLBATCH-001555:0001,USR-028,"[""BV-CELLBATCH-001555"",""BV-WARRANTYCLAIM-000055""]"
CELLBATCH-001555,Firmware Installation Failed,2023-07-29T16:37:00Z,sat_diagnostic_result,sat_diagnostic_result:BV-CELLBATCH-001555:0002,USR-049,"[""BV-CELLBATCH-001555"",""BV-SECONDLIFESYSTEM-000055"",""BV-BATTERYPASSPORT-001555""]"
CELLBATCH-001555,Firmware Rolled Back,2023-07-29T17:14:00Z,sat_service_status,sat_service_status:BV-CELLBATCH-001555:0002,USR-050,"[""BV-CELLBATCH-001555"",""BV-RECYCLINGORDER-000055""]"
CELLBATCH-001555,Second-Life Assessment Failed,2023-07-29T17:51:00Z,sat_recall_status,sat_recall_status:BV-CELLBATCH-001555:0002,USR-066,"[""BV-CELLBATCH-001555"",""BV-SECONDLIFESYSTEM-000055"",""BV-BATTERYPASSPORT-001555""]"
CELLBATCH-001660,Battery Pack Failed Test,2023-07-29T18:25:00Z,sat_shipment_status,sat_shipment_status:BV-CELLBATCH-001660:0001,USR-035,"[""BV-CELLBATCH-001660"",""BV-WARRANTYCLAIM-000160"",""BV-CERTIFICATE-000160""]"
CELLBATCH-001662,Battery Pack Failed Test,2023-07-30T00:27:00Z,sat_shipment_status,sat_shipment_status:BV-CELLBATCH-001662:0001,USR-069,"[""BV-CELLBATCH-001662"",""BV-WARRANTYCLAIM-000162""]"
CELLBATCH-001619,Firmware Rolled Back,2023-07-30T03:06:00Z,sat_service_status,sat_service_status:BV-CELLBATCH-001619:0003,USR-122,"[""BV-CELLBATCH-001619"",""BV-RECYCLINGORDER-000119""]"
CELLBATCH-001621,Firmware Installation Failed,2023-07-30T03:07:00Z,sat_diagnostic_result,sat_diagnostic_result:BV-CELLBATCH-001621:0002,USR-028,"[""BV-CELLBATCH-001621"",""BV-SECONDLIFESYSTEM-000121"",""BV-BATTERYPASSPORT-001621""]"
CELLBATCH-001664,Battery Pack Failed Test,2023-07-30T06:29:00Z,sat_shipment_status,sat_shipment_status:BV-CELLBATCH-001664:0001,USR-103,"[""BV-CELLBATCH-001664"",""BV-WARRANTYCLAIM-000164"",""BV-CERTIFICATE-000164""]"
CELLBATCH-001560,Battery Pack Failed Test,2023-07-30T07:00:00Z,sat_shipment_status,sat_shipment_status:BV-CELLBATCH-001560:0002,USR-113,"[""BV-CELLBATCH-001560"",""BV-WARRANTYCLAIM-000060""]"
CELLBATCH-001560,Firmware Installation Failed,2023-07-30T07:37:00Z,sat_diagnostic_result,sat_diagnostic_result:BV-CELLBATCH-001560:0002,USR-007,"[""BV-CELLBATCH-001560"",""BV-SECONDLIFESYSTEM-000060"",""BV-BATTERYPASSPORT-001560""]"
CELLBATCH-001560,Firmware Rolled Back,2023-07-30T08:14:00Z,sat_service_status,sat_service_status:BV-CELLBATCH-001560:0002,USR-008,"[""BV-CELLBATCH-001560"",""BV-RECYCLINGORDER-000060""]"
CELLBATCH-001560,Second-Life Assessment Failed,2023-07-30T08:51:00Z,sat_recall_status,sat_recall_status:BV-CELLBATCH-001560:0003,USR-024,"[""BV-CELLBATCH-001560"",""BV-SECONDLIFESYSTEM-000060""]"
CELLBATCH-001666,Battery Pack Failed Test,2023-07-30T12:31:00Z,sat_shipment_status,sat_shipment_status:BV-CELLBATCH-001666:0001,USR-010,"[""BV-CELLBATCH-001666"",""BV-WARRANTYCLAIM-000166""]"
CELLBATCH-001668,Battery Pack Failed Test,2023-07-30T18:33:00Z,sat_shipment_status,sat_shipment_status:BV-CELLBATCH-001668:0001,USR-044,"[""BV-CELLBATCH-001668"",""BV-WARRANTYCLAIM-000168"",""BV-CERTIFICATE-000168""]"
CELLBATCH-001565,Battery Pack Failed Test,2023-07-30T22:00:00Z,sat_shipment_status,sat_shipment_status:BV-CELLBATCH-001565:0001,USR-071,"[""BV-CELLBATCH-001565"",""BV-WARRANTYCLAIM-000065"",""BV-CERTIFICATE-000065""]"
CELLBATCH-001565,Firmware Installation Failed,2023-07-30T22:37:00Z,sat_diagnostic_result,sat_diagnostic_result:BV-CELLBATCH-001565:0002,USR-092,"[""BV-CELLBATCH-001565"",""BV-SECONDLIFESYSTEM-000065""]"
CELLBATCH-001565,Firmware Rolled Back,2023-07-30T23:14:00Z,sat_service_status,sat_service_status:BV-CELLBATCH-001565:0002,USR-093,"[""BV-CELLBATCH-001565"",""BV-RECYCLINGORDER-000065"",""BV-VEHICLE-000065""]"
CELLBATCH-001565,Second-Life Assessment Failed,2023-07-30T23:51:00Z,sat_recall_status,sat_recall_status:BV-CELLBATCH-001565:0002,USR-109,"[""BV-CELLBATCH-001565"",""BV-SECONDLIFESYSTEM-000065""]"
CELLBATCH-001626,Firmware Rolled Back,2023-07-31T00:13:00Z,sat_service_status,sat_service_status:BV-CELLBATCH-001626:0002,USR-114,"[""BV-CELLBATCH-001626"",""BV-RECYCLINGORDER-000126"",""BV-VEHICLE-000126""]"
CELLBATCH-001670,Battery Pack Failed Test,2023-07-31T00:35:00Z,sat_shipment_status,sat_shipment_status:BV-CELLBATCH-001670:0001,USR-078,"[""BV-CELLBATCH-001670"",""BV-WARRANTYCLAIM-000170"",""BV-CERTIFICATE-000170""]"
CELLBATCH-001672,Battery Pack Failed Test,2023-07-31T06:37:00Z,sat_shipment_status,sat_shipment_status:BV-CELLBATCH-001672:0001,USR-112,"[""BV-CELLBATCH-001672"",""BV-WARRANTYCLAIM-000172"",""BV-CERTIFICATE-000172""]"
CELLBATCH-001674,Battery Pack Failed Test,2023-07-31T12:39:00Z,sat_shipment_status,sat_shipment_status:BV-CELLBATCH-001674:0001,USR-019,"[""BV-CELLBATCH-001674"",""BV-WARRANTYCLAIM-000174"",""BV-CERTIFICATE-000174""]"
CELLBATCH-001570,Battery Pack Failed Test,2023-07-31T13:00:00Z,sat_shipment_status,sat_shipment_status:BV-CELLBATCH-001570:0002,USR-029,"[""BV-CELLBATCH-001570"",""BV-WARRANTYCLAIM-000070""]"
CELLBATCH-001570,Firmware Installation Failed,2023-07-31T13:37:00Z,sat_diagnostic_result,sat_diagnostic_result:BV-CELLBATCH-001570:0002,USR-050,"[""BV-CELLBATCH-001570"",""BV-SECONDLIFESYSTEM-000070"",""BV-BATTERYPASSPORT-001570""]"
CELLBATCH-001570,Firmware Rolled Back,2023-07-31T14:14:00Z,sat_service_status,sat_service_status:BV-CELLBATCH-001570:0003,USR-051,"[""BV-CELLBATCH-001570"",""BV-RECYCLINGORDER-000070""]"
CELLBATCH-001570,Second-Life Assessment Failed,2023-07-31T14:51:00Z,sat_recall_status,sat_recall_status:BV-CELLBATCH-001570:0001,USR-067,"[""BV-CELLBATCH-001570"",""BV-SECONDLIFESYSTEM-000070"",""BV-BATTERYPASSPORT-001570""]"
CELLBATCH-001676,Battery Pack Failed Test,2023-07-31T18:41:00Z,sat_shipment_status,sat_shipment_status:BV-CELLBATCH-001676:0001,USR-053,"[""BV-CELLBATCH-001676"",""BV-WARRANTYCLAIM-000176"",""BV-CERTIFICATE-000176""]"
CELLBATCH-001633,Firmware Rolled Back,2023-07-31T21:20:00Z,sat_service_status,sat_service_status:BV-CELLBATCH-001633:0002,USR-106,"[""BV-CELLBATCH-001633"",""BV-RECYCLINGORDER-000133""]"
CELLBATCH-001678,Battery Pack Failed Test,2023-08-01T00:43:00Z,sat_shipment_status,sat_shipment_status:BV-CELLBATCH-001678:0001,USR-087,"[""BV-CELLBATCH-001678"",""BV-WARRANTYCLAIM-000178""]"
CELLBATCH-001603,Second-Life Assessment Failed,2023-08-01T03:06:00Z,sat_recall_status,sat_recall_status:BV-CELLBATCH-001603:0002,USR-120,"[""BV-CELLBATCH-001603"",""BV-SECONDLIFESYSTEM-000103"",""BV-BATTERYPASSPORT-001603""]"
CELLBATCH-001575,Battery Pack Failed Test,2023-08-01T04:00:00Z,sat_shipment_status,sat_shipment_status:BV-CELLBATCH-001575:0002,USR-114,"[""BV-CELLBATCH-001575"",""BV-WARRANTYCLAIM-000075""]"
CELLBATCH-001575,Firmware Installation Failed,2023-08-01T04:37:00Z,sat_diagnostic_result,sat_diagnostic_result:BV-CELLBATCH-001575:0002,USR-008,"[""BV-CELLBATCH-001575"",""BV-SECONDLIFESYSTEM-000075"",""BV-BATTERYPASSPORT-001575""]"
CELLBATCH-001575,Firmware Rolled Back,2023-08-01T05:14:00Z,sat_service_status,sat_service_status:BV-CELLBATCH-001575:0002,USR-009,"[""BV-CELLBATCH-001575"",""BV-RECYCLINGORDER-000075""]"
CELLBATCH-001575,Second-Life Assessment Failed,2023-08-01T05:51:00Z,sat_recall_status,sat_recall_status:BV-CELLBATCH-001575:0002,USR-025,"[""BV-CELLBATCH-001575"",""BV-SECONDLIFESYSTEM-000075""]"
CELLBATCH-001680,Battery Pack Failed Test,2023-08-01T06:45:00Z,sat_shipment_status,sat_shipment_status:BV-CELLBATCH-001680:0001,USR-121,"[""BV-CELLBATCH-001680"",""BV-WARRANTYCLAIM-000180"",""BV-CERTIFICATE-000180""]"
CELLBATCH-001682,Battery Pack Failed Test,2023-08-01T12:47:00Z,sat_shipment_status,sat_shipment_status:BV-CELLBATCH-001682:0001,USR-028,"[""BV-CELLBATCH-001682"",""BV-WARRANTYCLAIM-000182"",""BV-CERTIFICATE-000182""]"
CELLBATCH-001640,Firmware Rolled Back,2023-08-01T18:27:00Z,sat_service_status,sat_service_status:BV-CELLBATCH-001640:0002,USR-098,"[""BV-CELLBATCH-001640"",""BV-RECYCLINGORDER-000140""]"
CELLBATCH-001684,Battery Pack Failed Test,2023-08-01T18:49:00Z,sat_shipment_status,sat_shipment_status:BV-CELLBATCH-001684:0001,USR-062,"[""BV-CELLBATCH-001684"",""BV-WARRANTYCLAIM-000184"",""BV-CERTIFICATE-000184""]"
CELLBATCH-001580,Battery Pack Failed Test,2023-08-01T19:00:00Z,sat_shipment_status,sat_shipment_status:BV-CELLBATCH-001580:0002,USR-072,"[""BV-CELLBATCH-001580"",""BV-WARRANTYCLAIM-000080""]"
CELLBATCH-001580,Firmware Installation Failed,2023-08-01T19:37:00Z,sat_diagnostic_result,sat_diagnostic_result:BV-CELLBATCH-001580:0002,USR-093,"[""BV-CELLBATCH-001580"",""BV-SECONDLIFESYSTEM-000080"",""BV-BATTERYPASSPORT-001580""]"
CELLBATCH-001580,Firmware Rolled Back,2023-08-01T20:14:00Z,sat_service_status,sat_service_status:BV-CELLBATCH-001580:0002,USR-094,"[""BV-CELLBATCH-001580"",""BV-RECYCLINGORDER-000080""]"
CELLBATCH-001580,Second-Life Assessment Failed,2023-08-01T20:51:00Z,sat_recall_status,sat_recall_status:BV-CELLBATCH-001580:0001,USR-110,"[""BV-CELLBATCH-001580"",""BV-SECONDLIFESYSTEM-000080"",""BV-BATTERYPASSPORT-001580""]"
CELLBATCH-001686,Battery Pack Failed Test,2023-08-02T00:51:00Z,sat_shipment_status,sat_shipment_status:BV-CELLBATCH-001686:0001,USR-096,"[""BV-CELLBATCH-001686"",""BV-WARRANTYCLAIM-000186"",""BV-CERTIFICATE-000186""]"
CELLBATCH-001688,Battery Pack Failed Test,2023-08-02T06:00:00Z,sat_shipment_status,sat_shipment_status:BV-CELLBATCH-001688:0001,USR-003,"[""BV-CELLBATCH-001688"",""BV-WARRANTYCLAIM-000188""]"
CELLBATCH-001585,Battery Pack Failed Test,2023-08-02T10:00:00Z,sat_shipment_status,sat_shipment_status:BV-CELLBATCH-001585:0001,USR-030,"[""BV-CELLBATCH-001585"",""BV-WARRANTYCLAIM-000085""]"
CELLBATCH-001585,Firmware Installation Failed,2023-08-02T10:37:00Z,sat_diagnostic_result,sat_diagnostic_result:BV-CELLBATCH-001585:0002,USR-051,"[""BV-CELLBATCH-001585"",""BV-SECONDLIFESYSTEM-000085"",""BV-BATTERYPASSPORT-001585""]"
CELLBATCH-001585,Firmware Rolled Back,2023-08-02T11:14:00Z,sat_service_status,sat_service_status:BV-CELLBATCH-001585:0002,USR-052,"[""BV-CELLBATCH-001585"",""BV-RECYCLINGORDER-000085""]"
CELLBATCH-001585,Second-Life Assessment Failed,2023-08-02T11:51:00Z,sat_recall_status,sat_recall_status:BV-CELLBATCH-001585:0002,USR-068,"[""BV-CELLBATCH-001585"",""BV-SECONDLIFESYSTEM-000085"",""BV-BATTERYPASSPORT-001585""]"
CELLBATCH-001690,Battery Pack Failed Test,2023-08-02T12:02:00Z,sat_shipment_status,sat_shipment_status:BV-CELLBATCH-001690:0001,USR-037,"[""BV-CELLBATCH-001690"",""BV-WARRANTYCLAIM-000190""]"
CELLBATCH-001647,Firmware Rolled Back,2023-08-02T15:34:00Z,sat_service_status,sat_service_status:BV-CELLBATCH-001647:0002,USR-090,"[""BV-CELLBATCH-001647"",""BV-RECYCLINGORDER-000147""]"
CELLBATCH-001692,Battery Pack Failed Test,2023-08-02T18:04:00Z,sat_shipment_status,sat_shipment_status:BV-CELLBATCH-001692:0001,USR-071,"[""BV-CELLBATCH-001692"",""BV-WARRANTYCLAIM-000192"",""BV-CERTIFICATE-000192""]"
CELLBATCH-001694,Battery Pack Failed Test,2023-08-03T00:06:00Z,sat_shipment_status,sat_shipment_status:BV-CELLBATCH-001694:0001,USR-105,"[""BV-CELLBATCH-001694"",""BV-WARRANTYCLAIM-000194""]"
CELLBATCH-001590,Battery Pack Failed Test,2023-08-03T01:00:00Z,sat_shipment_status,sat_shipment_status:BV-CELLBATCH-001590:0002,USR-115,"[""BV-CELLBATCH-001590"",""BV-WARRANTYCLAIM-000090""]"
CELLBATCH-001590,Firmware Installation Failed,2023-08-03T01:37:00Z,sat_diagnostic_result,sat_diagnostic_result:BV-CELLBATCH-001590:0002,USR-009,"[""BV-CELLBATCH-001590"",""BV-SECONDLIFESYSTEM-000090"",""BV-BATTERYPASSPORT-001590""]"
CELLBATCH-001590,Firmware Rolled Back,2023-08-03T02:14:00Z,sat_service_status,sat_service_status:BV-CELLBATCH-001590:0002,USR-010,"[""BV-CELLBATCH-001590"",""BV-RECYCLINGORDER-000090""]"
CELLBATCH-001590,Second-Life Assessment Failed,2023-08-03T02:51:00Z,sat_recall_status,sat_recall_status:BV-CELLBATCH-001590:0002,USR-026,"[""BV-CELLBATCH-001590"",""BV-SECONDLIFESYSTEM-000090"",""BV-BATTERYPASSPORT-001590""]"
CELLBATCH-001696,Battery Pack Failed Test,2023-08-03T06:08:00Z,sat_shipment_status,sat_shipment_status:BV-CELLBATCH-001696:0001,USR-012,"[""BV-CELLBATCH-001696"",""BV-WARRANTYCLAIM-000196"",""BV-CERTIFICATE-000196""]"
CELLBATCH-001698,Battery Pack Failed Test,2023-08-03T12:10:00Z,sat_shipment_status,sat_shipment_status:BV-CELLBATCH-001698:0001,USR-046,"[""BV-CELLBATCH-001698"",""BV-WARRANTYCLAIM-000198"",""BV-CERTIFICATE-000198""]"
CELLBATCH-001654,Firmware Rolled Back,2023-08-03T12:41:00Z,sat_service_status,sat_service_status:BV-CELLBATCH-001654:0002,USR-082,"[""BV-CELLBATCH-001654"",""BV-RECYCLINGORDER-000154""]"
CELLBATCH-001595,Battery Pack Failed Test,2023-08-03T16:00:00Z,sat_shipment_status,sat_shipment_status:BV-CELLBATCH-001595:0001,USR-073,"[""BV-CELLBATCH-001595"",""BV-WARRANTYCLAIM-000095""]"
CELLBATCH-001595,Firmware Installation Failed,2023-08-03T16:37:00Z,sat_diagnostic_result,sat_diagnostic_result:BV-CELLBATCH-001595:0002,USR-094,"[""BV-CELLBATCH-001595"",""BV-SECONDLIFESYSTEM-000095"",""BV-BATTERYPASSPORT-001595""]"
CELLBATCH-001595,Firmware Rolled Back,2023-08-03T17:14:00Z,sat_service_status,sat_service_status:BV-CELLBATCH-001595:0002,USR-095,"[""BV-CELLBATCH-001595"",""BV-RECYCLINGORDER-000095""]"
CELLBATCH-001595,Second-Life Assessment Failed,2023-08-03T17:51:00Z,sat_recall_status,sat_recall_status:BV-CELLBATCH-001595:0002,USR-111,"[""BV-CELLBATCH-001595"",""BV-SECONDLIFESYSTEM-000095"",""BV-BATTERYPASSPORT-001595""]"
CELLBATCH-001700,Battery Pack Failed Test,2023-08-03T18:12:00Z,sat_shipment_status,sat_shipment_status:BV-CELLBATCH-001700:0001,USR-080,"[""BV-CELLBATCH-001700"",""BV-WARRANTYCLAIM-000200"",""BV-CERTIFICATE-000200""]"
CELLBATCH-001658,Firmware Installation Failed,2023-08-03T18:44:00Z,sat_diagnostic_result,sat_diagnostic_result:BV-CELLBATCH-001658:0002,USR-022,"[""BV-CELLBATCH-001658"",""BV-SECONDLIFESYSTEM-000158"",""BV-BATTERYPASSPORT-001658""]"
CELLBATCH-001702,Battery Pack Failed Test,2023-08-04T00:14:00Z,sat_shipment_status,sat_shipment_status:BV-CELLBATCH-001702:0001,USR-114,"[""BV-CELLBATCH-001702"",""BV-WARRANTYCLAIM-000202""]"
CELLBATCH-001704,Battery Pack Failed Test,2023-08-04T06:16:00Z,sat_shipment_status,sat_shipment_status:BV-CELLBATCH-001704:0001,USR-021,"[""BV-CELLBATCH-001704"",""BV-WARRANTYCLAIM-000204""]"
CELLBATCH-001600,Battery Pack Failed Test,2023-08-04T07:00:00Z,sat_shipment_status,sat_shipment_status:BV-CELLBATCH-001600:0002,USR-031,"[""BV-CELLBATCH-001600"",""BV-WARRANTYCLAIM-000100"",""BV-CERTIFICATE-000100""]"
CELLBATCH-001600,Firmware Installation Failed,2023-08-04T07:37:00Z,sat_diagnostic_result,sat_diagnostic_result:BV-CELLBATCH-001600:0002,USR-052,"[""BV-CELLBATCH-001600"",""BV-SECONDLIFESYSTEM-000100""]"
CELLBATCH-001600,Firmware Rolled Back,2023-08-04T08:14:00Z,sat_service_status,sat_service_status:BV-CELLBATCH-001600:0002,USR-053,"[""BV-CELLBATCH-001600"",""BV-RECYCLINGORDER-000100"",""BV-VEHICLE-000100""]"
CELLBATCH-001600,Second-Life Assessment Failed,2023-08-04T08:51:00Z,sat_recall_status,sat_recall_status:BV-CELLBATCH-001600:0001,USR-069,"[""BV-CELLBATCH-001600"",""BV-SECONDLIFESYSTEM-000100""]"
CELLBATCH-001661,Firmware Rolled Back,2023-08-04T09:48:00Z,sat_service_status,sat_service_status:BV-CELLBATCH-001661:0002,USR-074,"[""BV-CELLBATCH-001661"",""BV-RECYCLINGORDER-000161"",""BV-VEHICLE-000161""]"
CELLBATCH-001706,Battery Pack Failed Test,2023-08-04T12:18:00Z,sat_shipment_status,sat_shipment_status:BV-CELLBATCH-001706:0001,USR-055,"[""BV-CELLBATCH-001706"",""BV-WARRANTYCLAIM-000206""]"
CELLBATCH-001708,Battery Pack Failed Test,2023-08-04T18:20:00Z,sat_shipment_status,sat_shipment_status:BV-CELLBATCH-001708:0001,USR-089,"[""BV-CELLBATCH-001708"",""BV-WARRANTYCLAIM-000208""]"
CELLBATCH-001605,Battery Pack Failed Test,2023-08-04T22:00:00Z,sat_shipment_status,sat_shipment_status:BV-CELLBATCH-001605:0001,USR-116,"[""BV-CELLBATCH-001605"",""BV-WARRANTYCLAIM-000105"",""BV-CERTIFICATE-000105""]"
CELLBATCH-001605,Firmware Installation Failed,2023-08-04T22:37:00Z,sat_diagnostic_result,sat_diagnostic_result:BV-CELLBATCH-001605:0002,USR-010,"[""BV-CELLBATCH-001605"",""BV-SECONDLIFESYSTEM-000105""]"
CELLBATCH-001605,Firmware Rolled Back,2023-08-04T23:14:00Z,sat_service_status,sat_service_status:BV-CELLBATCH-001605:0003,USR-011,"[""BV-CELLBATCH-001605"",""BV-RECYCLINGORDER-000105""]"
CELLBATCH-001605,Second-Life Assessment Failed,2023-08-04T23:51:00Z,sat_recall_status,sat_recall_status:BV-CELLBATCH-001605:0002,USR-027,"[""BV-CELLBATCH-001605"",""BV-SECONDLIFESYSTEM-000105"",""BV-BATTERYPASSPORT-001605""]"
CELLBATCH-001710,Battery Pack Failed Test,2023-08-05T00:22:00Z,sat_shipment_status,sat_shipment_status:BV-CELLBATCH-001710:0001,USR-123,"[""BV-CELLBATCH-001710"",""BV-WARRANTYCLAIM-000210"",""BV-CERTIFICATE-000210""]"
CELLBATCH-001634,Second-Life Assessment Failed,2023-08-05T00:37:00Z,sat_recall_status,sat_recall_status:BV-CELLBATCH-001634:0001,USR-012,"[""BV-CELLBATCH-001634"",""BV-SECONDLIFESYSTEM-000134"",""BV-BATTERYPASSPORT-001634""]"
CELLBATCH-001668,Firmware Rolled Back,2023-08-05T06:02:00Z,sat_service_status,sat_service_status:BV-CELLBATCH-001668:0002,USR-066,"[""BV-CELLBATCH-001668"",""BV-RECYCLINGORDER-000168"",""BV-VEHICLE-000168""]"
CELLBATCH-001712,Battery Pack Failed Test,2023-08-05T06:24:00Z,sat_shipment_status,sat_shipment_status:BV-CELLBATCH-001712:0001,USR-030,"[""BV-CELLBATCH-001712"",""BV-WARRANTYCLAIM-000212""]"
CELLBATCH-001714,Battery Pack Failed Test,2023-08-05T12:26:00Z,sat_shipment_status,sat_shipment_status:BV-CELLBATCH-001714:0001,USR-064,"[""BV-CELLBATCH-001714"",""BV-WARRANTYCLAIM-000214"",""BV-CERTIFICATE-000214""]"
CELLBATCH-001610,Battery Pack Failed Test,2023-08-05T13:00:00Z,sat_shipment_status,sat_shipment_status:BV-CELLBATCH-001610:0004,USR-074,"[""BV-CELLBATCH-001610"",""BV-WARRANTYCLAIM-000110""]"
CELLBATCH-001610,Firmware Installation Failed,2023-08-05T13:37:00Z,sat_diagnostic_result,sat_diagnostic_result:BV-CELLBATCH-001610:0003,USR-095,"[""BV-CELLBATCH-001610"",""BV-SECONDLIFESYSTEM-000110""]"
CELLBATCH-001610,Firmware Rolled Back,2023-08-05T14:14:00Z,sat_service_status,sat_service_status:BV-CELLBATCH-001610:0002,USR-096,"[""BV-CELLBATCH-001610"",""BV-RECYCLINGORDER-000110"",""BV-VEHICLE-000110""]"
CELLBATCH-001610,Second-Life Assessment Failed,2023-08-05T14:51:00Z,sat_recall_status,sat_recall_status:BV-CELLBATCH-001610:0001,USR-112,"[""BV-CELLBATCH-001610"",""BV-SECONDLIFESYSTEM-000110""]"
CELLBATCH-001716,Battery Pack Failed Test,2023-08-05T18:28:00Z,sat_shipment_status,sat_shipment_status:BV-CELLBATCH-001716:0001,USR-098,"[""BV-CELLBATCH-001716"",""BV-WARRANTYCLAIM-000216""]"
CELLBATCH-001718,Battery Pack Failed Test,2023-08-06T00:30:00Z,sat_shipment_status,sat_shipment_status:BV-CELLBATCH-001718:0001,USR-005,"[""BV-CELLBATCH-001718"",""BV-WARRANTYCLAIM-000218"",""BV-CERTIFICATE-000218""]"
CELLBATCH-001675,Firmware Rolled Back,2023-08-06T03:09:00Z,sat_service_status,sat_service_status:BV-CELLBATCH-001675:0002,USR-058,"[""BV-CELLBATCH-001675"",""BV-RECYCLINGORDER-000175"",""BV-VEHICLE-000175""]"
CELLBATCH-001615,Battery Pack Failed Test,2023-08-06T04:00:00Z,sat_shipment_status,sat_shipment_status:BV-CELLBATCH-001615:0001,USR-032,"[""BV-CELLBATCH-001615"",""BV-WARRANTYCLAIM-000115""]"
CELLBATCH-001615,Firmware Installation Failed,2023-08-06T04:37:00Z,sat_diagnostic_result,sat_diagnostic_result:BV-CELLBATCH-001615:0002,USR-053,"[""BV-CELLBATCH-001615"",""BV-SECONDLIFESYSTEM-000115"",""BV-BATTERYPASSPORT-001615""]"
CELLBATCH-001615,Firmware Rolled Back,2023-08-06T05:14:00Z,sat_service_status,sat_service_status:BV-CELLBATCH-001615:0002,USR-054,"[""BV-CELLBATCH-001615"",""BV-RECYCLINGORDER-000115""]"
CELLBATCH-001615,Second-Life Assessment Failed,2023-08-06T05:51:00Z,sat_recall_status,sat_recall_status:BV-CELLBATCH-001615:0002,USR-070,"[""BV-CELLBATCH-001615"",""BV-SECONDLIFESYSTEM-000115""]"
CELLBATCH-001720,Battery Pack Failed Test,2023-08-06T06:32:00Z,sat_shipment_status,sat_shipment_status:BV-CELLBATCH-001720:0001,USR-039,"[""BV-CELLBATCH-001720"",""BV-WARRANTYCLAIM-000220"",""BV-CERTIFICATE-000220""]"
CELLBATCH-001722,Battery Pack Failed Test,2023-08-06T12:34:00Z,sat_shipment_status,sat_shipment_status:BV-CELLBATCH-001722:0001,USR-073,"[""BV-CELLBATCH-001722"",""BV-WARRANTYCLAIM-000222"",""BV-CERTIFICATE-000222""]"
CELLBATCH-001724,Battery Pack Failed Test,2023-08-06T18:36:00Z,sat_shipment_status,sat_shipment_status:BV-CELLBATCH-001724:0001,USR-107,"[""BV-CELLBATCH-001724"",""BV-WARRANTYCLAIM-000224"",""BV-CERTIFICATE-000224""]"
CELLBATCH-001620,Battery Pack Failed Test,2023-08-06T19:00:00Z,sat_shipment_status,sat_shipment_status:BV-CELLBATCH-001620:0002,USR-117,"[""BV-CELLBATCH-001620"",""BV-WARRANTYCLAIM-000120"",""BV-CERTIFICATE-000120""]"
CELLBATCH-001620,Firmware Installation Failed,2023-08-06T19:37:00Z,sat_diagnostic_result,sat_diagnostic_result:BV-CELLBATCH-001620:0002,USR-011,"[""BV-CELLBATCH-001620"",""BV-SECONDLIFESYSTEM-000120""]"
CELLBATCH-001620,Firmware Rolled Back,2023-08-06T20:14:00Z,sat_service_status,sat_service_status:BV-CELLBATCH-001620:0002,USR-012,"[""BV-CELLBATCH-001620"",""BV-RECYCLINGORDER-000120""]"
CELLBATCH-001620,Second-Life Assessment Failed,2023-08-06T20:51:00Z,sat_recall_status,sat_recall_status:BV-CELLBATCH-001620:0001,USR-028,"[""BV-CELLBATCH-001620"",""BV-SECONDLIFESYSTEM-000120"",""BV-BATTERYPASSPORT-001620""]"
CELLBATCH-001682,Firmware Rolled Back,2023-08-07T00:16:00Z,sat_service_status,sat_service_status:BV-CELLBATCH-001682:0002,USR-050,"[""BV-CELLBATCH-001682"",""BV-RECYCLINGORDER-000182"",""BV-VEHICLE-000182""]"
CELLBATCH-001726,Battery Pack Failed Test,2023-08-07T00:38:00Z,sat_shipment_status,sat_shipment_status:BV-CELLBATCH-001726:0001,USR-014,"[""BV-CELLBATCH-001726"",""BV-WARRANTYCLAIM-000226"",""BV-CERTIFICATE-000226""]"
CELLBATCH-001728,Battery Pack Failed Test,2023-08-07T06:40:00Z,sat_shipment_status,sat_shipment_status:BV-CELLBATCH-001728:0001,USR-048,"[""BV-CELLBATCH-001728"",""BV-WARRANTYCLAIM-000228""]"
CELLBATCH-001625,Battery Pack Failed Test,2023-08-07T10:00:00Z,sat_shipment_status,sat_shipment_status:BV-CELLBATCH-001625:0001,USR-075,"[""BV-CELLBATCH-001625"",""BV-WARRANTYCLAIM-000125""]"
CELLBATCH-001625,Firmware Installation Failed,2023-08-07T10:37:00Z,sat_diagnostic_result,sat_diagnostic_result:BV-CELLBATCH-001625:0002,USR-096,"[""BV-CELLBATCH-001625"",""BV-SECONDLIFESYSTEM-000125"",""BV-BATTERYPASSPORT-001625""]"
CELLBATCH-001625,Firmware Rolled Back,2023-08-07T11:14:00Z,sat_service_status,sat_service_status:BV-CELLBATCH-001625:0002,USR-097,"[""BV-CELLBATCH-001625"",""BV-RECYCLINGORDER-000125""]"
CELLBATCH-001625,Second-Life Assessment Failed,2023-08-07T11:51:00Z,sat_recall_status,sat_recall_status:BV-CELLBATCH-001625:0003,USR-113,"[""BV-CELLBATCH-001625"",""BV-SECONDLIFESYSTEM-000125"",""BV-BATTERYPASSPORT-001625""]"
CELLBATCH-001730,Battery Pack Failed Test,2023-08-07T12:42:00Z,sat_shipment_status,sat_shipment_status:BV-CELLBATCH-001730:0001,USR-082,"[""BV-CELLBATCH-001730"",""BV-WARRANTYCLAIM-000230"",""BV-CERTIFICATE-000230""]"
CELLBATCH-001732,Battery Pack Failed Test,2023-08-07T18:44:00Z,sat_shipment_status,sat_shipment_status:BV-CELLBATCH-001732:0001,USR-116,"[""BV-CELLBATCH-001732"",""BV-WARRANTYCLAIM-000232""]"
CELLBATCH-001689,Firmware Rolled Back,2023-08-07T21:23:00Z,sat_service_status,sat_service_status:BV-CELLBATCH-001689:0002,USR-042,"[""BV-CELLBATCH-001689"",""BV-RECYCLINGORDER-000189"",""BV-VEHICLE-000189""]"
CELLBATCH-001734,Battery Pack Failed Test,2023-08-08T00:46:00Z,sat_shipment_status,sat_shipment_status:BV-CELLBATCH-001734:0001,USR-023,"[""BV-CELLBATCH-001734"",""BV-WARRANTYCLAIM-000234""]"
CELLBATCH-001630,Battery Pack Failed Test,2023-08-08T01:00:00Z,sat_shipment_status,sat_shipment_status:BV-CELLBATCH-001630:0002,USR-033,"[""BV-CELLBATCH-001630"",""BV-WARRANTYCLAIM-000130"",""BV-CERTIFICATE-000130""]"
CELLBATCH-001630,Firmware Installation Failed,2023-08-08T01:37:00Z,sat_diagnostic_result,sat_diagnostic_result:BV-CELLBATCH-001630:0003,USR-054,"[""BV-CELLBATCH-001630"",""BV-SECONDLIFESYSTEM-000130""]"
CELLBATCH-001630,Firmware Rolled Back,2023-08-08T02:14:00Z,sat_service_status,sat_service_status:BV-CELLBATCH-001630:0002,USR-055,"[""BV-CELLBATCH-001630"",""BV-RECYCLINGORDER-000130"",""BV-VEHICLE-000130""]"
CELLBATCH-001630,Second-Life Assessment Failed,2023-08-08T02:51:00Z,sat_recall_status,sat_recall_status:BV-CELLBATCH-001630:0001,USR-071,"[""BV-CELLBATCH-001630"",""BV-SECONDLIFESYSTEM-000130""]"
CELLBATCH-001736,Battery Pack Failed Test,2023-08-08T06:48:00Z,sat_shipment_status,sat_shipment_status:BV-CELLBATCH-001736:0001,USR-057,"[""BV-CELLBATCH-001736"",""BV-WARRANTYCLAIM-000236""]"
CELLBATCH-001695,Firmware Installation Failed,2023-08-08T09:28:00Z,sat_diagnostic_result,sat_diagnostic_result:BV-CELLBATCH-001695:0002,USR-016,"[""BV-CELLBATCH-001695"",""BV-SECONDLIFESYSTEM-000195""]"
CELLBATCH-001738,Battery Pack Failed Test,2023-08-08T12:50:00Z,sat_shipment_status,sat_shipment_status:BV-CELLBATCH-001738:0001,USR-091,"[""BV-CELLBATCH-001738"",""BV-WARRANTYCLAIM-000238""]"
CELLBATCH-001635,Battery Pack Failed Test,2023-08-08T16:00:00Z,sat_shipment_status,sat_shipment_status:BV-CELLBATCH-001635:0001,USR-118,"[""BV-CELLBATCH-001635"",""BV-WARRANTYCLAIM-000135""]"
CELLBATCH-001635,Firmware Installation Failed,2023-08-08T16:37:00Z,sat_diagnostic_result,sat_diagnostic_result:BV-CELLBATCH-001635:0002,USR-012,"[""BV-CELLBATCH-001635"",""BV-SECONDLIFESYSTEM-000135""]"
CELLBATCH-001635,Firmware Rolled Back,2023-08-08T17:14:00Z,sat_service_status,sat_service_status:BV-CELLBATCH-001635:0002,USR-013,"[""BV-CELLBATCH-001635"",""BV-RECYCLINGORDER-000135"",""BV-VEHICLE-000135""]"
CELLBATCH-001635,Second-Life Assessment Failed,2023-08-08T17:51:00Z,sat_recall_status,sat_recall_status:BV-CELLBATCH-001635:0002,USR-029,"[""BV-CELLBATCH-001635"",""BV-SECONDLIFESYSTEM-000135""]"
CELLBATCH-001696,Firmware Rolled Back,2023-08-08T18:30:00Z,sat_service_status,sat_service_status:BV-CELLBATCH-001696:0002,USR-034,"[""BV-CELLBATCH-001696"",""BV-RECYCLINGORDER-000196""]"
CELLBATCH-001740,Battery Pack Failed Test,2023-08-08T18:52:00Z,sat_shipment_status,sat_shipment_status:BV-CELLBATCH-001740:0001,USR-125,"[""BV-CELLBATCH-001740"",""BV-WARRANTYCLAIM-000240"",""BV-CERTIFICATE-000240""]"
CELLBATCH-001665,Second-Life Assessment Failed,2023-08-08T21:15:00Z,sat_recall_status,sat_recall_status:BV-CELLBATCH-001665:0002,USR-031,"[""BV-CELLBATCH-001665"",""BV-SECONDLIFESYSTEM-000165""]"
CELLBATCH-001742,Battery Pack Failed Test,2023-08-09T00:01:00Z,sat_shipment_status,sat_shipment_status:BV-CELLBATCH-001742:0001,USR-032,"[""BV-CELLBATCH-001742"",""BV-WARRANTYCLAIM-000242"",""BV-CERTIFICATE-000242""]"
CELLBATCH-001744,Battery Pack Failed Test,2023-08-09T06:03:00Z,sat_shipment_status,sat_shipment_status:BV-CELLBATCH-001744:0001,USR-066,"[""BV-CELLBATCH-001744"",""BV-WARRANTYCLAIM-000244"",""BV-CERTIFICATE-000244""]"
CELLBATCH-001640,Battery Pack Failed Test,2023-08-09T07:00:00Z,sat_shipment_status,sat_shipment_status:BV-CELLBATCH-001640:0002,USR-076,"[""BV-CELLBATCH-001640"",""BV-WARRANTYCLAIM-000140""]"
CELLBATCH-001640,Firmware Installation Failed,2023-08-09T07:37:00Z,sat_diagnostic_result,sat_diagnostic_result:BV-CELLBATCH-001640:0002,USR-097,"[""BV-CELLBATCH-001640"",""BV-SECONDLIFESYSTEM-000140"",""BV-BATTERYPASSPORT-001640""]"
CELLBATCH-001640,Firmware Rolled Back,2023-08-09T08:14:00Z,sat_service_status,sat_service_status:BV-CELLBATCH-001640:0004,USR-098,"[""BV-CELLBATCH-001640"",""BV-RECYCLINGORDER-000140""]"
CELLBATCH-001640,Second-Life Assessment Failed,2023-08-09T08:51:00Z,sat_recall_status,sat_recall_status:BV-CELLBATCH-001640:0001,USR-114,"[""BV-CELLBATCH-001640"",""BV-SECONDLIFESYSTEM-000140"",""BV-BATTERYPASSPORT-001640""]"
CELLBATCH-001746,Battery Pack Failed Test,2023-08-09T12:05:00Z,sat_shipment_status,sat_shipment_status:BV-CELLBATCH-001746:0001,USR-100,"[""BV-CELLBATCH-001746"",""BV-WARRANTYCLAIM-000246""]"
CELLBATCH-001703,Firmware Rolled Back,2023-08-09T15:37:00Z,sat_service_status,sat_service_status:BV-CELLBATCH-001703:0002,USR-026,"[""BV-CELLBATCH-001703"",""BV-RECYCLINGORDER-000203"",""BV-VEHICLE-000203""]"
CELLBATCH-001748,Battery Pack Failed Test,2023-08-09T18:07:00Z,sat_shipment_status,sat_shipment_status:BV-CELLBATCH-001748:0001,USR-007,"[""BV-CELLBATCH-001748"",""BV-WARRANTYCLAIM-000248""]"
CELLBATCH-001645,Battery Pack Failed Test,2023-08-09T22:00:00Z,sat_shipment_status,sat_shipment_status:BV-CELLBATCH-001645:0002,USR-034,"[""BV-CELLBATCH-001645"",""BV-WARRANTYCLAIM-000145""]"
CELLBATCH-001645,Firmware Installation Failed,2023-08-09T22:37:00Z,sat_diagnostic_result,sat_diagnostic_result:BV-CELLBATCH-001645:0002,USR-055,"[""BV-CELLBATCH-001645"",""BV-SECONDLIFESYSTEM-000145""]"
CELLBATCH-001645,Firmware Rolled Back,2023-08-09T23:14:00Z,sat_service_status,sat_service_status:BV-CELLBATCH-001645:0003,USR-056,"[""BV-CELLBATCH-001645"",""BV-RECYCLINGORDER-000145"",""BV-VEHICLE-000145""]"
CELLBATCH-001645,Second-Life Assessment Failed,2023-08-09T23:51:00Z,sat_recall_status,sat_recall_status:BV-CELLBATCH-001645:0003,USR-072,"[""BV-CELLBATCH-001645"",""BV-SECONDLIFESYSTEM-000145""]"
CELLBATCH-001750,Battery Pack Failed Test,2023-08-10T00:09:00Z,sat_shipment_status,sat_shipment_status:BV-CELLBATCH-001750:0001,USR-041,"[""BV-CELLBATCH-001750"",""BV-WARRANTYCLAIM-000250""]"
CELLBATCH-001752,Battery Pack Failed Test,2023-08-10T06:11:00Z,sat_shipment_status,sat_shipment_status:BV-CELLBATCH-001752:0001,USR-075,"[""BV-CELLBATCH-001752"",""BV-WARRANTYCLAIM-000252""]"
CELLBATCH-001754,Battery Pack Failed Test,2023-08-10T12:13:00Z,sat_shipment_status,sat_shipment_status:BV-CELLBATCH-001754:0001,USR-109,"[""BV-CELLBATCH-001754"",""BV-WARRANTYCLAIM-000254""]"
CELLBATCH-001710,Firmware Rolled Back,2023-08-10T12:44:00Z,sat_service_status,sat_service_status:BV-CELLBATCH-001710:0002,USR-018,"[""BV-CELLBATCH-001710"",""BV-RECYCLINGORDER-000210""]"
CELLBATCH-001650,Battery Pack Failed Test,2023-08-10T13:00:00Z,sat_shipment_status,sat_shipment_status:BV-CELLBATCH-001650:0002,USR-119,"[""BV-CELLBATCH-001650"",""BV-WARRANTYCLAIM-000150"",""BV-CERTIFICATE-000150""]"
CELLBATCH-001650,Firmware Installation Failed,2023-08-10T13:37:00Z,sat_diagnostic_result,sat_diagnostic_result:BV-CELLBATCH-001650:0002,USR-013,"[""BV-CELLBATCH-001650"",""BV-SECONDLIFESYSTEM-000150""]"
CELLBATCH-001650,Firmware Rolled Back,2023-08-10T14:14:00Z,sat_service_status,sat_service_status:BV-CELLBATCH-001650:0002,USR-014,"[""BV-CELLBATCH-001650"",""BV-RECYCLINGORDER-000150"",""BV-VEHICLE-000150""]"
CELLBATCH-001650,Second-Life Assessment Failed,2023-08-10T14:51:00Z,sat_recall_status,sat_recall_status:BV-CELLBATCH-001650:0001,USR-030,"[""BV-CELLBATCH-001650"",""BV-SECONDLIFESYSTEM-000150""]"
CELLBATCH-001756,Battery Pack Failed Test,2023-08-10T18:15:00Z,sat_shipment_status,sat_shipment_status:BV-CELLBATCH-001756:0001,USR-016,"[""BV-CELLBATCH-001756"",""BV-WARRANTYCLAIM-000256"",""BV-CERTIFICATE-000256""]"
CELLBATCH-001758,Battery Pack Failed Test,2023-08-11T00:17:00Z,sat_shipment_status,sat_shipment_status:BV-CELLBATCH-001758:0001,USR-050,"[""BV-CELLBATCH-001758"",""BV-WARRANTYCLAIM-000258"",""BV-CERTIFICATE-000258""]"
CELLBATCH-001655,Battery Pack Failed Test,2023-08-11T04:00:00Z,sat_shipment_status,sat_shipment_status:BV-CELLBATCH-001655:0001,USR-077,"[""BV-CELLBATCH-001655"",""BV-WARRANTYCLAIM-000155""]"
CELLBATCH-001655,Firmware Installation Failed,2023-08-11T04:37:00Z,sat_diagnostic_result,sat_diagnostic_result:BV-CELLBATCH-001655:0002,USR-098,"[""BV-CELLBATCH-001655"",""BV-SECONDLIFESYSTEM-000155"",""BV-BATTERYPASSPORT-001655""]"
CELLBATCH-001655,Firmware Rolled Back,2023-08-11T05:14:00Z,sat_service_status,sat_service_status:BV-CELLBATCH-001655:0002,USR-099,"[""BV-CELLBATCH-001655"",""BV-RECYCLINGORDER-000155""]"
CELLBATCH-001655,Second-Life Assessment Failed,2023-08-11T05:51:00Z,sat_recall_status,sat_recall_status:BV-CELLBATCH-001655:0002,USR-115,"[""BV-CELLBATCH-001655"",""BV-SECONDLIFESYSTEM-000155""]"
CELLBATCH-001760,Battery Pack Failed Test,2023-08-11T06:19:00Z,sat_shipment_status,sat_shipment_status:BV-CELLBATCH-001760:0001,USR-084,"[""BV-CELLBATCH-001760"",""BV-WARRANTYCLAIM-000260""]"
CELLBATCH-001717,Firmware Rolled Back,2023-08-11T09:51:00Z,sat_service_status,sat_service_status:BV-CELLBATCH-001717:0002,USR-010,"[""BV-CELLBATCH-001717"",""BV-RECYCLINGORDER-000217""]"
CELLBATCH-001762,Battery Pack Failed Test,2023-08-11T12:21:00Z,sat_shipment_status,sat_shipment_status:BV-CELLBATCH-001762:0001,USR-118,"[""BV-CELLBATCH-001762"",""BV-WARRANTYCLAIM-000262""]"
CELLBATCH-001764,Battery Pack Failed Test,2023-08-11T18:23:00Z,sat_shipment_status,sat_shipment_status:BV-CELLBATCH-001764:0001,USR-025,"[""BV-CELLBATCH-001764"",""BV-WARRANTYCLAIM-000264""]"
CELLBATCH-001660,Battery Pack Failed Test,2023-08-11T19:00:00Z,sat_shipment_status,sat_shipment_status:BV-CELLBATCH-001660:0002,USR-035,"[""BV-CELLBATCH-001660"",""BV-WARRANTYCLAIM-000160"",""BV-CERTIFICATE-000160""]"
CELLBATCH-001660,Firmware Installation Failed,2023-08-11T19:37:00Z,sat_diagnostic_result,sat_diagnostic_result:BV-CELLBATCH-001660:0002,USR-056,"[""BV-CELLBATCH-001660"",""BV-SECONDLIFESYSTEM-000160""]"
CELLBATCH-001660,Firmware Rolled Back,2023-08-11T20:14:00Z,sat_service_status,sat_service_status:BV-CELLBATCH-001660:0002,USR-057,"[""BV-CELLBATCH-001660"",""BV-RECYCLINGORDER-000160""]"
CELLBATCH-001660,Second-Life Assessment Failed,2023-08-11T20:51:00Z,sat_recall_status,sat_recall_status:BV-CELLBATCH-001660:0001,USR-073,"[""BV-CELLBATCH-001660"",""BV-SECONDLIFESYSTEM-000160"",""BV-BATTERYPASSPORT-001660""]"
CELLBATCH-001766,Battery Pack Failed Test,2023-08-12T00:25:00Z,sat_shipment_status,sat_shipment_status:BV-CELLBATCH-001766:0001,USR-059,"[""BV-CELLBATCH-001766"",""BV-WARRANTYCLAIM-000266""]"
CELLBATCH-001724,Firmware Rolled Back,2023-08-12T06:05:00Z,sat_service_status,sat_service_status:BV-CELLBATCH-001724:0002,USR-002,"[""BV-CELLBATCH-001724"",""BV-RECYCLINGORDER-000224"",""BV-VEHICLE-000224""]"
CELLBATCH-001768,Battery Pack Failed Test,2023-08-12T06:27:00Z,sat_shipment_status,sat_shipment_status:BV-CELLBATCH-001768:0001,USR-093,"[""BV-CELLBATCH-001768"",""BV-WARRANTYCLAIM-000268"",""BV-CERTIFICATE-000268""]"
CELLBATCH-001665,Battery Pack Failed Test,2023-08-12T10:00:00Z,sat_shipment_status,sat_shipment_status:BV-CELLBATCH-001665:0001,USR-120,"[""BV-CELLBATCH-001665"",""BV-WARRANTYCLAIM-000165"",""BV-CERTIFICATE-000165""]"
CELLBATCH-001665,Firmware Installation Failed,2023-08-12T10:37:00Z,sat_diagnostic_result,sat_diagnostic_result:BV-CELLBATCH-001665:0002,USR-014,"[""BV-CELLBATCH-001665"",""BV-SECONDLIFESYSTEM-000165""]"
CELLBATCH-001665,Firmware Rolled Back,2023-08-12T11:14:00Z,sat_service_status,sat_service_status:BV-CELLBATCH-001665:0003,USR-015,"[""BV-CELLBATCH-001665"",""BV-RECYCLINGORDER-000165"",""BV-VEHICLE-000165""]"
CELLBATCH-001665,Second-Life Assessment Failed,2023-08-12T11:51:00Z,sat_recall_status,sat_recall_status:BV-CELLBATCH-001665:0003,USR-031,"[""BV-CELLBATCH-001665"",""BV-SECONDLIFESYSTEM-000165""]"
CELLBATCH-001770,Battery Pack Failed Test,2023-08-12T12:29:00Z,sat_shipment_status,sat_shipment_status:BV-CELLBATCH-001770:0001,USR-127,"[""BV-CELLBATCH-001770"",""BV-WARRANTYCLAIM-000270""]"
CELLBATCH-001772,Battery Pack Failed Test,2023-08-12T18:31:00Z,sat_shipment_status,sat_shipment_status:BV-CELLBATCH-001772:0001,USR-034,"[""BV-CELLBATCH-001772"",""BV-WARRANTYCLAIM-000272""]"
CELLBATCH-001696,Second-Life Assessment Failed,2023-08-12T18:46:00Z,sat_recall_status,sat_recall_status:BV-CELLBATCH-001696:0002,USR-050,"[""BV-CELLBATCH-001696"",""BV-SECONDLIFESYSTEM-000196""]"
CELLBATCH-001732,Firmware Installation Failed,2023-08-13T00:12:00Z,sat_diagnostic_result,sat_diagnostic_result:BV-CELLBATCH-001732:0002,USR-010,"[""BV-CELLBATCH-001732"",""BV-SECONDLIFESYSTEM-000232""]"
CELLBATCH-001774,Battery Pack Failed Test,2023-08-13T00:33:00Z,sat_shipment_status,sat_shipment_status:BV-CELLBATCH-001774:0001,USR-068,"[""BV-CELLBATCH-001774"",""BV-WARRANTYCLAIM-000274""]"
CELLBATCH-001670,Battery Pack Failed Test,2023-08-13T01:00:00Z,sat_shipment_status,sat_shipment_status:BV-CELLBATCH-001670:0002,USR-078,"[""BV-CELLBATCH-001670"",""BV-WARRANTYCLAIM-000170"",""BV-CERTIFICATE-000170""]"
CELLBATCH-001670,Firmware Installation Failed,2023-08-13T01:37:00Z,sat_diagnostic_result,sat_diagnostic_result:BV-CELLBATCH-001670:0002,USR-099,"[""BV-CELLBATCH-001670"",""BV-SECONDLIFESYSTEM-000170""]"
CELLBATCH-001670,Firmware Rolled Back,2023-08-13T02:14:00Z,sat_service_status,sat_service_status:BV-CELLBATCH-001670:0002,USR-100,"[""BV-CELLBATCH-001670"",""BV-RECYCLINGORDER-000170""]"
CELLBATCH-001670,Second-Life Assessment Failed,2023-08-13T02:51:00Z,sat_recall_status,sat_recall_status:BV-CELLBATCH-001670:0001,USR-116,"[""BV-CELLBATCH-001670"",""BV-SECONDLIFESYSTEM-000170"",""BV-BATTERYPASSPORT-001670""]"
CELLBATCH-001731,Firmware Rolled Back,2023-08-13T03:12:00Z,sat_service_status,sat_service_status:BV-CELLBATCH-001731:0002,USR-121,"[""BV-CELLBATCH-001731"",""BV-RECYCLINGORDER-000231""]"
CELLBATCH-001776,Battery Pack Failed Test,2023-08-13T06:35:00Z,sat_shipment_status,sat_shipment_status:BV-CELLBATCH-001776:0001,USR-102,"[""BV-CELLBATCH-001776"",""BV-WARRANTYCLAIM-000276""]"
CELLBATCH-001778,Battery Pack Failed Test,2023-08-13T12:37:00Z,sat_shipment_status,sat_shipment_status:BV-CELLBATCH-001778:0001,USR-009,"[""BV-CELLBATCH-001778"",""BV-WARRANTYCLAIM-000278"",""BV-CERTIFICATE-000278""]"
CELLBATCH-001675,Battery Pack Failed Test,2023-08-13T16:00:00Z,sat_shipment_status,sat_shipment_status:BV-CELLBATCH-001675:0001,USR-036,"[""BV-CELLBATCH-001675"",""BV-WARRANTYCLAIM-000175"",""BV-CERTIFICATE-000175""]"
CELLBATCH-001675,Firmware Installation Failed,2023-08-13T16:37:00Z,sat_diagnostic_result,sat_diagnostic_result:BV-CELLBATCH-001675:0002,USR-057,"[""BV-CELLBATCH-001675"",""BV-SECONDLIFESYSTEM-000175""]"
CELLBATCH-001675,Firmware Rolled Back,2023-08-13T17:14:00Z,sat_service_status,sat_service_status:BV-CELLBATCH-001675:0003,USR-058,"[""BV-CELLBATCH-001675"",""BV-RECYCLINGORDER-000175""]"
CELLBATCH-001675,Second-Life Assessment Failed,2023-08-13T17:51:00Z,sat_recall_status,sat_recall_status:BV-CELLBATCH-001675:0002,USR-074,"[""BV-CELLBATCH-001675"",""BV-SECONDLIFESYSTEM-000175"",""BV-BATTERYPASSPORT-001675""]"
CELLBATCH-001780,Battery Pack Failed Test,2023-08-13T18:39:00Z,sat_shipment_status,sat_shipment_status:BV-CELLBATCH-001780:0001,USR-043,"[""BV-CELLBATCH-001780"",""BV-WARRANTYCLAIM-000280"",""BV-CERTIFICATE-000280""]"
CELLBATCH-001738,Firmware Rolled Back,2023-08-14T00:19:00Z,sat_service_status,sat_service_status:BV-CELLBATCH-001738:0002,USR-113,"[""BV-CELLBATCH-001738"",""BV-RECYCLINGORDER-000238""]"
CELLBATCH-001782,Battery Pack Failed Test,2023-08-14T00:41:00Z,sat_shipment_status,sat_shipment_status:BV-CELLBATCH-001782:0001,USR-077,"[""BV-CELLBATCH-001782"",""BV-WARRANTYCLAIM-000282""]"
CELLBATCH-001784,Battery Pack Failed Test,2023-08-14T06:43:00Z,sat_shipment_status,sat_shipment_status:BV-CELLBATCH-001784:0001,USR-111,"[""BV-CELLBATCH-001784"",""BV-WARRANTYCLAIM-000284"",""BV-CERTIFICATE-000284""]"
CELLBATCH-001680,Battery Pack Failed Test,2023-08-14T07:00:00Z,sat_shipment_status,sat_shipment_status:BV-CELLBATCH-001680:0003,USR-121,"[""BV-CELLBATCH-001680"",""BV-WARRANTYCLAIM-000180""]"
CELLBATCH-001680,Firmware Installation Failed,2023-08-14T07:37:00Z,sat_diagnostic_result,sat_diagnostic_result:BV-CELLBATCH-001680:0002,USR-015,"[""BV-CELLBATCH-001680"",""BV-SECONDLIFESYSTEM-000180"",""BV-BATTERYPASSPORT-001680""]"
CELLBATCH-001680,Firmware Rolled Back,2023-08-14T08:14:00Z,sat_service_status,sat_service_status:BV-CELLBATCH-001680:0002,USR-016,"[""BV-CELLBATCH-001680"",""BV-RECYCLINGORDER-000180""]"
CELLBATCH-001680,Second-Life Assessment Failed,2023-08-14T08:51:00Z,sat_recall_status,sat_recall_status:BV-CELLBATCH-001680:0001,USR-032,"[""BV-CELLBATCH-001680"",""BV-SECONDLIFESYSTEM-000180""]"
CELLBATCH-001786,Battery Pack Failed Test,2023-08-14T12:45:00Z,sat_shipment_status,sat_shipment_status:BV-CELLBATCH-001786:0001,USR-018,"[""BV-CELLBATCH-001786"",""BV-WARRANTYCLAIM-000286""]"
CELLBATCH-001788,Battery Pack Failed Test,2023-08-14T18:47:00Z,sat_shipment_status,sat_shipment_status:BV-CELLBATCH-001788:0001,USR-052,"[""BV-CELLBATCH-001788"",""BV-WARRANTYCLAIM-000288"",""BV-CERTIFICATE-000288""]"
CELLBATCH-001745,Firmware Rolled Back,2023-08-14T21:26:00Z,sat_service_status,sat_service_status:BV-CELLBATCH-001745:0002,USR-105,"[""BV-CELLBATCH-001745"",""BV-RECYCLINGORDER-000245""]"
CELLBATCH-001685,Battery Pack Failed Test,2023-08-14T22:00:00Z,sat_shipment_status,sat_shipment_status:BV-CELLBATCH-001685:0001,USR-079,"[""BV-CELLBATCH-001685"",""BV-WARRANTYCLAIM-000185"",""BV-CERTIFICATE-000185""]"
CELLBATCH-001685,Firmware Installation Failed,2023-08-14T22:37:00Z,sat_diagnostic_result,sat_diagnostic_result:BV-CELLBATCH-001685:0002,USR-100,"[""BV-CELLBATCH-001685"",""BV-SECONDLIFESYSTEM-000185""]"
CELLBATCH-001685,Firmware Rolled Back,2023-08-14T23:14:00Z,sat_service_status,sat_service_status:BV-CELLBATCH-001685:0002,USR-101,"[""BV-CELLBATCH-001685"",""BV-RECYCLINGORDER-000185""]"
CELLBATCH-001685,Second-Life Assessment Failed,2023-08-14T23:51:00Z,sat_recall_status,sat_recall_status:BV-CELLBATCH-001685:0002,USR-117,"[""BV-CELLBATCH-001685"",""BV-SECONDLIFESYSTEM-000185"",""BV-BATTERYPASSPORT-001685""]"
CELLBATCH-001790,Battery Pack Failed Test,2023-08-15T00:49:00Z,sat_shipment_status,sat_shipment_status:BV-CELLBATCH-001790:0001,USR-086,"[""BV-CELLBATCH-001790"",""BV-WARRANTYCLAIM-000290""]"
CELLBATCH-001792,Battery Pack Failed Test,2023-08-15T06:51:00Z,sat_shipment_status,sat_shipment_status:BV-CELLBATCH-001792:0001,USR-120,"[""BV-CELLBATCH-001792"",""BV-WARRANTYCLAIM-000292""]"
CELLBATCH-001794,Battery Pack Failed Test,2023-08-15T12:00:00Z,sat_shipment_status,sat_shipment_status:BV-CELLBATCH-001794:0001,USR-027,"[""BV-CELLBATCH-001794"",""BV-WARRANTYCLAIM-000294"",""BV-CERTIFICATE-000294""]"
CELLBATCH-001690,Battery Pack Failed Test,2023-08-15T13:00:00Z,sat_shipment_status,sat_shipment_status:BV-CELLBATCH-001690:0002,USR-037,"[""BV-CELLBATCH-001690"",""BV-WARRANTYCLAIM-000190""]"
CELLBATCH-001690,Firmware Installation Failed,2023-08-15T13:37:00Z,sat_diagnostic_result,sat_diagnostic_result:BV-CELLBATCH-001690:0002,USR-058,"[""BV-CELLBATCH-001690"",""BV-SECONDLIFESYSTEM-000190"",""BV-BATTERYPASSPORT-001690""]"
CELLBATCH-001690,Firmware Rolled Back,2023-08-15T14:14:00Z,sat_service_status,sat_service_status:BV-CELLBATCH-001690:0002,USR-059,"[""BV-CELLBATCH-001690"",""BV-RECYCLINGORDER-000190""]"
CELLBATCH-001690,Second-Life Assessment Failed,2023-08-15T14:51:00Z,sat_recall_status,sat_recall_status:BV-CELLBATCH-001690:0002,USR-075,"[""BV-CELLBATCH-001690"",""BV-SECONDLIFESYSTEM-000190""]"
CELLBATCH-001796,Battery Pack Failed Test,2023-08-15T18:02:00Z,sat_shipment_status,sat_shipment_status:BV-CELLBATCH-001796:0001,USR-061,"[""BV-CELLBATCH-001796"",""BV-WARRANTYCLAIM-000296"",""BV-CERTIFICATE-000296""]"
CELLBATCH-001752,Firmware Rolled Back,2023-08-15T18:33:00Z,sat_service_status,sat_service_status:BV-CELLBATCH-001752:0002,USR-097,"[""BV-CELLBATCH-001752"",""BV-RECYCLINGORDER-000252"",""BV-VEHICLE-000252""]"
CELLBATCH-001798,Battery Pack Failed Test,2023-08-16T00:04:00Z,sat_shipment_status,sat_shipment_status:BV-CELLBATCH-001798:0001,USR-095,"[""BV-CELLBATCH-001798"",""BV-WARRANTYCLAIM-000298""]"
CELLBATCH-001695,Battery Pack Failed Test,2023-08-16T04:00:00Z,sat_shipment_status,sat_shipment_status:BV-CELLBATCH-001695:0001,USR-122,"[""BV-CELLBATCH-001695"",""BV-WARRANTYCLAIM-000195""]"
CELLBATCH-001695,Firmware Installation Failed,2023-08-16T04:37:00Z,sat_diagnostic_result,sat_diagnostic_result:BV-CELLBATCH-001695:0003,USR-016,"[""BV-CELLBATCH-001695"",""BV-SECONDLIFESYSTEM-000195"",""BV-BATTERYPASSPORT-001695""]"
CELLBATCH-001695,Firmware Rolled Back,2023-08-16T05:14:00Z,sat_service_status,sat_service_status:BV-CELLBATCH-001695:0002,USR-017,"[""BV-CELLBATCH-001695"",""BV-RECYCLINGORDER-000195""]"
CELLBATCH-001695,Second-Life Assessment Failed,2023-08-16T05:51:00Z,sat_recall_status,sat_recall_status:BV-CELLBATCH-001695:0002,USR-033,"[""BV-CELLBATCH-001695"",""BV-SECONDLIFESYSTEM-000195"",""BV-BATTERYPASSPORT-001695""]"
CELLBATCH-001800,Battery Pack Failed Test,2023-08-16T06:06:00Z,sat_shipment_status,sat_shipment_status:BV-CELLBATCH-001800:0001,USR-002,"[""BV-CELLBATCH-001800"",""BV-WARRANTYCLAIM-000300"",""BV-CERTIFICATE-000300""]"
CELLBATCH-001802,Battery Pack Failed Test,2023-08-16T12:08:00Z,sat_shipment_status,sat_shipment_status:BV-CELLBATCH-001802:0001,USR-036,"[""BV-CELLBATCH-001802"",""BV-WARRANTYCLAIM-000302"",""BV-CERTIFICATE-000302""]"
CELLBATCH-001727,Second-Life Assessment Failed,2023-08-16T15:24:00Z,sat_recall_status,sat_recall_status:BV-CELLBATCH-001727:0002,USR-069,"[""BV-CELLBATCH-001727"",""BV-SECONDLIFESYSTEM-000227""]"
CELLBATCH-001759,Firmware Rolled Back,2023-08-16T15:40:00Z,sat_service_status,sat_service_status:BV-CELLBATCH-001759:0002,USR-089,"[""BV-CELLBATCH-001759"",""BV-RECYCLINGORDER-000259"",""BV-VEHICLE-000259""]"
CELLBATCH-001804,Battery Pack Failed Test,2023-08-16T18:10:00Z,sat_shipment_status,sat_shipment_status:BV-CELLBATCH-001804:0001,USR-070,"[""BV-CELLBATCH-001804"",""BV-WARRANTYCLAIM-000304""]"
CELLBATCH-001700,Battery Pack Failed Test,2023-08-16T19:00:00Z,sat_shipment_status,sat_shipment_status:BV-CELLBATCH-001700:0002,USR-080,"[""BV-CELLBATCH-001700"",""BV-WARRANTYCLAIM-000200""]"
CELLBATCH-001700,Firmware Installation Failed,2023-08-16T19:37:00Z,sat_diagnostic_result,sat_diagnostic_result:BV-CELLBATCH-001700:0002,USR-101,"[""BV-CELLBATCH-001700"",""BV-SECONDLIFESYSTEM-000200"",""BV-BATTERYPASSPORT-001700""]"
CELLBATCH-001700,Firmware Rolled Back,2023-08-16T20:14:00Z,sat_service_status,sat_service_status:BV-CELLBATCH-001700:0002,USR-102,"[""BV-CELLBATCH-001700"",""BV-RECYCLINGORDER-000200""]"
CELLBATCH-001700,Second-Life Assessment Failed,2023-08-16T20:51:00Z,sat_recall_status,sat_recall_status:BV-CELLBATCH-001700:0001,USR-118,"[""BV-CELLBATCH-001700"",""BV-SECONDLIFESYSTEM-000200"",""BV-BATTERYPASSPORT-001700""]"
CELLBATCH-001806,Battery Pack Failed Test,2023-08-17T00:12:00Z,sat_shipment_status,sat_shipment_status:BV-CELLBATCH-001806:0001,USR-104,"[""BV-CELLBATCH-001806"",""BV-WARRANTYCLAIM-000306""]"
CELLBATCH-001808,Battery Pack Failed Test,2023-08-17T06:14:00Z,sat_shipment_status,sat_shipment_status:BV-CELLBATCH-001808:0001,USR-011,"[""BV-CELLBATCH-001808"",""BV-WARRANTYCLAIM-000308""]"
CELLBATCH-001705,Battery Pack Failed Test,2023-08-17T10:00:00Z,sat_shipment_status,sat_shipment_status:BV-CELLBATCH-001705:0002,USR-038,"[""BV-CELLBATCH-001705"",""BV-WARRANTYCLAIM-000205""]"
CELLBATCH-001705,Firmware Installation Failed,2023-08-17T10:37:00Z,sat_diagnostic_result,sat_diagnostic_result:BV-CELLBATCH-001705:0002,USR-059,"[""BV-CELLBATCH-001705"",""BV-SECONDLIFESYSTEM-000205"",""BV-BATTERYPASSPORT-001705""]"
CELLBATCH-001705,Firmware Rolled Back,2023-08-17T11:14:00Z,sat_service_status,sat_service_status:BV-CELLBATCH-001705:0002,USR-060,"[""BV-CELLBATCH-001705"",""BV-RECYCLINGORDER-000205""]"
CELLBATCH-001705,Second-Life Assessment Failed,2023-08-17T11:51:00Z,sat_recall_status,sat_recall_status:BV-CELLBATCH-001705:0002,USR-076,"[""BV-CELLBATCH-001705"",""BV-SECONDLIFESYSTEM-000205""]"
CELLBATCH-001810,Battery Pack Failed Test,2023-08-17T12:16:00Z,sat_shipment_status,sat_shipment_status:BV-CELLBATCH-001810:0001,USR-045,"[""BV-CELLBATCH-001810"",""BV-WARRANTYCLAIM-000310""]"
CELLBATCH-001766,Firmware Rolled Back,2023-08-17T12:47:00Z,sat_service_status,sat_service_status:BV-CELLBATCH-001766:0002,USR-081,"[""BV-CELLBATCH-001766"",""BV-RECYCLINGORDER-000266""]"
CELLBATCH-001769,Firmware Installation Failed,2023-08-17T15:49:00Z,sat_diagnostic_result,sat_diagnostic_result:BV-CELLBATCH-001769:0002,USR-004,"[""BV-CELLBATCH-001769"",""BV-SECONDLIFESYSTEM-000269"",""BV-BATTERYPASSPORT-001769""]"
CELLBATCH-001812,Battery Pack Failed Test,2023-08-17T18:18:00Z,sat_shipment_status,sat_shipment_status:BV-CELLBATCH-001812:0001,USR-079,"[""BV-CELLBATCH-001812"",""BV-WARRANTYCLAIM-000312"",""BV-CERTIFICATE-000312""]"
CELLBATCH-001814,Battery Pack Failed Test,2023-08-18T00:20:00Z,sat_shipment_status,sat_shipment_status:BV-CELLBATCH-001814:0001,USR-113,"[""BV-CELLBATCH-001814"",""BV-WARRANTYCLAIM-000314"",""BV-CERTIFICATE-000314""]"
CELLBATCH-001710,Battery Pack Failed Test,2023-08-18T01:00:00Z,sat_shipment_status,sat_shipment_status:BV-CELLBATCH-001710:0002,USR-123,"[""BV-CELLBATCH-001710"",""BV-WARRANTYCLAIM-000210""]"
CELLBATCH-001710,Firmware Installation Failed,2023-08-18T01:37:00Z,sat_diagnostic_result,sat_diagnostic_result:BV-CELLBATCH-001710:0002,USR-017,"[""BV-CELLBATCH-001710"",""BV-SECONDLIFESYSTEM-000210"",""BV-BATTERYPASSPORT-001710""]"
CELLBATCH-001710,Firmware Rolled Back,2023-08-18T02:14:00Z,sat_service_status,sat_service_status:BV-CELLBATCH-001710:0003,USR-018,"[""BV-CELLBATCH-001710"",""BV-RECYCLINGORDER-000210""]"
CELLBATCH-001710,Second-Life Assessment Failed,2023-08-18T02:51:00Z,sat_recall_status,sat_recall_status:BV-CELLBATCH-001710:0001,USR-034,"[""BV-CELLBATCH-001710"",""BV-SECONDLIFESYSTEM-000210"",""BV-BATTERYPASSPORT-001710""]"
CELLBATCH-001816,Battery Pack Failed Test,2023-08-18T06:22:00Z,sat_shipment_status,sat_shipment_status:BV-CELLBATCH-001816:0001,USR-020,"[""BV-CELLBATCH-001816"",""BV-WARRANTYCLAIM-000316"",""BV-CERTIFICATE-000316""]"
CELLBATCH-001773,Firmware Rolled Back,2023-08-18T09:01:00Z,sat_service_status,sat_service_status:BV-CELLBATCH-001773:0002,USR-073,"[""BV-CELLBATCH-001773"",""BV-RECYCLINGORDER-000273""]"
CELLBATCH-001818,Battery Pack Failed Test,2023-08-18T12:24:00Z,sat_shipment_status,sat_shipment_status:BV-CELLBATCH-001818:0001,USR-054,"[""BV-CELLBATCH-001818"",""BV-WARRANTYCLAIM-000318""]"
CELLBATCH-001715,Battery Pack Failed Test,2023-08-18T16:00:00Z,sat_shipment_status,sat_shipment_status:BV-CELLBATCH-001715:0002,USR-081,"[""BV-CELLBATCH-001715"",""BV-WARRANTYCLAIM-000215"",""BV-CERTIFICATE-000215""]"
CELLBATCH-001715,Firmware Installation Failed,2023-08-18T16:37:00Z,sat_diagnostic_result,sat_diagnostic_result:BV-CELLBATCH-001715:0003,USR-102,"[""BV-CELLBATCH-001715"",""BV-SECONDLIFESYSTEM-000215""]"
CELLBATCH-001715,Firmware Rolled Back,2023-08-18T17:14:00Z,sat_service_status,sat_service_status:BV-CELLBATCH-001715:0002,USR-103,"[""BV-CELLBATCH-001715"",""BV-RECYCLINGORDER-000215"",""BV-VEHICLE-000215""]"
CELLBATCH-001715,Second-Life Assessment Failed,2023-08-18T17:51:00Z,sat_recall_status,sat_recall_status:BV-CELLBATCH-001715:0002,USR-119,"[""BV-CELLBATCH-001715"",""BV-SECONDLIFESYSTEM-000215""]"
CELLBATCH-001820,Battery Pack Failed Test,2023-08-18T18:26:00Z,sat_shipment_status,sat_shipment_status:BV-CELLBATCH-001820:0001,USR-088,"[""BV-CELLBATCH-001820"",""BV-WARRANTYCLAIM-000320""]"
CELLBATCH-001822,Battery Pack Failed Test,2023-08-19T00:28:00Z,sat_shipment_status,sat_shipment_status:BV-CELLBATCH-001822:0001,USR-122,"[""BV-CELLBATCH-001822"",""BV-WARRANTYCLAIM-000322"",""BV-CERTIFICATE-000322""]"
CELLBATCH-001780,Firmware Rolled Back,2023-08-19T06:08:00Z,sat_service_status,sat_service_status:BV-CELLBATCH-001780:0003,USR-065,"[""BV-CELLBATCH-001780"",""BV-RECYCLINGORDER-000280"",""BV-VEHICLE-000280""]"
CELLBATCH-001824,Battery Pack Failed Test,2023-08-19T06:30:00Z,sat_shipment_status,sat_shipment_status:BV-CELLBATCH-001824:0001,USR-029,"[""BV-CELLBATCH-001824"",""BV-WARRANTYCLAIM-000324"",""BV-CERTIFICATE-000324""]"
CELLBATCH-001720,Battery Pack Failed Test,2023-08-19T07:00:00Z,sat_shipment_status,sat_shipment_status:BV-CELLBATCH-001720:0003,USR-039,"[""BV-CELLBATCH-001720"",""BV-WARRANTYCLAIM-000220""]"
CELLBATCH-001720,Firmware Installation Failed,2023-08-19T07:37:00Z,sat_diagnostic_result,sat_diagnostic_result:BV-CELLBATCH-001720:0002,USR-060,"[""BV-CELLBATCH-001720"",""BV-SECONDLIFESYSTEM-000220""]"
CELLBATCH-001720,Firmware Rolled Back,2023-08-19T08:14:00Z,sat_service_status,sat_service_status:BV-CELLBATCH-001720:0002,USR-061,"[""BV-CELLBATCH-001720"",""BV-RECYCLINGORDER-000220"",""BV-VEHICLE-000220""]"
CELLBATCH-001720,Second-Life Assessment Failed,2023-08-19T08:51:00Z,sat_recall_status,sat_recall_status:BV-CELLBATCH-001720:0001,USR-077,"[""BV-CELLBATCH-001720"",""BV-SECONDLIFESYSTEM-000220""]"
CELLBATCH-001826,Battery Pack Failed Test,2023-08-19T12:32:00Z,sat_shipment_status,sat_shipment_status:BV-CELLBATCH-001826:0001,USR-063,"[""BV-CELLBATCH-001826"",""BV-WARRANTYCLAIM-000326"",""BV-CERTIFICATE-000326""]"
CELLBATCH-001828,Battery Pack Failed Test,2023-08-19T18:34:00Z,sat_shipment_status,sat_shipment_status:BV-CELLBATCH-001828:0001,USR-097,"[""BV-CELLBATCH-001828"",""BV-WARRANTYCLAIM-000328""]"
CELLBATCH-001725,Battery Pack Failed Test,2023-08-19T22:00:00Z,sat_shipment_status,sat_shipment_status:BV-CELLBATCH-001725:0001,USR-124,"[""BV-CELLBATCH-001725"",""BV-WARRANTYCLAIM-000225"",""BV-CERTIFICATE-000225""]"
CELLBATCH-001725,Firmware Installation Failed,2023-08-19T22:37:00Z,sat_diagnostic_result,sat_diagnostic_result:BV-CELLBATCH-001725:0002,USR-018,"[""BV-CELLBATCH-001725"",""BV-SECONDLIFESYSTEM-000225""]"
CELLBATCH-001725,Firmware Rolled Back,2023-08-19T23:14:00Z,sat_service_status,sat_service_status:BV-CELLBATCH-001725:0002,USR-019,"[""BV-CELLBATCH-001725"",""BV-RECYCLINGORDER-000225""]"
CELLBATCH-001725,Second-Life Assessment Failed,2023-08-19T23:51:00Z,sat_recall_status,sat_recall_status:BV-CELLBATCH-001725:0002,USR-035,"[""BV-CELLBATCH-001725"",""BV-SECONDLIFESYSTEM-000225"",""BV-BATTERYPASSPORT-001725""]"
CELLBATCH-001830,Battery Pack Failed Test,2023-08-20T00:36:00Z,sat_shipment_status,sat_shipment_status:BV-CELLBATCH-001830:0001,USR-004,"[""BV-CELLBATCH-001830"",""BV-WARRANTYCLAIM-000330"",""BV-CERTIFICATE-000330""]"
CELLBATCH-001787,Firmware Rolled Back,2023-08-20T03:15:00Z,sat_service_status,sat_service_status:BV-CELLBATCH-001787:0002,USR-057,"[""BV-CELLBATCH-001787"",""BV-RECYCLINGORDER-000287""]"
CELLBATCH-001832,Battery Pack Failed Test,2023-08-20T06:38:00Z,sat_shipment_status,sat_shipment_status:BV-CELLBATCH-001832:0001,USR-038,"[""BV-CELLBATCH-001832"",""BV-WARRANTYCLAIM-000332""]"
CELLBATCH-001758,Second-Life Assessment Failed,2023-08-20T12:02:00Z,sat_recall_status,sat_recall_status:BV-CELLBATCH-001758:0001,USR-088,"[""BV-CELLBATCH-001758"",""BV-SECONDLIFESYSTEM-000258"",""BV-BATTERYPASSPORT-001758""]"
CELLBATCH-001834,Battery Pack Failed Test,2023-08-20T12:40:00Z,sat_shipment_status,sat_shipment_status:BV-CELLBATCH-001834:0001,USR-072,"[""BV-CELLBATCH-001834"",""BV-WARRANTYCLAIM-000334""]"
CELLBATCH-001730,Battery Pack Failed Test,2023-08-20T13:00:00Z,sat_shipment_status,sat_shipment_status:BV-CELLBATCH-001730:0002,USR-082,"[""BV-CELLBATCH-001730"",""BV-WARRANTYCLAIM-000230""]"
CELLBATCH-001730,Firmware Installation Failed,2023-08-20T13:37:00Z,sat_diagnostic_result,sat_diagnostic_result:BV-CELLBATCH-001730:0002,USR-103,"[""BV-CELLBATCH-001730"",""BV-SECONDLIFESYSTEM-000230""]"
CELLBATCH-001730,Firmware Rolled Back,2023-08-20T14:14:00Z,sat_service_status,sat_service_status:BV-CELLBATCH-001730:0002,USR-104,"[""BV-CELLBATCH-001730"",""BV-RECYCLINGORDER-000230"",""BV-VEHICLE-000230""]"
CELLBATCH-001730,Second-Life Assessment Failed,2023-08-20T14:51:00Z,sat_recall_status,sat_recall_status:BV-CELLBATCH-001730:0002,USR-120,"[""BV-CELLBATCH-001730"",""BV-SECONDLIFESYSTEM-000230""]"
CELLBATCH-001836,Battery Pack Failed Test,2023-08-20T18:42:00Z,sat_shipment_status,sat_shipment_status:BV-CELLBATCH-001836:0001,USR-106,"[""BV-CELLBATCH-001836"",""BV-WARRANTYCLAIM-000336""]"
CELLBATCH-001794,Firmware Rolled Back,2023-08-21T00:22:00Z,sat_service_status,sat_service_status:BV-CELLBATCH-001794:0002,USR-049,"[""BV-CELLBATCH-001794"",""BV-RECYCLINGORDER-000294""]"
CELLBATCH-001838,Battery Pack Failed Test,2023-08-21T00:44:00Z,sat_shipment_status,sat_shipment_status:BV-CELLBATCH-001838:0001,USR-013,"[""BV-CELLBATCH-001838"",""BV-WARRANTYCLAIM-000338""]"
CELLBATCH-001735,Battery Pack Failed Test,2023-08-21T04:00:00Z,sat_shipment_status,sat_shipment_status:BV-CELLBATCH-001735:0001,USR-040,"[""BV-CELLBATCH-001735"",""BV-WARRANTYCLAIM-000235""]"
CELLBATCH-001735,Firmware Installation Failed,2023-08-21T04:37:00Z,sat_diagnostic_result,sat_diagnostic_result:BV-CELLBATCH-001735:0002,USR-061,"[""BV-CELLBATCH-001735"",""BV-SECONDLIFESYSTEM-000235""]"
CELLBATCH-001735,Firmware Rolled Back,2023-08-21T05:14:00Z,sat_service_status,sat_service_status:BV-CELLBATCH-001735:0002,USR-062,"[""BV-CELLBATCH-001735"",""BV-RECYCLINGORDER-000235"",""BV-VEHICLE-000235""]"
CELLBATCH-001735,Second-Life Assessment Failed,2023-08-21T05:51:00Z,sat_recall_status,sat_recall_status:BV-CELLBATCH-001735:0002,USR-078,"[""BV-CELLBATCH-001735"",""BV-SECONDLIFESYSTEM-000235""]"
CELLBATCH-001840,Battery Pack Failed Test,2023-08-21T06:46:00Z,sat_shipment_status,sat_shipment_status:BV-CELLBATCH-001840:0001,USR-047,"[""BV-CELLBATCH-001840"",""BV-WARRANTYCLAIM-000340""]"
CELLBATCH-001842,Battery Pack Failed Test,2023-08-21T12:48:00Z,sat_shipment_status,sat_shipment_status:BV-CELLBATCH-001842:0001,USR-081,"[""BV-CELLBATCH-001842"",""BV-WARRANTYCLAIM-000342"",""BV-CERTIFICATE-000342""]"
CELLBATCH-001844,Battery Pack Failed Test,2023-08-21T18:50:00Z,sat_shipment_status,sat_shipment_status:BV-CELLBATCH-001844:0001,USR-115,"[""BV-CELLBATCH-001844"",""BV-WARRANTYCLAIM-000344""]"
CELLBATCH-001740,Battery Pack Failed Test,2023-08-21T19:00:00Z,sat_shipment_status,sat_shipment_status:BV-CELLBATCH-001740:0002,USR-125,"[""BV-CELLBATCH-001740"",""BV-WARRANTYCLAIM-000240""]"
CELLBATCH-001740,Firmware Installation Failed,2023-08-21T19:37:00Z,sat_diagnostic_result,sat_diagnostic_result:BV-CELLBATCH-001740:0002,USR-019,"[""BV-CELLBATCH-001740"",""BV-SECONDLIFESYSTEM-000240"",""BV-BATTERYPASSPORT-001740""]"
CELLBATCH-001740,Firmware Rolled Back,2023-08-21T20:14:00Z,sat_service_status,sat_service_status:BV-CELLBATCH-001740:0003,USR-020,"[""BV-CELLBATCH-001740"",""BV-RECYCLINGORDER-000240""]"
CELLBATCH-001740,Second-Life Assessment Failed,2023-08-21T20:51:00Z,sat_recall_status,sat_recall_status:BV-CELLBATCH-001740:0001,USR-036,"[""BV-CELLBATCH-001740"",""BV-SECONDLIFESYSTEM-000240"",""BV-BATTERYPASSPORT-001740""]"
CELLBATCH-001801,Firmware Rolled Back,2023-08-21T21:29:00Z,sat_service_status,sat_service_status:BV-CELLBATCH-001801:0002,USR-041,"[""BV-CELLBATCH-001801"",""BV-RECYCLINGORDER-000301""]"
CELLBATCH-001846,Battery Pack Failed Test,2023-08-22T00:52:00Z,sat_shipment_status,sat_shipment_status:BV-CELLBATCH-001846:0001,USR-022,"[""BV-CELLBATCH-001846"",""BV-WARRANTYCLAIM-000346""]"
CELLBATCH-001848,Battery Pack Failed Test,2023-08-22T06:01:00Z,sat_shipment_status,sat_shipment_status:BV-CELLBATCH-001848:0001,USR-056,"[""BV-CELLBATCH-001848"",""BV-WARRANTYCLAIM-000348"",""BV-CERTIFICATE-000348""]"
CELLBATCH-001806,Firmware Installation Failed,2023-08-22T06:33:00Z,sat_diagnostic_result,sat_diagnostic_result:BV-CELLBATCH-001806:0002,USR-125,"[""BV-CELLBATCH-001806"",""BV-SECONDLIFESYSTEM-000306"",""BV-BATTERYPASSPORT-001806""]"
CELLBATCH-001745,Battery Pack Failed Test,2023-08-22T10:00:00Z,sat_shipment_status,sat_shipment_status:BV-CELLBATCH-001745:0001,USR-083,"[""BV-CELLBATCH-001745"",""BV-WARRANTYCLAIM-000245"",""BV-CERTIFICATE-000245""]"
CELLBATCH-001745,Firmware Installation Failed,2023-08-22T10:37:00Z,sat_diagnostic_result,sat_diagnostic_result:BV-CELLBATCH-001745:0002,USR-104,"[""BV-CELLBATCH-001745"",""BV-SECONDLIFESYSTEM-000245""]"
CELLBATCH-001745,Firmware Rolled Back,2023-08-22T11:14:00Z,sat_service_status,sat_service_status:BV-CELLBATCH-001745:0003,USR-105,"[""BV-CELLBATCH-001745"",""BV-RECYCLINGORDER-000245"",""BV-VEHICLE-000245""]"
CELLBATCH-001745,Second-Life Assessment Failed,2023-08-22T11:51:00Z,sat_recall_status,sat_recall_status:BV-CELLBATCH-001745:0002,USR-121,"[""BV-CELLBATCH-001745"",""BV-SECONDLIFESYSTEM-000245""]"
CELLBATCH-001850,Battery Pack Failed Test,2023-08-22T12:03:00Z,sat_shipment_status,sat_shipment_status:BV-CELLBATCH-001850:0001,USR-090,"[""BV-CELLBATCH-001850"",""BV-WARRANTYCLAIM-000350"",""BV-CERTIFICATE-000350""]"
CELLBATCH-001852,Battery Pack Failed Test,2023-08-22T18:05:00Z,sat_shipment_status,sat_shipment_status:BV-CELLBATCH-001852:0001,USR-124,"[""BV-CELLBATCH-001852"",""BV-WARRANTYCLAIM-000352""]"
CELLBATCH-001808,Firmware Rolled Back,2023-08-22T18:36:00Z,sat_service_status,sat_service_status:BV-CELLBATCH-001808:0002,USR-033,"[""BV-CELLBATCH-001808"",""BV-RECYCLINGORDER-000308""]"
CELLBATCH-001854,Battery Pack Failed Test,2023-08-23T00:07:00Z,sat_shipment_status,sat_shipment_status:BV-CELLBATCH-001854:0001,USR-031,"[""BV-CELLBATCH-001854"",""BV-WARRANTYCLAIM-000354""]"
CELLBATCH-001750,Battery Pack Failed Test,2023-08-23T01:00:00Z,sat_shipment_status,sat_shipment_status:BV-CELLBATCH-001750:0003,USR-041,"[""BV-CELLBATCH-001750"",""BV-WARRANTYCLAIM-000250""]"
CELLBATCH-001750,Firmware Installation Failed,2023-08-23T01:37:00Z,sat_diagnostic_result,sat_diagnostic_result:BV-CELLBATCH-001750:0002,USR-062,"[""BV-CELLBATCH-001750"",""BV-SECONDLIFESYSTEM-000250""]"
CELLBATCH-001750,Firmware Rolled Back,2023-08-23T02:14:00Z,sat_service_status,sat_service_status:BV-CELLBATCH-001750:0002,USR-063,"[""BV-CELLBATCH-001750"",""BV-RECYCLINGORDER-000250"",""BV-VEHICLE-000250""]"
CELLBATCH-001750,Second-Life Assessment Failed,2023-08-23T02:51:00Z,sat_recall_status,sat_recall_status:BV-CELLBATCH-001750:0001,USR-079,"[""BV-CELLBATCH-001750"",""BV-SECONDLIFESYSTEM-000250""]"
CELLBATCH-001856,Battery Pack Failed Test,2023-08-23T06:09:00Z,sat_shipment_status,sat_shipment_status:BV-CELLBATCH-001856:0001,USR-065,"[""BV-CELLBATCH-001856"",""BV-WARRANTYCLAIM-000356"",""BV-CERTIFICATE-000356""]"
CELLBATCH-001858,Battery Pack Failed Test,2023-08-23T12:11:00Z,sat_shipment_status,sat_shipment_status:BV-CELLBATCH-001858:0001,USR-099,"[""BV-CELLBATCH-001858"",""BV-WARRANTYCLAIM-000358""]"
CELLBATCH-001815,Firmware Rolled Back,2023-08-23T15:43:00Z,sat_service_status,sat_service_status:BV-CELLBATCH-001815:0002,USR-025,"[""BV-CELLBATCH-001815"",""BV-RECYCLINGORDER-000315"",""BV-VEHICLE-000315""]"
CELLBATCH-001755,Battery Pack Failed Test,2023-08-23T16:00:00Z,sat_shipment_status,sat_shipment_status:BV-CELLBATCH-001755:0001,USR-126,"[""BV-CELLBATCH-001755"",""BV-WARRANTYCLAIM-000255""]"
CELLBATCH-001755,Firmware Installation Failed,2023-08-23T16:37:00Z,sat_diagnostic_result,sat_diagnostic_result:BV-CELLBATCH-001755:0002,USR-020,"[""BV-CELLBATCH-001755"",""BV-SECONDLIFESYSTEM-000255"",""BV-BATTERYPASSPORT-001755""]"
CELLBATCH-001755,Firmware Rolled Back,2023-08-23T17:14:00Z,sat_service_status,sat_service_status:BV-CELLBATCH-001755:0002,USR-021,"[""BV-CELLBATCH-001755"",""BV-RECYCLINGORDER-000255""]"
CELLBATCH-001755,Second-Life Assessment Failed,2023-08-23T17:51:00Z,sat_recall_status,sat_recall_status:BV-CELLBATCH-001755:0003,USR-037,"[""BV-CELLBATCH-001755"",""BV-SECONDLIFESYSTEM-000255"",""BV-BATTERYPASSPORT-001755""]"
CELLBATCH-001860,Battery Pack Failed Test,2023-08-23T18:13:00Z,sat_shipment_status,sat_shipment_status:BV-CELLBATCH-001860:0001,USR-006,"[""BV-CELLBATCH-001860"",""BV-WARRANTYCLAIM-000360"",""BV-CERTIFICATE-000360""]"
CELLBATCH-001862,Battery Pack Failed Test,2023-08-24T00:15:00Z,sat_shipment_status,sat_shipment_status:BV-CELLBATCH-001862:0001,USR-040,"[""BV-CELLBATCH-001862"",""BV-WARRANTYCLAIM-000362""]"
CELLBATCH-001864,Battery Pack Failed Test,2023-08-24T06:17:00Z,sat_shipment_status,sat_shipment_status:BV-CELLBATCH-001864:0001,USR-074,"[""BV-CELLBATCH-001864"",""BV-WARRANTYCLAIM-000364"",""BV-CERTIFICATE-000364""]"
CELLBATCH-001760,Battery Pack Failed Test,2023-08-24T07:00:00Z,sat_shipment_status,sat_shipment_status:BV-CELLBATCH-001760:0002,USR-084,"[""BV-CELLBATCH-001760"",""BV-WARRANTYCLAIM-000260"",""BV-CERTIFICATE-000260""]"
CELLBATCH-001760,Firmware Installation Failed,2023-08-24T07:37:00Z,sat_diagnostic_result,sat_diagnostic_result:BV-CELLBATCH-001760:0002,USR-105,"[""BV-CELLBATCH-001760"",""BV-SECONDLIFESYSTEM-000260""]"
CELLBATCH-001760,Firmware Rolled Back,2023-08-24T08:14:00Z,sat_service_status,sat_service_status:BV-CELLBATCH-001760:0002,USR-106,"[""BV-CELLBATCH-001760"",""BV-RECYCLINGORDER-000260"",""BV-VEHICLE-000260""]"
CELLBATCH-001760,Second-Life Assessment Failed,2023-08-24T08:51:00Z,sat_recall_status,sat_recall_status:BV-CELLBATCH-001760:0001,USR-122,"[""BV-CELLBATCH-001760"",""BV-SECONDLIFESYSTEM-000260""]"
CELLBATCH-001789,Second-Life Assessment Failed,2023-08-24T09:33:00Z,sat_recall_status,sat_recall_status:BV-CELLBATCH-001789:0002,USR-107,"[""BV-CELLBATCH-001789"",""BV-SECONDLIFESYSTEM-000289""]"
CELLBATCH-001866,Battery Pack Failed Test,2023-08-24T12:19:00Z,sat_shipment_status,sat_shipment_status:BV-CELLBATCH-001866:0001,USR-108,"[""BV-CELLBATCH-001866"",""BV-WARRANTYCLAIM-000366""]"
CELLBATCH-001822,Firmware Rolled Back,2023-08-24T12:50:00Z,sat_service_status,sat_service_status:BV-CELLBATCH-001822:0002,USR-017,"[""BV-CELLBATCH-001822"",""BV-RECYCLINGORDER-000322""]"
CELLBATCH-001868,Battery Pack Failed Test,2023-08-24T18:21:00Z,sat_shipment_status,sat_shipment_status:BV-CELLBATCH-001868:0001,USR-015,"[""BV-CELLBATCH-001868"",""BV-WARRANTYCLAIM-000368"",""BV-CERTIFICATE-000368""]"
CELLBATCH-001765,Battery Pack Failed Test,2023-08-24T22:00:00Z,sat_shipment_status,sat_shipment_status:BV-CELLBATCH-001765:0001,USR-042,"[""BV-CELLBATCH-001765"",""BV-WARRANTYCLAIM-000265""]"
CELLBATCH-001765,Firmware Installation Failed,2023-08-24T22:37:00Z,sat_diagnostic_result,sat_diagnostic_result:BV-CELLBATCH-001765:0003,USR-063,"[""BV-CELLBATCH-001765"",""BV-SECONDLIFESYSTEM-000265""]"
CELLBATCH-001765,Firmware Rolled Back,2023-08-24T23:14:00Z,sat_service_status,sat_service_status:BV-CELLBATCH-001765:0002,USR-064,"[""BV-CELLBATCH-001765"",""BV-RECYCLINGORDER-000265"",""BV-VEHICLE-000265""]"
CELLBATCH-001765,Second-Life Assessment Failed,2023-08-24T23:51:00Z,sat_recall_status,sat_recall_status:BV-CELLBATCH-001765:0002,USR-080,"[""BV-CELLBATCH-001765"",""BV-SECONDLIFESYSTEM-000265""]"
CELLBATCH-001870,Battery Pack Failed Test,2023-08-25T00:23:00Z,sat_shipment_status,sat_shipment_status:BV-CELLBATCH-001870:0001,USR-049,"[""BV-CELLBATCH-001870"",""BV-WARRANTYCLAIM-000370"",""BV-CERTIFICATE-000370""]"
CELLBATCH-001872,Battery Pack Failed Test,2023-08-25T06:25:00Z,sat_shipment_status,sat_shipment_status:BV-CELLBATCH-001872:0001,USR-083,"[""BV-CELLBATCH-001872"",""BV-WARRANTYCLAIM-000372""]"
CELLBATCH-001829,Firmware Rolled Back,2023-08-25T09:04:00Z,sat_service_status,sat_service_status:BV-CELLBATCH-001829:0002,USR-009,"[""BV-CELLBATCH-001829"",""BV-RECYCLINGORDER-000329""]"
CELLBATCH-001874,Battery Pack Failed Test,2023-08-25T12:27:00Z,sat_shipment_status,sat_shipment_status:BV-CELLBATCH-001874:0001,USR-117,"[""BV-CELLBATCH-001874"",""BV-WARRANTYCLAIM-000374"",""BV-CERTIFICATE-000374""]"
CELLBATCH-001770,Battery Pack Failed Test,2023-08-25T13:00:00Z,sat_shipment_status,sat_shipment_status:BV-CELLBATCH-001770:0002,USR-127,"[""BV-CELLBATCH-001770"",""BV-WARRANTYCLAIM-000270"",""BV-CERTIFICATE-000270""]"
CELLBATCH-001770,Firmware Installation Failed,2023-08-25T13:37:00Z,sat_diagnostic_result,sat_diagnostic_result:BV-CELLBATCH-001770:0002,USR-021,"[""BV-CELLBATCH-001770"",""BV-SECONDLIFESYSTEM-000270""]"
CELLBATCH-001770,Firmware Rolled Back,2023-08-25T14:14:00Z,sat_service_status,sat_service_status:BV-CELLBATCH-001770:0002,USR-022,"[""BV-CELLBATCH-001770"",""BV-RECYCLINGORDER-000270""]"
CELLBATCH-001770,Second-Life Assessment Failed,2023-08-25T14:51:00Z,sat_recall_status,sat_recall_status:BV-CELLBATCH-001770:0001,USR-038,"[""BV-CELLBATCH-001770"",""BV-SECONDLIFESYSTEM-000270"",""BV-BATTERYPASSPORT-001770""]"
CELLBATCH-001876,Battery Pack Failed Test,2023-08-25T18:29:00Z,sat_shipment_status,sat_shipment_status:BV-CELLBATCH-001876:0001,USR-024,"[""BV-CELLBATCH-001876"",""BV-WARRANTYCLAIM-000376""]"
CELLBATCH-001878,Battery Pack Failed Test,2023-08-26T00:31:00Z,sat_shipment_status,sat_shipment_status:BV-CELLBATCH-001878:0001,USR-058,"[""BV-CELLBATCH-001878"",""BV-WARRANTYCLAIM-000378"",""BV-CERTIFICATE-000378""]"
CELLBATCH-001775,Battery Pack Failed Test,2023-08-26T04:00:00Z,sat_shipment_status,sat_shipment_status:BV-CELLBATCH-001775:0001,USR-085,"[""BV-CELLBATCH-001775"",""BV-WARRANTYCLAIM-000275"",""BV-CERTIFICATE-000275""]"
CELLBATCH-001775,Firmware Installation Failed,2023-08-26T04:37:00Z,sat_diagnostic_result,sat_diagnostic_result:BV-CELLBATCH-001775:0002,USR-106,"[""BV-CELLBATCH-001775"",""BV-SECONDLIFESYSTEM-000275""]"
CELLBATCH-001775,Firmware Rolled Back,2023-08-26T05:14:00Z,sat_service_status,sat_service_status:BV-CELLBATCH-001775:0002,USR-107,"[""BV-CELLBATCH-001775"",""BV-RECYCLINGORDER-000275"",""BV-VEHICLE-000275""]"
CELLBATCH-001775,Second-Life Assessment Failed,2023-08-26T05:51:00Z,sat_recall_status,sat_recall_status:BV-CELLBATCH-001775:0003,USR-123,"[""BV-CELLBATCH-001775"",""BV-SECONDLIFESYSTEM-000275""]"
CELLBATCH-001836,Firmware Rolled Back,2023-08-26T06:11:00Z,sat_service_status,sat_service_status:BV-CELLBATCH-001836:0002,USR-001,"[""BV-CELLBATCH-001836"",""BV-RECYCLINGORDER-000336""]"
CELLBATCH-001880,Battery Pack Failed Test,2023-08-26T06:33:00Z,sat_shipment_status,sat_shipment_status:BV-CELLBATCH-001880:0001,USR-092,"[""BV-CELLBATCH-001880"",""BV-WARRANTYCLAIM-000380""]"
CELLBATCH-001882,Battery Pack Failed Test,2023-08-26T12:35:00Z,sat_shipment_status,sat_shipment_status:BV-CELLBATCH-001882:0001,USR-126,"[""BV-CELLBATCH-001882"",""BV-WARRANTYCLAIM-000382""]"
CELLBATCH-001884,Battery Pack Failed Test,2023-08-26T18:37:00Z,sat_shipment_status,sat_shipment_status:BV-CELLBATCH-001884:0001,USR-033,"[""BV-CELLBATCH-001884"",""BV-WARRANTYCLAIM-000384""]"
CELLBATCH-001780,Battery Pack Failed Test,2023-08-26T19:00:00Z,sat_shipment_status,sat_shipment_status:BV-CELLBATCH-001780:0002,USR-043,"[""BV-CELLBATCH-001780"",""BV-WARRANTYCLAIM-000280""]"
CELLBATCH-001780,Firmware Installation Failed,2023-08-26T19:37:00Z,sat_diagnostic_result,sat_diagnostic_result:BV-CELLBATCH-001780:0002,USR-064,"[""BV-CELLBATCH-001780"",""BV-SECONDLIFESYSTEM-000280"",""BV-BATTERYPASSPORT-001780""]"
CELLBATCH-001780,Firmware Rolled Back,2023-08-26T20:14:00Z,sat_service_status,sat_service_status:BV-CELLBATCH-001780:0004,USR-065,"[""BV-CELLBATCH-001780"",""BV-RECYCLINGORDER-000280""]"
CELLBATCH-001780,Second-Life Assessment Failed,2023-08-26T20:51:00Z,sat_recall_status,sat_recall_status:BV-CELLBATCH-001780:0001,USR-081,"[""BV-CELLBATCH-001780"",""BV-SECONDLIFESYSTEM-000280"",""BV-BATTERYPASSPORT-001780""]"
CELLBATCH-001843,Firmware Installation Failed,2023-08-26T21:17:00Z,sat_diagnostic_result,sat_diagnostic_result:BV-CELLBATCH-001843:0002,USR-119,"[""BV-CELLBATCH-001843"",""BV-SECONDLIFESYSTEM-000343"",""BV-BATTERYPASSPORT-001843""]"
CELLBATCH-001886,Battery Pack Failed Test,2023-08-27T00:39:00Z,sat_shipment_status,sat_shipment_status:BV-CELLBATCH-001886:0001,USR-067,"[""BV-CELLBATCH-001886"",""BV-WARRANTYCLAIM-000386"",""BV-CERTIFICATE-000386""]"
CELLBATCH-001843,Firmware Rolled Back,2023-08-27T03:18:00Z,sat_service_status,sat_service_status:BV-CELLBATCH-001843:0002,USR-120,"[""BV-CELLBATCH-001843"",""BV-RECYCLINGORDER-000343""]"
CELLBATCH-001888,Battery Pack Failed Test,2023-08-27T06:41:00Z,sat_shipment_status,sat_shipment_status:BV-CELLBATCH-001888:0001,USR-101,"[""BV-CELLBATCH-001888"",""BV-WARRANTYCLAIM-000388""]"
CELLBATCH-001785,Battery Pack Failed Test,2023-08-27T10:00:00Z,sat_shipment_status,sat_shipment_status:BV-CELLBATCH-001785:0002,USR-001,"[""BV-CELLBATCH-001785"",""BV-WARRANTYCLAIM-000285"",""BV-CERTIFICATE-000285""]"
CELLBATCH-001785,Firmware Installation Failed,2023-08-27T10:37:00Z,sat_diagnostic_result,sat_diagnostic_result:BV-CELLBATCH-001785:0002,USR-022,"[""BV-CELLBATCH-001785"",""BV-SECONDLIFESYSTEM-000285""]"
CELLBATCH-001785,Firmware Rolled Back,2023-08-27T11:14:00Z,sat_service_status,sat_service_status:BV-CELLBATCH-001785:0002,USR-023,"[""BV-CELLBATCH-001785"",""BV-RECYCLINGORDER-000285"",""BV-VEHICLE-000285""]"
CELLBATCH-001785,Second-Life Assessment Failed,2023-08-27T11:51:00Z,sat_recall_status,sat_recall_status:BV-CELLBATCH-001785:0002,USR-039,"[""BV-CELLBATCH-001785"",""BV-SECONDLIFESYSTEM-000285""]"
CELLBATCH-001890,Battery Pack Failed Test,2023-08-27T12:43:00Z,sat_shipment_status,sat_shipment_status:BV-CELLBATCH-001890:0001,USR-008,"[""BV-CELLBATCH-001890"",""BV-WARRANTYCLAIM-000390""]"
CELLBATCH-001892,Battery Pack Failed Test,2023-08-27T18:45:00Z,sat_shipment_status,sat_shipment_status:BV-CELLBATCH-001892:0001,USR-042,"[""BV-CELLBATCH-001892"",""BV-WARRANTYCLAIM-000392""]"
CELLBATCH-001850,Firmware Rolled Back,2023-08-28T00:25:00Z,sat_service_status,sat_service_status:BV-CELLBATCH-001850:0002,USR-112,"[""BV-CELLBATCH-001850"",""BV-RECYCLINGORDER-000350"",""BV-VEHICLE-000350""]"
CELLBATCH-001894,Battery Pack Failed Test,2023-08-28T00:47:00Z,sat_shipment_status,sat_shipment_status:BV-CELLBATCH-001894:0001,USR-076,"[""BV-CELLBATCH-001894"",""BV-WARRANTYCLAIM-000394""]"
CELLBATCH-001790,Battery Pack Failed Test,2023-08-28T01:00:00Z,sat_shipment_status,sat_shipment_status:BV-CELLBATCH-001790:0002,USR-086,"[""BV-CELLBATCH-001790"",""BV-WARRANTYCLAIM-000290"",""BV-CERTIFICATE-000290""]"
CELLBATCH-001790,Firmware Installation Failed,2023-08-28T01:37:00Z,sat_diagnostic_result,sat_diagnostic_result:BV-CELLBATCH-001790:0002,USR-107,"[""BV-CELLBATCH-001790"",""BV-SECONDLIFESYSTEM-000290""]"
CELLBATCH-001790,Firmware Rolled Back,2023-08-28T02:14:00Z,sat_service_status,sat_service_status:BV-CELLBATCH-001790:0002,USR-108,"[""BV-CELLBATCH-001790"",""BV-RECYCLINGORDER-000290"",""BV-VEHICLE-000290""]"
CELLBATCH-001790,Second-Life Assessment Failed,2023-08-28T02:51:00Z,sat_recall_status,sat_recall_status:BV-CELLBATCH-001790:0001,USR-124,"[""BV-CELLBATCH-001790"",""BV-SECONDLIFESYSTEM-000290""]"
CELLBATCH-001820,Second-Life Assessment Failed,2023-08-28T06:11:00Z,sat_recall_status,sat_recall_status:BV-CELLBATCH-001820:0001,USR-126,"[""BV-CELLBATCH-001820"",""BV-SECONDLIFESYSTEM-000320""]"
CELLBATCH-001896,Battery Pack Failed Test,2023-08-28T06:49:00Z,sat_shipment_status,sat_shipment_status:BV-CELLBATCH-001896:0001,USR-110,"[""BV-CELLBATCH-001896"",""BV-WARRANTYCLAIM-000396""]"
CELLBATCH-001898,Battery Pack Failed Test,2023-08-28T12:51:00Z,sat_shipment_status,sat_shipment_status:BV-CELLBATCH-001898:0001,USR-017,"[""BV-CELLBATCH-001898"",""BV-WARRANTYCLAIM-000398""]"
CELLBATCH-001795,Battery Pack Failed Test,2023-08-28T16:00:00Z,sat_shipment_status,sat_shipment_status:BV-CELLBATCH-001795:0001,USR-044,"[""BV-CELLBATCH-001795"",""BV-WARRANTYCLAIM-000295"",""BV-CERTIFICATE-000295""]"
CELLBATCH-001795,Firmware Installation Failed,2023-08-28T16:37:00Z,sat_diagnostic_result,sat_diagnostic_result:BV-CELLBATCH-001795:0002,USR-065,"[""BV-CELLBATCH-001795"",""BV-SECONDLIFESYSTEM-000295""]"
CELLBATCH-001795,Firmware Rolled Back,2023-08-28T17:14:00Z,sat_service_status,sat_service_status:BV-CELLBATCH-001795:0002,USR-066,"[""BV-CELLBATCH-001795"",""BV-RECYCLINGORDER-000295""]"
CELLBATCH-001795,Second-Life Assessment Failed,2023-08-28T17:51:00Z,sat_recall_status,sat_recall_status:BV-CELLBATCH-001795:0002,USR-082,"[""BV-CELLBATCH-001795"",""BV-SECONDLIFESYSTEM-000295"",""BV-BATTERYPASSPORT-001795""]"
CELLBATCH-001900,Battery Pack Failed Test,2023-08-28T18:00:00Z,sat_shipment_status,sat_shipment_status:BV-CELLBATCH-001900:0001,USR-051,"[""BV-CELLBATCH-001900"",""BV-WARRANTYCLAIM-000400""]"
CELLBATCH-001857,Firmware Rolled Back,2023-08-28T21:32:00Z,sat_service_status,sat_service_status:BV-CELLBATCH-001857:0002,USR-104,"[""BV-CELLBATCH-001857"",""BV-RECYCLINGORDER-000357"",""BV-VEHICLE-000357""]"
CELLBATCH-001902,Battery Pack Failed Test,2023-08-29T00:02:00Z,sat_shipment_status,sat_shipment_status:BV-CELLBATCH-001902:0001,USR-085,"[""BV-CELLBATCH-001902"",""BV-WARRANTYCLAIM-000402""]"
CELLBATCH-001904,Battery Pack Failed Test,2023-08-29T06:04:00Z,sat_shipment_status,sat_shipment_status:BV-CELLBATCH-001904:0001,USR-119,"[""BV-CELLBATCH-001904"",""BV-WARRANTYCLAIM-000404"",""BV-CERTIFICATE-000404""]"
CELLBATCH-001800,Battery Pack Failed Test,2023-08-29T07:00:00Z,sat_shipment_status,sat_shipment_status:BV-CELLBATCH-001800:0003,USR-002,"[""BV-CELLBATCH-001800"",""BV-WARRANTYCLAIM-000300""]"
CELLBATCH-001800,Firmware Installation Failed,2023-08-29T07:37:00Z,sat_diagnostic_result,sat_diagnostic_result:BV-CELLBATCH-001800:0003,USR-023,"[""BV-CELLBATCH-001800"",""BV-SECONDLIFESYSTEM-000300"",""BV-BATTERYPASSPORT-001800""]"
CELLBATCH-001800,Firmware Rolled Back,2023-08-29T08:14:00Z,sat_service_status,sat_service_status:BV-CELLBATCH-001800:0002,USR-024,"[""BV-CELLBATCH-001800"",""BV-RECYCLINGORDER-000300""]"
CELLBATCH-001800,Second-Life Assessment Failed,2023-08-29T08:51:00Z,sat_recall_status,sat_recall_status:BV-CELLBATCH-001800:0001,USR-040,"[""BV-CELLBATCH-001800"",""BV-SECONDLIFESYSTEM-000300""]"
CELLBATCH-001906,Battery Pack Failed Test,2023-08-29T12:06:00Z,sat_shipment_status,sat_shipment_status:BV-CELLBATCH-001906:0001,USR-026,"[""BV-CELLBATCH-001906"",""BV-WARRANTYCLAIM-000406""]"
CELLBATCH-001908,Battery Pack Failed Test,2023-08-29T18:08:00Z,sat_shipment_status,sat_shipment_status:BV-CELLBATCH-001908:0001,USR-060,"[""BV-CELLBATCH-001908"",""BV-WARRANTYCLAIM-000408""]"
CELLBATCH-001864,Firmware Rolled Back,2023-08-29T18:39:00Z,sat_service_status,sat_service_status:BV-CELLBATCH-001864:0002,USR-096,"[""BV-CELLBATCH-001864"",""BV-RECYCLINGORDER-000364"",""BV-VEHICLE-000364""]"
CELLBATCH-001805,Battery Pack Failed Test,2023-08-29T22:00:00Z,sat_shipment_status,sat_shipment_status:BV-CELLBATCH-001805:0001,USR-087,"[""BV-CELLBATCH-001805"",""BV-WARRANTYCLAIM-000305""]"
CELLBATCH-001805,Firmware Installation Failed,2023-08-29T22:37:00Z,sat_diagnostic_result,sat_diagnostic_result:BV-CELLBATCH-001805:0002,USR-108,"[""BV-CELLBATCH-001805"",""BV-SECONDLIFESYSTEM-000305"",""BV-BATTERYPASSPORT-001805""]"
CELLBATCH-001805,Firmware Rolled Back,2023-08-29T23:14:00Z,sat_service_status,sat_service_status:BV-CELLBATCH-001805:0002,USR-109,"[""BV-CELLBATCH-001805"",""BV-RECYCLINGORDER-000305""]"
CELLBATCH-001805,Second-Life Assessment Failed,2023-08-29T23:51:00Z,sat_recall_status,sat_recall_status:BV-CELLBATCH-001805:0002,USR-125,"[""BV-CELLBATCH-001805"",""BV-SECONDLIFESYSTEM-000305""]"
CELLBATCH-001910,Battery Pack Failed Test,2023-08-30T00:10:00Z,sat_shipment_status,sat_shipment_status:BV-CELLBATCH-001910:0001,USR-094,"[""BV-CELLBATCH-001910"",""BV-WARRANTYCLAIM-000410""]"
CELLBATCH-001912,Battery Pack Failed Test,2023-08-30T06:12:00Z,sat_shipment_status,sat_shipment_status:BV-CELLBATCH-001912:0001,USR-001,"[""BV-CELLBATCH-001912"",""BV-WARRANTYCLAIM-000412"",""BV-CERTIFICATE-000412""]"
CELLBATCH-001914,Battery Pack Failed Test,2023-08-30T12:14:00Z,sat_shipment_status,sat_shipment_status:BV-CELLBATCH-001914:0001,USR-035,"[""BV-CELLBATCH-001914"",""BV-WARRANTYCLAIM-000414""]"
CELLBATCH-001810,Battery Pack Failed Test,2023-08-30T13:00:00Z,sat_shipment_status,sat_shipment_status:BV-CELLBATCH-001810:0002,USR-045,"[""BV-CELLBATCH-001810"",""BV-WARRANTYCLAIM-000310""]"
CELLBATCH-001810,Firmware Installation Failed,2023-08-30T13:37:00Z,sat_diagnostic_result,sat_diagnostic_result:BV-CELLBATCH-001810:0002,USR-066,"[""BV-CELLBATCH-001810"",""BV-SECONDLIFESYSTEM-000310""]"
CELLBATCH-001810,Firmware Rolled Back,2023-08-30T14:14:00Z,sat_service_status,sat_service_status:BV-CELLBATCH-001810:0002,USR-067,"[""BV-CELLBATCH-001810"",""BV-RECYCLINGORDER-000310"",""BV-VEHICLE-000310""]"
CELLBATCH-001810,Second-Life Assessment Failed,2023-08-30T14:51:00Z,sat_recall_status,sat_recall_status:BV-CELLBATCH-001810:0001,USR-083,"[""BV-CELLBATCH-001810"",""BV-SECONDLIFESYSTEM-000310""]"
CELLBATCH-001871,Firmware Rolled Back,2023-08-30T15:46:00Z,sat_service_status,sat_service_status:BV-CELLBATCH-001871:0002,USR-088,"[""BV-CELLBATCH-001871"",""BV-RECYCLINGORDER-000371""]"
CELLBATCH-001916,Battery Pack Failed Test,2023-08-30T18:16:00Z,sat_shipment_status,sat_shipment_status:BV-CELLBATCH-001916:0001,USR-069,"[""BV-CELLBATCH-001916"",""BV-WARRANTYCLAIM-000416""]"
CELLBATCH-001918,Battery Pack Failed Test,2023-08-31T00:18:00Z,sat_shipment_status,sat_shipment_status:BV-CELLBATCH-001918:0001,USR-103,"[""BV-CELLBATCH-001918"",""BV-WARRANTYCLAIM-000418"",""BV-CERTIFICATE-000418""]"
CELLBATCH-001815,Battery Pack Failed Test,2023-08-31T04:00:00Z,sat_shipment_status,sat_shipment_status:BV-CELLBATCH-001815:0001,USR-003,"[""BV-CELLBATCH-001815"",""BV-WARRANTYCLAIM-000315"",""BV-CERTIFICATE-000315""]"
CELLBATCH-001815,Firmware Installation Failed,2023-08-31T04:37:00Z,sat_diagnostic_result,sat_diagnostic_result:BV-CELLBATCH-001815:0002,USR-024,"[""BV-CELLBATCH-001815"",""BV-SECONDLIFESYSTEM-000315""]"
CELLBATCH-001815,Firmware Rolled Back,2023-08-31T05:14:00Z,sat_service_status,sat_service_status:BV-CELLBATCH-001815:0003,USR-025,"[""BV-CELLBATCH-001815"",""BV-RECYCLINGORDER-000315""]"
CELLBATCH-001815,Second-Life Assessment Failed,2023-08-31T05:51:00Z,sat_recall_status,sat_recall_status:BV-CELLBATCH-001815:0003,USR-041,"[""BV-CELLBATCH-001815"",""BV-SECONDLIFESYSTEM-000315"",""BV-BATTERYPASSPORT-001815""]"
CELLBATCH-001920,Battery Pack Failed Test,2023-08-31T06:20:00Z,sat_shipment_status,sat_shipment_status:BV-CELLBATCH-001920:0001,USR-010,"[""BV-CELLBATCH-001920"",""BV-WARRANTYCLAIM-000420"",""BV-CERTIFICATE-000420""]"
CELLBATCH-001878,Firmware Rolled Back,2023-08-31T12:00:00Z,sat_service_status,sat_service_status:BV-CELLBATCH-001878:0002,USR-080,"[""BV-CELLBATCH-001878"",""BV-RECYCLINGORDER-000378"",""BV-VEHICLE-000378""]"
CELLBATCH-001880,Firmware Installation Failed,2023-08-31T12:01:00Z,sat_diagnostic_result,sat_diagnostic_result:BV-CELLBATCH-001880:0002,USR-113,"[""BV-CELLBATCH-001880"",""BV-SECONDLIFESYSTEM-000380""]"
CELLBATCH-001922,Battery Pack Failed Test,2023-08-31T12:22:00Z,sat_shipment_status,sat_shipment_status:BV-CELLBATCH-001922:0001,USR-044,"[""BV-CELLBATCH-001922"",""BV-WARRANTYCLAIM-000422""]"
CELLBATCH-001924,Battery Pack Failed Test,2023-08-31T18:24:00Z,sat_shipment_status,sat_shipment_status:BV-CELLBATCH-001924:0001,USR-078,"[""BV-CELLBATCH-001924"",""BV-WARRANTYCLAIM-000424"",""BV-CERTIFICATE-000424""]"
CELLBATCH-001820,Battery Pack Failed Test,2023-08-31T19:00:00Z,sat_shipment_status,sat_shipment_status:BV-CELLBATCH-001820:0003,USR-088,"[""BV-CELLBATCH-001820"",""BV-WARRANTYCLAIM-000320""]"
CELLBATCH-001820,Firmware Installation Failed,2023-08-31T19:37:00Z,sat_diagnostic_result,sat_diagnostic_result:BV-CELLBATCH-001820:0002,USR-109,"[""BV-CELLBATCH-001820"",""BV-SECONDLIFESYSTEM-000320"",""BV-BATTERYPASSPORT-001820""]"
CELLBATCH-001820,Firmware Rolled Back,2023-08-31T20:14:00Z,sat_service_status,sat_service_status:BV-CELLBATCH-001820:0002,USR-110,"[""BV-CELLBATCH-001820"",""BV-RECYCLINGORDER-000320""]"
CELLBATCH-001820,Second-Life Assessment Failed,2023-08-31T20:51:00Z,sat_recall_status,sat_recall_status:BV-CELLBATCH-001820:0003,USR-126,"[""BV-CELLBATCH-001820"",""BV-SECONDLIFESYSTEM-000320"",""BV-BATTERYPASSPORT-001820""]"
CELLBATCH-001926,Battery Pack Failed Test,2023-09-01T00:26:00Z,sat_shipment_status,sat_shipment_status:BV-CELLBATCH-001926:0001,USR-112,"[""BV-CELLBATCH-001926"",""BV-WARRANTYCLAIM-000426"",""BV-CERTIFICATE-000426""]"
CELLBATCH-001851,Second-Life Assessment Failed,2023-09-01T03:42:00Z,sat_recall_status,sat_recall_status:BV-CELLBATCH-001851:0002,USR-018,"[""BV-CELLBATCH-001851"",""BV-SECONDLIFESYSTEM-000351""]"
CELLBATCH-001928,Battery Pack Failed Test,2023-09-01T06:28:00Z,sat_shipment_status,sat_shipment_status:BV-CELLBATCH-001928:0001,USR-019,"[""BV-CELLBATCH-001928"",""BV-WARRANTYCLAIM-000428""]"
CELLBATCH-001885,Firmware Rolled Back,2023-09-01T09:07:00Z,sat_service_status,sat_service_status:BV-CELLBATCH-001885:0002,USR-072,"[""BV-CELLBATCH-001885"",""BV-RECYCLINGORDER-000385"",""BV-VEHICLE-000385""]"
CELLBATCH-001825,Battery Pack Failed Test,2023-09-01T10:00:00Z,sat_shipment_status,sat_shipment_status:BV-CELLBATCH-001825:0001,USR-046,"[""BV-CELLBATCH-001825"",""BV-WARRANTYCLAIM-000325""]"
CELLBATCH-001825,Firmware Installation Failed,2023-09-01T10:37:00Z,sat_diagnostic_result,sat_diagnostic_result:BV-CELLBATCH-001825:0002,USR-067,"[""BV-CELLBATCH-001825"",""BV-SECONDLIFESYSTEM-000325"",""BV-BATTERYPASSPORT-001825""]"
CELLBATCH-001825,Firmware Rolled Back,2023-09-01T11:14:00Z,sat_service_status,sat_service_status:BV-CELLBATCH-001825:0003,USR-068,"[""BV-CELLBATCH-001825"",""BV-RECYCLINGORDER-000325""]"
CELLBATCH-001825,Second-Life Assessment Failed,2023-09-01T11:51:00Z,sat_recall_status,sat_recall_status:BV-CELLBATCH-001825:0002,USR-084,"[""BV-CELLBATCH-001825"",""BV-SECONDLIFESYSTEM-000325"",""BV-BATTERYPASSPORT-001825""]"
CELLBATCH-001930,Battery Pack Failed Test,2023-09-01T12:30:00Z,sat_shipment_status,sat_shipment_status:BV-CELLBATCH-001930:0001,USR-053,"[""BV-CELLBATCH-001930"",""BV-WARRANTYCLAIM-000430""]"
CELLBATCH-001932,Battery Pack Failed Test,2023-09-01T18:32:00Z,sat_shipment_status,sat_shipment_status:BV-CELLBATCH-001932:0001,USR-087,"[""BV-CELLBATCH-001932"",""BV-WARRANTYCLAIM-000432"",""BV-CERTIFICATE-000432""]"
CELLBATCH-001934,Battery Pack Failed Test,2023-09-02T00:34:00Z,sat_shipment_status,sat_shipment_status:BV-CELLBATCH-001934:0001,USR-121,"[""BV-CELLBATCH-001934"",""BV-WARRANTYCLAIM-000434"",""BV-CERTIFICATE-000434""]"
CELLBATCH-001830,Battery Pack Failed Test,2023-09-02T01:00:00Z,sat_shipment_status,sat_shipment_status:BV-CELLBATCH-001830:0002,USR-004,"[""BV-CELLBATCH-001830"",""BV-WARRANTYCLAIM-000330"",""BV-CERTIFICATE-000330""]"
CELLBATCH-001830,Firmware Installation Failed,2023-09-02T01:37:00Z,sat_diagnostic_result,sat_diagnostic_result:BV-CELLBATCH-001830:0002,USR-025,"[""BV-CELLBATCH-001830"",""BV-SECONDLIFESYSTEM-000330""]"
CELLBATCH-001830,Firmware Rolled Back,2023-09-02T02:14:00Z,sat_service_status,sat_service_status:BV-CELLBATCH-001830:0002,USR-026,"[""BV-CELLBATCH-001830"",""BV-RECYCLINGORDER-000330""]"
CELLBATCH-001830,Second-Life Assessment Failed,2023-09-02T02:51:00Z,sat_recall_status,sat_recall_status:BV-CELLBATCH-001830:0001,USR-042,"[""BV-CELLBATCH-001830"",""BV-SECONDLIFESYSTEM-000330"",""BV-BATTERYPASSPORT-001830""]"
CELLBATCH-001892,Firmware Rolled Back,2023-09-02T06:14:00Z,sat_service_status,sat_service_status:BV-CELLBATCH-001892:0002,USR-064,"[""BV-CELLBATCH-001892"",""BV-RECYCLINGORDER-000392"",""BV-VEHICLE-000392""]"
CELLBATCH-001936,Battery Pack Failed Test,2023-09-02T06:36:00Z,sat_shipment_status,sat_shipment_status:BV-CELLBATCH-001936:0001,USR-028,"[""BV-CELLBATCH-001936"",""BV-WARRANTYCLAIM-000436"",""BV-CERTIFICATE-000436""]"
CELLBATCH-001938,Battery Pack Failed Test,2023-09-02T12:38:00Z,sat_shipment_status,sat_shipment_status:BV-CELLBATCH-001938:0001,USR-062,"[""BV-CELLBATCH-001938"",""BV-WARRANTYCLAIM-000438"",""BV-CERTIFICATE-000438""]"
CELLBATCH-001835,Battery Pack Failed Test,2023-09-02T16:00:00Z,sat_shipment_status,sat_shipment_status:BV-CELLBATCH-001835:0001,USR-089,"[""BV-CELLBATCH-001835"",""BV-WARRANTYCLAIM-000335""]"
CELLBATCH-001835,Firmware Installation Failed,2023-09-02T16:37:00Z,sat_diagnostic_result,sat_diagnostic_result:BV-CELLBATCH-001835:0002,USR-110,"[""BV-CELLBATCH-001835"",""BV-SECONDLIFESYSTEM-000335"",""BV-BATTERYPASSPORT-001835""]"
CELLBATCH-001835,Firmware Rolled Back,2023-09-02T17:14:00Z,sat_service_status,sat_service_status:BV-CELLBATCH-001835:0003,USR-111,"[""BV-CELLBATCH-001835"",""BV-RECYCLINGORDER-000335""]"
CELLBATCH-001835,Second-Life Assessment Failed,2023-09-02T17:51:00Z,sat_recall_status,sat_recall_status:BV-CELLBATCH-001835:0002,USR-127,"[""BV-CELLBATCH-001835"",""BV-SECONDLIFESYSTEM-000335""]"
CELLBATCH-001940,Battery Pack Failed Test,2023-09-02T18:40:00Z,sat_shipment_status,sat_shipment_status:BV-CELLBATCH-001940:0001,USR-096,"[""BV-CELLBATCH-001940"",""BV-WARRANTYCLAIM-000440"",""BV-CERTIFICATE-000440""]"
CELLBATCH-001942,Battery Pack Failed Test,2023-09-03T00:42:00Z,sat_shipment_status,sat_shipment_status:BV-CELLBATCH-001942:0001,USR-003,"[""BV-CELLBATCH-001942"",""BV-WARRANTYCLAIM-000442""]"
CELLBATCH-001899,Firmware Rolled Back,2023-09-03T03:21:00Z,sat_service_status,sat_service_status:BV-CELLBATCH-001899:0002,USR-056,"[""BV-CELLBATCH-001899"",""BV-RECYCLINGORDER-000399"",""BV-VEHICLE-000399""]"
CELLBATCH-001944,Battery Pack Failed Test,2023-09-03T06:44:00Z,sat_shipment_status,sat_shipment_status:BV-CELLBATCH-001944:0001,USR-037,"[""BV-CELLBATCH-001944"",""BV-WARRANTYCLAIM-000444"",""BV-CERTIFICATE-000444""]"
CELLBATCH-001840,Battery Pack Failed Test,2023-09-03T07:00:00Z,sat_shipment_status,sat_shipment_status:BV-CELLBATCH-001840:0002,USR-047,"[""BV-CELLBATCH-001840"",""BV-WARRANTYCLAIM-000340""]"
CELLBATCH-001840,Firmware Installation Failed,2023-09-03T07:37:00Z,sat_diagnostic_result,sat_diagnostic_result:BV-CELLBATCH-001840:0002,USR-068,"[""BV-CELLBATCH-001840"",""BV-SECONDLIFESYSTEM-000340""]"
CELLBATCH-001840,Firmware Rolled Back,2023-09-03T08:14:00Z,sat_service_status,sat_service_status:BV-CELLBATCH-001840:0002,USR-069,"[""BV-CELLBATCH-001840"",""BV-RECYCLINGORDER-000340"",""BV-VEHICLE-000340""]"
CELLBATCH-001840,Second-Life Assessment Failed,2023-09-03T08:51:00Z,sat_recall_status,sat_recall_status:BV-CELLBATCH-001840:0001,USR-085,"[""BV-CELLBATCH-001840"",""BV-SECONDLIFESYSTEM-000340""]"
CELLBATCH-001946,Battery Pack Failed Test,2023-09-03T12:46:00Z,sat_shipment_status,sat_shipment_status:BV-CELLBATCH-001946:0001,USR-071,"[""BV-CELLBATCH-001946"",""BV-WARRANTYCLAIM-000446"",""BV-CERTIFICATE-000446""]"
CELLBATCH-001948,Battery Pack Failed Test,2023-09-03T18:48:00Z,sat_shipment_status,sat_shipment_status:BV-CELLBATCH-001948:0001,USR-105,"[""BV-CELLBATCH-001948"",""BV-WARRANTYCLAIM-000448""]"
CELLBATCH-001845,Battery Pack Failed Test,2023-09-03T22:00:00Z,sat_shipment_status,sat_shipment_status:BV-CELLBATCH-001845:0001,USR-005,"[""BV-CELLBATCH-001845"",""BV-WARRANTYCLAIM-000345""]"
CELLBATCH-001845,Firmware Installation Failed,2023-09-03T22:37:00Z,sat_diagnostic_result,sat_diagnostic_result:BV-CELLBATCH-001845:0002,USR-026,"[""BV-CELLBATCH-001845"",""BV-SECONDLIFESYSTEM-000345""]"
CELLBATCH-001845,Firmware Rolled Back,2023-09-03T23:14:00Z,sat_service_status,sat_service_status:BV-CELLBATCH-001845:0002,USR-027,"[""BV-CELLBATCH-001845"",""BV-RECYCLINGORDER-000345"",""BV-VEHICLE-000345""]"
CELLBATCH-001845,Second-Life Assessment Failed,2023-09-03T23:51:00Z,sat_recall_status,sat_recall_status:BV-CELLBATCH-001845:0002,USR-043,"[""BV-CELLBATCH-001845"",""BV-SECONDLIFESYSTEM-000345""]"
CELLBATCH-001906,Firmware Rolled Back,2023-09-04T00:28:00Z,sat_service_status,sat_service_status:BV-CELLBATCH-001906:0002,USR-048,"[""BV-CELLBATCH-001906"",""BV-RECYCLINGORDER-000406""]"
CELLBATCH-001950,Battery Pack Failed Test,2023-09-04T00:50:00Z,sat_shipment_status,sat_shipment_status:BV-CELLBATCH-001950:0001,USR-012,"[""BV-CELLBATCH-001950"",""BV-WARRANTYCLAIM-000450""]"
CELLBATCH-001952,Battery Pack Failed Test,2023-09-04T06:52:00Z,sat_shipment_status,sat_shipment_status:BV-CELLBATCH-001952:0001,USR-046,"[""BV-CELLBATCH-001952"",""BV-WARRANTYCLAIM-000452"",""BV-CERTIFICATE-000452""]"
CELLBATCH-001954,Battery Pack Failed Test,2023-09-04T12:01:00Z,sat_shipment_status,sat_shipment_status:BV-CELLBATCH-001954:0001,USR-080,"[""BV-CELLBATCH-001954"",""BV-WARRANTYCLAIM-000454""]"
CELLBATCH-001850,Battery Pack Failed Test,2023-09-04T13:00:00Z,sat_shipment_status,sat_shipment_status:BV-CELLBATCH-001850:0002,USR-090,"[""BV-CELLBATCH-001850"",""BV-WARRANTYCLAIM-000350"",""BV-CERTIFICATE-000350""]"
CELLBATCH-001850,Firmware Installation Failed,2023-09-04T13:37:00Z,sat_diagnostic_result,sat_diagnostic_result:BV-CELLBATCH-001850:0002,USR-111,"[""BV-CELLBATCH-001850"",""BV-SECONDLIFESYSTEM-000350""]"
CELLBATCH-001850,Firmware Rolled Back,2023-09-04T14:14:00Z,sat_service_status,sat_service_status:BV-CELLBATCH-001850:0003,USR-112,"[""BV-CELLBATCH-001850"",""BV-RECYCLINGORDER-000350""]"
CELLBATCH-001850,Second-Life Assessment Failed,2023-09-04T14:51:00Z,sat_recall_status,sat_recall_status:BV-CELLBATCH-001850:0001,USR-001,"[""BV-CELLBATCH-001850"",""BV-SECONDLIFESYSTEM-000350"",""BV-BATTERYPASSPORT-001850""]"
CELLBATCH-001956,Battery Pack Failed Test,2023-09-04T18:03:00Z,sat_shipment_status,sat_shipment_status:BV-CELLBATCH-001956:0001,USR-114,"[""BV-CELLBATCH-001956"",""BV-WARRANTYCLAIM-000456""]"
CELLBATCH-001913,Firmware Rolled Back,2023-09-04T21:35:00Z,sat_service_status,sat_service_status:BV-CELLBATCH-001913:0002,USR-040,"[""BV-CELLBATCH-001913"",""BV-RECYCLINGORDER-000413""]"
CELLBATCH-001958,Battery Pack Failed Test,2023-09-05T00:05:00Z,sat_shipment_status,sat_shipment_status:BV-CELLBATCH-001958:0001,USR-021,"[""BV-CELLBATCH-001958"",""BV-WARRANTYCLAIM-000458""]"
CELLBATCH-001882,Second-Life Assessment Failed,2023-09-05T00:20:00Z,sat_recall_status,sat_recall_status:BV-CELLBATCH-001882:0001,USR-037,"[""BV-CELLBATCH-001882"",""BV-SECONDLIFESYSTEM-000382"",""BV-BATTERYPASSPORT-001882""]"
CELLBATCH-001917,Firmware Installation Failed,2023-09-05T03:38:00Z,sat_diagnostic_result,sat_diagnostic_result:BV-CELLBATCH-001917:0002,USR-107,"[""BV-CELLBATCH-001917"",""BV-SECONDLIFESYSTEM-000417""]"
CELLBATCH-001855,Battery Pack Failed Test,2023-09-05T04:00:00Z,sat_shipment_status,sat_shipment_status:BV-CELLBATCH-001855:0002,USR-048,"[""BV-CELLBATCH-001855"",""BV-WARRANTYCLAIM-000355"",""BV-CERTIFICATE-000355""]"
CELLBATCH-001855,Firmware Installation Failed,2023-09-05T04:37:00Z,sat_diagnostic_result,sat_diagnostic_result:BV-CELLBATCH-001855:0002,USR-069,"[""BV-CELLBATCH-001855"",""BV-SECONDLIFESYSTEM-000355""]"
CELLBATCH-001855,Firmware Rolled Back,2023-09-05T05:14:00Z,sat_service_status,sat_service_status:BV-CELLBATCH-001855:0002,USR-070,"[""BV-CELLBATCH-001855"",""BV-RECYCLINGORDER-000355""]"
CELLBATCH-001855,Second-Life Assessment Failed,2023-09-05T05:51:00Z,sat_recall_status,sat_recall_status:BV-CELLBATCH-001855:0002,USR-086,"[""BV-CELLBATCH-001855"",""BV-SECONDLIFESYSTEM-000355"",""BV-BATTERYPASSPORT-001855""]"
CELLBATCH-001960,Battery Pack Failed Test,2023-09-05T06:07:00Z,sat_shipment_status,sat_shipment_status:BV-CELLBATCH-001960:0001,USR-055,"[""BV-CELLBATCH-001960"",""BV-WARRANTYCLAIM-000460""]"
CELLBATCH-001962,Battery Pack Failed Test,2023-09-05T12:09:00Z,sat_shipment_status,sat_shipment_status:BV-CELLBATCH-001962:0001,USR-089,"[""BV-CELLBATCH-001962"",""BV-WARRANTYCLAIM-000462""]"
CELLBATCH-001964,Battery Pack Failed Test,2023-09-05T18:11:00Z,sat_shipment_status,sat_shipment_status:BV-CELLBATCH-001964:0001,USR-123,"[""BV-CELLBATCH-001964"",""BV-WARRANTYCLAIM-000464""]"
CELLBATCH-001920,Firmware Rolled Back,2023-09-05T18:42:00Z,sat_service_status,sat_service_status:BV-CELLBATCH-001920:0002,USR-032,"[""BV-CELLBATCH-001920"",""BV-RECYCLINGORDER-000420"",""BV-VEHICLE-000420""]"
CELLBATCH-001860,Battery Pack Failed Test,2023-09-05T19:00:00Z,sat_shipment_status,sat_shipment_status:BV-CELLBATCH-001860:0002,USR-006,"[""BV-CELLBATCH-001860"",""BV-WARRANTYCLAIM-000360"",""BV-CERTIFICATE-000360""]"
CELLBATCH-001860,Firmware Installation Failed,2023-09-05T19:37:00Z,sat_diagnostic_result,sat_diagnostic_result:BV-CELLBATCH-001860:0002,USR-027,"[""BV-CELLBATCH-001860"",""BV-SECONDLIFESYSTEM-000360""]"
CELLBATCH-001860,Firmware Rolled Back,2023-09-05T20:14:00Z,sat_service_status,sat_service_status:BV-CELLBATCH-001860:0002,USR-028,"[""BV-CELLBATCH-001860"",""BV-RECYCLINGORDER-000360""]"
CELLBATCH-001860,Second-Life Assessment Failed,2023-09-05T20:51:00Z,sat_recall_status,sat_recall_status:BV-CELLBATCH-001860:0001,USR-044,"[""BV-CELLBATCH-001860"",""BV-SECONDLIFESYSTEM-000360"",""BV-BATTERYPASSPORT-001860""]"
CELLBATCH-001966,Battery Pack Failed Test,2023-09-06T00:13:00Z,sat_shipment_status,sat_shipment_status:BV-CELLBATCH-001966:0001,USR-030,"[""BV-CELLBATCH-001966"",""BV-WARRANTYCLAIM-000466"",""BV-CERTIFICATE-000466""]"
CELLBATCH-001968,Battery Pack Failed Test,2023-09-06T06:15:00Z,sat_shipment_status,sat_shipment_status:BV-CELLBATCH-001968:0001,USR-064,"[""BV-CELLBATCH-001968"",""BV-WARRANTYCLAIM-000468""]"
CELLBATCH-001865,Battery Pack Failed Test,2023-09-06T10:00:00Z,sat_shipment_status,sat_shipment_status:BV-CELLBATCH-001865:0001,USR-091,"[""BV-CELLBATCH-001865"",""BV-WARRANTYCLAIM-000365"",""BV-CERTIFICATE-000365""]"
CELLBATCH-001865,Firmware Installation Failed,2023-09-06T10:37:00Z,sat_diagnostic_result,sat_diagnostic_result:BV-CELLBATCH-001865:0002,USR-112,"[""BV-CELLBATCH-001865"",""BV-SECONDLIFESYSTEM-000365""]"
CELLBATCH-001865,Firmware Rolled Back,2023-09-06T11:14:00Z,sat_service_status,sat_service_status:BV-CELLBATCH-001865:0002,USR-113,"[""BV-CELLBATCH-001865"",""BV-RECYCLINGORDER-000365"",""BV-VEHICLE-000365""]"
CELLBATCH-001865,Second-Life Assessment Failed,2023-09-06T11:51:00Z,sat_recall_status,sat_recall_status:BV-CELLBATCH-001865:0002,USR-002,"[""BV-CELLBATCH-001865"",""BV-SECONDLIFESYSTEM-000365""]"
CELLBATCH-001970,Battery Pack Failed Test,2023-09-06T12:17:00Z,sat_shipment_status,sat_shipment_status:BV-CELLBATCH-001970:0001,USR-098,"[""BV-CELLBATCH-001970"",""BV-WARRANTYCLAIM-000470"",""BV-CERTIFICATE-000470""]"
CELLBATCH-001927,Firmware Rolled Back,2023-09-06T15:49:00Z,sat_service_status,sat_service_status:BV-CELLBATCH-001927:0002,USR-024,"[""BV-CELLBATCH-001927"",""BV-RECYCLINGORDER-000427"",""BV-VEHICLE-000427""]"
CELLBATCH-001972,Battery Pack Failed Test,2023-09-06T18:19:00Z,sat_shipment_status,sat_shipment_status:BV-CELLBATCH-001972:0001,USR-005,"[""BV-CELLBATCH-001972"",""BV-WARRANTYCLAIM-000472""]"
CELLBATCH-001974,Battery Pack Failed Test,2023-09-07T00:21:00Z,sat_shipment_status,sat_shipment_status:BV-CELLBATCH-001974:0001,USR-039,"[""BV-CELLBATCH-001974"",""BV-WARRANTYCLAIM-000474"",""BV-CERTIFICATE-000474""]"
CELLBATCH-001870,Battery Pack Failed Test,2023-09-07T01:00:00Z,sat_shipment_status,sat_shipment_status:BV-CELLBATCH-001870:0002,USR-049,"[""BV-CELLBATCH-001870"",""BV-WARRANTYCLAIM-000370""]"
CELLBATCH-001870,Firmware Installation Failed,2023-09-07T01:37:00Z,sat_diagnostic_result,sat_diagnostic_result:BV-CELLBATCH-001870:0002,USR-070,"[""BV-CELLBATCH-001870"",""BV-SECONDLIFESYSTEM-000370""]"
CELLBATCH-001870,Firmware Rolled Back,2023-09-07T02:14:00Z,sat_service_status,sat_service_status:BV-CELLBATCH-001870:0002,USR-071,"[""BV-CELLBATCH-001870"",""BV-RECYCLINGORDER-000370"",""BV-VEHICLE-000370""]"
CELLBATCH-001870,Second-Life Assessment Failed,2023-09-07T02:51:00Z,sat_recall_status,sat_recall_status:BV-CELLBATCH-001870:0001,USR-087,"[""BV-CELLBATCH-001870"",""BV-SECONDLIFESYSTEM-000370""]"
CELLBATCH-001976,Battery Pack Failed Test,2023-09-07T06:23:00Z,sat_shipment_status,sat_shipment_status:BV-CELLBATCH-001976:0001,USR-073,"[""BV-CELLBATCH-001976"",""BV-WARRANTYCLAIM-000476""]"
CELLBATCH-001934,Firmware Rolled Back,2023-09-07T12:03:00Z,sat_service_status,sat_service_status:BV-CELLBATCH-001934:0002,USR-016,"[""BV-CELLBATCH-001934"",""BV-RECYCLINGORDER-000434"",""BV-VEHICLE-000434""]"
CELLBATCH-001978,Battery Pack Failed Test,2023-09-07T12:25:00Z,sat_shipment_status,sat_shipment_status:BV-CELLBATCH-001978:0001,USR-107,"[""BV-CELLBATCH-001978"",""BV-WARRANTYCLAIM-000478"",""BV-CERTIFICATE-000478""]"
CELLBATCH-001875,Battery Pack Failed Test,2023-09-07T16:00:00Z,sat_shipment_status,sat_shipment_status:BV-CELLBATCH-001875:0001,USR-007,"[""BV-CELLBATCH-001875"",""BV-WARRANTYCLAIM-000375""]"
CELLBATCH-001875,Firmware Installation Failed,2023-09-07T16:37:00Z,sat_diagnostic_result,sat_diagnostic_result:BV-CELLBATCH-001875:0002,USR-028,"[""BV-CELLBATCH-001875"",""BV-SECONDLIFESYSTEM-000375"",""BV-BATTERYPASSPORT-001875""]"
CELLBATCH-001875,Firmware Rolled Back,2023-09-07T17:14:00Z,sat_service_status,sat_service_status:BV-CELLBATCH-001875:0002,USR-029,"[""BV-CELLBATCH-001875"",""BV-RECYCLINGORDER-000375""]"
CELLBATCH-001875,Second-Life Assessment Failed,2023-09-07T17:51:00Z,sat_recall_status,sat_recall_status:BV-CELLBATCH-001875:0002,USR-045,"[""BV-CELLBATCH-001875"",""BV-SECONDLIFESYSTEM-000375""]"
CELLBATCH-001980,Battery Pack Failed Test,2023-09-07T18:27:00Z,sat_shipment_status,sat_shipment_status:BV-CELLBATCH-001980:0001,USR-014,"[""BV-CELLBATCH-001980"",""BV-WARRANTYCLAIM-000480""]"
CELLBATCH-001982,Battery Pack Failed Test,2023-09-08T00:29:00Z,sat_shipment_status,sat_shipment_status:BV-CELLBATCH-001982:0001,USR-048,"[""BV-CELLBATCH-001982"",""BV-WARRANTYCLAIM-000482"",""BV-CERTIFICATE-000482""]"
CELLBATCH-001984,Battery Pack Failed Test,2023-09-08T06:31:00Z,sat_shipment_status,sat_shipment_status:BV-CELLBATCH-001984:0001,USR-082,"[""BV-CELLBATCH-001984"",""BV-WARRANTYCLAIM-000484""]"
CELLBATCH-001880,Battery Pack Failed Test,2023-09-08T07:00:00Z,sat_shipment_status,sat_shipment_status:BV-CELLBATCH-001880:0002,USR-092,"[""BV-CELLBATCH-001880"",""BV-WARRANTYCLAIM-000380""]"
CELLBATCH-001880,Firmware Installation Failed,2023-09-08T07:37:00Z,sat_diagnostic_result,sat_diagnostic_result:BV-CELLBATCH-001880:0003,USR-113,"[""BV-CELLBATCH-001880"",""BV-SECONDLIFESYSTEM-000380"",""BV-BATTERYPASSPORT-001880""]"
CELLBATCH-001880,Firmware Rolled Back,2023-09-08T08:14:00Z,sat_service_status,sat_service_status:BV-CELLBATCH-001880:0002,USR-114,"[""BV-CELLBATCH-001880"",""BV-RECYCLINGORDER-000380""]"
CELLBATCH-001880,Second-Life Assessment Failed,2023-09-08T08:51:00Z,sat_recall_status,sat_recall_status:BV-CELLBATCH-001880:0001,USR-003,"[""BV-CELLBATCH-001880"",""BV-SECONDLIFESYSTEM-000380"",""BV-BATTERYPASSPORT-001880""]"
CELLBATCH-001941,Firmware Rolled Back,2023-09-08T09:10:00Z,sat_service_status,sat_service_status:BV-CELLBATCH-001941:0003,USR-008,"[""BV-CELLBATCH-001941"",""BV-RECYCLINGORDER-000441""]"
CELLBATCH-001986,Battery Pack Failed Test,2023-09-08T12:33:00Z,sat_shipment_status,sat_shipment_status:BV-CELLBATCH-001986:0001,USR-116,"[""BV-CELLBATCH-001986"",""BV-WARRANTYCLAIM-000486""]"
CELLBATCH-001988,Battery Pack Failed Test,2023-09-08T18:35:00Z,sat_shipment_status,sat_shipment_status:BV-CELLBATCH-001988:0001,USR-023,"[""BV-CELLBATCH-001988"",""BV-WARRANTYCLAIM-000488""]"
CELLBATCH-001913,Second-Life Assessment Failed,2023-09-08T21:51:00Z,sat_recall_status,sat_recall_status:BV-CELLBATCH-001913:0002,USR-056,"[""BV-CELLBATCH-001913"",""BV-SECONDLIFESYSTEM-000413""]"
CELLBATCH-001885,Battery Pack Failed Test,2023-09-08T22:00:00Z,sat_shipment_status,sat_shipment_status:BV-CELLBATCH-001885:0001,USR-050,"[""BV-CELLBATCH-001885"",""BV-WARRANTYCLAIM-000385"",""BV-CERTIFICATE-000385""]"
CELLBATCH-001885,Firmware Installation Failed,2023-09-08T22:37:00Z,sat_diagnostic_result,sat_diagnostic_result:BV-CELLBATCH-001885:0003,USR-071,"[""BV-CELLBATCH-001885"",""BV-SECONDLIFESYSTEM-000385""]"
CELLBATCH-001885,Firmware Rolled Back,2023-09-08T23:14:00Z,sat_service_status,sat_service_status:BV-CELLBATCH-001885:0003,USR-072,"[""BV-CELLBATCH-001885"",""BV-RECYCLINGORDER-000385""]"
CELLBATCH-001885,Second-Life Assessment Failed,2023-09-08T23:51:00Z,sat_recall_status,sat_recall_status:BV-CELLBATCH-001885:0003,USR-088,"[""BV-CELLBATCH-001885"",""BV-SECONDLIFESYSTEM-000385"",""BV-BATTERYPASSPORT-001885""]"
CELLBATCH-001990,Battery Pack Failed Test,2023-09-09T00:37:00Z,sat_shipment_status,sat_shipment_status:BV-CELLBATCH-001990:0001,USR-057,"[""BV-CELLBATCH-001990"",""BV-WARRANTYCLAIM-000490"",""BV-CERTIFICATE-000490""]"
CELLBATCH-001948,Firmware Rolled Back,2023-09-09T06:17:00Z,sat_service_status,sat_service_status:BV-CELLBATCH-001948:0002,USR-127,"[""BV-CELLBATCH-001948"",""BV-RECYCLINGORDER-000448""]"
CELLBATCH-001992,Battery Pack Failed Test,2023-09-09T06:39:00Z,sat_shipment_status,sat_shipment_status:BV-CELLBATCH-001992:0001,USR-091,"[""BV-CELLBATCH-001992"",""BV-WARRANTYCLAIM-000492"",""BV-CERTIFICATE-000492""]"
CELLBATCH-001994,Battery Pack Failed Test,2023-09-09T12:41:00Z,sat_shipment_status,sat_shipment_status:BV-CELLBATCH-001994:0001,USR-125,"[""BV-CELLBATCH-001994"",""BV-WARRANTYCLAIM-000494""]"
CELLBATCH-001890,Battery Pack Failed Test,2023-09-09T13:00:00Z,sat_shipment_status,sat_shipment_status:BV-CELLBATCH-001890:0003,USR-008,"[""BV-CELLBATCH-001890"",""BV-WARRANTYCLAIM-000390""]"
CELLBATCH-001890,Firmware Installation Failed,2023-09-09T13:37:00Z,sat_diagnostic_result,sat_diagnostic_result:BV-CELLBATCH-001890:0002,USR-029,"[""BV-CELLBATCH-001890"",""BV-SECONDLIFESYSTEM-000390""]"
CELLBATCH-001890,Firmware Rolled Back,2023-09-09T14:14:00Z,sat_service_status,sat_service_status:BV-CELLBATCH-001890:0002,USR-030,"[""BV-CELLBATCH-001890"",""BV-RECYCLINGORDER-000390"",""BV-VEHICLE-000390""]"
CELLBATCH-001890,Second-Life Assessment Failed,2023-09-09T14:51:00Z,sat_recall_status,sat_recall_status:BV-CELLBATCH-001890:0001,USR-046,"[""BV-CELLBATCH-001890"",""BV-SECONDLIFESYSTEM-000390""]"
CELLBATCH-001954,Firmware Installation Failed,2023-09-09T18:22:00Z,sat_diagnostic_result,sat_diagnostic_result:BV-CELLBATCH-001954:0002,USR-101,"[""BV-CELLBATCH-001954"",""BV-SECONDLIFESYSTEM-000454""]"
CELLBATCH-001996,Battery Pack Failed Test,2023-09-09T18:43:00Z,sat_shipment_status,sat_shipment_status:BV-CELLBATCH-001996:0001,USR-032,"[""BV-CELLBATCH-001996"",""BV-WARRANTYCLAIM-000496"",""BV-CERTIFICATE-000496""]"
CELLBATCH-001998,Battery Pack Failed Test,2023-09-10T00:45:00Z,sat_shipment_status,sat_shipment_status:BV-CELLBATCH-001998:0001,USR-066,"[""BV-CELLBATCH-001998"",""BV-WARRANTYCLAIM-000498"",""BV-CERTIFICATE-000498""]"
CELLBATCH-001955,Firmware Rolled Back,2023-09-10T03:24:00Z,sat_service_status,sat_service_status:BV-CELLBATCH-001955:0002,USR-119,"[""BV-CELLBATCH-001955"",""BV-RECYCLINGORDER-000455"",""BV-VEHICLE-000455""]"
CELLBATCH-001895,Battery Pack Failed Test,2023-09-10T04:00:00Z,sat_shipment_status,sat_shipment_status:BV-CELLBATCH-001895:0002,USR-093,"[""BV-CELLBATCH-001895"",""BV-WARRANTYCLAIM-000395""]"
CELLBATCH-001895,Firmware Installation Failed,2023-09-10T04:37:00Z,sat_diagnostic_result,sat_diagnostic_result:BV-CELLBATCH-001895:0002,USR-114,"[""BV-CELLBATCH-001895"",""BV-SECONDLIFESYSTEM-000395"",""BV-BATTERYPASSPORT-001895""]"
CELLBATCH-001895,Firmware Rolled Back,2023-09-10T05:14:00Z,sat_service_status,sat_service_status:BV-CELLBATCH-001895:0003,USR-115,"[""BV-CELLBATCH-001895"",""BV-RECYCLINGORDER-000395""]"
CELLBATCH-001895,Second-Life Assessment Failed,2023-09-10T05:51:00Z,sat_recall_status,sat_recall_status:BV-CELLBATCH-001895:0002,USR-004,"[""BV-CELLBATCH-001895"",""BV-SECONDLIFESYSTEM-000395""]"
CELLBATCH-002000,Battery Pack Failed Test,2023-09-10T06:47:00Z,sat_shipment_status,sat_shipment_status:BV-CELLBATCH-002000:0001,USR-100,"[""BV-CELLBATCH-002000"",""BV-WARRANTYCLAIM-000500"",""BV-CERTIFICATE-000500""]"
CELLBATCH-002002,Battery Pack Failed Test,2023-09-10T12:49:00Z,sat_shipment_status,sat_shipment_status:BV-CELLBATCH-002002:0001,USR-007,"[""BV-CELLBATCH-002002"",""BV-WARRANTYCLAIM-000002"",""BV-CERTIFICATE-000002""]"
CELLBATCH-002004,Battery Pack Failed Test,2023-09-10T18:51:00Z,sat_shipment_status,sat_shipment_status:BV-CELLBATCH-002004:0001,USR-041,"[""BV-CELLBATCH-002004"",""BV-WARRANTYCLAIM-000004"",""BV-CERTIFICATE-000004""]"
CELLBATCH-001900,Battery Pack Failed Test,2023-09-10T19:00:00Z,sat_shipment_status,sat_shipment_status:BV-CELLBATCH-001900:0002,USR-051,"[""BV-CELLBATCH-001900"",""BV-WARRANTYCLAIM-000400""]"
CELLBATCH-001900,Firmware Installation Failed,2023-09-10T19:37:00Z,sat_diagnostic_result,sat_diagnostic_result:BV-CELLBATCH-001900:0002,USR-072,"[""BV-CELLBATCH-001900"",""BV-SECONDLIFESYSTEM-000400""]"
CELLBATCH-001900,Firmware Rolled Back,2023-09-10T20:14:00Z,sat_service_status,sat_service_status:BV-CELLBATCH-001900:0002,USR-073,"[""BV-CELLBATCH-001900"",""BV-RECYCLINGORDER-000400"",""BV-VEHICLE-000400""]"
CELLBATCH-001900,Second-Life Assessment Failed,2023-09-10T20:51:00Z,sat_recall_status,sat_recall_status:BV-CELLBATCH-001900:0002,USR-089,"[""BV-CELLBATCH-001900"",""BV-SECONDLIFESYSTEM-000400""]"
CELLBATCH-002006,Battery Pack Failed Test,2023-09-11T00:00:00Z,sat_shipment_status,sat_shipment_status:BV-CELLBATCH-002006:0001,USR-075,"[""BV-CELLBATCH-002006"",""BV-WARRANTYCLAIM-000006"",""BV-CERTIFICATE-000006""]"
CELLBATCH-001962,Firmware Rolled Back,2023-09-11T00:31:00Z,sat_service_status,sat_service_status:BV-CELLBATCH-001962:0002,USR-111,"[""BV-CELLBATCH-001962"",""BV-RECYCLINGORDER-000462""]"
CELLBATCH-002008,Battery Pack Failed Test,2023-09-11T06:02:00Z,sat_shipment_status,sat_shipment_status:BV-CELLBATCH-002008:0001,USR-109,"[""BV-CELLBATCH-002008"",""BV-WARRANTYCLAIM-000008""]"
CELLBATCH-001905,Battery Pack Failed Test,2023-09-11T10:00:00Z,sat_shipment_status,sat_shipment_status:BV-CELLBATCH-001905:0002,USR-009,"[""BV-CELLBATCH-001905"",""BV-WARRANTYCLAIM-000405""]"
CELLBATCH-001905,Firmware Installation Failed,2023-09-11T10:37:00Z,sat_diagnostic_result,sat_diagnostic_result:BV-CELLBATCH-001905:0002,USR-030,"[""BV-CELLBATCH-001905"",""BV-SECONDLIFESYSTEM-000405""]"
CELLBATCH-001905,Firmware Rolled Back,2023-09-11T11:14:00Z,sat_service_status,sat_service_status:BV-CELLBATCH-001905:0002,USR-031,"[""BV-CELLBATCH-001905"",""BV-RECYCLINGORDER-000405"",""BV-VEHICLE-000405""]"
CELLBATCH-001905,Second-Life Assessment Failed,2023-09-11T11:51:00Z,sat_recall_status,sat_recall_status:BV-CELLBATCH-001905:0002,USR-047,"[""BV-CELLBATCH-001905"",""BV-SECONDLIFESYSTEM-000405""]"
CELLBATCH-002010,Battery Pack Failed Test,2023-09-11T12:04:00Z,sat_shipment_status,sat_shipment_status:BV-CELLBATCH-002010:0001,USR-016,"[""BV-CELLBATCH-002010"",""BV-WARRANTYCLAIM-000010"",""BV-CERTIFICATE-000010""]"
CELLBATCH-002012,Battery Pack Failed Test,2023-09-11T18:06:00Z,sat_shipment_status,sat_shipment_status:BV-CELLBATCH-002012:0001,USR-050,"[""BV-CELLBATCH-002012"",""BV-WARRANTYCLAIM-000012""]"
CELLBATCH-001969,Firmware Rolled Back,2023-09-11T21:38:00Z,sat_service_status,sat_service_status:BV-CELLBATCH-001969:0002,USR-103,"[""BV-CELLBATCH-001969"",""BV-RECYCLINGORDER-000469""]"
CELLBATCH-002014,Battery Pack Failed Test,2023-09-12T00:08:00Z,sat_shipment_status,sat_shipment_status:BV-CELLBATCH-002014:0001,USR-084,"[""BV-CELLBATCH-002014"",""BV-WARRANTYCLAIM-000014""]"
CELLBATCH-001910,Battery Pack Failed Test,2023-09-12T01:00:00Z,sat_shipment_status,sat_shipment_status:BV-CELLBATCH-001910:0002,USR-094,"[""BV-CELLBATCH-001910"",""BV-WARRANTYCLAIM-000410""]"
CELLBATCH-001910,Firmware Installation Failed,2023-09-12T01:37:00Z,sat_diagnostic_result,sat_diagnostic_result:BV-CELLBATCH-001910:0002,USR-115,"[""BV-CELLBATCH-001910"",""BV-SECONDLIFESYSTEM-000410"",""BV-BATTERYPASSPORT-001910""]"
CELLBATCH-001910,Firmware Rolled Back,2023-09-12T02:14:00Z,sat_service_status,sat_service_status:BV-CELLBATCH-001910:0002,USR-116,"[""BV-CELLBATCH-001910"",""BV-RECYCLINGORDER-000410""]"
CELLBATCH-001910,Second-Life Assessment Failed,2023-09-12T02:51:00Z,sat_recall_status,sat_recall_status:BV-CELLBATCH-001910:0001,USR-005,"[""BV-CELLBATCH-001910"",""BV-SECONDLIFESYSTEM-000410"",""BV-BATTERYPASSPORT-001910""]"
CELLBATCH-002016,Battery Pack Failed Test,2023-09-12T06:10:00Z,sat_shipment_status,sat_shipment_status:BV-CELLBATCH-002016:0001,USR-118,"[""BV-CELLBATCH-002016"",""BV-WARRANTYCLAIM-000016""]"
CELLBATCH-002018,Battery Pack Failed Test,2023-09-12T12:12:00Z,sat_shipment_status,sat_shipment_status:BV-CELLBATCH-002018:0001,USR-025,"[""BV-CELLBATCH-002018"",""BV-WARRANTYCLAIM-000018"",""BV-CERTIFICATE-000018""]"
CELLBATCH-001915,Battery Pack Failed Test,2023-09-12T16:00:00Z,sat_shipment_status,sat_shipment_status:BV-CELLBATCH-001915:0001,USR-052,"[""BV-CELLBATCH-001915"",""BV-WARRANTYCLAIM-000415"",""BV-CERTIFICATE-000415""]"
CELLBATCH-001915,Firmware Installation Failed,2023-09-12T16:37:00Z,sat_diagnostic_result,sat_diagnostic_result:BV-CELLBATCH-001915:0002,USR-073,"[""BV-CELLBATCH-001915"",""BV-SECONDLIFESYSTEM-000415""]"
CELLBATCH-001915,Firmware Rolled Back,2023-09-12T17:14:00Z,sat_service_status,sat_service_status:BV-CELLBATCH-001915:0002,USR-074,"[""BV-CELLBATCH-001915"",""BV-RECYCLINGORDER-000415"",""BV-VEHICLE-000415""]"
CELLBATCH-001915,Second-Life Assessment Failed,2023-09-12T17:51:00Z,sat_recall_status,sat_recall_status:BV-CELLBATCH-001915:0002,USR-090,"[""BV-CELLBATCH-001915"",""BV-SECONDLIFESYSTEM-000415""]"
CELLBATCH-002020,Battery Pack Failed Test,2023-09-12T18:14:00Z,sat_shipment_status,sat_shipment_status:BV-CELLBATCH-002020:0001,USR-059,"[""BV-CELLBATCH-002020"",""BV-WARRANTYCLAIM-000020""]"
CELLBATCH-001944,Second-Life Assessment Failed,2023-09-12T18:29:00Z,sat_recall_status,sat_recall_status:BV-CELLBATCH-001944:0001,USR-075,"[""BV-CELLBATCH-001944"",""BV-SECONDLIFESYSTEM-000444""]"
CELLBATCH-001976,Firmware Rolled Back,2023-09-12T18:45:00Z,sat_service_status,sat_service_status:BV-CELLBATCH-001976:0002,USR-095,"[""BV-CELLBATCH-001976"",""BV-RECYCLINGORDER-000476""]"
CELLBATCH-002022,Battery Pack Failed Test,2023-09-13T00:16:00Z,sat_shipment_status,sat_shipment_status:BV-CELLBATCH-002022:0001,USR-093,"[""BV-CELLBATCH-002022"",""BV-WARRANTYCLAIM-000022""]"
CELLBATCH-002024,Battery Pack Failed Test,2023-09-13T06:18:00Z,sat_shipment_status,sat_shipment_status:BV-CELLBATCH-002024:0001,USR-127,"[""BV-CELLBATCH-002024"",""BV-WARRANTYCLAIM-000024""]"
CELLBATCH-001920,Battery Pack Failed Test,2023-09-13T07:00:00Z,sat_shipment_status,sat_shipment_status:BV-CELLBATCH-001920:0002,USR-010,"[""BV-CELLBATCH-001920"",""BV-WARRANTYCLAIM-000420"",""BV-CERTIFICATE-000420""]"
CELLBATCH-001920,Firmware Installation Failed,2023-09-13T07:37:00Z,sat_diagnostic_result,sat_diagnostic_result:BV-CELLBATCH-001920:0003,USR-031,"[""BV-CELLBATCH-001920"",""BV-SECONDLIFESYSTEM-000420""]"
CELLBATCH-001920,Firmware Rolled Back,2023-09-13T08:14:00Z,sat_service_status,sat_service_status:BV-CELLBATCH-001920:0003,USR-032,"[""BV-CELLBATCH-001920"",""BV-RECYCLINGORDER-000420""]"
CELLBATCH-001920,Second-Life Assessment Failed,2023-09-13T08:51:00Z,sat_recall_status,sat_recall_status:BV-CELLBATCH-001920:0001,USR-048,"[""BV-CELLBATCH-001920"",""BV-SECONDLIFESYSTEM-000420"",""BV-BATTERYPASSPORT-001920""]"
CELLBATCH-002026,Battery Pack Failed Test,2023-09-13T12:20:00Z,sat_shipment_status,sat_shipment_status:BV-CELLBATCH-002026:0001,USR-034,"[""BV-CELLBATCH-002026"",""BV-WARRANTYCLAIM-000026""]"
CELLBATCH-001983,Firmware Rolled Back,2023-09-13T15:52:00Z,sat_service_status,sat_service_status:BV-CELLBATCH-001983:0002,USR-087,"[""BV-CELLBATCH-001983"",""BV-RECYCLINGORDER-000483"",""BV-VEHICLE-000483""]"
CELLBATCH-002028,Battery Pack Failed Test,2023-09-13T18:22:00Z,sat_shipment_status,sat_shipment_status:BV-CELLBATCH-002028:0001,USR-068,"[""BV-CELLBATCH-002028"",""BV-WARRANTYCLAIM-000028"",""BV-CERTIFICATE-000028""]"
CELLBATCH-001925,Battery Pack Failed Test,2023-09-13T22:00:00Z,sat_shipment_status,sat_shipment_status:BV-CELLBATCH-001925:0002,USR-095,"[""BV-CELLBATCH-001925"",""BV-WARRANTYCLAIM-000425"",""BV-CERTIFICATE-000425""]"
CELLBATCH-001925,Firmware Installation Failed,2023-09-13T22:37:00Z,sat_diagnostic_result,sat_diagnostic_result:BV-CELLBATCH-001925:0002,USR-116,"[""BV-CELLBATCH-001925"",""BV-SECONDLIFESYSTEM-000425""]"
CELLBATCH-001925,Firmware Rolled Back,2023-09-13T23:14:00Z,sat_service_status,sat_service_status:BV-CELLBATCH-001925:0002,USR-117,"[""BV-CELLBATCH-001925"",""BV-RECYCLINGORDER-000425""]"
CELLBATCH-001925,Second-Life Assessment Failed,2023-09-13T23:51:00Z,sat_recall_status,sat_recall_status:BV-CELLBATCH-001925:0002,USR-006,"[""BV-CELLBATCH-001925"",""BV-SECONDLIFESYSTEM-000425"",""BV-BATTERYPASSPORT-001925""]"
CELLBATCH-002030,Battery Pack Failed Test,2023-09-14T00:24:00Z,sat_shipment_status,sat_shipment_status:BV-CELLBATCH-002030:0001,USR-102,"[""BV-CELLBATCH-002030"",""BV-WARRANTYCLAIM-000030""]"
CELLBATCH-002032,Battery Pack Failed Test,2023-09-14T06:26:00Z,sat_shipment_status,sat_shipment_status:BV-CELLBATCH-002032:0001,USR-009,"[""BV-CELLBATCH-002032"",""BV-WARRANTYCLAIM-000032"",""BV-CERTIFICATE-000032""]"
CELLBATCH-001991,Firmware Installation Failed,2023-09-14T09:06:00Z,sat_diagnostic_result,sat_diagnostic_result:BV-CELLBATCH-001991:0002,USR-095,"[""BV-CELLBATCH-001991"",""BV-SECONDLIFESYSTEM-000491""]"
CELLBATCH-001990,Firmware Rolled Back,2023-09-14T12:06:00Z,sat_service_status,sat_service_status:BV-CELLBATCH-001990:0002,USR-079,"[""BV-CELLBATCH-001990"",""BV-RECYCLINGORDER-000490""]"
CELLBATCH-002034,Battery Pack Failed Test,2023-09-14T12:28:00Z,sat_shipment_status,sat_shipment_status:BV-CELLBATCH-002034:0001,USR-043,"[""BV-CELLBATCH-002034"",""BV-WARRANTYCLAIM-000034""]"
CELLBATCH-001930,Battery Pack Failed Test,2023-09-14T13:00:00Z,sat_shipment_status,sat_shipment_status:BV-CELLBATCH-001930:0002,USR-053,"[""BV-CELLBATCH-001930"",""BV-WARRANTYCLAIM-000430"",""BV-CERTIFICATE-000430""]"
CELLBATCH-001930,Firmware Installation Failed,2023-09-14T13:37:00Z,sat_diagnostic_result,sat_diagnostic_result:BV-CELLBATCH-001930:0002,USR-074,"[""BV-CELLBATCH-001930"",""BV-SECONDLIFESYSTEM-000430""]"
CELLBATCH-001930,Firmware Rolled Back,2023-09-14T14:14:00Z,sat_service_status,sat_service_status:BV-CELLBATCH-001930:0003,USR-075,"[""BV-CELLBATCH-001930"",""BV-RECYCLINGORDER-000430""]"
CELLBATCH-001930,Second-Life Assessment Failed,2023-09-14T14:51:00Z,sat_recall_status,sat_recall_status:BV-CELLBATCH-001930:0001,USR-091,"[""BV-CELLBATCH-001930"",""BV-SECONDLIFESYSTEM-000430"",""BV-BATTERYPASSPORT-001930""]"
CELLBATCH-002036,Battery Pack Failed Test,2023-09-14T18:30:00Z,sat_shipment_status,sat_shipment_status:BV-CELLBATCH-002036:0001,USR-077,"[""BV-CELLBATCH-002036"",""BV-WARRANTYCLAIM-000036"",""BV-CERTIFICATE-000036""]"
CELLBATCH-002038,Battery Pack Failed Test,2023-09-15T00:32:00Z,sat_shipment_status,sat_shipment_status:BV-CELLBATCH-002038:0001,USR-111,"[""BV-CELLBATCH-002038"",""BV-WARRANTYCLAIM-000038""]"
CELLBATCH-001935,Battery Pack Failed Test,2023-09-15T04:00:00Z,sat_shipment_status,sat_shipment_status:BV-CELLBATCH-001935:0001,USR-011,"[""BV-CELLBATCH-001935"",""BV-WARRANTYCLAIM-000435"",""BV-CERTIFICATE-000435""]"
CELLBATCH-001935,Firmware Installation Failed,2023-09-15T04:37:00Z,sat_diagnostic_result,sat_diagnostic_result:BV-CELLBATCH-001935:0002,USR-032,"[""BV-CELLBATCH-001935"",""BV-SECONDLIFESYSTEM-000435""]"
CELLBATCH-001935,Firmware Rolled Back,2023-09-15T05:14:00Z,sat_service_status,sat_service_status:BV-CELLBATCH-001935:0002,USR-033,"[""BV-CELLBATCH-001935"",""BV-RECYCLINGORDER-000435""]"
CELLBATCH-001935,Second-Life Assessment Failed,2023-09-15T05:51:00Z,sat_recall_status,sat_recall_status:BV-CELLBATCH-001935:0002,USR-049,"[""BV-CELLBATCH-001935"",""BV-SECONDLIFESYSTEM-000435"",""BV-BATTERYPASSPORT-001935""]"
CELLBATCH-002040,Battery Pack Failed Test,2023-09-15T06:34:00Z,sat_shipment_status,sat_shipment_status:BV-CELLBATCH-002040:0001,USR-018,"[""BV-CELLBATCH-002040"",""BV-WARRANTYCLAIM-000040"",""BV-CERTIFICATE-000040""]"
CELLBATCH-001997,Firmware Rolled Back,2023-09-15T09:13:00Z,sat_service_status,sat_service_status:BV-CELLBATCH-001997:0002,USR-071,"[""BV-CELLBATCH-001997"",""BV-RECYCLINGORDER-000497""]"
CELLBATCH-002042,Battery Pack Failed Test,2023-09-15T12:36:00Z,sat_shipment_status,sat_shipment_status:BV-CELLBATCH-002042:0001,USR-052,"[""BV-CELLBATCH-002042"",""BV-WARRANTYCLAIM-000042""]"
CELLBATCH-002044,Battery Pack Failed Test,2023-09-15T18:38:00Z,sat_shipment_status,sat_shipment_status:BV-CELLBATCH-002044:0001,USR-086,"[""BV-CELLBATCH-002044"",""BV-WARRANTYCLAIM-000044""]"
CELLBATCH-001940,Battery Pack Failed Test,2023-09-15T19:00:00Z,sat_shipment_status,sat_shipment_status:BV-CELLBATCH-001940:0002,USR-096,"[""BV-CELLBATCH-001940"",""BV-WARRANTYCLAIM-000440"",""BV-CERTIFICATE-000440""]"
CELLBATCH-001940,Firmware Installation Failed,2023-09-15T19:37:00Z,sat_diagnostic_result,sat_diagnostic_result:BV-CELLBATCH-001940:0002,USR-117,"[""BV-CELLBATCH-001940"",""BV-SECONDLIFESYSTEM-000440""]"
CELLBATCH-001940,Firmware Rolled Back,2023-09-15T20:14:00Z,sat_service_status,sat_service_status:BV-CELLBATCH-001940:0002,USR-118,"[""BV-CELLBATCH-001940"",""BV-RECYCLINGORDER-000440""]"
CELLBATCH-001940,Second-Life Assessment Failed,2023-09-15T20:51:00Z,sat_recall_status,sat_recall_status:BV-CELLBATCH-001940:0001,USR-007,"[""BV-CELLBATCH-001940"",""BV-SECONDLIFESYSTEM-000440"",""BV-BATTERYPASSPORT-001940""]"
CELLBATCH-002046,Battery Pack Failed Test,2023-09-16T00:40:00Z,sat_shipment_status,sat_shipment_status:BV-CELLBATCH-002046:0001,USR-120,"[""BV-CELLBATCH-002046"",""BV-WARRANTYCLAIM-000046"",""BV-CERTIFICATE-000046""]"
CELLBATCH-002004,Firmware Rolled Back,2023-09-16T06:20:00Z,sat_service_status,sat_service_status:BV-CELLBATCH-002004:0002,USR-063,"[""BV-CELLBATCH-002004"",""BV-RECYCLINGORDER-000004"",""BV-VEHICLE-000004""]"
CELLBATCH-002048,Battery Pack Failed Test,2023-09-16T06:42:00Z,sat_shipment_status,sat_shipment_status:BV-CELLBATCH-002048:0001,USR-027,"[""BV-CELLBATCH-002048"",""BV-WARRANTYCLAIM-000048""]"
CELLBATCH-001945,Battery Pack Failed Test,2023-09-16T10:00:00Z,sat_shipment_status,sat_shipment_status:BV-CELLBATCH-001945:0001,USR-054,"[""BV-CELLBATCH-001945"",""BV-WARRANTYCLAIM-000445"",""BV-CERTIFICATE-000445""]"
CELLBATCH-001945,Firmware Installation Failed,2023-09-16T10:37:00Z,sat_diagnostic_result,sat_diagnostic_result:BV-CELLBATCH-001945:0002,USR-075,"[""BV-CELLBATCH-001945"",""BV-SECONDLIFESYSTEM-000445""]"
CELLBATCH-001945,Firmware Rolled Back,2023-09-16T11:14:00Z,sat_service_status,sat_service_status:BV-CELLBATCH-001945:0002,USR-076,"[""BV-CELLBATCH-001945"",""BV-RECYCLINGORDER-000445""]"
CELLBATCH-001945,Second-Life Assessment Failed,2023-09-16T11:51:00Z,sat_recall_status,sat_recall_status:BV-CELLBATCH-001945:0002,USR-092,"[""BV-CELLBATCH-001945"",""BV-SECONDLIFESYSTEM-000445"",""BV-BATTERYPASSPORT-001945""]"
CELLBATCH-002050,Battery Pack Failed Test,2023-09-16T12:44:00Z,sat_shipment_status,sat_shipment_status:BV-CELLBATCH-002050:0001,USR-061,"[""BV-CELLBATCH-002050"",""BV-WARRANTYCLAIM-000050"",""BV-CERTIFICATE-000050""]"
CELLBATCH-001975,Second-Life Assessment Failed,2023-09-16T15:07:00Z,sat_recall_status,sat_recall_status:BV-CELLBATCH-001975:0002,USR-094,"[""BV-CELLBATCH-001975"",""BV-SECONDLIFESYSTEM-000475""]"
CELLBATCH-002052,Battery Pack Failed Test,2023-09-16T18:46:00Z,sat_shipment_status,sat_shipment_status:BV-CELLBATCH-002052:0001,USR-095,"[""BV-CELLBATCH-002052"",""BV-WARRANTYCLAIM-000052"",""BV-CERTIFICATE-000052""]"
CELLBATCH-002054,Battery Pack Failed Test,2023-09-17T00:48:00Z,sat_shipment_status,sat_shipment_status:BV-CELLBATCH-002054:0001,USR-002,"[""BV-CELLBATCH-002054"",""BV-WARRANTYCLAIM-000054"",""BV-CERTIFICATE-000054""]"
CELLBATCH-001950,Battery Pack Failed Test,2023-09-17T01:00:00Z,sat_shipment_status,sat_shipment_status:BV-CELLBATCH-001950:0002,USR-012,"[""BV-CELLBATCH-001950"",""BV-WARRANTYCLAIM-000450"",""BV-CERTIFICATE-000450""]"
CELLBATCH-001950,Firmware Installation Failed,2023-09-17T01:37:00Z,sat_diagnostic_result,sat_diagnostic_result:BV-CELLBATCH-001950:0002,USR-033,"[""BV-CELLBATCH-001950"",""BV-SECONDLIFESYSTEM-000450""]"
CELLBATCH-001950,Firmware Rolled Back,2023-09-17T02:14:00Z,sat_service_status,sat_service_status:BV-CELLBATCH-001950:0002,USR-034,"[""BV-CELLBATCH-001950"",""BV-RECYCLINGORDER-000450"",""BV-VEHICLE-000450""]"
CELLBATCH-001950,Second-Life Assessment Failed,2023-09-17T02:51:00Z,sat_recall_status,sat_recall_status:BV-CELLBATCH-001950:0002,USR-050,"[""BV-CELLBATCH-001950"",""BV-SECONDLIFESYSTEM-000450""]"
CELLBATCH-002011,Firmware Rolled Back,2023-09-17T03:27:00Z,sat_service_status,sat_service_status:BV-CELLBATCH-002011:0002,USR-055,"[""BV-CELLBATCH-002011"",""BV-RECYCLINGORDER-000011"",""BV-VEHICLE-000011""]"
CELLBATCH-002056,Battery Pack Failed Test,2023-09-17T06:50:00Z,sat_shipment_status,sat_shipment_status:BV-CELLBATCH-002056:0001,USR-036,"[""BV-CELLBATCH-002056"",""BV-WARRANTYCLAIM-000056"",""BV-CERTIFICATE-000056""]"
CELLBATCH-002058,Battery Pack Failed Test,2023-09-17T12:52:00Z,sat_shipment_status,sat_shipment_status:BV-CELLBATCH-002058:0001,USR-070,"[""BV-CELLBATCH-002058"",""BV-WARRANTYCLAIM-000058"",""BV-CERTIFICATE-000058""]"
CELLBATCH-001955,Battery Pack Failed Test,2023-09-17T16:00:00Z,sat_shipment_status,sat_shipment_status:BV-CELLBATCH-001955:0001,USR-097,"[""BV-CELLBATCH-001955"",""BV-WARRANTYCLAIM-000455""]"
CELLBATCH-001955,Firmware Installation Failed,2023-09-17T16:37:00Z,sat_diagnostic_result,sat_diagnostic_result:BV-CELLBATCH-001955:0002,USR-118,"[""BV-CELLBATCH-001955"",""BV-SECONDLIFESYSTEM-000455""]"
CELLBATCH-001955,Firmware Rolled Back,2023-09-17T17:14:00Z,sat_service_status,sat_service_status:BV-CELLBATCH-001955:0003,USR-119,"[""BV-CELLBATCH-001955"",""BV-RECYCLINGORDER-000455"",""BV-VEHICLE-000455""]"
CELLBATCH-001955,Second-Life Assessment Failed,2023-09-17T17:51:00Z,sat_recall_status,sat_recall_status:BV-CELLBATCH-001955:0002,USR-008,"[""BV-CELLBATCH-001955"",""BV-SECONDLIFESYSTEM-000455""]"
CELLBATCH-002060,Battery Pack Failed Test,2023-09-17T18:01:00Z,sat_shipment_status,sat_shipment_status:BV-CELLBATCH-002060:0001,USR-104,"[""BV-CELLBATCH-002060"",""BV-WARRANTYCLAIM-000060""]"
CELLBATCH-002062,Battery Pack Failed Test,2023-09-18T00:03:00Z,sat_shipment_status,sat_shipment_status:BV-CELLBATCH-002062:0001,USR-011,"[""BV-CELLBATCH-002062"",""BV-WARRANTYCLAIM-000062""]"
CELLBATCH-002018,Firmware Rolled Back,2023-09-18T00:34:00Z,sat_service_status,sat_service_status:BV-CELLBATCH-002018:0002,USR-047,"[""BV-CELLBATCH-002018"",""BV-RECYCLINGORDER-000018"",""BV-VEHICLE-000018""]"
CELLBATCH-002064,Battery Pack Failed Test,2023-09-18T06:05:00Z,sat_shipment_status,sat_shipment_status:BV-CELLBATCH-002064:0001,USR-045,"[""BV-CELLBATCH-002064"",""BV-WARRANTYCLAIM-000064"",""BV-CERTIFICATE-000064""]"
CELLBATCH-001960,Battery Pack Failed Test,2023-09-18T07:00:00Z,sat_shipment_status,sat_shipment_status:BV-CELLBATCH-001960:0003,USR-055,"[""BV-CELLBATCH-001960"",""BV-WARRANTYCLAIM-000460""]"
CELLBATCH-001960,Firmware Installation Failed,2023-09-18T07:37:00Z,sat_diagnostic_result,sat_diagnostic_result:BV-CELLBATCH-001960:0002,USR-076,"[""BV-CELLBATCH-001960"",""BV-SECONDLIFESYSTEM-000460""]"
CELLBATCH-001960,Firmware Rolled Back,2023-09-18T08:14:00Z,sat_service_status,sat_service_status:BV-CELLBATCH-001960:0002,USR-077,"[""BV-CELLBATCH-001960"",""BV-RECYCLINGORDER-000460"",""BV-VEHICLE-000460""]"
CELLBATCH-001960,Second-Life Assessment Failed,2023-09-18T08:51:00Z,sat_recall_status,sat_recall_status:BV-CELLBATCH-001960:0002,USR-093,"[""BV-CELLBATCH-001960"",""BV-SECONDLIFESYSTEM-000460""]"
CELLBATCH-002066,Battery Pack Failed Test,2023-09-18T12:07:00Z,sat_shipment_status,sat_shipment_status:BV-CELLBATCH-002066:0001,USR-079,"[""BV-CELLBATCH-002066"",""BV-WARRANTYCLAIM-000066""]"
CELLBATCH-002068,Battery Pack Failed Test,2023-09-18T18:09:00Z,sat_shipment_status,sat_shipment_status:BV-CELLBATCH-002068:0001,USR-113,"[""BV-CELLBATCH-002068"",""BV-WARRANTYCLAIM-000068"",""BV-CERTIFICATE-000068""]"
CELLBATCH-002025,Firmware Rolled Back,2023-09-18T21:41:00Z,sat_service_status,sat_service_status:BV-CELLBATCH-002025:0002,USR-039,"[""BV-CELLBATCH-002025"",""BV-RECYCLINGORDER-000025""]"
CELLBATCH-001965,Battery Pack Failed Test,2023-09-18T22:00:00Z,sat_shipment_status,sat_shipment_status:BV-CELLBATCH-001965:0001,USR-013,"[""BV-CELLBATCH-001965"",""BV-WARRANTYCLAIM-000465""]"
CELLBATCH-001965,Firmware Installation Failed,2023-09-18T22:37:00Z,sat_diagnostic_result,sat_diagnostic_result:BV-CELLBATCH-001965:0002,USR-034,"[""BV-CELLBATCH-001965"",""BV-SECONDLIFESYSTEM-000465"",""BV-BATTERYPASSPORT-001965""]"
CELLBATCH-001965,Firmware Rolled Back,2023-09-18T23:14:00Z,sat_service_status,sat_service_status:BV-CELLBATCH-001965:0002,USR-035,"[""BV-CELLBATCH-001965"",""BV-RECYCLINGORDER-000465""]"
CELLBATCH-001965,Second-Life Assessment Failed,2023-09-18T23:51:00Z,sat_recall_status,sat_recall_status:BV-CELLBATCH-001965:0002,USR-051,"[""BV-CELLBATCH-001965"",""BV-SECONDLIFESYSTEM-000465"",""BV-BATTERYPASSPORT-001965""]"
CELLBATCH-002070,Battery Pack Failed Test,2023-09-19T00:11:00Z,sat_shipment_status,sat_shipment_status:BV-CELLBATCH-002070:0001,USR-020,"[""BV-CELLBATCH-002070"",""BV-WARRANTYCLAIM-000070"",""BV-CERTIFICATE-000070""]"
CELLBATCH-002028,Firmware Installation Failed,2023-09-19T00:43:00Z,sat_diagnostic_result,sat_diagnostic_result:BV-CELLBATCH-002028:0002,USR-089,"[""BV-CELLBATCH-002028"",""BV-SECONDLIFESYSTEM-000028""]"
CELLBATCH-002072,Battery Pack Failed Test,2023-09-19T06:13:00Z,sat_shipment_status,sat_shipment_status:BV-CELLBATCH-002072:0001,USR-054,"[""BV-CELLBATCH-002072"",""BV-WARRANTYCLAIM-000072""]"
CELLBATCH-002074,Battery Pack Failed Test,2023-09-19T12:15:00Z,sat_shipment_status,sat_shipment_status:BV-CELLBATCH-002074:0001,USR-088,"[""BV-CELLBATCH-002074"",""BV-WARRANTYCLAIM-000074""]"
CELLBATCH-001970,Battery Pack Failed Test,2023-09-19T13:00:00Z,sat_shipment_status,sat_shipment_status:BV-CELLBATCH-001970:0002,USR-098,"[""BV-CELLBATCH-001970"",""BV-WARRANTYCLAIM-000470"",""BV-CERTIFICATE-000470""]"
CELLBATCH-001970,Firmware Installation Failed,2023-09-19T13:37:00Z,sat_diagnostic_result,sat_diagnostic_result:BV-CELLBATCH-001970:0003,USR-119,"[""BV-CELLBATCH-001970"",""BV-SECONDLIFESYSTEM-000470""]"
CELLBATCH-001970,Firmware Rolled Back,2023-09-19T14:14:00Z,sat_service_status,sat_service_status:BV-CELLBATCH-001970:0002,USR-120,"[""BV-CELLBATCH-001970"",""BV-RECYCLINGORDER-000470""]"
CELLBATCH-001970,Second-Life Assessment Failed,2023-09-19T14:51:00Z,sat_recall_status,sat_recall_status:BV-CELLBATCH-001970:0001,USR-009,"[""BV-CELLBATCH-001970"",""BV-SECONDLIFESYSTEM-000470"",""BV-BATTERYPASSPORT-001970""]"
CELLBATCH-002076,Battery Pack Failed Test,2023-09-19T18:17:00Z,sat_shipment_status,sat_shipment_status:BV-CELLBATCH-002076:0001,USR-122,"[""BV-CELLBATCH-002076"",""BV-WARRANTYCLAIM-000076""]"
CELLBATCH-002032,Firmware Rolled Back,2023-09-19T18:48:00Z,sat_service_status,sat_service_status:BV-CELLBATCH-002032:0002,USR-031,"[""BV-CELLBATCH-002032"",""BV-RECYCLINGORDER-000032"",""BV-VEHICLE-000032""]"
CELLBATCH-002078,Battery Pack Failed Test,2023-09-20T00:19:00Z,sat_shipment_status,sat_shipment_status:BV-CELLBATCH-002078:0001,USR-029,"[""BV-CELLBATCH-002078"",""BV-WARRANTYCLAIM-000078"",""BV-CERTIFICATE-000078""]"
CELLBATCH-001975,Battery Pack Failed Test,2023-09-20T04:00:00Z,sat_shipment_status,sat_shipment_status:BV-CELLBATCH-001975:0001,USR-056,"[""BV-CELLBATCH-001975"",""BV-WARRANTYCLAIM-000475"",""BV-CERTIFICATE-000475""]"
CELLBATCH-001975,Firmware Installation Failed,2023-09-20T04:37:00Z,sat_diagnostic_result,sat_diagnostic_result:BV-CELLBATCH-001975:0002,USR-077,"[""BV-CELLBATCH-001975"",""BV-SECONDLIFESYSTEM-000475""]"
CELLBATCH-001975,Firmware Rolled Back,2023-09-20T05:14:00Z,sat_service_status,sat_service_status:BV-CELLBATCH-001975:0002,USR-078,"[""BV-CELLBATCH-001975"",""BV-RECYCLINGORDER-000475"",""BV-VEHICLE-000475""]"
CELLBATCH-001975,Second-Life Assessment Failed,2023-09-20T05:51:00Z,sat_recall_status,sat_recall_status:BV-CELLBATCH-001975:0003,USR-094,"[""BV-CELLBATCH-001975"",""BV-SECONDLIFESYSTEM-000475""]"
CELLBATCH-002080,Battery Pack Failed Test,2023-09-20T06:21:00Z,sat_shipment_status,sat_shipment_status:BV-CELLBATCH-002080:0001,USR-063,"[""BV-CELLBATCH-002080"",""BV-WARRANTYCLAIM-000080"",""BV-CERTIFICATE-000080""]"
CELLBATCH-002082,Battery Pack Failed Test,2023-09-20T12:23:00Z,sat_shipment_status,sat_shipment_status:BV-CELLBATCH-002082:0001,USR-097,"[""BV-CELLBATCH-002082"",""BV-WARRANTYCLAIM-000082"",""BV-CERTIFICATE-000082""]"
CELLBATCH-002006,Second-Life Assessment Failed,2023-09-20T12:38:00Z,sat_recall_status,sat_recall_status:BV-CELLBATCH-002006:0001,USR-113,"[""BV-CELLBATCH-002006"",""BV-SECONDLIFESYSTEM-000006"",""BV-BATTERYPASSPORT-002006""]"
CELLBATCH-002039,Firmware Rolled Back,2023-09-20T15:02:00Z,sat_service_status,sat_service_status:BV-CELLBATCH-002039:0002,USR-023,"[""BV-CELLBATCH-002039"",""BV-RECYCLINGORDER-000039""]"
CELLBATCH-002084,Battery Pack Failed Test,2023-09-20T18:25:00Z,sat_shipment_status,sat_shipment_status:BV-CELLBATCH-002084:0001,USR-004,"[""BV-CELLBATCH-002084"",""BV-WARRANTYCLAIM-000084"",""BV-CERTIFICATE-000084""]"
CELLBATCH-001980,Battery Pack Failed Test,2023-09-20T19:00:00Z,sat_shipment_status,sat_shipment_status:BV-CELLBATCH-001980:0002,USR-014,"[""BV-CELLBATCH-001980"",""BV-WARRANTYCLAIM-000480"",""BV-CERTIFICATE-000480""]"
CELLBATCH-001980,Firmware Installation Failed,2023-09-20T19:37:00Z,sat_diagnostic_result,sat_diagnostic_result:BV-CELLBATCH-001980:0002,USR-035,"[""BV-CELLBATCH-001980"",""BV-SECONDLIFESYSTEM-000480""]"
CELLBATCH-001980,Firmware Rolled Back,2023-09-20T20:14:00Z,sat_service_status,sat_service_status:BV-CELLBATCH-001980:0002,USR-036,"[""BV-CELLBATCH-001980"",""BV-RECYCLINGORDER-000480"",""BV-VEHICLE-000480""]"
CELLBATCH-001980,Second-Life Assessment Failed,2023-09-20T20:51:00Z,sat_recall_status,sat_recall_status:BV-CELLBATCH-001980:0001,USR-052,"[""BV-CELLBATCH-001980"",""BV-SECONDLIFESYSTEM-000480""]"
CELLBATCH-002086,Battery Pack Failed Test,2023-09-21T00:27:00Z,sat_shipment_status,sat_shipment_status:BV-CELLBATCH-002086:0001,USR-038,"[""BV-CELLBATCH-002086"",""BV-WARRANTYCLAIM-000086"",""BV-CERTIFICATE-000086""]"
CELLBATCH-002088,Battery Pack Failed Test,2023-09-21T06:29:00Z,sat_shipment_status,sat_shipment_status:BV-CELLBATCH-002088:0001,USR-072,"[""BV-CELLBATCH-002088"",""BV-WARRANTYCLAIM-000088"",""BV-CERTIFICATE-000088""]"
CELLBATCH-001985,Battery Pack Failed Test,2023-09-21T10:00:00Z,sat_shipment_status,sat_shipment_status:BV-CELLBATCH-001985:0001,USR-099,"[""BV-CELLBATCH-001985"",""BV-WARRANTYCLAIM-000485""]"
CELLBATCH-001985,Firmware Installation Failed,2023-09-21T10:37:00Z,sat_diagnostic_result,sat_diagnostic_result:BV-CELLBATCH-001985:0002,USR-120,"[""BV-CELLBATCH-001985"",""BV-SECONDLIFESYSTEM-000485""]"
CELLBATCH-001985,Firmware Rolled Back,2023-09-21T11:14:00Z,sat_service_status,sat_service_status:BV-CELLBATCH-001985:0002,USR-121,"[""BV-CELLBATCH-001985"",""BV-RECYCLINGORDER-000485"",""BV-VEHICLE-000485""]"
CELLBATCH-001985,Second-Life Assessment Failed,2023-09-21T11:51:00Z,sat_recall_status,sat_recall_status:BV-CELLBATCH-001985:0003,USR-010,"[""BV-CELLBATCH-001985"",""BV-SECONDLIFESYSTEM-000485""]"
CELLBATCH-002046,Firmware Rolled Back,2023-09-21T12:09:00Z,sat_service_status,sat_service_status:BV-CELLBATCH-002046:0002,USR-015,"[""BV-CELLBATCH-002046"",""BV-RECYCLINGORDER-000046"",""BV-VEHICLE-000046""]"
CELLBATCH-002090,Battery Pack Failed Test,2023-09-21T12:31:00Z,sat_shipment_status,sat_shipment_status:BV-CELLBATCH-002090:0001,USR-106,"[""BV-CELLBATCH-002090"",""BV-WARRANTYCLAIM-000090"",""BV-CERTIFICATE-000090""]"
CELLBATCH-002092,Battery Pack Failed Test,2023-09-21T18:33:00Z,sat_shipment_status,sat_shipment_status:BV-CELLBATCH-002092:0001,USR-013,"[""BV-CELLBATCH-002092"",""BV-WARRANTYCLAIM-000092"",""BV-CERTIFICATE-000092""]"
CELLBATCH-002094,Battery Pack Failed Test,2023-09-22T00:35:00Z,sat_shipment_status,sat_shipment_status:BV-CELLBATCH-002094:0001,USR-047,"[""BV-CELLBATCH-002094"",""BV-WARRANTYCLAIM-000094""]"
CELLBATCH-001990,Battery Pack Failed Test,2023-09-22T01:00:00Z,sat_shipment_status,sat_shipment_status:BV-CELLBATCH-001990:0003,USR-057,"[""BV-CELLBATCH-001990"",""BV-WARRANTYCLAIM-000490""]"
CELLBATCH-001990,Firmware Installation Failed,2023-09-22T01:37:00Z,sat_diagnostic_result,sat_diagnostic_result:BV-CELLBATCH-001990:0002,USR-078,"[""BV-CELLBATCH-001990"",""BV-SECONDLIFESYSTEM-000490"",""BV-BATTERYPASSPORT-001990""]"
CELLBATCH-001990,Firmware Rolled Back,2023-09-22T02:14:00Z,sat_service_status,sat_service_status:BV-CELLBATCH-001990:0003,USR-079,"[""BV-CELLBATCH-001990"",""BV-RECYCLINGORDER-000490""]"
CELLBATCH-001990,Second-Life Assessment Failed,2023-09-22T02:51:00Z,sat_recall_status,sat_recall_status:BV-CELLBATCH-001990:0001,USR-095,"[""BV-CELLBATCH-001990"",""BV-SECONDLIFESYSTEM-000490"",""BV-BATTERYPASSPORT-001990""]"
CELLBATCH-002096,Battery Pack Failed Test,2023-09-22T06:37:00Z,sat_shipment_status,sat_shipment_status:BV-CELLBATCH-002096:0001,USR-081,"[""BV-CELLBATCH-002096"",""BV-WARRANTYCLAIM-000096""]"
CELLBATCH-002053,Firmware Rolled Back,2023-09-22T09:16:00Z,sat_service_status,sat_service_status:BV-CELLBATCH-002053:0002,USR-007,"[""BV-CELLBATCH-002053"",""BV-RECYCLINGORDER-000053""]"
CELLBATCH-002098,Battery Pack Failed Test,2023-09-22T12:39:00Z,sat_shipment_status,sat_shipment_status:BV-CELLBATCH-002098:0001,USR-115,"[""BV-CELLBATCH-002098"",""BV-WARRANTYCLAIM-000098"",""BV-CERTIFICATE-000098""]"
CELLBATCH-001995,Battery Pack Failed Test,2023-09-22T16:00:00Z,sat_shipment_status,sat_shipment_status:BV-CELLBATCH-001995:0002,USR-015,"[""BV-CELLBATCH-001995"",""BV-WARRANTYCLAIM-000495""]"
CELLBATCH-001995,Firmware Installation Failed,2023-09-22T16:37:00Z,sat_diagnostic_result,sat_diagnostic_result:BV-CELLBATCH-001995:0002,USR-036,"[""BV-CELLBATCH-001995"",""BV-SECONDLIFESYSTEM-000495"",""BV-BATTERYPASSPORT-001995""]"
CELLBATCH-001995,Firmware Rolled Back,2023-09-22T17:14:00Z,sat_service_status,sat_service_status:BV-CELLBATCH-001995:0002,USR-037,"[""BV-CELLBATCH-001995"",""BV-RECYCLINGORDER-000495""]"
CELLBATCH-001995,Second-Life Assessment Failed,2023-09-22T17:51:00Z,sat_recall_status,sat_recall_status:BV-CELLBATCH-001995:0002,USR-053,"[""BV-CELLBATCH-001995"",""BV-SECONDLIFESYSTEM-000495"",""BV-BATTERYPASSPORT-001995""]"
CELLBATCH-002100,Battery Pack Failed Test,2023-09-22T18:41:00Z,sat_shipment_status,sat_shipment_status:BV-CELLBATCH-002100:0001,USR-022,"[""BV-CELLBATCH-002100"",""BV-WARRANTYCLAIM-000100"",""BV-CERTIFICATE-000100""]"
CELLBATCH-002102,Battery Pack Failed Test,2023-09-23T00:43:00Z,sat_shipment_status,sat_shipment_status:BV-CELLBATCH-002102:0001,USR-056,"[""BV-CELLBATCH-002102"",""BV-WARRANTYCLAIM-000102""]"
CELLBATCH-002060,Firmware Rolled Back,2023-09-23T06:23:00Z,sat_service_status,sat_service_status:BV-CELLBATCH-002060:0002,USR-126,"[""BV-CELLBATCH-002060"",""BV-RECYCLINGORDER-000060""]"
CELLBATCH-002104,Battery Pack Failed Test,2023-09-23T06:45:00Z,sat_shipment_status,sat_shipment_status:BV-CELLBATCH-002104:0001,USR-090,"[""BV-CELLBATCH-002104"",""BV-WARRANTYCLAIM-000104"",""BV-CERTIFICATE-000104""]"
CELLBATCH-002000,Battery Pack Failed Test,2023-09-23T07:00:00Z,sat_shipment_status,sat_shipment_status:BV-CELLBATCH-002000:0002,USR-100,"[""BV-CELLBATCH-002000"",""BV-WARRANTYCLAIM-000500""]"
CELLBATCH-002000,Firmware Installation Failed,2023-09-23T07:37:00Z,sat_diagnostic_result,sat_diagnostic_result:BV-CELLBATCH-002000:0002,USR-121,"[""BV-CELLBATCH-002000"",""BV-SECONDLIFESYSTEM-000500"",""BV-BATTERYPASSPORT-002000""]"
CELLBATCH-002000,Firmware Rolled Back,2023-09-23T08:14:00Z,sat_service_status,sat_service_status:BV-CELLBATCH-002000:0002,USR-122,"[""BV-CELLBATCH-002000"",""BV-RECYCLINGORDER-000500""]"
CELLBATCH-002000,Second-Life Assessment Failed,2023-09-23T08:51:00Z,sat_recall_status,sat_recall_status:BV-CELLBATCH-002000:0001,USR-011,"[""BV-CELLBATCH-002000"",""BV-SECONDLIFESYSTEM-000500"",""BV-BATTERYPASSPORT-002000""]"
CELLBATCH-002106,Battery Pack Failed Test,2023-09-23T12:47:00Z,sat_shipment_status,sat_shipment_status:BV-CELLBATCH-002106:0001,USR-124,"[""BV-CELLBATCH-002106"",""BV-WARRANTYCLAIM-000106""]"
CELLBATCH-002065,Firmware Installation Failed,2023-09-23T15:27:00Z,sat_diagnostic_result,sat_diagnostic_result:BV-CELLBATCH-002065:0002,USR-083,"[""BV-CELLBATCH-002065"",""BV-SECONDLIFESYSTEM-000065"",""BV-BATTERYPASSPORT-002065""]"
CELLBATCH-002108,Battery Pack Failed Test,2023-09-23T18:49:00Z,sat_shipment_status,sat_shipment_status:BV-CELLBATCH-002108:0001,USR-031,"[""BV-CELLBATCH-002108"",""BV-WARRANTYCLAIM-000108""]"
CELLBATCH-002005,Battery Pack Failed Test,2023-09-23T22:00:00Z,sat_shipment_status,sat_shipment_status:BV-CELLBATCH-002005:0001,USR-058,"[""BV-CELLBATCH-002005"",""BV-WARRANTYCLAIM-000005"",""BV-CERTIFICATE-000005""]"
CELLBATCH-002005,Firmware Installation Failed,2023-09-23T22:37:00Z,sat_diagnostic_result,sat_diagnostic_result:BV-CELLBATCH-002005:0002,USR-079,"[""BV-CELLBATCH-002005"",""BV-SECONDLIFESYSTEM-000005""]"
CELLBATCH-002005,Firmware Rolled Back,2023-09-23T23:14:00Z,sat_service_status,sat_service_status:BV-CELLBATCH-002005:0002,USR-080,"[""BV-CELLBATCH-002005"",""BV-RECYCLINGORDER-000005""]"
CELLBATCH-002005,Second-Life Assessment Failed,2023-09-23T23:51:00Z,sat_recall_status,sat_recall_status:BV-CELLBATCH-002005:0002,USR-096,"[""BV-CELLBATCH-002005"",""BV-SECONDLIFESYSTEM-000005"",""BV-BATTERYPASSPORT-002005""]"
CELLBATCH-002110,Battery Pack Failed Test,2023-09-24T00:51:00Z,sat_shipment_status,sat_shipment_status:BV-CELLBATCH-002110:0001,USR-065,"[""BV-CELLBATCH-002110"",""BV-WARRANTYCLAIM-000110""]"
CELLBATCH-002067,Firmware Rolled Back,2023-09-24T03:30:00Z,sat_service_status,sat_service_status:BV-CELLBATCH-002067:0002,USR-118,"[""BV-CELLBATCH-002067"",""BV-RECYCLINGORDER-000067"",""BV-VEHICLE-000067""]"
CELLBATCH-002112,Battery Pack Failed Test,2023-09-24T06:00:00Z,sat_shipment_status,sat_shipment_status:BV-CELLBATCH-002112:0001,USR-099,"[""BV-CELLBATCH-002112"",""BV-WARRANTYCLAIM-000112""]"
CELLBATCH-002037,Second-Life Assessment Failed,2023-09-24T09:16:00Z,sat_recall_status,sat_recall_status:BV-CELLBATCH-002037:0002,USR-005,"[""BV-CELLBATCH-002037"",""BV-SECONDLIFESYSTEM-000037""]"
CELLBATCH-002114,Battery Pack Failed Test,2023-09-24T12:02:00Z,sat_shipment_status,sat_shipment_status:BV-CELLBATCH-002114:0001,USR-006,"[""BV-CELLBATCH-002114"",""BV-WARRANTYCLAIM-000114""]"
CELLBATCH-002010,Battery Pack Failed Test,2023-09-24T13:00:00Z,sat_shipment_status,sat_shipment_status:BV-CELLBATCH-002010:0002,USR-016,"[""BV-CELLBATCH-002010"",""BV-WARRANTYCLAIM-000010"",""BV-CERTIFICATE-000010""]"
CELLBATCH-002010,Firmware Installation Failed,2023-09-24T13:37:00Z,sat_diagnostic_result,sat_diagnostic_result:BV-CELLBATCH-002010:0002,USR-037,"[""BV-CELLBATCH-002010"",""BV-SECONDLIFESYSTEM-000010""]"
CELLBATCH-002010,Firmware Rolled Back,2023-09-24T14:14:00Z,sat_service_status,sat_service_status:BV-CELLBATCH-002010:0004,USR-038,"[""BV-CELLBATCH-002010"",""BV-RECYCLINGORDER-000010"",""BV-VEHICLE-000010""]"
CELLBATCH-002010,Second-Life Assessment Failed,2023-09-24T14:51:00Z,sat_recall_status,sat_recall_status:BV-CELLBATCH-002010:0001,USR-054,"[""BV-CELLBATCH-002010"",""BV-SECONDLIFESYSTEM-000010""]"
CELLBATCH-002116,Battery Pack Failed Test,2023-09-24T18:04:00Z,sat_shipment_status,sat_shipment_status:BV-CELLBATCH-002116:0001,USR-040,"[""BV-CELLBATCH-002116"",""BV-WARRANTYCLAIM-000116""]"
CELLBATCH-002118,Battery Pack Failed Test,2023-09-25T00:06:00Z,sat_shipment_status,sat_shipment_status:BV-CELLBATCH-002118:0001,USR-074,"[""BV-CELLBATCH-002118"",""BV-WARRANTYCLAIM-000118""]"
CELLBATCH-002074,Firmware Rolled Back,2023-09-25T00:37:00Z,sat_service_status,sat_service_status:BV-CELLBATCH-002074:0002,USR-110,"[""BV-CELLBATCH-002074"",""BV-RECYCLINGORDER-000074"",""BV-VEHICLE-000074""]"
CELLBATCH-002015,Battery Pack Failed Test,2023-09-25T04:00:00Z,sat_shipment_status,sat_shipment_status:BV-CELLBATCH-002015:0001,USR-101,"[""BV-CELLBATCH-002015"",""BV-WARRANTYCLAIM-000015"",""BV-CERTIFICATE-000015""]"
CELLBATCH-002015,Firmware Installation Failed,2023-09-25T04:37:00Z,sat_diagnostic_result,sat_diagnostic_result:BV-CELLBATCH-002015:0002,USR-122,"[""BV-CELLBATCH-002015"",""BV-SECONDLIFESYSTEM-000015""]"
CELLBATCH-002015,Firmware Rolled Back,2023-09-25T05:14:00Z,sat_service_status,sat_service_status:BV-CELLBATCH-002015:0002,USR-123,"[""BV-CELLBATCH-002015"",""BV-RECYCLINGORDER-000015"",""BV-VEHICLE-000015""]"
CELLBATCH-002015,Second-Life Assessment Failed,2023-09-25T05:51:00Z,sat_recall_status,sat_recall_status:BV-CELLBATCH-002015:0003,USR-012,"[""BV-CELLBATCH-002015"",""BV-SECONDLIFESYSTEM-000015""]"
CELLBATCH-002120,Battery Pack Failed Test,2023-09-25T06:08:00Z,sat_shipment_status,sat_shipment_status:BV-CELLBATCH-002120:0001,USR-108,"[""BV-CELLBATCH-002120"",""BV-WARRANTYCLAIM-000120""]"
CELLBATCH-002122,Battery Pack Failed Test,2023-09-25T12:10:00Z,sat_shipment_status,sat_shipment_status:BV-CELLBATCH-002122:0001,USR-015,"[""BV-CELLBATCH-002122"",""BV-WARRANTYCLAIM-000122"",""BV-CERTIFICATE-000122""]"
CELLBATCH-002124,Battery Pack Failed Test,2023-09-25T18:12:00Z,sat_shipment_status,sat_shipment_status:BV-CELLBATCH-002124:0001,USR-049,"[""BV-CELLBATCH-002124"",""BV-WARRANTYCLAIM-000124"",""BV-CERTIFICATE-000124""]"
CELLBATCH-002020,Battery Pack Failed Test,2023-09-25T19:00:00Z,sat_shipment_status,sat_shipment_status:BV-CELLBATCH-002020:0002,USR-059,"[""BV-CELLBATCH-002020"",""BV-WARRANTYCLAIM-000020"",""BV-CERTIFICATE-000020""]"
CELLBATCH-002020,Firmware Installation Failed,2023-09-25T19:37:00Z,sat_diagnostic_result,sat_diagnostic_result:BV-CELLBATCH-002020:0002,USR-080,"[""BV-CELLBATCH-002020"",""BV-SECONDLIFESYSTEM-000020""]"
CELLBATCH-002020,Firmware Rolled Back,2023-09-25T20:14:00Z,sat_service_status,sat_service_status:BV-CELLBATCH-002020:0002,USR-081,"[""BV-CELLBATCH-002020"",""BV-RECYCLINGORDER-000020"",""BV-VEHICLE-000020""]"
CELLBATCH-002020,Second-Life Assessment Failed,2023-09-25T20:51:00Z,sat_recall_status,sat_recall_status:BV-CELLBATCH-002020:0001,USR-097,"[""BV-CELLBATCH-002020"",""BV-SECONDLIFESYSTEM-000020""]"
CELLBATCH-002081,Firmware Rolled Back,2023-09-25T21:44:00Z,sat_service_status,sat_service_status:BV-CELLBATCH-002081:0002,USR-102,"[""BV-CELLBATCH-002081"",""BV-RECYCLINGORDER-000081"",""BV-VEHICLE-000081""]"
CELLBATCH-002126,Battery Pack Failed Test,2023-09-26T00:14:00Z,sat_shipment_status,sat_shipment_status:BV-CELLBATCH-002126:0001,USR-083,"[""BV-CELLBATCH-002126"",""BV-WARRANTYCLAIM-000126""]"
CELLBATCH-002128,Battery Pack Failed Test,2023-09-26T06:16:00Z,sat_shipment_status,sat_shipment_status:BV-CELLBATCH-002128:0001,USR-117,"[""BV-CELLBATCH-002128"",""BV-WARRANTYCLAIM-000128"",""BV-CERTIFICATE-000128""]"
CELLBATCH-002025,Battery Pack Failed Test,2023-09-26T10:00:00Z,sat_shipment_status,sat_shipment_status:BV-CELLBATCH-002025:0001,USR-017,"[""BV-CELLBATCH-002025"",""BV-WARRANTYCLAIM-000025""]"
CELLBATCH-002025,Firmware Installation Failed,2023-09-26T10:37:00Z,sat_diagnostic_result,sat_diagnostic_result:BV-CELLBATCH-002025:0002,USR-038,"[""BV-CELLBATCH-002025"",""BV-SECONDLIFESYSTEM-000025""]"
CELLBATCH-002025,Firmware Rolled Back,2023-09-26T11:14:00Z,sat_service_status,sat_service_status:BV-CELLBATCH-002025:0004,USR-039,"[""BV-CELLBATCH-002025"",""BV-RECYCLINGORDER-000025"",""BV-VEHICLE-000025""]"
CELLBATCH-002025,Second-Life Assessment Failed,2023-09-26T11:51:00Z,sat_recall_status,sat_recall_status:BV-CELLBATCH-002025:0002,USR-055,"[""BV-CELLBATCH-002025"",""BV-SECONDLIFESYSTEM-000025""]"
CELLBATCH-002130,Battery Pack Failed Test,2023-09-26T12:18:00Z,sat_shipment_status,sat_shipment_status:BV-CELLBATCH-002130:0001,USR-024,"[""BV-CELLBATCH-002130"",""BV-WARRANTYCLAIM-000130""]"
CELLBATCH-002132,Battery Pack Failed Test,2023-09-26T18:20:00Z,sat_shipment_status,sat_shipment_status:BV-CELLBATCH-002132:0001,USR-058,"[""BV-CELLBATCH-002132"",""BV-WARRANTYCLAIM-000132""]"
CELLBATCH-002088,Firmware Rolled Back,2023-09-26T18:51:00Z,sat_service_status,sat_service_status:BV-CELLBATCH-002088:0002,USR-094,"[""BV-CELLBATCH-002088"",""BV-RECYCLINGORDER-000088"",""BV-VEHICLE-000088""]"
CELLBATCH-002134,Battery Pack Failed Test,2023-09-27T00:22:00Z,sat_shipment_status,sat_shipment_status:BV-CELLBATCH-002134:0001,USR-092,"[""BV-CELLBATCH-002134"",""BV-WARRANTYCLAIM-000134"",""BV-CERTIFICATE-000134""]"
CELLBATCH-002030,Battery Pack Failed Test,2023-09-27T01:00:00Z,sat_shipment_status,sat_shipment_status:BV-CELLBATCH-002030:0003,USR-102,"[""BV-CELLBATCH-002030"",""BV-WARRANTYCLAIM-000030"",""BV-CERTIFICATE-000030""]"
CELLBATCH-002030,Firmware Installation Failed,2023-09-27T01:37:00Z,sat_diagnostic_result,sat_diagnostic_result:BV-CELLBATCH-002030:0002,USR-123,"[""BV-CELLBATCH-002030"",""BV-SECONDLIFESYSTEM-000030""]"
CELLBATCH-002030,Firmware Rolled Back,2023-09-27T02:14:00Z,sat_service_status,sat_service_status:BV-CELLBATCH-002030:0002,USR-124,"[""BV-CELLBATCH-002030"",""BV-RECYCLINGORDER-000030"",""BV-VEHICLE-000030""]"
CELLBATCH-002030,Second-Life Assessment Failed,2023-09-27T02:51:00Z,sat_recall_status,sat_recall_status:BV-CELLBATCH-002030:0001,USR-013,"[""BV-CELLBATCH-002030"",""BV-SECONDLIFESYSTEM-000030""]"
CELLBATCH-002136,Battery Pack Failed Test,2023-09-27T06:24:00Z,sat_shipment_status,sat_shipment_status:BV-CELLBATCH-002136:0001,USR-126,"[""BV-CELLBATCH-002136"",""BV-WARRANTYCLAIM-000136""]"
CELLBATCH-002138,Battery Pack Failed Test,2023-09-27T12:26:00Z,sat_shipment_status,sat_shipment_status:BV-CELLBATCH-002138:0001,USR-033,"[""BV-CELLBATCH-002138"",""BV-WARRANTYCLAIM-000138"",""BV-CERTIFICATE-000138""]"
CELLBATCH-002095,Firmware Rolled Back,2023-09-27T15:05:00Z,sat_service_status,sat_service_status:BV-CELLBATCH-002095:0002,USR-086,"[""BV-CELLBATCH-002095"",""BV-RECYCLINGORDER-000095""]"
CELLBATCH-002035,Battery Pack Failed Test,2023-09-27T16:00:00Z,sat_shipment_status,sat_shipment_status:BV-CELLBATCH-002035:0001,USR-060,"[""BV-CELLBATCH-002035"",""BV-WARRANTYCLAIM-000035""]"
CELLBATCH-002035,Firmware Installation Failed,2023-09-27T16:37:00Z,sat_diagnostic_result,sat_diagnostic_result:BV-CELLBATCH-002035:0002,USR-081,"[""BV-CELLBATCH-002035"",""BV-SECONDLIFESYSTEM-000035"",""BV-BATTERYPASSPORT-002035""]"
CELLBATCH-002035,Firmware Rolled Back,2023-09-27T17:14:00Z,sat_service_status,sat_service_status:BV-CELLBATCH-002035:0002,USR-082,"[""BV-CELLBATCH-002035"",""BV-RECYCLINGORDER-000035""]"
CELLBATCH-002035,Second-Life Assessment Failed,2023-09-27T17:51:00Z,sat_recall_status,sat_recall_status:BV-CELLBATCH-002035:0002,USR-098,"[""BV-CELLBATCH-002035"",""BV-SECONDLIFESYSTEM-000035"",""BV-BATTERYPASSPORT-002035""]"
CELLBATCH-002140,Battery Pack Failed Test,2023-09-27T18:28:00Z,sat_shipment_status,sat_shipment_status:BV-CELLBATCH-002140:0001,USR-067,"[""BV-CELLBATCH-002140"",""BV-WARRANTYCLAIM-000140""]"
CELLBATCH-002142,Battery Pack Failed Test,2023-09-28T00:30:00Z,sat_shipment_status,sat_shipment_status:BV-CELLBATCH-002142:0001,USR-101,"[""BV-CELLBATCH-002142"",""BV-WARRANTYCLAIM-000142""]"
CELLBATCH-002102,Firmware Installation Failed,2023-09-28T06:11:00Z,sat_diagnostic_result,sat_diagnostic_result:BV-CELLBATCH-002102:0002,USR-077,"[""BV-CELLBATCH-002102"",""BV-SECONDLIFESYSTEM-000102""]"
CELLBATCH-002144,Battery Pack Failed Test,2023-09-28T06:32:00Z,sat_shipment_status,sat_shipment_status:BV-CELLBATCH-002144:0001,USR-008,"[""BV-CELLBATCH-002144"",""BV-WARRANTYCLAIM-000144"",""BV-CERTIFICATE-000144""]"
CELLBATCH-002068,Second-Life Assessment Failed,2023-09-28T06:47:00Z,sat_recall_status,sat_recall_status:BV-CELLBATCH-002068:0001,USR-024,"[""BV-CELLBATCH-002068"",""BV-SECONDLIFESYSTEM-000068""]"
CELLBATCH-002040,Battery Pack Failed Test,2023-09-28T07:00:00Z,sat_shipment_status,sat_shipment_status:BV-CELLBATCH-002040:0002,USR-018,"[""BV-CELLBATCH-002040"",""BV-WARRANTYCLAIM-000040""]"
CELLBATCH-002040,Firmware Installation Failed,2023-09-28T07:37:00Z,sat_diagnostic_result,sat_diagnostic_result:BV-CELLBATCH-002040:0002,USR-039,"[""BV-CELLBATCH-002040"",""BV-SECONDLIFESYSTEM-000040"",""BV-BATTERYPASSPORT-002040""]"
CELLBATCH-002040,Firmware Rolled Back,2023-09-28T08:14:00Z,sat_service_status,sat_service_status:BV-CELLBATCH-002040:0002,USR-040,"[""BV-CELLBATCH-002040"",""BV-RECYCLINGORDER-000040""]"
CELLBATCH-002040,Second-Life Assessment Failed,2023-09-28T08:51:00Z,sat_recall_status,sat_recall_status:BV-CELLBATCH-002040:0001,USR-056,"[""BV-CELLBATCH-002040"",""BV-SECONDLIFESYSTEM-000040"",""BV-BATTERYPASSPORT-002040""]"
CELLBATCH-002102,Firmware Rolled Back,2023-09-28T12:12:00Z,sat_service_status,sat_service_status:BV-CELLBATCH-002102:0003,USR-078,"[""BV-CELLBATCH-002102"",""BV-RECYCLINGORDER-000102"",""BV-VEHICLE-000102""]"
CELLBATCH-002146,Battery Pack Failed Test,2023-09-28T12:34:00Z,sat_shipment_status,sat_shipment_status:BV-CELLBATCH-002146:0001,USR-042,"[""BV-CELLBATCH-002146"",""BV-WARRANTYCLAIM-000146""]"
CELLBATCH-002148,Battery Pack Failed Test,2023-09-28T18:36:00Z,sat_shipment_status,sat_shipment_status:BV-CELLBATCH-002148:0001,USR-076,"[""BV-CELLBATCH-002148"",""BV-WARRANTYCLAIM-000148""]"
CELLBATCH-002045,Battery Pack Failed Test,2023-09-28T22:00:00Z,sat_shipment_status,sat_shipment_status:BV-CELLBATCH-002045:0001,USR-103,"[""BV-CELLBATCH-002045"",""BV-WARRANTYCLAIM-000045""]"
CELLBATCH-002045,Firmware Installation Failed,2023-09-28T22:37:00Z,sat_diagnostic_result,sat_diagnostic_result:BV-CELLBATCH-002045:0002,USR-124,"[""BV-CELLBATCH-002045"",""BV-SECONDLIFESYSTEM-000045"",""BV-BATTERYPASSPORT-002045""]"
CELLBATCH-002045,Firmware Rolled Back,2023-09-28T23:14:00Z,sat_service_status,sat_service_status:BV-CELLBATCH-002045:0002,USR-125,"[""BV-CELLBATCH-002045"",""BV-RECYCLINGORDER-000045""]"
CELLBATCH-002045,Second-Life Assessment Failed,2023-09-28T23:51:00Z,sat_recall_status,sat_recall_status:BV-CELLBATCH-002045:0002,USR-014,"[""BV-CELLBATCH-002045"",""BV-SECONDLIFESYSTEM-000045"",""BV-BATTERYPASSPORT-002045""]"
CELLBATCH-002150,Battery Pack Failed Test,2023-09-29T00:38:00Z,sat_shipment_status,sat_shipment_status:BV-CELLBATCH-002150:0001,USR-110,"[""BV-CELLBATCH-002150"",""BV-WARRANTYCLAIM-000150"",""BV-CERTIFICATE-000150""]"
CELLBATCH-002152,Battery Pack Failed Test,2023-09-29T06:40:00Z,sat_shipment_status,sat_shipment_status:BV-CELLBATCH-002152:0001,USR-017,"[""BV-CELLBATCH-002152"",""BV-WARRANTYCLAIM-000152"",""BV-CERTIFICATE-000152""]"
CELLBATCH-002109,Firmware Rolled Back,2023-09-29T09:19:00Z,sat_service_status,sat_service_status:BV-CELLBATCH-002109:0002,USR-070,"[""BV-CELLBATCH-002109"",""BV-RECYCLINGORDER-000109"",""BV-VEHICLE-000109""]"
CELLBATCH-002154,Battery Pack Failed Test,2023-09-29T12:42:00Z,sat_shipment_status,sat_shipment_status:BV-CELLBATCH-002154:0001,USR-051,"[""BV-CELLBATCH-002154"",""BV-WARRANTYCLAIM-000154""]"
CELLBATCH-002050,Battery Pack Failed Test,2023-09-29T13:00:00Z,sat_shipment_status,sat_shipment_status:BV-CELLBATCH-002050:0002,USR-061,"[""BV-CELLBATCH-002050"",""BV-WARRANTYCLAIM-000050""]"
CELLBATCH-002050,Firmware Installation Failed,2023-09-29T13:37:00Z,sat_diagnostic_result,sat_diagnostic_result:BV-CELLBATCH-002050:0002,USR-082,"[""BV-CELLBATCH-002050"",""BV-SECONDLIFESYSTEM-000050""]"
CELLBATCH-002050,Firmware Rolled Back,2023-09-29T14:14:00Z,sat_service_status,sat_service_status:BV-CELLBATCH-002050:0002,USR-083,"[""BV-CELLBATCH-002050"",""BV-RECYCLINGORDER-000050"",""BV-VEHICLE-000050""]"
CELLBATCH-002050,Second-Life Assessment Failed,2023-09-29T14:51:00Z,sat_recall_status,sat_recall_status:BV-CELLBATCH-002050:0001,USR-099,"[""BV-CELLBATCH-002050"",""BV-SECONDLIFESYSTEM-000050""]"
CELLBATCH-002156,Battery Pack Failed Test,2023-09-29T18:44:00Z,sat_shipment_status,sat_shipment_status:BV-CELLBATCH-002156:0001,USR-085,"[""BV-CELLBATCH-002156"",""BV-WARRANTYCLAIM-000156"",""BV-CERTIFICATE-000156""]"
CELLBATCH-002158,Battery Pack Failed Test,2023-09-30T00:46:00Z,sat_shipment_status,sat_shipment_status:BV-CELLBATCH-002158:0001,USR-119,"[""BV-CELLBATCH-002158"",""BV-WARRANTYCLAIM-000158""]"
CELLBATCH-002055,Battery Pack Failed Test,2023-09-30T04:00:00Z,sat_shipment_status,sat_shipment_status:BV-CELLBATCH-002055:0001,USR-019,"[""BV-CELLBATCH-002055"",""BV-WARRANTYCLAIM-000055"",""BV-CERTIFICATE-000055""]"
CELLBATCH-002055,Firmware Installation Failed,2023-09-30T04:37:00Z,sat_diagnostic_result,sat_diagnostic_result:BV-CELLBATCH-002055:0003,USR-040,"[""BV-CELLBATCH-002055"",""BV-SECONDLIFESYSTEM-000055""]"
CELLBATCH-002055,Firmware Rolled Back,2023-09-30T05:14:00Z,sat_service_status,sat_service_status:BV-CELLBATCH-002055:0002,USR-041,"[""BV-CELLBATCH-002055"",""BV-RECYCLINGORDER-000055""]"
CELLBATCH-002055,Second-Life Assessment Failed,2023-09-30T05:51:00Z,sat_recall_status,sat_recall_status:BV-CELLBATCH-002055:0002,USR-057,"[""BV-CELLBATCH-002055"",""BV-SECONDLIFESYSTEM-000055"",""BV-BATTERYPASSPORT-002055""]"
CELLBATCH-002116,Firmware Rolled Back,2023-09-30T06:26:00Z,sat_service_status,sat_service_status:BV-CELLBATCH-002116:0002,USR-062,"[""BV-CELLBATCH-002116"",""BV-RECYCLINGORDER-000116""]"
CELLBATCH-002160,Battery Pack Failed Test,2023-09-30T06:48:00Z,sat_shipment_status,sat_shipment_status:BV-CELLBATCH-002160:0001,USR-026,"[""BV-CELLBATCH-002160"",""BV-WARRANTYCLAIM-000160"",""BV-CERTIFICATE-000160""]"
CELLBATCH-002162,Battery Pack Failed Test,2023-09-30T12:50:00Z,sat_shipment_status,sat_shipment_status:BV-CELLBATCH-002162:0001,USR-060,"[""BV-CELLBATCH-002162"",""BV-WARRANTYCLAIM-000162""]"
CELLBATCH-002164,Battery Pack Failed Test,2023-09-30T18:52:00Z,sat_shipment_status,sat_shipment_status:BV-CELLBATCH-002164:0001,USR-094,"[""BV-CELLBATCH-002164"",""BV-WARRANTYCLAIM-000164"",""BV-CERTIFICATE-000164""]"
CELLBATCH-002060,Battery Pack Failed Test,2023-09-30T19:00:00Z,sat_shipment_status,sat_shipment_status:BV-CELLBATCH-002060:0002,USR-104,"[""BV-CELLBATCH-002060"",""BV-WARRANTYCLAIM-000060""]"
CELLBATCH-002060,Firmware Installation Failed,2023-09-30T19:37:00Z,sat_diagnostic_result,sat_diagnostic_result:BV-CELLBATCH-002060:0002,USR-125,"[""BV-CELLBATCH-002060"",""BV-SECONDLIFESYSTEM-000060""]"
CELLBATCH-002060,Firmware Rolled Back,2023-09-30T20:14:00Z,sat_service_status,sat_service_status:BV-CELLBATCH-002060:0003,USR-126,"[""BV-CELLBATCH-002060"",""BV-RECYCLINGORDER-000060"",""BV-VEHICLE-000060""]"
CELLBATCH-002060,Second-Life Assessment Failed,2023-09-30T20:51:00Z,sat_recall_status,sat_recall_status:BV-CELLBATCH-002060:0001,USR-015,"[""BV-CELLBATCH-002060"",""BV-SECONDLIFESYSTEM-000060""]"
CELLBATCH-002166,Battery Pack Failed Test,2023-10-01T00:01:00Z,sat_shipment_status,sat_shipment_status:BV-CELLBATCH-002166:0001,USR-001,"[""BV-CELLBATCH-002166"",""BV-WARRANTYCLAIM-000166""]"
CELLBATCH-002123,Firmware Rolled Back,2023-10-01T03:33:00Z,sat_service_status,sat_service_status:BV-CELLBATCH-002123:0002,USR-054,"[""BV-CELLBATCH-002123"",""BV-RECYCLINGORDER-000123""]"
CELLBATCH-002168,Battery Pack Failed Test,2023-10-01T06:03:00Z,sat_shipment_status,sat_shipment_status:BV-CELLBATCH-002168:0001,USR-035,"[""BV-CELLBATCH-002168"",""BV-WARRANTYCLAIM-000168"",""BV-CERTIFICATE-000168""]"
CELLBATCH-002065,Battery Pack Failed Test,2023-10-01T10:00:00Z,sat_shipment_status,sat_shipment_status:BV-CELLBATCH-002065:0002,USR-062,"[""BV-CELLBATCH-002065"",""BV-WARRANTYCLAIM-000065""]"
CELLBATCH-002065,Firmware Installation Failed,2023-10-01T10:37:00Z,sat_diagnostic_result,sat_diagnostic_result:BV-CELLBATCH-002065:0003,USR-083,"[""BV-CELLBATCH-002065"",""BV-SECONDLIFESYSTEM-000065""]"
CELLBATCH-002065,Firmware Rolled Back,2023-10-01T11:14:00Z,sat_service_status,sat_service_status:BV-CELLBATCH-002065:0002,USR-084,"[""BV-CELLBATCH-002065"",""BV-RECYCLINGORDER-000065"",""BV-VEHICLE-000065""]"
CELLBATCH-002065,Second-Life Assessment Failed,2023-10-01T11:51:00Z,sat_recall_status,sat_recall_status:BV-CELLBATCH-002065:0002,USR-100,"[""BV-CELLBATCH-002065"",""BV-SECONDLIFESYSTEM-000065""]"
CELLBATCH-002170,Battery Pack Failed Test,2023-10-01T12:05:00Z,sat_shipment_status,sat_shipment_status:BV-CELLBATCH-002170:0001,USR-069,"[""BV-CELLBATCH-002170"",""BV-WARRANTYCLAIM-000170"",""BV-CERTIFICATE-000170""]"
CELLBATCH-002172,Battery Pack Failed Test,2023-10-01T18:07:00Z,sat_shipment_status,sat_shipment_status:BV-CELLBATCH-002172:0001,USR-103,"[""BV-CELLBATCH-002172"",""BV-WARRANTYCLAIM-000172""]"
CELLBATCH-002174,Battery Pack Failed Test,2023-10-02T00:09:00Z,sat_shipment_status,sat_shipment_status:BV-CELLBATCH-002174:0001,USR-010,"[""BV-CELLBATCH-002174"",""BV-WARRANTYCLAIM-000174"",""BV-CERTIFICATE-000174""]"
CELLBATCH-002130,Firmware Rolled Back,2023-10-02T00:40:00Z,sat_service_status,sat_service_status:BV-CELLBATCH-002130:0002,USR-046,"[""BV-CELLBATCH-002130"",""BV-RECYCLINGORDER-000130""]"
CELLBATCH-002070,Battery Pack Failed Test,2023-10-02T01:00:00Z,sat_shipment_status,sat_shipment_status:BV-CELLBATCH-002070:0002,USR-020,"[""BV-CELLBATCH-002070"",""BV-WARRANTYCLAIM-000070""]"
CELLBATCH-002070,Firmware Installation Failed,2023-10-02T01:37:00Z,sat_diagnostic_result,sat_diagnostic_result:BV-CELLBATCH-002070:0002,USR-041,"[""BV-CELLBATCH-002070"",""BV-SECONDLIFESYSTEM-000070"",""BV-BATTERYPASSPORT-002070""]"
CELLBATCH-002070,Firmware Rolled Back,2023-10-02T02:14:00Z,sat_service_status,sat_service_status:BV-CELLBATCH-002070:0002,USR-042,"[""BV-CELLBATCH-002070"",""BV-RECYCLINGORDER-000070""]"
CELLBATCH-002070,Second-Life Assessment Failed,2023-10-02T02:51:00Z,sat_recall_status,sat_recall_status:BV-CELLBATCH-002070:0002,USR-058,"[""BV-CELLBATCH-002070"",""BV-SECONDLIFESYSTEM-000070"",""BV-BATTERYPASSPORT-002070""]"
CELLBATCH-002099,Second-Life Assessment Failed,2023-10-02T03:25:00Z,sat_recall_status,sat_recall_status:BV-CELLBATCH-002099:0002,USR-043,"[""BV-CELLBATCH-002099"",""BV-SECONDLIFESYSTEM-000099""]"
CELLBATCH-002176,Battery Pack Failed Test,2023-10-02T06:11:00Z,sat_shipment_status,sat_shipment_status:BV-CELLBATCH-002176:0001,USR-044,"[""BV-CELLBATCH-002176"",""BV-WARRANTYCLAIM-000176""]"
CELLBATCH-002178,Battery Pack Failed Test,2023-10-02T12:13:00Z,sat_shipment_status,sat_shipment_status:BV-CELLBATCH-002178:0001,USR-078,"[""BV-CELLBATCH-002178"",""BV-WARRANTYCLAIM-000178""]"
CELLBATCH-002075,Battery Pack Failed Test,2023-10-02T16:00:00Z,sat_shipment_status,sat_shipment_status:BV-CELLBATCH-002075:0001,USR-105,"[""BV-CELLBATCH-002075"",""BV-WARRANTYCLAIM-000075""]"
CELLBATCH-002075,Firmware Installation Failed,2023-10-02T16:37:00Z,sat_diagnostic_result,sat_diagnostic_result:BV-CELLBATCH-002075:0003,USR-126,"[""BV-CELLBATCH-002075"",""BV-SECONDLIFESYSTEM-000075"",""BV-BATTERYPASSPORT-002075""]"
CELLBATCH-002075,Firmware Rolled Back,2023-10-02T17:14:00Z,sat_service_status,sat_service_status:BV-CELLBATCH-002075:0002,USR-127,"[""BV-CELLBATCH-002075"",""BV-RECYCLINGORDER-000075""]"
CELLBATCH-002075,Second-Life Assessment Failed,2023-10-02T17:51:00Z,sat_recall_status,sat_recall_status:BV-CELLBATCH-002075:0002,USR-016,"[""BV-CELLBATCH-002075"",""BV-SECONDLIFESYSTEM-000075""]"
CELLBATCH-002180,Battery Pack Failed Test,2023-10-02T18:15:00Z,sat_shipment_status,sat_shipment_status:BV-CELLBATCH-002180:0001,USR-112,"[""BV-CELLBATCH-002180"",""BV-WARRANTYCLAIM-000180"",""BV-CERTIFICATE-000180""]"
CELLBATCH-002137,Firmware Rolled Back,2023-10-02T21:47:00Z,sat_service_status,sat_service_status:BV-CELLBATCH-002137:0002,USR-038,"[""BV-CELLBATCH-002137"",""BV-RECYCLINGORDER-000137""]"
CELLBATCH-002139,Firmware Installation Failed,2023-10-02T21:48:00Z,sat_diagnostic_result,sat_diagnostic_result:BV-CELLBATCH-002139:0002,USR-071,"[""BV-CELLBATCH-002139"",""BV-SECONDLIFESYSTEM-000139""]"
CELLBATCH-002182,Battery Pack Failed Test,2023-10-03T00:17:00Z,sat_shipment_status,sat_shipment_status:BV-CELLBATCH-002182:0001,USR-019,"[""BV-CELLBATCH-002182"",""BV-WARRANTYCLAIM-000182""]"
CELLBATCH-002184,Battery Pack Failed Test,2023-10-03T06:19:00Z,sat_shipment_status,sat_shipment_status:BV-CELLBATCH-002184:0001,USR-053,"[""BV-CELLBATCH-002184"",""BV-WARRANTYCLAIM-000184""]"
CELLBATCH-002080,Battery Pack Failed Test,2023-10-03T07:00:00Z,sat_shipment_status,sat_shipment_status:BV-CELLBATCH-002080:0002,USR-063,"[""BV-CELLBATCH-002080"",""BV-WARRANTYCLAIM-000080"",""BV-CERTIFICATE-000080""]"
CELLBATCH-002080,Firmware Installation Failed,2023-10-03T07:37:00Z,sat_diagnostic_result,sat_diagnostic_result:BV-CELLBATCH-002080:0002,USR-084,"[""BV-CELLBATCH-002080"",""BV-SECONDLIFESYSTEM-000080""]"
CELLBATCH-002080,Firmware Rolled Back,2023-10-03T08:14:00Z,sat_service_status,sat_service_status:BV-CELLBATCH-002080:0002,USR-085,"[""BV-CELLBATCH-002080"",""BV-RECYCLINGORDER-000080""]"
CELLBATCH-002080,Second-Life Assessment Failed,2023-10-03T08:51:00Z,sat_recall_status,sat_recall_status:BV-CELLBATCH-002080:0002,USR-101,"[""BV-CELLBATCH-002080"",""BV-SECONDLIFESYSTEM-000080"",""BV-BATTERYPASSPORT-002080""]"
CELLBATCH-002186,Battery Pack Failed Test,2023-10-03T12:21:00Z,sat_shipment_status,sat_shipment_status:BV-CELLBATCH-002186:0001,USR-087,"[""BV-CELLBATCH-002186"",""BV-WARRANTYCLAIM-000186"",""BV-CERTIFICATE-000186""]"
CELLBATCH-002144,Firmware Rolled Back,2023-10-03T18:01:00Z,sat_service_status,sat_service_status:BV-CELLBATCH-002144:0002,USR-030,"[""BV-CELLBATCH-002144"",""BV-RECYCLINGORDER-000144"",""BV-VEHICLE-000144""]"
CELLBATCH-002188,Battery Pack Failed Test,2023-10-03T18:23:00Z,sat_shipment_status,sat_shipment_status:BV-CELLBATCH-002188:0001,USR-121,"[""BV-CELLBATCH-002188"",""BV-WARRANTYCLAIM-000188""]"
CELLBATCH-002085,Battery Pack Failed Test,2023-10-03T22:00:00Z,sat_shipment_status,sat_shipment_status:BV-CELLBATCH-002085:0002,USR-021,"[""BV-CELLBATCH-002085"",""BV-WARRANTYCLAIM-000085"",""BV-CERTIFICATE-000085""]"
CELLBATCH-002085,Firmware Installation Failed,2023-10-03T22:37:00Z,sat_diagnostic_result,sat_diagnostic_result:BV-CELLBATCH-002085:0002,USR-042,"[""BV-CELLBATCH-002085"",""BV-SECONDLIFESYSTEM-000085""]"
CELLBATCH-002085,Firmware Rolled Back,2023-10-03T23:14:00Z,sat_service_status,sat_service_status:BV-CELLBATCH-002085:0002,USR-043,"[""BV-CELLBATCH-002085"",""BV-RECYCLINGORDER-000085""]"
CELLBATCH-002085,Second-Life Assessment Failed,2023-10-03T23:51:00Z,sat_recall_status,sat_recall_status:BV-CELLBATCH-002085:0002,USR-059,"[""BV-CELLBATCH-002085"",""BV-SECONDLIFESYSTEM-000085"",""BV-BATTERYPASSPORT-002085""]"
CELLBATCH-002190,Battery Pack Failed Test,2023-10-04T00:25:00Z,sat_shipment_status,sat_shipment_status:BV-CELLBATCH-002190:0001,USR-028,"[""BV-CELLBATCH-002190"",""BV-WARRANTYCLAIM-000190""]"
CELLBATCH-002192,Battery Pack Failed Test,2023-10-04T06:27:00Z,sat_shipment_status,sat_shipment_status:BV-CELLBATCH-002192:0001,USR-062,"[""BV-CELLBATCH-002192"",""BV-WARRANTYCLAIM-000192""]"
CELLBATCH-002194,Battery Pack Failed Test,2023-10-04T12:29:00Z,sat_shipment_status,sat_shipment_status:BV-CELLBATCH-002194:0001,USR-096,"[""BV-CELLBATCH-002194"",""BV-WARRANTYCLAIM-000194""]"
CELLBATCH-002090,Battery Pack Failed Test,2023-10-04T13:00:00Z,sat_shipment_status,sat_shipment_status:BV-CELLBATCH-002090:0003,USR-106,"[""BV-CELLBATCH-002090"",""BV-WARRANTYCLAIM-000090"",""BV-CERTIFICATE-000090""]"
CELLBATCH-002090,Firmware Installation Failed,2023-10-04T13:37:00Z,sat_diagnostic_result,sat_diagnostic_result:BV-CELLBATCH-002090:0002,USR-127,"[""BV-CELLBATCH-002090"",""BV-SECONDLIFESYSTEM-000090""]"
CELLBATCH-002090,Firmware Rolled Back,2023-10-04T14:14:00Z,sat_service_status,sat_service_status:BV-CELLBATCH-002090:0002,USR-001,"[""BV-CELLBATCH-002090"",""BV-RECYCLINGORDER-000090"",""BV-VEHICLE-000090""]"
CELLBATCH-002090,Second-Life Assessment Failed,2023-10-04T14:51:00Z,sat_recall_status,sat_recall_status:BV-CELLBATCH-002090:0001,USR-017,"[""BV-CELLBATCH-002090"",""BV-SECONDLIFESYSTEM-000090""]"
CELLBATCH-002151,Firmware Rolled Back,2023-10-04T15:08:00Z,sat_service_status,sat_service_status:BV-CELLBATCH-002151:0002,USR-022,"[""BV-CELLBATCH-002151"",""BV-RECYCLINGORDER-000151"",""BV-VEHICLE-000151""]"
CELLBATCH-002196,Battery Pack Failed Test,2023-10-04T18:31:00Z,sat_shipment_status,sat_shipment_status:BV-CELLBATCH-002196:0001,USR-003,"[""BV-CELLBATCH-002196"",""BV-WARRANTYCLAIM-000196"",""BV-CERTIFICATE-000196""]"
CELLBATCH-002198,Battery Pack Failed Test,2023-10-05T00:33:00Z,sat_shipment_status,sat_shipment_status:BV-CELLBATCH-002198:0001,USR-037,"[""BV-CELLBATCH-002198"",""BV-WARRANTYCLAIM-000198""]"
CELLBATCH-002095,Battery Pack Failed Test,2023-10-05T04:00:00Z,sat_shipment_status,sat_shipment_status:BV-CELLBATCH-002095:0001,USR-064,"[""BV-CELLBATCH-002095"",""BV-WARRANTYCLAIM-000095""]"
CELLBATCH-002095,Firmware Installation Failed,2023-10-05T04:37:00Z,sat_diagnostic_result,sat_diagnostic_result:BV-CELLBATCH-002095:0002,USR-085,"[""BV-CELLBATCH-002095"",""BV-SECONDLIFESYSTEM-000095"",""BV-BATTERYPASSPORT-002095""]"
CELLBATCH-002095,Firmware Rolled Back,2023-10-05T05:14:00Z,sat_service_status,sat_service_status:BV-CELLBATCH-002095:0003,USR-086,"[""BV-CELLBATCH-002095"",""BV-RECYCLINGORDER-000095""]"
CELLBATCH-002095,Second-Life Assessment Failed,2023-10-05T05:51:00Z,sat_recall_status,sat_recall_status:BV-CELLBATCH-002095:0002,USR-102,"[""BV-CELLBATCH-002095"",""BV-SECONDLIFESYSTEM-000095""]"
CELLBATCH-002200,Battery Pack Failed Test,2023-10-05T06:35:00Z,sat_shipment_status,sat_shipment_status:BV-CELLBATCH-002200:0001,USR-071,"[""BV-CELLBATCH-002200"",""BV-WARRANTYCLAIM-000200""]"
CELLBATCH-002158,Firmware Rolled Back,2023-10-05T12:15:00Z,sat_service_status,sat_service_status:BV-CELLBATCH-002158:0002,USR-014,"[""BV-CELLBATCH-002158"",""BV-RECYCLINGORDER-000158""]"
CELLBATCH-002202,Battery Pack Failed Test,2023-10-05T12:37:00Z,sat_shipment_status,sat_shipment_status:BV-CELLBATCH-002202:0001,USR-105,"[""BV-CELLBATCH-002202"",""BV-WARRANTYCLAIM-000202"",""BV-CERTIFICATE-000202""]"
CELLBATCH-002204,Battery Pack Failed Test,2023-10-05T18:39:00Z,sat_shipment_status,sat_shipment_status:BV-CELLBATCH-002204:0001,USR-012,"[""BV-CELLBATCH-002204"",""BV-WARRANTYCLAIM-000204"",""BV-CERTIFICATE-000204""]"
CELLBATCH-002100,Battery Pack Failed Test,2023-10-05T19:00:00Z,sat_shipment_status,sat_shipment_status:BV-CELLBATCH-002100:0003,USR-022,"[""BV-CELLBATCH-002100"",""BV-WARRANTYCLAIM-000100"",""BV-CERTIFICATE-000100""]"
CELLBATCH-002100,Firmware Installation Failed,2023-10-05T19:37:00Z,sat_diagnostic_result,sat_diagnostic_result:BV-CELLBATCH-002100:0002,USR-043,"[""BV-CELLBATCH-002100"",""BV-SECONDLIFESYSTEM-000100""]"
CELLBATCH-002100,Firmware Rolled Back,2023-10-05T20:14:00Z,sat_service_status,sat_service_status:BV-CELLBATCH-002100:0002,USR-044,"[""BV-CELLBATCH-002100"",""BV-RECYCLINGORDER-000100""]"
CELLBATCH-002100,Second-Life Assessment Failed,2023-10-05T20:51:00Z,sat_recall_status,sat_recall_status:BV-CELLBATCH-002100:0001,USR-060,"[""BV-CELLBATCH-002100"",""BV-SECONDLIFESYSTEM-000100"",""BV-BATTERYPASSPORT-002100""]"
CELLBATCH-002130,Second-Life Assessment Failed,2023-10-06T00:03:00Z,sat_recall_status,sat_recall_status:BV-CELLBATCH-002130:0001,USR-062,"[""BV-CELLBATCH-002130"",""BV-SECONDLIFESYSTEM-000130""]"
CELLBATCH-002206,Battery Pack Failed Test,2023-10-06T00:41:00Z,sat_shipment_status,sat_shipment_status:BV-CELLBATCH-002206:0001,USR-046,"[""BV-CELLBATCH-002206"",""BV-WARRANTYCLAIM-000206""]"
CELLBATCH-002208,Battery Pack Failed Test,2023-10-06T06:43:00Z,sat_shipment_status,sat_shipment_status:BV-CELLBATCH-002208:0001,USR-080,"[""BV-CELLBATCH-002208"",""BV-WARRANTYCLAIM-000208"",""BV-CERTIFICATE-000208""]"
CELLBATCH-002165,Firmware Rolled Back,2023-10-06T09:22:00Z,sat_service_status,sat_service_status:BV-CELLBATCH-002165:0002,USR-006,"[""BV-CELLBATCH-002165"",""BV-RECYCLINGORDER-000165""]"
CELLBATCH-002105,Battery Pack Failed Test,2023-10-06T10:00:00Z,sat_shipment_status,sat_shipment_status:BV-CELLBATCH-002105:0001,USR-107,"[""BV-CELLBATCH-002105"",""BV-WARRANTYCLAIM-000105""]"
CELLBATCH-002105,Firmware Installation Failed,2023-10-06T10:37:00Z,sat_diagnostic_result,sat_diagnostic_result:BV-CELLBATCH-002105:0002,USR-001,"[""BV-CELLBATCH-002105"",""BV-SECONDLIFESYSTEM-000105""]"
CELLBATCH-002105,Firmware Rolled Back,2023-10-06T11:14:00Z,sat_service_status,sat_service_status:BV-CELLBATCH-002105:0002,USR-002,"[""BV-CELLBATCH-002105"",""BV-RECYCLINGORDER-000105"",""BV-VEHICLE-000105""]"
CELLBATCH-002105,Second-Life Assessment Failed,2023-10-06T11:51:00Z,sat_recall_status,sat_recall_status:BV-CELLBATCH-002105:0002,USR-018,"[""BV-CELLBATCH-002105"",""BV-SECONDLIFESYSTEM-000105""]"
CELLBATCH-002210,Battery Pack Failed Test,2023-10-06T12:45:00Z,sat_shipment_status,sat_shipment_status:BV-CELLBATCH-002210:0001,USR-114,"[""BV-CELLBATCH-002210"",""BV-WARRANTYCLAIM-000210""]"
CELLBATCH-002212,Battery Pack Failed Test,2023-10-06T18:47:00Z,sat_shipment_status,sat_shipment_status:BV-CELLBATCH-002212:0001,USR-021,"[""BV-CELLBATCH-002212"",""BV-WARRANTYCLAIM-000212""]"
CELLBATCH-002214,Battery Pack Failed Test,2023-10-07T00:49:00Z,sat_shipment_status,sat_shipment_status:BV-CELLBATCH-002214:0001,USR-055,"[""BV-CELLBATCH-002214"",""BV-WARRANTYCLAIM-000214"",""BV-CERTIFICATE-000214""]"
CELLBATCH-002110,Battery Pack Failed Test,2023-10-07T01:00:00Z,sat_shipment_status,sat_shipment_status:BV-CELLBATCH-002110:0002,USR-065,"[""BV-CELLBATCH-002110"",""BV-WARRANTYCLAIM-000110"",""BV-CERTIFICATE-000110""]"
CELLBATCH-002110,Firmware Installation Failed,2023-10-07T01:37:00Z,sat_diagnostic_result,sat_diagnostic_result:BV-CELLBATCH-002110:0002,USR-086,"[""BV-CELLBATCH-002110"",""BV-SECONDLIFESYSTEM-000110""]"
CELLBATCH-002110,Firmware Rolled Back,2023-10-07T02:14:00Z,sat_service_status,sat_service_status:BV-CELLBATCH-002110:0002,USR-087,"[""BV-CELLBATCH-002110"",""BV-RECYCLINGORDER-000110"",""BV-VEHICLE-000110""]"
CELLBATCH-002110,Second-Life Assessment Failed,2023-10-07T02:51:00Z,sat_recall_status,sat_recall_status:BV-CELLBATCH-002110:0001,USR-103,"[""BV-CELLBATCH-002110"",""BV-SECONDLIFESYSTEM-000110""]"
CELLBATCH-002172,Firmware Rolled Back,2023-10-07T06:29:00Z,sat_service_status,sat_service_status:BV-CELLBATCH-002172:0002,USR-125,"[""BV-CELLBATCH-002172"",""BV-RECYCLINGORDER-000172""]"
CELLBATCH-002216,Battery Pack Failed Test,2023-10-07T06:51:00Z,sat_shipment_status,sat_shipment_status:BV-CELLBATCH-002216:0001,USR-089,"[""BV-CELLBATCH-002216"",""BV-WARRANTYCLAIM-000216""]"
CELLBATCH-002218,Battery Pack Failed Test,2023-10-07T12:00:00Z,sat_shipment_status,sat_shipment_status:BV-CELLBATCH-002218:0001,USR-123,"[""BV-CELLBATCH-002218"",""BV-WARRANTYCLAIM-000218"",""BV-CERTIFICATE-000218""]"
CELLBATCH-002176,Firmware Installation Failed,2023-10-07T12:32:00Z,sat_diagnostic_result,sat_diagnostic_result:BV-CELLBATCH-002176:0002,USR-065,"[""BV-CELLBATCH-002176"",""BV-SECONDLIFESYSTEM-000176""]"
CELLBATCH-002115,Battery Pack Failed Test,2023-10-07T16:00:00Z,sat_shipment_status,sat_shipment_status:BV-CELLBATCH-002115:0001,USR-023,"[""BV-CELLBATCH-002115"",""BV-WARRANTYCLAIM-000115""]"
CELLBATCH-002115,Firmware Installation Failed,2023-10-07T16:37:00Z,sat_diagnostic_result,sat_diagnostic_result:BV-CELLBATCH-002115:0002,USR-044,"[""BV-CELLBATCH-002115"",""BV-SECONDLIFESYSTEM-000115""]"
CELLBATCH-002115,Firmware Rolled Back,2023-10-07T17:14:00Z,sat_service_status,sat_service_status:BV-CELLBATCH-002115:0002,USR-045,"[""BV-CELLBATCH-002115"",""BV-RECYCLINGORDER-000115"",""BV-VEHICLE-000115""]"
CELLBATCH-002115,Second-Life Assessment Failed,2023-10-07T17:51:00Z,sat_recall_status,sat_recall_status:BV-CELLBATCH-002115:0002,USR-061,"[""BV-CELLBATCH-002115"",""BV-SECONDLIFESYSTEM-000115""]"
CELLBATCH-002220,Battery Pack Failed Test,2023-10-07T18:02:00Z,sat_shipment_status,sat_shipment_status:BV-CELLBATCH-002220:0001,USR-030,"[""BV-CELLBATCH-002220"",""BV-WARRANTYCLAIM-000220"",""BV-CERTIFICATE-000220""]"
CELLBATCH-002222,Battery Pack Failed Test,2023-10-08T00:04:00Z,sat_shipment_status,sat_shipment_status:BV-CELLBATCH-002222:0001,USR-064,"[""BV-CELLBATCH-002222"",""BV-WARRANTYCLAIM-000222"",""BV-CERTIFICATE-000222""]"
CELLBATCH-002179,Firmware Rolled Back,2023-10-08T03:36:00Z,sat_service_status,sat_service_status:BV-CELLBATCH-002179:0002,USR-117,"[""BV-CELLBATCH-002179"",""BV-RECYCLINGORDER-000179""]"
CELLBATCH-002224,Battery Pack Failed Test,2023-10-08T06:06:00Z,sat_shipment_status,sat_shipment_status:BV-CELLBATCH-002224:0001,USR-098,"[""BV-CELLBATCH-002224"",""BV-WARRANTYCLAIM-000224"",""BV-CERTIFICATE-000224""]"
CELLBATCH-002120,Battery Pack Failed Test,2023-10-08T07:00:00Z,sat_shipment_status,sat_shipment_status:BV-CELLBATCH-002120:0002,USR-108,"[""BV-CELLBATCH-002120"",""BV-WARRANTYCLAIM-000120""]"
CELLBATCH-002120,Firmware Installation Failed,2023-10-08T07:37:00Z,sat_diagnostic_result,sat_diagnostic_result:BV-CELLBATCH-002120:0002,USR-002,"[""BV-CELLBATCH-002120"",""BV-SECONDLIFESYSTEM-000120""]"
CELLBATCH-002120,Firmware Rolled Back,2023-10-08T08:14:00Z,sat_service_status,sat_service_status:BV-CELLBATCH-002120:0003,USR-003,"[""BV-CELLBATCH-002120"",""BV-RECYCLINGORDER-000120"",""BV-VEHICLE-000120""]"
CELLBATCH-002120,Second-Life Assessment Failed,2023-10-08T08:51:00Z,sat_recall_status,sat_recall_status:BV-CELLBATCH-002120:0001,USR-019,"[""BV-CELLBATCH-002120"",""BV-SECONDLIFESYSTEM-000120""]"
CELLBATCH-002226,Battery Pack Failed Test,2023-10-08T12:08:00Z,sat_shipment_status,sat_shipment_status:BV-CELLBATCH-002226:0001,USR-005,"[""BV-CELLBATCH-002226"",""BV-WARRANTYCLAIM-000226"",""BV-CERTIFICATE-000226""]"
CELLBATCH-002228,Battery Pack Failed Test,2023-10-08T18:10:00Z,sat_shipment_status,sat_shipment_status:BV-CELLBATCH-002228:0001,USR-039,"[""BV-CELLBATCH-002228"",""BV-WARRANTYCLAIM-000228"",""BV-CERTIFICATE-000228""]"
CELLBATCH-002125,Battery Pack Failed Test,2023-10-08T22:00:00Z,sat_shipment_status,sat_shipment_status:BV-CELLBATCH-002125:0001,USR-066,"[""BV-CELLBATCH-002125"",""BV-WARRANTYCLAIM-000125"",""BV-CERTIFICATE-000125""]"
CELLBATCH-002125,Firmware Installation Failed,2023-10-08T22:37:00Z,sat_diagnostic_result,sat_diagnostic_result:BV-CELLBATCH-002125:0002,USR-087,"[""BV-CELLBATCH-002125"",""BV-SECONDLIFESYSTEM-000125""]"
CELLBATCH-002125,Firmware Rolled Back,2023-10-08T23:14:00Z,sat_service_status,sat_service_status:BV-CELLBATCH-002125:0003,USR-088,"[""BV-CELLBATCH-002125"",""BV-RECYCLINGORDER-000125"",""BV-VEHICLE-000125""]"
CELLBATCH-002125,Second-Life Assessment Failed,2023-10-08T23:51:00Z,sat_recall_status,sat_recall_status:BV-CELLBATCH-002125:0002,USR-104,"[""BV-CELLBATCH-002125"",""BV-SECONDLIFESYSTEM-000125""]"
CELLBATCH-002230,Battery Pack Failed Test,2023-10-09T00:12:00Z,sat_shipment_status,sat_shipment_status:BV-CELLBATCH-002230:0001,USR-073,"[""BV-CELLBATCH-002230"",""BV-WARRANTYCLAIM-000230""]"
CELLBATCH-002186,Firmware Rolled Back,2023-10-09T00:43:00Z,sat_service_status,sat_service_status:BV-CELLBATCH-002186:0002,USR-109,"[""BV-CELLBATCH-002186"",""BV-RECYCLINGORDER-000186"",""BV-VEHICLE-000186""]"
CELLBATCH-002232,Battery Pack Failed Test,2023-10-09T06:14:00Z,sat_shipment_status,sat_shipment_status:BV-CELLBATCH-002232:0001,USR-107,"[""BV-CELLBATCH-002232"",""BV-WARRANTYCLAIM-000232"",""BV-CERTIFICATE-000232""]"
CELLBATCH-002234,Battery Pack Failed Test,2023-10-09T12:16:00Z,sat_shipment_status,sat_shipment_status:BV-CELLBATCH-002234:0001,USR-014,"[""BV-CELLBATCH-002234"",""BV-WARRANTYCLAIM-000234"",""BV-CERTIFICATE-000234""]"
CELLBATCH-002130,Battery Pack Failed Test,2023-10-09T13:00:00Z,sat_shipment_status,sat_shipment_status:BV-CELLBATCH-002130:0002,USR-024,"[""BV-CELLBATCH-002130"",""BV-WARRANTYCLAIM-000130""]"
CELLBATCH-002130,Firmware Installation Failed,2023-10-09T13:37:00Z,sat_diagnostic_result,sat_diagnostic_result:BV-CELLBATCH-002130:0002,USR-045,"[""BV-CELLBATCH-002130"",""BV-SECONDLIFESYSTEM-000130""]"
CELLBATCH-002130,Firmware Rolled Back,2023-10-09T14:14:00Z,sat_service_status,sat_service_status:BV-CELLBATCH-002130:0003,USR-046,"[""BV-CELLBATCH-002130"",""BV-RECYCLINGORDER-000130"",""BV-VEHICLE-000130""]"
CELLBATCH-002130,Second-Life Assessment Failed,2023-10-09T14:51:00Z,sat_recall_status,sat_recall_status:BV-CELLBATCH-002130:0002,USR-062,"[""BV-CELLBATCH-002130"",""BV-SECONDLIFESYSTEM-000130""]"
CELLBATCH-002236,Battery Pack Failed Test,2023-10-09T18:18:00Z,sat_shipment_status,sat_shipment_status:BV-CELLBATCH-002236:0001,USR-048,"[""BV-CELLBATCH-002236"",""BV-WARRANTYCLAIM-000236""]"
CELLBATCH-002161,Second-Life Assessment Failed,2023-10-09T21:34:00Z,sat_recall_status,sat_recall_status:BV-CELLBATCH-002161:0002,USR-081,"[""BV-CELLBATCH-002161"",""BV-SECONDLIFESYSTEM-000161""]"
CELLBATCH-002193,Firmware Rolled Back,2023-10-09T21:50:00Z,sat_service_status,sat_service_status:BV-CELLBATCH-002193:0002,USR-101,"[""BV-CELLBATCH-002193"",""BV-RECYCLINGORDER-000193"",""BV-VEHICLE-000193""]"
CELLBATCH-002238,Battery Pack Failed Test,2023-10-10T00:20:00Z,sat_shipment_status,sat_shipment_status:BV-CELLBATCH-002238:0001,USR-082,"[""BV-CELLBATCH-002238"",""BV-WARRANTYCLAIM-000238"",""BV-CERTIFICATE-000238""]"
CELLBATCH-002135,Battery Pack Failed Test,2023-10-10T04:00:00Z,sat_shipment_status,sat_shipment_status:BV-CELLBATCH-002135:0002,USR-109,"[""BV-CELLBATCH-002135"",""BV-WARRANTYCLAIM-000135"",""BV-CERTIFICATE-000135""]"
CELLBATCH-002135,Firmware Installation Failed,2023-10-10T04:37:00Z,sat_diagnostic_result,sat_diagnostic_result:BV-CELLBATCH-002135:0002,USR-003,"[""BV-CELLBATCH-002135"",""BV-SECONDLIFESYSTEM-000135""]"
CELLBATCH-002135,Firmware Rolled Back,2023-10-10T05:14:00Z,sat_service_status,sat_service_status:BV-CELLBATCH-002135:0002,USR-004,"[""BV-CELLBATCH-002135"",""BV-RECYCLINGORDER-000135"",""BV-VEHICLE-000135""]"
CELLBATCH-002135,Second-Life Assessment Failed,2023-10-10T05:51:00Z,sat_recall_status,sat_recall_status:BV-CELLBATCH-002135:0002,USR-020,"[""BV-CELLBATCH-002135"",""BV-SECONDLIFESYSTEM-000135""]"
CELLBATCH-002240,Battery Pack Failed Test,2023-10-10T06:22:00Z,sat_shipment_status,sat_shipment_status:BV-CELLBATCH-002240:0001,USR-116,"[""BV-CELLBATCH-002240"",""BV-WARRANTYCLAIM-000240"",""BV-CERTIFICATE-000240""]"
CELLBATCH-002242,Battery Pack Failed Test,2023-10-10T12:24:00Z,sat_shipment_status,sat_shipment_status:BV-CELLBATCH-002242:0001,USR-023,"[""BV-CELLBATCH-002242"",""BV-WARRANTYCLAIM-000242"",""BV-CERTIFICATE-000242""]"
CELLBATCH-002200,Firmware Rolled Back,2023-10-10T18:04:00Z,sat_service_status,sat_service_status:BV-CELLBATCH-002200:0002,USR-093,"[""BV-CELLBATCH-002200"",""BV-RECYCLINGORDER-000200""]"
CELLBATCH-002244,Battery Pack Failed Test,2023-10-10T18:26:00Z,sat_shipment_status,sat_shipment_status:BV-CELLBATCH-002244:0001,USR-057,"[""BV-CELLBATCH-002244"",""BV-WARRANTYCLAIM-000244"",""BV-CERTIFICATE-000244""]"
CELLBATCH-002140,Battery Pack Failed Test,2023-10-10T19:00:00Z,sat_shipment_status,sat_shipment_status:BV-CELLBATCH-002140:0002,USR-067,"[""BV-CELLBATCH-002140"",""BV-WARRANTYCLAIM-000140"",""BV-CERTIFICATE-000140""]"
CELLBATCH-002140,Firmware Installation Failed,2023-10-10T19:37:00Z,sat_diagnostic_result,sat_diagnostic_result:BV-CELLBATCH-002140:0003,USR-088,"[""BV-CELLBATCH-002140"",""BV-SECONDLIFESYSTEM-000140""]"
CELLBATCH-002140,Firmware Rolled Back,2023-10-10T20:14:00Z,sat_service_status,sat_service_status:BV-CELLBATCH-002140:0002,USR-089,"[""BV-CELLBATCH-002140"",""BV-RECYCLINGORDER-000140"",""BV-VEHICLE-000140""]"
CELLBATCH-002140,Second-Life Assessment Failed,2023-10-10T20:51:00Z,sat_recall_status,sat_recall_status:BV-CELLBATCH-002140:0001,USR-105,"[""BV-CELLBATCH-002140"",""BV-SECONDLIFESYSTEM-000140""]"
CELLBATCH-002246,Battery Pack Failed Test,2023-10-11T00:28:00Z,sat_shipment_status,sat_shipment_status:BV-CELLBATCH-002246:0001,USR-091,"[""BV-CELLBATCH-002246"",""BV-WARRANTYCLAIM-000246""]"
CELLBATCH-002248,Battery Pack Failed Test,2023-10-11T06:30:00Z,sat_shipment_status,sat_shipment_status:BV-CELLBATCH-002248:0001,USR-125,"[""BV-CELLBATCH-002248"",""BV-WARRANTYCLAIM-000248"",""BV-CERTIFICATE-000248""]"
CELLBATCH-002145,Battery Pack Failed Test,2023-10-11T10:00:00Z,sat_shipment_status,sat_shipment_status:BV-CELLBATCH-002145:0001,USR-025,"[""BV-CELLBATCH-002145"",""BV-WARRANTYCLAIM-000145""]"
CELLBATCH-002145,Firmware Installation Failed,2023-10-11T10:37:00Z,sat_diagnostic_result,sat_diagnostic_result:BV-CELLBATCH-002145:0002,USR-046,"[""BV-CELLBATCH-002145"",""BV-SECONDLIFESYSTEM-000145"",""BV-BATTERYPASSPORT-002145""]"
CELLBATCH-002145,Firmware Rolled Back,2023-10-11T11:14:00Z,sat_service_status,sat_service_status:BV-CELLBATCH-002145:0002,USR-047,"[""BV-CELLBATCH-002145"",""BV-RECYCLINGORDER-000145""]"
CELLBATCH-002145,Second-Life Assessment Failed,2023-10-11T11:51:00Z,sat_recall_status,sat_recall_status:BV-CELLBATCH-002145:0004,USR-063,"[""BV-CELLBATCH-002145"",""BV-SECONDLIFESYSTEM-000145""]"
CELLBATCH-002250,Battery Pack Failed Test,2023-10-11T12:32:00Z,sat_shipment_status,sat_shipment_status:BV-CELLBATCH-002250:0001,USR-032,"[""BV-CELLBATCH-002250"",""BV-WARRANTYCLAIM-000250""]"
CELLBATCH-002207,Firmware Rolled Back,2023-10-11T15:11:00Z,sat_service_status,sat_service_status:BV-CELLBATCH-002207:0002,USR-085,"[""BV-CELLBATCH-002207"",""BV-RECYCLINGORDER-000207""]"
CELLBATCH-002252,Battery Pack Failed Test,2023-10-11T18:34:00Z,sat_shipment_status,sat_shipment_status:BV-CELLBATCH-002252:0001,USR-066,"[""BV-CELLBATCH-002252"",""BV-WARRANTYCLAIM-000252""]"
CELLBATCH-002254,Battery Pack Failed Test,2023-10-12T00:36:00Z,sat_shipment_status,sat_shipment_status:BV-CELLBATCH-002254:0001,USR-100,"[""BV-CELLBATCH-002254"",""BV-WARRANTYCLAIM-000254""]"
CELLBATCH-002150,Battery Pack Failed Test,2023-10-12T01:00:00Z,sat_shipment_status,sat_shipment_status:BV-CELLBATCH-002150:0002,USR-110,"[""BV-CELLBATCH-002150"",""BV-WARRANTYCLAIM-000150""]"
CELLBATCH-002150,Firmware Installation Failed,2023-10-12T01:37:00Z,sat_diagnostic_result,sat_diagnostic_result:BV-CELLBATCH-002150:0002,USR-004,"[""BV-CELLBATCH-002150"",""BV-SECONDLIFESYSTEM-000150"",""BV-BATTERYPASSPORT-002150""]"
CELLBATCH-002150,Firmware Rolled Back,2023-10-12T02:14:00Z,sat_service_status,sat_service_status:BV-CELLBATCH-002150:0002,USR-005,"[""BV-CELLBATCH-002150"",""BV-RECYCLINGORDER-000150""]"
CELLBATCH-002150,Second-Life Assessment Failed,2023-10-12T02:51:00Z,sat_recall_status,sat_recall_status:BV-CELLBATCH-002150:0001,USR-021,"[""BV-CELLBATCH-002150"",""BV-SECONDLIFESYSTEM-000150"",""BV-BATTERYPASSPORT-002150""]"
CELLBATCH-002213,Firmware Installation Failed,2023-10-12T03:16:00Z,sat_diagnostic_result,sat_diagnostic_result:BV-CELLBATCH-002213:0002,USR-059,"[""BV-CELLBATCH-002213"",""BV-SECONDLIFESYSTEM-000213""]"
CELLBATCH-002256,Battery Pack Failed Test,2023-10-12T06:38:00Z,sat_shipment_status,sat_shipment_status:BV-CELLBATCH-002256:0001,USR-007,"[""BV-CELLBATCH-002256"",""BV-WARRANTYCLAIM-000256"",""BV-CERTIFICATE-000256""]"
CELLBATCH-002214,Firmware Rolled Back,2023-10-12T12:18:00Z,sat_service_status,sat_service_status:BV-CELLBATCH-002214:0002,USR-077,"[""BV-CELLBATCH-002214"",""BV-RECYCLINGORDER-000214"",""BV-VEHICLE-000214""]"
CELLBATCH-002258,Battery Pack Failed Test,2023-10-12T12:40:00Z,sat_shipment_status,sat_shipment_status:BV-CELLBATCH-002258:0001,USR-041,"[""BV-CELLBATCH-002258"",""BV-WARRANTYCLAIM-000258"",""BV-CERTIFICATE-000258""]"
CELLBATCH-002155,Battery Pack Failed Test,2023-10-12T16:00:00Z,sat_shipment_status,sat_shipment_status:BV-CELLBATCH-002155:0001,USR-068,"[""BV-CELLBATCH-002155"",""BV-WARRANTYCLAIM-000155""]"
CELLBATCH-002155,Firmware Installation Failed,2023-10-12T16:37:00Z,sat_diagnostic_result,sat_diagnostic_result:BV-CELLBATCH-002155:0002,USR-089,"[""BV-CELLBATCH-002155"",""BV-SECONDLIFESYSTEM-000155"",""BV-BATTERYPASSPORT-002155""]"
CELLBATCH-002155,Firmware Rolled Back,2023-10-12T17:14:00Z,sat_service_status,sat_service_status:BV-CELLBATCH-002155:0002,USR-090,"[""BV-CELLBATCH-002155"",""BV-RECYCLINGORDER-000155""]"
CELLBATCH-002155,Second-Life Assessment Failed,2023-10-12T17:51:00Z,sat_recall_status,sat_recall_status:BV-CELLBATCH-002155:0003,USR-106,"[""BV-CELLBATCH-002155"",""BV-SECONDLIFESYSTEM-000155"",""BV-BATTERYPASSPORT-002155""]"
CELLBATCH-002260,Battery Pack Failed Test,2023-10-12T18:42:00Z,sat_shipment_status,sat_shipment_status:BV-CELLBATCH-002260:0001,USR-075,"[""BV-CELLBATCH-002260"",""BV-WARRANTYCLAIM-000260""]"
CELLBATCH-002262,Battery Pack Failed Test,2023-10-13T00:44:00Z,sat_shipment_status,sat_shipment_status:BV-CELLBATCH-002262:0001,USR-109,"[""BV-CELLBATCH-002262"",""BV-WARRANTYCLAIM-000262"",""BV-CERTIFICATE-000262""]"
CELLBATCH-002264,Battery Pack Failed Test,2023-10-13T06:46:00Z,sat_shipment_status,sat_shipment_status:BV-CELLBATCH-002264:0001,USR-016,"[""BV-CELLBATCH-002264"",""BV-WARRANTYCLAIM-000264"",""BV-CERTIFICATE-000264""]"
CELLBATCH-002160,Battery Pack Failed Test,2023-10-13T07:00:00Z,sat_shipment_status,sat_shipment_status:BV-CELLBATCH-002160:0002,USR-026,"[""BV-CELLBATCH-002160"",""BV-WARRANTYCLAIM-000160"",""BV-CERTIFICATE-000160""]"
CELLBATCH-002160,Firmware Installation Failed,2023-10-13T07:37:00Z,sat_diagnostic_result,sat_diagnostic_result:BV-CELLBATCH-002160:0002,USR-047,"[""BV-CELLBATCH-002160"",""BV-SECONDLIFESYSTEM-000160""]"
CELLBATCH-002160,Firmware Rolled Back,2023-10-13T08:14:00Z,sat_service_status,sat_service_status:BV-CELLBATCH-002160:0002,USR-048,"[""BV-CELLBATCH-002160"",""BV-RECYCLINGORDER-000160""]"
CELLBATCH-002160,Second-Life Assessment Failed,2023-10-13T08:51:00Z,sat_recall_status,sat_recall_status:BV-CELLBATCH-002160:0001,USR-064,"[""BV-CELLBATCH-002160"",""BV-SECONDLIFESYSTEM-000160"",""BV-BATTERYPASSPORT-002160""]"
CELLBATCH-002221,Firmware Rolled Back,2023-10-13T09:25:00Z,sat_service_status,sat_service_status:BV-CELLBATCH-002221:0002,USR-069,"[""BV-CELLBATCH-002221"",""BV-RECYCLINGORDER-000221"",""BV-VEHICLE-000221""]"
CELLBATCH-002266,Battery Pack Failed Test,2023-10-13T12:48:00Z,sat_shipment_status,sat_shipment_status:BV-CELLBATCH-002266:0001,USR-050,"[""BV-CELLBATCH-002266"",""BV-WARRANTYCLAIM-000266"",""BV-CERTIFICATE-000266""]"
CELLBATCH-002192,Second-Life Assessment Failed,2023-10-13T18:12:00Z,sat_recall_status,sat_recall_status:BV-CELLBATCH-002192:0001,USR-100,"[""BV-CELLBATCH-002192"",""BV-SECONDLIFESYSTEM-000192"",""BV-BATTERYPASSPORT-002192""]"
CELLBATCH-002268,Battery Pack Failed Test,2023-10-13T18:50:00Z,sat_shipment_status,sat_shipment_status:BV-CELLBATCH-002268:0001,USR-084,"[""BV-CELLBATCH-002268"",""BV-WARRANTYCLAIM-000268""]"
CELLBATCH-002165,Battery Pack Failed Test,2023-10-13T22:00:00Z,sat_shipment_status,sat_shipment_status:BV-CELLBATCH-002165:0001,USR-111,"[""BV-CELLBATCH-002165"",""BV-WARRANTYCLAIM-000165""]"
CELLBATCH-002165,Firmware Installation Failed,2023-10-13T22:37:00Z,sat_diagnostic_result,sat_diagnostic_result:BV-CELLBATCH-002165:0002,USR-005,"[""BV-CELLBATCH-002165"",""BV-SECONDLIFESYSTEM-000165"",""BV-BATTERYPASSPORT-002165""]"
CELLBATCH-002165,Firmware Rolled Back,2023-10-13T23:14:00Z,sat_service_status,sat_service_status:BV-CELLBATCH-002165:0003,USR-006,"[""BV-CELLBATCH-002165"",""BV-RECYCLINGORDER-000165""]"
CELLBATCH-002165,Second-Life Assessment Failed,2023-10-13T23:51:00Z,sat_recall_status,sat_recall_status:BV-CELLBATCH-002165:0002,USR-022,"[""BV-CELLBATCH-002165"",""BV-SECONDLIFESYSTEM-000165""]"
CELLBATCH-002270,Battery Pack Failed Test,2023-10-14T00:52:00Z,sat_shipment_status,sat_shipment_status:BV-CELLBATCH-002270:0001,USR-118,"[""BV-CELLBATCH-002270"",""BV-WARRANTYCLAIM-000270""]"
CELLBATCH-002272,Battery Pack Failed Test,2023-10-14T06:01:00Z,sat_shipment_status,sat_shipment_status:BV-CELLBATCH-002272:0001,USR-025,"[""BV-CELLBATCH-002272"",""BV-WARRANTYCLAIM-000272"",""BV-CERTIFICATE-000272""]"
CELLBATCH-002228,Firmware Rolled Back,2023-10-14T06:32:00Z,sat_service_status,sat_service_status:BV-CELLBATCH-002228:0002,USR-061,"[""BV-CELLBATCH-002228"",""BV-RECYCLINGORDER-000228""]"
CELLBATCH-002274,Battery Pack Failed Test,2023-10-14T12:03:00Z,sat_shipment_status,sat_shipment_status:BV-CELLBATCH-002274:0001,USR-059,"[""BV-CELLBATCH-002274"",""BV-WARRANTYCLAIM-000274""]"
CELLBATCH-002170,Battery Pack Failed Test,2023-10-14T13:00:00Z,sat_shipment_status,sat_shipment_status:BV-CELLBATCH-002170:0003,USR-069,"[""BV-CELLBATCH-002170"",""BV-WARRANTYCLAIM-000170""]"
CELLBATCH-002170,Firmware Installation Failed,2023-10-14T13:37:00Z,sat_diagnostic_result,sat_diagnostic_result:BV-CELLBATCH-002170:0002,USR-090,"[""BV-CELLBATCH-002170"",""BV-SECONDLIFESYSTEM-000170""]"
CELLBATCH-002170,Firmware Rolled Back,2023-10-14T14:14:00Z,sat_service_status,sat_service_status:BV-CELLBATCH-002170:0002,USR-091,"[""BV-CELLBATCH-002170"",""BV-RECYCLINGORDER-000170"",""BV-VEHICLE-000170""]"
CELLBATCH-002170,Second-Life Assessment Failed,2023-10-14T14:51:00Z,sat_recall_status,sat_recall_status:BV-CELLBATCH-002170:0001,USR-107,"[""BV-CELLBATCH-002170"",""BV-SECONDLIFESYSTEM-000170""]"
CELLBATCH-002276,Battery Pack Failed Test,2023-10-14T18:05:00Z,sat_shipment_status,sat_shipment_status:BV-CELLBATCH-002276:0001,USR-093,"[""BV-CELLBATCH-002276"",""BV-WARRANTYCLAIM-000276""]"
CELLBATCH-002278,Battery Pack Failed Test,2023-10-15T00:07:00Z,sat_shipment_status,sat_shipment_status:BV-CELLBATCH-002278:0001,USR-127,"[""BV-CELLBATCH-002278"",""BV-WARRANTYCLAIM-000278"",""BV-CERTIFICATE-000278""]"
CELLBATCH-002235,Firmware Rolled Back,2023-10-15T03:39:00Z,sat_service_status,sat_service_status:BV-CELLBATCH-002235:0002,USR-053,"[""BV-CELLBATCH-002235"",""BV-RECYCLINGORDER-000235""]"
CELLBATCH-002175,Battery Pack Failed Test,2023-10-15T04:00:00Z,sat_shipment_status,sat_shipment_status:BV-CELLBATCH-002175:0001,USR-027,"[""BV-CELLBATCH-002175"",""BV-WARRANTYCLAIM-000175""]"
CELLBATCH-002175,Firmware Installation Failed,2023-10-15T04:37:00Z,sat_diagnostic_result,sat_diagnostic_result:BV-CELLBATCH-002175:0002,USR-048,"[""BV-CELLBATCH-002175"",""BV-SECONDLIFESYSTEM-000175"",""BV-BATTERYPASSPORT-002175""]"
CELLBATCH-002175,Firmware Rolled Back,2023-10-15T05:14:00Z,sat_service_status,sat_service_status:BV-CELLBATCH-002175:0002,USR-049,"[""BV-CELLBATCH-002175"",""BV-RECYCLINGORDER-000175""]"
CELLBATCH-002175,Second-Life Assessment Failed,2023-10-15T05:51:00Z,sat_recall_status,sat_recall_status:BV-CELLBATCH-002175:0002,USR-065,"[""BV-CELLBATCH-002175"",""BV-SECONDLIFESYSTEM-000175""]"
CELLBATCH-002280,Battery Pack Failed Test,2023-10-15T06:09:00Z,sat_shipment_status,sat_shipment_status:BV-CELLBATCH-002280:0001,USR-034,"[""BV-CELLBATCH-002280"",""BV-WARRANTYCLAIM-000280""]"
CELLBATCH-002282,Battery Pack Failed Test,2023-10-15T12:11:00Z,sat_shipment_status,sat_shipment_status:BV-CELLBATCH-002282:0001,USR-068,"[""BV-CELLBATCH-002282"",""BV-WARRANTYCLAIM-000282""]"
CELLBATCH-002284,Battery Pack Failed Test,2023-10-15T18:13:00Z,sat_shipment_status,sat_shipment_status:BV-CELLBATCH-002284:0001,USR-102,"[""BV-CELLBATCH-002284"",""BV-WARRANTYCLAIM-000284""]"
CELLBATCH-002180,Battery Pack Failed Test,2023-10-15T19:00:00Z,sat_shipment_status,sat_shipment_status:BV-CELLBATCH-002180:0003,USR-112,"[""BV-CELLBATCH-002180"",""BV-WARRANTYCLAIM-000180""]"
CELLBATCH-002180,Firmware Installation Failed,2023-10-15T19:37:00Z,sat_diagnostic_result,sat_diagnostic_result:BV-CELLBATCH-002180:0002,USR-006,"[""BV-CELLBATCH-002180"",""BV-SECONDLIFESYSTEM-000180"",""BV-BATTERYPASSPORT-002180""]"
CELLBATCH-002180,Firmware Rolled Back,2023-10-15T20:14:00Z,sat_service_status,sat_service_status:BV-CELLBATCH-002180:0002,USR-007,"[""BV-CELLBATCH-002180"",""BV-RECYCLINGORDER-000180""]"
CELLBATCH-002180,Second-Life Assessment Failed,2023-10-15T20:51:00Z,sat_recall_status,sat_recall_status:BV-CELLBATCH-002180:0001,USR-023,"[""BV-CELLBATCH-002180"",""BV-SECONDLIFESYSTEM-000180""]"
CELLBATCH-002286,Battery Pack Failed Test,2023-10-16T00:15:00Z,sat_shipment_status,sat_shipment_status:BV-CELLBATCH-002286:0001,USR-009,"[""BV-CELLBATCH-002286"",""BV-WARRANTYCLAIM-000286""]"
CELLBATCH-002242,Firmware Rolled Back,2023-10-16T00:46:00Z,sat_service_status,sat_service_status:BV-CELLBATCH-002242:0002,USR-045,"[""BV-CELLBATCH-002242"",""BV-RECYCLINGORDER-000242""]"
CELLBATCH-002288,Battery Pack Failed Test,2023-10-16T06:17:00Z,sat_shipment_status,sat_shipment_status:BV-CELLBATCH-002288:0001,USR-043,"[""BV-CELLBATCH-002288"",""BV-WARRANTYCLAIM-000288""]"
CELLBATCH-002185,Battery Pack Failed Test,2023-10-16T10:00:00Z,sat_shipment_status,sat_shipment_status:BV-CELLBATCH-002185:0001,USR-070,"[""BV-CELLBATCH-002185"",""BV-WARRANTYCLAIM-000185"",""BV-CERTIFICATE-000185""]"
CELLBATCH-002185,Firmware Installation Failed,2023-10-16T10:37:00Z,sat_diagnostic_result,sat_diagnostic_result:BV-CELLBATCH-002185:0002,USR-091,"[""BV-CELLBATCH-002185"",""BV-SECONDLIFESYSTEM-000185""]"
CELLBATCH-002185,Firmware Rolled Back,2023-10-16T11:14:00Z,sat_service_status,sat_service_status:BV-CELLBATCH-002185:0002,USR-092,"[""BV-CELLBATCH-002185"",""BV-RECYCLINGORDER-000185""]"
CELLBATCH-002185,Second-Life Assessment Failed,2023-10-16T11:51:00Z,sat_recall_status,sat_recall_status:BV-CELLBATCH-002185:0002,USR-108,"[""BV-CELLBATCH-002185"",""BV-SECONDLIFESYSTEM-000185"",""BV-BATTERYPASSPORT-002185""]"
CELLBATCH-002290,Battery Pack Failed Test,2023-10-16T12:19:00Z,sat_shipment_status,sat_shipment_status:BV-CELLBATCH-002290:0001,USR-077,"[""BV-CELLBATCH-002290"",""BV-WARRANTYCLAIM-000290""]"
CELLBATCH-002250,Firmware Installation Failed,2023-10-16T18:00:00Z,sat_diagnostic_result,sat_diagnostic_result:BV-CELLBATCH-002250:0002,USR-053,"[""BV-CELLBATCH-002250"",""BV-SECONDLIFESYSTEM-000250"",""BV-BATTERYPASSPORT-002250""]"
CELLBATCH-002292,Battery Pack Failed Test,2023-10-16T18:21:00Z,sat_shipment_status,sat_shipment_status:BV-CELLBATCH-002292:0001,USR-111,"[""BV-CELLBATCH-002292"",""BV-WARRANTYCLAIM-000292"",""BV-CERTIFICATE-000292""]"
CELLBATCH-002249,Firmware Rolled Back,2023-10-16T21:00:00Z,sat_service_status,sat_service_status:BV-CELLBATCH-002249:0002,USR-037,"[""BV-CELLBATCH-002249"",""BV-RECYCLINGORDER-000249""]"
CELLBATCH-002294,Battery Pack Failed Test,2023-10-17T00:23:00Z,sat_shipment_status,sat_shipment_status:BV-CELLBATCH-002294:0001,USR-018,"[""BV-CELLBATCH-002294"",""BV-WARRANTYCLAIM-000294""]"
CELLBATCH-002190,Battery Pack Failed Test,2023-10-17T01:00:00Z,sat_shipment_status,sat_shipment_status:BV-CELLBATCH-002190:0002,USR-028,"[""BV-CELLBATCH-002190"",""BV-WARRANTYCLAIM-000190""]"
CELLBATCH-002190,Firmware Installation Failed,2023-10-17T01:37:00Z,sat_diagnostic_result,sat_diagnostic_result:BV-CELLBATCH-002190:0002,USR-049,"[""BV-CELLBATCH-002190"",""BV-SECONDLIFESYSTEM-000190""]"
CELLBATCH-002190,Firmware Rolled Back,2023-10-17T02:14:00Z,sat_service_status,sat_service_status:BV-CELLBATCH-002190:0002,USR-050,"[""BV-CELLBATCH-002190"",""BV-RECYCLINGORDER-000190"",""BV-VEHICLE-000190""]"
CELLBATCH-002190,Second-Life Assessment Failed,2023-10-17T02:51:00Z,sat_recall_status,sat_recall_status:BV-CELLBATCH-002190:0001,USR-066,"[""BV-CELLBATCH-002190"",""BV-SECONDLIFESYSTEM-000190""]"
CELLBATCH-002296,Battery Pack Failed Test,2023-10-17T06:25:00Z,sat_shipment_status,sat_shipment_status:BV-CELLBATCH-002296:0001,USR-052,"[""BV-CELLBATCH-002296"",""BV-WARRANTYCLAIM-000296""]"
CELLBATCH-002298,Battery Pack Failed Test,2023-10-17T12:27:00Z,sat_shipment_status,sat_shipment_status:BV-CELLBATCH-002298:0001,USR-086,"[""BV-CELLBATCH-002298"",""BV-WARRANTYCLAIM-000298""]"
CELLBATCH-002223,Second-Life Assessment Failed,2023-10-17T15:43:00Z,sat_recall_status,sat_recall_status:BV-CELLBATCH-002223:0003,USR-119,"[""BV-CELLBATCH-002223"",""BV-SECONDLIFESYSTEM-000223""]"
CELLBATCH-002195,Battery Pack Failed Test,2023-10-17T16:00:00Z,sat_shipment_status,sat_shipment_status:BV-CELLBATCH-002195:0001,USR-113,"[""BV-CELLBATCH-002195"",""BV-WARRANTYCLAIM-000195""]"
CELLBATCH-002195,Firmware Installation Failed,2023-10-17T16:37:00Z,sat_diagnostic_result,sat_diagnostic_result:BV-CELLBATCH-002195:0002,USR-007,"[""BV-CELLBATCH-002195"",""BV-SECONDLIFESYSTEM-000195"",""BV-BATTERYPASSPORT-002195""]"
CELLBATCH-002195,Firmware Rolled Back,2023-10-17T17:14:00Z,sat_service_status,sat_service_status:BV-CELLBATCH-002195:0003,USR-008,"[""BV-CELLBATCH-002195"",""BV-RECYCLINGORDER-000195""]"
CELLBATCH-002195,Second-Life Assessment Failed,2023-10-17T17:51:00Z,sat_recall_status,sat_recall_status:BV-CELLBATCH-002195:0002,USR-024,"[""BV-CELLBATCH-002195"",""BV-SECONDLIFESYSTEM-000195"",""BV-BATTERYPASSPORT-002195""]"
CELLBATCH-002256,Firmware Rolled Back,2023-10-17T18:07:00Z,sat_service_status,sat_service_status:BV-CELLBATCH-002256:0002,USR-029,"[""BV-CELLBATCH-002256"",""BV-RECYCLINGORDER-000256"",""BV-VEHICLE-000256""]"
CELLBATCH-002300,Battery Pack Failed Test,2023-10-17T18:29:00Z,sat_shipment_status,sat_shipment_status:BV-CELLBATCH-002300:0001,USR-120,"[""BV-CELLBATCH-002300"",""BV-WARRANTYCLAIM-000300""]"
CELLBATCH-002302,Battery Pack Failed Test,2023-10-18T00:31:00Z,sat_shipment_status,sat_shipment_status:BV-CELLBATCH-002302:0001,USR-027,"[""BV-CELLBATCH-002302"",""BV-WARRANTYCLAIM-000302""]"
CELLBATCH-002304,Battery Pack Failed Test,2023-10-18T06:33:00Z,sat_shipment_status,sat_shipment_status:BV-CELLBATCH-002304:0001,USR-061,"[""BV-CELLBATCH-002304"",""BV-WARRANTYCLAIM-000304"",""BV-CERTIFICATE-000304""]"
CELLBATCH-002200,Battery Pack Failed Test,2023-10-18T07:00:00Z,sat_shipment_status,sat_shipment_status:BV-CELLBATCH-002200:0002,USR-071,"[""BV-CELLBATCH-002200"",""BV-WARRANTYCLAIM-000200""]"
CELLBATCH-002200,Firmware Installation Failed,2023-10-18T07:37:00Z,sat_diagnostic_result,sat_diagnostic_result:BV-CELLBATCH-002200:0002,USR-092,"[""BV-CELLBATCH-002200"",""BV-SECONDLIFESYSTEM-000200"",""BV-BATTERYPASSPORT-002200""]"
CELLBATCH-002200,Firmware Rolled Back,2023-10-18T08:14:00Z,sat_service_status,sat_service_status:BV-CELLBATCH-002200:0003,USR-093,"[""BV-CELLBATCH-002200"",""BV-RECYCLINGORDER-000200""]"
CELLBATCH-002200,Second-Life Assessment Failed,2023-10-18T08:51:00Z,sat_recall_status,sat_recall_status:BV-CELLBATCH-002200:0001,USR-109,"[""BV-CELLBATCH-002200"",""BV-SECONDLIFESYSTEM-000200""]"
CELLBATCH-002306,Battery Pack Failed Test,2023-10-18T12:35:00Z,sat_shipment_status,sat_shipment_status:BV-CELLBATCH-002306:0001,USR-095,"[""BV-CELLBATCH-002306"",""BV-WARRANTYCLAIM-000306""]"
CELLBATCH-002263,Firmware Rolled Back,2023-10-18T15:14:00Z,sat_service_status,sat_service_status:BV-CELLBATCH-002263:0003,USR-021,"[""BV-CELLBATCH-002263"",""BV-RECYCLINGORDER-000263""]"
CELLBATCH-002308,Battery Pack Failed Test,2023-10-18T18:37:00Z,sat_shipment_status,sat_shipment_status:BV-CELLBATCH-002308:0001,USR-002,"[""BV-CELLBATCH-002308"",""BV-WARRANTYCLAIM-000308""]"
CELLBATCH-002205,Battery Pack Failed Test,2023-10-18T22:00:00Z,sat_shipment_status,sat_shipment_status:BV-CELLBATCH-002205:0002,USR-029,"[""BV-CELLBATCH-002205"",""BV-WARRANTYCLAIM-000205""]"
CELLBATCH-002205,Firmware Installation Failed,2023-10-18T22:37:00Z,sat_diagnostic_result,sat_diagnostic_result:BV-CELLBATCH-002205:0002,USR-050,"[""BV-CELLBATCH-002205"",""BV-SECONDLIFESYSTEM-000205""]"
CELLBATCH-002205,Firmware Rolled Back,2023-10-18T23:14:00Z,sat_service_status,sat_service_status:BV-CELLBATCH-002205:0002,USR-051,"[""BV-CELLBATCH-002205"",""BV-RECYCLINGORDER-000205"",""BV-VEHICLE-000205""]"
CELLBATCH-002205,Second-Life Assessment Failed,2023-10-18T23:51:00Z,sat_recall_status,sat_recall_status:BV-CELLBATCH-002205:0002,USR-067,"[""BV-CELLBATCH-002205"",""BV-SECONDLIFESYSTEM-000205""]"
CELLBATCH-002310,Battery Pack Failed Test,2023-10-19T00:39:00Z,sat_shipment_status,sat_shipment_status:BV-CELLBATCH-002310:0001,USR-036,"[""BV-CELLBATCH-002310"",""BV-WARRANTYCLAIM-000310"",""BV-CERTIFICATE-000310""]"
CELLBATCH-002312,Battery Pack Failed Test,2023-10-19T06:41:00Z,sat_shipment_status,sat_shipment_status:BV-CELLBATCH-002312:0001,USR-070,"[""BV-CELLBATCH-002312"",""BV-WARRANTYCLAIM-000312""]"
CELLBATCH-002270,Firmware Rolled Back,2023-10-19T12:21:00Z,sat_service_status,sat_service_status:BV-CELLBATCH-002270:0002,USR-013,"[""BV-CELLBATCH-002270"",""BV-RECYCLINGORDER-000270""]"
CELLBATCH-002314,Battery Pack Failed Test,2023-10-19T12:43:00Z,sat_shipment_status,sat_shipment_status:BV-CELLBATCH-002314:0001,USR-104,"[""BV-CELLBATCH-002314"",""BV-WARRANTYCLAIM-000314"",""BV-CERTIFICATE-000314""]"
CELLBATCH-002210,Battery Pack Failed Test,2023-10-19T13:00:00Z,sat_shipment_status,sat_shipment_status:BV-CELLBATCH-002210:0002,USR-114,"[""BV-CELLBATCH-002210"",""BV-WARRANTYCLAIM-000210""]"
CELLBATCH-002210,Firmware Installation Failed,2023-10-19T13:37:00Z,sat_diagnostic_result,sat_diagnostic_result:BV-CELLBATCH-002210:0002,USR-008,"[""BV-CELLBATCH-002210"",""BV-SECONDLIFESYSTEM-000210"",""BV-BATTERYPASSPORT-002210""]"
CELLBATCH-002210,Firmware Rolled Back,2023-10-19T14:14:00Z,sat_service_status,sat_service_status:BV-CELLBATCH-002210:0002,USR-009,"[""BV-CELLBATCH-002210"",""BV-RECYCLINGORDER-000210""]"
CELLBATCH-002210,Second-Life Assessment Failed,2023-10-19T14:51:00Z,sat_recall_status,sat_recall_status:BV-CELLBATCH-002210:0002,USR-025,"[""BV-CELLBATCH-002210"",""BV-SECONDLIFESYSTEM-000210"",""BV-BATTERYPASSPORT-002210""]"
CELLBATCH-002316,Battery Pack Failed Test,2023-10-19T18:45:00Z,sat_shipment_status,sat_shipment_status:BV-CELLBATCH-002316:0001,USR-011,"[""BV-CELLBATCH-002316"",""BV-WARRANTYCLAIM-000316""]"
CELLBATCH-002318,Battery Pack Failed Test,2023-10-20T00:47:00Z,sat_shipment_status,sat_shipment_status:BV-CELLBATCH-002318:0001,USR-045,"[""BV-CELLBATCH-002318"",""BV-WARRANTYCLAIM-000318""]"
CELLBATCH-002215,Battery Pack Failed Test,2023-10-20T04:00:00Z,sat_shipment_status,sat_shipment_status:BV-CELLBATCH-002215:0001,USR-072,"[""BV-CELLBATCH-002215"",""BV-WARRANTYCLAIM-000215"",""BV-CERTIFICATE-000215""]"
CELLBATCH-002215,Firmware Installation Failed,2023-10-20T04:37:00Z,sat_diagnostic_result,sat_diagnostic_result:BV-CELLBATCH-002215:0002,USR-093,"[""BV-CELLBATCH-002215"",""BV-SECONDLIFESYSTEM-000215""]"
CELLBATCH-002215,Firmware Rolled Back,2023-10-20T05:14:00Z,sat_service_status,sat_service_status:BV-CELLBATCH-002215:0003,USR-094,"[""BV-CELLBATCH-002215"",""BV-RECYCLINGORDER-000215"",""BV-VEHICLE-000215""]"
CELLBATCH-002215,Second-Life Assessment Failed,2023-10-20T05:51:00Z,sat_recall_status,sat_recall_status:BV-CELLBATCH-002215:0002,USR-110,"[""BV-CELLBATCH-002215"",""BV-SECONDLIFESYSTEM-000215""]"
CELLBATCH-002320,Battery Pack Failed Test,2023-10-20T06:49:00Z,sat_shipment_status,sat_shipment_status:BV-CELLBATCH-002320:0001,USR-079,"[""BV-CELLBATCH-002320"",""BV-WARRANTYCLAIM-000320""]"
CELLBATCH-002277,Firmware Rolled Back,2023-10-20T09:28:00Z,sat_service_status,sat_service_status:BV-CELLBATCH-002277:0002,USR-005,"[""BV-CELLBATCH-002277"",""BV-RECYCLINGORDER-000277""]"
CELLBATCH-002322,Battery Pack Failed Test,2023-10-20T12:51:00Z,sat_shipment_status,sat_shipment_status:BV-CELLBATCH-002322:0001,USR-113,"[""BV-CELLBATCH-002322"",""BV-WARRANTYCLAIM-000322""]"
CELLBATCH-002324,Battery Pack Failed Test,2023-10-20T18:00:00Z,sat_shipment_status,sat_shipment_status:BV-CELLBATCH-002324:0001,USR-020,"[""BV-CELLBATCH-002324"",""BV-WARRANTYCLAIM-000324"",""BV-CERTIFICATE-000324""]"
CELLBATCH-002220,Battery Pack Failed Test,2023-10-20T19:00:00Z,sat_shipment_status,sat_shipment_status:BV-CELLBATCH-002220:0002,USR-030,"[""BV-CELLBATCH-002220"",""BV-WARRANTYCLAIM-000220""]"
CELLBATCH-002220,Firmware Installation Failed,2023-10-20T19:37:00Z,sat_diagnostic_result,sat_diagnostic_result:BV-CELLBATCH-002220:0002,USR-051,"[""BV-CELLBATCH-002220"",""BV-SECONDLIFESYSTEM-000220"",""BV-BATTERYPASSPORT-002220""]"
CELLBATCH-002220,Firmware Rolled Back,2023-10-20T20:14:00Z,sat_service_status,sat_service_status:BV-CELLBATCH-002220:0002,USR-052,"[""BV-CELLBATCH-002220"",""BV-RECYCLINGORDER-000220""]"
CELLBATCH-002220,Second-Life Assessment Failed,2023-10-20T20:51:00Z,sat_recall_status,sat_recall_status:BV-CELLBATCH-002220:0001,USR-068,"[""BV-CELLBATCH-002220"",""BV-SECONDLIFESYSTEM-000220""]"
CELLBATCH-002326,Battery Pack Failed Test,2023-10-21T00:02:00Z,sat_shipment_status,sat_shipment_status:BV-CELLBATCH-002326:0001,USR-054,"[""BV-CELLBATCH-002326"",""BV-WARRANTYCLAIM-000326""]"
CELLBATCH-002328,Battery Pack Failed Test,2023-10-21T06:04:00Z,sat_shipment_status,sat_shipment_status:BV-CELLBATCH-002328:0001,USR-088,"[""BV-CELLBATCH-002328"",""BV-WARRANTYCLAIM-000328""]"
CELLBATCH-002284,Firmware Rolled Back,2023-10-21T06:35:00Z,sat_service_status,sat_service_status:BV-CELLBATCH-002284:0002,USR-124,"[""BV-CELLBATCH-002284"",""BV-RECYCLINGORDER-000284"",""BV-VEHICLE-000284""]"
CELLBATCH-002287,Firmware Installation Failed,2023-10-21T09:37:00Z,sat_diagnostic_result,sat_diagnostic_result:BV-CELLBATCH-002287:0002,USR-047,"[""BV-CELLBATCH-002287"",""BV-SECONDLIFESYSTEM-000287""]"
CELLBATCH-002225,Battery Pack Failed Test,2023-10-21T10:00:00Z,sat_shipment_status,sat_shipment_status:BV-CELLBATCH-002225:0001,USR-115,"[""BV-CELLBATCH-002225"",""BV-WARRANTYCLAIM-000225"",""BV-CERTIFICATE-000225""]"
CELLBATCH-002225,Firmware Installation Failed,2023-10-21T10:37:00Z,sat_diagnostic_result,sat_diagnostic_result:BV-CELLBATCH-002225:0003,USR-009,"[""BV-CELLBATCH-002225"",""BV-SECONDLIFESYSTEM-000225""]"
CELLBATCH-002225,Firmware Rolled Back,2023-10-21T11:14:00Z,sat_service_status,sat_service_status:BV-CELLBATCH-002225:0002,USR-010,"[""BV-CELLBATCH-002225"",""BV-RECYCLINGORDER-000225""]"
CELLBATCH-002225,Second-Life Assessment Failed,2023-10-21T11:51:00Z,sat_recall_status,sat_recall_status:BV-CELLBATCH-002225:0002,USR-026,"[""BV-CELLBATCH-002225"",""BV-SECONDLIFESYSTEM-000225"",""BV-BATTERYPASSPORT-002225""]"
CELLBATCH-002330,Battery Pack Failed Test,2023-10-21T12:06:00Z,sat_shipment_status,sat_shipment_status:BV-CELLBATCH-002330:0001,USR-122,"[""BV-CELLBATCH-002330"",""BV-WARRANTYCLAIM-000330""]"
CELLBATCH-002254,Second-Life Assessment Failed,2023-10-21T12:21:00Z,sat_recall_status,sat_recall_status:BV-CELLBATCH-002254:0001,USR-011,"[""BV-CELLBATCH-002254"",""BV-SECONDLIFESYSTEM-000254""]"
CELLBATCH-002332,Battery Pack Failed Test,2023-10-21T18:08:00Z,sat_shipment_status,sat_shipment_status:BV-CELLBATCH-002332:0001,USR-029,"[""BV-CELLBATCH-002332"",""BV-WARRANTYCLAIM-000332"",""BV-CERTIFICATE-000332""]"
CELLBATCH-002334,Battery Pack Failed Test,2023-10-22T00:10:00Z,sat_shipment_status,sat_shipment_status:BV-CELLBATCH-002334:0001,USR-063,"[""BV-CELLBATCH-002334"",""BV-WARRANTYCLAIM-000334"",""BV-CERTIFICATE-000334""]"
CELLBATCH-002230,Battery Pack Failed Test,2023-10-22T01:00:00Z,sat_shipment_status,sat_shipment_status:BV-CELLBATCH-002230:0002,USR-073,"[""BV-CELLBATCH-002230"",""BV-WARRANTYCLAIM-000230""]"
CELLBATCH-002230,Firmware Installation Failed,2023-10-22T01:37:00Z,sat_diagnostic_result,sat_diagnostic_result:BV-CELLBATCH-002230:0003,USR-094,"[""BV-CELLBATCH-002230"",""BV-SECONDLIFESYSTEM-000230"",""BV-BATTERYPASSPORT-002230""]"
CELLBATCH-002230,Firmware Rolled Back,2023-10-22T02:14:00Z,sat_service_status,sat_service_status:BV-CELLBATCH-002230:0002,USR-095,"[""BV-CELLBATCH-002230"",""BV-RECYCLINGORDER-000230""]"
CELLBATCH-002230,Second-Life Assessment Failed,2023-10-22T02:51:00Z,sat_recall_status,sat_recall_status:BV-CELLBATCH-002230:0001,USR-111,"[""BV-CELLBATCH-002230"",""BV-SECONDLIFESYSTEM-000230""]"
CELLBATCH-002291,Firmware Rolled Back,2023-10-22T03:42:00Z,sat_service_status,sat_service_status:BV-CELLBATCH-002291:0002,USR-116,"[""BV-CELLBATCH-002291"",""BV-RECYCLINGORDER-000291""]"
CELLBATCH-002336,Battery Pack Failed Test,2023-10-22T06:12:00Z,sat_shipment_status,sat_shipment_status:BV-CELLBATCH-002336:0001,USR-097,"[""BV-CELLBATCH-002336"",""BV-WARRANTYCLAIM-000336""]"
CELLBATCH-002338,Battery Pack Failed Test,2023-10-22T12:14:00Z,sat_shipment_status,sat_shipment_status:BV-CELLBATCH-002338:0001,USR-004,"[""BV-CELLBATCH-002338"",""BV-WARRANTYCLAIM-000338"",""BV-CERTIFICATE-000338""]"
CELLBATCH-002235,Battery Pack Failed Test,2023-10-22T16:00:00Z,sat_shipment_status,sat_shipment_status:BV-CELLBATCH-002235:0001,USR-031,"[""BV-CELLBATCH-002235"",""BV-WARRANTYCLAIM-000235"",""BV-CERTIFICATE-000235""]"
CELLBATCH-002235,Firmware Installation Failed,2023-10-22T16:37:00Z,sat_diagnostic_result,sat_diagnostic_result:BV-CELLBATCH-002235:0002,USR-052,"[""BV-CELLBATCH-002235"",""BV-SECONDLIFESYSTEM-000235""]"
CELLBATCH-002235,Firmware Rolled Back,2023-10-22T17:14:00Z,sat_service_status,sat_service_status:BV-CELLBATCH-002235:0003,USR-053,"[""BV-CELLBATCH-002235"",""BV-RECYCLINGORDER-000235"",""BV-VEHICLE-000235""]"
CELLBATCH-002235,Second-Life Assessment Failed,2023-10-22T17:51:00Z,sat_recall_status,sat_recall_status:BV-CELLBATCH-002235:0002,USR-069,"[""BV-CELLBATCH-002235"",""BV-SECONDLIFESYSTEM-000235""]"
CELLBATCH-002340,Battery Pack Failed Test,2023-10-22T18:16:00Z,sat_shipment_status,sat_shipment_status:BV-CELLBATCH-002340:0001,USR-038,"[""BV-CELLBATCH-002340"",""BV-WARRANTYCLAIM-000340""]"
CELLBATCH-002342,Battery Pack Failed Test,2023-10-23T00:18:00Z,sat_shipment_status,sat_shipment_status:BV-CELLBATCH-002342:0001,USR-072,"[""BV-CELLBATCH-002342"",""BV-WARRANTYCLAIM-000342"",""BV-CERTIFICATE-000342""]"
CELLBATCH-002298,Firmware Rolled Back,2023-10-23T00:49:00Z,sat_service_status,sat_service_status:BV-CELLBATCH-002298:0002,USR-108,"[""BV-CELLBATCH-002298"",""BV-RECYCLINGORDER-000298""]"
CELLBATCH-002344,Battery Pack Failed Test,2023-10-23T06:20:00Z,sat_shipment_status,sat_shipment_status:BV-CELLBATCH-002344:0001,USR-106,"[""BV-CELLBATCH-002344"",""BV-WARRANTYCLAIM-000344"",""BV-CERTIFICATE-000344""]"
CELLBATCH-002240,Battery Pack Failed Test,2023-10-23T07:00:00Z,sat_shipment_status,sat_shipment_status:BV-CELLBATCH-002240:0003,USR-116,"[""BV-CELLBATCH-002240"",""BV-WARRANTYCLAIM-000240""]"
CELLBATCH-002240,Firmware Installation Failed,2023-10-23T07:37:00Z,sat_diagnostic_result,sat_diagnostic_result:BV-CELLBATCH-002240:0002,USR-010,"[""BV-CELLBATCH-002240"",""BV-SECONDLIFESYSTEM-000240"",""BV-BATTERYPASSPORT-002240""]"
CELLBATCH-002240,Firmware Rolled Back,2023-10-23T08:14:00Z,sat_service_status,sat_service_status:BV-CELLBATCH-002240:0003,USR-011,"[""BV-CELLBATCH-002240"",""BV-RECYCLINGORDER-000240""]"
CELLBATCH-002240,Second-Life Assessment Failed,2023-10-23T08:51:00Z,sat_recall_status,sat_recall_status:BV-CELLBATCH-002240:0002,USR-027,"[""BV-CELLBATCH-002240"",""BV-SECONDLIFESYSTEM-000240""]"
CELLBATCH-002346,Battery Pack Failed Test,2023-10-23T12:22:00Z,sat_shipment_status,sat_shipment_status:BV-CELLBATCH-002346:0001,USR-013,"[""BV-CELLBATCH-002346"",""BV-WARRANTYCLAIM-000346""]"
CELLBATCH-002348,Battery Pack Failed Test,2023-10-23T18:24:00Z,sat_shipment_status,sat_shipment_status:BV-CELLBATCH-002348:0001,USR-047,"[""BV-CELLBATCH-002348"",""BV-WARRANTYCLAIM-000348"",""BV-CERTIFICATE-000348""]"
CELLBATCH-002305,Firmware Rolled Back,2023-10-23T21:03:00Z,sat_service_status,sat_service_status:BV-CELLBATCH-002305:0002,USR-100,"[""BV-CELLBATCH-002305"",""BV-RECYCLINGORDER-000305"",""BV-VEHICLE-000305""]"
CELLBATCH-002245,Battery Pack Failed Test,2023-10-23T22:00:00Z,sat_shipment_status,sat_shipment_status:BV-CELLBATCH-002245:0001,USR-074,"[""BV-CELLBATCH-002245"",""BV-WARRANTYCLAIM-000245""]"
CELLBATCH-002245,Firmware Installation Failed,2023-10-23T22:37:00Z,sat_diagnostic_result,sat_diagnostic_result:BV-CELLBATCH-002245:0002,USR-095,"[""BV-CELLBATCH-002245"",""BV-SECONDLIFESYSTEM-000245"",""BV-BATTERYPASSPORT-002245""]"
CELLBATCH-002245,Firmware Rolled Back,2023-10-23T23:14:00Z,sat_service_status,sat_service_status:BV-CELLBATCH-002245:0002,USR-096,"[""BV-CELLBATCH-002245"",""BV-RECYCLINGORDER-000245""]"
CELLBATCH-002245,Second-Life Assessment Failed,2023-10-23T23:51:00Z,sat_recall_status,sat_recall_status:BV-CELLBATCH-002245:0002,USR-112,"[""BV-CELLBATCH-002245"",""BV-SECONDLIFESYSTEM-000245""]"
CELLBATCH-002350,Battery Pack Failed Test,2023-10-24T00:26:00Z,sat_shipment_status,sat_shipment_status:BV-CELLBATCH-002350:0001,USR-081,"[""BV-CELLBATCH-002350"",""BV-WARRANTYCLAIM-000350""]"
CELLBATCH-002352,Battery Pack Failed Test,2023-10-24T06:28:00Z,sat_shipment_status,sat_shipment_status:BV-CELLBATCH-002352:0001,USR-115,"[""BV-CELLBATCH-002352"",""BV-WARRANTYCLAIM-000352"",""BV-CERTIFICATE-000352""]"
CELLBATCH-002354,Battery Pack Failed Test,2023-10-24T12:30:00Z,sat_shipment_status,sat_shipment_status:BV-CELLBATCH-002354:0001,USR-022,"[""BV-CELLBATCH-002354"",""BV-WARRANTYCLAIM-000354""]"
CELLBATCH-002250,Battery Pack Failed Test,2023-10-24T13:00:00Z,sat_shipment_status,sat_shipment_status:BV-CELLBATCH-002250:0002,USR-032,"[""BV-CELLBATCH-002250"",""BV-WARRANTYCLAIM-000250""]"
CELLBATCH-002250,Firmware Installation Failed,2023-10-24T13:37:00Z,sat_diagnostic_result,sat_diagnostic_result:BV-CELLBATCH-002250:0003,USR-053,"[""BV-CELLBATCH-002250"",""BV-SECONDLIFESYSTEM-000250""]"
CELLBATCH-002250,Firmware Rolled Back,2023-10-24T14:14:00Z,sat_service_status,sat_service_status:BV-CELLBATCH-002250:0002,USR-054,"[""BV-CELLBATCH-002250"",""BV-RECYCLINGORDER-000250"",""BV-VEHICLE-000250""]"
CELLBATCH-002250,Second-Life Assessment Failed,2023-10-24T14:51:00Z,sat_recall_status,sat_recall_status:BV-CELLBATCH-002250:0001,USR-070,"[""BV-CELLBATCH-002250"",""BV-SECONDLIFESYSTEM-000250""]"
CELLBATCH-002312,Firmware Rolled Back,2023-10-24T18:10:00Z,sat_service_status,sat_service_status:BV-CELLBATCH-002312:0002,USR-092,"[""BV-CELLBATCH-002312"",""BV-RECYCLINGORDER-000312""]"
CELLBATCH-002356,Battery Pack Failed Test,2023-10-24T18:32:00Z,sat_shipment_status,sat_shipment_status:BV-CELLBATCH-002356:0001,USR-056,"[""BV-CELLBATCH-002356"",""BV-WARRANTYCLAIM-000356""]"
CELLBATCH-002358,Battery Pack Failed Test,2023-10-25T00:34:00Z,sat_shipment_status,sat_shipment_status:BV-CELLBATCH-002358:0001,USR-090,"[""BV-CELLBATCH-002358"",""BV-WARRANTYCLAIM-000358"",""BV-CERTIFICATE-000358""]"
CELLBATCH-002255,Battery Pack Failed Test,2023-10-25T04:00:00Z,sat_shipment_status,sat_shipment_status:BV-CELLBATCH-002255:0001,USR-117,"[""BV-CELLBATCH-002255"",""BV-WARRANTYCLAIM-000255""]"
CELLBATCH-002255,Firmware Installation Failed,2023-10-25T04:37:00Z,sat_diagnostic_result,sat_diagnostic_result:BV-CELLBATCH-002255:0002,USR-011,"[""BV-CELLBATCH-002255"",""BV-SECONDLIFESYSTEM-000255"",""BV-BATTERYPASSPORT-002255""]"
CELLBATCH-002255,Firmware Rolled Back,2023-10-25T05:14:00Z,sat_service_status,sat_service_status:BV-CELLBATCH-002255:0002,USR-012,"[""BV-CELLBATCH-002255"",""BV-RECYCLINGORDER-000255""]"
CELLBATCH-002255,Second-Life Assessment Failed,2023-10-25T05:51:00Z,sat_recall_status,sat_recall_status:BV-CELLBATCH-002255:0002,USR-028,"[""BV-CELLBATCH-002255"",""BV-SECONDLIFESYSTEM-000255"",""BV-BATTERYPASSPORT-002255""]"
CELLBATCH-002360,Battery Pack Failed Test,2023-10-25T06:36:00Z,sat_shipment_status,sat_shipment_status:BV-CELLBATCH-002360:0001,USR-124,"[""BV-CELLBATCH-002360"",""BV-WARRANTYCLAIM-000360""]"
CELLBATCH-002285,Second-Life Assessment Failed,2023-10-25T09:52:00Z,sat_recall_status,sat_recall_status:BV-CELLBATCH-002285:0002,USR-030,"[""BV-CELLBATCH-002285"",""BV-SECONDLIFESYSTEM-000285""]"
CELLBATCH-002362,Battery Pack Failed Test,2023-10-25T12:38:00Z,sat_shipment_status,sat_shipment_status:BV-CELLBATCH-002362:0001,USR-031,"[""BV-CELLBATCH-002362"",""BV-WARRANTYCLAIM-000362"",""BV-CERTIFICATE-000362""]"
CELLBATCH-002319,Firmware Rolled Back,2023-10-25T15:17:00Z,sat_service_status,sat_service_status:BV-CELLBATCH-002319:0002,USR-084,"[""BV-CELLBATCH-002319"",""BV-RECYCLINGORDER-000319""]"
CELLBATCH-002364,Battery Pack Failed Test,2023-10-25T18:40:00Z,sat_shipment_status,sat_shipment_status:BV-CELLBATCH-002364:0001,USR-065,"[""BV-CELLBATCH-002364"",""BV-WARRANTYCLAIM-000364""]"
CELLBATCH-002260,Battery Pack Failed Test,2023-10-25T19:00:00Z,sat_shipment_status,sat_shipment_status:BV-CELLBATCH-002260:0002,USR-075,"[""BV-CELLBATCH-002260"",""BV-WARRANTYCLAIM-000260""]"
CELLBATCH-002260,Firmware Installation Failed,2023-10-25T19:37:00Z,sat_diagnostic_result,sat_diagnostic_result:BV-CELLBATCH-002260:0002,USR-096,"[""BV-CELLBATCH-002260"",""BV-SECONDLIFESYSTEM-000260""]"
CELLBATCH-002260,Firmware Rolled Back,2023-10-25T20:14:00Z,sat_service_status,sat_service_status:BV-CELLBATCH-002260:0002,USR-097,"[""BV-CELLBATCH-002260"",""BV-RECYCLINGORDER-000260"",""BV-VEHICLE-000260""]"
CELLBATCH-002260,Second-Life Assessment Failed,2023-10-25T20:51:00Z,sat_recall_status,sat_recall_status:BV-CELLBATCH-002260:0001,USR-113,"[""BV-CELLBATCH-002260"",""BV-SECONDLIFESYSTEM-000260""]"
CELLBATCH-002324,Firmware Installation Failed,2023-10-26T00:21:00Z,sat_diagnostic_result,sat_diagnostic_result:BV-CELLBATCH-002324:0002,USR-041,"[""BV-CELLBATCH-002324"",""BV-SECONDLIFESYSTEM-000324"",""BV-BATTERYPASSPORT-002324""]"
CELLBATCH-002366,Battery Pack Failed Test,2023-10-26T00:42:00Z,sat_shipment_status,sat_shipment_status:BV-CELLBATCH-002366:0001,USR-099,"[""BV-CELLBATCH-002366"",""BV-WARRANTYCLAIM-000366""]"
CELLBATCH-002368,Battery Pack Failed Test,2023-10-26T06:44:00Z,sat_shipment_status,sat_shipment_status:BV-CELLBATCH-002368:0001,USR-006,"[""BV-CELLBATCH-002368"",""BV-WARRANTYCLAIM-000368""]"
CELLBATCH-002265,Battery Pack Failed Test,2023-10-26T10:00:00Z,sat_shipment_status,sat_shipment_status:BV-CELLBATCH-002265:0001,USR-033,"[""BV-CELLBATCH-002265"",""BV-WARRANTYCLAIM-000265""]"
CELLBATCH-002265,Firmware Installation Failed,2023-10-26T10:37:00Z,sat_diagnostic_result,sat_diagnostic_result:BV-CELLBATCH-002265:0002,USR-054,"[""BV-CELLBATCH-002265"",""BV-SECONDLIFESYSTEM-000265"",""BV-BATTERYPASSPORT-002265""]"
CELLBATCH-002265,Firmware Rolled Back,2023-10-26T11:14:00Z,sat_service_status,sat_service_status:BV-CELLBATCH-002265:0002,USR-055,"[""BV-CELLBATCH-002265"",""BV-RECYCLINGORDER-000265""]"
CELLBATCH-002265,Second-Life Assessment Failed,2023-10-26T11:51:00Z,sat_recall_status,sat_recall_status:BV-CELLBATCH-002265:0002,USR-071,"[""BV-CELLBATCH-002265"",""BV-SECONDLIFESYSTEM-000265"",""BV-BATTERYPASSPORT-002265""]"
CELLBATCH-002326,Firmware Rolled Back,2023-10-26T12:24:00Z,sat_service_status,sat_service_status:BV-CELLBATCH-002326:0002,USR-076,"[""BV-CELLBATCH-002326"",""BV-RECYCLINGORDER-000326""]"
CELLBATCH-002370,Battery Pack Failed Test,2023-10-26T12:46:00Z,sat_shipment_status,sat_shipment_status:BV-CELLBATCH-002370:0001,USR-040,"[""BV-CELLBATCH-002370"",""BV-WARRANTYCLAIM-000370""]"
CELLBATCH-002372,Battery Pack Failed Test,2023-10-26T18:48:00Z,sat_shipment_status,sat_shipment_status:BV-CELLBATCH-002372:0001,USR-074,"[""BV-CELLBATCH-002372"",""BV-WARRANTYCLAIM-000372"",""BV-CERTIFICATE-000372""]"
CELLBATCH-002374,Battery Pack Failed Test,2023-10-27T00:50:00Z,sat_shipment_status,sat_shipment_status:BV-CELLBATCH-002374:0001,USR-108,"[""BV-CELLBATCH-002374"",""BV-WARRANTYCLAIM-000374""]"
CELLBATCH-002270,Battery Pack Failed Test,2023-10-27T01:00:00Z,sat_shipment_status,sat_shipment_status:BV-CELLBATCH-002270:0002,USR-118,"[""BV-CELLBATCH-002270"",""BV-WARRANTYCLAIM-000270""]"
CELLBATCH-002270,Firmware Installation Failed,2023-10-27T01:37:00Z,sat_diagnostic_result,sat_diagnostic_result:BV-CELLBATCH-002270:0002,USR-012,"[""BV-CELLBATCH-002270"",""BV-SECONDLIFESYSTEM-000270"",""BV-BATTERYPASSPORT-002270""]"
CELLBATCH-002270,Firmware Rolled Back,2023-10-27T02:14:00Z,sat_service_status,sat_service_status:BV-CELLBATCH-002270:0003,USR-013,"[""BV-CELLBATCH-002270"",""BV-RECYCLINGORDER-000270""]"
CELLBATCH-002270,Second-Life Assessment Failed,2023-10-27T02:51:00Z,sat_recall_status,sat_recall_status:BV-CELLBATCH-002270:0001,USR-029,"[""BV-CELLBATCH-002270"",""BV-SECONDLIFESYSTEM-000270"",""BV-BATTERYPASSPORT-002270""]"
CELLBATCH-002376,Battery Pack Failed Test,2023-10-27T06:52:00Z,sat_shipment_status,sat_shipment_status:BV-CELLBATCH-002376:0001,USR-015,"[""BV-CELLBATCH-002376"",""BV-WARRANTYCLAIM-000376"",""BV-CERTIFICATE-000376""]"
CELLBATCH-002333,Firmware Rolled Back,2023-10-27T09:31:00Z,sat_service_status,sat_service_status:BV-CELLBATCH-002333:0002,USR-068,"[""BV-CELLBATCH-002333"",""BV-RECYCLINGORDER-000333""]"
CELLBATCH-002378,Battery Pack Failed Test,2023-10-27T12:01:00Z,sat_shipment_status,sat_shipment_status:BV-CELLBATCH-002378:0001,USR-049,"[""BV-CELLBATCH-002378"",""BV-WARRANTYCLAIM-000378"",""BV-CERTIFICATE-000378""]"
CELLBATCH-002275,Battery Pack Failed Test,2023-10-27T16:00:00Z,sat_shipment_status,sat_shipment_status:BV-CELLBATCH-002275:0004,USR-076,"[""BV-CELLBATCH-002275"",""BV-WARRANTYCLAIM-000275""]"
CELLBATCH-002275,Firmware Installation Failed,2023-10-27T16:37:00Z,sat_diagnostic_result,sat_diagnostic_result:BV-CELLBATCH-002275:0002,USR-097,"[""BV-CELLBATCH-002275"",""BV-SECONDLIFESYSTEM-000275""]"
CELLBATCH-002275,Firmware Rolled Back,2023-10-27T17:14:00Z,sat_service_status,sat_service_status:BV-CELLBATCH-002275:0002,USR-098,"[""BV-CELLBATCH-002275"",""BV-RECYCLINGORDER-000275"",""BV-VEHICLE-000275""]"
CELLBATCH-002275,Second-Life Assessment Failed,2023-10-27T17:51:00Z,sat_recall_status,sat_recall_status:BV-CELLBATCH-002275:0003,USR-114,"[""BV-CELLBATCH-002275"",""BV-SECONDLIFESYSTEM-000275""]"
CELLBATCH-002380,Battery Pack Failed Test,2023-10-27T18:03:00Z,sat_shipment_status,sat_shipment_status:BV-CELLBATCH-002380:0001,USR-083,"[""BV-CELLBATCH-002380"",""BV-WARRANTYCLAIM-000380"",""BV-CERTIFICATE-000380""]"
CELLBATCH-002382,Battery Pack Failed Test,2023-10-28T00:05:00Z,sat_shipment_status,sat_shipment_status:BV-CELLBATCH-002382:0001,USR-117,"[""BV-CELLBATCH-002382"",""BV-WARRANTYCLAIM-000382""]"
CELLBATCH-002384,Battery Pack Failed Test,2023-10-28T06:07:00Z,sat_shipment_status,sat_shipment_status:BV-CELLBATCH-002384:0001,USR-024,"[""BV-CELLBATCH-002384"",""BV-WARRANTYCLAIM-000384""]"
CELLBATCH-002340,Firmware Rolled Back,2023-10-28T06:38:00Z,sat_service_status,sat_service_status:BV-CELLBATCH-002340:0002,USR-060,"[""BV-CELLBATCH-002340"",""BV-RECYCLINGORDER-000340"",""BV-VEHICLE-000340""]"
CELLBATCH-002280,Battery Pack Failed Test,2023-10-28T07:00:00Z,sat_shipment_status,sat_shipment_status:BV-CELLBATCH-002280:0002,USR-034,"[""BV-CELLBATCH-002280"",""BV-WARRANTYCLAIM-000280""]"
CELLBATCH-002280,Firmware Installation Failed,2023-10-28T07:37:00Z,sat_diagnostic_result,sat_diagnostic_result:BV-CELLBATCH-002280:0002,USR-055,"[""BV-CELLBATCH-002280"",""BV-SECONDLIFESYSTEM-000280"",""BV-BATTERYPASSPORT-002280""]"
CELLBATCH-002280,Firmware Rolled Back,2023-10-28T08:14:00Z,sat_service_status,sat_service_status:BV-CELLBATCH-002280:0002,USR-056,"[""BV-CELLBATCH-002280"",""BV-RECYCLINGORDER-000280""]"
CELLBATCH-002280,Second-Life Assessment Failed,2023-10-28T08:51:00Z,sat_recall_status,sat_recall_status:BV-CELLBATCH-002280:0001,USR-072,"[""BV-CELLBATCH-002280"",""BV-SECONDLIFESYSTEM-000280""]"
CELLBATCH-002386,Battery Pack Failed Test,2023-10-28T12:09:00Z,sat_shipment_status,sat_shipment_status:BV-CELLBATCH-002386:0001,USR-058,"[""BV-CELLBATCH-002386"",""BV-WARRANTYCLAIM-000386"",""BV-CERTIFICATE-000386""]"
CELLBATCH-002388,Battery Pack Failed Test,2023-10-28T18:11:00Z,sat_shipment_status,sat_shipment_status:BV-CELLBATCH-002388:0001,USR-092,"[""BV-CELLBATCH-002388"",""BV-WARRANTYCLAIM-000388""]"
CELLBATCH-002285,Battery Pack Failed Test,2023-10-28T22:00:00Z,sat_shipment_status,sat_shipment_status:BV-CELLBATCH-002285:0001,USR-119,"[""BV-CELLBATCH-002285"",""BV-WARRANTYCLAIM-000285"",""BV-CERTIFICATE-000285""]"
CELLBATCH-002285,Firmware Installation Failed,2023-10-28T22:37:00Z,sat_diagnostic_result,sat_diagnostic_result:BV-CELLBATCH-002285:0002,USR-013,"[""BV-CELLBATCH-002285"",""BV-SECONDLIFESYSTEM-000285""]"
CELLBATCH-002285,Firmware Rolled Back,2023-10-28T23:14:00Z,sat_service_status,sat_service_status:BV-CELLBATCH-002285:0002,USR-014,"[""BV-CELLBATCH-002285"",""BV-RECYCLINGORDER-000285"",""BV-VEHICLE-000285""]"
CELLBATCH-002285,Second-Life Assessment Failed,2023-10-28T23:51:00Z,sat_recall_status,sat_recall_status:BV-CELLBATCH-002285:0003,USR-030,"[""BV-CELLBATCH-002285"",""BV-SECONDLIFESYSTEM-000285""]"
CELLBATCH-002390,Battery Pack Failed Test,2023-10-29T00:13:00Z,sat_shipment_status,sat_shipment_status:BV-CELLBATCH-002390:0001,USR-126,"[""BV-CELLBATCH-002390"",""BV-WARRANTYCLAIM-000390""]"
CELLBATCH-002347,Firmware Rolled Back,2023-10-29T03:45:00Z,sat_service_status,sat_service_status:BV-CELLBATCH-002347:0002,USR-052,"[""BV-CELLBATCH-002347"",""BV-RECYCLINGORDER-000347"",""BV-VEHICLE-000347""]"
CELLBATCH-002392,Battery Pack Failed Test,2023-10-29T06:15:00Z,sat_shipment_status,sat_shipment_status:BV-CELLBATCH-002392:0001,USR-033,"[""BV-CELLBATCH-002392"",""BV-WARRANTYCLAIM-000392""]"
CELLBATCH-002316,Second-Life Assessment Failed,2023-10-29T06:30:00Z,sat_recall_status,sat_recall_status:BV-CELLBATCH-002316:0001,USR-049,"[""BV-CELLBATCH-002316"",""BV-SECONDLIFESYSTEM-000316"",""BV-BATTERYPASSPORT-002316""]"
CELLBATCH-002394,Battery Pack Failed Test,2023-10-29T12:17:00Z,sat_shipment_status,sat_shipment_status:BV-CELLBATCH-002394:0001,USR-067,"[""BV-CELLBATCH-002394"",""BV-WARRANTYCLAIM-000394""]"
CELLBATCH-002290,Battery Pack Failed Test,2023-10-29T13:00:00Z,sat_shipment_status,sat_shipment_status:BV-CELLBATCH-002290:0002,USR-077,"[""BV-CELLBATCH-002290"",""BV-WARRANTYCLAIM-000290""]"
CELLBATCH-002290,Firmware Installation Failed,2023-10-29T13:37:00Z,sat_diagnostic_result,sat_diagnostic_result:BV-CELLBATCH-002290:0002,USR-098,"[""BV-CELLBATCH-002290"",""BV-SECONDLIFESYSTEM-000290""]"
CELLBATCH-002290,Firmware Rolled Back,2023-10-29T14:14:00Z,sat_service_status,sat_service_status:BV-CELLBATCH-002290:0002,USR-099,"[""BV-CELLBATCH-002290"",""BV-RECYCLINGORDER-000290"",""BV-VEHICLE-000290""]"
CELLBATCH-002290,Second-Life Assessment Failed,2023-10-29T14:51:00Z,sat_recall_status,sat_recall_status:BV-CELLBATCH-002290:0001,USR-115,"[""BV-CELLBATCH-002290"",""BV-SECONDLIFESYSTEM-000290""]"
CELLBATCH-002396,Battery Pack Failed Test,2023-10-29T18:19:00Z,sat_shipment_status,sat_shipment_status:BV-CELLBATCH-002396:0001,USR-101,"[""BV-CELLBATCH-002396"",""BV-WARRANTYCLAIM-000396""]"
CELLBATCH-002398,Battery Pack Failed Test,2023-10-30T00:21:00Z,sat_shipment_status,sat_shipment_status:BV-CELLBATCH-002398:0001,USR-008,"[""BV-CELLBATCH-002398"",""BV-WARRANTYCLAIM-000398""]"
CELLBATCH-002354,Firmware Rolled Back,2023-10-30T00:52:00Z,sat_service_status,sat_service_status:BV-CELLBATCH-002354:0002,USR-044,"[""BV-CELLBATCH-002354"",""BV-RECYCLINGORDER-000354""]"
CELLBATCH-002295,Battery Pack Failed Test,2023-10-30T04:00:00Z,sat_shipment_status,sat_shipment_status:BV-CELLBATCH-002295:0001,USR-035,"[""BV-CELLBATCH-002295"",""BV-WARRANTYCLAIM-000295"",""BV-CERTIFICATE-000295""]"
CELLBATCH-002295,Firmware Installation Failed,2023-10-30T04:37:00Z,sat_diagnostic_result,sat_diagnostic_result:BV-CELLBATCH-002295:0002,USR-056,"[""BV-CELLBATCH-002295"",""BV-SECONDLIFESYSTEM-000295""]"
CELLBATCH-002295,Firmware Rolled Back,2023-10-30T05:14:00Z,sat_service_status,sat_service_status:BV-CELLBATCH-002295:0002,USR-057,"[""BV-CELLBATCH-002295"",""BV-RECYCLINGORDER-000295"",""BV-VEHICLE-000295""]"
CELLBATCH-002295,Second-Life Assessment Failed,2023-10-30T05:51:00Z,sat_recall_status,sat_recall_status:BV-CELLBATCH-002295:0002,USR-073,"[""BV-CELLBATCH-002295"",""BV-SECONDLIFESYSTEM-000295""]"
CELLBATCH-002400,Battery Pack Failed Test,2023-10-30T06:23:00Z,sat_shipment_status,sat_shipment_status:BV-CELLBATCH-002400:0001,USR-042,"[""BV-CELLBATCH-002400"",""BV-WARRANTYCLAIM-000400""]"
CELLBATCH-002402,Battery Pack Failed Test,2023-10-30T12:25:00Z,sat_shipment_status,sat_shipment_status:BV-CELLBATCH-002402:0001,USR-076,"[""BV-CELLBATCH-002402"",""BV-WARRANTYCLAIM-000402""]"
CELLBATCH-002361,Firmware Installation Failed,2023-10-30T15:05:00Z,sat_diagnostic_result,sat_diagnostic_result:BV-CELLBATCH-002361:0002,USR-035,"[""BV-CELLBATCH-002361"",""BV-SECONDLIFESYSTEM-000361""]"
CELLBATCH-002404,Battery Pack Failed Test,2023-10-30T18:27:00Z,sat_shipment_status,sat_shipment_status:BV-CELLBATCH-002404:0001,USR-110,"[""BV-CELLBATCH-002404"",""BV-WARRANTYCLAIM-000404"",""BV-CERTIFICATE-000404""]"
CELLBATCH-002300,Battery Pack Failed Test,2023-10-30T19:00:00Z,sat_shipment_status,sat_shipment_status:BV-CELLBATCH-002300:0002,USR-120,"[""BV-CELLBATCH-002300"",""BV-WARRANTYCLAIM-000300""]"
CELLBATCH-002300,Firmware Installation Failed,2023-10-30T19:37:00Z,sat_diagnostic_result,sat_diagnostic_result:BV-CELLBATCH-002300:0002,USR-014,"[""BV-CELLBATCH-002300"",""BV-SECONDLIFESYSTEM-000300"",""BV-BATTERYPASSPORT-002300""]"
CELLBATCH-002300,Firmware Rolled Back,2023-10-30T20:14:00Z,sat_service_status,sat_service_status:BV-CELLBATCH-002300:0002,USR-015,"[""BV-CELLBATCH-002300"",""BV-RECYCLINGORDER-000300""]"
CELLBATCH-002300,Second-Life Assessment Failed,2023-10-30T20:51:00Z,sat_recall_status,sat_recall_status:BV-CELLBATCH-002300:0001,USR-031,"[""BV-CELLBATCH-002300"",""BV-SECONDLIFESYSTEM-000300"",""BV-BATTERYPASSPORT-002300""]"
CELLBATCH-002361,Firmware Rolled Back,2023-10-30T21:06:00Z,sat_service_status,sat_service_status:BV-CELLBATCH-002361:0002,USR-036,"[""BV-CELLBATCH-002361"",""BV-RECYCLINGORDER-000361""]"
CELLBATCH-002406,Battery Pack Failed Test,2023-10-31T00:29:00Z,sat_shipment_status,sat_shipment_status:BV-CELLBATCH-002406:0001,USR-017,"[""BV-CELLBATCH-002406"",""BV-WARRANTYCLAIM-000406""]"
CELLBATCH-002408,Battery Pack Failed Test,2023-10-31T06:31:00Z,sat_shipment_status,sat_shipment_status:BV-CELLBATCH-002408:0001,USR-051,"[""BV-CELLBATCH-002408"",""BV-WARRANTYCLAIM-000408"",""BV-CERTIFICATE-000408""]"
CELLBATCH-002305,Battery Pack Failed Test,2023-10-31T10:00:00Z,sat_shipment_status,sat_shipment_status:BV-CELLBATCH-002305:0001,USR-078,"[""BV-CELLBATCH-002305"",""BV-WARRANTYCLAIM-000305"",""BV-CERTIFICATE-000305""]"
CELLBATCH-002305,Firmware Installation Failed,2023-10-31T10:37:00Z,sat_diagnostic_result,sat_diagnostic_result:BV-CELLBATCH-002305:0002,USR-099,"[""BV-CELLBATCH-002305"",""BV-SECONDLIFESYSTEM-000305""]"
CELLBATCH-002305,Firmware Rolled Back,2023-10-31T11:14:00Z,sat_service_status,sat_service_status:BV-CELLBATCH-002305:0003,USR-100,"[""BV-CELLBATCH-002305"",""BV-RECYCLINGORDER-000305"",""BV-VEHICLE-000305""]"
CELLBATCH-002305,Second-Life Assessment Failed,2023-10-31T11:51:00Z,sat_recall_status,sat_recall_status:BV-CELLBATCH-002305:0002,USR-116,"[""BV-CELLBATCH-002305"",""BV-SECONDLIFESYSTEM-000305""]"
CELLBATCH-002410,Battery Pack Failed Test,2023-10-31T12:33:00Z,sat_shipment_status,sat_shipment_status:BV-CELLBATCH-002410:0001,USR-085,"[""BV-CELLBATCH-002410"",""BV-WARRANTYCLAIM-000410"",""BV-CERTIFICATE-000410""]"
CELLBATCH-002368,Firmware Rolled Back,2023-10-31T18:13:00Z,sat_service_status,sat_service_status:BV-CELLBATCH-002368:0002,USR-028,"[""BV-CELLBATCH-002368"",""BV-RECYCLINGORDER-000368""]"
CELLBATCH-002412,Battery Pack Failed Test,2023-10-31T18:35:00Z,sat_shipment_status,sat_shipment_status:BV-CELLBATCH-002412:0001,USR-119,"[""BV-CELLBATCH-002412"",""BV-WARRANTYCLAIM-000412"",""BV-CERTIFICATE-000412""]"
CELLBATCH-002414,Battery Pack Failed Test,2023-11-01T00:37:00Z,sat_shipment_status,sat_shipment_status:BV-CELLBATCH-002414:0001,USR-026,"[""BV-CELLBATCH-002414"",""BV-WARRANTYCLAIM-000414""]"
CELLBATCH-002310,Battery Pack Failed Test,2023-11-01T01:00:00Z,sat_shipment_status,sat_shipment_status:BV-CELLBATCH-002310:0003,USR-036,"[""BV-CELLBATCH-002310"",""BV-WARRANTYCLAIM-000310"",""BV-CERTIFICATE-000310""]"
CELLBATCH-002310,Firmware Installation Failed,2023-11-01T01:37:00Z,sat_diagnostic_result,sat_diagnostic_result:BV-CELLBATCH-002310:0003,USR-057,"[""BV-CELLBATCH-002310"",""BV-SECONDLIFESYSTEM-000310""]"
CELLBATCH-002310,Firmware Rolled Back,2023-11-01T02:14:00Z,sat_service_status,sat_service_status:BV-CELLBATCH-002310:0003,USR-058,"[""BV-CELLBATCH-002310"",""BV-RECYCLINGORDER-000310"",""BV-VEHICLE-000310""]"
CELLBATCH-002310,Second-Life Assessment Failed,2023-11-01T02:51:00Z,sat_recall_status,sat_recall_status:BV-CELLBATCH-002310:0001,USR-074,"[""BV-CELLBATCH-002310"",""BV-SECONDLIFESYSTEM-000310""]"
CELLBATCH-002416,Battery Pack Failed Test,2023-11-01T06:39:00Z,sat_shipment_status,sat_shipment_status:BV-CELLBATCH-002416:0001,USR-060,"[""BV-CELLBATCH-002416"",""BV-WARRANTYCLAIM-000416"",""BV-CERTIFICATE-000416""]"
CELLBATCH-002418,Battery Pack Failed Test,2023-11-01T12:41:00Z,sat_shipment_status,sat_shipment_status:BV-CELLBATCH-002418:0001,USR-094,"[""BV-CELLBATCH-002418"",""BV-WARRANTYCLAIM-000418"",""BV-CERTIFICATE-000418""]"
CELLBATCH-002375,Firmware Rolled Back,2023-11-01T15:20:00Z,sat_service_status,sat_service_status:BV-CELLBATCH-002375:0002,USR-020,"[""BV-CELLBATCH-002375"",""BV-RECYCLINGORDER-000375"",""BV-VEHICLE-000375""]"
CELLBATCH-002315,Battery Pack Failed Test,2023-11-01T16:00:00Z,sat_shipment_status,sat_shipment_status:BV-CELLBATCH-002315:0001,USR-121,"[""BV-CELLBATCH-002315"",""BV-WARRANTYCLAIM-000315""]"
CELLBATCH-002315,Firmware Installation Failed,2023-11-01T16:37:00Z,sat_diagnostic_result,sat_diagnostic_result:BV-CELLBATCH-002315:0002,USR-015,"[""BV-CELLBATCH-002315"",""BV-SECONDLIFESYSTEM-000315"",""BV-BATTERYPASSPORT-002315""]"
CELLBATCH-002315,Firmware Rolled Back,2023-11-01T17:14:00Z,sat_service_status,sat_service_status:BV-CELLBATCH-002315:0002,USR-016,"[""BV-CELLBATCH-002315"",""BV-RECYCLINGORDER-000315""]"
CELLBATCH-002315,Second-Life Assessment Failed,2023-11-01T17:51:00Z,sat_recall_status,sat_recall_status:BV-CELLBATCH-002315:0002,USR-032,"[""BV-CELLBATCH-002315"",""BV-SECONDLIFESYSTEM-000315""]"
CELLBATCH-002420,Battery Pack Failed Test,2023-11-01T18:43:00Z,sat_shipment_status,sat_shipment_status:BV-CELLBATCH-002420:0001,USR-001,"[""BV-CELLBATCH-002420"",""BV-WARRANTYCLAIM-000420""]"
CELLBATCH-002422,Battery Pack Failed Test,2023-11-02T00:45:00Z,sat_shipment_status,sat_shipment_status:BV-CELLBATCH-002422:0001,USR-035,"[""BV-CELLBATCH-002422"",""BV-WARRANTYCLAIM-000422"",""BV-CERTIFICATE-000422""]"
CELLBATCH-002347,Second-Life Assessment Failed,2023-11-02T03:08:00Z,sat_recall_status,sat_recall_status:BV-CELLBATCH-002347:0002,USR-068,"[""BV-CELLBATCH-002347"",""BV-SECONDLIFESYSTEM-000347""]"
CELLBATCH-002424,Battery Pack Failed Test,2023-11-02T06:47:00Z,sat_shipment_status,sat_shipment_status:BV-CELLBATCH-002424:0001,USR-069,"[""BV-CELLBATCH-002424"",""BV-WARRANTYCLAIM-000424""]"
CELLBATCH-002320,Battery Pack Failed Test,2023-11-02T07:00:00Z,sat_shipment_status,sat_shipment_status:BV-CELLBATCH-002320:0002,USR-079,"[""BV-CELLBATCH-002320"",""BV-WARRANTYCLAIM-000320"",""BV-CERTIFICATE-000320""]"
CELLBATCH-002320,Firmware Installation Failed,2023-11-02T07:37:00Z,sat_diagnostic_result,sat_diagnostic_result:BV-CELLBATCH-002320:0002,USR-100,"[""BV-CELLBATCH-002320"",""BV-SECONDLIFESYSTEM-000320""]"
CELLBATCH-002320,Firmware Rolled Back,2023-11-02T08:14:00Z,sat_service_status,sat_service_status:BV-CELLBATCH-002320:0002,USR-101,"[""BV-CELLBATCH-002320"",""BV-RECYCLINGORDER-000320""]"
CELLBATCH-002320,Second-Life Assessment Failed,2023-11-02T08:51:00Z,sat_recall_status,sat_recall_status:BV-CELLBATCH-002320:0001,USR-117,"[""BV-CELLBATCH-002320"",""BV-SECONDLIFESYSTEM-000320"",""BV-BATTERYPASSPORT-002320""]"
CELLBATCH-002382,Firmware Rolled Back,2023-11-02T12:27:00Z,sat_service_status,sat_service_status:BV-CELLBATCH-002382:0002,USR-012,"[""BV-CELLBATCH-002382"",""BV-RECYCLINGORDER-000382""]"
CELLBATCH-002426,Battery Pack Failed Test,2023-11-02T12:49:00Z,sat_shipment_status,sat_shipment_status:BV-CELLBATCH-002426:0001,USR-103,"[""BV-CELLBATCH-002426"",""BV-WARRANTYCLAIM-000426"",""BV-CERTIFICATE-000426""]"
CELLBATCH-002428,Battery Pack Failed Test,2023-11-02T18:51:00Z,sat_shipment_status,sat_shipment_status:BV-CELLBATCH-002428:0001,USR-010,"[""BV-CELLBATCH-002428"",""BV-WARRANTYCLAIM-000428"",""BV-CERTIFICATE-000428""]"
CELLBATCH-002325,Battery Pack Failed Test,2023-11-02T22:00:00Z,sat_shipment_status,sat_shipment_status:BV-CELLBATCH-002325:0001,USR-037,"[""BV-CELLBATCH-002325"",""BV-WARRANTYCLAIM-000325""]"
CELLBATCH-002325,Firmware Installation Failed,2023-11-02T22:37:00Z,sat_diagnostic_result,sat_diagnostic_result:BV-CELLBATCH-002325:0002,USR-058,"[""BV-CELLBATCH-002325"",""BV-SECONDLIFESYSTEM-000325"",""BV-BATTERYPASSPORT-002325""]"
CELLBATCH-002325,Firmware Rolled Back,2023-11-02T23:14:00Z,sat_service_status,sat_service_status:BV-CELLBATCH-002325:0002,USR-059,"[""BV-CELLBATCH-002325"",""BV-RECYCLINGORDER-000325""]"
CELLBATCH-002325,Second-Life Assessment Failed,2023-11-02T23:51:00Z,sat_recall_status,sat_recall_status:BV-CELLBATCH-002325:0003,USR-075,"[""BV-CELLBATCH-002325"",""BV-SECONDLIFESYSTEM-000325""]"
CELLBATCH-002430,Battery Pack Failed Test,2023-11-03T00:00:00Z,sat_shipment_status,sat_shipment_status:BV-CELLBATCH-002430:0001,USR-044,"[""BV-CELLBATCH-002430"",""BV-WARRANTYCLAIM-000430""]"
CELLBATCH-002432,Battery Pack Failed Test,2023-11-03T06:02:00Z,sat_shipment_status,sat_shipment_status:BV-CELLBATCH-002432:0001,USR-078,"[""BV-CELLBATCH-002432"",""BV-WARRANTYCLAIM-000432""]"
CELLBATCH-002389,Firmware Rolled Back,2023-11-03T09:34:00Z,sat_service_status,sat_service_status:BV-CELLBATCH-002389:0002,USR-004,"[""BV-CELLBATCH-002389"",""BV-RECYCLINGORDER-000389"",""BV-VEHICLE-000389""]"
CELLBATCH-002434,Battery Pack Failed Test,2023-11-03T12:04:00Z,sat_shipment_status,sat_shipment_status:BV-CELLBATCH-002434:0001,USR-112,"[""BV-CELLBATCH-002434"",""BV-WARRANTYCLAIM-000434""]"
CELLBATCH-002330,Battery Pack Failed Test,2023-11-03T13:00:00Z,sat_shipment_status,sat_shipment_status:BV-CELLBATCH-002330:0002,USR-122,"[""BV-CELLBATCH-002330"",""BV-WARRANTYCLAIM-000330""]"
CELLBATCH-002330,Firmware Installation Failed,2023-11-03T13:37:00Z,sat_diagnostic_result,sat_diagnostic_result:BV-CELLBATCH-002330:0002,USR-016,"[""BV-CELLBATCH-002330"",""BV-SECONDLIFESYSTEM-000330"",""BV-BATTERYPASSPORT-002330""]"
CELLBATCH-002330,Firmware Rolled Back,2023-11-03T14:14:00Z,sat_service_status,sat_service_status:BV-CELLBATCH-002330:0002,USR-017,"[""BV-CELLBATCH-002330"",""BV-RECYCLINGORDER-000330""]"
CELLBATCH-002330,Second-Life Assessment Failed,2023-11-03T14:51:00Z,sat_recall_status,sat_recall_status:BV-CELLBATCH-002330:0002,USR-033,"[""BV-CELLBATCH-002330"",""BV-SECONDLIFESYSTEM-000330"",""BV-BATTERYPASSPORT-002330""]"
CELLBATCH-002436,Battery Pack Failed Test,2023-11-03T18:06:00Z,sat_shipment_status,sat_shipment_status:BV-CELLBATCH-002436:0001,USR-019,"[""BV-CELLBATCH-002436"",""BV-WARRANTYCLAIM-000436""]"
CELLBATCH-002438,Battery Pack Failed Test,2023-11-04T00:08:00Z,sat_shipment_status,sat_shipment_status:BV-CELLBATCH-002438:0001,USR-053,"[""BV-CELLBATCH-002438"",""BV-WARRANTYCLAIM-000438"",""BV-CERTIFICATE-000438""]"
CELLBATCH-002335,Battery Pack Failed Test,2023-11-04T04:00:00Z,sat_shipment_status,sat_shipment_status:BV-CELLBATCH-002335:0001,USR-080,"[""BV-CELLBATCH-002335"",""BV-WARRANTYCLAIM-000335""]"
CELLBATCH-002335,Firmware Installation Failed,2023-11-04T04:37:00Z,sat_diagnostic_result,sat_diagnostic_result:BV-CELLBATCH-002335:0002,USR-101,"[""BV-CELLBATCH-002335"",""BV-SECONDLIFESYSTEM-000335"",""BV-BATTERYPASSPORT-002335""]"
CELLBATCH-002335,Firmware Rolled Back,2023-11-04T05:14:00Z,sat_service_status,sat_service_status:BV-CELLBATCH-002335:0002,USR-102,"[""BV-CELLBATCH-002335"",""BV-RECYCLINGORDER-000335""]"
CELLBATCH-002335,Second-Life Assessment Failed,2023-11-04T05:51:00Z,sat_recall_status,sat_recall_status:BV-CELLBATCH-002335:0002,USR-118,"[""BV-CELLBATCH-002335"",""BV-SECONDLIFESYSTEM-000335""]"
CELLBATCH-002440,Battery Pack Failed Test,2023-11-04T06:10:00Z,sat_shipment_status,sat_shipment_status:BV-CELLBATCH-002440:0001,USR-087,"[""BV-CELLBATCH-002440"",""BV-WARRANTYCLAIM-000440""]"
CELLBATCH-002396,Firmware Rolled Back,2023-11-04T06:41:00Z,sat_service_status,sat_service_status:BV-CELLBATCH-002396:0002,USR-123,"[""BV-CELLBATCH-002396"",""BV-RECYCLINGORDER-000396""]"
CELLBATCH-002398,Firmware Installation Failed,2023-11-04T06:42:00Z,sat_diagnostic_result,sat_diagnostic_result:BV-CELLBATCH-002398:0002,USR-029,"[""BV-CELLBATCH-002398"",""BV-SECONDLIFESYSTEM-000398""]"
CELLBATCH-002442,Battery Pack Failed Test,2023-11-04T12:12:00Z,sat_shipment_status,sat_shipment_status:BV-CELLBATCH-002442:0001,USR-121,"[""BV-CELLBATCH-002442"",""BV-WARRANTYCLAIM-000442"",""BV-CERTIFICATE-000442""]"
CELLBATCH-002444,Battery Pack Failed Test,2023-11-04T18:14:00Z,sat_shipment_status,sat_shipment_status:BV-CELLBATCH-002444:0001,USR-028,"[""BV-CELLBATCH-002444"",""BV-WARRANTYCLAIM-000444"",""BV-CERTIFICATE-000444""]"
CELLBATCH-002340,Battery Pack Failed Test,2023-11-04T19:00:00Z,sat_shipment_status,sat_shipment_status:BV-CELLBATCH-002340:0002,USR-038,"[""BV-CELLBATCH-002340"",""BV-WARRANTYCLAIM-000340"",""BV-CERTIFICATE-000340""]"
CELLBATCH-002340,Firmware Installation Failed,2023-11-04T19:37:00Z,sat_diagnostic_result,sat_diagnostic_result:BV-CELLBATCH-002340:0002,USR-059,"[""BV-CELLBATCH-002340"",""BV-SECONDLIFESYSTEM-000340""]"
CELLBATCH-002340,Firmware Rolled Back,2023-11-04T20:14:00Z,sat_service_status,sat_service_status:BV-CELLBATCH-002340:0003,USR-060,"[""BV-CELLBATCH-002340"",""BV-RECYCLINGORDER-000340"",""BV-VEHICLE-000340""]"
CELLBATCH-002340,Second-Life Assessment Failed,2023-11-04T20:51:00Z,sat_recall_status,sat_recall_status:BV-CELLBATCH-002340:0002,USR-076,"[""BV-CELLBATCH-002340"",""BV-SECONDLIFESYSTEM-000340""]"
CELLBATCH-002446,Battery Pack Failed Test,2023-11-05T00:16:00Z,sat_shipment_status,sat_shipment_status:BV-CELLBATCH-002446:0001,USR-062,"[""BV-CELLBATCH-002446"",""BV-WARRANTYCLAIM-000446""]"
CELLBATCH-002403,Firmware Rolled Back,2023-11-05T03:48:00Z,sat_service_status,sat_service_status:BV-CELLBATCH-002403:0002,USR-115,"[""BV-CELLBATCH-002403"",""BV-RECYCLINGORDER-000403""]"
CELLBATCH-002448,Battery Pack Failed Test,2023-11-05T06:18:00Z,sat_shipment_status,sat_shipment_status:BV-CELLBATCH-002448:0001,USR-096,"[""BV-CELLBATCH-002448"",""BV-WARRANTYCLAIM-000448""]"
CELLBATCH-002345,Battery Pack Failed Test,2023-11-05T10:00:00Z,sat_shipment_status,sat_shipment_status:BV-CELLBATCH-002345:0002,USR-123,"[""BV-CELLBATCH-002345"",""BV-WARRANTYCLAIM-000345""]"
CELLBATCH-002345,Firmware Installation Failed,2023-11-05T10:37:00Z,sat_diagnostic_result,sat_diagnostic_result:BV-CELLBATCH-002345:0002,USR-017,"[""BV-CELLBATCH-002345"",""BV-SECONDLIFESYSTEM-000345"",""BV-BATTERYPASSPORT-002345""]"
CELLBATCH-002345,Firmware Rolled Back,2023-11-05T11:14:00Z,sat_service_status,sat_service_status:BV-CELLBATCH-002345:0002,USR-018,"[""BV-CELLBATCH-002345"",""BV-RECYCLINGORDER-000345""]"
CELLBATCH-002345,Second-Life Assessment Failed,2023-11-05T11:51:00Z,sat_recall_status,sat_recall_status:BV-CELLBATCH-002345:0002,USR-034,"[""BV-CELLBATCH-002345"",""BV-SECONDLIFESYSTEM-000345""]"
CELLBATCH-002450,Battery Pack Failed Test,2023-11-05T12:20:00Z,sat_shipment_status,sat_shipment_status:BV-CELLBATCH-002450:0001,USR-003,"[""BV-CELLBATCH-002450"",""BV-WARRANTYCLAIM-000450"",""BV-CERTIFICATE-000450""]"
CELLBATCH-002452,Battery Pack Failed Test,2023-11-05T18:22:00Z,sat_shipment_status,sat_shipment_status:BV-CELLBATCH-002452:0001,USR-037,"[""BV-CELLBATCH-002452"",""BV-WARRANTYCLAIM-000452""]"
CELLBATCH-002410,Firmware Rolled Back,2023-11-06T00:02:00Z,sat_service_status,sat_service_status:BV-CELLBATCH-002410:0002,USR-107,"[""BV-CELLBATCH-002410"",""BV-RECYCLINGORDER-000410""]"
CELLBATCH-002454,Battery Pack Failed Test,2023-11-06T00:24:00Z,sat_shipment_status,sat_shipment_status:BV-CELLBATCH-002454:0001,USR-071,"[""BV-CELLBATCH-002454"",""BV-WARRANTYCLAIM-000454""]"
CELLBATCH-002378,Second-Life Assessment Failed,2023-11-06T00:39:00Z,sat_recall_status,sat_recall_status:BV-CELLBATCH-002378:0001,USR-087,"[""BV-CELLBATCH-002378"",""BV-SECONDLIFESYSTEM-000378""]"
CELLBATCH-002350,Battery Pack Failed Test,2023-11-06T01:00:00Z,sat_shipment_status,sat_shipment_status:BV-CELLBATCH-002350:0002,USR-081,"[""BV-CELLBATCH-002350"",""BV-WARRANTYCLAIM-000350""]"
CELLBATCH-002350,Firmware Installation Failed,2023-11-06T01:37:00Z,sat_diagnostic_result,sat_diagnostic_result:BV-CELLBATCH-002350:0002,USR-102,"[""BV-CELLBATCH-002350"",""BV-SECONDLIFESYSTEM-000350""]"
CELLBATCH-002350,Firmware Rolled Back,2023-11-06T02:14:00Z,sat_service_status,sat_service_status:BV-CELLBATCH-002350:0002,USR-103,"[""BV-CELLBATCH-002350"",""BV-RECYCLINGORDER-000350"",""BV-VEHICLE-000350""]"
CELLBATCH-002350,Second-Life Assessment Failed,2023-11-06T02:51:00Z,sat_recall_status,sat_recall_status:BV-CELLBATCH-002350:0001,USR-119,"[""BV-CELLBATCH-002350"",""BV-SECONDLIFESYSTEM-000350""]"
CELLBATCH-002456,Battery Pack Failed Test,2023-11-06T06:26:00Z,sat_shipment_status,sat_shipment_status:BV-CELLBATCH-002456:0001,USR-105,"[""BV-CELLBATCH-002456"",""BV-WARRANTYCLAIM-000456""]"
CELLBATCH-002458,Battery Pack Failed Test,2023-11-06T12:28:00Z,sat_shipment_status,sat_shipment_status:BV-CELLBATCH-002458:0001,USR-012,"[""BV-CELLBATCH-002458"",""BV-WARRANTYCLAIM-000458""]"
CELLBATCH-002355,Battery Pack Failed Test,2023-11-06T16:00:00Z,sat_shipment_status,sat_shipment_status:BV-CELLBATCH-002355:0001,USR-039,"[""BV-CELLBATCH-002355"",""BV-WARRANTYCLAIM-000355""]"
CELLBATCH-002355,Firmware Installation Failed,2023-11-06T16:37:00Z,sat_diagnostic_result,sat_diagnostic_result:BV-CELLBATCH-002355:0002,USR-060,"[""BV-CELLBATCH-002355"",""BV-SECONDLIFESYSTEM-000355""]"
CELLBATCH-002355,Firmware Rolled Back,2023-11-06T17:14:00Z,sat_service_status,sat_service_status:BV-CELLBATCH-002355:0003,USR-061,"[""BV-CELLBATCH-002355"",""BV-RECYCLINGORDER-000355"",""BV-VEHICLE-000355""]"
CELLBATCH-002355,Second-Life Assessment Failed,2023-11-06T17:51:00Z,sat_recall_status,sat_recall_status:BV-CELLBATCH-002355:0002,USR-077,"[""BV-CELLBATCH-002355"",""BV-SECONDLIFESYSTEM-000355""]"
CELLBATCH-002460,Battery Pack Failed Test,2023-11-06T18:30:00Z,sat_shipment_status,sat_shipment_status:BV-CELLBATCH-002460:0001,USR-046,"[""BV-CELLBATCH-002460"",""BV-WARRANTYCLAIM-000460""]"
CELLBATCH-002417,Firmware Rolled Back,2023-11-06T21:09:00Z,sat_service_status,sat_service_status:BV-CELLBATCH-002417:0002,USR-099,"[""BV-CELLBATCH-002417"",""BV-RECYCLINGORDER-000417""]"
CELLBATCH-002462,Battery Pack Failed Test,2023-11-07T00:32:00Z,sat_shipment_status,sat_shipment_status:BV-CELLBATCH-002462:0001,USR-080,"[""BV-CELLBATCH-002462"",""BV-WARRANTYCLAIM-000462"",""BV-CERTIFICATE-000462""]"
CELLBATCH-002464,Battery Pack Failed Test,2023-11-07T06:34:00Z,sat_shipment_status,sat_shipment_status:BV-CELLBATCH-002464:0001,USR-114,"[""BV-CELLBATCH-002464"",""BV-WARRANTYCLAIM-000464"",""BV-CERTIFICATE-000464""]"
CELLBATCH-002360,Battery Pack Failed Test,2023-11-07T07:00:00Z,sat_shipment_status,sat_shipment_status:BV-CELLBATCH-002360:0002,USR-124,"[""BV-CELLBATCH-002360"",""BV-WARRANTYCLAIM-000360""]"
CELLBATCH-002360,Firmware Installation Failed,2023-11-07T07:37:00Z,sat_diagnostic_result,sat_diagnostic_result:BV-CELLBATCH-002360:0002,USR-018,"[""BV-CELLBATCH-002360"",""BV-SECONDLIFESYSTEM-000360""]"
CELLBATCH-002360,Firmware Rolled Back,2023-11-07T08:14:00Z,sat_service_status,sat_service_status:BV-CELLBATCH-002360:0002,USR-019,"[""BV-CELLBATCH-002360"",""BV-RECYCLINGORDER-000360"",""BV-VEHICLE-000360""]"
CELLBATCH-002360,Second-Life Assessment Failed,2023-11-07T08:51:00Z,sat_recall_status,sat_recall_status:BV-CELLBATCH-002360:0001,USR-035,"[""BV-CELLBATCH-002360"",""BV-SECONDLIFESYSTEM-000360""]"
CELLBATCH-002466,Battery Pack Failed Test,2023-11-07T12:36:00Z,sat_shipment_status,sat_shipment_status:BV-CELLBATCH-002466:0001,USR-021,"[""BV-CELLBATCH-002466"",""BV-WARRANTYCLAIM-000466"",""BV-CERTIFICATE-000466""]"
CELLBATCH-002424,Firmware Rolled Back,2023-11-07T18:16:00Z,sat_service_status,sat_service_status:BV-CELLBATCH-002424:0003,USR-091,"[""BV-CELLBATCH-002424"",""BV-RECYCLINGORDER-000424""]"
CELLBATCH-002468,Battery Pack Failed Test,2023-11-07T18:38:00Z,sat_shipment_status,sat_shipment_status:BV-CELLBATCH-002468:0001,USR-055,"[""BV-CELLBATCH-002468"",""BV-WARRANTYCLAIM-000468""]"
CELLBATCH-002365,Battery Pack Failed Test,2023-11-07T22:00:00Z,sat_shipment_status,sat_shipment_status:BV-CELLBATCH-002365:0001,USR-082,"[""BV-CELLBATCH-002365"",""BV-WARRANTYCLAIM-000365""]"
CELLBATCH-002365,Firmware Installation Failed,2023-11-07T22:37:00Z,sat_diagnostic_result,sat_diagnostic_result:BV-CELLBATCH-002365:0002,USR-103,"[""BV-CELLBATCH-002365"",""BV-SECONDLIFESYSTEM-000365"",""BV-BATTERYPASSPORT-002365""]"
CELLBATCH-002365,Firmware Rolled Back,2023-11-07T23:14:00Z,sat_service_status,sat_service_status:BV-CELLBATCH-002365:0002,USR-104,"[""BV-CELLBATCH-002365"",""BV-RECYCLINGORDER-000365""]"
CELLBATCH-002365,Second-Life Assessment Failed,2023-11-07T23:51:00Z,sat_recall_status,sat_recall_status:BV-CELLBATCH-002365:0002,USR-120,"[""BV-CELLBATCH-002365"",""BV-SECONDLIFESYSTEM-000365""]"
CELLBATCH-002470,Battery Pack Failed Test,2023-11-08T00:40:00Z,sat_shipment_status,sat_shipment_status:BV-CELLBATCH-002470:0001,USR-089,"[""BV-CELLBATCH-002470"",""BV-WARRANTYCLAIM-000470"",""BV-CERTIFICATE-000470""]"
CELLBATCH-002472,Battery Pack Failed Test,2023-11-08T06:42:00Z,sat_shipment_status,sat_shipment_status:BV-CELLBATCH-002472:0001,USR-123,"[""BV-CELLBATCH-002472"",""BV-WARRANTYCLAIM-000472"",""BV-CERTIFICATE-000472""]"
CELLBATCH-002474,Battery Pack Failed Test,2023-11-08T12:44:00Z,sat_shipment_status,sat_shipment_status:BV-CELLBATCH-002474:0001,USR-030,"[""BV-CELLBATCH-002474"",""BV-WARRANTYCLAIM-000474""]"
CELLBATCH-002370,Battery Pack Failed Test,2023-11-08T13:00:00Z,sat_shipment_status,sat_shipment_status:BV-CELLBATCH-002370:0003,USR-040,"[""BV-CELLBATCH-002370"",""BV-WARRANTYCLAIM-000370""]"
CELLBATCH-002370,Firmware Installation Failed,2023-11-08T13:37:00Z,sat_diagnostic_result,sat_diagnostic_result:BV-CELLBATCH-002370:0002,USR-061,"[""BV-CELLBATCH-002370"",""BV-SECONDLIFESYSTEM-000370"",""BV-BATTERYPASSPORT-002370""]"
CELLBATCH-002370,Firmware Rolled Back,2023-11-08T14:14:00Z,sat_service_status,sat_service_status:BV-CELLBATCH-002370:0002,USR-062,"[""BV-CELLBATCH-002370"",""BV-RECYCLINGORDER-000370""]"
CELLBATCH-002370,Second-Life Assessment Failed,2023-11-08T14:51:00Z,sat_recall_status,sat_recall_status:BV-CELLBATCH-002370:0001,USR-078,"[""BV-CELLBATCH-002370"",""BV-SECONDLIFESYSTEM-000370"",""BV-BATTERYPASSPORT-002370""]"
CELLBATCH-002431,Firmware Rolled Back,2023-11-08T15:23:00Z,sat_service_status,sat_service_status:BV-CELLBATCH-002431:0002,USR-083,"[""BV-CELLBATCH-002431"",""BV-RECYCLINGORDER-000431"",""BV-VEHICLE-000431""]"
CELLBATCH-002476,Battery Pack Failed Test,2023-11-08T18:46:00Z,sat_shipment_status,sat_shipment_status:BV-CELLBATCH-002476:0001,USR-064,"[""BV-CELLBATCH-002476"",""BV-WARRANTYCLAIM-000476""]"
CELLBATCH-002435,Firmware Installation Failed,2023-11-08T21:26:00Z,sat_diagnostic_result,sat_diagnostic_result:BV-CELLBATCH-002435:0002,USR-023,"[""BV-CELLBATCH-002435"",""BV-SECONDLIFESYSTEM-000435"",""BV-BATTERYPASSPORT-002435""]"
CELLBATCH-002478,Battery Pack Failed Test,2023-11-09T00:48:00Z,sat_shipment_status,sat_shipment_status:BV-CELLBATCH-002478:0001,USR-098,"[""BV-CELLBATCH-002478"",""BV-WARRANTYCLAIM-000478""]"
CELLBATCH-002375,Battery Pack Failed Test,2023-11-09T04:00:00Z,sat_shipment_status,sat_shipment_status:BV-CELLBATCH-002375:0001,USR-125,"[""BV-CELLBATCH-002375"",""BV-WARRANTYCLAIM-000375"",""BV-CERTIFICATE-000375""]"
CELLBATCH-002375,Firmware Installation Failed,2023-11-09T04:37:00Z,sat_diagnostic_result,sat_diagnostic_result:BV-CELLBATCH-002375:0002,USR-019,"[""BV-CELLBATCH-002375"",""BV-SECONDLIFESYSTEM-000375""]"
CELLBATCH-002375,Firmware Rolled Back,2023-11-09T05:14:00Z,sat_service_status,sat_service_status:BV-CELLBATCH-002375:0003,USR-020,"[""BV-CELLBATCH-002375"",""BV-RECYCLINGORDER-000375""]"
CELLBATCH-002375,Second-Life Assessment Failed,2023-11-09T05:51:00Z,sat_recall_status,sat_recall_status:BV-CELLBATCH-002375:0002,USR-036,"[""BV-CELLBATCH-002375"",""BV-SECONDLIFESYSTEM-000375"",""BV-BATTERYPASSPORT-002375""]"
CELLBATCH-002480,Battery Pack Failed Test,2023-11-09T06:50:00Z,sat_shipment_status,sat_shipment_status:BV-CELLBATCH-002480:0001,USR-005,"[""BV-CELLBATCH-002480"",""BV-WARRANTYCLAIM-000480""]"
CELLBATCH-002438,Firmware Rolled Back,2023-11-09T12:30:00Z,sat_service_status,sat_service_status:BV-CELLBATCH-002438:0002,USR-075,"[""BV-CELLBATCH-002438"",""BV-RECYCLINGORDER-000438"",""BV-VEHICLE-000438""]"
CELLBATCH-002482,Battery Pack Failed Test,2023-11-09T12:52:00Z,sat_shipment_status,sat_shipment_status:BV-CELLBATCH-002482:0001,USR-039,"[""BV-CELLBATCH-002482"",""BV-WARRANTYCLAIM-000482"",""BV-CERTIFICATE-000482""]"
CELLBATCH-002484,Battery Pack Failed Test,2023-11-09T18:01:00Z,sat_shipment_status,sat_shipment_status:BV-CELLBATCH-002484:0001,USR-073,"[""BV-CELLBATCH-002484"",""BV-WARRANTYCLAIM-000484"",""BV-CERTIFICATE-000484""]"
CELLBATCH-002380,Battery Pack Failed Test,2023-11-09T19:00:00Z,sat_shipment_status,sat_shipment_status:BV-CELLBATCH-002380:0003,USR-083,"[""BV-CELLBATCH-002380"",""BV-WARRANTYCLAIM-000380"",""BV-CERTIFICATE-000380""]"
CELLBATCH-002380,Firmware Installation Failed,2023-11-09T19:37:00Z,sat_diagnostic_result,sat_diagnostic_result:BV-CELLBATCH-002380:0002,USR-104,"[""BV-CELLBATCH-002380"",""BV-SECONDLIFESYSTEM-000380""]"
CELLBATCH-002380,Firmware Rolled Back,2023-11-09T20:14:00Z,sat_service_status,sat_service_status:BV-CELLBATCH-002380:0003,USR-105,"[""BV-CELLBATCH-002380"",""BV-RECYCLINGORDER-000380"",""BV-VEHICLE-000380""]"
CELLBATCH-002380,Second-Life Assessment Failed,2023-11-09T20:51:00Z,sat_recall_status,sat_recall_status:BV-CELLBATCH-002380:0001,USR-121,"[""BV-CELLBATCH-002380"",""BV-SECONDLIFESYSTEM-000380""]"
CELLBATCH-002409,Second-Life Assessment Failed,2023-11-09T21:17:00Z,sat_recall_status,sat_recall_status:BV-CELLBATCH-002409:0002,USR-106,"[""BV-CELLBATCH-002409"",""BV-SECONDLIFESYSTEM-000409""]"
CELLBATCH-002486,Battery Pack Failed Test,2023-11-10T00:03:00Z,sat_shipment_status,sat_shipment_status:BV-CELLBATCH-002486:0001,USR-107,"[""BV-CELLBATCH-002486"",""BV-WARRANTYCLAIM-000486"",""BV-CERTIFICATE-000486""]"
CELLBATCH-002488,Battery Pack Failed Test,2023-11-10T06:05:00Z,sat_shipment_status,sat_shipment_status:BV-CELLBATCH-002488:0001,USR-014,"[""BV-CELLBATCH-002488"",""BV-WARRANTYCLAIM-000488"",""BV-CERTIFICATE-000488""]"
CELLBATCH-002445,Firmware Rolled Back,2023-11-10T09:37:00Z,sat_service_status,sat_service_status:BV-CELLBATCH-002445:0002,USR-067,"[""BV-CELLBATCH-002445"",""BV-RECYCLINGORDER-000445""]"
CELLBATCH-002385,Battery Pack Failed Test,2023-11-10T10:00:00Z,sat_shipment_status,sat_shipment_status:BV-CELLBATCH-002385:0001,USR-041,"[""BV-CELLBATCH-002385"",""BV-WARRANTYCLAIM-000385""]"
CELLBATCH-002385,Firmware Installation Failed,2023-11-10T10:37:00Z,sat_diagnostic_result,sat_diagnostic_result:BV-CELLBATCH-002385:0003,USR-062,"[""BV-CELLBATCH-002385"",""BV-SECONDLIFESYSTEM-000385"",""BV-BATTERYPASSPORT-002385""]"
CELLBATCH-002385,Firmware Rolled Back,2023-11-10T11:14:00Z,sat_service_status,sat_service_status:BV-CELLBATCH-002385:0002,USR-063,"[""BV-CELLBATCH-002385"",""BV-RECYCLINGORDER-000385""]"
CELLBATCH-002385,Second-Life Assessment Failed,2023-11-10T11:51:00Z,sat_recall_status,sat_recall_status:BV-CELLBATCH-002385:0002,USR-079,"[""BV-CELLBATCH-002385"",""BV-SECONDLIFESYSTEM-000385"",""BV-BATTERYPASSPORT-002385""]"
CELLBATCH-002490,Battery Pack Failed Test,2023-11-10T12:07:00Z,sat_shipment_status,sat_shipment_status:BV-CELLBATCH-002490:0001,USR-048,"[""BV-CELLBATCH-002490"",""BV-WARRANTYCLAIM-000490""]"
CELLBATCH-002492,Battery Pack Failed Test,2023-11-10T18:09:00Z,sat_shipment_status,sat_shipment_status:BV-CELLBATCH-002492:0001,USR-082,"[""BV-CELLBATCH-002492"",""BV-WARRANTYCLAIM-000492"",""BV-CERTIFICATE-000492""]"
CELLBATCH-002494,Battery Pack Failed Test,2023-11-11T00:11:00Z,sat_shipment_status,sat_shipment_status:BV-CELLBATCH-002494:0001,USR-116,"[""BV-CELLBATCH-002494"",""BV-WARRANTYCLAIM-000494""]"
CELLBATCH-002390,Battery Pack Failed Test,2023-11-11T01:00:00Z,sat_shipment_status,sat_shipment_status:BV-CELLBATCH-002390:0002,USR-126,"[""BV-CELLBATCH-002390"",""BV-WARRANTYCLAIM-000390""]"
CELLBATCH-002390,Firmware Installation Failed,2023-11-11T01:37:00Z,sat_diagnostic_result,sat_diagnostic_result:BV-CELLBATCH-002390:0002,USR-020,"[""BV-CELLBATCH-002390"",""BV-SECONDLIFESYSTEM-000390"",""BV-BATTERYPASSPORT-002390""]"
CELLBATCH-002390,Firmware Rolled Back,2023-11-11T02:14:00Z,sat_service_status,sat_service_status:BV-CELLBATCH-002390:0002,USR-021,"[""BV-CELLBATCH-002390"",""BV-RECYCLINGORDER-000390""]"
CELLBATCH-002390,Second-Life Assessment Failed,2023-11-11T02:51:00Z,sat_recall_status,sat_recall_status:BV-CELLBATCH-002390:0001,USR-037,"[""BV-CELLBATCH-002390"",""BV-SECONDLIFESYSTEM-000390"",""BV-BATTERYPASSPORT-002390""]"
CELLBATCH-002496,Battery Pack Failed Test,2023-11-11T06:13:00Z,sat_shipment_status,sat_shipment_status:BV-CELLBATCH-002496:0001,USR-023,"[""BV-CELLBATCH-002496"",""BV-WARRANTYCLAIM-000496"",""BV-CERTIFICATE-000496""]"
CELLBATCH-002452,Firmware Rolled Back,2023-11-11T06:44:00Z,sat_service_status,sat_service_status:BV-CELLBATCH-002452:0002,USR-059,"[""BV-CELLBATCH-002452"",""BV-RECYCLINGORDER-000452""]"
CELLBATCH-002498,Battery Pack Failed Test,2023-11-11T12:15:00Z,sat_shipment_status,sat_shipment_status:BV-CELLBATCH-002498:0001,USR-057,"[""BV-CELLBATCH-002498"",""BV-WARRANTYCLAIM-000498"",""BV-CERTIFICATE-000498""]"
CELLBATCH-002395,Battery Pack Failed Test,2023-11-11T16:00:00Z,sat_shipment_status,sat_shipment_status:BV-CELLBATCH-002395:0001,USR-084,"[""BV-CELLBATCH-002395"",""BV-WARRANTYCLAIM-000395""]"
CELLBATCH-002395,Firmware Installation Failed,2023-11-11T16:37:00Z,sat_diagnostic_result,sat_diagnostic_result:BV-CELLBATCH-002395:0003,USR-105,"[""BV-CELLBATCH-002395"",""BV-SECONDLIFESYSTEM-000395""]"
CELLBATCH-002395,Firmware Rolled Back,2023-11-11T17:14:00Z,sat_service_status,sat_service_status:BV-CELLBATCH-002395:0002,USR-106,"[""BV-CELLBATCH-002395"",""BV-RECYCLINGORDER-000395"",""BV-VEHICLE-000395""]"
CELLBATCH-002395,Second-Life Assessment Failed,2023-11-11T17:51:00Z,sat_recall_status,sat_recall_status:BV-CELLBATCH-002395:0002,USR-122,"[""BV-CELLBATCH-002395"",""BV-SECONDLIFESYSTEM-000395""]"
CELLBATCH-002500,Battery Pack Failed Test,2023-11-11T18:17:00Z,sat_shipment_status,sat_shipment_status:BV-CELLBATCH-002500:0001,USR-091,"[""BV-CELLBATCH-002500"",""BV-WARRANTYCLAIM-000500""]"
CELLBATCH-002502,Battery Pack Failed Test,2023-11-12T00:19:00Z,sat_shipment_status,sat_shipment_status:BV-CELLBATCH-002502:0001,USR-125,"[""BV-CELLBATCH-002502"",""BV-WARRANTYCLAIM-000002""]"
CELLBATCH-002459,Firmware Rolled Back,2023-11-12T03:51:00Z,sat_service_status,sat_service_status:BV-CELLBATCH-002459:0002,USR-051,"[""BV-CELLBATCH-002459"",""BV-RECYCLINGORDER-000459""]"
CELLBATCH-002504,Battery Pack Failed Test,2023-11-12T06:21:00Z,sat_shipment_status,sat_shipment_status:BV-CELLBATCH-002504:0001,USR-032,"[""BV-CELLBATCH-002504"",""BV-WARRANTYCLAIM-000004"",""BV-CERTIFICATE-000004""]"
CELLBATCH-002400,Battery Pack Failed Test,2023-11-12T07:00:00Z,sat_shipment_status,sat_shipment_status:BV-CELLBATCH-002400:0002,USR-042,"[""BV-CELLBATCH-002400"",""BV-WARRANTYCLAIM-000400"",""BV-CERTIFICATE-000400""]"
CELLBATCH-002400,Firmware Installation Failed,2023-11-12T07:37:00Z,sat_diagnostic_result,sat_diagnostic_result:BV-CELLBATCH-002400:0002,USR-063,"[""BV-CELLBATCH-002400"",""BV-SECONDLIFESYSTEM-000400""]"
CELLBATCH-002400,Firmware Rolled Back,2023-11-12T08:14:00Z,sat_service_status,sat_service_status:BV-CELLBATCH-002400:0002,USR-064,"[""BV-CELLBATCH-002400"",""BV-RECYCLINGORDER-000400"",""BV-VEHICLE-000400""]"
CELLBATCH-002400,Second-Life Assessment Failed,2023-11-12T08:51:00Z,sat_recall_status,sat_recall_status:BV-CELLBATCH-002400:0001,USR-080,"[""BV-CELLBATCH-002400"",""BV-SECONDLIFESYSTEM-000400""]"
CELLBATCH-002506,Battery Pack Failed Test,2023-11-12T12:23:00Z,sat_shipment_status,sat_shipment_status:BV-CELLBATCH-002506:0001,USR-066,"[""BV-CELLBATCH-002506"",""BV-WARRANTYCLAIM-000006""]"
CELLBATCH-002508,Battery Pack Failed Test,2023-11-12T18:25:00Z,sat_shipment_status,sat_shipment_status:BV-CELLBATCH-002508:0001,USR-100,"[""BV-CELLBATCH-002508"",""BV-WARRANTYCLAIM-000008""]"
CELLBATCH-002405,Battery Pack Failed Test,2023-11-12T22:00:00Z,sat_shipment_status,sat_shipment_status:BV-CELLBATCH-002405:0001,USR-127,"[""BV-CELLBATCH-002405"",""BV-WARRANTYCLAIM-000405""]"
CELLBATCH-002405,Firmware Installation Failed,2023-11-12T22:37:00Z,sat_diagnostic_result,sat_diagnostic_result:BV-CELLBATCH-002405:0002,USR-021,"[""BV-CELLBATCH-002405"",""BV-SECONDLIFESYSTEM-000405"",""BV-BATTERYPASSPORT-002405""]"
CELLBATCH-002405,Firmware Rolled Back,2023-11-12T23:14:00Z,sat_service_status,sat_service_status:BV-CELLBATCH-002405:0003,USR-022,"[""BV-CELLBATCH-002405"",""BV-RECYCLINGORDER-000405""]"
CELLBATCH-002405,Second-Life Assessment Failed,2023-11-12T23:51:00Z,sat_recall_status,sat_recall_status:BV-CELLBATCH-002405:0003,USR-038,"[""BV-CELLBATCH-002405"",""BV-SECONDLIFESYSTEM-000405""]"
CELLBATCH-002466,Firmware Rolled Back,2023-11-13T00:05:00Z,sat_service_status,sat_service_status:BV-CELLBATCH-002466:0002,USR-043,"[""BV-CELLBATCH-002466"",""BV-RECYCLINGORDER-000466"",""BV-VEHICLE-000466""]"
CELLBATCH-002510,Battery Pack Failed Test,2023-11-13T00:27:00Z,sat_shipment_status,sat_shipment_status:BV-CELLBATCH-002510:0001,USR-007,"[""BV-CELLBATCH-002510"",""BV-WARRANTYCLAIM-000010"",""BV-CERTIFICATE-000010""]"
CELLBATCH-002512,Battery Pack Failed Test,2023-11-13T06:29:00Z,sat_shipment_status,sat_shipment_status:BV-CELLBATCH-002512:0001,USR-041,"[""BV-CELLBATCH-002512"",""BV-WARRANTYCLAIM-000012"",""BV-CERTIFICATE-000012""]"
CELLBATCH-002472,Firmware Installation Failed,2023-11-13T12:10:00Z,sat_diagnostic_result,sat_diagnostic_result:BV-CELLBATCH-002472:0002,USR-017,"[""BV-CELLBATCH-002472"",""BV-SECONDLIFESYSTEM-000472""]"
CELLBATCH-002514,Battery Pack Failed Test,2023-11-13T12:31:00Z,sat_shipment_status,sat_shipment_status:BV-CELLBATCH-002514:0001,USR-075,"[""BV-CELLBATCH-002514"",""BV-WARRANTYCLAIM-000014"",""BV-CERTIFICATE-000014""]"
CELLBATCH-002410,Battery Pack Failed Test,2023-11-13T13:00:00Z,sat_shipment_status,sat_shipment_status:BV-CELLBATCH-002410:0002,USR-085,"[""BV-CELLBATCH-002410"",""BV-WARRANTYCLAIM-000410"",""BV-CERTIFICATE-000410""]"
CELLBATCH-002410,Firmware Installation Failed,2023-11-13T13:37:00Z,sat_diagnostic_result,sat_diagnostic_result:BV-CELLBATCH-002410:0002,USR-106,"[""BV-CELLBATCH-002410"",""BV-SECONDLIFESYSTEM-000410""]"
CELLBATCH-002410,Firmware Rolled Back,2023-11-13T14:14:00Z,sat_service_status,sat_service_status:BV-CELLBATCH-002410:0003,USR-107,"[""BV-CELLBATCH-002410"",""BV-RECYCLINGORDER-000410""]"
CELLBATCH-002410,Second-Life Assessment Failed,2023-11-13T14:51:00Z,sat_recall_status,sat_recall_status:BV-CELLBATCH-002410:0002,USR-123,"[""BV-CELLBATCH-002410"",""BV-SECONDLIFESYSTEM-000410"",""BV-BATTERYPASSPORT-002410""]"
CELLBATCH-002516,Battery Pack Failed Test,2023-11-13T18:33:00Z,sat_shipment_status,sat_shipment_status:BV-CELLBATCH-002516:0001,USR-109,"[""BV-CELLBATCH-002516"",""BV-WARRANTYCLAIM-000016""]"
CELLBATCH-002440,Second-Life Assessment Failed,2023-11-13T18:48:00Z,sat_recall_status,sat_recall_status:BV-CELLBATCH-002440:0001,USR-125,"[""BV-CELLBATCH-002440"",""BV-SECONDLIFESYSTEM-000440""]"
CELLBATCH-002473,Firmware Rolled Back,2023-11-13T21:12:00Z,sat_service_status,sat_service_status:BV-CELLBATCH-002473:0002,USR-035,"[""BV-CELLBATCH-002473"",""BV-RECYCLINGORDER-000473"",""BV-VEHICLE-000473""]"
CELLBATCH-002518,Battery Pack Failed Test,2023-11-14T00:35:00Z,sat_shipment_status,sat_shipment_status:BV-CELLBATCH-002518:0001,USR-016,"[""BV-CELLBATCH-002518"",""BV-WARRANTYCLAIM-000018""]"
CELLBATCH-002415,Battery Pack Failed Test,2023-11-14T04:00:00Z,sat_shipment_status,sat_shipment_status:BV-CELLBATCH-002415:0002,USR-043,"[""BV-CELLBATCH-002415"",""BV-WARRANTYCLAIM-000415""]"
CELLBATCH-002415,Firmware Installation Failed,2023-11-14T04:37:00Z,sat_diagnostic_result,sat_diagnostic_result:BV-CELLBATCH-002415:0002,USR-064,"[""BV-CELLBATCH-002415"",""BV-SECONDLIFESYSTEM-000415"",""BV-BATTERYPASSPORT-002415""]"
CELLBATCH-002415,Firmware Rolled Back,2023-11-14T05:14:00Z,sat_service_status,sat_service_status:BV-CELLBATCH-002415:0002,USR-065,"[""BV-CELLBATCH-002415"",""BV-RECYCLINGORDER-000415""]"
CELLBATCH-002415,Second-Life Assessment Failed,2023-11-14T05:51:00Z,sat_recall_status,sat_recall_status:BV-CELLBATCH-002415:0002,USR-081,"[""BV-CELLBATCH-002415"",""BV-SECONDLIFESYSTEM-000415"",""BV-BATTERYPASSPORT-002415""]"
CELLBATCH-002520,Battery Pack Failed Test,2023-11-14T06:37:00Z,sat_shipment_status,sat_shipment_status:BV-CELLBATCH-002520:0001,USR-050,"[""BV-CELLBATCH-002520"",""BV-WARRANTYCLAIM-000020""]"
CELLBATCH-002522,Battery Pack Failed Test,2023-11-14T12:39:00Z,sat_shipment_status,sat_shipment_status:BV-CELLBATCH-002522:0001,USR-084,"[""BV-CELLBATCH-002522"",""BV-WARRANTYCLAIM-000022"",""BV-CERTIFICATE-000022""]"
CELLBATCH-002480,Firmware Rolled Back,2023-11-14T18:19:00Z,sat_service_status,sat_service_status:BV-CELLBATCH-002480:0002,USR-027,"[""BV-CELLBATCH-002480"",""BV-RECYCLINGORDER-000480""]"
CELLBATCH-002524,Battery Pack Failed Test,2023-11-14T18:41:00Z,sat_shipment_status,sat_shipment_status:BV-CELLBATCH-002524:0001,USR-118,"[""BV-CELLBATCH-002524"",""BV-WARRANTYCLAIM-000024""]"
CELLBATCH-002420,Battery Pack Failed Test,2023-11-14T19:00:00Z,sat_shipment_status,sat_shipment_status:BV-CELLBATCH-002420:0002,USR-001,"[""BV-CELLBATCH-002420"",""BV-WARRANTYCLAIM-000420""]"
CELLBATCH-002420,Firmware Installation Failed,2023-11-14T19:37:00Z,sat_diagnostic_result,sat_diagnostic_result:BV-CELLBATCH-002420:0002,USR-022,"[""BV-CELLBATCH-002420"",""BV-SECONDLIFESYSTEM-000420""]"
CELLBATCH-002420,Firmware Rolled Back,2023-11-14T20:14:00Z,sat_service_status,sat_service_status:BV-CELLBATCH-002420:0002,USR-023,"[""BV-CELLBATCH-002420"",""BV-RECYCLINGORDER-000420"",""BV-VEHICLE-000420""]"
CELLBATCH-002420,Second-Life Assessment Failed,2023-11-14T20:51:00Z,sat_recall_status,sat_recall_status:BV-CELLBATCH-002420:0001,USR-039,"[""BV-CELLBATCH-002420"",""BV-SECONDLIFESYSTEM-000420""]"
CELLBATCH-002526,Battery Pack Failed Test,2023-11-15T00:43:00Z,sat_shipment_status,sat_shipment_status:BV-CELLBATCH-002526:0001,USR-025,"[""BV-CELLBATCH-002526"",""BV-WARRANTYCLAIM-000026""]"
CELLBATCH-002528,Battery Pack Failed Test,2023-11-15T06:45:00Z,sat_shipment_status,sat_shipment_status:BV-CELLBATCH-002528:0001,USR-059,"[""BV-CELLBATCH-002528"",""BV-WARRANTYCLAIM-000028""]"
CELLBATCH-002425,Battery Pack Failed Test,2023-11-15T10:00:00Z,sat_shipment_status,sat_shipment_status:BV-CELLBATCH-002425:0001,USR-086,"[""BV-CELLBATCH-002425"",""BV-WARRANTYCLAIM-000425"",""BV-CERTIFICATE-000425""]"
CELLBATCH-002425,Firmware Installation Failed,2023-11-15T10:37:00Z,sat_diagnostic_result,sat_diagnostic_result:BV-CELLBATCH-002425:0002,USR-107,"[""BV-CELLBATCH-002425"",""BV-SECONDLIFESYSTEM-000425""]"
CELLBATCH-002425,Firmware Rolled Back,2023-11-15T11:14:00Z,sat_service_status,sat_service_status:BV-CELLBATCH-002425:0002,USR-108,"[""BV-CELLBATCH-002425"",""BV-RECYCLINGORDER-000425""]"
CELLBATCH-002425,Second-Life Assessment Failed,2023-11-15T11:51:00Z,sat_recall_status,sat_recall_status:BV-CELLBATCH-002425:0002,USR-124,"[""BV-CELLBATCH-002425"",""BV-SECONDLIFESYSTEM-000425"",""BV-BATTERYPASSPORT-002425""]"
CELLBATCH-002530,Battery Pack Failed Test,2023-11-15T12:47:00Z,sat_shipment_status,sat_shipment_status:BV-CELLBATCH-002530:0001,USR-093,"[""BV-CELLBATCH-002530"",""BV-WARRANTYCLAIM-000030"",""BV-CERTIFICATE-000030""]"
CELLBATCH-002487,Firmware Rolled Back,2023-11-15T15:26:00Z,sat_service_status,sat_service_status:BV-CELLBATCH-002487:0002,USR-019,"[""BV-CELLBATCH-002487"",""BV-RECYCLINGORDER-000487""]"
CELLBATCH-002532,Battery Pack Failed Test,2023-11-15T18:49:00Z,sat_shipment_status,sat_shipment_status:BV-CELLBATCH-002532:0001,USR-127,"[""BV-CELLBATCH-002532"",""BV-WARRANTYCLAIM-000032""]"
CELLBATCH-002534,Battery Pack Failed Test,2023-11-16T00:51:00Z,sat_shipment_status,sat_shipment_status:BV-CELLBATCH-002534:0001,USR-034,"[""BV-CELLBATCH-002534"",""BV-WARRANTYCLAIM-000034"",""BV-CERTIFICATE-000034""]"
CELLBATCH-002430,Battery Pack Failed Test,2023-11-16T01:00:00Z,sat_shipment_status,sat_shipment_status:BV-CELLBATCH-002430:0002,USR-044,"[""BV-CELLBATCH-002430"",""BV-WARRANTYCLAIM-000430""]"
CELLBATCH-002430,Firmware Installation Failed,2023-11-16T01:37:00Z,sat_diagnostic_result,sat_diagnostic_result:BV-CELLBATCH-002430:0002,USR-065,"[""BV-CELLBATCH-002430"",""BV-SECONDLIFESYSTEM-000430"",""BV-BATTERYPASSPORT-002430""]"
CELLBATCH-002430,Firmware Rolled Back,2023-11-16T02:14:00Z,sat_service_status,sat_service_status:BV-CELLBATCH-002430:0002,USR-066,"[""BV-CELLBATCH-002430"",""BV-RECYCLINGORDER-000430""]"
CELLBATCH-002430,Second-Life Assessment Failed,2023-11-16T02:51:00Z,sat_recall_status,sat_recall_status:BV-CELLBATCH-002430:0001,USR-082,"[""BV-CELLBATCH-002430"",""BV-SECONDLIFESYSTEM-000430""]"
CELLBATCH-002536,Battery Pack Failed Test,2023-11-16T06:00:00Z,sat_shipment_status,sat_shipment_status:BV-CELLBATCH-002536:0001,USR-068,"[""BV-CELLBATCH-002536"",""BV-WARRANTYCLAIM-000036"",""BV-CERTIFICATE-000036""]"
CELLBATCH-002538,Battery Pack Failed Test,2023-11-16T12:02:00Z,sat_shipment_status,sat_shipment_status:BV-CELLBATCH-002538:0001,USR-102,"[""BV-CELLBATCH-002538"",""BV-WARRANTYCLAIM-000038""]"
CELLBATCH-002494,Firmware Rolled Back,2023-11-16T12:33:00Z,sat_service_status,sat_service_status:BV-CELLBATCH-002494:0002,USR-011,"[""BV-CELLBATCH-002494"",""BV-RECYCLINGORDER-000494""]"
CELLBATCH-002435,Battery Pack Failed Test,2023-11-16T16:00:00Z,sat_shipment_status,sat_shipment_status:BV-CELLBATCH-002435:0001,USR-002,"[""BV-CELLBATCH-002435"",""BV-WARRANTYCLAIM-000435""]"
CELLBATCH-002435,Firmware Installation Failed,2023-11-16T16:37:00Z,sat_diagnostic_result,sat_diagnostic_result:BV-CELLBATCH-002435:0003,USR-023,"[""BV-CELLBATCH-002435"",""BV-SECONDLIFESYSTEM-000435"",""BV-BATTERYPASSPORT-002435""]"
CELLBATCH-002435,Firmware Rolled Back,2023-11-16T17:14:00Z,sat_service_status,sat_service_status:BV-CELLBATCH-002435:0002,USR-024,"[""BV-CELLBATCH-002435"",""BV-RECYCLINGORDER-000435""]"
CELLBATCH-002435,Second-Life Assessment Failed,2023-11-16T17:51:00Z,sat_recall_status,sat_recall_status:BV-CELLBATCH-002435:0002,USR-040,"[""BV-CELLBATCH-002435"",""BV-SECONDLIFESYSTEM-000435""]"
CELLBATCH-002540,Battery Pack Failed Test,2023-11-16T18:04:00Z,sat_shipment_status,sat_shipment_status:BV-CELLBATCH-002540:0001,USR-009,"[""BV-CELLBATCH-002540"",""BV-WARRANTYCLAIM-000040"",""BV-CERTIFICATE-000040""]"
CELLBATCH-002542,Battery Pack Failed Test,2023-11-17T00:06:00Z,sat_shipment_status,sat_shipment_status:BV-CELLBATCH-002542:0001,USR-043,"[""BV-CELLBATCH-002542"",""BV-WARRANTYCLAIM-000042""]"
CELLBATCH-002544,Battery Pack Failed Test,2023-11-17T06:08:00Z,sat_shipment_status,sat_shipment_status:BV-CELLBATCH-002544:0001,USR-077,"[""BV-CELLBATCH-002544"",""BV-WARRANTYCLAIM-000044"",""BV-CERTIFICATE-000044""]"
CELLBATCH-002440,Battery Pack Failed Test,2023-11-17T07:00:00Z,sat_shipment_status,sat_shipment_status:BV-CELLBATCH-002440:0002,USR-087,"[""BV-CELLBATCH-002440"",""BV-WARRANTYCLAIM-000440""]"
CELLBATCH-002440,Firmware Installation Failed,2023-11-17T07:37:00Z,sat_diagnostic_result,sat_diagnostic_result:BV-CELLBATCH-002440:0002,USR-108,"[""BV-CELLBATCH-002440"",""BV-SECONDLIFESYSTEM-000440"",""BV-BATTERYPASSPORT-002440""]"
CELLBATCH-002440,Firmware Rolled Back,2023-11-17T08:14:00Z,sat_service_status,sat_service_status:BV-CELLBATCH-002440:0002,USR-109,"[""BV-CELLBATCH-002440"",""BV-RECYCLINGORDER-000440""]"
CELLBATCH-002440,Second-Life Assessment Failed,2023-11-17T08:51:00Z,sat_recall_status,sat_recall_status:BV-CELLBATCH-002440:0002,USR-125,"[""BV-CELLBATCH-002440"",""BV-SECONDLIFESYSTEM-000440""]"
CELLBATCH-002501,Firmware Rolled Back,2023-11-17T09:40:00Z,sat_service_status,sat_service_status:BV-CELLBATCH-002501:0002,USR-003,"[""BV-CELLBATCH-002501"",""BV-RECYCLINGORDER-000001"",""BV-VEHICLE-000001""]"
CELLBATCH-002546,Battery Pack Failed Test,2023-11-17T12:10:00Z,sat_shipment_status,sat_shipment_status:BV-CELLBATCH-002546:0001,USR-111,"[""BV-CELLBATCH-002546"",""BV-WARRANTYCLAIM-000046""]"
CELLBATCH-002471,Second-Life Assessment Failed,2023-11-17T15:26:00Z,sat_recall_status,sat_recall_status:BV-CELLBATCH-002471:0002,USR-017,"[""BV-CELLBATCH-002471"",""BV-SECONDLIFESYSTEM-000471"",""BV-BATTERYPASSPORT-002471""]"
CELLBATCH-002548,Battery Pack Failed Test,2023-11-17T18:12:00Z,sat_shipment_status,sat_shipment_status:BV-CELLBATCH-002548:0001,USR-018,"[""BV-CELLBATCH-002548"",""BV-WARRANTYCLAIM-000048""]"
CELLBATCH-002445,Battery Pack Failed Test,2023-11-17T22:00:00Z,sat_shipment_status,sat_shipment_status:BV-CELLBATCH-002445:0001,USR-045,"[""BV-CELLBATCH-002445"",""BV-WARRANTYCLAIM-000445""]"
CELLBATCH-002445,Firmware Installation Failed,2023-11-17T22:37:00Z,sat_diagnostic_result,sat_diagnostic_result:BV-CELLBATCH-002445:0002,USR-066,"[""BV-CELLBATCH-002445"",""BV-SECONDLIFESYSTEM-000445""]"
CELLBATCH-002445,Firmware Rolled Back,2023-11-17T23:14:00Z,sat_service_status,sat_service_status:BV-CELLBATCH-002445:0003,USR-067,"[""BV-CELLBATCH-002445"",""BV-RECYCLINGORDER-000445"",""BV-VEHICLE-000445""]"
CELLBATCH-002445,Second-Life Assessment Failed,2023-11-17T23:51:00Z,sat_recall_status,sat_recall_status:BV-CELLBATCH-002445:0002,USR-083,"[""BV-CELLBATCH-002445"",""BV-SECONDLIFESYSTEM-000445""]"
CELLBATCH-002550,Battery Pack Failed Test,2023-11-18T00:14:00Z,sat_shipment_status,sat_shipment_status:BV-CELLBATCH-002550:0001,USR-052,"[""BV-CELLBATCH-002550"",""BV-WARRANTYCLAIM-000050""]"
CELLBATCH-002509,Firmware Installation Failed,2023-11-18T03:47:00Z,sat_diagnostic_result,sat_diagnostic_result:BV-CELLBATCH-002509:0002,USR-011,"[""BV-CELLBATCH-002509"",""BV-SECONDLIFESYSTEM-000009""]"
CELLBATCH-002552,Battery Pack Failed Test,2023-11-18T06:16:00Z,sat_shipment_status,sat_shipment_status:BV-CELLBATCH-002552:0001,USR-086,"[""BV-CELLBATCH-002552"",""BV-WARRANTYCLAIM-000052"",""BV-CERTIFICATE-000052""]"
CELLBATCH-002508,Firmware Rolled Back,2023-11-18T06:47:00Z,sat_service_status,sat_service_status:BV-CELLBATCH-002508:0002,USR-122,"[""BV-CELLBATCH-002508"",""BV-RECYCLINGORDER-000008""]"
CELLBATCH-002554,Battery Pack Failed Test,2023-11-18T12:18:00Z,sat_shipment_status,sat_shipment_status:BV-CELLBATCH-002554:0001,USR-120,"[""BV-CELLBATCH-002554"",""BV-WARRANTYCLAIM-000054""]"
CELLBATCH-002450,Battery Pack Failed Test,2023-11-18T13:00:00Z,sat_shipment_status,sat_shipment_status:BV-CELLBATCH-002450:0003,USR-003,"[""BV-CELLBATCH-002450"",""BV-WARRANTYCLAIM-000450"",""BV-CERTIFICATE-000450""]"
CELLBATCH-002450,Firmware Installation Failed,2023-11-18T13:37:00Z,sat_diagnostic_result,sat_diagnostic_result:BV-CELLBATCH-002450:0002,USR-024,"[""BV-CELLBATCH-002450"",""BV-SECONDLIFESYSTEM-000450""]"
CELLBATCH-002450,Firmware Rolled Back,2023-11-18T14:14:00Z,sat_service_status,sat_service_status:BV-CELLBATCH-002450:0002,USR-025,"[""BV-CELLBATCH-002450"",""BV-RECYCLINGORDER-000450"",""BV-VEHICLE-000450""]"
CELLBATCH-002450,Second-Life Assessment Failed,2023-11-18T14:51:00Z,sat_recall_status,sat_recall_status:BV-CELLBATCH-002450:0001,USR-041,"[""BV-CELLBATCH-002450"",""BV-SECONDLIFESYSTEM-000450""]"
CELLBATCH-002556,Battery Pack Failed Test,2023-11-18T18:20:00Z,sat_shipment_status,sat_shipment_status:BV-CELLBATCH-002556:0001,USR-027,"[""BV-CELLBATCH-002556"",""BV-WARRANTYCLAIM-000056""]"
CELLBATCH-002558,Battery Pack Failed Test,2023-11-19T00:22:00Z,sat_shipment_status,sat_shipment_status:BV-CELLBATCH-002558:0001,USR-061,"[""BV-CELLBATCH-002558"",""BV-WARRANTYCLAIM-000058""]"
CELLBATCH-002515,Firmware Rolled Back,2023-11-19T03:01:00Z,sat_service_status,sat_service_status:BV-CELLBATCH-002515:0002,USR-114,"[""BV-CELLBATCH-002515"",""BV-RECYCLINGORDER-000015""]"
CELLBATCH-002455,Battery Pack Failed Test,2023-11-19T04:00:00Z,sat_shipment_status,sat_shipment_status:BV-CELLBATCH-002455:0001,USR-088,"[""BV-CELLBATCH-002455"",""BV-WARRANTYCLAIM-000455""]"
CELLBATCH-002455,Firmware Installation Failed,2023-11-19T04:37:00Z,sat_diagnostic_result,sat_diagnostic_result:BV-CELLBATCH-002455:0002,USR-109,"[""BV-CELLBATCH-002455"",""BV-SECONDLIFESYSTEM-000455"",""BV-BATTERYPASSPORT-002455""]"
CELLBATCH-002455,Firmware Rolled Back,2023-11-19T05:14:00Z,sat_service_status,sat_service_status:BV-CELLBATCH-002455:0002,USR-110,"[""BV-CELLBATCH-002455"",""BV-RECYCLINGORDER-000455""]"
CELLBATCH-002455,Second-Life Assessment Failed,2023-11-19T05:51:00Z,sat_recall_status,sat_recall_status:BV-CELLBATCH-002455:0002,USR-126,"[""BV-CELLBATCH-002455"",""BV-SECONDLIFESYSTEM-000455""]"
CELLBATCH-002560,Battery Pack Failed Test,2023-11-19T06:24:00Z,sat_shipment_status,sat_shipment_status:BV-CELLBATCH-002560:0001,USR-095,"[""BV-CELLBATCH-002560"",""BV-WARRANTYCLAIM-000060"",""BV-CERTIFICATE-000060""]"
CELLBATCH-002562,Battery Pack Failed Test,2023-11-19T12:26:00Z,sat_shipment_status,sat_shipment_status:BV-CELLBATCH-002562:0001,USR-002,"[""BV-CELLBATCH-002562"",""BV-WARRANTYCLAIM-000062"",""BV-CERTIFICATE-000062""]"
CELLBATCH-002564,Battery Pack Failed Test,2023-11-19T18:28:00Z,sat_shipment_status,sat_shipment_status:BV-CELLBATCH-002564:0001,USR-036,"[""BV-CELLBATCH-002564"",""BV-WARRANTYCLAIM-000064""]"
CELLBATCH-002460,Battery Pack Failed Test,2023-11-19T19:00:00Z,sat_shipment_status,sat_shipment_status:BV-CELLBATCH-002460:0003,USR-046,"[""BV-CELLBATCH-002460"",""BV-WARRANTYCLAIM-000460""]"
CELLBATCH-002460,Firmware Installation Failed,2023-11-19T19:37:00Z,sat_diagnostic_result,sat_diagnostic_result:BV-CELLBATCH-002460:0002,USR-067,"[""BV-CELLBATCH-002460"",""BV-SECONDLIFESYSTEM-000460""]"
CELLBATCH-002460,Firmware Rolled Back,2023-11-19T20:14:00Z,sat_service_status,sat_service_status:BV-CELLBATCH-002460:0002,USR-068,"[""BV-CELLBATCH-002460"",""BV-RECYCLINGORDER-000460"",""BV-VEHICLE-000460""]"
CELLBATCH-002460,Second-Life Assessment Failed,2023-11-19T20:51:00Z,sat_recall_status,sat_recall_status:BV-CELLBATCH-002460:0001,USR-084,"[""BV-CELLBATCH-002460"",""BV-SECONDLIFESYSTEM-000460""]"
CELLBATCH-002522,Firmware Rolled Back,2023-11-20T00:08:00Z,sat_service_status,sat_service_status:BV-CELLBATCH-002522:0002,USR-106,"[""BV-CELLBATCH-002522"",""BV-RECYCLINGORDER-000022"",""BV-VEHICLE-000022""]"
CELLBATCH-002566,Battery Pack Failed Test,2023-11-20T00:30:00Z,sat_shipment_status,sat_shipment_status:BV-CELLBATCH-002566:0001,USR-070,"[""BV-CELLBATCH-002566"",""BV-WARRANTYCLAIM-000066"",""BV-CERTIFICATE-000066""]"
CELLBATCH-002568,Battery Pack Failed Test,2023-11-20T06:32:00Z,sat_shipment_status,sat_shipment_status:BV-CELLBATCH-002568:0001,USR-104,"[""BV-CELLBATCH-002568"",""BV-WARRANTYCLAIM-000068""]"
CELLBATCH-002465,Battery Pack Failed Test,2023-11-20T10:00:00Z,sat_shipment_status,sat_shipment_status:BV-CELLBATCH-002465:0002,USR-004,"[""BV-CELLBATCH-002465"",""BV-WARRANTYCLAIM-000465"",""BV-CERTIFICATE-000465""]"
CELLBATCH-002465,Firmware Installation Failed,2023-11-20T10:37:00Z,sat_diagnostic_result,sat_diagnostic_result:BV-CELLBATCH-002465:0002,USR-025,"[""BV-CELLBATCH-002465"",""BV-SECONDLIFESYSTEM-000465""]"
CELLBATCH-002465,Firmware Rolled Back,2023-11-20T11:14:00Z,sat_service_status,sat_service_status:BV-CELLBATCH-002465:0002,USR-026,"[""BV-CELLBATCH-002465"",""BV-RECYCLINGORDER-000465""]"
CELLBATCH-002465,Second-Life Assessment Failed,2023-11-20T11:51:00Z,sat_recall_status,sat_recall_status:BV-CELLBATCH-002465:0002,USR-042,"[""BV-CELLBATCH-002465"",""BV-SECONDLIFESYSTEM-000465"",""BV-BATTERYPASSPORT-002465""]"
CELLBATCH-002570,Battery Pack Failed Test,2023-11-20T12:34:00Z,sat_shipment_status,sat_shipment_status:BV-CELLBATCH-002570:0001,USR-011,"[""BV-CELLBATCH-002570"",""BV-WARRANTYCLAIM-000070"",""BV-CERTIFICATE-000070""]"
CELLBATCH-002572,Battery Pack Failed Test,2023-11-20T18:36:00Z,sat_shipment_status,sat_shipment_status:BV-CELLBATCH-002572:0001,USR-045,"[""BV-CELLBATCH-002572"",""BV-WARRANTYCLAIM-000072""]"
CELLBATCH-002529,Firmware Rolled Back,2023-11-20T21:15:00Z,sat_service_status,sat_service_status:BV-CELLBATCH-002529:0002,USR-098,"[""BV-CELLBATCH-002529"",""BV-RECYCLINGORDER-000029""]"
CELLBATCH-002574,Battery Pack Failed Test,2023-11-21T00:38:00Z,sat_shipment_status,sat_shipment_status:BV-CELLBATCH-002574:0001,USR-079,"[""BV-CELLBATCH-002574"",""BV-WARRANTYCLAIM-000074""]"
CELLBATCH-002470,Battery Pack Failed Test,2023-11-21T01:00:00Z,sat_shipment_status,sat_shipment_status:BV-CELLBATCH-002470:0002,USR-089,"[""BV-CELLBATCH-002470"",""BV-WARRANTYCLAIM-000470"",""BV-CERTIFICATE-000470""]"
CELLBATCH-002470,Firmware Installation Failed,2023-11-21T01:37:00Z,sat_diagnostic_result,sat_diagnostic_result:BV-CELLBATCH-002470:0002,USR-110,"[""BV-CELLBATCH-002470"",""BV-SECONDLIFESYSTEM-000470""]"
CELLBATCH-002470,Firmware Rolled Back,2023-11-21T02:14:00Z,sat_service_status,sat_service_status:BV-CELLBATCH-002470:0003,USR-111,"[""BV-CELLBATCH-002470"",""BV-RECYCLINGORDER-000470"",""BV-VEHICLE-000470""]"
CELLBATCH-002470,Second-Life Assessment Failed,2023-11-21T02:51:00Z,sat_recall_status,sat_recall_status:BV-CELLBATCH-002470:0002,USR-127,"[""BV-CELLBATCH-002470"",""BV-SECONDLIFESYSTEM-000470""]"
CELLBATCH-002576,Battery Pack Failed Test,2023-11-21T06:40:00Z,sat_shipment_status,sat_shipment_status:BV-CELLBATCH-002576:0001,USR-113,"[""BV-CELLBATCH-002576"",""BV-WARRANTYCLAIM-000076""]"
CELLBATCH-002502,Second-Life Assessment Failed,2023-11-21T12:04:00Z,sat_recall_status,sat_recall_status:BV-CELLBATCH-002502:0001,USR-036,"[""BV-CELLBATCH-002502"",""BV-SECONDLIFESYSTEM-000002""]"
CELLBATCH-002578,Battery Pack Failed Test,2023-11-21T12:42:00Z,sat_shipment_status,sat_shipment_status:BV-CELLBATCH-002578:0001,USR-020,"[""BV-CELLBATCH-002578"",""BV-WARRANTYCLAIM-000078""]"
CELLBATCH-002475,Battery Pack Failed Test,2023-11-21T16:00:00Z,sat_shipment_status,sat_shipment_status:BV-CELLBATCH-002475:0001,USR-047,"[""BV-CELLBATCH-002475"",""BV-WARRANTYCLAIM-000475"",""BV-CERTIFICATE-000475""]"
CELLBATCH-002475,Firmware Installation Failed,2023-11-21T16:37:00Z,sat_diagnostic_result,sat_diagnostic_result:BV-CELLBATCH-002475:0002,USR-068,"[""BV-CELLBATCH-002475"",""BV-SECONDLIFESYSTEM-000475""]"
CELLBATCH-002475,Firmware Rolled Back,2023-11-21T17:14:00Z,sat_service_status,sat_service_status:BV-CELLBATCH-002475:0002,USR-069,"[""BV-CELLBATCH-002475"",""BV-RECYCLINGORDER-000475"",""BV-VEHICLE-000475""]"
CELLBATCH-002475,Second-Life Assessment Failed,2023-11-21T17:51:00Z,sat_recall_status,sat_recall_status:BV-CELLBATCH-002475:0002,USR-085,"[""BV-CELLBATCH-002475"",""BV-SECONDLIFESYSTEM-000475""]"
CELLBATCH-002536,Firmware Rolled Back,2023-11-21T18:22:00Z,sat_service_status,sat_service_status:BV-CELLBATCH-002536:0002,USR-090,"[""BV-CELLBATCH-002536"",""BV-RECYCLINGORDER-000036"",""BV-VEHICLE-000036""]"
CELLBATCH-002580,Battery Pack Failed Test,2023-11-21T18:44:00Z,sat_shipment_status,sat_shipment_status:BV-CELLBATCH-002580:0001,USR-054,"[""BV-CELLBATCH-002580"",""BV-WARRANTYCLAIM-000080""]"
CELLBATCH-002582,Battery Pack Failed Test,2023-11-22T00:46:00Z,sat_shipment_status,sat_shipment_status:BV-CELLBATCH-002582:0001,USR-088,"[""BV-CELLBATCH-002582"",""BV-WARRANTYCLAIM-000082""]"
CELLBATCH-002584,Battery Pack Failed Test,2023-11-22T06:48:00Z,sat_shipment_status,sat_shipment_status:BV-CELLBATCH-002584:0001,USR-122,"[""BV-CELLBATCH-002584"",""BV-WARRANTYCLAIM-000084""]"
CELLBATCH-002480,Battery Pack Failed Test,2023-11-22T07:00:00Z,sat_shipment_status,sat_shipment_status:BV-CELLBATCH-002480:0002,USR-005,"[""BV-CELLBATCH-002480"",""BV-WARRANTYCLAIM-000480""]"
CELLBATCH-002480,Firmware Installation Failed,2023-11-22T07:37:00Z,sat_diagnostic_result,sat_diagnostic_result:BV-CELLBATCH-002480:0003,USR-026,"[""BV-CELLBATCH-002480"",""BV-SECONDLIFESYSTEM-000480"",""BV-BATTERYPASSPORT-002480""]"
CELLBATCH-002480,Firmware Rolled Back,2023-11-22T08:14:00Z,sat_service_status,sat_service_status:BV-CELLBATCH-002480:0003,USR-027,"[""BV-CELLBATCH-002480"",""BV-RECYCLINGORDER-000480""]"
CELLBATCH-002480,Second-Life Assessment Failed,2023-11-22T08:51:00Z,sat_recall_status,sat_recall_status:BV-CELLBATCH-002480:0001,USR-043,"[""BV-CELLBATCH-002480"",""BV-SECONDLIFESYSTEM-000480"",""BV-BATTERYPASSPORT-002480""]"
CELLBATCH-002586,Battery Pack Failed Test,2023-11-22T12:50:00Z,sat_shipment_status,sat_shipment_status:BV-CELLBATCH-002586:0001,USR-029,"[""BV-CELLBATCH-002586"",""BV-WARRANTYCLAIM-000086"",""BV-CERTIFICATE-000086""]"
CELLBATCH-002543,Firmware Rolled Back,2023-11-22T15:29:00Z,sat_service_status,sat_service_status:BV-CELLBATCH-002543:0002,USR-082,"[""BV-CELLBATCH-002543"",""BV-RECYCLINGORDER-000043"",""BV-VEHICLE-000043""]"
CELLBATCH-002546,Firmware Installation Failed,2023-11-22T18:31:00Z,sat_diagnostic_result,sat_diagnostic_result:BV-CELLBATCH-002546:0002,USR-005,"[""BV-CELLBATCH-002546"",""BV-SECONDLIFESYSTEM-000046"",""BV-BATTERYPASSPORT-002546""]"
CELLBATCH-002588,Battery Pack Failed Test,2023-11-22T18:52:00Z,sat_shipment_status,sat_shipment_status:BV-CELLBATCH-002588:0001,USR-063,"[""BV-CELLBATCH-002588"",""BV-WARRANTYCLAIM-000088"",""BV-CERTIFICATE-000088""]"
CELLBATCH-002485,Battery Pack Failed Test,2023-11-22T22:00:00Z,sat_shipment_status,sat_shipment_status:BV-CELLBATCH-002485:0002,USR-090,"[""BV-CELLBATCH-002485"",""BV-WARRANTYCLAIM-000485"",""BV-CERTIFICATE-000485""]"
CELLBATCH-002485,Firmware Installation Failed,2023-11-22T22:37:00Z,sat_diagnostic_result,sat_diagnostic_result:BV-CELLBATCH-002485:0002,USR-111,"[""BV-CELLBATCH-002485"",""BV-SECONDLIFESYSTEM-000485""]"
CELLBATCH-002485,Firmware Rolled Back,2023-11-22T23:14:00Z,sat_service_status,sat_service_status:BV-CELLBATCH-002485:0002,USR-112,"[""BV-CELLBATCH-002485"",""BV-RECYCLINGORDER-000485""]"
CELLBATCH-002485,Second-Life Assessment Failed,2023-11-22T23:51:00Z,sat_recall_status,sat_recall_status:BV-CELLBATCH-002485:0002,USR-001,"[""BV-CELLBATCH-002485"",""BV-SECONDLIFESYSTEM-000485"",""BV-BATTERYPASSPORT-002485""]"
CELLBATCH-002590,Battery Pack Failed Test,2023-11-23T00:01:00Z,sat_shipment_status,sat_shipment_status:BV-CELLBATCH-002590:0001,USR-097,"[""BV-CELLBATCH-002590"",""BV-WARRANTYCLAIM-000090""]"
CELLBATCH-002592,Battery Pack Failed Test,2023-11-23T06:03:00Z,sat_shipment_status,sat_shipment_status:BV-CELLBATCH-002592:0001,USR-004,"[""BV-CELLBATCH-002592"",""BV-WARRANTYCLAIM-000092""]"
CELLBATCH-002594,Battery Pack Failed Test,2023-11-23T12:05:00Z,sat_shipment_status,sat_shipment_status:BV-CELLBATCH-002594:0001,USR-038,"[""BV-CELLBATCH-002594"",""BV-WARRANTYCLAIM-000094""]"
CELLBATCH-002550,Firmware Rolled Back,2023-11-23T12:36:00Z,sat_service_status,sat_service_status:BV-CELLBATCH-002550:0002,USR-074,"[""BV-CELLBATCH-002550"",""BV-RECYCLINGORDER-000050"",""BV-VEHICLE-000050""]"
CELLBATCH-002490,Battery Pack Failed Test,2023-11-23T13:00:00Z,sat_shipment_status,sat_shipment_status:BV-CELLBATCH-002490:0002,USR-048,"[""BV-CELLBATCH-002490"",""BV-WARRANTYCLAIM-000490""]"
CELLBATCH-002490,Firmware Installation Failed,2023-11-23T13:37:00Z,sat_diagnostic_result,sat_diagnostic_result:BV-CELLBATCH-002490:0002,USR-069,"[""BV-CELLBATCH-002490"",""BV-SECONDLIFESYSTEM-000490"",""BV-BATTERYPASSPORT-002490""]"
CELLBATCH-002490,Firmware Rolled Back,2023-11-23T14:14:00Z,sat_service_status,sat_service_status:BV-CELLBATCH-002490:0002,USR-070,"[""BV-CELLBATCH-002490"",""BV-RECYCLINGORDER-000490""]"
CELLBATCH-002490,Second-Life Assessment Failed,2023-11-23T14:51:00Z,sat_recall_status,sat_recall_status:BV-CELLBATCH-002490:0001,USR-086,"[""BV-CELLBATCH-002490"",""BV-SECONDLIFESYSTEM-000490"",""BV-BATTERYPASSPORT-002490""]"
CELLBATCH-002596,Battery Pack Failed Test,2023-11-23T18:07:00Z,sat_shipment_status,sat_shipment_status:BV-CELLBATCH-002596:0001,USR-072,"[""BV-CELLBATCH-002596"",""BV-WARRANTYCLAIM-000096""]"
CELLBATCH-002598,Battery Pack Failed Test,2023-11-24T00:09:00Z,sat_shipment_status,sat_shipment_status:BV-CELLBATCH-002598:0001,USR-106,"[""BV-CELLBATCH-002598"",""BV-WARRANTYCLAIM-000098""]"
CELLBATCH-002495,Battery Pack Failed Test,2023-11-24T04:00:00Z,sat_shipment_status,sat_shipment_status:BV-CELLBATCH-002495:0001,USR-006,"[""BV-CELLBATCH-002495"",""BV-WARRANTYCLAIM-000495""]"
CELLBATCH-002495,Firmware Installation Failed,2023-11-24T04:37:00Z,sat_diagnostic_result,sat_diagnostic_result:BV-CELLBATCH-002495:0002,USR-027,"[""BV-CELLBATCH-002495"",""BV-SECONDLIFESYSTEM-000495"",""BV-BATTERYPASSPORT-002495""]"
CELLBATCH-002495,Firmware Rolled Back,2023-11-24T05:14:00Z,sat_service_status,sat_service_status:BV-CELLBATCH-002495:0002,USR-028,"[""BV-CELLBATCH-002495"",""BV-RECYCLINGORDER-000495""]"
CELLBATCH-002495,Second-Life Assessment Failed,2023-11-24T05:51:00Z,sat_recall_status,sat_recall_status:BV-CELLBATCH-002495:0003,USR-044,"[""BV-CELLBATCH-002495"",""BV-SECONDLIFESYSTEM-000495"",""BV-BATTERYPASSPORT-002495""]"
CELLBATCH-002600,Battery Pack Failed Test,2023-11-24T06:11:00Z,sat_shipment_status,sat_shipment_status:BV-CELLBATCH-002600:0001,USR-013,"[""BV-CELLBATCH-002600"",""BV-WARRANTYCLAIM-000100""]"
CELLBATCH-002557,Firmware Rolled Back,2023-11-24T09:43:00Z,sat_service_status,sat_service_status:BV-CELLBATCH-002557:0002,USR-066,"[""BV-CELLBATCH-002557"",""BV-RECYCLINGORDER-000057"",""BV-VEHICLE-000057""]"
CELLBATCH-002602,Battery Pack Failed Test,2023-11-24T12:13:00Z,sat_shipment_status,sat_shipment_status:BV-CELLBATCH-002602:0001,USR-047,"[""BV-CELLBATCH-002602"",""BV-WARRANTYCLAIM-000102""]"
CELLBATCH-002604,Battery Pack Failed Test,2023-11-24T18:15:00Z,sat_shipment_status,sat_shipment_status:BV-CELLBATCH-002604:0001,USR-081,"[""BV-CELLBATCH-002604"",""BV-WARRANTYCLAIM-000104""]"
CELLBATCH-002500,Battery Pack Failed Test,2023-11-24T19:00:00Z,sat_shipment_status,sat_shipment_status:BV-CELLBATCH-002500:0002,USR-091,"[""BV-CELLBATCH-002500"",""BV-WARRANTYCLAIM-000500"",""BV-CERTIFICATE-000500""]"
CELLBATCH-002500,Firmware Installation Failed,2023-11-24T19:37:00Z,sat_diagnostic_result,sat_diagnostic_result:BV-CELLBATCH-002500:0002,USR-112,"[""BV-CELLBATCH-002500"",""BV-SECONDLIFESYSTEM-000500""]"
CELLBATCH-002500,Firmware Rolled Back,2023-11-24T20:14:00Z,sat_service_status,sat_service_status:BV-CELLBATCH-002500:0003,USR-113,"[""BV-CELLBATCH-002500"",""BV-RECYCLINGORDER-000500"",""BV-VEHICLE-000500""]"
CELLBATCH-002500,Second-Life Assessment Failed,2023-11-24T20:51:00Z,sat_recall_status,sat_recall_status:BV-CELLBATCH-002500:0001,USR-002,"[""BV-CELLBATCH-002500"",""BV-SECONDLIFESYSTEM-000500""]"
CELLBATCH-002606,Battery Pack Failed Test,2023-11-25T00:17:00Z,sat_shipment_status,sat_shipment_status:BV-CELLBATCH-002606:0001,USR-115,"[""BV-CELLBATCH-002606"",""BV-WARRANTYCLAIM-000106""]"
CELLBATCH-002608,Battery Pack Failed Test,2023-11-25T06:19:00Z,sat_shipment_status,sat_shipment_status:BV-CELLBATCH-002608:0001,USR-022,"[""BV-CELLBATCH-002608"",""BV-WARRANTYCLAIM-000108"",""BV-CERTIFICATE-000108""]"
CELLBATCH-002564,Firmware Rolled Back,2023-11-25T06:50:00Z,sat_service_status,sat_service_status:BV-CELLBATCH-002564:0002,USR-058,"[""BV-CELLBATCH-002564"",""BV-RECYCLINGORDER-000064""]"
CELLBATCH-002533,Second-Life Assessment Failed,2023-11-25T09:35:00Z,sat_recall_status,sat_recall_status:BV-CELLBATCH-002533:0002,USR-055,"[""BV-CELLBATCH-002533"",""BV-SECONDLIFESYSTEM-000033""]"
CELLBATCH-002505,Battery Pack Failed Test,2023-11-25T10:00:00Z,sat_shipment_status,sat_shipment_status:BV-CELLBATCH-002505:0001,USR-049,"[""BV-CELLBATCH-002505"",""BV-WARRANTYCLAIM-000005"",""BV-CERTIFICATE-000005""]"
CELLBATCH-002505,Firmware Installation Failed,2023-11-25T10:37:00Z,sat_diagnostic_result,sat_diagnostic_result:BV-CELLBATCH-002505:0002,USR-070,"[""BV-CELLBATCH-002505"",""BV-SECONDLIFESYSTEM-000005""]"
CELLBATCH-002505,Firmware Rolled Back,2023-11-25T11:14:00Z,sat_service_status,sat_service_status:BV-CELLBATCH-002505:0002,USR-071,"[""BV-CELLBATCH-002505"",""BV-RECYCLINGORDER-000005"",""BV-VEHICLE-000005""]"
CELLBATCH-002505,Second-Life Assessment Failed,2023-11-25T11:51:00Z,sat_recall_status,sat_recall_status:BV-CELLBATCH-002505:0002,USR-087,"[""BV-CELLBATCH-002505"",""BV-SECONDLIFESYSTEM-000005""]"
CELLBATCH-002610,Battery Pack Failed Test,2023-11-25T12:21:00Z,sat_shipment_status,sat_shipment_status:BV-CELLBATCH-002610:0001,USR-056,"[""BV-CELLBATCH-002610"",""BV-WARRANTYCLAIM-000110""]"
CELLBATCH-002612,Battery Pack Failed Test,2023-11-25T18:23:00Z,sat_shipment_status,sat_shipment_status:BV-CELLBATCH-002612:0001,USR-090,"[""BV-CELLBATCH-002612"",""BV-WARRANTYCLAIM-000112"",""BV-CERTIFICATE-000112""]"
CELLBATCH-002614,Battery Pack Failed Test,2023-11-26T00:25:00Z,sat_shipment_status,sat_shipment_status:BV-CELLBATCH-002614:0001,USR-124,"[""BV-CELLBATCH-002614"",""BV-WARRANTYCLAIM-000114"",""BV-CERTIFICATE-000114""]"
CELLBATCH-002510,Battery Pack Failed Test,2023-11-26T01:00:00Z,sat_shipment_status,sat_shipment_status:BV-CELLBATCH-002510:0002,USR-007,"[""BV-CELLBATCH-002510"",""BV-WARRANTYCLAIM-000010"",""BV-CERTIFICATE-000010""]"
CELLBATCH-002510,Firmware Installation Failed,2023-11-26T01:37:00Z,sat_diagnostic_result,sat_diagnostic_result:BV-CELLBATCH-002510:0002,USR-028,"[""BV-CELLBATCH-002510"",""BV-SECONDLIFESYSTEM-000010""]"
CELLBATCH-002510,Firmware Rolled Back,2023-11-26T02:14:00Z,sat_service_status,sat_service_status:BV-CELLBATCH-002510:0002,USR-029,"[""BV-CELLBATCH-002510"",""BV-RECYCLINGORDER-000010""]"
CELLBATCH-002510,Second-Life Assessment Failed,2023-11-26T02:51:00Z,sat_recall_status,sat_recall_status:BV-CELLBATCH-002510:0001,USR-045,"[""BV-CELLBATCH-002510"",""BV-SECONDLIFESYSTEM-000010"",""BV-BATTERYPASSPORT-002510""]"
CELLBATCH-002571,Firmware Rolled Back,2023-11-26T03:04:00Z,sat_service_status,sat_service_status:BV-CELLBATCH-002571:0002,USR-050,"[""BV-CELLBATCH-002571"",""BV-RECYCLINGORDER-000071""]"
CELLBATCH-002616,Battery Pack Failed Test,2023-11-26T06:27:00Z,sat_shipment_status,sat_shipment_status:BV-CELLBATCH-002616:0001,USR-031,"[""BV-CELLBATCH-002616"",""BV-WARRANTYCLAIM-000116""]"
CELLBATCH-002618,Battery Pack Failed Test,2023-11-26T12:29:00Z,sat_shipment_status,sat_shipment_status:BV-CELLBATCH-002618:0001,USR-065,"[""BV-CELLBATCH-002618"",""BV-WARRANTYCLAIM-000118"",""BV-CERTIFICATE-000118""]"
CELLBATCH-002515,Battery Pack Failed Test,2023-11-26T16:00:00Z,sat_shipment_status,sat_shipment_status:BV-CELLBATCH-002515:0001,USR-092,"[""BV-CELLBATCH-002515"",""BV-WARRANTYCLAIM-000015""]"
CELLBATCH-002515,Firmware Installation Failed,2023-11-26T16:37:00Z,sat_diagnostic_result,sat_diagnostic_result:BV-CELLBATCH-002515:0002,USR-113,"[""BV-CELLBATCH-002515"",""BV-SECONDLIFESYSTEM-000015"",""BV-BATTERYPASSPORT-002515""]"
CELLBATCH-002515,Firmware Rolled Back,2023-11-26T17:14:00Z,sat_service_status,sat_service_status:BV-CELLBATCH-002515:0003,USR-114,"[""BV-CELLBATCH-002515"",""BV-RECYCLINGORDER-000015""]"
CELLBATCH-002515,Second-Life Assessment Failed,2023-11-26T17:51:00Z,sat_recall_status,sat_recall_status:BV-CELLBATCH-002515:0003,USR-003,"[""BV-CELLBATCH-002515"",""BV-SECONDLIFESYSTEM-000015""]"
CELLBATCH-002620,Battery Pack Failed Test,2023-11-26T18:31:00Z,sat_shipment_status,sat_shipment_status:BV-CELLBATCH-002620:0001,USR-099,"[""BV-CELLBATCH-002620"",""BV-WARRANTYCLAIM-000120""]"
CELLBATCH-002578,Firmware Rolled Back,2023-11-27T00:11:00Z,sat_service_status,sat_service_status:BV-CELLBATCH-002578:0002,USR-042,"[""BV-CELLBATCH-002578"",""BV-RECYCLINGORDER-000078""]"
CELLBATCH-002622,Battery Pack Failed Test,2023-11-27T00:33:00Z,sat_shipment_status,sat_shipment_status:BV-CELLBATCH-002622:0001,USR-006,"[""BV-CELLBATCH-002622"",""BV-WARRANTYCLAIM-000122""]"
CELLBATCH-002624,Battery Pack Failed Test,2023-11-27T06:35:00Z,sat_shipment_status,sat_shipment_status:BV-CELLBATCH-002624:0001,USR-040,"[""BV-CELLBATCH-002624"",""BV-WARRANTYCLAIM-000124""]"
CELLBATCH-002520,Battery Pack Failed Test,2023-11-27T07:00:00Z,sat_shipment_status,sat_shipment_status:BV-CELLBATCH-002520:0003,USR-050,"[""BV-CELLBATCH-002520"",""BV-WARRANTYCLAIM-000020""]"
CELLBATCH-002520,Firmware Installation Failed,2023-11-27T07:37:00Z,sat_diagnostic_result,sat_diagnostic_result:BV-CELLBATCH-002520:0002,USR-071,"[""BV-CELLBATCH-002520"",""BV-SECONDLIFESYSTEM-000020"",""BV-BATTERYPASSPORT-002520""]"
CELLBATCH-002520,Firmware Rolled Back,2023-11-27T08:14:00Z,sat_service_status,sat_service_status:BV-CELLBATCH-002520:0002,USR-072,"[""BV-CELLBATCH-002520"",""BV-RECYCLINGORDER-000020""]"
CELLBATCH-002520,Second-Life Assessment Failed,2023-11-27T08:51:00Z,sat_recall_status,sat_recall_status:BV-CELLBATCH-002520:0001,USR-088,"[""BV-CELLBATCH-002520"",""BV-SECONDLIFESYSTEM-000020""]"
CELLBATCH-002583,Firmware Installation Failed,2023-11-27T09:15:00Z,sat_diagnostic_result,sat_diagnostic_result:BV-CELLBATCH-002583:0002,USR-126,"[""BV-CELLBATCH-002583"",""BV-SECONDLIFESYSTEM-000083"",""BV-BATTERYPASSPORT-002583""]"
CELLBATCH-002626,Battery Pack Failed Test,2023-11-27T12:37:00Z,sat_shipment_status,sat_shipment_status:BV-CELLBATCH-002626:0001,USR-074,"[""BV-CELLBATCH-002626"",""BV-WARRANTYCLAIM-000126""]"
CELLBATCH-002628,Battery Pack Failed Test,2023-11-27T18:39:00Z,sat_shipment_status,sat_shipment_status:BV-CELLBATCH-002628:0001,USR-108,"[""BV-CELLBATCH-002628"",""BV-WARRANTYCLAIM-000128"",""BV-CERTIFICATE-000128""]"
CELLBATCH-002585,Firmware Rolled Back,2023-11-27T21:18:00Z,sat_service_status,sat_service_status:BV-CELLBATCH-002585:0003,USR-034,"[""BV-CELLBATCH-002585"",""BV-RECYCLINGORDER-000085"",""BV-VEHICLE-000085""]"
CELLBATCH-002525,Battery Pack Failed Test,2023-11-27T22:00:00Z,sat_shipment_status,sat_shipment_status:BV-CELLBATCH-002525:0001,USR-008,"[""BV-CELLBATCH-002525"",""BV-WARRANTYCLAIM-000025""]"
CELLBATCH-002525,Firmware Installation Failed,2023-11-27T22:37:00Z,sat_diagnostic_result,sat_diagnostic_result:BV-CELLBATCH-002525:0002,USR-029,"[""BV-CELLBATCH-002525"",""BV-SECONDLIFESYSTEM-000025"",""BV-BATTERYPASSPORT-002525""]"
CELLBATCH-002525,Firmware Rolled Back,2023-11-27T23:14:00Z,sat_service_status,sat_service_status:BV-CELLBATCH-002525:0002,USR-030,"[""BV-CELLBATCH-002525"",""BV-RECYCLINGORDER-000025""]"
CELLBATCH-002525,Second-Life Assessment Failed,2023-11-27T23:51:00Z,sat_recall_status,sat_recall_status:BV-CELLBATCH-002525:0002,USR-046,"[""BV-CELLBATCH-002525"",""BV-SECONDLIFESYSTEM-000025""]"
CELLBATCH-002630,Battery Pack Failed Test,2023-11-28T00:41:00Z,sat_shipment_status,sat_shipment_status:BV-CELLBATCH-002630:0001,USR-015,"[""BV-CELLBATCH-002630"",""BV-WARRANTYCLAIM-000130""]"
CELLBATCH-002632,Battery Pack Failed Test,2023-11-28T06:43:00Z,sat_shipment_status,sat_shipment_status:BV-CELLBATCH-002632:0001,USR-049,"[""BV-CELLBATCH-002632"",""BV-WARRANTYCLAIM-000132"",""BV-CERTIFICATE-000132""]"
CELLBATCH-002634,Battery Pack Failed Test,2023-11-28T12:45:00Z,sat_shipment_status,sat_shipment_status:BV-CELLBATCH-002634:0001,USR-083,"[""BV-CELLBATCH-002634"",""BV-WARRANTYCLAIM-000134"",""BV-CERTIFICATE-000134""]"
CELLBATCH-002530,Battery Pack Failed Test,2023-11-28T13:00:00Z,sat_shipment_status,sat_shipment_status:BV-CELLBATCH-002530:0002,USR-093,"[""BV-CELLBATCH-002530"",""BV-WARRANTYCLAIM-000030""]"
CELLBATCH-002530,Firmware Installation Failed,2023-11-28T13:37:00Z,sat_diagnostic_result,sat_diagnostic_result:BV-CELLBATCH-002530:0002,USR-114,"[""BV-CELLBATCH-002530"",""BV-SECONDLIFESYSTEM-000030"",""BV-BATTERYPASSPORT-002530""]"
CELLBATCH-002530,Firmware Rolled Back,2023-11-28T14:14:00Z,sat_service_status,sat_service_status:BV-CELLBATCH-002530:0002,USR-115,"[""BV-CELLBATCH-002530"",""BV-RECYCLINGORDER-000030""]"
CELLBATCH-002530,Second-Life Assessment Failed,2023-11-28T14:51:00Z,sat_recall_status,sat_recall_status:BV-CELLBATCH-002530:0001,USR-004,"[""BV-CELLBATCH-002530"",""BV-SECONDLIFESYSTEM-000030"",""BV-BATTERYPASSPORT-002530""]"
CELLBATCH-002592,Firmware Rolled Back,2023-11-28T18:25:00Z,sat_service_status,sat_service_status:BV-CELLBATCH-002592:0002,USR-026,"[""BV-CELLBATCH-002592"",""BV-RECYCLINGORDER-000092""]"
CELLBATCH-002636,Battery Pack Failed Test,2023-11-28T18:47:00Z,sat_shipment_status,sat_shipment_status:BV-CELLBATCH-002636:0001,USR-117,"[""BV-CELLBATCH-002636"",""BV-WARRANTYCLAIM-000136""]"
CELLBATCH-002638,Battery Pack Failed Test,2023-11-29T00:49:00Z,sat_shipment_status,sat_shipment_status:BV-CELLBATCH-002638:0001,USR-024,"[""BV-CELLBATCH-002638"",""BV-WARRANTYCLAIM-000138""]"
CELLBATCH-002535,Battery Pack Failed Test,2023-11-29T04:00:00Z,sat_shipment_status,sat_shipment_status:BV-CELLBATCH-002535:0001,USR-051,"[""BV-CELLBATCH-002535"",""BV-WARRANTYCLAIM-000035"",""BV-CERTIFICATE-000035""]"
CELLBATCH-002535,Firmware Installation Failed,2023-11-29T04:37:00Z,sat_diagnostic_result,sat_diagnostic_result:BV-CELLBATCH-002535:0002,USR-072,"[""BV-CELLBATCH-002535"",""BV-SECONDLIFESYSTEM-000035""]"
CELLBATCH-002535,Firmware Rolled Back,2023-11-29T05:14:00Z,sat_service_status,sat_service_status:BV-CELLBATCH-002535:0002,USR-073,"[""BV-CELLBATCH-002535"",""BV-RECYCLINGORDER-000035""]"
CELLBATCH-002535,Second-Life Assessment Failed,2023-11-29T05:51:00Z,sat_recall_status,sat_recall_status:BV-CELLBATCH-002535:0003,USR-089,"[""BV-CELLBATCH-002535"",""BV-SECONDLIFESYSTEM-000035"",""BV-BATTERYPASSPORT-002535""]"
CELLBATCH-002564,Second-Life Assessment Failed,2023-11-29T06:13:00Z,sat_recall_status,sat_recall_status:BV-CELLBATCH-002564:0001,USR-074,"[""BV-CELLBATCH-002564"",""BV-SECONDLIFESYSTEM-000064"",""BV-BATTERYPASSPORT-002564""]"
CELLBATCH-002640,Battery Pack Failed Test,2023-11-29T06:51:00Z,sat_shipment_status,sat_shipment_status:BV-CELLBATCH-002640:0001,USR-058,"[""BV-CELLBATCH-002640"",""BV-WARRANTYCLAIM-000140"",""BV-CERTIFICATE-000140""]"
CELLBATCH-002642,Battery Pack Failed Test,2023-11-29T12:00:00Z,sat_shipment_status,sat_shipment_status:BV-CELLBATCH-002642:0001,USR-092,"[""BV-CELLBATCH-002642"",""BV-WARRANTYCLAIM-000142""]"
CELLBATCH-002599,Firmware Rolled Back,2023-11-29T15:32:00Z,sat_service_status,sat_service_status:BV-CELLBATCH-002599:0002,USR-018,"[""BV-CELLBATCH-002599"",""BV-RECYCLINGORDER-000099""]"
CELLBATCH-002644,Battery Pack Failed Test,2023-11-29T18:02:00Z,sat_shipment_status,sat_shipment_status:BV-CELLBATCH-002644:0001,USR-126,"[""BV-CELLBATCH-002644"",""BV-WARRANTYCLAIM-000144""]"
CELLBATCH-002540,Battery Pack Failed Test,2023-11-29T19:00:00Z,sat_shipment_status,sat_shipment_status:BV-CELLBATCH-002540:0002,USR-009,"[""BV-CELLBATCH-002540"",""BV-WARRANTYCLAIM-000040"",""BV-CERTIFICATE-000040""]"
CELLBATCH-002540,Firmware Installation Failed,2023-11-29T19:37:00Z,sat_diagnostic_result,sat_diagnostic_result:BV-CELLBATCH-002540:0003,USR-030,"[""BV-CELLBATCH-002540"",""BV-SECONDLIFESYSTEM-000040""]"
CELLBATCH-002540,Firmware Rolled Back,2023-11-29T20:14:00Z,sat_service_status,sat_service_status:BV-CELLBATCH-002540:0002,USR-031,"[""BV-CELLBATCH-002540"",""BV-RECYCLINGORDER-000040""]"
CELLBATCH-002540,Second-Life Assessment Failed,2023-11-29T20:51:00Z,sat_recall_status,sat_recall_status:BV-CELLBATCH-002540:0001,USR-047,"[""BV-CELLBATCH-002540"",""BV-SECONDLIFESYSTEM-000040"",""BV-BATTERYPASSPORT-002540""]"
CELLBATCH-002646,Battery Pack Failed Test,2023-11-30T00:04:00Z,sat_shipment_status,sat_shipment_status:BV-CELLBATCH-002646:0001,USR-033,"[""BV-CELLBATCH-002646"",""BV-WARRANTYCLAIM-000146"",""BV-CERTIFICATE-000146""]"
CELLBATCH-002648,Battery Pack Failed Test,2023-11-30T06:06:00Z,sat_shipment_status,sat_shipment_status:BV-CELLBATCH-002648:0001,USR-067,"[""BV-CELLBATCH-002648"",""BV-WARRANTYCLAIM-000148""]"
CELLBATCH-002545,Battery Pack Failed Test,2023-11-30T10:00:00Z,sat_shipment_status,sat_shipment_status:BV-CELLBATCH-002545:0001,USR-094,"[""BV-CELLBATCH-002545"",""BV-WARRANTYCLAIM-000045"",""BV-CERTIFICATE-000045""]"
CELLBATCH-002545,Firmware Installation Failed,2023-11-30T10:37:00Z,sat_diagnostic_result,sat_diagnostic_result:BV-CELLBATCH-002545:0002,USR-115,"[""BV-CELLBATCH-002545"",""BV-SECONDLIFESYSTEM-000045""]"
CELLBATCH-002545,Firmware Rolled Back,2023-11-30T11:14:00Z,sat_service_status,sat_service_status:BV-CELLBATCH-002545:0002,USR-116,"[""BV-CELLBATCH-002545"",""BV-RECYCLINGORDER-000045"",""BV-VEHICLE-000045""]"
CELLBATCH-002545,Second-Life Assessment Failed,2023-11-30T11:51:00Z,sat_recall_status,sat_recall_status:BV-CELLBATCH-002545:0002,USR-005,"[""BV-CELLBATCH-002545"",""BV-SECONDLIFESYSTEM-000045""]"
CELLBATCH-002650,Battery Pack Failed Test,2023-11-30T12:08:00Z,sat_shipment_status,sat_shipment_status:BV-CELLBATCH-002650:0001,USR-101,"[""BV-CELLBATCH-002650"",""BV-WARRANTYCLAIM-000150""]"
CELLBATCH-002606,Firmware Rolled Back,2023-11-30T12:39:00Z,sat_service_status,sat_service_status:BV-CELLBATCH-002606:0002,USR-010,"[""BV-CELLBATCH-002606"",""BV-RECYCLINGORDER-000106""]"
CELLBATCH-002652,Battery Pack Failed Test,2023-11-30T18:10:00Z,sat_shipment_status,sat_shipment_status:BV-CELLBATCH-002652:0001,USR-008,"[""BV-CELLBATCH-002652"",""BV-WARRANTYCLAIM-000152"",""BV-CERTIFICATE-000152""]"
CELLBATCH-002654,Battery Pack Failed Test,2023-12-01T00:12:00Z,sat_shipment_status,sat_shipment_status:BV-CELLBATCH-002654:0001,USR-042,"[""BV-CELLBATCH-002654"",""BV-WARRANTYCLAIM-000154"",""BV-CERTIFICATE-000154""]"
CELLBATCH-002550,Battery Pack Failed Test,2023-12-01T01:00:00Z,sat_shipment_status,sat_shipment_status:BV-CELLBATCH-002550:0002,USR-052,"[""BV-CELLBATCH-002550"",""BV-WARRANTYCLAIM-000050"",""BV-CERTIFICATE-000050""]"
CELLBATCH-002550,Firmware Installation Failed,2023-12-01T01:37:00Z,sat_diagnostic_result,sat_diagnostic_result:BV-CELLBATCH-002550:0002,USR-073,"[""BV-CELLBATCH-002550"",""BV-SECONDLIFESYSTEM-000050""]"
CELLBATCH-002550,Firmware Rolled Back,2023-12-01T02:14:00Z,sat_service_status,sat_service_status:BV-CELLBATCH-002550:0003,USR-074,"[""BV-CELLBATCH-002550"",""BV-RECYCLINGORDER-000050""]"
CELLBATCH-002550,Second-Life Assessment Failed,2023-12-01T02:51:00Z,sat_recall_status,sat_recall_status:BV-CELLBATCH-002550:0001,USR-090,"[""BV-CELLBATCH-002550"",""BV-SECONDLIFESYSTEM-000050"",""BV-BATTERYPASSPORT-002550""]"
CELLBATCH-002656,Battery Pack Failed Test,2023-12-01T06:14:00Z,sat_shipment_status,sat_shipment_status:BV-CELLBATCH-002656:0001,USR-076,"[""BV-CELLBATCH-002656"",""BV-WARRANTYCLAIM-000156""]"
CELLBATCH-002613,Firmware Rolled Back,2023-12-01T09:46:00Z,sat_service_status,sat_service_status:BV-CELLBATCH-002613:0002,USR-002,"[""BV-CELLBATCH-002613"",""BV-RECYCLINGORDER-000113"",""BV-VEHICLE-000113""]"
CELLBATCH-002658,Battery Pack Failed Test,2023-12-01T12:16:00Z,sat_shipment_status,sat_shipment_status:BV-CELLBATCH-002658:0001,USR-110,"[""BV-CELLBATCH-002658"",""BV-WARRANTYCLAIM-000158"",""BV-CERTIFICATE-000158""]"
CELLBATCH-002555,Battery Pack Failed Test,2023-12-01T16:00:00Z,sat_shipment_status,sat_shipment_status:BV-CELLBATCH-002555:0002,USR-010,"[""BV-CELLBATCH-002555"",""BV-WARRANTYCLAIM-000055""]"
CELLBATCH-002555,Firmware Installation Failed,2023-12-01T16:37:00Z,sat_diagnostic_result,sat_diagnostic_result:BV-CELLBATCH-002555:0002,USR-031,"[""BV-CELLBATCH-002555"",""BV-SECONDLIFESYSTEM-000055"",""BV-BATTERYPASSPORT-002555""]"
CELLBATCH-002555,Firmware Rolled Back,2023-12-01T17:14:00Z,sat_service_status,sat_service_status:BV-CELLBATCH-002555:0002,USR-032,"[""BV-CELLBATCH-002555"",""BV-RECYCLINGORDER-000055""]"
CELLBATCH-002555,Second-Life Assessment Failed,2023-12-01T17:51:00Z,sat_recall_status,sat_recall_status:BV-CELLBATCH-002555:0002,USR-048,"[""BV-CELLBATCH-002555"",""BV-SECONDLIFESYSTEM-000055""]"
CELLBATCH-002660,Battery Pack Failed Test,2023-12-01T18:18:00Z,sat_shipment_status,sat_shipment_status:BV-CELLBATCH-002660:0001,USR-017,"[""BV-CELLBATCH-002660"",""BV-WARRANTYCLAIM-000160""]"
CELLBATCH-002662,Battery Pack Failed Test,2023-12-02T00:20:00Z,sat_shipment_status,sat_shipment_status:BV-CELLBATCH-002662:0001,USR-051,"[""BV-CELLBATCH-002662"",""BV-WARRANTYCLAIM-000162""]"
CELLBATCH-002620,Firmware Installation Failed,2023-12-02T00:52:00Z,sat_diagnostic_result,sat_diagnostic_result:BV-CELLBATCH-002620:0002,USR-120,"[""BV-CELLBATCH-002620"",""BV-SECONDLIFESYSTEM-000120""]"
CELLBATCH-002620,Firmware Rolled Back,2023-12-02T06:00:00Z,sat_service_status,sat_service_status:BV-CELLBATCH-002620:0002,USR-121,"[""BV-CELLBATCH-002620"",""BV-RECYCLINGORDER-000120"",""BV-VEHICLE-000120""]"
CELLBATCH-002664,Battery Pack Failed Test,2023-12-02T06:22:00Z,sat_shipment_status,sat_shipment_status:BV-CELLBATCH-002664:0001,USR-085,"[""BV-CELLBATCH-002664"",""BV-WARRANTYCLAIM-000164""]"
CELLBATCH-002560,Battery Pack Failed Test,2023-12-02T07:00:00Z,sat_shipment_status,sat_shipment_status:BV-CELLBATCH-002560:0003,USR-095,"[""BV-CELLBATCH-002560"",""BV-WARRANTYCLAIM-000060""]"
CELLBATCH-002560,Firmware Installation Failed,2023-12-02T07:37:00Z,sat_diagnostic_result,sat_diagnostic_result:BV-CELLBATCH-002560:0002,USR-116,"[""BV-CELLBATCH-002560"",""BV-SECONDLIFESYSTEM-000060""]"
CELLBATCH-002560,Firmware Rolled Back,2023-12-02T08:14:00Z,sat_service_status,sat_service_status:BV-CELLBATCH-002560:0002,USR-117,"[""BV-CELLBATCH-002560"",""BV-RECYCLINGORDER-000060"",""BV-VEHICLE-000060""]"
CELLBATCH-002560,Second-Life Assessment Failed,2023-12-02T08:51:00Z,sat_recall_status,sat_recall_status:BV-CELLBATCH-002560:0001,USR-006,"[""BV-CELLBATCH-002560"",""BV-SECONDLIFESYSTEM-000060""]"
CELLBATCH-002666,Battery Pack Failed Test,2023-12-02T12:24:00Z,sat_shipment_status,sat_shipment_status:BV-CELLBATCH-002666:0001,USR-119,"[""BV-CELLBATCH-002666"",""BV-WARRANTYCLAIM-000166""]"
CELLBATCH-002668,Battery Pack Failed Test,2023-12-02T18:26:00Z,sat_shipment_status,sat_shipment_status:BV-CELLBATCH-002668:0001,USR-026,"[""BV-CELLBATCH-002668"",""BV-WARRANTYCLAIM-000168""]"
CELLBATCH-002565,Battery Pack Failed Test,2023-12-02T22:00:00Z,sat_shipment_status,sat_shipment_status:BV-CELLBATCH-002565:0001,USR-053,"[""BV-CELLBATCH-002565"",""BV-WARRANTYCLAIM-000065"",""BV-CERTIFICATE-000065""]"
CELLBATCH-002565,Firmware Installation Failed,2023-12-02T22:37:00Z,sat_diagnostic_result,sat_diagnostic_result:BV-CELLBATCH-002565:0003,USR-074,"[""BV-CELLBATCH-002565"",""BV-SECONDLIFESYSTEM-000065""]"
CELLBATCH-002565,Firmware Rolled Back,2023-12-02T23:14:00Z,sat_service_status,sat_service_status:BV-CELLBATCH-002565:0003,USR-075,"[""BV-CELLBATCH-002565"",""BV-RECYCLINGORDER-000065""]"
CELLBATCH-002565,Second-Life Assessment Failed,2023-12-02T23:51:00Z,sat_recall_status,sat_recall_status:BV-CELLBATCH-002565:0002,USR-091,"[""BV-CELLBATCH-002565"",""BV-SECONDLIFESYSTEM-000065"",""BV-BATTERYPASSPORT-002565""]"
CELLBATCH-002670,Battery Pack Failed Test,2023-12-03T00:28:00Z,sat_shipment_status,sat_shipment_status:BV-CELLBATCH-002670:0001,USR-060,"[""BV-CELLBATCH-002670"",""BV-WARRANTYCLAIM-000170""]"
CELLBATCH-002627,Firmware Rolled Back,2023-12-03T03:07:00Z,sat_service_status,sat_service_status:BV-CELLBATCH-002627:0002,USR-113,"[""BV-CELLBATCH-002627"",""BV-RECYCLINGORDER-000127""]"
CELLBATCH-002595,Second-Life Assessment Failed,2023-12-03T03:44:00Z,sat_recall_status,sat_recall_status:BV-CELLBATCH-002595:0002,USR-093,"[""BV-CELLBATCH-002595"",""BV-SECONDLIFESYSTEM-000095"",""BV-BATTERYPASSPORT-002595""]"
CELLBATCH-002672,Battery Pack Failed Test,2023-12-03T06:30:00Z,sat_shipment_status,sat_shipment_status:BV-CELLBATCH-002672:0001,USR-094,"[""BV-CELLBATCH-002672"",""BV-WARRANTYCLAIM-000172""]"
CELLBATCH-002674,Battery Pack Failed Test,2023-12-03T12:32:00Z,sat_shipment_status,sat_shipment_status:BV-CELLBATCH-002674:0001,USR-001,"[""BV-CELLBATCH-002674"",""BV-WARRANTYCLAIM-000174"",""BV-CERTIFICATE-000174""]"
CELLBATCH-002570,Battery Pack Failed Test,2023-12-03T13:00:00Z,sat_shipment_status,sat_shipment_status:BV-CELLBATCH-002570:0002,USR-011,"[""BV-CELLBATCH-002570"",""BV-WARRANTYCLAIM-000070""]"
CELLBATCH-002570,Firmware Installation Failed,2023-12-03T13:37:00Z,sat_diagnostic_result,sat_diagnostic_result:BV-CELLBATCH-002570:0002,USR-032,"[""BV-CELLBATCH-002570"",""BV-SECONDLIFESYSTEM-000070"",""BV-BATTERYPASSPORT-002570""]"
CELLBATCH-002570,Firmware Rolled Back,2023-12-03T14:14:00Z,sat_service_status,sat_service_status:BV-CELLBATCH-002570:0002,USR-033,"[""BV-CELLBATCH-002570"",""BV-RECYCLINGORDER-000070""]"
CELLBATCH-002570,Second-Life Assessment Failed,2023-12-03T14:51:00Z,sat_recall_status,sat_recall_status:BV-CELLBATCH-002570:0001,USR-049,"[""BV-CELLBATCH-002570"",""BV-SECONDLIFESYSTEM-000070"",""BV-BATTERYPASSPORT-002570""]"
CELLBATCH-002676,Battery Pack Failed Test,2023-12-03T18:34:00Z,sat_shipment_status,sat_shipment_status:BV-CELLBATCH-002676:0001,USR-035,"[""BV-CELLBATCH-002676"",""BV-WARRANTYCLAIM-000176""]"
CELLBATCH-002634,Firmware Rolled Back,2023-12-04T00:14:00Z,sat_service_status,sat_service_status:BV-CELLBATCH-002634:0002,USR-105,"[""BV-CELLBATCH-002634"",""BV-RECYCLINGORDER-000134""]"
CELLBATCH-002678,Battery Pack Failed Test,2023-12-04T00:36:00Z,sat_shipment_status,sat_shipment_status:BV-CELLBATCH-002678:0001,USR-069,"[""BV-CELLBATCH-002678"",""BV-WARRANTYCLAIM-000178"",""BV-CERTIFICATE-000178""]"
CELLBATCH-002575,Battery Pack Failed Test,2023-12-04T04:00:00Z,sat_shipment_status,sat_shipment_status:BV-CELLBATCH-002575:0001,USR-096,"[""BV-CELLBATCH-002575"",""BV-WARRANTYCLAIM-000075"",""BV-CERTIFICATE-000075""]"
CELLBATCH-002575,Firmware Installation Failed,2023-12-04T04:37:00Z,sat_diagnostic_result,sat_diagnostic_result:BV-CELLBATCH-002575:0002,USR-117,"[""BV-CELLBATCH-002575"",""BV-SECONDLIFESYSTEM-000075""]"
CELLBATCH-002575,Firmware Rolled Back,2023-12-04T05:14:00Z,sat_service_status,sat_service_status:BV-CELLBATCH-002575:0002,USR-118,"[""BV-CELLBATCH-002575"",""BV-RECYCLINGORDER-000075"",""BV-VEHICLE-000075""]"
CELLBATCH-002575,Second-Life Assessment Failed,2023-12-04T05:51:00Z,sat_recall_status,sat_recall_status:BV-CELLBATCH-002575:0002,USR-007,"[""BV-CELLBATCH-002575"",""BV-SECONDLIFESYSTEM-000075""]"
CELLBATCH-002680,Battery Pack Failed Test,2023-12-04T06:38:00Z,sat_shipment_status,sat_shipment_status:BV-CELLBATCH-002680:0001,USR-103,"[""BV-CELLBATCH-002680"",""BV-WARRANTYCLAIM-000180""]"
CELLBATCH-002682,Battery Pack Failed Test,2023-12-04T12:40:00Z,sat_shipment_status,sat_shipment_status:BV-CELLBATCH-002682:0001,USR-010,"[""BV-CELLBATCH-002682"",""BV-WARRANTYCLAIM-000182""]"
CELLBATCH-002684,Battery Pack Failed Test,2023-12-04T18:42:00Z,sat_shipment_status,sat_shipment_status:BV-CELLBATCH-002684:0001,USR-044,"[""BV-CELLBATCH-002684"",""BV-WARRANTYCLAIM-000184"",""BV-CERTIFICATE-000184""]"
CELLBATCH-002580,Battery Pack Failed Test,2023-12-04T19:00:00Z,sat_shipment_status,sat_shipment_status:BV-CELLBATCH-002580:0002,USR-054,"[""BV-CELLBATCH-002580"",""BV-WARRANTYCLAIM-000080""]"
CELLBATCH-002580,Firmware Installation Failed,2023-12-04T19:37:00Z,sat_diagnostic_result,sat_diagnostic_result:BV-CELLBATCH-002580:0002,USR-075,"[""BV-CELLBATCH-002580"",""BV-SECONDLIFESYSTEM-000080"",""BV-BATTERYPASSPORT-002580""]"
CELLBATCH-002580,Firmware Rolled Back,2023-12-04T20:14:00Z,sat_service_status,sat_service_status:BV-CELLBATCH-002580:0002,USR-076,"[""BV-CELLBATCH-002580"",""BV-RECYCLINGORDER-000080""]"
CELLBATCH-002580,Second-Life Assessment Failed,2023-12-04T20:51:00Z,sat_recall_status,sat_recall_status:BV-CELLBATCH-002580:0002,USR-092,"[""BV-CELLBATCH-002580"",""BV-SECONDLIFESYSTEM-000080""]"
CELLBATCH-002641,Firmware Rolled Back,2023-12-04T21:21:00Z,sat_service_status,sat_service_status:BV-CELLBATCH-002641:0002,USR-097,"[""BV-CELLBATCH-002641"",""BV-RECYCLINGORDER-000141"",""BV-VEHICLE-000141""]"
CELLBATCH-002686,Battery Pack Failed Test,2023-12-05T00:44:00Z,sat_shipment_status,sat_shipment_status:BV-CELLBATCH-002686:0001,USR-078,"[""BV-CELLBATCH-002686"",""BV-WARRANTYCLAIM-000186"",""BV-CERTIFICATE-000186""]"
CELLBATCH-002688,Battery Pack Failed Test,2023-12-05T06:46:00Z,sat_shipment_status,sat_shipment_status:BV-CELLBATCH-002688:0001,USR-112,"[""BV-CELLBATCH-002688"",""BV-WARRANTYCLAIM-000188""]"
CELLBATCH-002585,Battery Pack Failed Test,2023-12-05T10:00:00Z,sat_shipment_status,sat_shipment_status:BV-CELLBATCH-002585:0001,USR-012,"[""BV-CELLBATCH-002585"",""BV-WARRANTYCLAIM-000085""]"
CELLBATCH-002585,Firmware Installation Failed,2023-12-05T10:37:00Z,sat_diagnostic_result,sat_diagnostic_result:BV-CELLBATCH-002585:0002,USR-033,"[""BV-CELLBATCH-002585"",""BV-SECONDLIFESYSTEM-000085"",""BV-BATTERYPASSPORT-002585""]"
CELLBATCH-002585,Firmware Rolled Back,2023-12-05T11:14:00Z,sat_service_status,sat_service_status:BV-CELLBATCH-002585:0004,USR-034,"[""BV-CELLBATCH-002585"",""BV-RECYCLINGORDER-000085""]"
CELLBATCH-002585,Second-Life Assessment Failed,2023-12-05T11:51:00Z,sat_recall_status,sat_recall_status:BV-CELLBATCH-002585:0002,USR-050,"[""BV-CELLBATCH-002585"",""BV-SECONDLIFESYSTEM-000085"",""BV-BATTERYPASSPORT-002585""]"
CELLBATCH-002690,Battery Pack Failed Test,2023-12-05T12:48:00Z,sat_shipment_status,sat_shipment_status:BV-CELLBATCH-002690:0001,USR-019,"[""BV-CELLBATCH-002690"",""BV-WARRANTYCLAIM-000190""]"
CELLBATCH-002648,Firmware Rolled Back,2023-12-05T18:28:00Z,sat_service_status,sat_service_status:BV-CELLBATCH-002648:0002,USR-089,"[""BV-CELLBATCH-002648"",""BV-RECYCLINGORDER-000148""]"
CELLBATCH-002692,Battery Pack Failed Test,2023-12-05T18:50:00Z,sat_shipment_status,sat_shipment_status:BV-CELLBATCH-002692:0001,USR-053,"[""BV-CELLBATCH-002692"",""BV-WARRANTYCLAIM-000192""]"
CELLBATCH-002694,Battery Pack Failed Test,2023-12-06T00:52:00Z,sat_shipment_status,sat_shipment_status:BV-CELLBATCH-002694:0001,USR-087,"[""BV-CELLBATCH-002694"",""BV-WARRANTYCLAIM-000194""]"
CELLBATCH-002590,Battery Pack Failed Test,2023-12-06T01:00:00Z,sat_shipment_status,sat_shipment_status:BV-CELLBATCH-002590:0003,USR-097,"[""BV-CELLBATCH-002590"",""BV-WARRANTYCLAIM-000090""]"
CELLBATCH-002590,Firmware Installation Failed,2023-12-06T01:37:00Z,sat_diagnostic_result,sat_diagnostic_result:BV-CELLBATCH-002590:0002,USR-118,"[""BV-CELLBATCH-002590"",""BV-SECONDLIFESYSTEM-000090"",""BV-BATTERYPASSPORT-002590""]"
CELLBATCH-002590,Firmware Rolled Back,2023-12-06T02:14:00Z,sat_service_status,sat_service_status:BV-CELLBATCH-002590:0002,USR-119,"[""BV-CELLBATCH-002590"",""BV-RECYCLINGORDER-000090""]"
CELLBATCH-002590,Second-Life Assessment Failed,2023-12-06T02:51:00Z,sat_recall_status,sat_recall_status:BV-CELLBATCH-002590:0001,USR-008,"[""BV-CELLBATCH-002590"",""BV-SECONDLIFESYSTEM-000090""]"
CELLBATCH-002696,Battery Pack Failed Test,2023-12-06T06:01:00Z,sat_shipment_status,sat_shipment_status:BV-CELLBATCH-002696:0001,USR-121,"[""BV-CELLBATCH-002696"",""BV-WARRANTYCLAIM-000196"",""BV-CERTIFICATE-000196""]"
CELLBATCH-002698,Battery Pack Failed Test,2023-12-06T12:03:00Z,sat_shipment_status,sat_shipment_status:BV-CELLBATCH-002698:0001,USR-028,"[""BV-CELLBATCH-002698"",""BV-WARRANTYCLAIM-000198""]"
CELLBATCH-002655,Firmware Rolled Back,2023-12-06T15:35:00Z,sat_service_status,sat_service_status:BV-CELLBATCH-002655:0002,USR-081,"[""BV-CELLBATCH-002655"",""BV-RECYCLINGORDER-000155"",""BV-VEHICLE-000155""]"
CELLBATCH-002657,Firmware Installation Failed,2023-12-06T15:36:00Z,sat_diagnostic_result,sat_diagnostic_result:BV-CELLBATCH-002657:0002,USR-114,"[""BV-CELLBATCH-002657"",""BV-SECONDLIFESYSTEM-000157"",""BV-BATTERYPASSPORT-002657""]"
CELLBATCH-002595,Battery Pack Failed Test,2023-12-06T16:00:00Z,sat_shipment_status,sat_shipment_status:BV-CELLBATCH-002595:0001,USR-055,"[""BV-CELLBATCH-002595"",""BV-WARRANTYCLAIM-000095""]"
CELLBATCH-002595,Firmware Installation Failed,2023-12-06T16:37:00Z,sat_diagnostic_result,sat_diagnostic_result:BV-CELLBATCH-002595:0002,USR-076,"[""BV-CELLBATCH-002595"",""BV-SECONDLIFESYSTEM-000095"",""BV-BATTERYPASSPORT-002595""]"
CELLBATCH-002595,Firmware Rolled Back,2023-12-06T17:14:00Z,sat_service_status,sat_service_status:BV-CELLBATCH-002595:0003,USR-077,"[""BV-CELLBATCH-002595"",""BV-RECYCLINGORDER-000095""]"
CELLBATCH-002595,Second-Life Assessment Failed,2023-12-06T17:51:00Z,sat_recall_status,sat_recall_status:BV-CELLBATCH-002595:0003,USR-093,"[""BV-CELLBATCH-002595"",""BV-SECONDLIFESYSTEM-000095""]"
CELLBATCH-002700,Battery Pack Failed Test,2023-12-06T18:05:00Z,sat_shipment_status,sat_shipment_status:BV-CELLBATCH-002700:0001,USR-062,"[""BV-CELLBATCH-002700"",""BV-WARRANTYCLAIM-000200""]"
CELLBATCH-002702,Battery Pack Failed Test,2023-12-07T00:07:00Z,sat_shipment_status,sat_shipment_status:BV-CELLBATCH-002702:0001,USR-096,"[""BV-CELLBATCH-002702"",""BV-WARRANTYCLAIM-000202"",""BV-CERTIFICATE-000202""]"
CELLBATCH-002626,Second-Life Assessment Failed,2023-12-07T00:22:00Z,sat_recall_status,sat_recall_status:BV-CELLBATCH-002626:0002,USR-112,"[""BV-CELLBATCH-002626"",""BV-SECONDLIFESYSTEM-000126"",""BV-BATTERYPASSPORT-002626""]"
CELLBATCH-002704,Battery Pack Failed Test,2023-12-07T06:09:00Z,sat_shipment_status,sat_shipment_status:BV-CELLBATCH-002704:0001,USR-003,"[""BV-CELLBATCH-002704"",""BV-WARRANTYCLAIM-000204""]"
CELLBATCH-002600,Battery Pack Failed Test,2023-12-07T07:00:00Z,sat_shipment_status,sat_shipment_status:BV-CELLBATCH-002600:0002,USR-013,"[""BV-CELLBATCH-002600"",""BV-WARRANTYCLAIM-000100""]"
CELLBATCH-002600,Firmware Installation Failed,2023-12-07T07:37:00Z,sat_diagnostic_result,sat_diagnostic_result:BV-CELLBATCH-002600:0002,USR-034,"[""BV-CELLBATCH-002600"",""BV-SECONDLIFESYSTEM-000100"",""BV-BATTERYPASSPORT-002600""]"
CELLBATCH-002600,Firmware Rolled Back,2023-12-07T08:14:00Z,sat_service_status,sat_service_status:BV-CELLBATCH-002600:0002,USR-035,"[""BV-CELLBATCH-002600"",""BV-RECYCLINGORDER-000100""]"
CELLBATCH-002600,Second-Life Assessment Failed,2023-12-07T08:51:00Z,sat_recall_status,sat_recall_status:BV-CELLBATCH-002600:0002,USR-051,"[""BV-CELLBATCH-002600"",""BV-SECONDLIFESYSTEM-000100"",""BV-BATTERYPASSPORT-002600""]"
CELLBATCH-002706,Battery Pack Failed Test,2023-12-07T12:11:00Z,sat_shipment_status,sat_shipment_status:BV-CELLBATCH-002706:0001,USR-037,"[""BV-CELLBATCH-002706"",""BV-WARRANTYCLAIM-000206""]"
CELLBATCH-002662,Firmware Rolled Back,2023-12-07T12:42:00Z,sat_service_status,sat_service_status:BV-CELLBATCH-002662:0002,USR-073,"[""BV-CELLBATCH-002662"",""BV-RECYCLINGORDER-000162""]"
CELLBATCH-002708,Battery Pack Failed Test,2023-12-07T18:13:00Z,sat_shipment_status,sat_shipment_status:BV-CELLBATCH-002708:0001,USR-071,"[""BV-CELLBATCH-002708"",""BV-WARRANTYCLAIM-000208""]"
CELLBATCH-002605,Battery Pack Failed Test,2023-12-07T22:00:00Z,sat_shipment_status,sat_shipment_status:BV-CELLBATCH-002605:0001,USR-098,"[""BV-CELLBATCH-002605"",""BV-WARRANTYCLAIM-000105"",""BV-CERTIFICATE-000105""]"
CELLBATCH-002605,Firmware Installation Failed,2023-12-07T22:37:00Z,sat_diagnostic_result,sat_diagnostic_result:BV-CELLBATCH-002605:0002,USR-119,"[""BV-CELLBATCH-002605"",""BV-SECONDLIFESYSTEM-000105""]"
CELLBATCH-002605,Firmware Rolled Back,2023-12-07T23:14:00Z,sat_service_status,sat_service_status:BV-CELLBATCH-002605:0002,USR-120,"[""BV-CELLBATCH-002605"",""BV-RECYCLINGORDER-000105"",""BV-VEHICLE-000105""]"
CELLBATCH-002605,Second-Life Assessment Failed,2023-12-07T23:51:00Z,sat_recall_status,sat_recall_status:BV-CELLBATCH-002605:0002,USR-009,"[""BV-CELLBATCH-002605"",""BV-SECONDLIFESYSTEM-000105""]"
CELLBATCH-002710,Battery Pack Failed Test,2023-12-08T00:15:00Z,sat_shipment_status,sat_shipment_status:BV-CELLBATCH-002710:0001,USR-105,"[""BV-CELLBATCH-002710"",""BV-WARRANTYCLAIM-000210""]"
CELLBATCH-002712,Battery Pack Failed Test,2023-12-08T06:17:00Z,sat_shipment_status,sat_shipment_status:BV-CELLBATCH-002712:0001,USR-012,"[""BV-CELLBATCH-002712"",""BV-WARRANTYCLAIM-000212""]"
CELLBATCH-002669,Firmware Rolled Back,2023-12-08T09:49:00Z,sat_service_status,sat_service_status:BV-CELLBATCH-002669:0002,USR-065,"[""BV-CELLBATCH-002669"",""BV-RECYCLINGORDER-000169""]"
CELLBATCH-002714,Battery Pack Failed Test,2023-12-08T12:19:00Z,sat_shipment_status,sat_shipment_status:BV-CELLBATCH-002714:0001,USR-046,"[""BV-CELLBATCH-002714"",""BV-WARRANTYCLAIM-000214""]"
CELLBATCH-002610,Battery Pack Failed Test,2023-12-08T13:00:00Z,sat_shipment_status,sat_shipment_status:BV-CELLBATCH-002610:0002,USR-056,"[""BV-CELLBATCH-002610"",""BV-WARRANTYCLAIM-000110""]"
CELLBATCH-002610,Firmware Installation Failed,2023-12-08T13:37:00Z,sat_diagnostic_result,sat_diagnostic_result:BV-CELLBATCH-002610:0002,USR-077,"[""BV-CELLBATCH-002610"",""BV-SECONDLIFESYSTEM-000110"",""BV-BATTERYPASSPORT-002610""]"
CELLBATCH-002610,Firmware Rolled Back,2023-12-08T14:14:00Z,sat_service_status,sat_service_status:BV-CELLBATCH-002610:0002,USR-078,"[""BV-CELLBATCH-002610"",""BV-RECYCLINGORDER-000110""]"
CELLBATCH-002610,Second-Life Assessment Failed,2023-12-08T14:51:00Z,sat_recall_status,sat_recall_status:BV-CELLBATCH-002610:0001,USR-094,"[""BV-CELLBATCH-002610"",""BV-SECONDLIFESYSTEM-000110""]"
CELLBATCH-002716,Battery Pack Failed Test,2023-12-08T18:21:00Z,sat_shipment_status,sat_shipment_status:BV-CELLBATCH-002716:0001,USR-080,"[""BV-CELLBATCH-002716"",""BV-WARRANTYCLAIM-000216"",""BV-CERTIFICATE-000216""]"
CELLBATCH-002718,Battery Pack Failed Test,2023-12-09T00:23:00Z,sat_shipment_status,sat_shipment_status:BV-CELLBATCH-002718:0001,USR-114,"[""BV-CELLBATCH-002718"",""BV-WARRANTYCLAIM-000218"",""BV-CERTIFICATE-000218""]"
CELLBATCH-002615,Battery Pack Failed Test,2023-12-09T04:00:00Z,sat_shipment_status,sat_shipment_status:BV-CELLBATCH-002615:0001,USR-014,"[""BV-CELLBATCH-002615"",""BV-WARRANTYCLAIM-000115""]"
CELLBATCH-002615,Firmware Installation Failed,2023-12-09T04:37:00Z,sat_diagnostic_result,sat_diagnostic_result:BV-CELLBATCH-002615:0002,USR-035,"[""BV-CELLBATCH-002615"",""BV-SECONDLIFESYSTEM-000115""]"
CELLBATCH-002615,Firmware Rolled Back,2023-12-09T05:14:00Z,sat_service_status,sat_service_status:BV-CELLBATCH-002615:0002,USR-036,"[""BV-CELLBATCH-002615"",""BV-RECYCLINGORDER-000115"",""BV-VEHICLE-000115""]"
CELLBATCH-002615,Second-Life Assessment Failed,2023-12-09T05:51:00Z,sat_recall_status,sat_recall_status:BV-CELLBATCH-002615:0002,USR-052,"[""BV-CELLBATCH-002615"",""BV-SECONDLIFESYSTEM-000115""]"
CELLBATCH-002676,Firmware Rolled Back,2023-12-09T06:03:00Z,sat_service_status,sat_service_status:BV-CELLBATCH-002676:0002,USR-057,"[""BV-CELLBATCH-002676"",""BV-RECYCLINGORDER-000176""]"
CELLBATCH-002720,Battery Pack Failed Test,2023-12-09T06:25:00Z,sat_shipment_status,sat_shipment_status:BV-CELLBATCH-002720:0001,USR-021,"[""BV-CELLBATCH-002720"",""BV-WARRANTYCLAIM-000220"",""BV-CERTIFICATE-000220""]"
CELLBATCH-002722,Battery Pack Failed Test,2023-12-09T12:27:00Z,sat_shipment_status,sat_shipment_status:BV-CELLBATCH-002722:0001,USR-055,"[""BV-CELLBATCH-002722"",""BV-WARRANTYCLAIM-000222""]"
CELLBATCH-002724,Battery Pack Failed Test,2023-12-09T18:29:00Z,sat_shipment_status,sat_shipment_status:BV-CELLBATCH-002724:0001,USR-089,"[""BV-CELLBATCH-002724"",""BV-WARRANTYCLAIM-000224""]"
CELLBATCH-002620,Battery Pack Failed Test,2023-12-09T19:00:00Z,sat_shipment_status,sat_shipment_status:BV-CELLBATCH-002620:0002,USR-099,"[""BV-CELLBATCH-002620"",""BV-WARRANTYCLAIM-000120""]"
CELLBATCH-002620,Firmware Installation Failed,2023-12-09T19:37:00Z,sat_diagnostic_result,sat_diagnostic_result:BV-CELLBATCH-002620:0003,USR-120,"[""BV-CELLBATCH-002620"",""BV-SECONDLIFESYSTEM-000120"",""BV-BATTERYPASSPORT-002620""]"
CELLBATCH-002620,Firmware Rolled Back,2023-12-09T20:14:00Z,sat_service_status,sat_service_status:BV-CELLBATCH-002620:0003,USR-121,"[""BV-CELLBATCH-002620"",""BV-RECYCLINGORDER-000120""]"
CELLBATCH-002620,Second-Life Assessment Failed,2023-12-09T20:51:00Z,sat_recall_status,sat_recall_status:BV-CELLBATCH-002620:0001,USR-010,"[""BV-CELLBATCH-002620"",""BV-SECONDLIFESYSTEM-000120"",""BV-BATTERYPASSPORT-002620""]"
CELLBATCH-002726,Battery Pack Failed Test,2023-12-10T00:31:00Z,sat_shipment_status,sat_shipment_status:BV-CELLBATCH-002726:0001,USR-123,"[""BV-CELLBATCH-002726"",""BV-WARRANTYCLAIM-000226""]"
CELLBATCH-002683,Firmware Rolled Back,2023-12-10T03:10:00Z,sat_service_status,sat_service_status:BV-CELLBATCH-002683:0002,USR-049,"[""BV-CELLBATCH-002683"",""BV-RECYCLINGORDER-000183""]"
CELLBATCH-002728,Battery Pack Failed Test,2023-12-10T06:33:00Z,sat_shipment_status,sat_shipment_status:BV-CELLBATCH-002728:0001,USR-030,"[""BV-CELLBATCH-002728"",""BV-WARRANTYCLAIM-000228""]"
CELLBATCH-002625,Battery Pack Failed Test,2023-12-10T10:00:00Z,sat_shipment_status,sat_shipment_status:BV-CELLBATCH-002625:0002,USR-057,"[""BV-CELLBATCH-002625"",""BV-WARRANTYCLAIM-000125""]"
CELLBATCH-002625,Firmware Installation Failed,2023-12-10T10:37:00Z,sat_diagnostic_result,sat_diagnostic_result:BV-CELLBATCH-002625:0002,USR-078,"[""BV-CELLBATCH-002625"",""BV-SECONDLIFESYSTEM-000125"",""BV-BATTERYPASSPORT-002625""]"
CELLBATCH-002625,Firmware Rolled Back,2023-12-10T11:14:00Z,sat_service_status,sat_service_status:BV-CELLBATCH-002625:0002,USR-079,"[""BV-CELLBATCH-002625"",""BV-RECYCLINGORDER-000125""]"
CELLBATCH-002625,Second-Life Assessment Failed,2023-12-10T11:51:00Z,sat_recall_status,sat_recall_status:BV-CELLBATCH-002625:0002,USR-095,"[""BV-CELLBATCH-002625"",""BV-SECONDLIFESYSTEM-000125""]"
CELLBATCH-002730,Battery Pack Failed Test,2023-12-10T12:35:00Z,sat_shipment_status,sat_shipment_status:BV-CELLBATCH-002730:0001,USR-064,"[""BV-CELLBATCH-002730"",""BV-WARRANTYCLAIM-000230""]"
CELLBATCH-002732,Battery Pack Failed Test,2023-12-10T18:37:00Z,sat_shipment_status,sat_shipment_status:BV-CELLBATCH-002732:0001,USR-098,"[""BV-CELLBATCH-002732"",""BV-WARRANTYCLAIM-000232"",""BV-CERTIFICATE-000232""]"
CELLBATCH-002657,Second-Life Assessment Failed,2023-12-10T21:00:00Z,sat_recall_status,sat_recall_status:BV-CELLBATCH-002657:0002,USR-004,"[""BV-CELLBATCH-002657"",""BV-SECONDLIFESYSTEM-000157"",""BV-BATTERYPASSPORT-002657""]"
CELLBATCH-002690,Firmware Rolled Back,2023-12-11T00:17:00Z,sat_service_status,sat_service_status:BV-CELLBATCH-002690:0002,USR-041,"[""BV-CELLBATCH-002690"",""BV-RECYCLINGORDER-000190"",""BV-VEHICLE-000190""]"
CELLBATCH-002734,Battery Pack Failed Test,2023-12-11T00:39:00Z,sat_shipment_status,sat_shipment_status:BV-CELLBATCH-002734:0001,USR-005,"[""BV-CELLBATCH-002734"",""BV-WARRANTYCLAIM-000234""]"
CELLBATCH-002630,Battery Pack Failed Test,2023-12-11T01:00:00Z,sat_shipment_status,sat_shipment_status:BV-CELLBATCH-002630:0002,USR-015,"[""BV-CELLBATCH-002630"",""BV-WARRANTYCLAIM-000130""]"
CELLBATCH-002630,Firmware Installation Failed,2023-12-11T01:37:00Z,sat_diagnostic_result,sat_diagnostic_result:BV-CELLBATCH-002630:0002,USR-036,"[""BV-CELLBATCH-002630"",""BV-SECONDLIFESYSTEM-000130""]"
CELLBATCH-002630,Firmware Rolled Back,2023-12-11T02:14:00Z,sat_service_status,sat_service_status:BV-CELLBATCH-002630:0002,USR-037,"[""BV-CELLBATCH-002630"",""BV-RECYCLINGORDER-000130"",""BV-VEHICLE-000130""]"
CELLBATCH-002630,Second-Life Assessment Failed,2023-12-11T02:51:00Z,sat_recall_status,sat_recall_status:BV-CELLBATCH-002630:0001,USR-053,"[""BV-CELLBATCH-002630"",""BV-SECONDLIFESYSTEM-000130""]"
CELLBATCH-002694,Firmware Installation Failed,2023-12-11T06:20:00Z,sat_diagnostic_result,sat_diagnostic_result:BV-CELLBATCH-002694:0002,USR-108,"[""BV-CELLBATCH-002694"",""BV-SECONDLIFESYSTEM-000194""]"
CELLBATCH-002736,Battery Pack Failed Test,2023-12-11T06:41:00Z,sat_shipment_status,sat_shipment_status:BV-CELLBATCH-002736:0001,USR-039,"[""BV-CELLBATCH-002736"",""BV-WARRANTYCLAIM-000236""]"
CELLBATCH-002738,Battery Pack Failed Test,2023-12-11T12:43:00Z,sat_shipment_status,sat_shipment_status:BV-CELLBATCH-002738:0001,USR-073,"[""BV-CELLBATCH-002738"",""BV-WARRANTYCLAIM-000238""]"
CELLBATCH-002635,Battery Pack Failed Test,2023-12-11T16:00:00Z,sat_shipment_status,sat_shipment_status:BV-CELLBATCH-002635:0001,USR-100,"[""BV-CELLBATCH-002635"",""BV-WARRANTYCLAIM-000135"",""BV-CERTIFICATE-000135""]"
CELLBATCH-002635,Firmware Installation Failed,2023-12-11T16:37:00Z,sat_diagnostic_result,sat_diagnostic_result:BV-CELLBATCH-002635:0002,USR-121,"[""BV-CELLBATCH-002635"",""BV-SECONDLIFESYSTEM-000135""]"
CELLBATCH-002635,Firmware Rolled Back,2023-12-11T17:14:00Z,sat_service_status,sat_service_status:BV-CELLBATCH-002635:0002,USR-122,"[""BV-CELLBATCH-002635"",""BV-RECYCLINGORDER-000135"",""BV-VEHICLE-000135""]"
CELLBATCH-002635,Second-Life Assessment Failed,2023-12-11T17:51:00Z,sat_recall_status,sat_recall_status:BV-CELLBATCH-002635:0002,USR-011,"[""BV-CELLBATCH-002635"",""BV-SECONDLIFESYSTEM-000135""]"
CELLBATCH-002740,Battery Pack Failed Test,2023-12-11T18:45:00Z,sat_shipment_status,sat_shipment_status:BV-CELLBATCH-002740:0001,USR-107,"[""BV-CELLBATCH-002740"",""BV-WARRANTYCLAIM-000240"",""BV-CERTIFICATE-000240""]"
CELLBATCH-002697,Firmware Rolled Back,2023-12-11T21:24:00Z,sat_service_status,sat_service_status:BV-CELLBATCH-002697:0002,USR-033,"[""BV-CELLBATCH-002697"",""BV-RECYCLINGORDER-000197""]"
CELLBATCH-002742,Battery Pack Failed Test,2023-12-12T00:47:00Z,sat_shipment_status,sat_shipment_status:BV-CELLBATCH-002742:0001,USR-014,"[""BV-CELLBATCH-002742"",""BV-WARRANTYCLAIM-000242"",""BV-CERTIFICATE-000242""]"
CELLBATCH-002744,Battery Pack Failed Test,2023-12-12T06:49:00Z,sat_shipment_status,sat_shipment_status:BV-CELLBATCH-002744:0001,USR-048,"[""BV-CELLBATCH-002744"",""BV-WARRANTYCLAIM-000244"",""BV-CERTIFICATE-000244""]"
CELLBATCH-002640,Battery Pack Failed Test,2023-12-12T07:00:00Z,sat_shipment_status,sat_shipment_status:BV-CELLBATCH-002640:0002,USR-058,"[""BV-CELLBATCH-002640"",""BV-WARRANTYCLAIM-000140"",""BV-CERTIFICATE-000140""]"
CELLBATCH-002640,Firmware Installation Failed,2023-12-12T07:37:00Z,sat_diagnostic_result,sat_diagnostic_result:BV-CELLBATCH-002640:0002,USR-079,"[""BV-CELLBATCH-002640"",""BV-SECONDLIFESYSTEM-000140""]"
CELLBATCH-002640,Firmware Rolled Back,2023-12-12T08:14:00Z,sat_service_status,sat_service_status:BV-CELLBATCH-002640:0002,USR-080,"[""BV-CELLBATCH-002640"",""BV-RECYCLINGORDER-000140""]"
CELLBATCH-002640,Second-Life Assessment Failed,2023-12-12T08:51:00Z,sat_recall_status,sat_recall_status:BV-CELLBATCH-002640:0001,USR-096,"[""BV-CELLBATCH-002640"",""BV-SECONDLIFESYSTEM-000140"",""BV-BATTERYPASSPORT-002640""]"
CELLBATCH-002746,Battery Pack Failed Test,2023-12-12T12:51:00Z,sat_shipment_status,sat_shipment_status:BV-CELLBATCH-002746:0001,USR-082,"[""BV-CELLBATCH-002746"",""BV-WARRANTYCLAIM-000246""]"
CELLBATCH-002748,Battery Pack Failed Test,2023-12-12T18:00:00Z,sat_shipment_status,sat_shipment_status:BV-CELLBATCH-002748:0001,USR-116,"[""BV-CELLBATCH-002748"",""BV-WARRANTYCLAIM-000248"",""BV-CERTIFICATE-000248""]"
CELLBATCH-002704,Firmware Rolled Back,2023-12-12T18:31:00Z,sat_service_status,sat_service_status:BV-CELLBATCH-002704:0002,USR-025,"[""BV-CELLBATCH-002704"",""BV-RECYCLINGORDER-000204"",""BV-VEHICLE-000204""]"
CELLBATCH-002645,Battery Pack Failed Test,2023-12-12T22:00:00Z,sat_shipment_status,sat_shipment_status:BV-CELLBATCH-002645:0002,USR-016,"[""BV-CELLBATCH-002645"",""BV-WARRANTYCLAIM-000145"",""BV-CERTIFICATE-000145""]"
CELLBATCH-002645,Firmware Installation Failed,2023-12-12T22:37:00Z,sat_diagnostic_result,sat_diagnostic_result:BV-CELLBATCH-002645:0002,USR-037,"[""BV-CELLBATCH-002645"",""BV-SECONDLIFESYSTEM-000145""]"
CELLBATCH-002645,Firmware Rolled Back,2023-12-12T23:14:00Z,sat_service_status,sat_service_status:BV-CELLBATCH-002645:0002,USR-038,"[""BV-CELLBATCH-002645"",""BV-RECYCLINGORDER-000145""]"
CELLBATCH-002645,Second-Life Assessment Failed,2023-12-12T23:51:00Z,sat_recall_status,sat_recall_status:BV-CELLBATCH-002645:0002,USR-054,"[""BV-CELLBATCH-002645"",""BV-SECONDLIFESYSTEM-000145"",""BV-BATTERYPASSPORT-002645""]"
CELLBATCH-002750,Battery Pack Failed Test,2023-12-13T00:02:00Z,sat_shipment_status,sat_shipment_status:BV-CELLBATCH-002750:0001,USR-023,"[""BV-CELLBATCH-002750"",""BV-WARRANTYCLAIM-000250""]"
CELLBATCH-002752,Battery Pack Failed Test,2023-12-13T06:04:00Z,sat_shipment_status,sat_shipment_status:BV-CELLBATCH-002752:0001,USR-057,"[""BV-CELLBATCH-002752"",""BV-WARRANTYCLAIM-000252"",""BV-CERTIFICATE-000252""]"
CELLBATCH-002754,Battery Pack Failed Test,2023-12-13T12:06:00Z,sat_shipment_status,sat_shipment_status:BV-CELLBATCH-002754:0001,USR-091,"[""BV-CELLBATCH-002754"",""BV-WARRANTYCLAIM-000254""]"
CELLBATCH-002650,Battery Pack Failed Test,2023-12-13T13:00:00Z,sat_shipment_status,sat_shipment_status:BV-CELLBATCH-002650:0002,USR-101,"[""BV-CELLBATCH-002650"",""BV-WARRANTYCLAIM-000150""]"
CELLBATCH-002650,Firmware Installation Failed,2023-12-13T13:37:00Z,sat_diagnostic_result,sat_diagnostic_result:BV-CELLBATCH-002650:0003,USR-122,"[""BV-CELLBATCH-002650"",""BV-SECONDLIFESYSTEM-000150"",""BV-BATTERYPASSPORT-002650""]"
CELLBATCH-002650,Firmware Rolled Back,2023-12-13T14:14:00Z,sat_service_status,sat_service_status:BV-CELLBATCH-002650:0002,USR-123,"[""BV-CELLBATCH-002650"",""BV-RECYCLINGORDER-000150""]"
CELLBATCH-002650,Second-Life Assessment Failed,2023-12-13T14:51:00Z,sat_recall_status,sat_recall_status:BV-CELLBATCH-002650:0001,USR-012,"[""BV-CELLBATCH-002650"",""BV-SECONDLIFESYSTEM-000150""]"
CELLBATCH-002711,Firmware Rolled Back,2023-12-13T15:38:00Z,sat_service_status,sat_service_status:BV-CELLBATCH-002711:0002,USR-017,"[""BV-CELLBATCH-002711"",""BV-RECYCLINGORDER-000211""]"
CELLBATCH-002756,Battery Pack Failed Test,2023-12-13T18:08:00Z,sat_shipment_status,sat_shipment_status:BV-CELLBATCH-002756:0001,USR-125,"[""BV-CELLBATCH-002756"",""BV-WARRANTYCLAIM-000256"",""BV-CERTIFICATE-000256""]"
CELLBATCH-002758,Battery Pack Failed Test,2023-12-14T00:10:00Z,sat_shipment_status,sat_shipment_status:BV-CELLBATCH-002758:0001,USR-032,"[""BV-CELLBATCH-002758"",""BV-WARRANTYCLAIM-000258"",""BV-CERTIFICATE-000258""]"
CELLBATCH-002655,Battery Pack Failed Test,2023-12-14T04:00:00Z,sat_shipment_status,sat_shipment_status:BV-CELLBATCH-002655:0002,USR-059,"[""BV-CELLBATCH-002655"",""BV-WARRANTYCLAIM-000155""]"
CELLBATCH-002655,Firmware Installation Failed,2023-12-14T04:37:00Z,sat_diagnostic_result,sat_diagnostic_result:BV-CELLBATCH-002655:0002,USR-080,"[""BV-CELLBATCH-002655"",""BV-SECONDLIFESYSTEM-000155""]"
CELLBATCH-002655,Firmware Rolled Back,2023-12-14T05:14:00Z,sat_service_status,sat_service_status:BV-CELLBATCH-002655:0003,USR-081,"[""BV-CELLBATCH-002655"",""BV-RECYCLINGORDER-000155"",""BV-VEHICLE-000155""]"
CELLBATCH-002655,Second-Life Assessment Failed,2023-12-14T05:51:00Z,sat_recall_status,sat_recall_status:BV-CELLBATCH-002655:0002,USR-097,"[""BV-CELLBATCH-002655"",""BV-SECONDLIFESYSTEM-000155""]"
CELLBATCH-002760,Battery Pack Failed Test,2023-12-14T06:12:00Z,sat_shipment_status,sat_shipment_status:BV-CELLBATCH-002760:0001,USR-066,"[""BV-CELLBATCH-002760"",""BV-WARRANTYCLAIM-000260"",""BV-CERTIFICATE-000260""]"
CELLBATCH-002762,Battery Pack Failed Test,2023-12-14T12:14:00Z,sat_shipment_status,sat_shipment_status:BV-CELLBATCH-002762:0001,USR-100,"[""BV-CELLBATCH-002762"",""BV-WARRANTYCLAIM-000262""]"
CELLBATCH-002718,Firmware Rolled Back,2023-12-14T12:45:00Z,sat_service_status,sat_service_status:BV-CELLBATCH-002718:0002,USR-009,"[""BV-CELLBATCH-002718"",""BV-RECYCLINGORDER-000218"",""BV-VEHICLE-000218""]"
CELLBATCH-002764,Battery Pack Failed Test,2023-12-14T18:16:00Z,sat_shipment_status,sat_shipment_status:BV-CELLBATCH-002764:0001,USR-007,"[""BV-CELLBATCH-002764"",""BV-WARRANTYCLAIM-000264""]"
CELLBATCH-002688,Second-Life Assessment Failed,2023-12-14T18:31:00Z,sat_recall_status,sat_recall_status:BV-CELLBATCH-002688:0001,USR-023,"[""BV-CELLBATCH-002688"",""BV-SECONDLIFESYSTEM-000188"",""BV-BATTERYPASSPORT-002688""]"
CELLBATCH-002660,Battery Pack Failed Test,2023-12-14T19:00:00Z,sat_shipment_status,sat_shipment_status:BV-CELLBATCH-002660:0003,USR-017,"[""BV-CELLBATCH-002660"",""BV-WARRANTYCLAIM-000160"",""BV-CERTIFICATE-000160""]"
CELLBATCH-002660,Firmware Installation Failed,2023-12-14T19:37:00Z,sat_diagnostic_result,sat_diagnostic_result:BV-CELLBATCH-002660:0002,USR-038,"[""BV-CELLBATCH-002660"",""BV-SECONDLIFESYSTEM-000160""]"
CELLBATCH-002660,Firmware Rolled Back,2023-12-14T20:14:00Z,sat_service_status,sat_service_status:BV-CELLBATCH-002660:0002,USR-039,"[""BV-CELLBATCH-002660"",""BV-RECYCLINGORDER-000160"",""BV-VEHICLE-000160""]"
CELLBATCH-002660,Second-Life Assessment Failed,2023-12-14T20:51:00Z,sat_recall_status,sat_recall_status:BV-CELLBATCH-002660:0001,USR-055,"[""BV-CELLBATCH-002660"",""BV-SECONDLIFESYSTEM-000160""]"
CELLBATCH-002766,Battery Pack Failed Test,2023-12-15T00:18:00Z,sat_shipment_status,sat_shipment_status:BV-CELLBATCH-002766:0001,USR-041,"[""BV-CELLBATCH-002766"",""BV-WARRANTYCLAIM-000266""]"
CELLBATCH-002768,Battery Pack Failed Test,2023-12-15T06:20:00Z,sat_shipment_status,sat_shipment_status:BV-CELLBATCH-002768:0001,USR-075,"[""BV-CELLBATCH-002768"",""BV-WARRANTYCLAIM-000268""]"
CELLBATCH-002725,Firmware Rolled Back,2023-12-15T09:52:00Z,sat_service_status,sat_service_status:BV-CELLBATCH-002725:0002,USR-001,"[""BV-CELLBATCH-002725"",""BV-RECYCLINGORDER-000225""]"
CELLBATCH-002665,Battery Pack Failed Test,2023-12-15T10:00:00Z,sat_shipment_status,sat_shipment_status:BV-CELLBATCH-002665:0001,USR-102,"[""BV-CELLBATCH-002665"",""BV-WARRANTYCLAIM-000165""]"
CELLBATCH-002665,Firmware Installation Failed,2023-12-15T10:37:00Z,sat_diagnostic_result,sat_diagnostic_result:BV-CELLBATCH-002665:0002,USR-123,"[""BV-CELLBATCH-002665"",""BV-SECONDLIFESYSTEM-000165""]"
CELLBATCH-002665,Firmware Rolled Back,2023-12-15T11:14:00Z,sat_service_status,sat_service_status:BV-CELLBATCH-002665:0002,USR-124,"[""BV-CELLBATCH-002665"",""BV-RECYCLINGORDER-000165"",""BV-VEHICLE-000165""]"
CELLBATCH-002665,Second-Life Assessment Failed,2023-12-15T11:51:00Z,sat_recall_status,sat_recall_status:BV-CELLBATCH-002665:0004,USR-013,"[""BV-CELLBATCH-002665"",""BV-SECONDLIFESYSTEM-000165""]"
CELLBATCH-002770,Battery Pack Failed Test,2023-12-15T12:22:00Z,sat_shipment_status,sat_shipment_status:BV-CELLBATCH-002770:0001,USR-109,"[""BV-CELLBATCH-002770"",""BV-WARRANTYCLAIM-000270"",""BV-CERTIFICATE-000270""]"
CELLBATCH-002772,Battery Pack Failed Test,2023-12-15T18:24:00Z,sat_shipment_status,sat_shipment_status:BV-CELLBATCH-002772:0001,USR-016,"[""BV-CELLBATCH-002772"",""BV-WARRANTYCLAIM-000272"",""BV-CERTIFICATE-000272""]"
CELLBATCH-002731,Firmware Installation Failed,2023-12-15T21:04:00Z,sat_diagnostic_result,sat_diagnostic_result:BV-CELLBATCH-002731:0002,USR-102,"[""BV-CELLBATCH-002731"",""BV-SECONDLIFESYSTEM-000231"",""BV-BATTERYPASSPORT-002731""]"
CELLBATCH-002774,Battery Pack Failed Test,2023-12-16T00:26:00Z,sat_shipment_status,sat_shipment_status:BV-CELLBATCH-002774:0001,USR-050,"[""BV-CELLBATCH-002774"",""BV-WARRANTYCLAIM-000274""]"
CELLBATCH-002670,Battery Pack Failed Test,2023-12-16T01:00:00Z,sat_shipment_status,sat_shipment_status:BV-CELLBATCH-002670:0002,USR-060,"[""BV-CELLBATCH-002670"",""BV-WARRANTYCLAIM-000170"",""BV-CERTIFICATE-000170""]"
CELLBATCH-002670,Firmware Installation Failed,2023-12-16T01:37:00Z,sat_diagnostic_result,sat_diagnostic_result:BV-CELLBATCH-002670:0002,USR-081,"[""BV-CELLBATCH-002670"",""BV-SECONDLIFESYSTEM-000170""]"
CELLBATCH-002670,Firmware Rolled Back,2023-12-16T02:14:00Z,sat_service_status,sat_service_status:BV-CELLBATCH-002670:0002,USR-082,"[""BV-CELLBATCH-002670"",""BV-RECYCLINGORDER-000170""]"
CELLBATCH-002670,Second-Life Assessment Failed,2023-12-16T02:51:00Z,sat_recall_status,sat_recall_status:BV-CELLBATCH-002670:0001,USR-098,"[""BV-CELLBATCH-002670"",""BV-SECONDLIFESYSTEM-000170"",""BV-BATTERYPASSPORT-002670""]"
CELLBATCH-002732,Firmware Rolled Back,2023-12-16T06:06:00Z,sat_service_status,sat_service_status:BV-CELLBATCH-002732:0002,USR-120,"[""BV-CELLBATCH-002732"",""BV-RECYCLINGORDER-000232""]"
CELLBATCH-002776,Battery Pack Failed Test,2023-12-16T06:28:00Z,sat_shipment_status,sat_shipment_status:BV-CELLBATCH-002776:0001,USR-084,"[""BV-CELLBATCH-002776"",""BV-WARRANTYCLAIM-000276""]"
CELLBATCH-002778,Battery Pack Failed Test,2023-12-16T12:30:00Z,sat_shipment_status,sat_shipment_status:BV-CELLBATCH-002778:0001,USR-118,"[""BV-CELLBATCH-002778"",""BV-WARRANTYCLAIM-000278"",""BV-CERTIFICATE-000278""]"
CELLBATCH-002675,Battery Pack Failed Test,2023-12-16T16:00:00Z,sat_shipment_status,sat_shipment_status:BV-CELLBATCH-002675:0001,USR-018,"[""BV-CELLBATCH-002675"",""BV-WARRANTYCLAIM-000175""]"
CELLBATCH-002675,Firmware Installation Failed,2023-12-16T16:37:00Z,sat_diagnostic_result,sat_diagnostic_result:BV-CELLBATCH-002675:0002,USR-039,"[""BV-CELLBATCH-002675"",""BV-SECONDLIFESYSTEM-000175""]"
CELLBATCH-002675,Firmware Rolled Back,2023-12-16T17:14:00Z,sat_service_status,sat_service_status:BV-CELLBATCH-002675:0002,USR-040,"[""BV-CELLBATCH-002675"",""BV-RECYCLINGORDER-000175"",""BV-VEHICLE-000175""]"
CELLBATCH-002675,Second-Life Assessment Failed,2023-12-16T17:51:00Z,sat_recall_status,sat_recall_status:BV-CELLBATCH-002675:0002,USR-056,"[""BV-CELLBATCH-002675"",""BV-SECONDLIFESYSTEM-000175""]"
CELLBATCH-002780,Battery Pack Failed Test,2023-12-16T18:32:00Z,sat_shipment_status,sat_shipment_status:BV-CELLBATCH-002780:0001,USR-025,"[""BV-CELLBATCH-002780"",""BV-WARRANTYCLAIM-000280""]"
CELLBATCH-002782,Battery Pack Failed Test,2023-12-17T00:34:00Z,sat_shipment_status,sat_shipment_status:BV-CELLBATCH-002782:0001,USR-059,"[""BV-CELLBATCH-002782"",""BV-WARRANTYCLAIM-000282""]"
CELLBATCH-002739,Firmware Rolled Back,2023-12-17T03:13:00Z,sat_service_status,sat_service_status:BV-CELLBATCH-002739:0002,USR-112,"[""BV-CELLBATCH-002739"",""BV-RECYCLINGORDER-000239"",""BV-VEHICLE-000239""]"
CELLBATCH-002784,Battery Pack Failed Test,2023-12-17T06:36:00Z,sat_shipment_status,sat_shipment_status:BV-CELLBATCH-002784:0001,USR-093,"[""BV-CELLBATCH-002784"",""BV-WARRANTYCLAIM-000284""]"
CELLBATCH-002680,Battery Pack Failed Test,2023-12-17T07:00:00Z,sat_shipment_status,sat_shipment_status:BV-CELLBATCH-002680:0002,USR-103,"[""BV-CELLBATCH-002680"",""BV-WARRANTYCLAIM-000180"",""BV-CERTIFICATE-000180""]"
CELLBATCH-002680,Firmware Installation Failed,2023-12-17T07:37:00Z,sat_diagnostic_result,sat_diagnostic_result:BV-CELLBATCH-002680:0002,USR-124,"[""BV-CELLBATCH-002680"",""BV-SECONDLIFESYSTEM-000180""]"
CELLBATCH-002680,Firmware Rolled Back,2023-12-17T08:14:00Z,sat_service_status,sat_service_status:BV-CELLBATCH-002680:0002,USR-125,"[""BV-CELLBATCH-002680"",""BV-RECYCLINGORDER-000180""]"
CELLBATCH-002680,Second-Life Assessment Failed,2023-12-17T08:51:00Z,sat_recall_status,sat_recall_status:BV-CELLBATCH-002680:0001,USR-014,"[""BV-CELLBATCH-002680"",""BV-SECONDLIFESYSTEM-000180"",""BV-BATTERYPASSPORT-002680""]"
CELLBATCH-002786,Battery Pack Failed Test,2023-12-17T12:38:00Z,sat_shipment_status,sat_shipment_status:BV-CELLBATCH-002786:0001,USR-127,"[""BV-CELLBATCH-002786"",""BV-WARRANTYCLAIM-000286"",""BV-CERTIFICATE-000286""]"
CELLBATCH-002788,Battery Pack Failed Test,2023-12-17T18:40:00Z,sat_shipment_status,sat_shipment_status:BV-CELLBATCH-002788:0001,USR-034,"[""BV-CELLBATCH-002788"",""BV-WARRANTYCLAIM-000288""]"
CELLBATCH-002685,Battery Pack Failed Test,2023-12-17T22:00:00Z,sat_shipment_status,sat_shipment_status:BV-CELLBATCH-002685:0001,USR-061,"[""BV-CELLBATCH-002685"",""BV-WARRANTYCLAIM-000185"",""BV-CERTIFICATE-000185""]"
CELLBATCH-002685,Firmware Installation Failed,2023-12-17T22:37:00Z,sat_diagnostic_result,sat_diagnostic_result:BV-CELLBATCH-002685:0002,USR-082,"[""BV-CELLBATCH-002685"",""BV-SECONDLIFESYSTEM-000185""]"
CELLBATCH-002685,Firmware Rolled Back,2023-12-17T23:14:00Z,sat_service_status,sat_service_status:BV-CELLBATCH-002685:0002,USR-083,"[""BV-CELLBATCH-002685"",""BV-RECYCLINGORDER-000185""]"
CELLBATCH-002685,Second-Life Assessment Failed,2023-12-17T23:51:00Z,sat_recall_status,sat_recall_status:BV-CELLBATCH-002685:0002,USR-099,"[""BV-CELLBATCH-002685"",""BV-SECONDLIFESYSTEM-000185"",""BV-BATTERYPASSPORT-002685""]"
CELLBATCH-002746,Firmware Rolled Back,2023-12-18T00:20:00Z,sat_service_status,sat_service_status:BV-CELLBATCH-002746:0003,USR-104,"[""BV-CELLBATCH-002746"",""BV-RECYCLINGORDER-000246""]"
CELLBATCH-002790,Battery Pack Failed Test,2023-12-18T00:42:00Z,sat_shipment_status,sat_shipment_status:BV-CELLBATCH-002790:0001,USR-068,"[""BV-CELLBATCH-002790"",""BV-WARRANTYCLAIM-000290""]"
CELLBATCH-002792,Battery Pack Failed Test,2023-12-18T06:44:00Z,sat_shipment_status,sat_shipment_status:BV-CELLBATCH-002792:0001,USR-102,"[""BV-CELLBATCH-002792"",""BV-WARRANTYCLAIM-000292""]"
CELLBATCH-002794,Battery Pack Failed Test,2023-12-18T12:46:00Z,sat_shipment_status,sat_shipment_status:BV-CELLBATCH-002794:0001,USR-009,"[""BV-CELLBATCH-002794"",""BV-WARRANTYCLAIM-000294""]"
CELLBATCH-002690,Battery Pack Failed Test,2023-12-18T13:00:00Z,sat_shipment_status,sat_shipment_status:BV-CELLBATCH-002690:0002,USR-019,"[""BV-CELLBATCH-002690"",""BV-WARRANTYCLAIM-000190"",""BV-CERTIFICATE-000190""]"
CELLBATCH-002690,Firmware Installation Failed,2023-12-18T13:37:00Z,sat_diagnostic_result,sat_diagnostic_result:BV-CELLBATCH-002690:0002,USR-040,"[""BV-CELLBATCH-002690"",""BV-SECONDLIFESYSTEM-000190""]"
CELLBATCH-002690,Firmware Rolled Back,2023-12-18T14:14:00Z,sat_service_status,sat_service_status:BV-CELLBATCH-002690:0004,USR-041,"[""BV-CELLBATCH-002690"",""BV-RECYCLINGORDER-000190"",""BV-VEHICLE-000190""]"
CELLBATCH-002690,Second-Life Assessment Failed,2023-12-18T14:51:00Z,sat_recall_status,sat_recall_status:BV-CELLBATCH-002690:0001,USR-057,"[""BV-CELLBATCH-002690"",""BV-SECONDLIFESYSTEM-000190""]"
CELLBATCH-002719,Second-Life Assessment Failed,2023-12-18T15:09:00Z,sat_recall_status,sat_recall_status:BV-CELLBATCH-002719:0002,USR-042,"[""BV-CELLBATCH-002719"",""BV-SECONDLIFESYSTEM-000219""]"
CELLBATCH-002796,Battery Pack Failed Test,2023-12-18T18:48:00Z,sat_shipment_status,sat_shipment_status:BV-CELLBATCH-002796:0001,USR-043,"[""BV-CELLBATCH-002796"",""BV-WARRANTYCLAIM-000296""]"
CELLBATCH-002753,Firmware Rolled Back,2023-12-18T21:27:00Z,sat_service_status,sat_service_status:BV-CELLBATCH-002753:0002,USR-096,"[""BV-CELLBATCH-002753"",""BV-RECYCLINGORDER-000253""]"
CELLBATCH-002798,Battery Pack Failed Test,2023-12-19T00:50:00Z,sat_shipment_status,sat_shipment_status:BV-CELLBATCH-002798:0001,USR-077,"[""BV-CELLBATCH-002798"",""BV-WARRANTYCLAIM-000298""]"
CELLBATCH-002695,Battery Pack Failed Test,2023-12-19T04:00:00Z,sat_shipment_status,sat_shipment_status:BV-CELLBATCH-002695:0002,USR-104,"[""BV-CELLBATCH-002695"",""BV-WARRANTYCLAIM-000195""]"
CELLBATCH-002695,Firmware Installation Failed,2023-12-19T04:37:00Z,sat_diagnostic_result,sat_diagnostic_result:BV-CELLBATCH-002695:0003,USR-125,"[""BV-CELLBATCH-002695"",""BV-SECONDLIFESYSTEM-000195"",""BV-BATTERYPASSPORT-002695""]"
CELLBATCH-002695,Firmware Rolled Back,2023-12-19T05:14:00Z,sat_service_status,sat_service_status:BV-CELLBATCH-002695:0002,USR-126,"[""BV-CELLBATCH-002695"",""BV-RECYCLINGORDER-000195""]"
CELLBATCH-002695,Second-Life Assessment Failed,2023-12-19T05:51:00Z,sat_recall_status,sat_recall_status:BV-CELLBATCH-002695:0002,USR-015,"[""BV-CELLBATCH-002695"",""BV-SECONDLIFESYSTEM-000195"",""BV-BATTERYPASSPORT-002695""]"
CELLBATCH-002800,Battery Pack Failed Test,2023-12-19T06:52:00Z,sat_shipment_status,sat_shipment_status:BV-CELLBATCH-002800:0001,USR-111,"[""BV-CELLBATCH-002800"",""BV-WARRANTYCLAIM-000300""]"
CELLBATCH-002802,Battery Pack Failed Test,2023-12-19T12:01:00Z,sat_shipment_status,sat_shipment_status:BV-CELLBATCH-002802:0001,USR-018,"[""BV-CELLBATCH-002802"",""BV-WARRANTYCLAIM-000302""]"
CELLBATCH-002804,Battery Pack Failed Test,2023-12-19T18:03:00Z,sat_shipment_status,sat_shipment_status:BV-CELLBATCH-002804:0001,USR-052,"[""BV-CELLBATCH-002804"",""BV-WARRANTYCLAIM-000304"",""BV-CERTIFICATE-000304""]"
CELLBATCH-002760,Firmware Rolled Back,2023-12-19T18:34:00Z,sat_service_status,sat_service_status:BV-CELLBATCH-002760:0002,USR-088,"[""BV-CELLBATCH-002760"",""BV-RECYCLINGORDER-000260"",""BV-VEHICLE-000260""]"
CELLBATCH-002700,Battery Pack Failed Test,2023-12-19T19:00:00Z,sat_shipment_status,sat_shipment_status:BV-CELLBATCH-002700:0002,USR-062,"[""BV-CELLBATCH-002700"",""BV-WARRANTYCLAIM-000200""]"
CELLBATCH-002700,Firmware Installation Failed,2023-12-19T19:37:00Z,sat_diagnostic_result,sat_diagnostic_result:BV-CELLBATCH-002700:0002,USR-083,"[""BV-CELLBATCH-002700"",""BV-SECONDLIFESYSTEM-000200"",""BV-BATTERYPASSPORT-002700""]"
CELLBATCH-002700,Firmware Rolled Back,2023-12-19T20:14:00Z,sat_service_status,sat_service_status:BV-CELLBATCH-002700:0003,USR-084,"[""BV-CELLBATCH-002700"",""BV-RECYCLINGORDER-000200""]"
CELLBATCH-002700,Second-Life Assessment Failed,2023-12-19T20:51:00Z,sat_recall_status,sat_recall_status:BV-CELLBATCH-002700:0002,USR-100,"[""BV-CELLBATCH-002700"",""BV-SECONDLIFESYSTEM-000200"",""BV-BATTERYPASSPORT-002700""]"
CELLBATCH-002806,Battery Pack Failed Test,2023-12-20T00:05:00Z,sat_shipment_status,sat_shipment_status:BV-CELLBATCH-002806:0001,USR-086,"[""BV-CELLBATCH-002806"",""BV-WARRANTYCLAIM-000306""]"
CELLBATCH-002808,Battery Pack Failed Test,2023-12-20T06:07:00Z,sat_shipment_status,sat_shipment_status:BV-CELLBATCH-002808:0001,USR-120,"[""BV-CELLBATCH-002808"",""BV-WARRANTYCLAIM-000308""]"
CELLBATCH-002705,Battery Pack Failed Test,2023-12-20T10:00:00Z,sat_shipment_status,sat_shipment_status:BV-CELLBATCH-002705:0001,USR-020,"[""BV-CELLBATCH-002705"",""BV-WARRANTYCLAIM-000205""]"
CELLBATCH-002705,Firmware Installation Failed,2023-12-20T10:37:00Z,sat_diagnostic_result,sat_diagnostic_result:BV-CELLBATCH-002705:0002,USR-041,"[""BV-CELLBATCH-002705"",""BV-SECONDLIFESYSTEM-000205"",""BV-BATTERYPASSPORT-002705""]"
CELLBATCH-002705,Firmware Rolled Back,2023-12-20T11:14:00Z,sat_service_status,sat_service_status:BV-CELLBATCH-002705:0002,USR-042,"[""BV-CELLBATCH-002705"",""BV-RECYCLINGORDER-000205""]"
CELLBATCH-002705,Second-Life Assessment Failed,2023-12-20T11:51:00Z,sat_recall_status,sat_recall_status:BV-CELLBATCH-002705:0002,USR-058,"[""BV-CELLBATCH-002705"",""BV-SECONDLIFESYSTEM-000205""]"
CELLBATCH-002810,Battery Pack Failed Test,2023-12-20T12:09:00Z,sat_shipment_status,sat_shipment_status:BV-CELLBATCH-002810:0001,USR-027,"[""BV-CELLBATCH-002810"",""BV-WARRANTYCLAIM-000310""]"
CELLBATCH-002768,Firmware Installation Failed,2023-12-20T12:41:00Z,sat_diagnostic_result,sat_diagnostic_result:BV-CELLBATCH-002768:0002,USR-096,"[""BV-CELLBATCH-002768"",""BV-SECONDLIFESYSTEM-000268""]"
CELLBATCH-002767,Firmware Rolled Back,2023-12-20T15:41:00Z,sat_service_status,sat_service_status:BV-CELLBATCH-002767:0002,USR-080,"[""BV-CELLBATCH-002767"",""BV-RECYCLINGORDER-000267""]"
CELLBATCH-002812,Battery Pack Failed Test,2023-12-20T18:11:00Z,sat_shipment_status,sat_shipment_status:BV-CELLBATCH-002812:0001,USR-061,"[""BV-CELLBATCH-002812"",""BV-WARRANTYCLAIM-000312""]"
CELLBATCH-002814,Battery Pack Failed Test,2023-12-21T00:13:00Z,sat_shipment_status,sat_shipment_status:BV-CELLBATCH-002814:0001,USR-095,"[""BV-CELLBATCH-002814"",""BV-WARRANTYCLAIM-000314""]"
CELLBATCH-002710,Battery Pack Failed Test,2023-12-21T01:00:00Z,sat_shipment_status,sat_shipment_status:BV-CELLBATCH-002710:0002,USR-105,"[""BV-CELLBATCH-002710"",""BV-WARRANTYCLAIM-000210""]"
CELLBATCH-002710,Firmware Installation Failed,2023-12-21T01:37:00Z,sat_diagnostic_result,sat_diagnostic_result:BV-CELLBATCH-002710:0002,USR-126,"[""BV-CELLBATCH-002710"",""BV-SECONDLIFESYSTEM-000210""]"
CELLBATCH-002710,Firmware Rolled Back,2023-12-21T02:14:00Z,sat_service_status,sat_service_status:BV-CELLBATCH-002710:0002,USR-127,"[""BV-CELLBATCH-002710"",""BV-RECYCLINGORDER-000210"",""BV-VEHICLE-000210""]"
CELLBATCH-002710,Second-Life Assessment Failed,2023-12-21T02:51:00Z,sat_recall_status,sat_recall_status:BV-CELLBATCH-002710:0001,USR-016,"[""BV-CELLBATCH-002710"",""BV-SECONDLIFESYSTEM-000210""]"
CELLBATCH-002816,Battery Pack Failed Test,2023-12-21T06:15:00Z,sat_shipment_status,sat_shipment_status:BV-CELLBATCH-002816:0001,USR-002,"[""BV-CELLBATCH-002816"",""BV-WARRANTYCLAIM-000316""]"
CELLBATCH-002818,Battery Pack Failed Test,2023-12-21T12:17:00Z,sat_shipment_status,sat_shipment_status:BV-CELLBATCH-002818:0001,USR-036,"[""BV-CELLBATCH-002818"",""BV-WARRANTYCLAIM-000318"",""BV-CERTIFICATE-000318""]"
CELLBATCH-002774,Firmware Rolled Back,2023-12-21T12:48:00Z,sat_service_status,sat_service_status:BV-CELLBATCH-002774:0002,USR-072,"[""BV-CELLBATCH-002774"",""BV-RECYCLINGORDER-000274""]"
CELLBATCH-002715,Battery Pack Failed Test,2023-12-21T16:00:00Z,sat_shipment_status,sat_shipment_status:BV-CELLBATCH-002715:0001,USR-063,"[""BV-CELLBATCH-002715"",""BV-WARRANTYCLAIM-000215"",""BV-CERTIFICATE-000215""]"
CELLBATCH-002715,Firmware Installation Failed,2023-12-21T16:37:00Z,sat_diagnostic_result,sat_diagnostic_result:BV-CELLBATCH-002715:0002,USR-084,"[""BV-CELLBATCH-002715"",""BV-SECONDLIFESYSTEM-000215""]"
CELLBATCH-002715,Firmware Rolled Back,2023-12-21T17:14:00Z,sat_service_status,sat_service_status:BV-CELLBATCH-002715:0002,USR-085,"[""BV-CELLBATCH-002715"",""BV-RECYCLINGORDER-000215""]"
CELLBATCH-002715,Second-Life Assessment Failed,2023-12-21T17:51:00Z,sat_recall_status,sat_recall_status:BV-CELLBATCH-002715:0002,USR-101,"[""BV-CELLBATCH-002715"",""BV-SECONDLIFESYSTEM-000215"",""BV-BATTERYPASSPORT-002715""]"
CELLBATCH-002820,Battery Pack Failed Test,2023-12-21T18:19:00Z,sat_shipment_status,sat_shipment_status:BV-CELLBATCH-002820:0001,USR-070,"[""BV-CELLBATCH-002820"",""BV-WARRANTYCLAIM-000320""]"
CELLBATCH-002822,Battery Pack Failed Test,2023-12-22T00:21:00Z,sat_shipment_status,sat_shipment_status:BV-CELLBATCH-002822:0001,USR-104,"[""BV-CELLBATCH-002822"",""BV-WARRANTYCLAIM-000322"",""BV-CERTIFICATE-000322""]"
CELLBATCH-002824,Battery Pack Failed Test,2023-12-22T06:23:00Z,sat_shipment_status,sat_shipment_status:BV-CELLBATCH-002824:0001,USR-011,"[""BV-CELLBATCH-002824"",""BV-WARRANTYCLAIM-000324"",""BV-CERTIFICATE-000324""]"
CELLBATCH-002720,Battery Pack Failed Test,2023-12-22T07:00:00Z,sat_shipment_status,sat_shipment_status:BV-CELLBATCH-002720:0002,USR-021,"[""BV-CELLBATCH-002720"",""BV-WARRANTYCLAIM-000220"",""BV-CERTIFICATE-000220""]"
CELLBATCH-002720,Firmware Installation Failed,2023-12-22T07:37:00Z,sat_diagnostic_result,sat_diagnostic_result:BV-CELLBATCH-002720:0002,USR-042,"[""BV-CELLBATCH-002720"",""BV-SECONDLIFESYSTEM-000220""]"
CELLBATCH-002720,Firmware Rolled Back,2023-12-22T08:14:00Z,sat_service_status,sat_service_status:BV-CELLBATCH-002720:0002,USR-043,"[""BV-CELLBATCH-002720"",""BV-RECYCLINGORDER-000220""]"
CELLBATCH-002720,Second-Life Assessment Failed,2023-12-22T08:51:00Z,sat_recall_status,sat_recall_status:BV-CELLBATCH-002720:0001,USR-059,"[""BV-CELLBATCH-002720"",""BV-SECONDLIFESYSTEM-000220"",""BV-BATTERYPASSPORT-002720""]"
CELLBATCH-002781,Firmware Rolled Back,2023-12-22T09:02:00Z,sat_service_status,sat_service_status:BV-CELLBATCH-002781:0002,USR-064,"[""BV-CELLBATCH-002781"",""BV-RECYCLINGORDER-000281"",""BV-VEHICLE-000281""]"
CELLBATCH-002826,Battery Pack Failed Test,2023-12-22T12:25:00Z,sat_shipment_status,sat_shipment_status:BV-CELLBATCH-002826:0001,USR-045,"[""BV-CELLBATCH-002826"",""BV-WARRANTYCLAIM-000326"",""BV-CERTIFICATE-000326""]"
CELLBATCH-002750,Second-Life Assessment Failed,2023-12-22T12:40:00Z,sat_recall_status,sat_recall_status:BV-CELLBATCH-002750:0002,USR-061,"[""BV-CELLBATCH-002750"",""BV-SECONDLIFESYSTEM-000250""]"
CELLBATCH-002828,Battery Pack Failed Test,2023-12-22T18:27:00Z,sat_shipment_status,sat_shipment_status:BV-CELLBATCH-002828:0001,USR-079,"[""BV-CELLBATCH-002828"",""BV-WARRANTYCLAIM-000328""]"
CELLBATCH-002725,Battery Pack Failed Test,2023-12-22T22:00:00Z,sat_shipment_status,sat_shipment_status:BV-CELLBATCH-002725:0001,USR-106,"[""BV-CELLBATCH-002725"",""BV-WARRANTYCLAIM-000225"",""BV-CERTIFICATE-000225""]"
CELLBATCH-002725,Firmware Installation Failed,2023-12-22T22:37:00Z,sat_diagnostic_result,sat_diagnostic_result:BV-CELLBATCH-002725:0002,USR-127,"[""BV-CELLBATCH-002725"",""BV-SECONDLIFESYSTEM-000225""]"
CELLBATCH-002725,Firmware Rolled Back,2023-12-22T23:14:00Z,sat_service_status,sat_service_status:BV-CELLBATCH-002725:0003,USR-001,"[""BV-CELLBATCH-002725"",""BV-RECYCLINGORDER-000225"",""BV-VEHICLE-000225""]"
CELLBATCH-002725,Second-Life Assessment Failed,2023-12-22T23:51:00Z,sat_recall_status,sat_recall_status:BV-CELLBATCH-002725:0002,USR-017,"[""BV-CELLBATCH-002725"",""BV-SECONDLIFESYSTEM-000225""]"
CELLBATCH-002830,Battery Pack Failed Test,2023-12-23T00:29:00Z,sat_shipment_status,sat_shipment_status:BV-CELLBATCH-002830:0001,USR-113,"[""BV-CELLBATCH-002830"",""BV-WARRANTYCLAIM-000330"",""BV-CERTIFICATE-000330""]"
CELLBATCH-002788,Firmware Rolled Back,2023-12-23T06:09:00Z,sat_service_status,sat_service_status:BV-CELLBATCH-002788:0002,USR-056,"[""BV-CELLBATCH-002788"",""BV-RECYCLINGORDER-000288""]"
CELLBATCH-002832,Battery Pack Failed Test,2023-12-23T06:31:00Z,sat_shipment_status,sat_shipment_status:BV-CELLBATCH-002832:0001,USR-020,"[""BV-CELLBATCH-002832"",""BV-WARRANTYCLAIM-000332""]"
CELLBATCH-002834,Battery Pack Failed Test,2023-12-23T12:33:00Z,sat_shipment_status,sat_shipment_status:BV-CELLBATCH-002834:0001,USR-054,"[""BV-CELLBATCH-002834"",""BV-WARRANTYCLAIM-000334"",""BV-CERTIFICATE-000334""]"
CELLBATCH-002730,Battery Pack Failed Test,2023-12-23T13:00:00Z,sat_shipment_status,sat_shipment_status:BV-CELLBATCH-002730:0003,USR-064,"[""BV-CELLBATCH-002730"",""BV-WARRANTYCLAIM-000230"",""BV-CERTIFICATE-000230""]"
CELLBATCH-002730,Firmware Installation Failed,2023-12-23T13:37:00Z,sat_diagnostic_result,sat_diagnostic_result:BV-CELLBATCH-002730:0002,USR-085,"[""BV-CELLBATCH-002730"",""BV-SECONDLIFESYSTEM-000230""]"
CELLBATCH-002730,Firmware Rolled Back,2023-12-23T14:14:00Z,sat_service_status,sat_service_status:BV-CELLBATCH-002730:0002,USR-086,"[""BV-CELLBATCH-002730"",""BV-RECYCLINGORDER-000230"",""BV-VEHICLE-000230""]"
CELLBATCH-002730,Second-Life Assessment Failed,2023-12-23T14:51:00Z,sat_recall_status,sat_recall_status:BV-CELLBATCH-002730:0002,USR-102,"[""BV-CELLBATCH-002730"",""BV-SECONDLIFESYSTEM-000230""]"
CELLBATCH-002836,Battery Pack Failed Test,2023-12-23T18:35:00Z,sat_shipment_status,sat_shipment_status:BV-CELLBATCH-002836:0001,USR-088,"[""BV-CELLBATCH-002836"",""BV-WARRANTYCLAIM-000336"",""BV-CERTIFICATE-000336""]"
CELLBATCH-002838,Battery Pack Failed Test,2023-12-24T00:37:00Z,sat_shipment_status,sat_shipment_status:BV-CELLBATCH-002838:0001,USR-122,"[""BV-CELLBATCH-002838"",""BV-WARRANTYCLAIM-000338"",""BV-CERTIFICATE-000338""]"
CELLBATCH-002795,Firmware Rolled Back,2023-12-24T03:16:00Z,sat_service_status,sat_service_status:BV-CELLBATCH-002795:0002,USR-048,"[""BV-CELLBATCH-002795"",""BV-RECYCLINGORDER-000295""]"
CELLBATCH-002735,Battery Pack Failed Test,2023-12-24T04:00:00Z,sat_shipment_status,sat_shipment_status:BV-CELLBATCH-002735:0001,USR-022,"[""BV-CELLBATCH-002735"",""BV-WARRANTYCLAIM-000235""]"
CELLBATCH-002735,Firmware Installation Failed,2023-12-24T04:37:00Z,sat_diagnostic_result,sat_diagnostic_result:BV-CELLBATCH-002735:0003,USR-043,"[""BV-CELLBATCH-002735"",""BV-SECONDLIFESYSTEM-000235"",""BV-BATTERYPASSPORT-002735""]"
CELLBATCH-002735,Firmware Rolled Back,2023-12-24T05:14:00Z,sat_service_status,sat_service_status:BV-CELLBATCH-002735:0002,USR-044,"[""BV-CELLBATCH-002735"",""BV-RECYCLINGORDER-000235""]"
CELLBATCH-002735,Second-Life Assessment Failed,2023-12-24T05:51:00Z,sat_recall_status,sat_recall_status:BV-CELLBATCH-002735:0002,USR-060,"[""BV-CELLBATCH-002735"",""BV-SECONDLIFESYSTEM-000235""]"
CELLBATCH-002840,Battery Pack Failed Test,2023-12-24T06:39:00Z,sat_shipment_status,sat_shipment_status:BV-CELLBATCH-002840:0001,USR-029,"[""BV-CELLBATCH-002840"",""BV-WARRANTYCLAIM-000340""]"
CELLBATCH-002842,Battery Pack Failed Test,2023-12-24T12:41:00Z,sat_shipment_status,sat_shipment_status:BV-CELLBATCH-002842:0001,USR-063,"[""BV-CELLBATCH-002842"",""BV-WARRANTYCLAIM-000342""]"
CELLBATCH-002844,Battery Pack Failed Test,2023-12-24T18:43:00Z,sat_shipment_status,sat_shipment_status:BV-CELLBATCH-002844:0001,USR-097,"[""BV-CELLBATCH-002844"",""BV-WARRANTYCLAIM-000344""]"
CELLBATCH-002740,Battery Pack Failed Test,2023-12-24T19:00:00Z,sat_shipment_status,sat_shipment_status:BV-CELLBATCH-002740:0002,USR-107,"[""BV-CELLBATCH-002740"",""BV-WARRANTYCLAIM-000240"",""BV-CERTIFICATE-000240""]"
CELLBATCH-002740,Firmware Installation Failed,2023-12-24T19:37:00Z,sat_diagnostic_result,sat_diagnostic_result:BV-CELLBATCH-002740:0002,USR-001,"[""BV-CELLBATCH-002740"",""BV-SECONDLIFESYSTEM-000240""]"
CELLBATCH-002740,Firmware Rolled Back,2023-12-24T20:14:00Z,sat_service_status,sat_service_status:BV-CELLBATCH-002740:0002,USR-002,"[""BV-CELLBATCH-002740"",""BV-RECYCLINGORDER-000240""]"
CELLBATCH-002740,Second-Life Assessment Failed,2023-12-24T20:51:00Z,sat_recall_status,sat_recall_status:BV-CELLBATCH-002740:0001,USR-018,"[""BV-CELLBATCH-002740"",""BV-SECONDLIFESYSTEM-000240"",""BV-BATTERYPASSPORT-002740""]"
CELLBATCH-002802,Firmware Rolled Back,2023-12-25T00:23:00Z,sat_service_status,sat_service_status:BV-CELLBATCH-002802:0002,USR-040,"[""BV-CELLBATCH-002802"",""BV-RECYCLINGORDER-000302""]"
CELLBATCH-002846,Battery Pack Failed Test,2023-12-25T00:45:00Z,sat_shipment_status,sat_shipment_status:BV-CELLBATCH-002846:0001,USR-004,"[""BV-CELLBATCH-002846"",""BV-WARRANTYCLAIM-000346""]"
CELLBATCH-002805,Firmware Installation Failed,2023-12-25T03:25:00Z,sat_diagnostic_result,sat_diagnostic_result:BV-CELLBATCH-002805:0002,USR-090,"[""BV-CELLBATCH-002805"",""BV-SECONDLIFESYSTEM-000305"",""BV-BATTERYPASSPORT-002805""]"
CELLBATCH-002848,Battery Pack Failed Test,2023-12-25T06:47:00Z,sat_shipment_status,sat_shipment_status:BV-CELLBATCH-002848:0001,USR-038,"[""BV-CELLBATCH-002848"",""BV-WARRANTYCLAIM-000348""]"
CELLBATCH-002745,Battery Pack Failed Test,2023-12-25T10:00:00Z,sat_shipment_status,sat_shipment_status:BV-CELLBATCH-002745:0001,USR-065,"[""BV-CELLBATCH-002745"",""BV-WARRANTYCLAIM-000245"",""BV-CERTIFICATE-000245""]"
CELLBATCH-002745,Firmware Installation Failed,2023-12-25T10:37:00Z,sat_diagnostic_result,sat_diagnostic_result:BV-CELLBATCH-002745:0002,USR-086,"[""BV-CELLBATCH-002745"",""BV-SECONDLIFESYSTEM-000245""]"
CELLBATCH-002745,Firmware Rolled Back,2023-12-25T11:14:00Z,sat_service_status,sat_service_status:BV-CELLBATCH-002745:0002,USR-087,"[""BV-CELLBATCH-002745"",""BV-RECYCLINGORDER-000245"",""BV-VEHICLE-000245""]"
CELLBATCH-002745,Second-Life Assessment Failed,2023-12-25T11:51:00Z,sat_recall_status,sat_recall_status:BV-CELLBATCH-002745:0002,USR-103,"[""BV-CELLBATCH-002745"",""BV-SECONDLIFESYSTEM-000245""]"
CELLBATCH-002850,Battery Pack Failed Test,2023-12-25T12:49:00Z,sat_shipment_status,sat_shipment_status:BV-CELLBATCH-002850:0001,USR-072,"[""BV-CELLBATCH-002850"",""BV-WARRANTYCLAIM-000350""]"
CELLBATCH-002852,Battery Pack Failed Test,2023-12-25T18:51:00Z,sat_shipment_status,sat_shipment_status:BV-CELLBATCH-002852:0001,USR-106,"[""BV-CELLBATCH-002852"",""BV-WARRANTYCLAIM-000352"",""BV-CERTIFICATE-000352""]"
CELLBATCH-002809,Firmware Rolled Back,2023-12-25T21:30:00Z,sat_service_status,sat_service_status:BV-CELLBATCH-002809:0002,USR-032,"[""BV-CELLBATCH-002809"",""BV-RECYCLINGORDER-000309""]"
CELLBATCH-002854,Battery Pack Failed Test,2023-12-26T00:00:00Z,sat_shipment_status,sat_shipment_status:BV-CELLBATCH-002854:0001,USR-013,"[""BV-CELLBATCH-002854"",""BV-WARRANTYCLAIM-000354""]"
CELLBATCH-002750,Battery Pack Failed Test,2023-12-26T01:00:00Z,sat_shipment_status,sat_shipment_status:BV-CELLBATCH-002750:0003,USR-023,"[""BV-CELLBATCH-002750"",""BV-WARRANTYCLAIM-000250""]"
CELLBATCH-002750,Firmware Installation Failed,2023-12-26T01:37:00Z,sat_diagnostic_result,sat_diagnostic_result:BV-CELLBATCH-002750:0002,USR-044,"[""BV-CELLBATCH-002750"",""BV-SECONDLIFESYSTEM-000250""]"
CELLBATCH-002750,Firmware Rolled Back,2023-12-26T02:14:00Z,sat_service_status,sat_service_status:BV-CELLBATCH-002750:0003,USR-045,"[""BV-CELLBATCH-002750"",""BV-RECYCLINGORDER-000250"",""BV-VEHICLE-000250""]"
CELLBATCH-002750,Second-Life Assessment Failed,2023-12-26T02:51:00Z,sat_recall_status,sat_recall_status:BV-CELLBATCH-002750:0003,USR-061,"[""BV-CELLBATCH-002750"",""BV-SECONDLIFESYSTEM-000250""]"
CELLBATCH-002856,Battery Pack Failed Test,2023-12-26T06:02:00Z,sat_shipment_status,sat_shipment_status:BV-CELLBATCH-002856:0001,USR-047,"[""BV-CELLBATCH-002856"",""BV-WARRANTYCLAIM-000356"",""BV-CERTIFICATE-000356""]"
CELLBATCH-002781,Second-Life Assessment Failed,2023-12-26T09:18:00Z,sat_recall_status,sat_recall_status:BV-CELLBATCH-002781:0002,USR-080,"[""BV-CELLBATCH-002781"",""BV-SECONDLIFESYSTEM-000281""]"
CELLBATCH-002858,Battery Pack Failed Test,2023-12-26T12:04:00Z,sat_shipment_status,sat_shipment_status:BV-CELLBATCH-002858:0001,USR-081,"[""BV-CELLBATCH-002858"",""BV-WARRANTYCLAIM-000358"",""BV-CERTIFICATE-000358""]"
CELLBATCH-002755,Battery Pack Failed Test,2023-12-26T16:00:00Z,sat_shipment_status,sat_shipment_status:BV-CELLBATCH-002755:0001,USR-108,"[""BV-CELLBATCH-002755"",""BV-WARRANTYCLAIM-000255""]"
CELLBATCH-002755,Firmware Installation Failed,2023-12-26T16:37:00Z,sat_diagnostic_result,sat_diagnostic_result:BV-CELLBATCH-002755:0002,USR-002,"[""BV-CELLBATCH-002755"",""BV-SECONDLIFESYSTEM-000255"",""BV-BATTERYPASSPORT-002755""]"
CELLBATCH-002755,Firmware Rolled Back,2023-12-26T17:14:00Z,sat_service_status,sat_service_status:BV-CELLBATCH-002755:0002,USR-003,"[""BV-CELLBATCH-002755"",""BV-RECYCLINGORDER-000255""]"
CELLBATCH-002755,Second-Life Assessment Failed,2023-12-26T17:51:00Z,sat_recall_status,sat_recall_status:BV-CELLBATCH-002755:0002,USR-019,"[""BV-CELLBATCH-002755"",""BV-SECONDLIFESYSTEM-000255"",""BV-BATTERYPASSPORT-002755""]"
CELLBATCH-002860,Battery Pack Failed Test,2023-12-26T18:06:00Z,sat_shipment_status,sat_shipment_status:BV-CELLBATCH-002860:0001,USR-115,"[""BV-CELLBATCH-002860"",""BV-WARRANTYCLAIM-000360"",""BV-CERTIFICATE-000360""]"
CELLBATCH-002816,Firmware Rolled Back,2023-12-26T18:37:00Z,sat_service_status,sat_service_status:BV-CELLBATCH-002816:0002,USR-024,"[""BV-CELLBATCH-002816"",""BV-RECYCLINGORDER-000316""]"
CELLBATCH-002862,Battery Pack Failed Test,2023-12-27T00:08:00Z,sat_shipment_status,sat_shipment_status:BV-CELLBATCH-002862:0001,USR-022,"[""BV-CELLBATCH-002862"",""BV-WARRANTYCLAIM-000362""]"
CELLBATCH-002864,Battery Pack Failed Test,2023-12-27T06:10:00Z,sat_shipment_status,sat_shipment_status:BV-CELLBATCH-002864:0001,USR-056,"[""BV-CELLBATCH-002864"",""BV-WARRANTYCLAIM-000364""]"
CELLBATCH-002760,Battery Pack Failed Test,2023-12-27T07:00:00Z,sat_shipment_status,sat_shipment_status:BV-CELLBATCH-002760:0002,USR-066,"[""BV-CELLBATCH-002760"",""BV-WARRANTYCLAIM-000260"",""BV-CERTIFICATE-000260""]"
CELLBATCH-002760,Firmware Installation Failed,2023-12-27T07:37:00Z,sat_diagnostic_result,sat_diagnostic_result:BV-CELLBATCH-002760:0002,USR-087,"[""BV-CELLBATCH-002760"",""BV-SECONDLIFESYSTEM-000260""]"
CELLBATCH-002760,Firmware Rolled Back,2023-12-27T08:14:00Z,sat_service_status,sat_service_status:BV-CELLBATCH-002760:0003,USR-088,"[""BV-CELLBATCH-002760"",""BV-RECYCLINGORDER-000260""]"
CELLBATCH-002760,Second-Life Assessment Failed,2023-12-27T08:51:00Z,sat_recall_status,sat_recall_status:BV-CELLBATCH-002760:0001,USR-104,"[""BV-CELLBATCH-002760"",""BV-SECONDLIFESYSTEM-000260"",""BV-BATTERYPASSPORT-002760""]"
CELLBATCH-002866,Battery Pack Failed Test,2023-12-27T12:12:00Z,sat_shipment_status,sat_shipment_status:BV-CELLBATCH-002866:0001,USR-090,"[""BV-CELLBATCH-002866"",""BV-WARRANTYCLAIM-000366"",""BV-CERTIFICATE-000366""]"
CELLBATCH-002823,Firmware Rolled Back,2023-12-27T15:44:00Z,sat_service_status,sat_service_status:BV-CELLBATCH-002823:0002,USR-016,"[""BV-CELLBATCH-002823"",""BV-RECYCLINGORDER-000323""]"
CELLBATCH-002868,Battery Pack Failed Test,2023-12-27T18:14:00Z,sat_shipment_status,sat_shipment_status:BV-CELLBATCH-002868:0001,USR-124,"[""BV-CELLBATCH-002868"",""BV-WARRANTYCLAIM-000368""]"
CELLBATCH-002765,Battery Pack Failed Test,2023-12-27T22:00:00Z,sat_shipment_status,sat_shipment_status:BV-CELLBATCH-002765:0002,USR-024,"[""BV-CELLBATCH-002765"",""BV-WARRANTYCLAIM-000265""]"
CELLBATCH-002765,Firmware Installation Failed,2023-12-27T22:37:00Z,sat_diagnostic_result,sat_diagnostic_result:BV-CELLBATCH-002765:0002,USR-045,"[""BV-CELLBATCH-002765"",""BV-SECONDLIFESYSTEM-000265"",""BV-BATTERYPASSPORT-002765""]"
CELLBATCH-002765,Firmware Rolled Back,2023-12-27T23:14:00Z,sat_service_status,sat_service_status:BV-CELLBATCH-002765:0002,USR-046,"[""BV-CELLBATCH-002765"",""BV-RECYCLINGORDER-000265""]"
CELLBATCH-002765,Second-Life Assessment Failed,2023-12-27T23:51:00Z,sat_recall_status,sat_recall_status:BV-CELLBATCH-002765:0002,USR-062,"[""BV-CELLBATCH-002765"",""BV-SECONDLIFESYSTEM-000265""]"
CELLBATCH-002870,Battery Pack Failed Test,2023-12-28T00:16:00Z,sat_shipment_status,sat_shipment_status:BV-CELLBATCH-002870:0001,USR-031,"[""BV-CELLBATCH-002870"",""BV-WARRANTYCLAIM-000370"",""BV-CERTIFICATE-000370""]"
CELLBATCH-002872,Battery Pack Failed Test,2023-12-28T06:18:00Z,sat_shipment_status,sat_shipment_status:BV-CELLBATCH-002872:0001,USR-065,"[""BV-CELLBATCH-002872"",""BV-WARRANTYCLAIM-000372""]"
CELLBATCH-002874,Battery Pack Failed Test,2023-12-28T12:20:00Z,sat_shipment_status,sat_shipment_status:BV-CELLBATCH-002874:0001,USR-099,"[""BV-CELLBATCH-002874"",""BV-WARRANTYCLAIM-000374"",""BV-CERTIFICATE-000374""]"
CELLBATCH-002830,Firmware Rolled Back,2023-12-28T12:51:00Z,sat_service_status,sat_service_status:BV-CELLBATCH-002830:0002,USR-008,"[""BV-CELLBATCH-002830"",""BV-RECYCLINGORDER-000330""]"
CELLBATCH-002770,Battery Pack Failed Test,2023-12-28T13:00:00Z,sat_shipment_status,sat_shipment_status:BV-CELLBATCH-002770:0002,USR-109,"[""BV-CELLBATCH-002770"",""BV-WARRANTYCLAIM-000270""]"
CELLBATCH-002770,Firmware Installation Failed,2023-12-28T13:37:00Z,sat_diagnostic_result,sat_diagnostic_result:BV-CELLBATCH-002770:0002,USR-003,"[""BV-CELLBATCH-002770"",""BV-SECONDLIFESYSTEM-000270"",""BV-BATTERYPASSPORT-002770""]"
CELLBATCH-002770,Firmware Rolled Back,2023-12-28T14:14:00Z,sat_service_status,sat_service_status:BV-CELLBATCH-002770:0002,USR-004,"[""BV-CELLBATCH-002770"",""BV-RECYCLINGORDER-000270""]"
CELLBATCH-002770,Second-Life Assessment Failed,2023-12-28T14:51:00Z,sat_recall_status,sat_recall_status:BV-CELLBATCH-002770:0001,USR-020,"[""BV-CELLBATCH-002770"",""BV-SECONDLIFESYSTEM-000270""]"
CELLBATCH-002876,Battery Pack Failed Test,2023-12-28T18:22:00Z,sat_shipment_status,sat_shipment_status:BV-CELLBATCH-002876:0001,USR-006,"[""BV-CELLBATCH-002876"",""BV-WARRANTYCLAIM-000376""]"
CELLBATCH-002878,Battery Pack Failed Test,2023-12-29T00:24:00Z,sat_shipment_status,sat_shipment_status:BV-CELLBATCH-002878:0001,USR-040,"[""BV-CELLBATCH-002878"",""BV-WARRANTYCLAIM-000378"",""BV-CERTIFICATE-000378""]"
CELLBATCH-002775,Battery Pack Failed Test,2023-12-29T04:00:00Z,sat_shipment_status,sat_shipment_status:BV-CELLBATCH-002775:0001,USR-067,"[""BV-CELLBATCH-002775"",""BV-WARRANTYCLAIM-000275""]"
CELLBATCH-002775,Firmware Installation Failed,2023-12-29T04:37:00Z,sat_diagnostic_result,sat_diagnostic_result:BV-CELLBATCH-002775:0002,USR-088,"[""BV-CELLBATCH-002775"",""BV-SECONDLIFESYSTEM-000275"",""BV-BATTERYPASSPORT-002775""]"
CELLBATCH-002775,Firmware Rolled Back,2023-12-29T05:14:00Z,sat_service_status,sat_service_status:BV-CELLBATCH-002775:0002,USR-089,"[""BV-CELLBATCH-002775"",""BV-RECYCLINGORDER-000275""]"
CELLBATCH-002775,Second-Life Assessment Failed,2023-12-29T05:51:00Z,sat_recall_status,sat_recall_status:BV-CELLBATCH-002775:0002,USR-105,"[""BV-CELLBATCH-002775"",""BV-SECONDLIFESYSTEM-000275""]"
CELLBATCH-002880,Battery Pack Failed Test,2023-12-29T06:26:00Z,sat_shipment_status,sat_shipment_status:BV-CELLBATCH-002880:0001,USR-074,"[""BV-CELLBATCH-002880"",""BV-WARRANTYCLAIM-000380""]"
CELLBATCH-002837,Firmware Rolled Back,2023-12-29T09:05:00Z,sat_service_status,sat_service_status:BV-CELLBATCH-002837:0002,USR-127,"[""BV-CELLBATCH-002837"",""BV-RECYCLINGORDER-000337""]"
CELLBATCH-002882,Battery Pack Failed Test,2023-12-29T12:28:00Z,sat_shipment_status,sat_shipment_status:BV-CELLBATCH-002882:0001,USR-108,"[""BV-CELLBATCH-002882"",""BV-WARRANTYCLAIM-000382"",""BV-CERTIFICATE-000382""]"
CELLBATCH-002842,Firmware Installation Failed,2023-12-29T18:09:00Z,sat_diagnostic_result,sat_diagnostic_result:BV-CELLBATCH-002842:0002,USR-084,"[""BV-CELLBATCH-002842"",""BV-SECONDLIFESYSTEM-000342"",""BV-BATTERYPASSPORT-002842""]"
CELLBATCH-002884,Battery Pack Failed Test,2023-12-29T18:30:00Z,sat_shipment_status,sat_shipment_status:BV-CELLBATCH-002884:0001,USR-015,"[""BV-CELLBATCH-002884"",""BV-WARRANTYCLAIM-000384"",""BV-CERTIFICATE-000384""]"
CELLBATCH-002780,Battery Pack Failed Test,2023-12-29T19:00:00Z,sat_shipment_status,sat_shipment_status:BV-CELLBATCH-002780:0002,USR-025,"[""BV-CELLBATCH-002780"",""BV-WARRANTYCLAIM-000280"",""BV-CERTIFICATE-000280""]"
CELLBATCH-002780,Firmware Installation Failed,2023-12-29T19:37:00Z,sat_diagnostic_result,sat_diagnostic_result:BV-CELLBATCH-002780:0002,USR-046,"[""BV-CELLBATCH-002780"",""BV-SECONDLIFESYSTEM-000280""]"
CELLBATCH-002780,Firmware Rolled Back,2023-12-29T20:14:00Z,sat_service_status,sat_service_status:BV-CELLBATCH-002780:0002,USR-047,"[""BV-CELLBATCH-002780"",""BV-RECYCLINGORDER-000280""]"
CELLBATCH-002780,Second-Life Assessment Failed,2023-12-29T20:51:00Z,sat_recall_status,sat_recall_status:BV-CELLBATCH-002780:0001,USR-063,"[""BV-CELLBATCH-002780"",""BV-SECONDLIFESYSTEM-000280"",""BV-BATTERYPASSPORT-002780""]"
CELLBATCH-002886,Battery Pack Failed Test,2023-12-30T00:32:00Z,sat_shipment_status,sat_shipment_status:BV-CELLBATCH-002886:0001,USR-049,"[""BV-CELLBATCH-002886"",""BV-WARRANTYCLAIM-000386""]"
CELLBATCH-002844,Firmware Rolled Back,2023-12-30T06:12:00Z,sat_service_status,sat_service_status:BV-CELLBATCH-002844:0002,USR-119,"[""BV-CELLBATCH-002844"",""BV-RECYCLINGORDER-000344"",""BV-VEHICLE-000344""]"
CELLBATCH-002888,Battery Pack Failed Test,2023-12-30T06:34:00Z,sat_shipment_status,sat_shipment_status:BV-CELLBATCH-002888:0001,USR-083,"[""BV-CELLBATCH-002888"",""BV-WARRANTYCLAIM-000388""]"
CELLBATCH-002812,Second-Life Assessment Failed,2023-12-30T06:49:00Z,sat_recall_status,sat_recall_status:BV-CELLBATCH-002812:0001,USR-099,"[""BV-CELLBATCH-002812"",""BV-SECONDLIFESYSTEM-000312""]"
CELLBATCH-002785,Battery Pack Failed Test,2023-12-30T10:00:00Z,sat_shipment_status,sat_shipment_status:BV-CELLBATCH-002785:0001,USR-110,"[""BV-CELLBATCH-002785"",""BV-WARRANTYCLAIM-000285""]"
CELLBATCH-002785,Firmware Installation Failed,2023-12-30T10:37:00Z,sat_diagnostic_result,sat_diagnostic_result:BV-CELLBATCH-002785:0002,USR-004,"[""BV-CELLBATCH-002785"",""BV-SECONDLIFESYSTEM-000285"",""BV-BATTERYPASSPORT-002785""]"
CELLBATCH-002785,Firmware Rolled Back,2023-12-30T11:14:00Z,sat_service_status,sat_service_status:BV-CELLBATCH-002785:0003,USR-005,"[""BV-CELLBATCH-002785"",""BV-RECYCLINGORDER-000285""]"
CELLBATCH-002785,Second-Life Assessment Failed,2023-12-30T11:51:00Z,sat_recall_status,sat_recall_status:BV-CELLBATCH-002785:0002,USR-021,"[""BV-CELLBATCH-002785"",""BV-SECONDLIFESYSTEM-000285"",""BV-BATTERYPASSPORT-002785""]"
CELLBATCH-002890,Battery Pack Failed Test,2023-12-30T12:36:00Z,sat_shipment_status,sat_shipment_status:BV-CELLBATCH-002890:0001,USR-117,"[""BV-CELLBATCH-002890"",""BV-WARRANTYCLAIM-000390"",""BV-CERTIFICATE-000390""]"
CELLBATCH-002892,Battery Pack Failed Test,2023-12-30T18:38:00Z,sat_shipment_status,sat_shipment_status:BV-CELLBATCH-002892:0001,USR-024,"[""BV-CELLBATCH-002892"",""BV-WARRANTYCLAIM-000392""]"
CELLBATCH-002894,Battery Pack Failed Test,2023-12-31T00:40:00Z,sat_shipment_status,sat_shipment_status:BV-CELLBATCH-002894:0001,USR-058,"[""BV-CELLBATCH-002894"",""BV-WARRANTYCLAIM-000394""]"
CELLBATCH-002790,Battery Pack Failed Test,2023-12-31T01:00:00Z,sat_shipment_status,sat_shipment_status:BV-CELLBATCH-002790:0002,USR-068,"[""BV-CELLBATCH-002790"",""BV-WARRANTYCLAIM-000290""]"
CELLBATCH-002790,Firmware Installation Failed,2023-12-31T01:37:00Z,sat_diagnostic_result,sat_diagnostic_result:BV-CELLBATCH-002790:0002,USR-089,"[""BV-CELLBATCH-002790"",""BV-SECONDLIFESYSTEM-000290"",""BV-BATTERYPASSPORT-002790""]"
CELLBATCH-002790,Firmware Rolled Back,2023-12-31T02:14:00Z,sat_service_status,sat_service_status:BV-CELLBATCH-002790:0002,USR-090,"[""BV-CELLBATCH-002790"",""BV-RECYCLINGORDER-000290""]"
CELLBATCH-002790,Second-Life Assessment Failed,2023-12-31T02:51:00Z,sat_recall_status,sat_recall_status:BV-CELLBATCH-002790:0001,USR-106,"[""BV-CELLBATCH-002790"",""BV-SECONDLIFESYSTEM-000290""]"
CELLBATCH-002851,Firmware Rolled Back,2023-12-31T03:19:00Z,sat_service_status,sat_service_status:BV-CELLBATCH-002851:0002,USR-111,"[""BV-CELLBATCH-002851"",""BV-RECYCLINGORDER-000351"",""BV-VEHICLE-000351""]"
CELLBATCH-002896,Battery Pack Failed Test,2023-12-31T06:42:00Z,sat_shipment_status,sat_shipment_status:BV-CELLBATCH-002896:0001,USR-092,"[""BV-CELLBATCH-002896"",""BV-WARRANTYCLAIM-000396""]"
CELLBATCH-002898,Battery Pack Failed Test,2023-12-31T12:44:00Z,sat_shipment_status,sat_shipment_status:BV-CELLBATCH-002898:0001,USR-126,"[""BV-CELLBATCH-002898"",""BV-WARRANTYCLAIM-000398""]"
CELLBATCH-002795,Battery Pack Failed Test,2023-12-31T16:00:00Z,sat_shipment_status,sat_shipment_status:BV-CELLBATCH-002795:0001,USR-026,"[""BV-CELLBATCH-002795"",""BV-WARRANTYCLAIM-000295"",""BV-CERTIFICATE-000295""]"
CELLBATCH-002795,Firmware Installation Failed,2023-12-31T16:37:00Z,sat_diagnostic_result,sat_diagnostic_result:BV-CELLBATCH-002795:0002,USR-047,"[""BV-CELLBATCH-002795"",""BV-SECONDLIFESYSTEM-000295""]"
CELLBATCH-002795,Firmware Rolled Back,2023-12-31T17:14:00Z,sat_service_status,sat_service_status:BV-CELLBATCH-002795:0003,USR-048,"[""BV-CELLBATCH-002795"",""BV-RECYCLINGORDER-000295"",""BV-VEHICLE-000295""]"
CELLBATCH-002795,Second-Life Assessment Failed,2023-12-31T17:51:00Z,sat_recall_status,sat_recall_status:BV-CELLBATCH-002795:0003,USR-064,"[""BV-CELLBATCH-002795"",""BV-SECONDLIFESYSTEM-000295""]"
CELLBATCH-002900,Battery Pack Failed Test,2023-12-31T18:46:00Z,sat_shipment_status,sat_shipment_status:BV-CELLBATCH-002900:0001,USR-033,"[""BV-CELLBATCH-002900"",""BV-WARRANTYCLAIM-000400"",""BV-CERTIFICATE-000400""]"
CELLBATCH-002858,Firmware Rolled Back,2024-01-01T00:26:00Z,sat_service_status,sat_service_status:BV-CELLBATCH-002858:0002,USR-103,"[""BV-CELLBATCH-002858"",""BV-RECYCLINGORDER-000358""]"
CELLBATCH-002902,Battery Pack Failed Test,2024-01-01T00:48:00Z,sat_shipment_status,sat_shipment_status:BV-CELLBATCH-002902:0001,USR-067,"[""BV-CELLBATCH-002902"",""BV-WARRANTYCLAIM-000402""]"
CELLBATCH-002904,Battery Pack Failed Test,2024-01-01T06:50:00Z,sat_shipment_status,sat_shipment_status:BV-CELLBATCH-002904:0001,USR-101,"[""BV-CELLBATCH-002904"",""BV-WARRANTYCLAIM-000404"",""BV-CERTIFICATE-000404""]"
CELLBATCH-002800,Battery Pack Failed Test,2024-01-01T07:00:00Z,sat_shipment_status,sat_shipment_status:BV-CELLBATCH-002800:0003,USR-111,"[""BV-CELLBATCH-002800"",""BV-WARRANTYCLAIM-000300"",""BV-CERTIFICATE-000300""]"
CELLBATCH-002800,Firmware Installation Failed,2024-01-01T07:37:00Z,sat_diagnostic_result,sat_diagnostic_result:BV-CELLBATCH-002800:0002,USR-005,"[""BV-CELLBATCH-002800"",""BV-SECONDLIFESYSTEM-000300""]"
CELLBATCH-002800,Firmware Rolled Back,2024-01-01T08:14:00Z,sat_service_status,sat_service_status:BV-CELLBATCH-002800:0002,USR-006,"[""BV-CELLBATCH-002800"",""BV-RECYCLINGORDER-000300""]"
CELLBATCH-002800,Second-Life Assessment Failed,2024-01-01T08:51:00Z,sat_recall_status,sat_recall_status:BV-CELLBATCH-002800:0001,USR-022,"[""BV-CELLBATCH-002800"",""BV-SECONDLIFESYSTEM-000300"",""BV-BATTERYPASSPORT-002800""]"
CELLBATCH-002906,Battery Pack Failed Test,2024-01-01T12:52:00Z,sat_shipment_status,sat_shipment_status:BV-CELLBATCH-002906:0001,USR-008,"[""BV-CELLBATCH-002906"",""BV-WARRANTYCLAIM-000406""]"
CELLBATCH-002908,Battery Pack Failed Test,2024-01-01T18:01:00Z,sat_shipment_status,sat_shipment_status:BV-CELLBATCH-002908:0001,USR-042,"[""BV-CELLBATCH-002908"",""BV-WARRANTYCLAIM-000408""]"
CELLBATCH-002865,Firmware Rolled Back,2024-01-01T21:33:00Z,sat_service_status,sat_service_status:BV-CELLBATCH-002865:0002,USR-095,"[""BV-CELLBATCH-002865"",""BV-RECYCLINGORDER-000365""]"
CELLBATCH-002805,Battery Pack Failed Test,2024-01-01T22:00:00Z,sat_shipment_status,sat_shipment_status:BV-CELLBATCH-002805:0001,USR-069,"[""BV-CELLBATCH-002805"",""BV-WARRANTYCLAIM-000305""]"
CELLBATCH-002805,Firmware Installation Failed,2024-01-01T22:37:00Z,sat_diagnostic_result,sat_diagnostic_result:BV-CELLBATCH-002805:0003,USR-090,"[""BV-CELLBATCH-002805"",""BV-SECONDLIFESYSTEM-000305"",""BV-BATTERYPASSPORT-002805""]"
CELLBATCH-002805,Firmware Rolled Back,2024-01-01T23:14:00Z,sat_service_status,sat_service_status:BV-CELLBATCH-002805:0002,USR-091,"[""BV-CELLBATCH-002805"",""BV-RECYCLINGORDER-000305""]"
CELLBATCH-002805,Second-Life Assessment Failed,2024-01-01T23:51:00Z,sat_recall_status,sat_recall_status:BV-CELLBATCH-002805:0002,USR-107,"[""BV-CELLBATCH-002805"",""BV-SECONDLIFESYSTEM-000305""]"
CELLBATCH-002910,Battery Pack Failed Test,2024-01-02T00:03:00Z,sat_shipment_status,sat_shipment_status:BV-CELLBATCH-002910:0001,USR-076,"[""BV-CELLBATCH-002910"",""BV-WARRANTYCLAIM-000410"",""BV-CERTIFICATE-000410""]"
CELLBATCH-002912,Battery Pack Failed Test,2024-01-02T06:05:00Z,sat_shipment_status,sat_shipment_status:BV-CELLBATCH-002912:0001,USR-110,"[""BV-CELLBATCH-002912"",""BV-WARRANTYCLAIM-000412""]"
CELLBATCH-002914,Battery Pack Failed Test,2024-01-02T12:07:00Z,sat_shipment_status,sat_shipment_status:BV-CELLBATCH-002914:0001,USR-017,"[""BV-CELLBATCH-002914"",""BV-WARRANTYCLAIM-000414"",""BV-CERTIFICATE-000414""]"
CELLBATCH-002810,Battery Pack Failed Test,2024-01-02T13:00:00Z,sat_shipment_status,sat_shipment_status:BV-CELLBATCH-002810:0002,USR-027,"[""BV-CELLBATCH-002810"",""BV-WARRANTYCLAIM-000310""]"
CELLBATCH-002810,Firmware Installation Failed,2024-01-02T13:37:00Z,sat_diagnostic_result,sat_diagnostic_result:BV-CELLBATCH-002810:0002,USR-048,"[""BV-CELLBATCH-002810"",""BV-SECONDLIFESYSTEM-000310"",""BV-BATTERYPASSPORT-002810""]"
CELLBATCH-002810,Firmware Rolled Back,2024-01-02T14:14:00Z,sat_service_status,sat_service_status:BV-CELLBATCH-002810:0002,USR-049,"[""BV-CELLBATCH-002810"",""BV-RECYCLINGORDER-000310""]"
CELLBATCH-002810,Second-Life Assessment Failed,2024-01-02T14:51:00Z,sat_recall_status,sat_recall_status:BV-CELLBATCH-002810:0001,USR-065,"[""BV-CELLBATCH-002810"",""BV-SECONDLIFESYSTEM-000310""]"
CELLBATCH-002916,Battery Pack Failed Test,2024-01-02T18:09:00Z,sat_shipment_status,sat_shipment_status:BV-CELLBATCH-002916:0001,USR-051,"[""BV-CELLBATCH-002916"",""BV-WARRANTYCLAIM-000416"",""BV-CERTIFICATE-000416""]"
CELLBATCH-002872,Firmware Rolled Back,2024-01-02T18:40:00Z,sat_service_status,sat_service_status:BV-CELLBATCH-002872:0002,USR-087,"[""BV-CELLBATCH-002872"",""BV-RECYCLINGORDER-000372""]"
CELLBATCH-002918,Battery Pack Failed Test,2024-01-03T00:11:00Z,sat_shipment_status,sat_shipment_status:BV-CELLBATCH-002918:0001,USR-085,"[""BV-CELLBATCH-002918"",""BV-WARRANTYCLAIM-000418""]"
CELLBATCH-002843,Second-Life Assessment Failed,2024-01-03T03:27:00Z,sat_recall_status,sat_recall_status:BV-CELLBATCH-002843:0002,USR-118,"[""BV-CELLBATCH-002843"",""BV-SECONDLIFESYSTEM-000343"",""BV-BATTERYPASSPORT-002843""]"
CELLBATCH-002815,Battery Pack Failed Test,2024-01-03T04:00:00Z,sat_shipment_status,sat_shipment_status:BV-CELLBATCH-002815:0001,USR-112,"[""BV-CELLBATCH-002815"",""BV-WARRANTYCLAIM-000315""]"
CELLBATCH-002815,Firmware Installation Failed,2024-01-03T04:37:00Z,sat_diagnostic_result,sat_diagnostic_result:BV-CELLBATCH-002815:0002,USR-006,"[""BV-CELLBATCH-002815"",""BV-SECONDLIFESYSTEM-000315""]"
CELLBATCH-002815,Firmware Rolled Back,2024-01-03T05:14:00Z,sat_service_status,sat_service_status:BV-CELLBATCH-002815:0003,USR-007,"[""BV-CELLBATCH-002815"",""BV-RECYCLINGORDER-000315"",""BV-VEHICLE-000315""]"
CELLBATCH-002815,Second-Life Assessment Failed,2024-01-03T05:51:00Z,sat_recall_status,sat_recall_status:BV-CELLBATCH-002815:0002,USR-023,"[""BV-CELLBATCH-002815"",""BV-SECONDLIFESYSTEM-000315""]"
CELLBATCH-002920,Battery Pack Failed Test,2024-01-03T06:13:00Z,sat_shipment_status,sat_shipment_status:BV-CELLBATCH-002920:0001,USR-119,"[""BV-CELLBATCH-002920"",""BV-WARRANTYCLAIM-000420""]"
CELLBATCH-002879,Firmware Installation Failed,2024-01-03T09:46:00Z,sat_diagnostic_result,sat_diagnostic_result:BV-CELLBATCH-002879:0002,USR-078,"[""BV-CELLBATCH-002879"",""BV-SECONDLIFESYSTEM-000379"",""BV-BATTERYPASSPORT-002879""]"
CELLBATCH-002922,Battery Pack Failed Test,2024-01-03T12:15:00Z,sat_shipment_status,sat_shipment_status:BV-CELLBATCH-002922:0001,USR-026,"[""BV-CELLBATCH-002922"",""BV-WARRANTYCLAIM-000422""]"
CELLBATCH-002879,Firmware Rolled Back,2024-01-03T15:47:00Z,sat_service_status,sat_service_status:BV-CELLBATCH-002879:0002,USR-079,"[""BV-CELLBATCH-002879"",""BV-RECYCLINGORDER-000379""]"
CELLBATCH-002924,Battery Pack Failed Test,2024-01-03T18:17:00Z,sat_shipment_status,sat_shipment_status:BV-CELLBATCH-002924:0001,USR-060,"[""BV-CELLBATCH-002924"",""BV-WARRANTYCLAIM-000424"",""BV-CERTIFICATE-000424""]"
CELLBATCH-002820,Battery Pack Failed Test,2024-01-03T19:00:00Z,sat_shipment_status,sat_shipment_status:BV-CELLBATCH-002820:0002,USR-070,"[""BV-CELLBATCH-002820"",""BV-WARRANTYCLAIM-000320""]"
CELLBATCH-002820,Firmware Installation Failed,2024-01-03T19:37:00Z,sat_diagnostic_result,sat_diagnostic_result:BV-CELLBATCH-002820:0003,USR-091,"[""BV-CELLBATCH-002820"",""BV-SECONDLIFESYSTEM-000320"",""BV-BATTERYPASSPORT-002820""]"
CELLBATCH-002820,Firmware Rolled Back,2024-01-03T20:14:00Z,sat_service_status,sat_service_status:BV-CELLBATCH-002820:0002,USR-092,"[""BV-CELLBATCH-002820"",""BV-RECYCLINGORDER-000320""]"
CELLBATCH-002820,Second-Life Assessment Failed,2024-01-03T20:51:00Z,sat_recall_status,sat_recall_status:BV-CELLBATCH-002820:0001,USR-108,"[""BV-CELLBATCH-002820"",""BV-SECONDLIFESYSTEM-000320""]"
CELLBATCH-002926,Battery Pack Failed Test,2024-01-04T00:19:00Z,sat_shipment_status,sat_shipment_status:BV-CELLBATCH-002926:0001,USR-094,"[""BV-CELLBATCH-002926"",""BV-WARRANTYCLAIM-000426"",""BV-CERTIFICATE-000426""]"
CELLBATCH-002928,Battery Pack Failed Test,2024-01-04T06:21:00Z,sat_shipment_status,sat_shipment_status:BV-CELLBATCH-002928:0001,USR-001,"[""BV-CELLBATCH-002928"",""BV-WARRANTYCLAIM-000428"",""BV-CERTIFICATE-000428""]"
CELLBATCH-002825,Battery Pack Failed Test,2024-01-04T10:00:00Z,sat_shipment_status,sat_shipment_status:BV-CELLBATCH-002825:0001,USR-028,"[""BV-CELLBATCH-002825"",""BV-WARRANTYCLAIM-000325""]"
CELLBATCH-002825,Firmware Installation Failed,2024-01-04T10:37:00Z,sat_diagnostic_result,sat_diagnostic_result:BV-CELLBATCH-002825:0002,USR-049,"[""BV-CELLBATCH-002825"",""BV-SECONDLIFESYSTEM-000325"",""BV-BATTERYPASSPORT-002825""]"
CELLBATCH-002825,Firmware Rolled Back,2024-01-04T11:14:00Z,sat_service_status,sat_service_status:BV-CELLBATCH-002825:0002,USR-050,"[""BV-CELLBATCH-002825"",""BV-RECYCLINGORDER-000325""]"
CELLBATCH-002825,Second-Life Assessment Failed,2024-01-04T11:51:00Z,sat_recall_status,sat_recall_status:BV-CELLBATCH-002825:0002,USR-066,"[""BV-CELLBATCH-002825"",""BV-SECONDLIFESYSTEM-000325"",""BV-BATTERYPASSPORT-002825""]"
CELLBATCH-002886,Firmware Rolled Back,2024-01-04T12:01:00Z,sat_service_status,sat_service_status:BV-CELLBATCH-002886:0002,USR-071,"[""BV-CELLBATCH-002886"",""BV-RECYCLINGORDER-000386"",""BV-VEHICLE-000386""]"
CELLBATCH-002930,Battery Pack Failed Test,2024-01-04T12:23:00Z,sat_shipment_status,sat_shipment_status:BV-CELLBATCH-002930:0001,USR-035,"[""BV-CELLBATCH-002930"",""BV-WARRANTYCLAIM-000430""]"
CELLBATCH-002932,Battery Pack Failed Test,2024-01-04T18:25:00Z,sat_shipment_status,sat_shipment_status:BV-CELLBATCH-002932:0001,USR-069,"[""BV-CELLBATCH-002932"",""BV-WARRANTYCLAIM-000432""]"
CELLBATCH-002934,Battery Pack Failed Test,2024-01-05T00:27:00Z,sat_shipment_status,sat_shipment_status:BV-CELLBATCH-002934:0001,USR-103,"[""BV-CELLBATCH-002934"",""BV-WARRANTYCLAIM-000434"",""BV-CERTIFICATE-000434""]"
CELLBATCH-002830,Battery Pack Failed Test,2024-01-05T01:00:00Z,sat_shipment_status,sat_shipment_status:BV-CELLBATCH-002830:0003,USR-113,"[""BV-CELLBATCH-002830"",""BV-WARRANTYCLAIM-000330"",""BV-CERTIFICATE-000330""]"
CELLBATCH-002830,Firmware Installation Failed,2024-01-05T01:37:00Z,sat_diagnostic_result,sat_diagnostic_result:BV-CELLBATCH-002830:0002,USR-007,"[""BV-CELLBATCH-002830"",""BV-SECONDLIFESYSTEM-000330""]"
CELLBATCH-002830,Firmware Rolled Back,2024-01-05T02:14:00Z,sat_service_status,sat_service_status:BV-CELLBATCH-002830:0003,USR-008,"[""BV-CELLBATCH-002830"",""BV-RECYCLINGORDER-000330""]"
CELLBATCH-002830,Second-Life Assessment Failed,2024-01-05T02:51:00Z,sat_recall_status,sat_recall_status:BV-CELLBATCH-002830:0001,USR-024,"[""BV-CELLBATCH-002830"",""BV-SECONDLIFESYSTEM-000330"",""BV-BATTERYPASSPORT-002830""]"
CELLBATCH-002936,Battery Pack Failed Test,2024-01-05T06:29:00Z,sat_shipment_status,sat_shipment_status:BV-CELLBATCH-002936:0001,USR-010,"[""BV-CELLBATCH-002936"",""BV-WARRANTYCLAIM-000436""]"
CELLBATCH-002893,Firmware Rolled Back,2024-01-05T09:08:00Z,sat_service_status,sat_service_status:BV-CELLBATCH-002893:0002,USR-063,"[""BV-CELLBATCH-002893"",""BV-RECYCLINGORDER-000393""]"
CELLBATCH-002938,Battery Pack Failed Test,2024-01-05T12:31:00Z,sat_shipment_status,sat_shipment_status:BV-CELLBATCH-002938:0001,USR-044,"[""BV-CELLBATCH-002938"",""BV-WARRANTYCLAIM-000438""]"
CELLBATCH-002835,Battery Pack Failed Test,2024-01-05T16:00:00Z,sat_shipment_status,sat_shipment_status:BV-CELLBATCH-002835:0002,USR-071,"[""BV-CELLBATCH-002835"",""BV-WARRANTYCLAIM-000335""]"
CELLBATCH-002835,Firmware Installation Failed,2024-01-05T16:37:00Z,sat_diagnostic_result,sat_diagnostic_result:BV-CELLBATCH-002835:0002,USR-092,"[""BV-CELLBATCH-002835"",""BV-SECONDLIFESYSTEM-000335"",""BV-BATTERYPASSPORT-002835""]"
CELLBATCH-002835,Firmware Rolled Back,2024-01-05T17:14:00Z,sat_service_status,sat_service_status:BV-CELLBATCH-002835:0002,USR-093,"[""BV-CELLBATCH-002835"",""BV-RECYCLINGORDER-000335""]"
CELLBATCH-002835,Second-Life Assessment Failed,2024-01-05T17:51:00Z,sat_recall_status,sat_recall_status:BV-CELLBATCH-002835:0003,USR-109,"[""BV-CELLBATCH-002835"",""BV-SECONDLIFESYSTEM-000335"",""BV-BATTERYPASSPORT-002835""]"
CELLBATCH-002940,Battery Pack Failed Test,2024-01-05T18:33:00Z,sat_shipment_status,sat_shipment_status:BV-CELLBATCH-002940:0001,USR-078,"[""BV-CELLBATCH-002940"",""BV-WARRANTYCLAIM-000440"",""BV-CERTIFICATE-000440""]"
CELLBATCH-002942,Battery Pack Failed Test,2024-01-06T00:35:00Z,sat_shipment_status,sat_shipment_status:BV-CELLBATCH-002942:0001,USR-112,"[""BV-CELLBATCH-002942"",""BV-WARRANTYCLAIM-000442""]"
CELLBATCH-002900,Firmware Rolled Back,2024-01-06T06:15:00Z,sat_service_status,sat_service_status:BV-CELLBATCH-002900:0002,USR-055,"[""BV-CELLBATCH-002900"",""BV-RECYCLINGORDER-000400"",""BV-VEHICLE-000400""]"
CELLBATCH-002944,Battery Pack Failed Test,2024-01-06T06:37:00Z,sat_shipment_status,sat_shipment_status:BV-CELLBATCH-002944:0001,USR-019,"[""BV-CELLBATCH-002944"",""BV-WARRANTYCLAIM-000444"",""BV-CERTIFICATE-000444""]"
CELLBATCH-002840,Battery Pack Failed Test,2024-01-06T07:00:00Z,sat_shipment_status,sat_shipment_status:BV-CELLBATCH-002840:0002,USR-029,"[""BV-CELLBATCH-002840"",""BV-WARRANTYCLAIM-000340"",""BV-CERTIFICATE-000340""]"
CELLBATCH-002840,Firmware Installation Failed,2024-01-06T07:37:00Z,sat_diagnostic_result,sat_diagnostic_result:BV-CELLBATCH-002840:0002,USR-050,"[""BV-CELLBATCH-002840"",""BV-SECONDLIFESYSTEM-000340""]"
CELLBATCH-002840,Firmware Rolled Back,2024-01-06T08:14:00Z,sat_service_status,sat_service_status:BV-CELLBATCH-002840:0002,USR-051,"[""BV-CELLBATCH-002840"",""BV-RECYCLINGORDER-000340"",""BV-VEHICLE-000340""]"
CELLBATCH-002840,Second-Life Assessment Failed,2024-01-06T08:51:00Z,sat_recall_status,sat_recall_status:BV-CELLBATCH-002840:0001,USR-067,"[""BV-CELLBATCH-002840"",""BV-SECONDLIFESYSTEM-000340""]"
CELLBATCH-002946,Battery Pack Failed Test,2024-01-06T12:39:00Z,sat_shipment_status,sat_shipment_status:BV-CELLBATCH-002946:0001,USR-053,"[""BV-CELLBATCH-002946"",""BV-WARRANTYCLAIM-000446""]"
CELLBATCH-002948,Battery Pack Failed Test,2024-01-06T18:41:00Z,sat_shipment_status,sat_shipment_status:BV-CELLBATCH-002948:0001,USR-087,"[""BV-CELLBATCH-002948"",""BV-WARRANTYCLAIM-000448"",""BV-CERTIFICATE-000448""]"
CELLBATCH-002845,Battery Pack Failed Test,2024-01-06T22:00:00Z,sat_shipment_status,sat_shipment_status:BV-CELLBATCH-002845:0002,USR-114,"[""BV-CELLBATCH-002845"",""BV-WARRANTYCLAIM-000345"",""BV-CERTIFICATE-000345""]"
CELLBATCH-002845,Firmware Installation Failed,2024-01-06T22:37:00Z,sat_diagnostic_result,sat_diagnostic_result:BV-CELLBATCH-002845:0002,USR-008,"[""BV-CELLBATCH-002845"",""BV-SECONDLIFESYSTEM-000345""]"
CELLBATCH-002845,Firmware Rolled Back,2024-01-06T23:14:00Z,sat_service_status,sat_service_status:BV-CELLBATCH-002845:0002,USR-009,"[""BV-CELLBATCH-002845"",""BV-RECYCLINGORDER-000345"",""BV-VEHICLE-000345""]"
CELLBATCH-002845,Second-Life Assessment Failed,2024-01-06T23:51:00Z,sat_recall_status,sat_recall_status:BV-CELLBATCH-002845:0002,USR-025,"[""BV-CELLBATCH-002845"",""BV-SECONDLIFESYSTEM-000345""]"
CELLBATCH-002874,Second-Life Assessment Failed,2024-01-07T00:05:00Z,sat_recall_status,sat_recall_status:BV-CELLBATCH-002874:0001,USR-010,"[""BV-CELLBATCH-002874"",""BV-SECONDLIFESYSTEM-000374""]"
CELLBATCH-002950,Battery Pack Failed Test,2024-01-07T00:43:00Z,sat_shipment_status,sat_shipment_status:BV-CELLBATCH-002950:0001,USR-121,"[""BV-CELLBATCH-002950"",""BV-WARRANTYCLAIM-000450""]"
CELLBATCH-002907,Firmware Rolled Back,2024-01-07T03:22:00Z,sat_service_status,sat_service_status:BV-CELLBATCH-002907:0003,USR-047,"[""BV-CELLBATCH-002907"",""BV-RECYCLINGORDER-000407""]"
CELLBATCH-002952,Battery Pack Failed Test,2024-01-07T06:45:00Z,sat_shipment_status,sat_shipment_status:BV-CELLBATCH-002952:0001,USR-028,"[""BV-CELLBATCH-002952"",""BV-WARRANTYCLAIM-000452"",""BV-CERTIFICATE-000452""]"
CELLBATCH-002954,Battery Pack Failed Test,2024-01-07T12:47:00Z,sat_shipment_status,sat_shipment_status:BV-CELLBATCH-002954:0001,USR-062,"[""BV-CELLBATCH-002954"",""BV-WARRANTYCLAIM-000454""]"
CELLBATCH-002850,Battery Pack Failed Test,2024-01-07T13:00:00Z,sat_shipment_status,sat_shipment_status:BV-CELLBATCH-002850:0002,USR-072,"[""BV-CELLBATCH-002850"",""BV-WARRANTYCLAIM-000350""]"
CELLBATCH-002850,Firmware Installation Failed,2024-01-07T13:37:00Z,sat_diagnostic_result,sat_diagnostic_result:BV-CELLBATCH-002850:0003,USR-093,"[""BV-CELLBATCH-002850"",""BV-SECONDLIFESYSTEM-000350"",""BV-BATTERYPASSPORT-002850""]"
CELLBATCH-002850,Firmware Rolled Back,2024-01-07T14:14:00Z,sat_service_status,sat_service_status:BV-CELLBATCH-002850:0002,USR-094,"[""BV-CELLBATCH-002850"",""BV-RECYCLINGORDER-000350""]"
CELLBATCH-002850,Second-Life Assessment Failed,2024-01-07T14:51:00Z,sat_recall_status,sat_recall_status:BV-CELLBATCH-002850:0001,USR-110,"[""BV-CELLBATCH-002850"",""BV-SECONDLIFESYSTEM-000350"",""BV-BATTERYPASSPORT-002850""]"
CELLBATCH-002956,Battery Pack Failed Test,2024-01-07T18:49:00Z,sat_shipment_status,sat_shipment_status:BV-CELLBATCH-002956:0001,USR-096,"[""BV-CELLBATCH-002956"",""BV-WARRANTYCLAIM-000456""]"
CELLBATCH-002914,Firmware Rolled Back,2024-01-08T00:29:00Z,sat_service_status,sat_service_status:BV-CELLBATCH-002914:0002,USR-039,"[""BV-CELLBATCH-002914"",""BV-RECYCLINGORDER-000414""]"
CELLBATCH-002916,Firmware Installation Failed,2024-01-08T00:30:00Z,sat_diagnostic_result,sat_diagnostic_result:BV-CELLBATCH-002916:0002,USR-072,"[""BV-CELLBATCH-002916"",""BV-SECONDLIFESYSTEM-000416"",""BV-BATTERYPASSPORT-002916""]"
CELLBATCH-002958,Battery Pack Failed Test,2024-01-08T00:51:00Z,sat_shipment_status,sat_shipment_status:BV-CELLBATCH-002958:0001,USR-003,"[""BV-CELLBATCH-002958"",""BV-WARRANTYCLAIM-000458"",""BV-CERTIFICATE-000458""]"
CELLBATCH-002855,Battery Pack Failed Test,2024-01-08T04:00:00Z,sat_shipment_status,sat_shipment_status:BV-CELLBATCH-002855:0001,USR-030,"[""BV-CELLBATCH-002855"",""BV-WARRANTYCLAIM-000355"",""BV-CERTIFICATE-000355""]"
CELLBATCH-002855,Firmware Installation Failed,2024-01-08T04:37:00Z,sat_diagnostic_result,sat_diagnostic_result:BV-CELLBATCH-002855:0002,USR-051,"[""BV-CELLBATCH-002855"",""BV-SECONDLIFESYSTEM-000355""]"
CELLBATCH-002855,Firmware Rolled Back,2024-01-08T05:14:00Z,sat_service_status,sat_service_status:BV-CELLBATCH-002855:0002,USR-052,"[""BV-CELLBATCH-002855"",""BV-RECYCLINGORDER-000355""]"
CELLBATCH-002855,Second-Life Assessment Failed,2024-01-08T05:51:00Z,sat_recall_status,sat_recall_status:BV-CELLBATCH-002855:0002,USR-068,"[""BV-CELLBATCH-002855"",""BV-SECONDLIFESYSTEM-000355"",""BV-BATTERYPASSPORT-002855""]"
CELLBATCH-002960,Battery Pack Failed Test,2024-01-08T06:00:00Z,sat_shipment_status,sat_shipment_status:BV-CELLBATCH-002960:0001,USR-037,"[""BV-CELLBATCH-002960"",""BV-WARRANTYCLAIM-000460""]"
CELLBATCH-002962,Battery Pack Failed Test,2024-01-08T12:02:00Z,sat_shipment_status,sat_shipment_status:BV-CELLBATCH-002962:0001,USR-071,"[""BV-CELLBATCH-002962"",""BV-WARRANTYCLAIM-000462"",""BV-CERTIFICATE-000462""]"
CELLBATCH-002964,Battery Pack Failed Test,2024-01-08T18:04:00Z,sat_shipment_status,sat_shipment_status:BV-CELLBATCH-002964:0001,USR-105,"[""BV-CELLBATCH-002964"",""BV-WARRANTYCLAIM-000464""]"
CELLBATCH-002860,Battery Pack Failed Test,2024-01-08T19:00:00Z,sat_shipment_status,sat_shipment_status:BV-CELLBATCH-002860:0002,USR-115,"[""BV-CELLBATCH-002860"",""BV-WARRANTYCLAIM-000360""]"
CELLBATCH-002860,Firmware Installation Failed,2024-01-08T19:37:00Z,sat_diagnostic_result,sat_diagnostic_result:BV-CELLBATCH-002860:0002,USR-009,"[""BV-CELLBATCH-002860"",""BV-SECONDLIFESYSTEM-000360""]"
CELLBATCH-002860,Firmware Rolled Back,2024-01-08T20:14:00Z,sat_service_status,sat_service_status:BV-CELLBATCH-002860:0002,USR-010,"[""BV-CELLBATCH-002860"",""BV-RECYCLINGORDER-000360"",""BV-VEHICLE-000360""]"
CELLBATCH-002860,Second-Life Assessment Failed,2024-01-08T20:51:00Z,sat_recall_status,sat_recall_status:BV-CELLBATCH-002860:0002,USR-026,"[""BV-CELLBATCH-002860"",""BV-SECONDLIFESYSTEM-000360""]"
CELLBATCH-002921,Firmware Rolled Back,2024-01-08T21:36:00Z,sat_service_status,sat_service_status:BV-CELLBATCH-002921:0002,USR-031,"[""BV-CELLBATCH-002921"",""BV-RECYCLINGORDER-000421""]"
CELLBATCH-002966,Battery Pack Failed Test,2024-01-09T00:06:00Z,sat_shipment_status,sat_shipment_status:BV-CELLBATCH-002966:0001,USR-012,"[""BV-CELLBATCH-002966"",""BV-WARRANTYCLAIM-000466""]"
CELLBATCH-002968,Battery Pack Failed Test,2024-01-09T06:08:00Z,sat_shipment_status,sat_shipment_status:BV-CELLBATCH-002968:0001,USR-046,"[""BV-CELLBATCH-002968"",""BV-WARRANTYCLAIM-000468""]"
CELLBATCH-002865,Battery Pack Failed Test,2024-01-09T10:00:00Z,sat_shipment_status,sat_shipment_status:BV-CELLBATCH-002865:0001,USR-073,"[""BV-CELLBATCH-002865"",""BV-WARRANTYCLAIM-000365"",""BV-CERTIFICATE-000365""]"
CELLBATCH-002865,Firmware Installation Failed,2024-01-09T10:37:00Z,sat_diagnostic_result,sat_diagnostic_result:BV-CELLBATCH-002865:0002,USR-094,"[""BV-CELLBATCH-002865"",""BV-SECONDLIFESYSTEM-000365""]"
CELLBATCH-002865,Firmware Rolled Back,2024-01-09T11:14:00Z,sat_service_status,sat_service_status:BV-CELLBATCH-002865:0003,USR-095,"[""BV-CELLBATCH-002865"",""BV-RECYCLINGORDER-000365""]"
CELLBATCH-002865,Second-Life Assessment Failed,2024-01-09T11:51:00Z,sat_recall_status,sat_recall_status:BV-CELLBATCH-002865:0002,USR-111,"[""BV-CELLBATCH-002865"",""BV-SECONDLIFESYSTEM-000365"",""BV-BATTERYPASSPORT-002865""]"
CELLBATCH-002970,Battery Pack Failed Test,2024-01-09T12:10:00Z,sat_shipment_status,sat_shipment_status:BV-CELLBATCH-002970:0001,USR-080,"[""BV-CELLBATCH-002970"",""BV-WARRANTYCLAIM-000470""]"
CELLBATCH-002972,Battery Pack Failed Test,2024-01-09T18:12:00Z,sat_shipment_status,sat_shipment_status:BV-CELLBATCH-002972:0001,USR-114,"[""BV-CELLBATCH-002972"",""BV-WARRANTYCLAIM-000472"",""BV-CERTIFICATE-000472""]"
CELLBATCH-002928,Firmware Rolled Back,2024-01-09T18:43:00Z,sat_service_status,sat_service_status:BV-CELLBATCH-002928:0002,USR-023,"[""BV-CELLBATCH-002928"",""BV-RECYCLINGORDER-000428"",""BV-VEHICLE-000428""]"
CELLBATCH-002974,Battery Pack Failed Test,2024-01-10T00:14:00Z,sat_shipment_status,sat_shipment_status:BV-CELLBATCH-002974:0001,USR-021,"[""BV-CELLBATCH-002974"",""BV-WARRANTYCLAIM-000474"",""BV-CERTIFICATE-000474""]"
CELLBATCH-002870,Battery Pack Failed Test,2024-01-10T01:00:00Z,sat_shipment_status,sat_shipment_status:BV-CELLBATCH-002870:0003,USR-031,"[""BV-CELLBATCH-002870"",""BV-WARRANTYCLAIM-000370"",""BV-CERTIFICATE-000370""]"
CELLBATCH-002870,Firmware Installation Failed,2024-01-10T01:37:00Z,sat_diagnostic_result,sat_diagnostic_result:BV-CELLBATCH-002870:0002,USR-052,"[""BV-CELLBATCH-002870"",""BV-SECONDLIFESYSTEM-000370""]"
CELLBATCH-002870,Firmware Rolled Back,2024-01-10T02:14:00Z,sat_service_status,sat_service_status:BV-CELLBATCH-002870:0002,USR-053,"[""BV-CELLBATCH-002870"",""BV-RECYCLINGORDER-000370""]"
CELLBATCH-002870,Second-Life Assessment Failed,2024-01-10T02:51:00Z,sat_recall_status,sat_recall_status:BV-CELLBATCH-002870:0001,USR-069,"[""BV-CELLBATCH-002870"",""BV-SECONDLIFESYSTEM-000370"",""BV-BATTERYPASSPORT-002870""]"
CELLBATCH-002976,Battery Pack Failed Test,2024-01-10T06:16:00Z,sat_shipment_status,sat_shipment_status:BV-CELLBATCH-002976:0001,USR-055,"[""BV-CELLBATCH-002976"",""BV-WARRANTYCLAIM-000476"",""BV-CERTIFICATE-000476""]"
CELLBATCH-002978,Battery Pack Failed Test,2024-01-10T12:18:00Z,sat_shipment_status,sat_shipment_status:BV-CELLBATCH-002978:0001,USR-089,"[""BV-CELLBATCH-002978"",""BV-WARRANTYCLAIM-000478""]"
CELLBATCH-002935,Firmware Rolled Back,2024-01-10T15:50:00Z,sat_service_status,sat_service_status:BV-CELLBATCH-002935:0002,USR-015,"[""BV-CELLBATCH-002935"",""BV-RECYCLINGORDER-000435""]"
CELLBATCH-002875,Battery Pack Failed Test,2024-01-10T16:00:00Z,sat_shipment_status,sat_shipment_status:BV-CELLBATCH-002875:0001,USR-116,"[""BV-CELLBATCH-002875"",""BV-WARRANTYCLAIM-000375"",""BV-CERTIFICATE-000375""]"
CELLBATCH-002875,Firmware Installation Failed,2024-01-10T16:37:00Z,sat_diagnostic_result,sat_diagnostic_result:BV-CELLBATCH-002875:0002,USR-010,"[""BV-CELLBATCH-002875"",""BV-SECONDLIFESYSTEM-000375""]"
CELLBATCH-002875,Firmware Rolled Back,2024-01-10T17:14:00Z,sat_service_status,sat_service_status:BV-CELLBATCH-002875:0002,USR-011,"[""BV-CELLBATCH-002875"",""BV-RECYCLINGORDER-000375"",""BV-VEHICLE-000375""]"
CELLBATCH-002875,Second-Life Assessment Failed,2024-01-10T17:51:00Z,sat_recall_status,sat_recall_status:BV-CELLBATCH-002875:0002,USR-027,"[""BV-CELLBATCH-002875"",""BV-SECONDLIFESYSTEM-000375""]"
CELLBATCH-002980,Battery Pack Failed Test,2024-01-10T18:20:00Z,sat_shipment_status,sat_shipment_status:BV-CELLBATCH-002980:0001,USR-123,"[""BV-CELLBATCH-002980"",""BV-WARRANTYCLAIM-000480"",""BV-CERTIFICATE-000480""]"
CELLBATCH-002905,Second-Life Assessment Failed,2024-01-10T21:36:00Z,sat_recall_status,sat_recall_status:BV-CELLBATCH-002905:0002,USR-029,"[""BV-CELLBATCH-002905"",""BV-SECONDLIFESYSTEM-000405""]"
CELLBATCH-002982,Battery Pack Failed Test,2024-01-11T00:22:00Z,sat_shipment_status,sat_shipment_status:BV-CELLBATCH-002982:0001,USR-030,"[""BV-CELLBATCH-002982"",""BV-WARRANTYCLAIM-000482""]"
CELLBATCH-002984,Battery Pack Failed Test,2024-01-11T06:24:00Z,sat_shipment_status,sat_shipment_status:BV-CELLBATCH-002984:0001,USR-064,"[""BV-CELLBATCH-002984"",""BV-WARRANTYCLAIM-000484"",""BV-CERTIFICATE-000484""]"
CELLBATCH-002880,Battery Pack Failed Test,2024-01-11T07:00:00Z,sat_shipment_status,sat_shipment_status:BV-CELLBATCH-002880:0002,USR-074,"[""BV-CELLBATCH-002880"",""BV-WARRANTYCLAIM-000380""]"
CELLBATCH-002880,Firmware Installation Failed,2024-01-11T07:37:00Z,sat_diagnostic_result,sat_diagnostic_result:BV-CELLBATCH-002880:0002,USR-095,"[""BV-CELLBATCH-002880"",""BV-SECONDLIFESYSTEM-000380"",""BV-BATTERYPASSPORT-002880""]"
CELLBATCH-002880,Firmware Rolled Back,2024-01-11T08:14:00Z,sat_service_status,sat_service_status:BV-CELLBATCH-002880:0003,USR-096,"[""BV-CELLBATCH-002880"",""BV-RECYCLINGORDER-000380""]"
CELLBATCH-002880,Second-Life Assessment Failed,2024-01-11T08:51:00Z,sat_recall_status,sat_recall_status:BV-CELLBATCH-002880:0001,USR-112,"[""BV-CELLBATCH-002880"",""BV-SECONDLIFESYSTEM-000380""]"
CELLBATCH-002942,Firmware Rolled Back,2024-01-11T12:04:00Z,sat_service_status,sat_service_status:BV-CELLBATCH-002942:0002,USR-007,"[""BV-CELLBATCH-002942"",""BV-RECYCLINGORDER-000442""]"
CELLBATCH-002986,Battery Pack Failed Test,2024-01-11T12:26:00Z,sat_shipment_status,sat_shipment_status:BV-CELLBATCH-002986:0001,USR-098,"[""BV-CELLBATCH-002986"",""BV-WARRANTYCLAIM-000486"",""BV-CERTIFICATE-000486""]"
CELLBATCH-002988,Battery Pack Failed Test,2024-01-11T18:28:00Z,sat_shipment_status,sat_shipment_status:BV-CELLBATCH-002988:0001,USR-005,"[""BV-CELLBATCH-002988"",""BV-WARRANTYCLAIM-000488""]"
CELLBATCH-002885,Battery Pack Failed Test,2024-01-11T22:00:00Z,sat_shipment_status,sat_shipment_status:BV-CELLBATCH-002885:0001,USR-032,"[""BV-CELLBATCH-002885"",""BV-WARRANTYCLAIM-000385""]"
CELLBATCH-002885,Firmware Installation Failed,2024-01-11T22:37:00Z,sat_diagnostic_result,sat_diagnostic_result:BV-CELLBATCH-002885:0002,USR-053,"[""BV-CELLBATCH-002885"",""BV-SECONDLIFESYSTEM-000385""]"
CELLBATCH-002885,Firmware Rolled Back,2024-01-11T23:14:00Z,sat_service_status,sat_service_status:BV-CELLBATCH-002885:0002,USR-054,"[""BV-CELLBATCH-002885"",""BV-RECYCLINGORDER-000385"",""BV-VEHICLE-000385""]"
CELLBATCH-002885,Second-Life Assessment Failed,2024-01-11T23:51:00Z,sat_recall_status,sat_recall_status:BV-CELLBATCH-002885:0003,USR-070,"[""BV-CELLBATCH-002885"",""BV-SECONDLIFESYSTEM-000385""]"
CELLBATCH-002990,Battery Pack Failed Test,2024-01-12T00:30:00Z,sat_shipment_status,sat_shipment_status:BV-CELLBATCH-002990:0001,USR-039,"[""BV-CELLBATCH-002990"",""BV-WARRANTYCLAIM-000490"",""BV-CERTIFICATE-000490""]"
CELLBATCH-002992,Battery Pack Failed Test,2024-01-12T06:32:00Z,sat_shipment_status,sat_shipment_status:BV-CELLBATCH-002992:0001,USR-073,"[""BV-CELLBATCH-002992"",""BV-WARRANTYCLAIM-000492"",""BV-CERTIFICATE-000492""]"
CELLBATCH-002949,Firmware Rolled Back,2024-01-12T09:11:00Z,sat_service_status,sat_service_status:BV-CELLBATCH-002949:0002,USR-126,"[""BV-CELLBATCH-002949"",""BV-RECYCLINGORDER-000449"",""BV-VEHICLE-000449""]"
CELLBATCH-002994,Battery Pack Failed Test,2024-01-12T12:34:00Z,sat_shipment_status,sat_shipment_status:BV-CELLBATCH-002994:0001,USR-107,"[""BV-CELLBATCH-002994"",""BV-WARRANTYCLAIM-000494""]"
CELLBATCH-002890,Battery Pack Failed Test,2024-01-12T13:00:00Z,sat_shipment_status,sat_shipment_status:BV-CELLBATCH-002890:0002,USR-117,"[""BV-CELLBATCH-002890"",""BV-WARRANTYCLAIM-000390"",""BV-CERTIFICATE-000390""]"
CELLBATCH-002890,Firmware Installation Failed,2024-01-12T13:37:00Z,sat_diagnostic_result,sat_diagnostic_result:BV-CELLBATCH-002890:0002,USR-011,"[""BV-CELLBATCH-002890"",""BV-SECONDLIFESYSTEM-000390""]"
CELLBATCH-002890,Firmware Rolled Back,2024-01-12T14:14:00Z,sat_service_status,sat_service_status:BV-CELLBATCH-002890:0002,USR-012,"[""BV-CELLBATCH-002890"",""BV-RECYCLINGORDER-000390""]"
CELLBATCH-002890,Second-Life Assessment Failed,2024-01-12T14:51:00Z,sat_recall_status,sat_recall_status:BV-CELLBATCH-002890:0001,USR-028,"[""BV-CELLBATCH-002890"",""BV-SECONDLIFESYSTEM-000390"",""BV-BATTERYPASSPORT-002890""]"
CELLBATCH-002953,Firmware Installation Failed,2024-01-12T15:14:00Z,sat_diagnostic_result,sat_diagnostic_result:BV-CELLBATCH-002953:0002,USR-066,"[""BV-CELLBATCH-002953"",""BV-SECONDLIFESYSTEM-000453""]"
CELLBATCH-002996,Battery Pack Failed Test,2024-01-12T18:36:00Z,sat_shipment_status,sat_shipment_status:BV-CELLBATCH-002996:0001,USR-014,"[""BV-CELLBATCH-002996"",""BV-WARRANTYCLAIM-000496"",""BV-CERTIFICATE-000496""]"
CELLBATCH-002998,Battery Pack Failed Test,2024-01-13T00:38:00Z,sat_shipment_status,sat_shipment_status:BV-CELLBATCH-002998:0001,USR-048,"[""BV-CELLBATCH-002998"",""BV-WARRANTYCLAIM-000498"",""BV-CERTIFICATE-000498""]"
CELLBATCH-002895,Battery Pack Failed Test,2024-01-13T04:00:00Z,sat_shipment_status,sat_shipment_status:BV-CELLBATCH-002895:0001,USR-075,"[""BV-CELLBATCH-002895"",""BV-WARRANTYCLAIM-000395""]"
CELLBATCH-002895,Firmware Installation Failed,2024-01-13T04:37:00Z,sat_diagnostic_result,sat_diagnostic_result:BV-CELLBATCH-002895:0002,USR-096,"[""BV-CELLBATCH-002895"",""BV-SECONDLIFESYSTEM-000395"",""BV-BATTERYPASSPORT-002895""]"
CELLBATCH-002895,Firmware Rolled Back,2024-01-13T05:14:00Z,sat_service_status,sat_service_status:BV-CELLBATCH-002895:0002,USR-097,"[""BV-CELLBATCH-002895"",""BV-RECYCLINGORDER-000395""]"
CELLBATCH-002895,Second-Life Assessment Failed,2024-01-13T05:51:00Z,sat_recall_status,sat_recall_status:BV-CELLBATCH-002895:0002,USR-113,"[""BV-CELLBATCH-002895"",""BV-SECONDLIFESYSTEM-000395""]"
CELLBATCH-002956,Firmware Rolled Back,2024-01-13T06:18:00Z,sat_service_status,sat_service_status:BV-CELLBATCH-002956:0002,USR-118,"[""BV-CELLBATCH-002956"",""BV-RECYCLINGORDER-000456""]"
CELLBATCH-003000,Battery Pack Failed Test,2024-01-13T06:40:00Z,sat_shipment_status,sat_shipment_status:BV-CELLBATCH-003000:0001,USR-082,"[""BV-CELLBATCH-003000"",""BV-WARRANTYCLAIM-000500""]"
CELLBATCH-002900,Battery Pack Failed Test,2024-01-13T19:00:00Z,sat_shipment_status,sat_shipment_status:BV-CELLBATCH-002900:0002,USR-033,"[""BV-CELLBATCH-002900"",""BV-WARRANTYCLAIM-000400"",""BV-CERTIFICATE-000400""]"
CELLBATCH-002900,Firmware Installation Failed,2024-01-13T19:37:00Z,sat_diagnostic_result,sat_diagnostic_result:BV-CELLBATCH-002900:0002,USR-054,"[""BV-CELLBATCH-002900"",""BV-SECONDLIFESYSTEM-000400""]"
CELLBATCH-002900,Firmware Rolled Back,2024-01-13T20:14:00Z,sat_service_status,sat_service_status:BV-CELLBATCH-002900:0003,USR-055,"[""BV-CELLBATCH-002900"",""BV-RECYCLINGORDER-000400""]"
CELLBATCH-002900,Second-Life Assessment Failed,2024-01-13T20:51:00Z,sat_recall_status,sat_recall_status:BV-CELLBATCH-002900:0001,USR-071,"[""BV-CELLBATCH-002900"",""BV-SECONDLIFESYSTEM-000400"",""BV-BATTERYPASSPORT-002900""]"
CELLBATCH-002963,Firmware Rolled Back,2024-01-14T03:25:00Z,sat_service_status,sat_service_status:BV-CELLBATCH-002963:0002,USR-110,"[""BV-CELLBATCH-002963"",""BV-RECYCLINGORDER-000463"",""BV-VEHICLE-000463""]"
CELLBATCH-002905,Battery Pack Failed Test,2024-01-14T10:00:00Z,sat_shipment_status,sat_shipment_status:BV-CELLBATCH-002905:0002,USR-118,"[""BV-CELLBATCH-002905"",""BV-WARRANTYCLAIM-000405"",""BV-CERTIFICATE-000405""]"
CELLBATCH-002905,Firmware Installation Failed,2024-01-14T10:37:00Z,sat_diagnostic_result,sat_diagnostic_result:BV-CELLBATCH-002905:0003,USR-012,"[""BV-CELLBATCH-002905"",""BV-SECONDLIFESYSTEM-000405""]"
CELLBATCH-002905,Firmware Rolled Back,2024-01-14T11:14:00Z,sat_service_status,sat_service_status:BV-CELLBATCH-002905:0002,USR-013,"[""BV-CELLBATCH-002905"",""BV-RECYCLINGORDER-000405"",""BV-VEHICLE-000405""]"
CELLBATCH-002905,Second-Life Assessment Failed,2024-01-14T11:51:00Z,sat_recall_status,sat_recall_status:BV-CELLBATCH-002905:0003,USR-029,"[""BV-CELLBATCH-002905"",""BV-SECONDLIFESYSTEM-000405""]"
CELLBATCH-002936,Second-Life Assessment Failed,2024-01-14T18:14:00Z,sat_recall_status,sat_recall_status:BV-CELLBATCH-002936:0001,USR-048,"[""BV-CELLBATCH-002936"",""BV-SECONDLIFESYSTEM-000436""]"
CELLBATCH-002970,Firmware Rolled Back,2024-01-15T00:32:00Z,sat_service_status,sat_service_status:BV-CELLBATCH-002970:0002,USR-102,"[""BV-CELLBATCH-002970"",""BV-RECYCLINGORDER-000470""]"
CELLBATCH-002910,Battery Pack Failed Test,2024-01-15T01:00:00Z,sat_shipment_status,sat_shipment_status:BV-CELLBATCH-002910:0002,USR-076,"[""BV-CELLBATCH-002910"",""BV-WARRANTYCLAIM-000410"",""BV-CERTIFICATE-000410""]"
CELLBATCH-002910,Firmware Installation Failed,2024-01-15T01:37:00Z,sat_diagnostic_result,sat_diagnostic_result:BV-CELLBATCH-002910:0002,USR-097,"[""BV-CELLBATCH-002910"",""BV-SECONDLIFESYSTEM-000410""]"
CELLBATCH-002910,Firmware Rolled Back,2024-01-15T02:14:00Z,sat_service_status,sat_service_status:BV-CELLBATCH-002910:0002,USR-098,"[""BV-CELLBATCH-002910"",""BV-RECYCLINGORDER-000410""]"
CELLBATCH-002910,Second-Life Assessment Failed,2024-01-15T02:51:00Z,sat_recall_status,sat_recall_status:BV-CELLBATCH-002910:0001,USR-114,"[""BV-CELLBATCH-002910"",""BV-SECONDLIFESYSTEM-000410"",""BV-BATTERYPASSPORT-002910""]"
CELLBATCH-002915,Battery Pack Failed Test,2024-01-15T16:00:00Z,sat_shipment_status,sat_shipment_status:BV-CELLBATCH-002915:0001,USR-034,"[""BV-CELLBATCH-002915"",""BV-WARRANTYCLAIM-000415"",""BV-CERTIFICATE-000415""]"
CELLBATCH-002915,Firmware Installation Failed,2024-01-15T16:37:00Z,sat_diagnostic_result,sat_diagnostic_result:BV-CELLBATCH-002915:0002,USR-055,"[""BV-CELLBATCH-002915"",""BV-SECONDLIFESYSTEM-000415""]"
CELLBATCH-002915,Firmware Rolled Back,2024-01-15T17:14:00Z,sat_service_status,sat_service_status:BV-CELLBATCH-002915:0002,USR-056,"[""BV-CELLBATCH-002915"",""BV-RECYCLINGORDER-000415""]"
CELLBATCH-002915,Second-Life Assessment Failed,2024-01-15T17:51:00Z,sat_recall_status,sat_recall_status:BV-CELLBATCH-002915:0002,USR-072,"[""BV-CELLBATCH-002915"",""BV-SECONDLIFESYSTEM-000415"",""BV-BATTERYPASSPORT-002915""]"
CELLBATCH-002977,Firmware Rolled Back,2024-01-15T21:39:00Z,sat_service_status,sat_service_status:BV-CELLBATCH-002977:0002,USR-094,"[""BV-CELLBATCH-002977"",""BV-RECYCLINGORDER-000477""]"
CELLBATCH-002920,Battery Pack Failed Test,2024-01-16T07:00:00Z,sat_shipment_status,sat_shipment_status:BV-CELLBATCH-002920:0002,USR-119,"[""BV-CELLBATCH-002920"",""BV-WARRANTYCLAIM-000420""]"
CELLBATCH-002920,Firmware Installation Failed,2024-01-16T07:37:00Z,sat_diagnostic_result,sat_diagnostic_result:BV-CELLBATCH-002920:0002,USR-013,"[""BV-CELLBATCH-002920"",""BV-SECONDLIFESYSTEM-000420""]"
CELLBATCH-002920,Firmware Rolled Back,2024-01-16T08:14:00Z,sat_service_status,sat_service_status:BV-CELLBATCH-002920:0002,USR-014,"[""BV-CELLBATCH-002920"",""BV-RECYCLINGORDER-000420"",""BV-VEHICLE-000420""]"
CELLBATCH-002920,Second-Life Assessment Failed,2024-01-16T08:51:00Z,sat_recall_status,sat_recall_status:BV-CELLBATCH-002920:0002,USR-030,"[""BV-CELLBATCH-002920"",""BV-SECONDLIFESYSTEM-000420""]"
CELLBATCH-002984,Firmware Rolled Back,2024-01-16T18:46:00Z,sat_service_status,sat_service_status:BV-CELLBATCH-002984:0002,USR-086,"[""BV-CELLBATCH-002984"",""BV-RECYCLINGORDER-000484""]"
CELLBATCH-002925,Battery Pack Failed Test,2024-01-16T22:00:00Z,sat_shipment_status,sat_shipment_status:BV-CELLBATCH-002925:0001,USR-077,"[""BV-CELLBATCH-002925"",""BV-WARRANTYCLAIM-000425""]"
CELLBATCH-002925,Firmware Installation Failed,2024-01-16T22:37:00Z,sat_diagnostic_result,sat_diagnostic_result:BV-CELLBATCH-002925:0002,USR-098,"[""BV-CELLBATCH-002925"",""BV-SECONDLIFESYSTEM-000425"",""BV-BATTERYPASSPORT-002925""]"
CELLBATCH-002925,Firmware Rolled Back,2024-01-16T23:14:00Z,sat_service_status,sat_service_status:BV-CELLBATCH-002925:0002,USR-099,"[""BV-CELLBATCH-002925"",""BV-RECYCLINGORDER-000425""]"
CELLBATCH-002925,Second-Life Assessment Failed,2024-01-16T23:51:00Z,sat_recall_status,sat_recall_status:BV-CELLBATCH-002925:0003,USR-115,"[""BV-CELLBATCH-002925"",""BV-SECONDLIFESYSTEM-000425"",""BV-BATTERYPASSPORT-002925""]"
CELLBATCH-002990,Firmware Installation Failed,2024-01-17T06:51:00Z,sat_diagnostic_result,sat_diagnostic_result:BV-CELLBATCH-002990:0002,USR-060,"[""BV-CELLBATCH-002990"",""BV-SECONDLIFESYSTEM-000490"",""BV-BATTERYPASSPORT-002990""]"
CELLBATCH-002930,Battery Pack Failed Test,2024-01-17T13:00:00Z,sat_shipment_status,sat_shipment_status:BV-CELLBATCH-002930:0002,USR-035,"[""BV-CELLBATCH-002930"",""BV-WARRANTYCLAIM-000430""]"
CELLBATCH-002930,Firmware Installation Failed,2024-01-17T13:37:00Z,sat_diagnostic_result,sat_diagnostic_result:BV-CELLBATCH-002930:0002,USR-056,"[""BV-CELLBATCH-002930"",""BV-SECONDLIFESYSTEM-000430""]"
CELLBATCH-002930,Firmware Rolled Back,2024-01-17T14:14:00Z,sat_service_status,sat_service_status:BV-CELLBATCH-002930:0003,USR-057,"[""BV-CELLBATCH-002930"",""BV-RECYCLINGORDER-000430"",""BV-VEHICLE-000430""]"
CELLBATCH-002930,Second-Life Assessment Failed,2024-01-17T14:51:00Z,sat_recall_status,sat_recall_status:BV-CELLBATCH-002930:0001,USR-073,"[""BV-CELLBATCH-002930"",""BV-SECONDLIFESYSTEM-000430""]"
CELLBATCH-002991,Firmware Rolled Back,2024-01-17T15:00:00Z,sat_service_status,sat_service_status:BV-CELLBATCH-002991:0002,USR-078,"[""BV-CELLBATCH-002991"",""BV-RECYCLINGORDER-000491""]"
CELLBATCH-002935,Battery Pack Failed Test,2024-01-18T04:00:00Z,sat_shipment_status,sat_shipment_status:BV-CELLBATCH-002935:0001,USR-120,"[""BV-CELLBATCH-002935"",""BV-WARRANTYCLAIM-000435""]"
CELLBATCH-002935,Firmware Installation Failed,2024-01-18T04:37:00Z,sat_diagnostic_result,sat_diagnostic_result:BV-CELLBATCH-002935:0002,USR-014,"[""BV-CELLBATCH-002935"",""BV-SECONDLIFESYSTEM-000435"",""BV-BATTERYPASSPORT-002935""]"
CELLBATCH-002935,Firmware Rolled Back,2024-01-18T05:14:00Z,sat_service_status,sat_service_status:BV-CELLBATCH-002935:0004,USR-015,"[""BV-CELLBATCH-002935"",""BV-RECYCLINGORDER-000435""]"
CELLBATCH-002935,Second-Life Assessment Failed,2024-01-18T05:51:00Z,sat_recall_status,sat_recall_status:BV-CELLBATCH-002935:0002,USR-031,"[""BV-CELLBATCH-002935"",""BV-SECONDLIFESYSTEM-000435""]"
CELLBATCH-002998,Firmware Rolled Back,2024-01-18T12:07:00Z,sat_service_status,sat_service_status:BV-CELLBATCH-002998:0002,USR-070,"[""BV-CELLBATCH-002998"",""BV-RECYCLINGORDER-000498""]"
CELLBATCH-002967,Second-Life Assessment Failed,2024-01-18T15:45:00Z,sat_recall_status,sat_recall_status:BV-CELLBATCH-002967:0002,USR-067,"[""BV-CELLBATCH-002967"",""BV-SECONDLIFESYSTEM-000467"",""BV-BATTERYPASSPORT-002967""]"
CELLBATCH-002940,Battery Pack Failed Test,2024-01-18T19:00:00Z,sat_shipment_status,sat_shipment_status:BV-CELLBATCH-002940:0004,USR-078,"[""BV-CELLBATCH-002940"",""BV-WARRANTYCLAIM-000440""]"
CELLBATCH-002940,Firmware Installation Failed,2024-01-18T19:37:00Z,sat_diagnostic_result,sat_diagnostic_result:BV-CELLBATCH-002940:0002,USR-099,"[""BV-CELLBATCH-002940"",""BV-SECONDLIFESYSTEM-000440"",""BV-BATTERYPASSPORT-002940""]"
CELLBATCH-002940,Firmware Rolled Back,2024-01-18T20:14:00Z,sat_service_status,sat_service_status:BV-CELLBATCH-002940:0002,USR-100,"[""BV-CELLBATCH-002940"",""BV-RECYCLINGORDER-000440""]"
CELLBATCH-002940,Second-Life Assessment Failed,2024-01-18T20:51:00Z,sat_recall_status,sat_recall_status:BV-CELLBATCH-002940:0001,USR-116,"[""BV-CELLBATCH-002940"",""BV-SECONDLIFESYSTEM-000440"",""BV-BATTERYPASSPORT-002940""]"
CELLBATCH-002945,Battery Pack Failed Test,2024-01-19T10:00:00Z,sat_shipment_status,sat_shipment_status:BV-CELLBATCH-002945:0001,USR-036,"[""BV-CELLBATCH-002945"",""BV-WARRANTYCLAIM-000445"",""BV-CERTIFICATE-000445""]"
CELLBATCH-002945,Firmware Installation Failed,2024-01-19T10:37:00Z,sat_diagnostic_result,sat_diagnostic_result:BV-CELLBATCH-002945:0002,USR-057,"[""BV-CELLBATCH-002945"",""BV-SECONDLIFESYSTEM-000445""]"
CELLBATCH-002945,Firmware Rolled Back,2024-01-19T11:14:00Z,sat_service_status,sat_service_status:BV-CELLBATCH-002945:0002,USR-058,"[""BV-CELLBATCH-002945"",""BV-RECYCLINGORDER-000445"",""BV-VEHICLE-000445""]"
CELLBATCH-002945,Second-Life Assessment Failed,2024-01-19T11:51:00Z,sat_recall_status,sat_recall_status:BV-CELLBATCH-002945:0002,USR-074,"[""BV-CELLBATCH-002945"",""BV-SECONDLIFESYSTEM-000445""]"
CELLBATCH-002950,Battery Pack Failed Test,2024-01-20T01:00:00Z,sat_shipment_status,sat_shipment_status:BV-CELLBATCH-002950:0002,USR-121,"[""BV-CELLBATCH-002950"",""BV-WARRANTYCLAIM-000450""]"
CELLBATCH-002950,Firmware Installation Failed,2024-01-20T01:37:00Z,sat_diagnostic_result,sat_diagnostic_result:BV-CELLBATCH-002950:0002,USR-015,"[""BV-CELLBATCH-002950"",""BV-SECONDLIFESYSTEM-000450""]"
CELLBATCH-002950,Firmware Rolled Back,2024-01-20T02:14:00Z,sat_service_status,sat_service_status:BV-CELLBATCH-002950:0002,USR-016,"[""BV-CELLBATCH-002950"",""BV-RECYCLINGORDER-000450"",""BV-VEHICLE-000450""]"
CELLBATCH-002950,Second-Life Assessment Failed,2024-01-20T02:51:00Z,sat_recall_status,sat_recall_status:BV-CELLBATCH-002950:0001,USR-032,"[""BV-CELLBATCH-002950"",""BV-SECONDLIFESYSTEM-000450""]"
CELLBATCH-002955,Battery Pack Failed Test,2024-01-20T16:00:00Z,sat_shipment_status,sat_shipment_status:BV-CELLBATCH-002955:0001,USR-079,"[""BV-CELLBATCH-002955"",""BV-WARRANTYCLAIM-000455"",""BV-CERTIFICATE-000455""]"
CELLBATCH-002955,Firmware Installation Failed,2024-01-20T16:37:00Z,sat_diagnostic_result,sat_diagnostic_result:BV-CELLBATCH-002955:0002,USR-100,"[""BV-CELLBATCH-002955"",""BV-SECONDLIFESYSTEM-000455""]"
CELLBATCH-002955,Firmware Rolled Back,2024-01-20T17:14:00Z,sat_service_status,sat_service_status:BV-CELLBATCH-002955:0002,USR-101,"[""BV-CELLBATCH-002955"",""BV-RECYCLINGORDER-000455"",""BV-VEHICLE-000455""]"
CELLBATCH-002955,Second-Life Assessment Failed,2024-01-20T17:51:00Z,sat_recall_status,sat_recall_status:BV-CELLBATCH-002955:0002,USR-117,"[""BV-CELLBATCH-002955"",""BV-SECONDLIFESYSTEM-000455""]"
CELLBATCH-002960,Battery Pack Failed Test,2024-01-21T07:00:00Z,sat_shipment_status,sat_shipment_status:BV-CELLBATCH-002960:0002,USR-037,"[""BV-CELLBATCH-002960"",""BV-WARRANTYCLAIM-000460""]"
CELLBATCH-002960,Firmware Installation Failed,2024-01-21T07:37:00Z,sat_diagnostic_result,sat_diagnostic_result:BV-CELLBATCH-002960:0002,USR-058,"[""BV-CELLBATCH-002960"",""BV-SECONDLIFESYSTEM-000460"",""BV-BATTERYPASSPORT-002960""]"
CELLBATCH-002960,Firmware Rolled Back,2024-01-21T08:14:00Z,sat_service_status,sat_service_status:BV-CELLBATCH-002960:0002,USR-059,"[""BV-CELLBATCH-002960"",""BV-RECYCLINGORDER-000460""]"
CELLBATCH-002960,Second-Life Assessment Failed,2024-01-21T08:51:00Z,sat_recall_status,sat_recall_status:BV-CELLBATCH-002960:0001,USR-075,"[""BV-CELLBATCH-002960"",""BV-SECONDLIFESYSTEM-000460"",""BV-BATTERYPASSPORT-002960""]"
CELLBATCH-002965,Battery Pack Failed Test,2024-01-21T22:00:00Z,sat_shipment_status,sat_shipment_status:BV-CELLBATCH-002965:0001,USR-122,"[""BV-CELLBATCH-002965"",""BV-WARRANTYCLAIM-000465""]"
CELLBATCH-002965,Firmware Installation Failed,2024-01-21T22:37:00Z,sat_diagnostic_result,sat_diagnostic_result:BV-CELLBATCH-002965:0002,USR-016,"[""BV-CELLBATCH-002965"",""BV-SECONDLIFESYSTEM-000465""]"
CELLBATCH-002965,Firmware Rolled Back,2024-01-21T23:14:00Z,sat_service_status,sat_service_status:BV-CELLBATCH-002965:0002,USR-017,"[""BV-CELLBATCH-002965"",""BV-RECYCLINGORDER-000465"",""BV-VEHICLE-000465""]"
CELLBATCH-002965,Second-Life Assessment Failed,2024-01-21T23:51:00Z,sat_recall_status,sat_recall_status:BV-CELLBATCH-002965:0002,USR-033,"[""BV-CELLBATCH-002965"",""BV-SECONDLIFESYSTEM-000465""]"
CELLBATCH-002998,Second-Life Assessment Failed,2024-01-22T12:23:00Z,sat_recall_status,sat_recall_status:BV-CELLBATCH-002998:0001,USR-086,"[""BV-CELLBATCH-002998"",""BV-SECONDLIFESYSTEM-000498"",""BV-BATTERYPASSPORT-002998""]"
CELLBATCH-002970,Battery Pack Failed Test,2024-01-22T13:00:00Z,sat_shipment_status,sat_shipment_status:BV-CELLBATCH-002970:0002,USR-080,"[""BV-CELLBATCH-002970"",""BV-WARRANTYCLAIM-000470""]"
CELLBATCH-002970,Firmware Installation Failed,2024-01-22T13:37:00Z,sat_diagnostic_result,sat_diagnostic_result:BV-CELLBATCH-002970:0002,USR-101,"[""BV-CELLBATCH-002970"",""BV-SECONDLIFESYSTEM-000470"",""BV-BATTERYPASSPORT-002970""]"
CELLBATCH-002970,Firmware Rolled Back,2024-01-22T14:14:00Z,sat_service_status,sat_service_status:BV-CELLBATCH-002970:0003,USR-102,"[""BV-CELLBATCH-002970"",""BV-RECYCLINGORDER-000470""]"
CELLBATCH-002970,Second-Life Assessment Failed,2024-01-22T14:51:00Z,sat_recall_status,sat_recall_status:BV-CELLBATCH-002970:0001,USR-118,"[""BV-CELLBATCH-002970"",""BV-SECONDLIFESYSTEM-000470"",""BV-BATTERYPASSPORT-002970""]"
CELLBATCH-002975,Battery Pack Failed Test,2024-01-23T04:00:00Z,sat_shipment_status,sat_shipment_status:BV-CELLBATCH-002975:0002,USR-038,"[""BV-CELLBATCH-002975"",""BV-WARRANTYCLAIM-000475""]"
CELLBATCH-002975,Firmware Installation Failed,2024-01-23T04:37:00Z,sat_diagnostic_result,sat_diagnostic_result:BV-CELLBATCH-002975:0002,USR-059,"[""BV-CELLBATCH-002975"",""BV-SECONDLIFESYSTEM-000475"",""BV-BATTERYPASSPORT-002975""]"
CELLBATCH-002975,Firmware Rolled Back,2024-01-23T05:14:00Z,sat_service_status,sat_service_status:BV-CELLBATCH-002975:0003,USR-060,"[""BV-CELLBATCH-002975"",""BV-RECYCLINGORDER-000475""]"
CELLBATCH-002975,Second-Life Assessment Failed,2024-01-23T05:51:00Z,sat_recall_status,sat_recall_status:BV-CELLBATCH-002975:0002,USR-076,"[""BV-CELLBATCH-002975"",""BV-SECONDLIFESYSTEM-000475"",""BV-BATTERYPASSPORT-002975""]"
CELLBATCH-002980,Battery Pack Failed Test,2024-01-23T19:00:00Z,sat_shipment_status,sat_shipment_status:BV-CELLBATCH-002980:0002,USR-123,"[""BV-CELLBATCH-002980"",""BV-WARRANTYCLAIM-000480""]"
CELLBATCH-002980,Firmware Installation Failed,2024-01-23T19:37:00Z,sat_diagnostic_result,sat_diagnostic_result:BV-CELLBATCH-002980:0002,USR-017,"[""BV-CELLBATCH-002980"",""BV-SECONDLIFESYSTEM-000480"",""BV-BATTERYPASSPORT-002980""]"
CELLBATCH-002980,Firmware Rolled Back,2024-01-23T20:14:00Z,sat_service_status,sat_service_status:BV-CELLBATCH-002980:0002,USR-018,"[""BV-CELLBATCH-002980"",""BV-RECYCLINGORDER-000480""]"
CELLBATCH-002980,Second-Life Assessment Failed,2024-01-23T20:51:00Z,sat_recall_status,sat_recall_status:BV-CELLBATCH-002980:0001,USR-034,"[""BV-CELLBATCH-002980"",""BV-SECONDLIFESYSTEM-000480"",""BV-BATTERYPASSPORT-002980""]"
CELLBATCH-002985,Battery Pack Failed Test,2024-01-24T10:00:00Z,sat_shipment_status,sat_shipment_status:BV-CELLBATCH-002985:0001,USR-081,"[""BV-CELLBATCH-002985"",""BV-WARRANTYCLAIM-000485"",""BV-CERTIFICATE-000485""]"
CELLBATCH-002985,Firmware Installation Failed,2024-01-24T10:37:00Z,sat_diagnostic_result,sat_diagnostic_result:BV-CELLBATCH-002985:0002,USR-102,"[""BV-CELLBATCH-002985"",""BV-SECONDLIFESYSTEM-000485""]"
CELLBATCH-002985,Firmware Rolled Back,2024-01-24T11:14:00Z,sat_service_status,sat_service_status:BV-CELLBATCH-002985:0002,USR-103,"[""BV-CELLBATCH-002985"",""BV-RECYCLINGORDER-000485""]"
CELLBATCH-002985,Second-Life Assessment Failed,2024-01-24T11:51:00Z,sat_recall_status,sat_recall_status:BV-CELLBATCH-002985:0002,USR-119,"[""BV-CELLBATCH-002985"",""BV-SECONDLIFESYSTEM-000485"",""BV-BATTERYPASSPORT-002985""]"
CELLBATCH-002990,Battery Pack Failed Test,2024-01-25T01:00:00Z,sat_shipment_status,sat_shipment_status:BV-CELLBATCH-002990:0002,USR-039,"[""BV-CELLBATCH-002990"",""BV-WARRANTYCLAIM-000490""]"
CELLBATCH-002990,Firmware Installation Failed,2024-01-25T01:37:00Z,sat_diagnostic_result,sat_diagnostic_result:BV-CELLBATCH-002990:0004,USR-060,"[""BV-CELLBATCH-002990"",""BV-SECONDLIFESYSTEM-000490""]"
CELLBATCH-002990,Firmware Rolled Back,2024-01-25T02:14:00Z,sat_service_status,sat_service_status:BV-CELLBATCH-002990:0002,USR-061,"[""BV-CELLBATCH-002990"",""BV-RECYCLINGORDER-000490"",""BV-VEHICLE-000490""]"
CELLBATCH-002990,Second-Life Assessment Failed,2024-01-25T02:51:00Z,sat_recall_status,sat_recall_status:BV-CELLBATCH-002990:0002,USR-077,"[""BV-CELLBATCH-002990"",""BV-SECONDLIFESYSTEM-000490""]"
CELLBATCH-002995,Battery Pack Failed Test,2024-01-25T16:00:00Z,sat_shipment_status,sat_shipment_status:BV-CELLBATCH-002995:0001,USR-124,"[""BV-CELLBATCH-002995"",""BV-WARRANTYCLAIM-000495""]"
CELLBATCH-002995,Firmware Installation Failed,2024-01-25T16:37:00Z,sat_diagnostic_result,sat_diagnostic_result:BV-CELLBATCH-002995:0002,USR-018,"[""BV-CELLBATCH-002995"",""BV-SECONDLIFESYSTEM-000495"",""BV-BATTERYPASSPORT-002995""]"
CELLBATCH-002995,Firmware Rolled Back,2024-01-25T17:14:00Z,sat_service_status,sat_service_status:BV-CELLBATCH-002995:0002,USR-019,"[""BV-CELLBATCH-002995"",""BV-RECYCLINGORDER-000495""]"
CELLBATCH-002995,Second-Life Assessment Failed,2024-01-25T17:51:00Z,sat_recall_status,sat_recall_status:BV-CELLBATCH-002995:0002,USR-035,"[""BV-CELLBATCH-002995"",""BV-SECONDLIFESYSTEM-000495"",""BV-BATTERYPASSPORT-002995""]"
CELLBATCH-003000,Battery Pack Failed Test,2024-01-26T07:00:00Z,sat_shipment_status,sat_shipment_status:BV-CELLBATCH-003000:0002,USR-082,"[""BV-CELLBATCH-003000"",""BV-WARRANTYCLAIM-000500""]"
CELLBATCH-003000,Firmware Installation Failed,2024-01-26T07:37:00Z,sat_diagnostic_result,sat_diagnostic_result:BV-CELLBATCH-003000:0002,USR-103,"[""BV-CELLBATCH-003000"",""BV-SECONDLIFESYSTEM-000500""]"
CELLBATCH-003000,Firmware Rolled Back,2024-01-26T08:14:00Z,sat_service_status,sat_service_status:BV-CELLBATCH-003000:0002,USR-104,"[""BV-CELLBATCH-003000"",""BV-RECYCLINGORDER-000500"",""BV-VEHICLE-000500""]"
CELLBATCH-003000,Second-Life Assessment Failed,2024-01-26T08:51:00Z,sat_recall_status,sat_recall_status:BV-CELLBATCH-003000:0001,USR-120,"[""BV-CELLBATCH-003000"",""BV-SECONDLIFESYSTEM-000500""]"
