case_id,activity,timestamp,source_table,source_record_id,actor,object_refs
FF-CUSTOMER-000005,Rework Completed,2023-01-10T15:40:00Z,finance_posting,FF-R-00000635,USR-121,"[""FF-CUSTOMER-000005"",""FF-BOMREVISION-000005""]"
FF-CUSTOMER-000014,Rework Ordered,2023-01-11T12:48:00Z,fulfilment_record,FF-R-00000713,USR-019,"[""FF-CUSTOMER-000014"",""FF-ENGINEERINGCHANGE-000014"",""FF-PURCHASEORDER-000014""]"
FF-CUSTOMER-000015,Final Inspection Failed,2023-01-12T09:52:00Z,engineering_execution,FF-R-00000789,USR-039,"[""FF-CUSTOMER-000015"",""FF-OPERATION-000015"",""FF-GOODSRECEIPT-000015""]"
FF-CUSTOMER-000025,Final Inspection Passed,2023-01-13T09:08:00Z,commercial_document,FF-R-00000868,USR-081,"[""FF-CUSTOMER-000025"",""FF-WORKORDER-000025""]"
FF-CUSTOMER-000028,Rework Completed,2023-01-13T12:10:00Z,finance_posting,FF-R-00000879,USR-004,"[""FF-CUSTOMER-000028"",""FF-BOMREVISION-000028""]"
FF-CUSTOMER-000033,Rework Ordered,2023-01-13T21:14:00Z,fulfilment_record,FF-R-00000916,USR-088,"[""FF-CUSTOMER-000033"",""FF-ENGINEERINGCHANGE-000033""]"
FF-CUSTOMER-000005,Final Inspection Failed,2023-01-13T22:00:00Z,engineering_execution,FF-R-00000927,USR-123,"[""FF-CUSTOMER-000005"",""FF-OPERATION-000005"",""FF-GOODSRECEIPT-000005""]"
FF-CUSTOMER-000005,Rework Ordered,2023-01-13T22:37:00Z,fulfilment_record,FF-R-00000928,USR-120,"[""FF-CUSTOMER-000005"",""FF-ENGINEERINGCHANGE-000005""]"
FF-CUSTOMER-000005,Rework Completed,2023-01-13T23:14:00Z,finance_posting,FF-R-00000929,USR-121,"[""FF-CUSTOMER-000005"",""FF-BOMREVISION-000005"",""FF-PURCHASEORDERLINE-000005""]"
FF-CUSTOMER-000005,Final Inspection Passed,2023-01-13T23:51:00Z,commercial_document,FF-R-00000930,USR-122,"[""FF-CUSTOMER-000005"",""FF-WORKORDER-000005""]"
FF-CUSTOMER-000010,Final Inspection Failed,2023-01-14T13:00:00Z,engineering_execution,FF-R-00000984,USR-081,"[""FF-CUSTOMER-000010"",""FF-OPERATION-000010""]"
FF-CUSTOMER-000010,Rework Ordered,2023-01-14T13:37:00Z,fulfilment_record,FF-R-00000985,USR-078,"[""FF-CUSTOMER-000010"",""FF-ENGINEERINGCHANGE-000010"",""FF-PURCHASEORDER-000010""]"
FF-CUSTOMER-000010,Rework Completed,2023-01-14T14:14:00Z,finance_posting,FF-R-00000986,USR-079,"[""FF-CUSTOMER-000010"",""FF-BOMREVISION-000010""]"
FF-CUSTOMER-000010,Final Inspection Passed,2023-01-14T14:51:00Z,commercial_document,FF-R-00000987,USR-080,"[""FF-CUSTOMER-000010"",""FF-WORKORDER-000010"",""FF-SUPPLIER-000010""]"
FF-CUSTOMER-000015,Final Inspection Failed,2023-01-15T04:00:00Z,engineering_execution,FF-R-00001045,USR-039,"[""FF-CUSTOMER-000015"",""FF-OPERATION-000015""]"
FF-CUSTOMER-000015,Rework Ordered,2023-01-15T04:37:00Z,fulfilment_record,FF-R-00001046,USR-036,"[""FF-CUSTOMER-000015"",""FF-ENGINEERINGCHANGE-000015"",""FF-PURCHASEORDER-000015""]"
FF-CUSTOMER-000015,Rework Completed,2023-01-15T05:14:00Z,finance_posting,FF-R-00001047,USR-037,"[""FF-CUSTOMER-000015"",""FF-BOMREVISION-000015""]"
FF-CUSTOMER-000015,Final Inspection Passed,2023-01-15T05:51:00Z,commercial_document,FF-R-00001048,USR-038,"[""FF-CUSTOMER-000015"",""FF-WORKORDER-000015""]"
FF-CUSTOMER-000020,Final Inspection Failed,2023-01-15T19:00:00Z,engineering_execution,FF-R-00001106,USR-124,"[""FF-CUSTOMER-000020"",""FF-OPERATION-000020""]"
FF-CUSTOMER-000020,Rework Ordered,2023-01-15T19:37:00Z,fulfilment_record,FF-R-00001107,USR-121,"[""FF-CUSTOMER-000020"",""FF-ENGINEERINGCHANGE-000020""]"
FF-CUSTOMER-000020,Rework Completed,2023-01-15T20:14:00Z,finance_posting,FF-R-00001108,USR-122,"[""FF-CUSTOMER-000020"",""FF-BOMREVISION-000020""]"
FF-CUSTOMER-000020,Final Inspection Passed,2023-01-15T20:51:00Z,commercial_document,FF-R-00001109,USR-123,"[""FF-CUSTOMER-000020"",""FF-WORKORDER-000020"",""FF-SUPPLIER-000020""]"
FF-CUSTOMER-000046,Final Inspection Failed,2023-01-16T06:30:00Z,engineering_execution,FF-R-00001151,USR-058,"[""FF-CUSTOMER-000046"",""FF-OPERATION-000046""]"
FF-CUSTOMER-000052,Rework Ordered,2023-01-16T06:33:00Z,fulfilment_record,FF-R-00001152,USR-030,"[""FF-CUSTOMER-000052"",""FF-ENGINEERINGCHANGE-000052""]"
FF-CUSTOMER-000051,Rework Completed,2023-01-16T09:33:00Z,finance_posting,FF-R-00001165,USR-014,"[""FF-CUSTOMER-000051"",""FF-BOMREVISION-000051"",""FF-PURCHASEORDERLINE-000051""]"
FF-CUSTOMER-000025,Final Inspection Failed,2023-01-16T10:00:00Z,engineering_execution,FF-R-00001169,USR-082,"[""FF-CUSTOMER-000025"",""FF-OPERATION-000025"",""FF-GOODSRECEIPT-000025""]"
FF-CUSTOMER-000025,Rework Ordered,2023-01-16T10:37:00Z,fulfilment_record,FF-R-00001170,USR-079,"[""FF-CUSTOMER-000025"",""FF-ENGINEERINGCHANGE-000025""]"
FF-CUSTOMER-000025,Rework Completed,2023-01-16T11:14:00Z,finance_posting,FF-R-00001171,USR-080,"[""FF-CUSTOMER-000025"",""FF-BOMREVISION-000025"",""FF-PURCHASEORDERLINE-000025""]"
FF-CUSTOMER-000025,Final Inspection Passed,2023-01-16T11:51:00Z,commercial_document,FF-R-00001172,USR-081,"[""FF-CUSTOMER-000025"",""FF-WORKORDER-000025""]"
FF-CUSTOMER-000054,Final Inspection Passed,2023-01-17T00:37:00Z,commercial_document,FF-R-00001224,USR-066,"[""FF-CUSTOMER-000054"",""FF-WORKORDER-000054"",""FF-SUPPLIER-000054""]"
FF-CUSTOMER-000030,Final Inspection Failed,2023-01-17T01:00:00Z,engineering_execution,FF-R-00001227,USR-040,"[""FF-CUSTOMER-000030"",""FF-OPERATION-000030"",""FF-GOODSRECEIPT-000030""]"
FF-CUSTOMER-000030,Rework Ordered,2023-01-17T01:37:00Z,fulfilment_record,FF-R-00001228,USR-037,"[""FF-CUSTOMER-000030"",""FF-ENGINEERINGCHANGE-000030""]"
FF-CUSTOMER-000030,Rework Completed,2023-01-17T02:14:00Z,finance_posting,FF-R-00001229,USR-038,"[""FF-CUSTOMER-000030"",""FF-BOMREVISION-000030"",""FF-PURCHASEORDERLINE-000030""]"
FF-CUSTOMER-000030,Final Inspection Passed,2023-01-17T02:51:00Z,commercial_document,FF-R-00001230,USR-039,"[""FF-CUSTOMER-000030"",""FF-WORKORDER-000030""]"
FF-CUSTOMER-000035,Final Inspection Failed,2023-01-17T16:00:00Z,engineering_execution,FF-R-00001283,USR-125,"[""FF-CUSTOMER-000035"",""FF-OPERATION-000035""]"
FF-CUSTOMER-000035,Rework Ordered,2023-01-17T16:37:00Z,fulfilment_record,FF-R-00001284,USR-122,"[""FF-CUSTOMER-000035"",""FF-ENGINEERINGCHANGE-000035"",""FF-PURCHASEORDER-000035""]"
FF-CUSTOMER-000035,Rework Completed,2023-01-17T17:14:00Z,finance_posting,FF-R-00001285,USR-123,"[""FF-CUSTOMER-000035"",""FF-BOMREVISION-000035""]"
FF-CUSTOMER-000035,Final Inspection Passed,2023-01-17T17:51:00Z,commercial_document,FF-R-00001286,USR-124,"[""FF-CUSTOMER-000035"",""FF-WORKORDER-000035""]"
FF-CUSTOMER-000040,Final Inspection Failed,2023-01-18T07:00:00Z,engineering_execution,FF-R-00001345,USR-083,"[""FF-CUSTOMER-000040"",""FF-OPERATION-000040""]"
FF-CUSTOMER-000040,Rework Ordered,2023-01-18T07:37:00Z,fulfilment_record,FF-R-00001346,USR-080,"[""FF-CUSTOMER-000040"",""FF-ENGINEERINGCHANGE-000040""]"
FF-CUSTOMER-000040,Rework Completed,2023-01-18T08:14:00Z,finance_posting,FF-R-00001347,USR-081,"[""FF-CUSTOMER-000040"",""FF-BOMREVISION-000040""]"
FF-CUSTOMER-000040,Final Inspection Passed,2023-01-18T08:51:00Z,commercial_document,FF-R-00001348,USR-082,"[""FF-CUSTOMER-000040"",""FF-WORKORDER-000040"",""FF-SUPPLIER-000040""]"
FF-CUSTOMER-000071,Rework Ordered,2023-01-18T15:52:00Z,fulfilment_record,FF-R-00001382,USR-099,"[""FF-CUSTOMER-000071"",""FF-ENGINEERINGCHANGE-000071""]"
FF-CUSTOMER-000045,Final Inspection Failed,2023-01-18T22:00:00Z,engineering_execution,FF-R-00001404,USR-041,"[""FF-CUSTOMER-000045"",""FF-OPERATION-000045""]"
FF-CUSTOMER-000045,Rework Ordered,2023-01-18T22:37:00Z,fulfilment_record,FF-R-00001405,USR-038,"[""FF-CUSTOMER-000045"",""FF-ENGINEERINGCHANGE-000045""]"
FF-CUSTOMER-000045,Rework Completed,2023-01-18T23:14:00Z,finance_posting,FF-R-00001406,USR-039,"[""FF-CUSTOMER-000045"",""FF-BOMREVISION-000045""]"
FF-CUSTOMER-000045,Final Inspection Passed,2023-01-18T23:51:00Z,commercial_document,FF-R-00001407,USR-040,"[""FF-CUSTOMER-000045"",""FF-WORKORDER-000045"",""FF-SUPPLIER-000045""]"
FF-CUSTOMER-000074,Rework Completed,2023-01-19T06:03:00Z,finance_posting,FF-R-00001433,USR-024,"[""FF-CUSTOMER-000074"",""FF-BOMREVISION-000074"",""FF-PURCHASEORDERLINE-000074""]"
FF-CUSTOMER-000050,Final Inspection Failed,2023-01-19T13:00:00Z,engineering_execution,FF-R-00001466,USR-126,"[""FF-CUSTOMER-000050"",""FF-OPERATION-000050""]"
FF-CUSTOMER-000050,Rework Ordered,2023-01-19T13:37:00Z,fulfilment_record,FF-R-00001467,USR-123,"[""FF-CUSTOMER-000050"",""FF-ENGINEERINGCHANGE-000050"",""FF-PURCHASEORDER-000050""]"
FF-CUSTOMER-000050,Rework Completed,2023-01-19T14:14:00Z,finance_posting,FF-R-00001468,USR-124,"[""FF-CUSTOMER-000050"",""FF-BOMREVISION-000050""]"
FF-CUSTOMER-000050,Final Inspection Passed,2023-01-19T14:51:00Z,commercial_document,FF-R-00001469,USR-125,"[""FF-CUSTOMER-000050"",""FF-WORKORDER-000050""]"
FF-CUSTOMER-000077,Final Inspection Failed,2023-01-20T03:08:00Z,engineering_execution,FF-R-00001516,USR-077,"[""FF-CUSTOMER-000077"",""FF-OPERATION-000077""]"
FF-CUSTOMER-000055,Final Inspection Failed,2023-01-20T04:00:00Z,engineering_execution,FF-R-00001527,USR-084,"[""FF-CUSTOMER-000055"",""FF-OPERATION-000055"",""FF-GOODSRECEIPT-000055""]"
FF-CUSTOMER-000055,Rework Ordered,2023-01-20T04:37:00Z,fulfilment_record,FF-R-00001528,USR-081,"[""FF-CUSTOMER-000055"",""FF-ENGINEERINGCHANGE-000055""]"
FF-CUSTOMER-000055,Rework Completed,2023-01-20T05:14:00Z,finance_posting,FF-R-00001529,USR-082,"[""FF-CUSTOMER-000055"",""FF-BOMREVISION-000055"",""FF-PURCHASEORDERLINE-000055""]"
FF-CUSTOMER-000055,Final Inspection Passed,2023-01-20T05:51:00Z,commercial_document,FF-R-00001530,USR-083,"[""FF-CUSTOMER-000055"",""FF-WORKORDER-000055""]"
FF-CUSTOMER-000083,Final Inspection Passed,2023-01-20T15:13:00Z,commercial_document,FF-R-00001566,USR-051,"[""FF-CUSTOMER-000083"",""FF-WORKORDER-000083""]"
FF-CUSTOMER-000060,Final Inspection Failed,2023-01-20T19:00:00Z,engineering_execution,FF-R-00001587,USR-042,"[""FF-CUSTOMER-000060"",""FF-OPERATION-000060""]"
FF-CUSTOMER-000060,Rework Ordered,2023-01-20T19:37:00Z,fulfilment_record,FF-R-00001588,USR-039,"[""FF-CUSTOMER-000060"",""FF-ENGINEERINGCHANGE-000060"",""FF-PURCHASEORDER-000060""]"
FF-CUSTOMER-000060,Rework Completed,2023-01-20T20:14:00Z,finance_posting,FF-R-00001589,USR-040,"[""FF-CUSTOMER-000060"",""FF-BOMREVISION-000060""]"
FF-CUSTOMER-000060,Final Inspection Passed,2023-01-20T20:51:00Z,commercial_document,FF-R-00001590,USR-041,"[""FF-CUSTOMER-000060"",""FF-WORKORDER-000060""]"
FF-CUSTOMER-000090,Rework Ordered,2023-01-21T00:18:00Z,fulfilment_record,FF-R-00001601,USR-041,"[""FF-CUSTOMER-000090"",""FF-ENGINEERINGCHANGE-000090"",""FF-PURCHASEORDER-000090""]"
FF-CUSTOMER-000065,Final Inspection Failed,2023-01-21T10:00:00Z,engineering_execution,FF-R-00001647,USR-127,"[""FF-CUSTOMER-000065"",""FF-OPERATION-000065""]"
FF-CUSTOMER-000065,Rework Ordered,2023-01-21T10:37:00Z,fulfilment_record,FF-R-00001648,USR-124,"[""FF-CUSTOMER-000065"",""FF-ENGINEERINGCHANGE-000065""]"
FF-CUSTOMER-000065,Rework Completed,2023-01-21T11:14:00Z,finance_posting,FF-R-00001649,USR-125,"[""FF-CUSTOMER-000065"",""FF-BOMREVISION-000065""]"
FF-CUSTOMER-000065,Final Inspection Passed,2023-01-21T11:51:00Z,commercial_document,FF-R-00001650,USR-126,"[""FF-CUSTOMER-000065"",""FF-WORKORDER-000065"",""FF-SUPPLIER-000065""]"
FF-CUSTOMER-000070,Final Inspection Failed,2023-01-22T01:00:00Z,engineering_execution,FF-R-00001708,USR-085,"[""FF-CUSTOMER-000070"",""FF-OPERATION-000070""]"
FF-CUSTOMER-000070,Rework Ordered,2023-01-22T01:37:00Z,fulfilment_record,FF-R-00001709,USR-082,"[""FF-CUSTOMER-000070"",""FF-ENGINEERINGCHANGE-000070"",""FF-PURCHASEORDER-000070""]"
FF-CUSTOMER-000070,Rework Completed,2023-01-22T02:14:00Z,finance_posting,FF-R-00001710,USR-083,"[""FF-CUSTOMER-000070"",""FF-BOMREVISION-000070""]"
FF-CUSTOMER-000070,Final Inspection Passed,2023-01-22T02:51:00Z,commercial_document,FF-R-00001711,USR-084,"[""FF-CUSTOMER-000070"",""FF-WORKORDER-000070""]"
FF-CUSTOMER-000097,Rework Completed,2023-01-22T03:26:00Z,finance_posting,FF-R-00001720,USR-034,"[""FF-CUSTOMER-000097"",""FF-BOMREVISION-000097""]"
FF-CUSTOMER-000075,Final Inspection Failed,2023-01-22T16:00:00Z,engineering_execution,FF-R-00001765,USR-043,"[""FF-CUSTOMER-000075"",""FF-OPERATION-000075"",""FF-GOODSRECEIPT-000075""]"
FF-CUSTOMER-000075,Rework Ordered,2023-01-22T16:37:00Z,fulfilment_record,FF-R-00001766,USR-040,"[""FF-CUSTOMER-000075"",""FF-ENGINEERINGCHANGE-000075""]"
FF-CUSTOMER-000075,Rework Completed,2023-01-22T17:14:00Z,finance_posting,FF-R-00001767,USR-041,"[""FF-CUSTOMER-000075"",""FF-BOMREVISION-000075"",""FF-PURCHASEORDERLINE-000075""]"
FF-CUSTOMER-000075,Final Inspection Passed,2023-01-22T17:51:00Z,commercial_document,FF-R-00001768,USR-042,"[""FF-CUSTOMER-000075"",""FF-WORKORDER-000075""]"
FF-CUSTOMER-000080,Final Inspection Failed,2023-01-23T07:00:00Z,engineering_execution,FF-R-00001830,USR-001,"[""FF-CUSTOMER-000080"",""FF-OPERATION-000080""]"
FF-CUSTOMER-000080,Rework Ordered,2023-01-23T07:37:00Z,fulfilment_record,FF-R-00001831,USR-125,"[""FF-CUSTOMER-000080"",""FF-ENGINEERINGCHANGE-000080"",""FF-PURCHASEORDER-000080""]"
FF-CUSTOMER-000080,Rework Completed,2023-01-23T08:14:00Z,finance_posting,FF-R-00001832,USR-126,"[""FF-CUSTOMER-000080"",""FF-BOMREVISION-000080""]"
FF-CUSTOMER-000080,Final Inspection Passed,2023-01-23T08:51:00Z,commercial_document,FF-R-00001833,USR-127,"[""FF-CUSTOMER-000080"",""FF-WORKORDER-000080"",""FF-SUPPLIER-000080""]"
FF-CUSTOMER-000109,Rework Ordered,2023-01-23T09:37:00Z,fulfilment_record,FF-R-00001843,USR-110,"[""FF-CUSTOMER-000109"",""FF-ENGINEERINGCHANGE-000109"",""FF-PURCHASEORDER-000109""]"
FF-CUSTOMER-000085,Final Inspection Failed,2023-01-23T22:00:00Z,engineering_execution,FF-R-00001888,USR-086,"[""FF-CUSTOMER-000085"",""FF-OPERATION-000085"",""FF-GOODSRECEIPT-000085""]"
FF-CUSTOMER-000085,Rework Ordered,2023-01-23T22:37:00Z,fulfilment_record,FF-R-00001889,USR-083,"[""FF-CUSTOMER-000085"",""FF-ENGINEERINGCHANGE-000085""]"
FF-CUSTOMER-000085,Rework Completed,2023-01-23T23:14:00Z,finance_posting,FF-R-00001890,USR-084,"[""FF-CUSTOMER-000085"",""FF-BOMREVISION-000085"",""FF-PURCHASEORDERLINE-000085""]"
FF-CUSTOMER-000085,Final Inspection Passed,2023-01-23T23:51:00Z,commercial_document,FF-R-00001891,USR-085,"[""FF-CUSTOMER-000085"",""FF-WORKORDER-000085""]"
FF-CUSTOMER-000108,Final Inspection Failed,2023-01-24T00:39:00Z,engineering_execution,FF-R-00001902,USR-096,"[""FF-CUSTOMER-000108"",""FF-OPERATION-000108""]"
FF-CUSTOMER-000112,Final Inspection Passed,2023-01-24T06:42:00Z,commercial_document,FF-R-00001925,USR-036,"[""FF-CUSTOMER-000112"",""FF-WORKORDER-000112""]"
FF-CUSTOMER-000090,Final Inspection Failed,2023-01-24T13:00:00Z,engineering_execution,FF-R-00001947,USR-044,"[""FF-CUSTOMER-000090"",""FF-OPERATION-000090"",""FF-GOODSRECEIPT-000090""]"
FF-CUSTOMER-000090,Rework Ordered,2023-01-24T13:37:00Z,fulfilment_record,FF-R-00001948,USR-041,"[""FF-CUSTOMER-000090"",""FF-ENGINEERINGCHANGE-000090""]"
FF-CUSTOMER-000090,Rework Completed,2023-01-24T14:14:00Z,finance_posting,FF-R-00001949,USR-042,"[""FF-CUSTOMER-000090"",""FF-BOMREVISION-000090"",""FF-PURCHASEORDERLINE-000090""]"
FF-CUSTOMER-000090,Final Inspection Passed,2023-01-24T14:51:00Z,commercial_document,FF-R-00001950,USR-043,"[""FF-CUSTOMER-000090"",""FF-WORKORDER-000090""]"
FF-CUSTOMER-000120,Rework Completed,2023-01-25T00:49:00Z,finance_posting,FF-R-00001998,USR-044,"[""FF-CUSTOMER-000120"",""FF-BOMREVISION-000120""]"
FF-CUSTOMER-000095,Final Inspection Failed,2023-01-25T04:00:00Z,engineering_execution,FF-R-00002008,USR-002,"[""FF-CUSTOMER-000095"",""FF-OPERATION-000095""]"
FF-CUSTOMER-000095,Rework Ordered,2023-01-25T04:37:00Z,fulfilment_record,FF-R-00002009,USR-126,"[""FF-CUSTOMER-000095"",""FF-ENGINEERINGCHANGE-000095"",""FF-PURCHASEORDER-000095""]"
FF-CUSTOMER-000095,Rework Completed,2023-01-25T05:14:00Z,finance_posting,FF-R-00002010,USR-127,"[""FF-CUSTOMER-000095"",""FF-BOMREVISION-000095""]"
FF-CUSTOMER-000095,Final Inspection Passed,2023-01-25T05:51:00Z,commercial_document,FF-R-00002011,USR-001,"[""FF-CUSTOMER-000095"",""FF-WORKORDER-000095"",""FF-SUPPLIER-000095""]"
FF-CUSTOMER-000128,Rework Ordered,2023-01-25T18:03:00Z,fulfilment_record,FF-R-00002055,USR-052,"[""FF-CUSTOMER-000128"",""FF-ENGINEERINGCHANGE-000128"",""FF-PURCHASEORDER-000128""]"
FF-CUSTOMER-000100,Final Inspection Failed,2023-01-25T19:00:00Z,engineering_execution,FF-R-00002067,USR-087,"[""FF-CUSTOMER-000100"",""FF-OPERATION-000100""]"
FF-CUSTOMER-000100,Rework Ordered,2023-01-25T19:37:00Z,fulfilment_record,FF-R-00002068,USR-084,"[""FF-CUSTOMER-000100"",""FF-ENGINEERINGCHANGE-000100""]"
FF-CUSTOMER-000100,Rework Completed,2023-01-25T20:14:00Z,finance_posting,FF-R-00002069,USR-085,"[""FF-CUSTOMER-000100"",""FF-BOMREVISION-000100""]"
FF-CUSTOMER-000100,Final Inspection Passed,2023-01-25T20:51:00Z,commercial_document,FF-R-00002070,USR-086,"[""FF-CUSTOMER-000100"",""FF-WORKORDER-000100"",""FF-SUPPLIER-000100""]"
FF-CUSTOMER-000105,Final Inspection Failed,2023-01-26T10:00:00Z,engineering_execution,FF-R-00002130,USR-045,"[""FF-CUSTOMER-000105"",""FF-OPERATION-000105""]"
FF-CUSTOMER-000105,Rework Ordered,2023-01-26T10:37:00Z,fulfilment_record,FF-R-00002131,USR-042,"[""FF-CUSTOMER-000105"",""FF-ENGINEERINGCHANGE-000105""]"
FF-CUSTOMER-000105,Rework Completed,2023-01-26T11:14:00Z,finance_posting,FF-R-00002132,USR-043,"[""FF-CUSTOMER-000105"",""FF-BOMREVISION-000105""]"
FF-CUSTOMER-000105,Final Inspection Passed,2023-01-26T11:51:00Z,commercial_document,FF-R-00002133,USR-044,"[""FF-CUSTOMER-000105"",""FF-WORKORDER-000105"",""FF-SUPPLIER-000105""]"
FF-CUSTOMER-000110,Final Inspection Failed,2023-01-27T01:00:00Z,engineering_execution,FF-R-00002186,USR-003,"[""FF-CUSTOMER-000110"",""FF-OPERATION-000110""]"
FF-CUSTOMER-000110,Rework Ordered,2023-01-27T01:37:00Z,fulfilment_record,FF-R-00002187,USR-127,"[""FF-CUSTOMER-000110"",""FF-ENGINEERINGCHANGE-000110"",""FF-PURCHASEORDER-000110""]"
FF-CUSTOMER-000110,Rework Completed,2023-01-27T02:14:00Z,finance_posting,FF-R-00002188,USR-001,"[""FF-CUSTOMER-000110"",""FF-BOMREVISION-000110""]"
FF-CUSTOMER-000110,Final Inspection Passed,2023-01-27T02:51:00Z,commercial_document,FF-R-00002189,USR-002,"[""FF-CUSTOMER-000110"",""FF-WORKORDER-000110"",""FF-SUPPLIER-000110""]"
FF-CUSTOMER-000115,Final Inspection Failed,2023-01-27T16:00:00Z,engineering_execution,FF-R-00002250,USR-088,"[""FF-CUSTOMER-000115"",""FF-OPERATION-000115"",""FF-GOODSRECEIPT-000115""]"
FF-CUSTOMER-000115,Rework Ordered,2023-01-27T16:37:00Z,fulfilment_record,FF-R-00002251,USR-085,"[""FF-CUSTOMER-000115"",""FF-ENGINEERINGCHANGE-000115""]"
FF-CUSTOMER-000115,Rework Completed,2023-01-27T17:14:00Z,finance_posting,FF-R-00002252,USR-086,"[""FF-CUSTOMER-000115"",""FF-BOMREVISION-000115"",""FF-PURCHASEORDERLINE-000115""]"
FF-CUSTOMER-000115,Final Inspection Passed,2023-01-27T17:51:00Z,commercial_document,FF-R-00002253,USR-087,"[""FF-CUSTOMER-000115"",""FF-WORKORDER-000115""]"
FF-CUSTOMER-000139,Final Inspection Failed,2023-01-27T21:17:00Z,engineering_execution,FF-R-00002267,USR-115,"[""FF-CUSTOMER-000139"",""FF-OPERATION-000139""]"
FF-CUSTOMER-000141,Final Inspection Passed,2023-01-27T21:18:00Z,commercial_document,FF-R-00002268,USR-021,"[""FF-CUSTOMER-000141"",""FF-WORKORDER-000141"",""FF-SUPPLIER-000141""]"
FF-CUSTOMER-000143,Rework Completed,2023-01-27T21:19:00Z,finance_posting,FF-R-00002269,USR-054,"[""FF-CUSTOMER-000143"",""FF-BOMREVISION-000143"",""FF-PURCHASEORDERLINE-000143""]"
FF-CUSTOMER-000147,Rework Ordered,2023-01-28T03:22:00Z,fulfilment_record,FF-R-00002291,USR-121,"[""FF-CUSTOMER-000147"",""FF-ENGINEERINGCHANGE-000147""]"
FF-CUSTOMER-000120,Final Inspection Failed,2023-01-28T07:00:00Z,engineering_execution,FF-R-00002309,USR-046,"[""FF-CUSTOMER-000120"",""FF-OPERATION-000120"",""FF-GOODSRECEIPT-000120""]"
FF-CUSTOMER-000120,Rework Ordered,2023-01-28T07:37:00Z,fulfilment_record,FF-R-00002310,USR-043,"[""FF-CUSTOMER-000120"",""FF-ENGINEERINGCHANGE-000120""]"
FF-CUSTOMER-000120,Rework Completed,2023-01-28T08:14:00Z,finance_posting,FF-R-00002311,USR-044,"[""FF-CUSTOMER-000120"",""FF-BOMREVISION-000120"",""FF-PURCHASEORDERLINE-000120""]"
FF-CUSTOMER-000120,Final Inspection Passed,2023-01-28T08:51:00Z,commercial_document,FF-R-00002312,USR-045,"[""FF-CUSTOMER-000120"",""FF-WORKORDER-000120""]"
FF-CUSTOMER-000125,Final Inspection Failed,2023-01-28T22:00:00Z,engineering_execution,FF-R-00002369,USR-004,"[""FF-CUSTOMER-000125"",""FF-OPERATION-000125""]"
FF-CUSTOMER-000125,Rework Ordered,2023-01-28T22:37:00Z,fulfilment_record,FF-R-00002370,USR-001,"[""FF-CUSTOMER-000125"",""FF-ENGINEERINGCHANGE-000125""]"
FF-CUSTOMER-000125,Rework Completed,2023-01-28T23:14:00Z,finance_posting,FF-R-00002371,USR-002,"[""FF-CUSTOMER-000125"",""FF-BOMREVISION-000125""]"
FF-CUSTOMER-000125,Final Inspection Passed,2023-01-28T23:51:00Z,commercial_document,FF-R-00002372,USR-003,"[""FF-CUSTOMER-000125"",""FF-WORKORDER-000125"",""FF-SUPPLIER-000125""]"
FF-CUSTOMER-000130,Final Inspection Failed,2023-01-29T13:00:00Z,engineering_execution,FF-R-00002430,USR-089,"[""FF-CUSTOMER-000130"",""FF-OPERATION-000130"",""FF-GOODSRECEIPT-000130""]"
FF-CUSTOMER-000130,Rework Ordered,2023-01-29T13:37:00Z,fulfilment_record,FF-R-00002431,USR-086,"[""FF-CUSTOMER-000130"",""FF-ENGINEERINGCHANGE-000130""]"
FF-CUSTOMER-000130,Rework Completed,2023-01-29T14:14:00Z,finance_posting,FF-R-00002432,USR-087,"[""FF-CUSTOMER-000130"",""FF-BOMREVISION-000130"",""FF-PURCHASEORDERLINE-000130""]"
FF-CUSTOMER-000130,Final Inspection Passed,2023-01-29T14:51:00Z,commercial_document,FF-R-00002433,USR-088,"[""FF-CUSTOMER-000130"",""FF-WORKORDER-000130""]"
FF-CUSTOMER-000135,Final Inspection Failed,2023-01-30T04:00:00Z,engineering_execution,FF-R-00002492,USR-047,"[""FF-CUSTOMER-000135"",""FF-OPERATION-000135"",""FF-GOODSRECEIPT-000135""]"
FF-CUSTOMER-000135,Rework Ordered,2023-01-30T04:37:00Z,fulfilment_record,FF-R-00002493,USR-044,"[""FF-CUSTOMER-000135"",""FF-ENGINEERINGCHANGE-000135""]"
FF-CUSTOMER-000135,Rework Completed,2023-01-30T05:14:00Z,finance_posting,FF-R-00002494,USR-045,"[""FF-CUSTOMER-000135"",""FF-BOMREVISION-000135"",""FF-PURCHASEORDERLINE-000135""]"
FF-CUSTOMER-000135,Final Inspection Passed,2023-01-30T05:51:00Z,commercial_document,FF-R-00002495,USR-046,"[""FF-CUSTOMER-000135"",""FF-WORKORDER-000135""]"
FF-CUSTOMER-000166,Rework Ordered,2023-01-30T12:41:00Z,fulfilment_record,FF-R-00002526,USR-063,"[""FF-CUSTOMER-000166"",""FF-ENGINEERINGCHANGE-000166""]"
FF-CUSTOMER-000166,Rework Completed,2023-01-30T18:42:00Z,finance_posting,FF-R-00002548,USR-064,"[""FF-CUSTOMER-000166"",""FF-BOMREVISION-000166"",""FF-PURCHASEORDERLINE-000166""]"
FF-CUSTOMER-000140,Final Inspection Failed,2023-01-30T19:00:00Z,engineering_execution,FF-R-00002550,USR-005,"[""FF-CUSTOMER-000140"",""FF-OPERATION-000140""]"
FF-CUSTOMER-000140,Rework Ordered,2023-01-30T19:37:00Z,fulfilment_record,FF-R-00002551,USR-002,"[""FF-CUSTOMER-000140"",""FF-ENGINEERINGCHANGE-000140"",""FF-PURCHASEORDER-000140""]"
FF-CUSTOMER-000140,Rework Completed,2023-01-30T20:14:00Z,finance_posting,FF-R-00002552,USR-003,"[""FF-CUSTOMER-000140"",""FF-BOMREVISION-000140""]"
FF-CUSTOMER-000140,Final Inspection Passed,2023-01-30T20:51:00Z,commercial_document,FF-R-00002553,USR-004,"[""FF-CUSTOMER-000140"",""FF-WORKORDER-000140""]"
FF-CUSTOMER-000145,Final Inspection Failed,2023-01-31T10:00:00Z,engineering_execution,FF-R-00002607,USR-090,"[""FF-CUSTOMER-000145"",""FF-OPERATION-000145""]"
FF-CUSTOMER-000145,Rework Ordered,2023-01-31T10:37:00Z,fulfilment_record,FF-R-00002608,USR-087,"[""FF-CUSTOMER-000145"",""FF-ENGINEERINGCHANGE-000145"",""FF-PURCHASEORDER-000145""]"
FF-CUSTOMER-000145,Rework Completed,2023-01-31T11:14:00Z,finance_posting,FF-R-00002609,USR-088,"[""FF-CUSTOMER-000145"",""FF-BOMREVISION-000145""]"
FF-CUSTOMER-000145,Final Inspection Passed,2023-01-31T11:51:00Z,commercial_document,FF-R-00002610,USR-089,"[""FF-CUSTOMER-000145"",""FF-WORKORDER-000145"",""FF-SUPPLIER-000145""]"
FF-CUSTOMER-000170,Final Inspection Passed,2023-01-31T12:47:00Z,commercial_document,FF-R-00002624,USR-006,"[""FF-CUSTOMER-000170"",""FF-WORKORDER-000170""]"
FF-CUSTOMER-000170,Final Inspection Failed,2023-01-31T18:48:00Z,engineering_execution,FF-R-00002648,USR-007,"[""FF-CUSTOMER-000170"",""FF-OPERATION-000170""]"
FF-CUSTOMER-000150,Final Inspection Failed,2023-02-01T01:00:00Z,engineering_execution,FF-R-00002671,USR-048,"[""FF-CUSTOMER-000150"",""FF-OPERATION-000150""]"
FF-CUSTOMER-000150,Rework Ordered,2023-02-01T01:37:00Z,fulfilment_record,FF-R-00002672,USR-045,"[""FF-CUSTOMER-000150"",""FF-ENGINEERINGCHANGE-000150"",""FF-PURCHASEORDER-000150""]"
FF-CUSTOMER-000150,Rework Completed,2023-02-01T02:14:00Z,finance_posting,FF-R-00002673,USR-046,"[""FF-CUSTOMER-000150"",""FF-BOMREVISION-000150""]"
FF-CUSTOMER-000150,Final Inspection Passed,2023-02-01T02:51:00Z,commercial_document,FF-R-00002674,USR-047,"[""FF-CUSTOMER-000150"",""FF-WORKORDER-000150"",""FF-SUPPLIER-000150""]"
FF-CUSTOMER-000155,Final Inspection Failed,2023-02-01T16:00:00Z,engineering_execution,FF-R-00002729,USR-006,"[""FF-CUSTOMER-000155"",""FF-OPERATION-000155""]"
FF-CUSTOMER-000155,Rework Ordered,2023-02-01T16:37:00Z,fulfilment_record,FF-R-00002730,USR-003,"[""FF-CUSTOMER-000155"",""FF-ENGINEERINGCHANGE-000155""]"
FF-CUSTOMER-000155,Rework Completed,2023-02-01T17:14:00Z,finance_posting,FF-R-00002731,USR-004,"[""FF-CUSTOMER-000155"",""FF-BOMREVISION-000155""]"
FF-CUSTOMER-000155,Final Inspection Passed,2023-02-01T17:51:00Z,commercial_document,FF-R-00002732,USR-005,"[""FF-CUSTOMER-000155"",""FF-WORKORDER-000155"",""FF-SUPPLIER-000155""]"
FF-CUSTOMER-000185,Rework Ordered,2023-02-01T21:07:00Z,fulfilment_record,FF-R-00002746,USR-005,"[""FF-CUSTOMER-000185"",""FF-ENGINEERINGCHANGE-000185""]"
FF-CUSTOMER-000160,Final Inspection Failed,2023-02-02T07:00:00Z,engineering_execution,FF-R-00002790,USR-091,"[""FF-CUSTOMER-000160"",""FF-OPERATION-000160""]"
FF-CUSTOMER-000160,Rework Ordered,2023-02-02T07:37:00Z,fulfilment_record,FF-R-00002791,USR-088,"[""FF-CUSTOMER-000160"",""FF-ENGINEERINGCHANGE-000160"",""FF-PURCHASEORDER-000160""]"
FF-CUSTOMER-000160,Rework Completed,2023-02-02T08:14:00Z,finance_posting,FF-R-00002792,USR-089,"[""FF-CUSTOMER-000160"",""FF-BOMREVISION-000160""]"
FF-CUSTOMER-000160,Final Inspection Passed,2023-02-02T08:51:00Z,commercial_document,FF-R-00002793,USR-090,"[""FF-CUSTOMER-000160"",""FF-WORKORDER-000160""]"
FF-CUSTOMER-000189,Rework Completed,2023-02-02T15:12:00Z,finance_posting,FF-R-00002816,USR-074,"[""FF-CUSTOMER-000189"",""FF-BOMREVISION-000189""]"
FF-CUSTOMER-000165,Final Inspection Failed,2023-02-02T22:00:00Z,engineering_execution,FF-R-00002851,USR-049,"[""FF-CUSTOMER-000165"",""FF-OPERATION-000165""]"
FF-CUSTOMER-000165,Rework Ordered,2023-02-02T22:37:00Z,fulfilment_record,FF-R-00002852,USR-046,"[""FF-CUSTOMER-000165"",""FF-ENGINEERINGCHANGE-000165"",""FF-PURCHASEORDER-000165""]"
FF-CUSTOMER-000165,Rework Completed,2023-02-02T23:14:00Z,finance_posting,FF-R-00002853,USR-047,"[""FF-CUSTOMER-000165"",""FF-BOMREVISION-000165""]"
FF-CUSTOMER-000165,Final Inspection Passed,2023-02-02T23:51:00Z,commercial_document,FF-R-00002854,USR-048,"[""FF-CUSTOMER-000165"",""FF-WORKORDER-000165""]"
FF-CUSTOMER-000170,Final Inspection Failed,2023-02-03T13:00:00Z,engineering_execution,FF-R-00002913,USR-007,"[""FF-CUSTOMER-000170"",""FF-OPERATION-000170"",""FF-GOODSRECEIPT-000170""]"
FF-CUSTOMER-000170,Rework Ordered,2023-02-03T13:37:00Z,fulfilment_record,FF-R-00002914,USR-004,"[""FF-CUSTOMER-000170"",""FF-ENGINEERINGCHANGE-000170""]"
FF-CUSTOMER-000170,Rework Completed,2023-02-03T14:14:00Z,finance_posting,FF-R-00002915,USR-005,"[""FF-CUSTOMER-000170"",""FF-BOMREVISION-000170"",""FF-PURCHASEORDERLINE-000170""]"
FF-CUSTOMER-000170,Final Inspection Passed,2023-02-03T14:51:00Z,commercial_document,FF-R-00002916,USR-006,"[""FF-CUSTOMER-000170"",""FF-WORKORDER-000170""]"
FF-CUSTOMER-000199,Final Inspection Passed,2023-02-04T03:23:00Z,commercial_document,FF-R-00002965,USR-118,"[""FF-CUSTOMER-000199"",""FF-WORKORDER-000199""]"
FF-CUSTOMER-000175,Final Inspection Failed,2023-02-04T04:00:00Z,engineering_execution,FF-R-00002969,USR-092,"[""FF-CUSTOMER-000175"",""FF-OPERATION-000175""]"
FF-CUSTOMER-000175,Rework Ordered,2023-02-04T04:37:00Z,fulfilment_record,FF-R-00002970,USR-089,"[""FF-CUSTOMER-000175"",""FF-ENGINEERINGCHANGE-000175"",""FF-PURCHASEORDER-000175""]"
FF-CUSTOMER-000175,Rework Completed,2023-02-04T05:14:00Z,finance_posting,FF-R-00002971,USR-090,"[""FF-CUSTOMER-000175"",""FF-BOMREVISION-000175""]"
FF-CUSTOMER-000175,Final Inspection Passed,2023-02-04T05:51:00Z,commercial_document,FF-R-00002972,USR-091,"[""FF-CUSTOMER-000175"",""FF-WORKORDER-000175"",""FF-SUPPLIER-000175""]"
FF-CUSTOMER-000204,Rework Ordered,2023-02-04T06:26:00Z,fulfilment_record,FF-R-00002980,USR-074,"[""FF-CUSTOMER-000204"",""FF-ENGINEERINGCHANGE-000204""]"
FF-CUSTOMER-000201,Final Inspection Failed,2023-02-04T15:26:00Z,engineering_execution,FF-R-00003017,USR-026,"[""FF-CUSTOMER-000201"",""FF-OPERATION-000201""]"
FF-CUSTOMER-000180,Final Inspection Failed,2023-02-04T19:00:00Z,engineering_execution,FF-R-00003033,USR-050,"[""FF-CUSTOMER-000180"",""FF-OPERATION-000180"",""FF-GOODSRECEIPT-000180""]"
FF-CUSTOMER-000180,Rework Ordered,2023-02-04T19:37:00Z,fulfilment_record,FF-R-00003034,USR-047,"[""FF-CUSTOMER-000180"",""FF-ENGINEERINGCHANGE-000180""]"
FF-CUSTOMER-000180,Rework Completed,2023-02-04T20:14:00Z,finance_posting,FF-R-00003035,USR-048,"[""FF-CUSTOMER-000180"",""FF-BOMREVISION-000180"",""FF-PURCHASEORDERLINE-000180""]"
FF-CUSTOMER-000180,Final Inspection Passed,2023-02-04T20:51:00Z,commercial_document,FF-R-00003036,USR-049,"[""FF-CUSTOMER-000180"",""FF-WORKORDER-000180""]"
FF-CUSTOMER-000185,Final Inspection Failed,2023-02-05T10:00:00Z,engineering_execution,FF-R-00003092,USR-008,"[""FF-CUSTOMER-000185"",""FF-OPERATION-000185""]"
FF-CUSTOMER-000185,Rework Ordered,2023-02-05T10:37:00Z,fulfilment_record,FF-R-00003093,USR-005,"[""FF-CUSTOMER-000185"",""FF-ENGINEERINGCHANGE-000185"",""FF-PURCHASEORDER-000185""]"
FF-CUSTOMER-000185,Rework Completed,2023-02-05T11:14:00Z,finance_posting,FF-R-00003094,USR-006,"[""FF-CUSTOMER-000185"",""FF-BOMREVISION-000185""]"
FF-CUSTOMER-000185,Final Inspection Passed,2023-02-05T11:51:00Z,commercial_document,FF-R-00003095,USR-007,"[""FF-CUSTOMER-000185"",""FF-WORKORDER-000185"",""FF-SUPPLIER-000185""]"
FF-CUSTOMER-000212,Rework Completed,2023-02-05T12:35:00Z,finance_posting,FF-R-00003105,USR-084,"[""FF-CUSTOMER-000212"",""FF-BOMREVISION-000212"",""FF-PURCHASEORDERLINE-000212""]"
FF-CUSTOMER-000190,Final Inspection Failed,2023-02-06T01:00:00Z,engineering_execution,FF-R-00003153,USR-093,"[""FF-CUSTOMER-000190"",""FF-OPERATION-000190"",""FF-GOODSRECEIPT-000190""]"
FF-CUSTOMER-000190,Rework Ordered,2023-02-06T01:37:00Z,fulfilment_record,FF-R-00003154,USR-090,"[""FF-CUSTOMER-000190"",""FF-ENGINEERINGCHANGE-000190""]"
FF-CUSTOMER-000190,Rework Completed,2023-02-06T02:14:00Z,finance_posting,FF-R-00003155,USR-091,"[""FF-CUSTOMER-000190"",""FF-BOMREVISION-000190"",""FF-PURCHASEORDERLINE-000190""]"
FF-CUSTOMER-000190,Final Inspection Passed,2023-02-06T02:51:00Z,commercial_document,FF-R-00003156,USR-092,"[""FF-CUSTOMER-000190"",""FF-WORKORDER-000190""]"
FF-CUSTOMER-000223,Rework Ordered,2023-02-06T15:45:00Z,fulfilment_record,FF-R-00003210,USR-016,"[""FF-CUSTOMER-000223"",""FF-ENGINEERINGCHANGE-000223""]"
FF-CUSTOMER-000195,Final Inspection Failed,2023-02-06T16:00:00Z,engineering_execution,FF-R-00003211,USR-051,"[""FF-CUSTOMER-000195"",""FF-OPERATION-000195""]"
FF-CUSTOMER-000195,Rework Ordered,2023-02-06T16:37:00Z,fulfilment_record,FF-R-00003212,USR-048,"[""FF-CUSTOMER-000195"",""FF-ENGINEERINGCHANGE-000195"",""FF-PURCHASEORDER-000195""]"
FF-CUSTOMER-000195,Rework Completed,2023-02-06T17:14:00Z,finance_posting,FF-R-00003213,USR-049,"[""FF-CUSTOMER-000195"",""FF-BOMREVISION-000195""]"
FF-CUSTOMER-000195,Final Inspection Passed,2023-02-06T17:51:00Z,commercial_document,FF-R-00003214,USR-050,"[""FF-CUSTOMER-000195"",""FF-WORKORDER-000195"",""FF-SUPPLIER-000195""]"
FF-CUSTOMER-000200,Final Inspection Failed,2023-02-07T07:00:00Z,engineering_execution,FF-R-00003269,USR-009,"[""FF-CUSTOMER-000200"",""FF-OPERATION-000200""]"
FF-CUSTOMER-000200,Rework Ordered,2023-02-07T07:37:00Z,fulfilment_record,FF-R-00003270,USR-006,"[""FF-CUSTOMER-000200"",""FF-ENGINEERINGCHANGE-000200"",""FF-PURCHASEORDER-000200""]"
FF-CUSTOMER-000200,Rework Completed,2023-02-07T08:14:00Z,finance_posting,FF-R-00003271,USR-007,"[""FF-CUSTOMER-000200"",""FF-BOMREVISION-000200""]"
FF-CUSTOMER-000200,Final Inspection Passed,2023-02-07T08:51:00Z,commercial_document,FF-R-00003272,USR-008,"[""FF-CUSTOMER-000200"",""FF-WORKORDER-000200""]"
FF-CUSTOMER-000228,Final Inspection Passed,2023-02-07T18:52:00Z,commercial_document,FF-R-00003323,USR-103,"[""FF-CUSTOMER-000228"",""FF-WORKORDER-000228"",""FF-SUPPLIER-000228""]"
FF-CUSTOMER-000205,Final Inspection Failed,2023-02-07T22:00:00Z,engineering_execution,FF-R-00003335,USR-094,"[""FF-CUSTOMER-000205"",""FF-OPERATION-000205""]"
FF-CUSTOMER-000205,Rework Ordered,2023-02-07T22:37:00Z,fulfilment_record,FF-R-00003336,USR-091,"[""FF-CUSTOMER-000205"",""FF-ENGINEERINGCHANGE-000205"",""FF-PURCHASEORDER-000205""]"
FF-CUSTOMER-000205,Rework Completed,2023-02-07T23:14:00Z,finance_posting,FF-R-00003337,USR-092,"[""FF-CUSTOMER-000205"",""FF-BOMREVISION-000205""]"
FF-CUSTOMER-000205,Final Inspection Passed,2023-02-07T23:51:00Z,commercial_document,FF-R-00003338,USR-093,"[""FF-CUSTOMER-000205"",""FF-WORKORDER-000205""]"
FF-CUSTOMER-000235,Rework Completed,2023-02-08T09:05:00Z,finance_posting,FF-R-00003369,USR-094,"[""FF-CUSTOMER-000235"",""FF-BOMREVISION-000235""]"
FF-CUSTOMER-000232,Final Inspection Failed,2023-02-08T12:04:00Z,engineering_execution,FF-R-00003380,USR-045,"[""FF-CUSTOMER-000232"",""FF-OPERATION-000232""]"
FF-CUSTOMER-000210,Final Inspection Failed,2023-02-08T13:00:00Z,engineering_execution,FF-R-00003392,USR-052,"[""FF-CUSTOMER-000210"",""FF-OPERATION-000210"",""FF-GOODSRECEIPT-000210""]"
FF-CUSTOMER-000210,Rework Ordered,2023-02-08T13:37:00Z,fulfilment_record,FF-R-00003393,USR-049,"[""FF-CUSTOMER-000210"",""FF-ENGINEERINGCHANGE-000210""]"
FF-CUSTOMER-000210,Rework Completed,2023-02-08T14:14:00Z,finance_posting,FF-R-00003394,USR-050,"[""FF-CUSTOMER-000210"",""FF-BOMREVISION-000210"",""FF-PURCHASEORDERLINE-000210""]"
FF-CUSTOMER-000210,Final Inspection Passed,2023-02-08T14:51:00Z,commercial_document,FF-R-00003395,USR-051,"[""FF-CUSTOMER-000210"",""FF-WORKORDER-000210""]"
FF-CUSTOMER-000242,Rework Ordered,2023-02-09T00:11:00Z,fulfilment_record,FF-R-00003430,USR-085,"[""FF-CUSTOMER-000242"",""FF-ENGINEERINGCHANGE-000242"",""FF-PURCHASEORDER-000242""]"
FF-CUSTOMER-000215,Final Inspection Failed,2023-02-09T04:00:00Z,engineering_execution,FF-R-00003452,USR-010,"[""FF-CUSTOMER-000215"",""FF-OPERATION-000215""]"
FF-CUSTOMER-000215,Rework Ordered,2023-02-09T04:37:00Z,fulfilment_record,FF-R-00003453,USR-007,"[""FF-CUSTOMER-000215"",""FF-ENGINEERINGCHANGE-000215"",""FF-PURCHASEORDER-000215""]"
FF-CUSTOMER-000215,Rework Completed,2023-02-09T05:14:00Z,finance_posting,FF-R-00003454,USR-008,"[""FF-CUSTOMER-000215"",""FF-BOMREVISION-000215""]"
FF-CUSTOMER-000215,Final Inspection Passed,2023-02-09T05:51:00Z,commercial_document,FF-R-00003455,USR-009,"[""FF-CUSTOMER-000215"",""FF-WORKORDER-000215"",""FF-SUPPLIER-000215""]"
FF-CUSTOMER-000220,Final Inspection Failed,2023-02-09T19:00:00Z,engineering_execution,FF-R-00003512,USR-095,"[""FF-CUSTOMER-000220"",""FF-OPERATION-000220""]"
FF-CUSTOMER-000220,Rework Ordered,2023-02-09T19:37:00Z,fulfilment_record,FF-R-00003513,USR-092,"[""FF-CUSTOMER-000220"",""FF-ENGINEERINGCHANGE-000220"",""FF-PURCHASEORDER-000220""]"
FF-CUSTOMER-000220,Rework Completed,2023-02-09T20:14:00Z,finance_posting,FF-R-00003514,USR-093,"[""FF-CUSTOMER-000220"",""FF-BOMREVISION-000220""]"
FF-CUSTOMER-000220,Final Inspection Passed,2023-02-09T20:51:00Z,commercial_document,FF-R-00003515,USR-094,"[""FF-CUSTOMER-000220"",""FF-WORKORDER-000220""]"
FF-CUSTOMER-000225,Final Inspection Failed,2023-02-10T10:00:00Z,engineering_execution,FF-R-00003575,USR-053,"[""FF-CUSTOMER-000225"",""FF-OPERATION-000225""]"
FF-CUSTOMER-000225,Rework Ordered,2023-02-10T10:37:00Z,fulfilment_record,FF-R-00003576,USR-050,"[""FF-CUSTOMER-000225"",""FF-ENGINEERINGCHANGE-000225"",""FF-PURCHASEORDER-000225""]"
FF-CUSTOMER-000225,Rework Completed,2023-02-10T11:14:00Z,finance_posting,FF-R-00003577,USR-051,"[""FF-CUSTOMER-000225"",""FF-BOMREVISION-000225""]"
FF-CUSTOMER-000225,Final Inspection Passed,2023-02-10T11:51:00Z,commercial_document,FF-R-00003578,USR-052,"[""FF-CUSTOMER-000225"",""FF-WORKORDER-000225""]"
FF-CUSTOMER-000230,Final Inspection Failed,2023-02-11T01:00:00Z,engineering_execution,FF-R-00003630,USR-011,"[""FF-CUSTOMER-000230"",""FF-OPERATION-000230""]"
FF-CUSTOMER-000230,Rework Ordered,2023-02-11T01:37:00Z,fulfilment_record,FF-R-00003631,USR-008,"[""FF-CUSTOMER-000230"",""FF-ENGINEERINGCHANGE-000230"",""FF-PURCHASEORDER-000230""]"
FF-CUSTOMER-000230,Rework Completed,2023-02-11T02:14:00Z,finance_posting,FF-R-00003632,USR-009,"[""FF-CUSTOMER-000230"",""FF-BOMREVISION-000230""]"
FF-CUSTOMER-000230,Final Inspection Passed,2023-02-11T02:51:00Z,commercial_document,FF-R-00003633,USR-010,"[""FF-CUSTOMER-000230"",""FF-WORKORDER-000230"",""FF-SUPPLIER-000230""]"
FF-CUSTOMER-000258,Rework Completed,2023-02-11T06:28:00Z,finance_posting,FF-R-00003654,USR-104,"[""FF-CUSTOMER-000258"",""FF-BOMREVISION-000258""]"
FF-CUSTOMER-000257,Final Inspection Passed,2023-02-11T09:28:00Z,commercial_document,FF-R-00003667,USR-088,"[""FF-CUSTOMER-000257"",""FF-WORKORDER-000257""]"
FF-CUSTOMER-000261,Rework Ordered,2023-02-11T09:30:00Z,fulfilment_record,FF-R-00003668,USR-027,"[""FF-CUSTOMER-000261"",""FF-ENGINEERINGCHANGE-000261""]"
FF-CUSTOMER-000235,Final Inspection Failed,2023-02-11T16:00:00Z,engineering_execution,FF-R-00003695,USR-096,"[""FF-CUSTOMER-000235"",""FF-OPERATION-000235"",""FF-GOODSRECEIPT-000235""]"
FF-CUSTOMER-000235,Rework Ordered,2023-02-11T16:37:00Z,fulfilment_record,FF-R-00003696,USR-093,"[""FF-CUSTOMER-000235"",""FF-ENGINEERINGCHANGE-000235""]"
FF-CUSTOMER-000235,Rework Completed,2023-02-11T17:14:00Z,finance_posting,FF-R-00003697,USR-094,"[""FF-CUSTOMER-000235"",""FF-BOMREVISION-000235"",""FF-PURCHASEORDERLINE-000235""]"
FF-CUSTOMER-000235,Final Inspection Passed,2023-02-11T17:51:00Z,commercial_document,FF-R-00003698,USR-095,"[""FF-CUSTOMER-000235"",""FF-WORKORDER-000235""]"
FF-CUSTOMER-000240,Final Inspection Failed,2023-02-12T07:00:00Z,engineering_execution,FF-R-00003753,USR-054,"[""FF-CUSTOMER-000240"",""FF-OPERATION-000240"",""FF-GOODSRECEIPT-000240""]"
FF-CUSTOMER-000240,Rework Ordered,2023-02-12T07:37:00Z,fulfilment_record,FF-R-00003754,USR-051,"[""FF-CUSTOMER-000240"",""FF-ENGINEERINGCHANGE-000240""]"
FF-CUSTOMER-000240,Rework Completed,2023-02-12T08:14:00Z,finance_posting,FF-R-00003755,USR-052,"[""FF-CUSTOMER-000240"",""FF-BOMREVISION-000240"",""FF-PURCHASEORDERLINE-000240""]"
FF-CUSTOMER-000240,Final Inspection Passed,2023-02-12T08:51:00Z,commercial_document,FF-R-00003756,USR-053,"[""FF-CUSTOMER-000240"",""FF-WORKORDER-000240""]"
FF-CUSTOMER-000263,Final Inspection Failed,2023-02-12T09:35:00Z,engineering_execution,FF-R-00003769,USR-064,"[""FF-CUSTOMER-000263"",""FF-OPERATION-000263""]"
FF-CUSTOMER-000245,Final Inspection Failed,2023-02-12T22:00:00Z,engineering_execution,FF-R-00003814,USR-012,"[""FF-CUSTOMER-000245"",""FF-OPERATION-000245"",""FF-GOODSRECEIPT-000245""]"
FF-CUSTOMER-000245,Rework Ordered,2023-02-12T22:37:00Z,fulfilment_record,FF-R-00003815,USR-009,"[""FF-CUSTOMER-000245"",""FF-ENGINEERINGCHANGE-000245""]"
FF-CUSTOMER-000245,Rework Completed,2023-02-12T23:14:00Z,finance_posting,FF-R-00003816,USR-010,"[""FF-CUSTOMER-000245"",""FF-BOMREVISION-000245"",""FF-PURCHASEORDERLINE-000245""]"
FF-CUSTOMER-000245,Final Inspection Passed,2023-02-12T23:51:00Z,commercial_document,FF-R-00003817,USR-011,"[""FF-CUSTOMER-000245"",""FF-WORKORDER-000245""]"
FF-CUSTOMER-000250,Final Inspection Failed,2023-02-13T13:00:00Z,engineering_execution,FF-R-00003874,USR-097,"[""FF-CUSTOMER-000250"",""FF-OPERATION-000250"",""FF-GOODSRECEIPT-000250""]"
FF-CUSTOMER-000250,Rework Ordered,2023-02-13T13:37:00Z,fulfilment_record,FF-R-00003875,USR-094,"[""FF-CUSTOMER-000250"",""FF-ENGINEERINGCHANGE-000250""]"
FF-CUSTOMER-000250,Rework Completed,2023-02-13T14:14:00Z,finance_posting,FF-R-00003876,USR-095,"[""FF-CUSTOMER-000250"",""FF-BOMREVISION-000250"",""FF-PURCHASEORDERLINE-000250""]"
FF-CUSTOMER-000250,Final Inspection Passed,2023-02-13T14:51:00Z,commercial_document,FF-R-00003877,USR-096,"[""FF-CUSTOMER-000250"",""FF-WORKORDER-000250""]"
FF-CUSTOMER-000280,Rework Ordered,2023-02-13T18:49:00Z,fulfilment_record,FF-R-00003899,USR-096,"[""FF-CUSTOMER-000280"",""FF-ENGINEERINGCHANGE-000280""]"
FF-CUSTOMER-000281,Rework Completed,2023-02-14T03:51:00Z,finance_posting,FF-R-00003933,USR-114,"[""FF-CUSTOMER-000281"",""FF-BOMREVISION-000281""]"
FF-CUSTOMER-000255,Final Inspection Failed,2023-02-14T04:00:00Z,engineering_execution,FF-R-00003934,USR-055,"[""FF-CUSTOMER-000255"",""FF-OPERATION-000255"",""FF-GOODSRECEIPT-000255""]"
FF-CUSTOMER-000255,Rework Ordered,2023-02-14T04:37:00Z,fulfilment_record,FF-R-00003935,USR-052,"[""FF-CUSTOMER-000255"",""FF-ENGINEERINGCHANGE-000255""]"
FF-CUSTOMER-000255,Rework Completed,2023-02-14T05:14:00Z,finance_posting,FF-R-00003936,USR-053,"[""FF-CUSTOMER-000255"",""FF-BOMREVISION-000255"",""FF-PURCHASEORDERLINE-000255""]"
FF-CUSTOMER-000255,Final Inspection Passed,2023-02-14T05:51:00Z,commercial_document,FF-R-00003937,USR-054,"[""FF-CUSTOMER-000255"",""FF-WORKORDER-000255""]"
FF-CUSTOMER-000260,Final Inspection Failed,2023-02-14T19:00:00Z,engineering_execution,FF-R-00003995,USR-013,"[""FF-CUSTOMER-000260"",""FF-OPERATION-000260""]"
FF-CUSTOMER-000260,Rework Ordered,2023-02-14T19:37:00Z,fulfilment_record,FF-R-00003996,USR-010,"[""FF-CUSTOMER-000260"",""FF-ENGINEERINGCHANGE-000260"",""FF-PURCHASEORDER-000260""]"
FF-CUSTOMER-000260,Rework Completed,2023-02-14T20:14:00Z,finance_posting,FF-R-00003997,USR-011,"[""FF-CUSTOMER-000260"",""FF-BOMREVISION-000260""]"
FF-CUSTOMER-000260,Final Inspection Passed,2023-02-14T20:51:00Z,commercial_document,FF-R-00003998,USR-012,"[""FF-CUSTOMER-000260"",""FF-WORKORDER-000260"",""FF-SUPPLIER-000260""]"
FF-CUSTOMER-000286,Final Inspection Passed,2023-02-15T00:04:00Z,commercial_document,FF-R-00004009,USR-073,"[""FF-CUSTOMER-000286"",""FF-WORKORDER-000286""]"
FF-CUSTOMER-000265,Final Inspection Failed,2023-02-15T10:00:00Z,engineering_execution,FF-R-00004050,USR-098,"[""FF-CUSTOMER-000265"",""FF-OPERATION-000265""]"
FF-CUSTOMER-000265,Rework Ordered,2023-02-15T10:37:00Z,fulfilment_record,FF-R-00004051,USR-095,"[""FF-CUSTOMER-000265"",""FF-ENGINEERINGCHANGE-000265"",""FF-PURCHASEORDER-000265""]"
FF-CUSTOMER-000265,Rework Completed,2023-02-15T11:14:00Z,finance_posting,FF-R-00004052,USR-096,"[""FF-CUSTOMER-000265"",""FF-BOMREVISION-000265""]"
FF-CUSTOMER-000265,Final Inspection Passed,2023-02-15T11:51:00Z,commercial_document,FF-R-00004053,USR-097,"[""FF-CUSTOMER-000265"",""FF-WORKORDER-000265""]"
FF-CUSTOMER-000270,Final Inspection Failed,2023-02-16T01:00:00Z,engineering_execution,FF-R-00004114,USR-056,"[""FF-CUSTOMER-000270"",""FF-OPERATION-000270"",""FF-GOODSRECEIPT-000270""]"
FF-CUSTOMER-000270,Rework Ordered,2023-02-16T01:37:00Z,fulfilment_record,FF-R-00004115,USR-053,"[""FF-CUSTOMER-000270"",""FF-ENGINEERINGCHANGE-000270""]"
FF-CUSTOMER-000270,Rework Completed,2023-02-16T02:14:00Z,finance_posting,FF-R-00004116,USR-054,"[""FF-CUSTOMER-000270"",""FF-BOMREVISION-000270"",""FF-PURCHASEORDERLINE-000270""]"
FF-CUSTOMER-000270,Final Inspection Passed,2023-02-16T02:51:00Z,commercial_document,FF-R-00004117,USR-055,"[""FF-CUSTOMER-000270"",""FF-WORKORDER-000270""]"
FF-CUSTOMER-000299,Rework Ordered,2023-02-16T03:15:00Z,fulfilment_record,FF-R-00004119,USR-038,"[""FF-CUSTOMER-000299"",""FF-ENGINEERINGCHANGE-000299"",""FF-PURCHASEORDER-000299""]"
FF-CUSTOMER-000294,Final Inspection Failed,2023-02-16T06:13:00Z,engineering_execution,FF-R-00004130,USR-083,"[""FF-CUSTOMER-000294"",""FF-OPERATION-000294""]"
FF-CUSTOMER-000275,Final Inspection Failed,2023-02-16T16:00:00Z,engineering_execution,FF-R-00004176,USR-014,"[""FF-CUSTOMER-000275"",""FF-OPERATION-000275""]"
FF-CUSTOMER-000275,Rework Ordered,2023-02-16T16:37:00Z,fulfilment_record,FF-R-00004177,USR-011,"[""FF-CUSTOMER-000275"",""FF-ENGINEERINGCHANGE-000275""]"
FF-CUSTOMER-000275,Rework Completed,2023-02-16T17:14:00Z,finance_posting,FF-R-00004178,USR-012,"[""FF-CUSTOMER-000275"",""FF-BOMREVISION-000275""]"
FF-CUSTOMER-000275,Final Inspection Passed,2023-02-16T17:51:00Z,commercial_document,FF-R-00004179,USR-013,"[""FF-CUSTOMER-000275"",""FF-WORKORDER-000275"",""FF-SUPPLIER-000275""]"
FF-CUSTOMER-000304,Rework Completed,2023-02-17T00:21:00Z,finance_posting,FF-R-00004205,USR-124,"[""FF-CUSTOMER-000304"",""FF-BOMREVISION-000304""]"
FF-CUSTOMER-000280,Final Inspection Failed,2023-02-17T07:00:00Z,engineering_execution,FF-R-00004237,USR-099,"[""FF-CUSTOMER-000280"",""FF-OPERATION-000280""]"
FF-CUSTOMER-000280,Rework Ordered,2023-02-17T07:37:00Z,fulfilment_record,FF-R-00004238,USR-096,"[""FF-CUSTOMER-000280"",""FF-ENGINEERINGCHANGE-000280"",""FF-PURCHASEORDER-000280""]"
FF-CUSTOMER-000280,Rework Completed,2023-02-17T08:14:00Z,finance_posting,FF-R-00004239,USR-097,"[""FF-CUSTOMER-000280"",""FF-BOMREVISION-000280""]"
FF-CUSTOMER-000280,Final Inspection Passed,2023-02-17T08:51:00Z,commercial_document,FF-R-00004240,USR-098,"[""FF-CUSTOMER-000280"",""FF-WORKORDER-000280""]"
FF-CUSTOMER-000285,Final Inspection Failed,2023-02-17T22:00:00Z,engineering_execution,FF-R-00004294,USR-057,"[""FF-CUSTOMER-000285"",""FF-OPERATION-000285"",""FF-GOODSRECEIPT-000285""]"
FF-CUSTOMER-000285,Rework Ordered,2023-02-17T22:37:00Z,fulfilment_record,FF-R-00004295,USR-054,"[""FF-CUSTOMER-000285"",""FF-ENGINEERINGCHANGE-000285""]"
FF-CUSTOMER-000285,Rework Completed,2023-02-17T23:14:00Z,finance_posting,FF-R-00004296,USR-055,"[""FF-CUSTOMER-000285"",""FF-BOMREVISION-000285"",""FF-PURCHASEORDERLINE-000285""]"
FF-CUSTOMER-000285,Final Inspection Passed,2023-02-17T23:51:00Z,commercial_document,FF-R-00004297,USR-056,"[""FF-CUSTOMER-000285"",""FF-WORKORDER-000285""]"
FF-CUSTOMER-000318,Rework Ordered,2023-02-18T12:34:00Z,fulfilment_record,FF-R-00004357,USR-107,"[""FF-CUSTOMER-000318"",""FF-ENGINEERINGCHANGE-000318"",""FF-PURCHASEORDER-000318""]"
FF-CUSTOMER-000290,Final Inspection Failed,2023-02-18T13:00:00Z,engineering_execution,FF-R-00004358,USR-015,"[""FF-CUSTOMER-000290"",""FF-OPERATION-000290""]"
FF-CUSTOMER-000290,Rework Ordered,2023-02-18T13:37:00Z,fulfilment_record,FF-R-00004359,USR-012,"[""FF-CUSTOMER-000290"",""FF-ENGINEERINGCHANGE-000290""]"
FF-CUSTOMER-000290,Rework Completed,2023-02-18T14:14:00Z,finance_posting,FF-R-00004360,USR-013,"[""FF-CUSTOMER-000290"",""FF-BOMREVISION-000290""]"
FF-CUSTOMER-000290,Final Inspection Passed,2023-02-18T14:51:00Z,commercial_document,FF-R-00004361,USR-014,"[""FF-CUSTOMER-000290"",""FF-WORKORDER-000290"",""FF-SUPPLIER-000290""]"
FF-CUSTOMER-000315,Final Inspection Passed,2023-02-18T15:33:00Z,commercial_document,FF-R-00004371,USR-058,"[""FF-CUSTOMER-000315"",""FF-WORKORDER-000315""]"
FF-CUSTOMER-000295,Final Inspection Failed,2023-02-19T04:00:00Z,engineering_execution,FF-R-00004415,USR-100,"[""FF-CUSTOMER-000295"",""FF-OPERATION-000295"",""FF-GOODSRECEIPT-000295""]"
FF-CUSTOMER-000295,Rework Ordered,2023-02-19T04:37:00Z,fulfilment_record,FF-R-00004416,USR-097,"[""FF-CUSTOMER-000295"",""FF-ENGINEERINGCHANGE-000295""]"
FF-CUSTOMER-000295,Rework Completed,2023-02-19T05:14:00Z,finance_posting,FF-R-00004417,USR-098,"[""FF-CUSTOMER-000295"",""FF-BOMREVISION-000295"",""FF-PURCHASEORDERLINE-000295""]"
FF-CUSTOMER-000295,Final Inspection Passed,2023-02-19T05:51:00Z,commercial_document,FF-R-00004418,USR-099,"[""FF-CUSTOMER-000295"",""FF-WORKORDER-000295""]"
FF-CUSTOMER-000300,Final Inspection Failed,2023-02-19T19:00:00Z,engineering_execution,FF-R-00004476,USR-058,"[""FF-CUSTOMER-000300"",""FF-OPERATION-000300"",""FF-GOODSRECEIPT-000300""]"
FF-CUSTOMER-000300,Rework Ordered,2023-02-19T19:37:00Z,fulfilment_record,FF-R-00004477,USR-055,"[""FF-CUSTOMER-000300"",""FF-ENGINEERINGCHANGE-000300""]"
FF-CUSTOMER-000300,Rework Completed,2023-02-19T20:14:00Z,finance_posting,FF-R-00004478,USR-056,"[""FF-CUSTOMER-000300"",""FF-BOMREVISION-000300"",""FF-PURCHASEORDERLINE-000300""]"
FF-CUSTOMER-000300,Final Inspection Passed,2023-02-19T20:51:00Z,commercial_document,FF-R-00004479,USR-057,"[""FF-CUSTOMER-000300"",""FF-WORKORDER-000300""]"
FF-CUSTOMER-000327,Rework Completed,2023-02-19T21:44:00Z,finance_posting,FF-R-00004491,USR-007,"[""FF-CUSTOMER-000327"",""FF-BOMREVISION-000327""]"
FF-CUSTOMER-000325,Final Inspection Failed,2023-02-20T03:44:00Z,engineering_execution,FF-R-00004514,USR-102,"[""FF-CUSTOMER-000325"",""FF-OPERATION-000325"",""FF-GOODSRECEIPT-000325""]"
FF-CUSTOMER-000305,Final Inspection Failed,2023-02-20T10:00:00Z,engineering_execution,FF-R-00004535,USR-016,"[""FF-CUSTOMER-000305"",""FF-OPERATION-000305""]"
FF-CUSTOMER-000305,Rework Ordered,2023-02-20T10:37:00Z,fulfilment_record,FF-R-00004536,USR-013,"[""FF-CUSTOMER-000305"",""FF-ENGINEERINGCHANGE-000305"",""FF-PURCHASEORDER-000305""]"
FF-CUSTOMER-000305,Rework Completed,2023-02-20T11:14:00Z,finance_posting,FF-R-00004537,USR-014,"[""FF-CUSTOMER-000305"",""FF-BOMREVISION-000305""]"
FF-CUSTOMER-000305,Final Inspection Passed,2023-02-20T11:51:00Z,commercial_document,FF-R-00004538,USR-015,"[""FF-CUSTOMER-000305"",""FF-WORKORDER-000305"",""FF-SUPPLIER-000305""]"
FF-CUSTOMER-000337,Rework Ordered,2023-02-20T21:00:00Z,fulfilment_record,FF-R-00004571,USR-049,"[""FF-CUSTOMER-000337"",""FF-ENGINEERINGCHANGE-000337""]"
FF-CUSTOMER-000310,Final Inspection Failed,2023-02-21T01:00:00Z,engineering_execution,FF-R-00004595,USR-101,"[""FF-CUSTOMER-000310"",""FF-OPERATION-000310""]"
FF-CUSTOMER-000310,Rework Ordered,2023-02-21T01:37:00Z,fulfilment_record,FF-R-00004596,USR-098,"[""FF-CUSTOMER-000310"",""FF-ENGINEERINGCHANGE-000310"",""FF-PURCHASEORDER-000310""]"
FF-CUSTOMER-000310,Rework Completed,2023-02-21T02:14:00Z,finance_posting,FF-R-00004597,USR-099,"[""FF-CUSTOMER-000310"",""FF-BOMREVISION-000310""]"
FF-CUSTOMER-000310,Final Inspection Passed,2023-02-21T02:51:00Z,commercial_document,FF-R-00004598,USR-100,"[""FF-CUSTOMER-000310"",""FF-WORKORDER-000310"",""FF-SUPPLIER-000310""]"
FF-CUSTOMER-000315,Final Inspection Failed,2023-02-21T16:00:00Z,engineering_execution,FF-R-00004658,USR-059,"[""FF-CUSTOMER-000315"",""FF-OPERATION-000315""]"
FF-CUSTOMER-000315,Rework Ordered,2023-02-21T16:37:00Z,fulfilment_record,FF-R-00004659,USR-056,"[""FF-CUSTOMER-000315"",""FF-ENGINEERINGCHANGE-000315"",""FF-PURCHASEORDER-000315""]"
FF-CUSTOMER-000315,Rework Completed,2023-02-21T17:14:00Z,finance_posting,FF-R-00004660,USR-057,"[""FF-CUSTOMER-000315"",""FF-BOMREVISION-000315""]"
FF-CUSTOMER-000315,Final Inspection Passed,2023-02-21T17:51:00Z,commercial_document,FF-R-00004661,USR-058,"[""FF-CUSTOMER-000315"",""FF-WORKORDER-000315""]"
FF-CUSTOMER-000344,Final Inspection Passed,2023-02-22T06:09:00Z,commercial_document,FF-R-00004705,USR-043,"[""FF-CUSTOMER-000344"",""FF-WORKORDER-000344""]"
FF-CUSTOMER-000320,Final Inspection Failed,2023-02-22T07:00:00Z,engineering_execution,FF-R-00004716,USR-017,"[""FF-CUSTOMER-000320"",""FF-OPERATION-000320""]"
FF-CUSTOMER-000320,Rework Ordered,2023-02-22T07:37:00Z,fulfilment_record,FF-R-00004717,USR-014,"[""FF-CUSTOMER-000320"",""FF-ENGINEERINGCHANGE-000320"",""FF-PURCHASEORDER-000320""]"
FF-CUSTOMER-000320,Rework Completed,2023-02-22T08:14:00Z,finance_posting,FF-R-00004718,USR-015,"[""FF-CUSTOMER-000320"",""FF-BOMREVISION-000320""]"
FF-CUSTOMER-000320,Final Inspection Passed,2023-02-22T08:51:00Z,commercial_document,FF-R-00004719,USR-016,"[""FF-CUSTOMER-000320"",""FF-WORKORDER-000320"",""FF-SUPPLIER-000320""]"
FF-CUSTOMER-000350,Rework Completed,2023-02-22T18:14:00Z,finance_posting,FF-R-00004757,USR-017,"[""FF-CUSTOMER-000350"",""FF-BOMREVISION-000350""]"
FF-CUSTOMER-000325,Final Inspection Failed,2023-02-22T22:00:00Z,engineering_execution,FF-R-00004779,USR-102,"[""FF-CUSTOMER-000325"",""FF-OPERATION-000325""]"
FF-CUSTOMER-000325,Rework Ordered,2023-02-22T22:37:00Z,fulfilment_record,FF-R-00004780,USR-099,"[""FF-CUSTOMER-000325"",""FF-ENGINEERINGCHANGE-000325""]"
FF-CUSTOMER-000325,Rework Completed,2023-02-22T23:14:00Z,finance_posting,FF-R-00004781,USR-100,"[""FF-CUSTOMER-000325"",""FF-BOMREVISION-000325""]"
FF-CUSTOMER-000325,Final Inspection Passed,2023-02-22T23:51:00Z,commercial_document,FF-R-00004782,USR-101,"[""FF-CUSTOMER-000325"",""FF-WORKORDER-000325"",""FF-SUPPLIER-000325""]"
FF-CUSTOMER-000356,Rework Ordered,2023-02-23T06:19:00Z,fulfilment_record,FF-R-00004805,USR-118,"[""FF-CUSTOMER-000356"",""FF-ENGINEERINGCHANGE-000356"",""FF-PURCHASEORDER-000356""]"
FF-CUSTOMER-000330,Final Inspection Failed,2023-02-23T13:00:00Z,engineering_execution,FF-R-00004834,USR-060,"[""FF-CUSTOMER-000330"",""FF-OPERATION-000330""]"
FF-CUSTOMER-000330,Rework Ordered,2023-02-23T13:37:00Z,fulfilment_record,FF-R-00004835,USR-057,"[""FF-CUSTOMER-000330"",""FF-ENGINEERINGCHANGE-000330"",""FF-PURCHASEORDER-000330""]"
FF-CUSTOMER-000330,Rework Completed,2023-02-23T14:14:00Z,finance_posting,FF-R-00004836,USR-058,"[""FF-CUSTOMER-000330"",""FF-BOMREVISION-000330""]"
FF-CUSTOMER-000330,Final Inspection Passed,2023-02-23T14:51:00Z,commercial_document,FF-R-00004837,USR-059,"[""FF-CUSTOMER-000330"",""FF-WORKORDER-000330""]"
FF-CUSTOMER-000356,Final Inspection Failed,2023-02-24T00:22:00Z,engineering_execution,FF-R-00004882,USR-121,"[""FF-CUSTOMER-000356"",""FF-OPERATION-000356"",""FF-GOODSRECEIPT-000356""]"
FF-CUSTOMER-000335,Final Inspection Failed,2023-02-24T04:00:00Z,engineering_execution,FF-R-00004896,USR-018,"[""FF-CUSTOMER-000335"",""FF-OPERATION-000335"",""FF-GOODSRECEIPT-000335""]"
FF-CUSTOMER-000335,Rework Ordered,2023-02-24T04:37:00Z,fulfilment_record,FF-R-00004897,USR-015,"[""FF-CUSTOMER-000335"",""FF-ENGINEERINGCHANGE-000335""]"
FF-CUSTOMER-000335,Rework Completed,2023-02-24T05:14:00Z,finance_posting,FF-R-00004898,USR-016,"[""FF-CUSTOMER-000335"",""FF-BOMREVISION-000335"",""FF-PURCHASEORDERLINE-000335""]"
FF-CUSTOMER-000335,Final Inspection Passed,2023-02-24T05:51:00Z,commercial_document,FF-R-00004899,USR-017,"[""FF-CUSTOMER-000335"",""FF-WORKORDER-000335""]"
FF-CUSTOMER-000340,Final Inspection Failed,2023-02-24T19:00:00Z,engineering_execution,FF-R-00004959,USR-103,"[""FF-CUSTOMER-000340"",""FF-OPERATION-000340""]"
FF-CUSTOMER-000340,Rework Ordered,2023-02-24T19:37:00Z,fulfilment_record,FF-R-00004960,USR-100,"[""FF-CUSTOMER-000340"",""FF-ENGINEERINGCHANGE-000340"",""FF-PURCHASEORDER-000340""]"
FF-CUSTOMER-000340,Rework Completed,2023-02-24T20:14:00Z,finance_posting,FF-R-00004961,USR-101,"[""FF-CUSTOMER-000340"",""FF-BOMREVISION-000340""]"
FF-CUSTOMER-000340,Final Inspection Passed,2023-02-24T20:51:00Z,commercial_document,FF-R-00004962,USR-102,"[""FF-CUSTOMER-000340"",""FF-WORKORDER-000340"",""FF-SUPPLIER-000340""]"
FF-CUSTOMER-000345,Final Inspection Failed,2023-02-25T10:00:00Z,engineering_execution,FF-R-00005019,USR-061,"[""FF-CUSTOMER-000345"",""FF-OPERATION-000345""]"
FF-CUSTOMER-000345,Rework Ordered,2023-02-25T10:37:00Z,fulfilment_record,FF-R-00005020,USR-058,"[""FF-CUSTOMER-000345"",""FF-ENGINEERINGCHANGE-000345"",""FF-PURCHASEORDER-000345""]"
FF-CUSTOMER-000345,Rework Completed,2023-02-25T11:14:00Z,finance_posting,FF-R-00005021,USR-059,"[""FF-CUSTOMER-000345"",""FF-BOMREVISION-000345""]"
FF-CUSTOMER-000345,Final Inspection Passed,2023-02-25T11:51:00Z,commercial_document,FF-R-00005022,USR-060,"[""FF-CUSTOMER-000345"",""FF-WORKORDER-000345""]"
FF-CUSTOMER-000373,Rework Completed,2023-02-25T15:37:00Z,finance_posting,FF-R-00005043,USR-027,"[""FF-CUSTOMER-000373"",""FF-BOMREVISION-000373""]"
FF-CUSTOMER-000375,Rework Ordered,2023-02-25T15:38:00Z,fulfilment_record,FF-R-00005044,USR-060,"[""FF-CUSTOMER-000375"",""FF-ENGINEERINGCHANGE-000375"",""FF-PURCHASEORDER-000375""]"
FF-CUSTOMER-000373,Final Inspection Passed,2023-02-25T21:38:00Z,commercial_document,FF-R-00005065,USR-028,"[""FF-CUSTOMER-000373"",""FF-WORKORDER-000373"",""FF-SUPPLIER-000373""]"
FF-CUSTOMER-000350,Final Inspection Failed,2023-02-26T01:00:00Z,engineering_execution,FF-R-00005078,USR-019,"[""FF-CUSTOMER-000350"",""FF-OPERATION-000350"",""FF-GOODSRECEIPT-000350""]"
FF-CUSTOMER-000350,Rework Ordered,2023-02-26T01:37:00Z,fulfilment_record,FF-R-00005079,USR-016,"[""FF-CUSTOMER-000350"",""FF-ENGINEERINGCHANGE-000350""]"
FF-CUSTOMER-000350,Rework Completed,2023-02-26T02:14:00Z,finance_posting,FF-R-00005080,USR-017,"[""FF-CUSTOMER-000350"",""FF-BOMREVISION-000350"",""FF-PURCHASEORDERLINE-000350""]"
FF-CUSTOMER-000350,Final Inspection Passed,2023-02-26T02:51:00Z,commercial_document,FF-R-00005081,USR-018,"[""FF-CUSTOMER-000350"",""FF-WORKORDER-000350""]"
FF-CUSTOMER-000355,Final Inspection Failed,2023-02-26T16:00:00Z,engineering_execution,FF-R-00005140,USR-104,"[""FF-CUSTOMER-000355"",""FF-OPERATION-000355"",""FF-GOODSRECEIPT-000355""]"
FF-CUSTOMER-000355,Rework Ordered,2023-02-26T16:37:00Z,fulfilment_record,FF-R-00005141,USR-101,"[""FF-CUSTOMER-000355"",""FF-ENGINEERINGCHANGE-000355""]"
FF-CUSTOMER-000355,Rework Completed,2023-02-26T17:14:00Z,finance_posting,FF-R-00005142,USR-102,"[""FF-CUSTOMER-000355"",""FF-BOMREVISION-000355"",""FF-PURCHASEORDERLINE-000355""]"
FF-CUSTOMER-000355,Final Inspection Passed,2023-02-26T17:51:00Z,commercial_document,FF-R-00005143,USR-103,"[""FF-CUSTOMER-000355"",""FF-WORKORDER-000355""]"
FF-CUSTOMER-000360,Final Inspection Failed,2023-02-27T07:00:00Z,engineering_execution,FF-R-00005197,USR-062,"[""FF-CUSTOMER-000360"",""FF-OPERATION-000360""]"
FF-CUSTOMER-000360,Rework Ordered,2023-02-27T07:37:00Z,fulfilment_record,FF-R-00005198,USR-059,"[""FF-CUSTOMER-000360"",""FF-ENGINEERINGCHANGE-000360"",""FF-PURCHASEORDER-000360""]"
FF-CUSTOMER-000360,Rework Completed,2023-02-27T08:14:00Z,finance_posting,FF-R-00005199,USR-060,"[""FF-CUSTOMER-000360"",""FF-BOMREVISION-000360""]"
FF-CUSTOMER-000360,Final Inspection Passed,2023-02-27T08:51:00Z,commercial_document,FF-R-00005200,USR-061,"[""FF-CUSTOMER-000360"",""FF-WORKORDER-000360"",""FF-SUPPLIER-000360""]"
FF-CUSTOMER-000387,Final Inspection Failed,2023-02-27T21:00:00Z,engineering_execution,FF-R-00005245,USR-013,"[""FF-CUSTOMER-000387"",""FF-OPERATION-000387""]"
FF-CUSTOMER-000365,Final Inspection Failed,2023-02-27T22:00:00Z,engineering_execution,FF-R-00005256,USR-020,"[""FF-CUSTOMER-000365"",""FF-OPERATION-000365""]"
FF-CUSTOMER-000365,Rework Ordered,2023-02-27T22:37:00Z,fulfilment_record,FF-R-00005257,USR-017,"[""FF-CUSTOMER-000365"",""FF-ENGINEERINGCHANGE-000365"",""FF-PURCHASEORDER-000365""]"
FF-CUSTOMER-000365,Rework Completed,2023-02-27T23:14:00Z,finance_posting,FF-R-00005258,USR-018,"[""FF-CUSTOMER-000365"",""FF-BOMREVISION-000365""]"
FF-CUSTOMER-000365,Final Inspection Passed,2023-02-27T23:51:00Z,commercial_document,FF-R-00005259,USR-019,"[""FF-CUSTOMER-000365"",""FF-WORKORDER-000365"",""FF-SUPPLIER-000365""]"
FF-CUSTOMER-000394,Rework Ordered,2023-02-28T00:04:00Z,fulfilment_record,FF-R-00005260,USR-002,"[""FF-CUSTOMER-000394"",""FF-ENGINEERINGCHANGE-000394""]"
FF-CUSTOMER-000396,Rework Completed,2023-02-28T12:07:00Z,finance_posting,FF-R-00005306,USR-037,"[""FF-CUSTOMER-000396"",""FF-BOMREVISION-000396"",""FF-PURCHASEORDERLINE-000396""]"
FF-CUSTOMER-000370,Final Inspection Failed,2023-02-28T13:00:00Z,engineering_execution,FF-R-00005317,USR-105,"[""FF-CUSTOMER-000370"",""FF-OPERATION-000370"",""FF-GOODSRECEIPT-000370""]"
FF-CUSTOMER-000370,Rework Ordered,2023-02-28T13:37:00Z,fulfilment_record,FF-R-00005318,USR-102,"[""FF-CUSTOMER-000370"",""FF-ENGINEERINGCHANGE-000370""]"
FF-CUSTOMER-000370,Rework Completed,2023-02-28T14:14:00Z,finance_posting,FF-R-00005319,USR-103,"[""FF-CUSTOMER-000370"",""FF-BOMREVISION-000370"",""FF-PURCHASEORDERLINE-000370""]"
FF-CUSTOMER-000370,Final Inspection Passed,2023-02-28T14:51:00Z,commercial_document,FF-R-00005320,USR-104,"[""FF-CUSTOMER-000370"",""FF-WORKORDER-000370""]"
FF-CUSTOMER-000375,Final Inspection Failed,2023-03-01T04:00:00Z,engineering_execution,FF-R-00005378,USR-063,"[""FF-CUSTOMER-000375"",""FF-OPERATION-000375"",""FF-GOODSRECEIPT-000375""]"
FF-CUSTOMER-000375,Rework Ordered,2023-03-01T04:37:00Z,fulfilment_record,FF-R-00005379,USR-060,"[""FF-CUSTOMER-000375"",""FF-ENGINEERINGCHANGE-000375""]"
FF-CUSTOMER-000375,Rework Completed,2023-03-01T05:14:00Z,finance_posting,FF-R-00005380,USR-061,"[""FF-CUSTOMER-000375"",""FF-BOMREVISION-000375"",""FF-PURCHASEORDERLINE-000375""]"
FF-CUSTOMER-000375,Final Inspection Passed,2023-03-01T05:51:00Z,commercial_document,FF-R-00005381,USR-062,"[""FF-CUSTOMER-000375"",""FF-WORKORDER-000375""]"
FF-CUSTOMER-000402,Final Inspection Passed,2023-03-01T12:14:00Z,commercial_document,FF-R-00005409,USR-013,"[""FF-CUSTOMER-000402"",""FF-WORKORDER-000402""]"
FF-CUSTOMER-000380,Final Inspection Failed,2023-03-01T19:00:00Z,engineering_execution,FF-R-00005440,USR-021,"[""FF-CUSTOMER-000380"",""FF-OPERATION-000380"",""FF-GOODSRECEIPT-000380""]"
FF-CUSTOMER-000380,Rework Ordered,2023-03-01T19:37:00Z,fulfilment_record,FF-R-00005441,USR-018,"[""FF-CUSTOMER-000380"",""FF-ENGINEERINGCHANGE-000380""]"
FF-CUSTOMER-000380,Rework Completed,2023-03-01T20:14:00Z,finance_posting,FF-R-00005442,USR-019,"[""FF-CUSTOMER-000380"",""FF-BOMREVISION-000380"",""FF-PURCHASEORDERLINE-000380""]"
FF-CUSTOMER-000380,Final Inspection Passed,2023-03-01T20:51:00Z,commercial_document,FF-R-00005443,USR-020,"[""FF-CUSTOMER-000380"",""FF-WORKORDER-000380""]"
FF-CUSTOMER-000413,Rework Ordered,2023-03-02T09:23:00Z,fulfilment_record,FF-R-00005490,USR-071,"[""FF-CUSTOMER-000413"",""FF-ENGINEERINGCHANGE-000413""]"
FF-CUSTOMER-000385,Final Inspection Failed,2023-03-02T10:00:00Z,engineering_execution,FF-R-00005496,USR-106,"[""FF-CUSTOMER-000385"",""FF-OPERATION-000385""]"
FF-CUSTOMER-000385,Rework Ordered,2023-03-02T10:37:00Z,fulfilment_record,FF-R-00005497,USR-103,"[""FF-CUSTOMER-000385"",""FF-ENGINEERINGCHANGE-000385""]"
FF-CUSTOMER-000385,Rework Completed,2023-03-02T11:14:00Z,finance_posting,FF-R-00005498,USR-104,"[""FF-CUSTOMER-000385"",""FF-BOMREVISION-000385""]"
FF-CUSTOMER-000385,Final Inspection Passed,2023-03-02T11:51:00Z,commercial_document,FF-R-00005499,USR-105,"[""FF-CUSTOMER-000385"",""FF-WORKORDER-000385"",""FF-SUPPLIER-000385""]"
FF-CUSTOMER-000390,Final Inspection Failed,2023-03-03T01:00:00Z,engineering_execution,FF-R-00005561,USR-064,"[""FF-CUSTOMER-000390"",""FF-OPERATION-000390"",""FF-GOODSRECEIPT-000390""]"
FF-CUSTOMER-000390,Rework Ordered,2023-03-03T01:37:00Z,fulfilment_record,FF-R-00005562,USR-061,"[""FF-CUSTOMER-000390"",""FF-ENGINEERINGCHANGE-000390""]"
FF-CUSTOMER-000390,Rework Completed,2023-03-03T02:14:00Z,finance_posting,FF-R-00005563,USR-062,"[""FF-CUSTOMER-000390"",""FF-BOMREVISION-000390"",""FF-PURCHASEORDERLINE-000390""]"
FF-CUSTOMER-000390,Final Inspection Passed,2023-03-03T02:51:00Z,commercial_document,FF-R-00005564,USR-063,"[""FF-CUSTOMER-000390"",""FF-WORKORDER-000390""]"
FF-CUSTOMER-000419,Rework Completed,2023-03-03T09:30:00Z,finance_posting,FF-R-00005595,USR-047,"[""FF-CUSTOMER-000419"",""FF-BOMREVISION-000419""]"
FF-CUSTOMER-000395,Final Inspection Failed,2023-03-03T16:00:00Z,engineering_execution,FF-R-00005620,USR-022,"[""FF-CUSTOMER-000395"",""FF-OPERATION-000395""]"
FF-CUSTOMER-000395,Rework Ordered,2023-03-03T16:37:00Z,fulfilment_record,FF-R-00005621,USR-019,"[""FF-CUSTOMER-000395"",""FF-ENGINEERINGCHANGE-000395"",""FF-PURCHASEORDER-000395""]"
FF-CUSTOMER-000395,Rework Completed,2023-03-03T17:14:00Z,finance_posting,FF-R-00005622,USR-020,"[""FF-CUSTOMER-000395"",""FF-BOMREVISION-000395""]"
FF-CUSTOMER-000395,Final Inspection Passed,2023-03-03T17:51:00Z,commercial_document,FF-R-00005623,USR-021,"[""FF-CUSTOMER-000395"",""FF-WORKORDER-000395"",""FF-SUPPLIER-000395""]"
FF-CUSTOMER-000418,Final Inspection Failed,2023-03-03T18:31:00Z,engineering_execution,FF-R-00005633,USR-032,"[""FF-CUSTOMER-000418"",""FF-OPERATION-000418""]"
FF-CUSTOMER-000400,Final Inspection Failed,2023-03-04T07:00:00Z,engineering_execution,FF-R-00005681,USR-107,"[""FF-CUSTOMER-000400"",""FF-OPERATION-000400""]"
FF-CUSTOMER-000400,Rework Ordered,2023-03-04T07:37:00Z,fulfilment_record,FF-R-00005682,USR-104,"[""FF-CUSTOMER-000400"",""FF-ENGINEERINGCHANGE-000400""]"
FF-CUSTOMER-000400,Rework Completed,2023-03-04T08:14:00Z,finance_posting,FF-R-00005683,USR-105,"[""FF-CUSTOMER-000400"",""FF-BOMREVISION-000400""]"
FF-CUSTOMER-000400,Final Inspection Passed,2023-03-04T08:51:00Z,commercial_document,FF-R-00005684,USR-106,"[""FF-CUSTOMER-000400"",""FF-WORKORDER-000400"",""FF-SUPPLIER-000400""]"
FF-CUSTOMER-000432,Rework Ordered,2023-03-04T18:42:00Z,fulfilment_record,FF-R-00005727,USR-013,"[""FF-CUSTOMER-000432"",""FF-ENGINEERINGCHANGE-000432""]"
FF-CUSTOMER-000405,Final Inspection Failed,2023-03-04T22:00:00Z,engineering_execution,FF-R-00005739,USR-065,"[""FF-CUSTOMER-000405"",""FF-OPERATION-000405""]"
FF-CUSTOMER-000405,Rework Ordered,2023-03-04T22:37:00Z,fulfilment_record,FF-R-00005740,USR-062,"[""FF-CUSTOMER-000405"",""FF-ENGINEERINGCHANGE-000405""]"
FF-CUSTOMER-000405,Rework Completed,2023-03-04T23:14:00Z,finance_posting,FF-R-00005741,USR-063,"[""FF-CUSTOMER-000405"",""FF-BOMREVISION-000405""]"
FF-CUSTOMER-000405,Final Inspection Passed,2023-03-04T23:51:00Z,commercial_document,FF-R-00005742,USR-064,"[""FF-CUSTOMER-000405"",""FF-WORKORDER-000405"",""FF-SUPPLIER-000405""]"
FF-CUSTOMER-000431,Final Inspection Passed,2023-03-05T03:43:00Z,commercial_document,FF-R-00005763,USR-125,"[""FF-CUSTOMER-000431"",""FF-WORKORDER-000431""]"
FF-CUSTOMER-000410,Final Inspection Failed,2023-03-05T13:00:00Z,engineering_execution,FF-R-00005803,USR-023,"[""FF-CUSTOMER-000410"",""FF-OPERATION-000410"",""FF-GOODSRECEIPT-000410""]"
FF-CUSTOMER-000410,Rework Ordered,2023-03-05T13:37:00Z,fulfilment_record,FF-R-00005804,USR-020,"[""FF-CUSTOMER-000410"",""FF-ENGINEERINGCHANGE-000410""]"
FF-CUSTOMER-000410,Rework Completed,2023-03-05T14:14:00Z,finance_posting,FF-R-00005805,USR-021,"[""FF-CUSTOMER-000410"",""FF-BOMREVISION-000410"",""FF-PURCHASEORDERLINE-000410""]"
FF-CUSTOMER-000410,Final Inspection Passed,2023-03-05T14:51:00Z,commercial_document,FF-R-00005806,USR-022,"[""FF-CUSTOMER-000410"",""FF-WORKORDER-000410""]"
FF-CUSTOMER-000415,Final Inspection Failed,2023-03-06T04:00:00Z,engineering_execution,FF-R-00005860,USR-108,"[""FF-CUSTOMER-000415"",""FF-OPERATION-000415""]"
FF-CUSTOMER-000415,Rework Ordered,2023-03-06T04:37:00Z,fulfilment_record,FF-R-00005861,USR-105,"[""FF-CUSTOMER-000415"",""FF-ENGINEERINGCHANGE-000415"",""FF-PURCHASEORDER-000415""]"
FF-CUSTOMER-000415,Rework Completed,2023-03-06T05:14:00Z,finance_posting,FF-R-00005862,USR-106,"[""FF-CUSTOMER-000415"",""FF-BOMREVISION-000415""]"
FF-CUSTOMER-000415,Final Inspection Passed,2023-03-06T05:51:00Z,commercial_document,FF-R-00005863,USR-107,"[""FF-CUSTOMER-000415"",""FF-WORKORDER-000415""]"
FF-CUSTOMER-000442,Rework Completed,2023-03-06T06:00:00Z,finance_posting,FF-R-00005864,USR-057,"[""FF-CUSTOMER-000442"",""FF-BOMREVISION-000442""]"
FF-CUSTOMER-000420,Final Inspection Failed,2023-03-06T19:00:00Z,engineering_execution,FF-R-00005916,USR-066,"[""FF-CUSTOMER-000420"",""FF-OPERATION-000420"",""FF-GOODSRECEIPT-000420""]"
FF-CUSTOMER-000420,Rework Ordered,2023-03-06T19:37:00Z,fulfilment_record,FF-R-00005917,USR-063,"[""FF-CUSTOMER-000420"",""FF-ENGINEERINGCHANGE-000420""]"
FF-CUSTOMER-000420,Rework Completed,2023-03-06T20:14:00Z,finance_posting,FF-R-00005918,USR-064,"[""FF-CUSTOMER-000420"",""FF-BOMREVISION-000420"",""FF-PURCHASEORDERLINE-000420""]"
FF-CUSTOMER-000420,Final Inspection Passed,2023-03-06T20:51:00Z,commercial_document,FF-R-00005919,USR-065,"[""FF-CUSTOMER-000420"",""FF-WORKORDER-000420""]"
FF-CUSTOMER-000451,Rework Ordered,2023-03-07T03:08:00Z,fulfilment_record,FF-R-00005946,USR-082,"[""FF-CUSTOMER-000451"",""FF-ENGINEERINGCHANGE-000451""]"
FF-CUSTOMER-000425,Final Inspection Failed,2023-03-07T10:00:00Z,engineering_execution,FF-R-00005981,USR-024,"[""FF-CUSTOMER-000425"",""FF-OPERATION-000425"",""FF-GOODSRECEIPT-000425""]"
FF-CUSTOMER-000425,Rework Ordered,2023-03-07T10:37:00Z,fulfilment_record,FF-R-00005982,USR-021,"[""FF-CUSTOMER-000425"",""FF-ENGINEERINGCHANGE-000425""]"
FF-CUSTOMER-000425,Rework Completed,2023-03-07T11:14:00Z,finance_posting,FF-R-00005983,USR-022,"[""FF-CUSTOMER-000425"",""FF-BOMREVISION-000425"",""FF-PURCHASEORDERLINE-000425""]"
FF-CUSTOMER-000425,Final Inspection Passed,2023-03-07T11:51:00Z,commercial_document,FF-R-00005984,USR-023,"[""FF-CUSTOMER-000425"",""FF-WORKORDER-000425""]"
FF-CUSTOMER-000449,Final Inspection Failed,2023-03-07T15:09:00Z,engineering_execution,FF-R-00005996,USR-051,"[""FF-CUSTOMER-000449"",""FF-OPERATION-000449""]"
FF-CUSTOMER-000430,Final Inspection Failed,2023-03-08T01:00:00Z,engineering_execution,FF-R-00006040,USR-109,"[""FF-CUSTOMER-000430"",""FF-OPERATION-000430"",""FF-GOODSRECEIPT-000430""]"
FF-CUSTOMER-000430,Rework Ordered,2023-03-08T01:37:00Z,fulfilment_record,FF-R-00006041,USR-106,"[""FF-CUSTOMER-000430"",""FF-ENGINEERINGCHANGE-000430""]"
FF-CUSTOMER-000430,Rework Completed,2023-03-08T02:14:00Z,finance_posting,FF-R-00006042,USR-107,"[""FF-CUSTOMER-000430"",""FF-BOMREVISION-000430"",""FF-PURCHASEORDERLINE-000430""]"
FF-CUSTOMER-000430,Final Inspection Passed,2023-03-08T02:51:00Z,commercial_document,FF-R-00006043,USR-108,"[""FF-CUSTOMER-000430"",""FF-WORKORDER-000430""]"
FF-CUSTOMER-000435,Final Inspection Failed,2023-03-08T16:00:00Z,engineering_execution,FF-R-00006100,USR-067,"[""FF-CUSTOMER-000435"",""FF-OPERATION-000435"",""FF-GOODSRECEIPT-000435""]"
FF-CUSTOMER-000435,Rework Ordered,2023-03-08T16:37:00Z,fulfilment_record,FF-R-00006101,USR-064,"[""FF-CUSTOMER-000435"",""FF-ENGINEERINGCHANGE-000435""]"
FF-CUSTOMER-000435,Rework Completed,2023-03-08T17:14:00Z,finance_posting,FF-R-00006102,USR-065,"[""FF-CUSTOMER-000435"",""FF-BOMREVISION-000435"",""FF-PURCHASEORDERLINE-000435""]"
FF-CUSTOMER-000435,Final Inspection Passed,2023-03-08T17:51:00Z,commercial_document,FF-R-00006103,USR-066,"[""FF-CUSTOMER-000435"",""FF-WORKORDER-000435""]"
FF-CUSTOMER-000460,Final Inspection Passed,2023-03-08T18:19:00Z,commercial_document,FF-R-00006107,USR-110,"[""FF-CUSTOMER-000460"",""FF-WORKORDER-000460"",""FF-SUPPLIER-000460""]"
FF-CUSTOMER-000465,Rework Completed,2023-03-09T03:23:00Z,finance_posting,FF-R-00006144,USR-067,"[""FF-CUSTOMER-000465"",""FF-BOMREVISION-000465"",""FF-PURCHASEORDERLINE-000465""]"
FF-CUSTOMER-000440,Final Inspection Failed,2023-03-09T07:00:00Z,engineering_execution,FF-R-00006160,USR-025,"[""FF-CUSTOMER-000440"",""FF-OPERATION-000440""]"
FF-CUSTOMER-000440,Rework Ordered,2023-03-09T07:37:00Z,fulfilment_record,FF-R-00006161,USR-022,"[""FF-CUSTOMER-000440"",""FF-ENGINEERINGCHANGE-000440"",""FF-PURCHASEORDER-000440""]"
FF-CUSTOMER-000440,Rework Completed,2023-03-09T08:14:00Z,finance_posting,FF-R-00006162,USR-023,"[""FF-CUSTOMER-000440"",""FF-BOMREVISION-000440""]"
FF-CUSTOMER-000440,Final Inspection Passed,2023-03-09T08:51:00Z,commercial_document,FF-R-00006163,USR-024,"[""FF-CUSTOMER-000440"",""FF-WORKORDER-000440""]"
FF-CUSTOMER-000470,Rework Ordered,2023-03-09T12:27:00Z,fulfilment_record,FF-R-00006183,USR-024,"[""FF-CUSTOMER-000470"",""FF-ENGINEERINGCHANGE-000470"",""FF-PURCHASEORDER-000470""]"
FF-CUSTOMER-000445,Final Inspection Failed,2023-03-09T22:00:00Z,engineering_execution,FF-R-00006222,USR-110,"[""FF-CUSTOMER-000445"",""FF-OPERATION-000445""]"
FF-CUSTOMER-000445,Rework Ordered,2023-03-09T22:37:00Z,fulfilment_record,FF-R-00006223,USR-107,"[""FF-CUSTOMER-000445"",""FF-ENGINEERINGCHANGE-000445"",""FF-PURCHASEORDER-000445""]"
FF-CUSTOMER-000445,Rework Completed,2023-03-09T23:14:00Z,finance_posting,FF-R-00006224,USR-108,"[""FF-CUSTOMER-000445"",""FF-BOMREVISION-000445""]"
FF-CUSTOMER-000445,Final Inspection Passed,2023-03-09T23:51:00Z,commercial_document,FF-R-00006225,USR-109,"[""FF-CUSTOMER-000445"",""FF-WORKORDER-000445"",""FF-SUPPLIER-000445""]"
FF-CUSTOMER-000450,Final Inspection Failed,2023-03-10T13:00:00Z,engineering_execution,FF-R-00006280,USR-068,"[""FF-CUSTOMER-000450"",""FF-OPERATION-000450"",""FF-GOODSRECEIPT-000450""]"
FF-CUSTOMER-000450,Rework Ordered,2023-03-10T13:37:00Z,fulfilment_record,FF-R-00006281,USR-065,"[""FF-CUSTOMER-000450"",""FF-ENGINEERINGCHANGE-000450""]"
FF-CUSTOMER-000450,Rework Completed,2023-03-10T14:14:00Z,finance_posting,FF-R-00006282,USR-066,"[""FF-CUSTOMER-000450"",""FF-BOMREVISION-000450"",""FF-PURCHASEORDERLINE-000450""]"
FF-CUSTOMER-000450,Final Inspection Passed,2023-03-10T14:51:00Z,commercial_document,FF-R-00006283,USR-067,"[""FF-CUSTOMER-000450"",""FF-WORKORDER-000450""]"
FF-CUSTOMER-000455,Final Inspection Failed,2023-03-11T04:00:00Z,engineering_execution,FF-R-00006342,USR-026,"[""FF-CUSTOMER-000455"",""FF-OPERATION-000455""]"
FF-CUSTOMER-000455,Rework Ordered,2023-03-11T04:37:00Z,fulfilment_record,FF-R-00006343,USR-023,"[""FF-CUSTOMER-000455"",""FF-ENGINEERINGCHANGE-000455"",""FF-PURCHASEORDER-000455""]"
FF-CUSTOMER-000455,Rework Completed,2023-03-11T05:14:00Z,finance_posting,FF-R-00006344,USR-024,"[""FF-CUSTOMER-000455"",""FF-BOMREVISION-000455""]"
FF-CUSTOMER-000455,Final Inspection Passed,2023-03-11T05:51:00Z,commercial_document,FF-R-00006345,USR-025,"[""FF-CUSTOMER-000455"",""FF-WORKORDER-000455"",""FF-SUPPLIER-000455""]"
FF-CUSTOMER-000480,Final Inspection Failed,2023-03-11T12:40:00Z,engineering_execution,FF-R-00006379,USR-070,"[""FF-CUSTOMER-000480"",""FF-OPERATION-000480""]"
FF-CUSTOMER-000460,Final Inspection Failed,2023-03-11T19:00:00Z,engineering_execution,FF-R-00006401,USR-111,"[""FF-CUSTOMER-000460"",""FF-OPERATION-000460""]"
FF-CUSTOMER-000460,Rework Ordered,2023-03-11T19:37:00Z,fulfilment_record,FF-R-00006402,USR-108,"[""FF-CUSTOMER-000460"",""FF-ENGINEERINGCHANGE-000460"",""FF-PURCHASEORDER-000460""]"
FF-CUSTOMER-000460,Rework Completed,2023-03-11T20:14:00Z,finance_posting,FF-R-00006403,USR-109,"[""FF-CUSTOMER-000460"",""FF-BOMREVISION-000460""]"
FF-CUSTOMER-000460,Final Inspection Passed,2023-03-11T20:51:00Z,commercial_document,FF-R-00006404,USR-110,"[""FF-CUSTOMER-000460"",""FF-WORKORDER-000460""]"
FF-CUSTOMER-000489,Rework Ordered,2023-03-11T21:46:00Z,fulfilment_record,FF-R-00006415,USR-093,"[""FF-CUSTOMER-000489"",""FF-ENGINEERINGCHANGE-000489""]"
FF-CUSTOMER-000488,Rework Completed,2023-03-12T00:46:00Z,finance_posting,FF-R-00006427,USR-077,"[""FF-CUSTOMER-000488"",""FF-BOMREVISION-000488"",""FF-PURCHASEORDERLINE-000488""]"
FF-CUSTOMER-000489,Final Inspection Passed,2023-03-12T09:48:00Z,commercial_document,FF-R-00006466,USR-095,"[""FF-CUSTOMER-000489"",""FF-WORKORDER-000489"",""FF-SUPPLIER-000489""]"
FF-CUSTOMER-000465,Final Inspection Failed,2023-03-12T10:00:00Z,engineering_execution,FF-R-00006467,USR-069,"[""FF-CUSTOMER-000465"",""FF-OPERATION-000465""]"
FF-CUSTOMER-000465,Rework Ordered,2023-03-12T10:37:00Z,fulfilment_record,FF-R-00006468,USR-066,"[""FF-CUSTOMER-000465"",""FF-ENGINEERINGCHANGE-000465""]"
FF-CUSTOMER-000465,Rework Completed,2023-03-12T11:14:00Z,finance_posting,FF-R-00006469,USR-067,"[""FF-CUSTOMER-000465"",""FF-BOMREVISION-000465""]"
FF-CUSTOMER-000465,Final Inspection Passed,2023-03-12T11:51:00Z,commercial_document,FF-R-00006470,USR-068,"[""FF-CUSTOMER-000465"",""FF-WORKORDER-000465"",""FF-SUPPLIER-000465""]"
FF-CUSTOMER-000470,Final Inspection Failed,2023-03-13T01:00:00Z,engineering_execution,FF-R-00006524,USR-027,"[""FF-CUSTOMER-000470"",""FF-OPERATION-000470"",""FF-GOODSRECEIPT-000470""]"
FF-CUSTOMER-000470,Rework Ordered,2023-03-13T01:37:00Z,fulfilment_record,FF-R-00006525,USR-024,"[""FF-CUSTOMER-000470"",""FF-ENGINEERINGCHANGE-000470""]"
FF-CUSTOMER-000470,Rework Completed,2023-03-13T02:14:00Z,finance_posting,FF-R-00006526,USR-025,"[""FF-CUSTOMER-000470"",""FF-BOMREVISION-000470"",""FF-PURCHASEORDERLINE-000470""]"
FF-CUSTOMER-000470,Final Inspection Passed,2023-03-13T02:51:00Z,commercial_document,FF-R-00006527,USR-026,"[""FF-CUSTOMER-000470"",""FF-WORKORDER-000470""]"
FF-CUSTOMER-000475,Final Inspection Failed,2023-03-13T16:00:00Z,engineering_execution,FF-R-00006578,USR-112,"[""FF-CUSTOMER-000475"",""FF-OPERATION-000475""]"
FF-CUSTOMER-000475,Rework Ordered,2023-03-13T16:37:00Z,fulfilment_record,FF-R-00006579,USR-109,"[""FF-CUSTOMER-000475"",""FF-ENGINEERINGCHANGE-000475""]"
FF-CUSTOMER-000475,Rework Completed,2023-03-13T17:14:00Z,finance_posting,FF-R-00006580,USR-110,"[""FF-CUSTOMER-000475"",""FF-BOMREVISION-000475""]"
FF-CUSTOMER-000475,Final Inspection Passed,2023-03-13T17:51:00Z,commercial_document,FF-R-00006581,USR-111,"[""FF-CUSTOMER-000475"",""FF-WORKORDER-000475"",""FF-SUPPLIER-000475""]"
FF-CUSTOMER-000508,Rework Ordered,2023-03-14T06:12:00Z,fulfilment_record,FF-R-00006634,USR-035,"[""FF-CUSTOMER-000508"",""FF-ENGINEERINGCHANGE-000008"",""FF-PURCHASEORDER-000008""]"
FF-CUSTOMER-000480,Final Inspection Failed,2023-03-14T07:00:00Z,engineering_execution,FF-R-00006644,USR-070,"[""FF-CUSTOMER-000480"",""FF-OPERATION-000480"",""FF-GOODSRECEIPT-000480""]"
FF-CUSTOMER-000480,Rework Ordered,2023-03-14T07:37:00Z,fulfilment_record,FF-R-00006645,USR-067,"[""FF-CUSTOMER-000480"",""FF-ENGINEERINGCHANGE-000480""]"
FF-CUSTOMER-000480,Rework Completed,2023-03-14T08:14:00Z,finance_posting,FF-R-00006646,USR-068,"[""FF-CUSTOMER-000480"",""FF-BOMREVISION-000480"",""FF-PURCHASEORDERLINE-000480""]"
FF-CUSTOMER-000480,Final Inspection Passed,2023-03-14T08:51:00Z,commercial_document,FF-R-00006647,USR-069,"[""FF-CUSTOMER-000480"",""FF-WORKORDER-000480""]"
FF-CUSTOMER-000511,Rework Completed,2023-03-14T21:16:00Z,finance_posting,FF-R-00006691,USR-087,"[""FF-CUSTOMER-000511"",""FF-BOMREVISION-000011""]"
FF-CUSTOMER-000485,Final Inspection Failed,2023-03-14T22:00:00Z,engineering_execution,FF-R-00006702,USR-028,"[""FF-CUSTOMER-000485"",""FF-OPERATION-000485"",""FF-GOODSRECEIPT-000485""]"
FF-CUSTOMER-000485,Rework Ordered,2023-03-14T22:37:00Z,fulfilment_record,FF-R-00006703,USR-025,"[""FF-CUSTOMER-000485"",""FF-ENGINEERINGCHANGE-000485""]"
FF-CUSTOMER-000485,Rework Completed,2023-03-14T23:14:00Z,finance_posting,FF-R-00006704,USR-026,"[""FF-CUSTOMER-000485"",""FF-BOMREVISION-000485"",""FF-PURCHASEORDERLINE-000485""]"
FF-CUSTOMER-000485,Final Inspection Passed,2023-03-14T23:51:00Z,commercial_document,FF-R-00006705,USR-027,"[""FF-CUSTOMER-000485"",""FF-WORKORDER-000485""]"
FF-CUSTOMER-000511,Final Inspection Failed,2023-03-15T09:18:00Z,engineering_execution,FF-R-00006744,USR-089,"[""FF-CUSTOMER-000511"",""FF-OPERATION-000011"",""FF-GOODSRECEIPT-000011""]"
FF-CUSTOMER-000490,Final Inspection Failed,2023-03-15T13:00:00Z,engineering_execution,FF-R-00006763,USR-113,"[""FF-CUSTOMER-000490"",""FF-OPERATION-000490""]"
FF-CUSTOMER-000490,Rework Ordered,2023-03-15T13:37:00Z,fulfilment_record,FF-R-00006764,USR-110,"[""FF-CUSTOMER-000490"",""FF-ENGINEERINGCHANGE-000490""]"
FF-CUSTOMER-000490,Rework Completed,2023-03-15T14:14:00Z,finance_posting,FF-R-00006765,USR-111,"[""FF-CUSTOMER-000490"",""FF-BOMREVISION-000490""]"
FF-CUSTOMER-000490,Final Inspection Passed,2023-03-15T14:51:00Z,commercial_document,FF-R-00006766,USR-112,"[""FF-CUSTOMER-000490"",""FF-WORKORDER-000490"",""FF-SUPPLIER-000490""]"
FF-CUSTOMER-000518,Final Inspection Passed,2023-03-16T00:24:00Z,commercial_document,FF-R-00006808,USR-080,"[""FF-CUSTOMER-000518"",""FF-WORKORDER-000018""]"
FF-CUSTOMER-000495,Final Inspection Failed,2023-03-16T04:00:00Z,engineering_execution,FF-R-00006822,USR-071,"[""FF-CUSTOMER-000495"",""FF-OPERATION-000495""]"
FF-CUSTOMER-000495,Rework Ordered,2023-03-16T04:37:00Z,fulfilment_record,FF-R-00006823,USR-068,"[""FF-CUSTOMER-000495"",""FF-ENGINEERINGCHANGE-000495"",""FF-PURCHASEORDER-000495""]"
FF-CUSTOMER-000495,Rework Completed,2023-03-16T05:14:00Z,finance_posting,FF-R-00006824,USR-069,"[""FF-CUSTOMER-000495"",""FF-BOMREVISION-000495""]"
FF-CUSTOMER-000495,Final Inspection Passed,2023-03-16T05:51:00Z,commercial_document,FF-R-00006825,USR-070,"[""FF-CUSTOMER-000495"",""FF-WORKORDER-000495"",""FF-SUPPLIER-000495""]"
FF-CUSTOMER-000527,Rework Ordered,2023-03-16T15:31:00Z,fulfilment_record,FF-R-00006872,USR-104,"[""FF-CUSTOMER-000527"",""FF-ENGINEERINGCHANGE-000027""]"
FF-CUSTOMER-000500,Final Inspection Failed,2023-03-16T19:00:00Z,engineering_execution,FF-R-00006885,USR-029,"[""FF-CUSTOMER-000500"",""FF-OPERATION-000500""]"
FF-CUSTOMER-000500,Rework Ordered,2023-03-16T19:37:00Z,fulfilment_record,FF-R-00006886,USR-026,"[""FF-CUSTOMER-000500"",""FF-ENGINEERINGCHANGE-000500"",""FF-PURCHASEORDER-000500""]"
FF-CUSTOMER-000500,Rework Completed,2023-03-16T20:14:00Z,finance_posting,FF-R-00006887,USR-027,"[""FF-CUSTOMER-000500"",""FF-BOMREVISION-000500""]"
FF-CUSTOMER-000500,Final Inspection Passed,2023-03-16T20:51:00Z,commercial_document,FF-R-00006888,USR-028,"[""FF-CUSTOMER-000500"",""FF-WORKORDER-000500""]"
FF-CUSTOMER-000505,Final Inspection Failed,2023-03-17T10:00:00Z,engineering_execution,FF-R-00006942,USR-114,"[""FF-CUSTOMER-000505"",""FF-OPERATION-000005"",""FF-GOODSRECEIPT-000005""]"
FF-CUSTOMER-000505,Rework Ordered,2023-03-17T10:37:00Z,fulfilment_record,FF-R-00006943,USR-111,"[""FF-CUSTOMER-000505"",""FF-ENGINEERINGCHANGE-000005""]"
FF-CUSTOMER-000505,Rework Completed,2023-03-17T11:14:00Z,finance_posting,FF-R-00006944,USR-112,"[""FF-CUSTOMER-000505"",""FF-BOMREVISION-000005"",""FF-PURCHASEORDERLINE-000005""]"
FF-CUSTOMER-000505,Final Inspection Passed,2023-03-17T11:51:00Z,commercial_document,FF-R-00006945,USR-113,"[""FF-CUSTOMER-000505"",""FF-WORKORDER-000005""]"
FF-CUSTOMER-000534,Rework Completed,2023-03-17T18:39:00Z,finance_posting,FF-R-00006979,USR-097,"[""FF-CUSTOMER-000534"",""FF-BOMREVISION-000034"",""FF-PURCHASEORDERLINE-000034""]"
FF-CUSTOMER-000510,Final Inspection Failed,2023-03-18T01:00:00Z,engineering_execution,FF-R-00007005,USR-072,"[""FF-CUSTOMER-000510"",""FF-OPERATION-000010""]"
FF-CUSTOMER-000510,Rework Ordered,2023-03-18T01:37:00Z,fulfilment_record,FF-R-00007006,USR-069,"[""FF-CUSTOMER-000510"",""FF-ENGINEERINGCHANGE-000010"",""FF-PURCHASEORDER-000010""]"
FF-CUSTOMER-000510,Rework Completed,2023-03-18T02:14:00Z,finance_posting,FF-R-00007007,USR-070,"[""FF-CUSTOMER-000510"",""FF-BOMREVISION-000010""]"
FF-CUSTOMER-000510,Final Inspection Passed,2023-03-18T02:51:00Z,commercial_document,FF-R-00007008,USR-071,"[""FF-CUSTOMER-000510"",""FF-WORKORDER-000010"",""FF-SUPPLIER-000010""]"
FF-CUSTOMER-000515,Final Inspection Failed,2023-03-18T16:00:00Z,engineering_execution,FF-R-00007064,USR-030,"[""FF-CUSTOMER-000515"",""FF-OPERATION-000015""]"
FF-CUSTOMER-000515,Rework Ordered,2023-03-18T16:37:00Z,fulfilment_record,FF-R-00007065,USR-027,"[""FF-CUSTOMER-000515"",""FF-ENGINEERINGCHANGE-000015""]"
FF-CUSTOMER-000515,Rework Completed,2023-03-18T17:14:00Z,finance_posting,FF-R-00007066,USR-028,"[""FF-CUSTOMER-000515"",""FF-BOMREVISION-000015""]"
FF-CUSTOMER-000515,Final Inspection Passed,2023-03-18T17:51:00Z,commercial_document,FF-R-00007067,USR-029,"[""FF-CUSTOMER-000515"",""FF-WORKORDER-000015"",""FF-SUPPLIER-000015""]"
FF-CUSTOMER-000546,Rework Ordered,2023-03-19T00:50:00Z,fulfilment_record,FF-R-00007098,USR-046,"[""FF-CUSTOMER-000546"",""FF-ENGINEERINGCHANGE-000046"",""FF-PURCHASEORDER-000046""]"
FF-CUSTOMER-000542,Final Inspection Failed,2023-03-19T06:49:00Z,engineering_execution,FF-R-00007124,USR-108,"[""FF-CUSTOMER-000542"",""FF-OPERATION-000042""]"
FF-CUSTOMER-000520,Final Inspection Failed,2023-03-19T07:00:00Z,engineering_execution,FF-R-00007125,USR-115,"[""FF-CUSTOMER-000520"",""FF-OPERATION-000020""]"
FF-CUSTOMER-000520,Rework Ordered,2023-03-19T07:37:00Z,fulfilment_record,FF-R-00007126,USR-112,"[""FF-CUSTOMER-000520"",""FF-ENGINEERINGCHANGE-000020"",""FF-PURCHASEORDER-000020""]"
FF-CUSTOMER-000520,Rework Completed,2023-03-19T08:14:00Z,finance_posting,FF-R-00007127,USR-113,"[""FF-CUSTOMER-000520"",""FF-BOMREVISION-000020""]"
FF-CUSTOMER-000520,Final Inspection Passed,2023-03-19T08:51:00Z,commercial_document,FF-R-00007128,USR-114,"[""FF-CUSTOMER-000520"",""FF-WORKORDER-000020"",""FF-SUPPLIER-000020""]"
FF-CUSTOMER-000547,Final Inspection Passed,2023-03-19T15:00:00Z,commercial_document,FF-R-00007153,USR-065,"[""FF-CUSTOMER-000547"",""FF-WORKORDER-000047"",""FF-SUPPLIER-000047""]"
FF-CUSTOMER-000525,Final Inspection Failed,2023-03-19T22:00:00Z,engineering_execution,FF-R-00007184,USR-073,"[""FF-CUSTOMER-000525"",""FF-OPERATION-000025""]"
FF-CUSTOMER-000525,Rework Ordered,2023-03-19T22:37:00Z,fulfilment_record,FF-R-00007185,USR-070,"[""FF-CUSTOMER-000525"",""FF-ENGINEERINGCHANGE-000025"",""FF-PURCHASEORDER-000025""]"
FF-CUSTOMER-000525,Rework Completed,2023-03-19T23:14:00Z,finance_posting,FF-R-00007186,USR-071,"[""FF-CUSTOMER-000525"",""FF-BOMREVISION-000025""]"
FF-CUSTOMER-000525,Final Inspection Passed,2023-03-19T23:51:00Z,commercial_document,FF-R-00007187,USR-072,"[""FF-CUSTOMER-000525"",""FF-WORKORDER-000025""]"
FF-CUSTOMER-000530,Final Inspection Failed,2023-03-20T13:00:00Z,engineering_execution,FF-R-00007242,USR-031,"[""FF-CUSTOMER-000530"",""FF-OPERATION-000030""]"
FF-CUSTOMER-000530,Rework Ordered,2023-03-20T13:37:00Z,fulfilment_record,FF-R-00007243,USR-028,"[""FF-CUSTOMER-000530"",""FF-ENGINEERINGCHANGE-000030"",""FF-PURCHASEORDER-000030""]"
FF-CUSTOMER-000530,Rework Completed,2023-03-20T14:14:00Z,finance_posting,FF-R-00007244,USR-029,"[""FF-CUSTOMER-000530"",""FF-BOMREVISION-000030""]"
FF-CUSTOMER-000530,Final Inspection Passed,2023-03-20T14:51:00Z,commercial_document,FF-R-00007245,USR-030,"[""FF-CUSTOMER-000530"",""FF-WORKORDER-000030"",""FF-SUPPLIER-000030""]"
FF-CUSTOMER-000557,Rework Completed,2023-03-20T15:09:00Z,finance_posting,FF-R-00007247,USR-107,"[""FF-CUSTOMER-000557"",""FF-BOMREVISION-000057""]"
FF-CUSTOMER-000535,Final Inspection Failed,2023-03-21T04:00:00Z,engineering_execution,FF-R-00007307,USR-116,"[""FF-CUSTOMER-000535"",""FF-OPERATION-000035""]"
FF-CUSTOMER-000535,Rework Ordered,2023-03-21T04:37:00Z,fulfilment_record,FF-R-00007308,USR-113,"[""FF-CUSTOMER-000535"",""FF-ENGINEERINGCHANGE-000035""]"
FF-CUSTOMER-000535,Rework Completed,2023-03-21T05:14:00Z,finance_posting,FF-R-00007309,USR-114,"[""FF-CUSTOMER-000535"",""FF-BOMREVISION-000035""]"
FF-CUSTOMER-000535,Final Inspection Passed,2023-03-21T05:51:00Z,commercial_document,FF-R-00007310,USR-115,"[""FF-CUSTOMER-000535"",""FF-WORKORDER-000035"",""FF-SUPPLIER-000035""]"
FF-CUSTOMER-000565,Rework Ordered,2023-03-21T09:16:00Z,fulfilment_record,FF-R-00007320,USR-115,"[""FF-CUSTOMER-000565"",""FF-ENGINEERINGCHANGE-000065""]"
FF-CUSTOMER-000540,Final Inspection Failed,2023-03-21T19:00:00Z,engineering_execution,FF-R-00007363,USR-074,"[""FF-CUSTOMER-000540"",""FF-OPERATION-000040""]"
FF-CUSTOMER-000540,Rework Ordered,2023-03-21T19:37:00Z,fulfilment_record,FF-R-00007364,USR-071,"[""FF-CUSTOMER-000540"",""FF-ENGINEERINGCHANGE-000040""]"
FF-CUSTOMER-000540,Rework Completed,2023-03-21T20:14:00Z,finance_posting,FF-R-00007365,USR-072,"[""FF-CUSTOMER-000540"",""FF-BOMREVISION-000040""]"
FF-CUSTOMER-000540,Final Inspection Passed,2023-03-21T20:51:00Z,commercial_document,FF-R-00007366,USR-073,"[""FF-CUSTOMER-000540"",""FF-WORKORDER-000040"",""FF-SUPPLIER-000040""]"
FF-CUSTOMER-000545,Final Inspection Failed,2023-03-22T10:00:00Z,engineering_execution,FF-R-00007426,USR-032,"[""FF-CUSTOMER-000545"",""FF-OPERATION-000045"",""FF-GOODSRECEIPT-000045""]"
FF-CUSTOMER-000545,Rework Ordered,2023-03-22T10:37:00Z,fulfilment_record,FF-R-00007427,USR-029,"[""FF-CUSTOMER-000545"",""FF-ENGINEERINGCHANGE-000045""]"
FF-CUSTOMER-000545,Rework Completed,2023-03-22T11:14:00Z,finance_posting,FF-R-00007428,USR-030,"[""FF-CUSTOMER-000545"",""FF-BOMREVISION-000045"",""FF-PURCHASEORDERLINE-000045""]"
FF-CUSTOMER-000545,Final Inspection Passed,2023-03-22T11:51:00Z,commercial_document,FF-R-00007429,USR-031,"[""FF-CUSTOMER-000545"",""FF-WORKORDER-000045""]"
FF-CUSTOMER-000550,Final Inspection Failed,2023-03-23T01:00:00Z,engineering_execution,FF-R-00007484,USR-117,"[""FF-CUSTOMER-000550"",""FF-OPERATION-000050""]"
FF-CUSTOMER-000550,Rework Ordered,2023-03-23T01:37:00Z,fulfilment_record,FF-R-00007485,USR-114,"[""FF-CUSTOMER-000550"",""FF-ENGINEERINGCHANGE-000050"",""FF-PURCHASEORDER-000050""]"
FF-CUSTOMER-000550,Rework Completed,2023-03-23T02:14:00Z,finance_posting,FF-R-00007486,USR-115,"[""FF-CUSTOMER-000550"",""FF-BOMREVISION-000050""]"
FF-CUSTOMER-000550,Final Inspection Passed,2023-03-23T02:51:00Z,commercial_document,FF-R-00007487,USR-116,"[""FF-CUSTOMER-000550"",""FF-WORKORDER-000050"",""FF-SUPPLIER-000050""]"
FF-CUSTOMER-000573,Final Inspection Failed,2023-03-23T03:27:00Z,engineering_execution,FF-R-00007497,USR-127,"[""FF-CUSTOMER-000573"",""FF-OPERATION-000073""]"
FF-CUSTOMER-000576,Final Inspection Passed,2023-03-23T06:29:00Z,commercial_document,FF-R-00007508,USR-050,"[""FF-CUSTOMER-000576"",""FF-WORKORDER-000076""]"
FF-CUSTOMER-000580,Rework Completed,2023-03-23T12:32:00Z,finance_posting,FF-R-00007533,USR-117,"[""FF-CUSTOMER-000580"",""FF-BOMREVISION-000080""]"
FF-CUSTOMER-000555,Final Inspection Failed,2023-03-23T16:00:00Z,engineering_execution,FF-R-00007546,USR-075,"[""FF-CUSTOMER-000555"",""FF-OPERATION-000055"",""FF-GOODSRECEIPT-000055""]"
FF-CUSTOMER-000555,Rework Ordered,2023-03-23T16:37:00Z,fulfilment_record,FF-R-00007547,USR-072,"[""FF-CUSTOMER-000555"",""FF-ENGINEERINGCHANGE-000055""]"
FF-CUSTOMER-000555,Rework Completed,2023-03-23T17:14:00Z,finance_posting,FF-R-00007548,USR-073,"[""FF-CUSTOMER-000555"",""FF-BOMREVISION-000055"",""FF-PURCHASEORDERLINE-000055""]"
FF-CUSTOMER-000555,Final Inspection Passed,2023-03-23T17:51:00Z,commercial_document,FF-R-00007549,USR-074,"[""FF-CUSTOMER-000555"",""FF-WORKORDER-000055""]"
FF-CUSTOMER-000584,Rework Ordered,2023-03-23T18:35:00Z,fulfilment_record,FF-R-00007561,USR-057,"[""FF-CUSTOMER-000584"",""FF-ENGINEERINGCHANGE-000084"",""FF-PURCHASEORDER-000084""]"
FF-CUSTOMER-000560,Final Inspection Failed,2023-03-24T07:00:00Z,engineering_execution,FF-R-00007604,USR-033,"[""FF-CUSTOMER-000560"",""FF-OPERATION-000060""]"
FF-CUSTOMER-000560,Rework Ordered,2023-03-24T07:37:00Z,fulfilment_record,FF-R-00007605,USR-030,"[""FF-CUSTOMER-000560"",""FF-ENGINEERINGCHANGE-000060""]"
FF-CUSTOMER-000560,Rework Completed,2023-03-24T08:14:00Z,finance_posting,FF-R-00007606,USR-031,"[""FF-CUSTOMER-000560"",""FF-BOMREVISION-000060""]"
FF-CUSTOMER-000560,Final Inspection Passed,2023-03-24T08:51:00Z,commercial_document,FF-R-00007607,USR-032,"[""FF-CUSTOMER-000560"",""FF-WORKORDER-000060"",""FF-SUPPLIER-000060""]"
FF-CUSTOMER-000565,Final Inspection Failed,2023-03-24T22:00:00Z,engineering_execution,FF-R-00007667,USR-118,"[""FF-CUSTOMER-000565"",""FF-OPERATION-000065"",""FF-GOODSRECEIPT-000065""]"
FF-CUSTOMER-000565,Rework Ordered,2023-03-24T22:37:00Z,fulfilment_record,FF-R-00007668,USR-115,"[""FF-CUSTOMER-000565"",""FF-ENGINEERINGCHANGE-000065""]"
FF-CUSTOMER-000565,Rework Completed,2023-03-24T23:14:00Z,finance_posting,FF-R-00007669,USR-116,"[""FF-CUSTOMER-000565"",""FF-BOMREVISION-000065"",""FF-PURCHASEORDERLINE-000065""]"
FF-CUSTOMER-000565,Final Inspection Passed,2023-03-24T23:51:00Z,commercial_document,FF-R-00007670,USR-117,"[""FF-CUSTOMER-000565"",""FF-WORKORDER-000065""]"
FF-CUSTOMER-000570,Final Inspection Failed,2023-03-25T13:00:00Z,engineering_execution,FF-R-00007725,USR-076,"[""FF-CUSTOMER-000570"",""FF-OPERATION-000070""]"
FF-CUSTOMER-000570,Rework Ordered,2023-03-25T13:37:00Z,fulfilment_record,FF-R-00007726,USR-073,"[""FF-CUSTOMER-000570"",""FF-ENGINEERINGCHANGE-000070"",""FF-PURCHASEORDER-000070""]"
FF-CUSTOMER-000570,Rework Completed,2023-03-25T14:14:00Z,finance_posting,FF-R-00007727,USR-074,"[""FF-CUSTOMER-000570"",""FF-BOMREVISION-000070""]"
FF-CUSTOMER-000570,Final Inspection Passed,2023-03-25T14:51:00Z,commercial_document,FF-R-00007728,USR-075,"[""FF-CUSTOMER-000570"",""FF-WORKORDER-000070""]"
FF-CUSTOMER-000603,Rework Ordered,2023-03-26T03:01:00Z,fulfilment_record,FF-R-00007772,USR-126,"[""FF-CUSTOMER-000603"",""FF-ENGINEERINGCHANGE-000103""]"
FF-CUSTOMER-000575,Final Inspection Failed,2023-03-26T04:00:00Z,engineering_execution,FF-R-00007788,USR-034,"[""FF-CUSTOMER-000575"",""FF-OPERATION-000075"",""FF-GOODSRECEIPT-000075""]"
FF-CUSTOMER-000575,Rework Ordered,2023-03-26T04:37:00Z,fulfilment_record,FF-R-00007789,USR-031,"[""FF-CUSTOMER-000575"",""FF-ENGINEERINGCHANGE-000075""]"
FF-CUSTOMER-000575,Rework Completed,2023-03-26T05:14:00Z,finance_posting,FF-R-00007790,USR-032,"[""FF-CUSTOMER-000575"",""FF-BOMREVISION-000075"",""FF-PURCHASEORDERLINE-000075""]"
FF-CUSTOMER-000575,Final Inspection Passed,2023-03-26T05:51:00Z,commercial_document,FF-R-00007791,USR-033,"[""FF-CUSTOMER-000575"",""FF-WORKORDER-000075""]"
FF-CUSTOMER-000603,Rework Completed,2023-03-26T09:02:00Z,finance_posting,FF-R-00007804,USR-127,"[""FF-CUSTOMER-000603"",""FF-BOMREVISION-000103""]"
FF-CUSTOMER-000580,Final Inspection Failed,2023-03-26T19:00:00Z,engineering_execution,FF-R-00007845,USR-119,"[""FF-CUSTOMER-000580"",""FF-OPERATION-000080""]"
FF-CUSTOMER-000580,Rework Ordered,2023-03-26T19:37:00Z,fulfilment_record,FF-R-00007846,USR-116,"[""FF-CUSTOMER-000580"",""FF-ENGINEERINGCHANGE-000080"",""FF-PURCHASEORDER-000080""]"
FF-CUSTOMER-000580,Rework Completed,2023-03-26T20:14:00Z,finance_posting,FF-R-00007847,USR-117,"[""FF-CUSTOMER-000580"",""FF-BOMREVISION-000080""]"
FF-CUSTOMER-000580,Final Inspection Passed,2023-03-26T20:51:00Z,commercial_document,FF-R-00007848,USR-118,"[""FF-CUSTOMER-000580"",""FF-WORKORDER-000080"",""FF-SUPPLIER-000080""]"
FF-CUSTOMER-000605,Final Inspection Passed,2023-03-26T21:05:00Z,commercial_document,FF-R-00007850,USR-035,"[""FF-CUSTOMER-000605"",""FF-WORKORDER-000105"",""FF-SUPPLIER-000105""]"
FF-CUSTOMER-000604,Final Inspection Failed,2023-03-27T00:05:00Z,engineering_execution,FF-R-00007861,USR-019,"[""FF-CUSTOMER-000604"",""FF-OPERATION-000104""]"
FF-CUSTOMER-000585,Final Inspection Failed,2023-03-27T10:00:00Z,engineering_execution,FF-R-00007906,USR-077,"[""FF-CUSTOMER-000585"",""FF-OPERATION-000085"",""FF-GOODSRECEIPT-000085""]"
FF-CUSTOMER-000585,Rework Ordered,2023-03-27T10:37:00Z,fulfilment_record,FF-R-00007907,USR-074,"[""FF-CUSTOMER-000585"",""FF-ENGINEERINGCHANGE-000085""]"
FF-CUSTOMER-000585,Rework Completed,2023-03-27T11:14:00Z,finance_posting,FF-R-00007908,USR-075,"[""FF-CUSTOMER-000585"",""FF-BOMREVISION-000085"",""FF-PURCHASEORDERLINE-000085""]"
FF-CUSTOMER-000585,Final Inspection Passed,2023-03-27T11:51:00Z,commercial_document,FF-R-00007909,USR-076,"[""FF-CUSTOMER-000585"",""FF-WORKORDER-000085""]"
FF-CUSTOMER-000590,Final Inspection Failed,2023-03-28T01:00:00Z,engineering_execution,FF-R-00007966,USR-035,"[""FF-CUSTOMER-000590"",""FF-OPERATION-000090""]"
FF-CUSTOMER-000590,Rework Ordered,2023-03-28T01:37:00Z,fulfilment_record,FF-R-00007967,USR-032,"[""FF-CUSTOMER-000590"",""FF-ENGINEERINGCHANGE-000090""]"
FF-CUSTOMER-000590,Rework Completed,2023-03-28T02:14:00Z,finance_posting,FF-R-00007968,USR-033,"[""FF-CUSTOMER-000590"",""FF-BOMREVISION-000090""]"
FF-CUSTOMER-000590,Final Inspection Passed,2023-03-28T02:51:00Z,commercial_document,FF-R-00007969,USR-034,"[""FF-CUSTOMER-000590"",""FF-WORKORDER-000090"",""FF-SUPPLIER-000090""]"
FF-CUSTOMER-000622,Rework Ordered,2023-03-28T12:20:00Z,fulfilment_record,FF-R-00008005,USR-068,"[""FF-CUSTOMER-000622"",""FF-ENGINEERINGCHANGE-000122""]"
FF-CUSTOMER-000595,Final Inspection Failed,2023-03-28T16:00:00Z,engineering_execution,FF-R-00008026,USR-120,"[""FF-CUSTOMER-000595"",""FF-OPERATION-000095"",""FF-GOODSRECEIPT-000095""]"
FF-CUSTOMER-000595,Rework Ordered,2023-03-28T16:37:00Z,fulfilment_record,FF-R-00008027,USR-117,"[""FF-CUSTOMER-000595"",""FF-ENGINEERINGCHANGE-000095""]"
FF-CUSTOMER-000595,Rework Completed,2023-03-28T17:14:00Z,finance_posting,FF-R-00008028,USR-118,"[""FF-CUSTOMER-000595"",""FF-BOMREVISION-000095"",""FF-PURCHASEORDERLINE-000095""]"
FF-CUSTOMER-000595,Final Inspection Passed,2023-03-28T17:51:00Z,commercial_document,FF-R-00008029,USR-119,"[""FF-CUSTOMER-000595"",""FF-WORKORDER-000095""]"
FF-CUSTOMER-000626,Rework Completed,2023-03-29T06:25:00Z,finance_posting,FF-R-00008085,USR-010,"[""FF-CUSTOMER-000626"",""FF-BOMREVISION-000126"",""FF-PURCHASEORDERLINE-000126""]"
FF-CUSTOMER-000600,Final Inspection Failed,2023-03-29T07:00:00Z,engineering_execution,FF-R-00008089,USR-078,"[""FF-CUSTOMER-000600"",""FF-OPERATION-000100"",""FF-GOODSRECEIPT-000100""]"
FF-CUSTOMER-000600,Rework Ordered,2023-03-29T07:37:00Z,fulfilment_record,FF-R-00008090,USR-075,"[""FF-CUSTOMER-000600"",""FF-ENGINEERINGCHANGE-000100""]"
FF-CUSTOMER-000600,Rework Completed,2023-03-29T08:14:00Z,finance_posting,FF-R-00008091,USR-076,"[""FF-CUSTOMER-000600"",""FF-BOMREVISION-000100"",""FF-PURCHASEORDERLINE-000100""]"
FF-CUSTOMER-000600,Final Inspection Passed,2023-03-29T08:51:00Z,commercial_document,FF-R-00008092,USR-077,"[""FF-CUSTOMER-000600"",""FF-WORKORDER-000100""]"
FF-CUSTOMER-000605,Final Inspection Failed,2023-03-29T22:00:00Z,engineering_execution,FF-R-00008145,USR-036,"[""FF-CUSTOMER-000605"",""FF-OPERATION-000105""]"
FF-CUSTOMER-000605,Rework Ordered,2023-03-29T22:37:00Z,fulfilment_record,FF-R-00008146,USR-033,"[""FF-CUSTOMER-000605"",""FF-ENGINEERINGCHANGE-000105"",""FF-PURCHASEORDER-000105""]"
FF-CUSTOMER-000605,Rework Completed,2023-03-29T23:14:00Z,finance_posting,FF-R-00008147,USR-034,"[""FF-CUSTOMER-000605"",""FF-BOMREVISION-000105""]"
FF-CUSTOMER-000605,Final Inspection Passed,2023-03-29T23:51:00Z,commercial_document,FF-R-00008148,USR-035,"[""FF-CUSTOMER-000605"",""FF-WORKORDER-000105""]"
FF-CUSTOMER-000634,Final Inspection Passed,2023-03-30T12:34:00Z,commercial_document,FF-R-00008208,USR-020,"[""FF-CUSTOMER-000634"",""FF-WORKORDER-000134""]"
FF-CUSTOMER-000610,Final Inspection Failed,2023-03-30T13:00:00Z,engineering_execution,FF-R-00008210,USR-121,"[""FF-CUSTOMER-000610"",""FF-OPERATION-000110""]"
FF-CUSTOMER-000610,Rework Ordered,2023-03-30T13:37:00Z,fulfilment_record,FF-R-00008211,USR-118,"[""FF-CUSTOMER-000610"",""FF-ENGINEERINGCHANGE-000110""]"
FF-CUSTOMER-000610,Rework Completed,2023-03-30T14:14:00Z,finance_posting,FF-R-00008212,USR-119,"[""FF-CUSTOMER-000610"",""FF-BOMREVISION-000110""]"
FF-CUSTOMER-000610,Final Inspection Passed,2023-03-30T14:51:00Z,commercial_document,FF-R-00008213,USR-120,"[""FF-CUSTOMER-000610"",""FF-WORKORDER-000110"",""FF-SUPPLIER-000110""]"
FF-CUSTOMER-000635,Final Inspection Failed,2023-03-30T21:36:00Z,engineering_execution,FF-R-00008244,USR-038,"[""FF-CUSTOMER-000635"",""FF-OPERATION-000135""]"
FF-CUSTOMER-000641,Rework Ordered,2023-03-30T21:39:00Z,fulfilment_record,FF-R-00008245,USR-010,"[""FF-CUSTOMER-000641"",""FF-ENGINEERINGCHANGE-000141""]"
FF-CUSTOMER-000615,Final Inspection Failed,2023-03-31T04:00:00Z,engineering_execution,FF-R-00008267,USR-079,"[""FF-CUSTOMER-000615"",""FF-OPERATION-000115""]"
FF-CUSTOMER-000615,Rework Ordered,2023-03-31T04:37:00Z,fulfilment_record,FF-R-00008268,USR-076,"[""FF-CUSTOMER-000615"",""FF-ENGINEERINGCHANGE-000115"",""FF-PURCHASEORDER-000115""]"
FF-CUSTOMER-000615,Rework Completed,2023-03-31T05:14:00Z,finance_posting,FF-R-00008269,USR-077,"[""FF-CUSTOMER-000615"",""FF-BOMREVISION-000115""]"
FF-CUSTOMER-000615,Final Inspection Passed,2023-03-31T05:51:00Z,commercial_document,FF-R-00008270,USR-078,"[""FF-CUSTOMER-000615"",""FF-WORKORDER-000115"",""FF-SUPPLIER-000115""]"
FF-CUSTOMER-000620,Final Inspection Failed,2023-03-31T19:00:00Z,engineering_execution,FF-R-00008328,USR-037,"[""FF-CUSTOMER-000620"",""FF-OPERATION-000120""]"
FF-CUSTOMER-000620,Rework Ordered,2023-03-31T19:37:00Z,fulfilment_record,FF-R-00008329,USR-034,"[""FF-CUSTOMER-000620"",""FF-ENGINEERINGCHANGE-000120""]"
FF-CUSTOMER-000620,Rework Completed,2023-03-31T20:14:00Z,finance_posting,FF-R-00008330,USR-035,"[""FF-CUSTOMER-000620"",""FF-BOMREVISION-000120""]"
FF-CUSTOMER-000620,Final Inspection Passed,2023-03-31T20:51:00Z,commercial_document,FF-R-00008331,USR-036,"[""FF-CUSTOMER-000620"",""FF-WORKORDER-000120"",""FF-SUPPLIER-000120""]"
FF-CUSTOMER-000649,Rework Completed,2023-04-01T03:48:00Z,finance_posting,FF-R-00008366,USR-020,"[""FF-CUSTOMER-000649"",""FF-BOMREVISION-000149""]"
FF-CUSTOMER-000625,Final Inspection Failed,2023-04-01T10:00:00Z,engineering_execution,FF-R-00008388,USR-122,"[""FF-CUSTOMER-000625"",""FF-OPERATION-000125"",""FF-GOODSRECEIPT-000125""]"
FF-CUSTOMER-000625,Rework Ordered,2023-04-01T10:37:00Z,fulfilment_record,FF-R-00008389,USR-119,"[""FF-CUSTOMER-000625"",""FF-ENGINEERINGCHANGE-000125""]"
FF-CUSTOMER-000625,Rework Completed,2023-04-01T11:14:00Z,finance_posting,FF-R-00008390,USR-120,"[""FF-CUSTOMER-000625"",""FF-BOMREVISION-000125"",""FF-PURCHASEORDERLINE-000125""]"
FF-CUSTOMER-000625,Final Inspection Passed,2023-04-01T11:51:00Z,commercial_document,FF-R-00008391,USR-121,"[""FF-CUSTOMER-000625"",""FF-WORKORDER-000125""]"
FF-CUSTOMER-000630,Final Inspection Failed,2023-04-02T01:00:00Z,engineering_execution,FF-R-00008449,USR-080,"[""FF-CUSTOMER-000630"",""FF-OPERATION-000130"",""FF-GOODSRECEIPT-000130""]"
FF-CUSTOMER-000630,Rework Ordered,2023-04-02T01:37:00Z,fulfilment_record,FF-R-00008450,USR-077,"[""FF-CUSTOMER-000630"",""FF-ENGINEERINGCHANGE-000130""]"
FF-CUSTOMER-000630,Rework Completed,2023-04-02T02:14:00Z,finance_posting,FF-R-00008451,USR-078,"[""FF-CUSTOMER-000630"",""FF-BOMREVISION-000130"",""FF-PURCHASEORDERLINE-000130""]"
FF-CUSTOMER-000630,Final Inspection Passed,2023-04-02T02:51:00Z,commercial_document,FF-R-00008452,USR-079,"[""FF-CUSTOMER-000630"",""FF-WORKORDER-000130""]"
FF-CUSTOMER-000660,Rework Ordered,2023-04-02T06:05:00Z,fulfilment_record,FF-R-00008464,USR-079,"[""FF-CUSTOMER-000660"",""FF-ENGINEERINGCHANGE-000160"",""FF-PURCHASEORDER-000160""]"
FF-CUSTOMER-000635,Final Inspection Failed,2023-04-02T16:00:00Z,engineering_execution,FF-R-00008507,USR-038,"[""FF-CUSTOMER-000635"",""FF-OPERATION-000135""]"
FF-CUSTOMER-000635,Rework Ordered,2023-04-02T16:37:00Z,fulfilment_record,FF-R-00008508,USR-035,"[""FF-CUSTOMER-000635"",""FF-ENGINEERINGCHANGE-000135""]"
FF-CUSTOMER-000635,Rework Completed,2023-04-02T17:14:00Z,finance_posting,FF-R-00008509,USR-036,"[""FF-CUSTOMER-000635"",""FF-BOMREVISION-000135""]"
FF-CUSTOMER-000635,Final Inspection Passed,2023-04-02T17:51:00Z,commercial_document,FF-R-00008510,USR-037,"[""FF-CUSTOMER-000635"",""FF-WORKORDER-000135"",""FF-SUPPLIER-000135""]"
FF-CUSTOMER-000663,Final Inspection Passed,2023-04-03T03:10:00Z,commercial_document,FF-R-00008545,USR-005,"[""FF-CUSTOMER-000663"",""FF-WORKORDER-000163""]"
FF-CUSTOMER-000640,Final Inspection Failed,2023-04-03T07:00:00Z,engineering_execution,FF-R-00008569,USR-123,"[""FF-CUSTOMER-000640"",""FF-OPERATION-000140""]"
FF-CUSTOMER-000640,Rework Ordered,2023-04-03T07:37:00Z,fulfilment_record,FF-R-00008570,USR-120,"[""FF-CUSTOMER-000640"",""FF-ENGINEERINGCHANGE-000140""]"
FF-CUSTOMER-000640,Rework Completed,2023-04-03T08:14:00Z,finance_posting,FF-R-00008571,USR-121,"[""FF-CUSTOMER-000640"",""FF-BOMREVISION-000140""]"
FF-CUSTOMER-000640,Final Inspection Passed,2023-04-03T08:51:00Z,commercial_document,FF-R-00008572,USR-122,"[""FF-CUSTOMER-000640"",""FF-WORKORDER-000140"",""FF-SUPPLIER-000140""]"
FF-CUSTOMER-000666,Final Inspection Failed,2023-04-03T18:14:00Z,engineering_execution,FF-R-00008606,USR-057,"[""FF-CUSTOMER-000666"",""FF-OPERATION-000166""]"
FF-CUSTOMER-000645,Final Inspection Failed,2023-04-03T22:00:00Z,engineering_execution,FF-R-00008628,USR-081,"[""FF-CUSTOMER-000645"",""FF-OPERATION-000145""]"
FF-CUSTOMER-000645,Rework Ordered,2023-04-03T22:37:00Z,fulfilment_record,FF-R-00008629,USR-078,"[""FF-CUSTOMER-000645"",""FF-ENGINEERINGCHANGE-000145"",""FF-PURCHASEORDER-000145""]"
FF-CUSTOMER-000645,Rework Completed,2023-04-03T23:14:00Z,finance_posting,FF-R-00008630,USR-079,"[""FF-CUSTOMER-000645"",""FF-BOMREVISION-000145""]"
FF-CUSTOMER-000645,Final Inspection Passed,2023-04-03T23:51:00Z,commercial_document,FF-R-00008631,USR-080,"[""FF-CUSTOMER-000645"",""FF-WORKORDER-000145"",""FF-SUPPLIER-000145""]"
FF-CUSTOMER-000672,Rework Completed,2023-04-04T00:18:00Z,finance_posting,FF-R-00008633,USR-030,"[""FF-CUSTOMER-000672"",""FF-BOMREVISION-000172""]"
FF-CUSTOMER-000650,Final Inspection Failed,2023-04-04T13:00:00Z,engineering_execution,FF-R-00008687,USR-039,"[""FF-CUSTOMER-000650"",""FF-OPERATION-000150"",""FF-GOODSRECEIPT-000150""]"
FF-CUSTOMER-000650,Rework Ordered,2023-04-04T13:37:00Z,fulfilment_record,FF-R-00008688,USR-036,"[""FF-CUSTOMER-000650"",""FF-ENGINEERINGCHANGE-000150""]"
FF-CUSTOMER-000650,Rework Completed,2023-04-04T14:14:00Z,finance_posting,FF-R-00008689,USR-037,"[""FF-CUSTOMER-000650"",""FF-BOMREVISION-000150"",""FF-PURCHASEORDERLINE-000150""]"
FF-CUSTOMER-000650,Final Inspection Passed,2023-04-04T14:51:00Z,commercial_document,FF-R-00008690,USR-038,"[""FF-CUSTOMER-000650"",""FF-WORKORDER-000150""]"
FF-CUSTOMER-000679,Rework Ordered,2023-04-04T15:24:00Z,fulfilment_record,FF-R-00008698,USR-021,"[""FF-CUSTOMER-000679"",""FF-ENGINEERINGCHANGE-000179""]"
FF-CUSTOMER-000655,Final Inspection Failed,2023-04-05T04:00:00Z,engineering_execution,FF-R-00008749,USR-124,"[""FF-CUSTOMER-000655"",""FF-OPERATION-000155""]"
FF-CUSTOMER-000655,Rework Ordered,2023-04-05T04:37:00Z,fulfilment_record,FF-R-00008750,USR-121,"[""FF-CUSTOMER-000655"",""FF-ENGINEERINGCHANGE-000155"",""FF-PURCHASEORDER-000155""]"
FF-CUSTOMER-000655,Rework Completed,2023-04-05T05:14:00Z,finance_posting,FF-R-00008751,USR-122,"[""FF-CUSTOMER-000655"",""FF-BOMREVISION-000155""]"
FF-CUSTOMER-000655,Final Inspection Passed,2023-04-05T05:51:00Z,commercial_document,FF-R-00008752,USR-123,"[""FF-CUSTOMER-000655"",""FF-WORKORDER-000155"",""FF-SUPPLIER-000155""]"
FF-CUSTOMER-000660,Final Inspection Failed,2023-04-05T19:00:00Z,engineering_execution,FF-R-00008810,USR-082,"[""FF-CUSTOMER-000660"",""FF-OPERATION-000160""]"
FF-CUSTOMER-000660,Rework Ordered,2023-04-05T19:37:00Z,fulfilment_record,FF-R-00008811,USR-079,"[""FF-CUSTOMER-000660"",""FF-ENGINEERINGCHANGE-000160""]"
FF-CUSTOMER-000660,Rework Completed,2023-04-05T20:14:00Z,finance_posting,FF-R-00008812,USR-080,"[""FF-CUSTOMER-000660"",""FF-BOMREVISION-000160""]"
FF-CUSTOMER-000660,Final Inspection Passed,2023-04-05T20:51:00Z,commercial_document,FF-R-00008813,USR-081,"[""FF-CUSTOMER-000660"",""FF-WORKORDER-000160"",""FF-SUPPLIER-000160""]"
FF-CUSTOMER-000665,Final Inspection Failed,2023-04-06T10:00:00Z,engineering_execution,FF-R-00008870,USR-040,"[""FF-CUSTOMER-000665"",""FF-OPERATION-000165""]"
FF-CUSTOMER-000665,Rework Ordered,2023-04-06T10:37:00Z,fulfilment_record,FF-R-00008871,USR-037,"[""FF-CUSTOMER-000665"",""FF-ENGINEERINGCHANGE-000165"",""FF-PURCHASEORDER-000165""]"
FF-CUSTOMER-000665,Rework Completed,2023-04-06T11:14:00Z,finance_posting,FF-R-00008872,USR-038,"[""FF-CUSTOMER-000665"",""FF-BOMREVISION-000165""]"
FF-CUSTOMER-000665,Final Inspection Passed,2023-04-06T11:51:00Z,commercial_document,FF-R-00008873,USR-039,"[""FF-CUSTOMER-000665"",""FF-WORKORDER-000165"",""FF-SUPPLIER-000165""]"
FF-CUSTOMER-000692,Final Inspection Passed,2023-04-06T18:39:00Z,commercial_document,FF-R-00008906,USR-117,"[""FF-CUSTOMER-000692"",""FF-WORKORDER-000192""]"
FF-CUSTOMER-000695,Rework Completed,2023-04-06T21:41:00Z,finance_posting,FF-R-00008917,USR-040,"[""FF-CUSTOMER-000695"",""FF-BOMREVISION-000195""]"
FF-CUSTOMER-000698,Rework Ordered,2023-04-07T00:43:00Z,fulfilment_record,FF-R-00008928,USR-090,"[""FF-CUSTOMER-000698"",""FF-ENGINEERINGCHANGE-000198""]"
FF-CUSTOMER-000670,Final Inspection Failed,2023-04-07T01:00:00Z,engineering_execution,FF-R-00008930,USR-125,"[""FF-CUSTOMER-000670"",""FF-OPERATION-000170"",""FF-GOODSRECEIPT-000170""]"
FF-CUSTOMER-000670,Rework Ordered,2023-04-07T01:37:00Z,fulfilment_record,FF-R-00008931,USR-122,"[""FF-CUSTOMER-000670"",""FF-ENGINEERINGCHANGE-000170""]"
FF-CUSTOMER-000670,Rework Completed,2023-04-07T02:14:00Z,finance_posting,FF-R-00008932,USR-123,"[""FF-CUSTOMER-000670"",""FF-BOMREVISION-000170"",""FF-PURCHASEORDERLINE-000170""]"
FF-CUSTOMER-000670,Final Inspection Passed,2023-04-07T02:51:00Z,commercial_document,FF-R-00008933,USR-124,"[""FF-CUSTOMER-000670"",""FF-WORKORDER-000170""]"
FF-CUSTOMER-000697,Final Inspection Failed,2023-04-07T15:45:00Z,engineering_execution,FF-R-00008991,USR-076,"[""FF-CUSTOMER-000697"",""FF-OPERATION-000197""]"
FF-CUSTOMER-000675,Final Inspection Failed,2023-04-07T16:00:00Z,engineering_execution,FF-R-00008992,USR-083,"[""FF-CUSTOMER-000675"",""FF-OPERATION-000175""]"
FF-CUSTOMER-000675,Rework Ordered,2023-04-07T16:37:00Z,fulfilment_record,FF-R-00008993,USR-080,"[""FF-CUSTOMER-000675"",""FF-ENGINEERINGCHANGE-000175"",""FF-PURCHASEORDER-000175""]"
FF-CUSTOMER-000675,Rework Completed,2023-04-07T17:14:00Z,finance_posting,FF-R-00008994,USR-081,"[""FF-CUSTOMER-000675"",""FF-BOMREVISION-000175""]"
FF-CUSTOMER-000675,Final Inspection Passed,2023-04-07T17:51:00Z,commercial_document,FF-R-00008995,USR-082,"[""FF-CUSTOMER-000675"",""FF-WORKORDER-000175"",""FF-SUPPLIER-000175""]"
FF-CUSTOMER-000680,Final Inspection Failed,2023-04-08T07:00:00Z,engineering_execution,FF-R-00009049,USR-041,"[""FF-CUSTOMER-000680"",""FF-OPERATION-000180"",""FF-GOODSRECEIPT-000180""]"
FF-CUSTOMER-000680,Rework Ordered,2023-04-08T07:37:00Z,fulfilment_record,FF-R-00009050,USR-038,"[""FF-CUSTOMER-000680"",""FF-ENGINEERINGCHANGE-000180""]"
FF-CUSTOMER-000680,Rework Completed,2023-04-08T08:14:00Z,finance_posting,FF-R-00009051,USR-039,"[""FF-CUSTOMER-000680"",""FF-BOMREVISION-000180"",""FF-PURCHASEORDERLINE-000180""]"
FF-CUSTOMER-000680,Final Inspection Passed,2023-04-08T08:51:00Z,commercial_document,FF-R-00009052,USR-040,"[""FF-CUSTOMER-000680"",""FF-WORKORDER-000180""]"
FF-CUSTOMER-000685,Final Inspection Failed,2023-04-08T22:00:00Z,engineering_execution,FF-R-00009113,USR-126,"[""FF-CUSTOMER-000685"",""FF-OPERATION-000185""]"
FF-CUSTOMER-000685,Rework Ordered,2023-04-08T22:37:00Z,fulfilment_record,FF-R-00009114,USR-123,"[""FF-CUSTOMER-000685"",""FF-ENGINEERINGCHANGE-000185"",""FF-PURCHASEORDER-000185""]"
FF-CUSTOMER-000685,Rework Completed,2023-04-08T23:14:00Z,finance_posting,FF-R-00009115,USR-124,"[""FF-CUSTOMER-000685"",""FF-BOMREVISION-000185""]"
FF-CUSTOMER-000685,Final Inspection Passed,2023-04-08T23:51:00Z,commercial_document,FF-R-00009116,USR-125,"[""FF-CUSTOMER-000685"",""FF-WORKORDER-000185"",""FF-SUPPLIER-000185""]"
FF-CUSTOMER-000717,Rework Ordered,2023-04-09T09:09:00Z,fulfilment_record,FF-R-00009150,USR-032,"[""FF-CUSTOMER-000717"",""FF-ENGINEERINGCHANGE-000217""]"
FF-CUSTOMER-000690,Final Inspection Failed,2023-04-09T13:00:00Z,engineering_execution,FF-R-00009170,USR-084,"[""FF-CUSTOMER-000690"",""FF-OPERATION-000190"",""FF-GOODSRECEIPT-000190""]"
FF-CUSTOMER-000690,Rework Ordered,2023-04-09T13:37:00Z,fulfilment_record,FF-R-00009171,USR-081,"[""FF-CUSTOMER-000690"",""FF-ENGINEERINGCHANGE-000190""]"
FF-CUSTOMER-000690,Rework Completed,2023-04-09T14:14:00Z,finance_posting,FF-R-00009172,USR-082,"[""FF-CUSTOMER-000690"",""FF-BOMREVISION-000190"",""FF-PURCHASEORDERLINE-000190""]"
FF-CUSTOMER-000690,Final Inspection Passed,2023-04-09T14:51:00Z,commercial_document,FF-R-00009173,USR-083,"[""FF-CUSTOMER-000690"",""FF-WORKORDER-000190""]"
FF-CUSTOMER-000718,Rework Completed,2023-04-09T18:11:00Z,finance_posting,FF-R-00009185,USR-050,"[""FF-CUSTOMER-000718"",""FF-BOMREVISION-000218""]"
FF-CUSTOMER-000695,Final Inspection Failed,2023-04-10T04:00:00Z,engineering_execution,FF-R-00009229,USR-042,"[""FF-CUSTOMER-000695"",""FF-OPERATION-000195""]"
FF-CUSTOMER-000695,Rework Ordered,2023-04-10T04:37:00Z,fulfilment_record,FF-R-00009230,USR-039,"[""FF-CUSTOMER-000695"",""FF-ENGINEERINGCHANGE-000195"",""FF-PURCHASEORDER-000195""]"
FF-CUSTOMER-000695,Rework Completed,2023-04-10T05:14:00Z,finance_posting,FF-R-00009231,USR-040,"[""FF-CUSTOMER-000695"",""FF-BOMREVISION-000195""]"
FF-CUSTOMER-000695,Final Inspection Passed,2023-04-10T05:51:00Z,commercial_document,FF-R-00009232,USR-041,"[""FF-CUSTOMER-000695"",""FF-WORKORDER-000195"",""FF-SUPPLIER-000195""]"
FF-CUSTOMER-000721,Final Inspection Passed,2023-04-10T09:15:00Z,commercial_document,FF-R-00009248,USR-102,"[""FF-CUSTOMER-000721"",""FF-WORKORDER-000221""]"
FF-CUSTOMER-000700,Final Inspection Failed,2023-04-10T19:00:00Z,engineering_execution,FF-R-00009292,USR-127,"[""FF-CUSTOMER-000700"",""FF-OPERATION-000200""]"
FF-CUSTOMER-000700,Rework Ordered,2023-04-10T19:37:00Z,fulfilment_record,FF-R-00009293,USR-124,"[""FF-CUSTOMER-000700"",""FF-ENGINEERINGCHANGE-000200"",""FF-PURCHASEORDER-000200""]"
FF-CUSTOMER-000700,Rework Completed,2023-04-10T20:14:00Z,finance_posting,FF-R-00009294,USR-125,"[""FF-CUSTOMER-000700"",""FF-BOMREVISION-000200""]"
FF-CUSTOMER-000700,Final Inspection Passed,2023-04-10T20:51:00Z,commercial_document,FF-R-00009295,USR-126,"[""FF-CUSTOMER-000700"",""FF-WORKORDER-000200""]"
FF-CUSTOMER-000705,Final Inspection Failed,2023-04-11T10:00:00Z,engineering_execution,FF-R-00009347,USR-085,"[""FF-CUSTOMER-000705"",""FF-OPERATION-000205""]"
FF-CUSTOMER-000705,Rework Ordered,2023-04-11T10:37:00Z,fulfilment_record,FF-R-00009348,USR-082,"[""FF-CUSTOMER-000705"",""FF-ENGINEERINGCHANGE-000205""]"
FF-CUSTOMER-000705,Rework Completed,2023-04-11T11:14:00Z,finance_posting,FF-R-00009349,USR-083,"[""FF-CUSTOMER-000705"",""FF-BOMREVISION-000205""]"
FF-CUSTOMER-000705,Final Inspection Passed,2023-04-11T11:51:00Z,commercial_document,FF-R-00009350,USR-084,"[""FF-CUSTOMER-000705"",""FF-WORKORDER-000205"",""FF-SUPPLIER-000205""]"
FF-CUSTOMER-000728,Final Inspection Failed,2023-04-11T12:23:00Z,engineering_execution,FF-R-00009358,USR-095,"[""FF-CUSTOMER-000728"",""FF-OPERATION-000228""]"
FF-CUSTOMER-000736,Rework Ordered,2023-04-11T18:28:00Z,fulfilment_record,FF-R-00009386,USR-101,"[""FF-CUSTOMER-000736"",""FF-ENGINEERINGCHANGE-000236""]"
FF-CUSTOMER-000710,Final Inspection Failed,2023-04-12T01:00:00Z,engineering_execution,FF-R-00009412,USR-043,"[""FF-CUSTOMER-000710"",""FF-OPERATION-000210""]"
FF-CUSTOMER-000710,Rework Ordered,2023-04-12T01:37:00Z,fulfilment_record,FF-R-00009413,USR-040,"[""FF-CUSTOMER-000710"",""FF-ENGINEERINGCHANGE-000210""]"
FF-CUSTOMER-000710,Rework Completed,2023-04-12T02:14:00Z,finance_posting,FF-R-00009414,USR-041,"[""FF-CUSTOMER-000710"",""FF-BOMREVISION-000210""]"
FF-CUSTOMER-000710,Final Inspection Passed,2023-04-12T02:51:00Z,commercial_document,FF-R-00009415,USR-042,"[""FF-CUSTOMER-000710"",""FF-WORKORDER-000210"",""FF-SUPPLIER-000210""]"
FF-CUSTOMER-000741,Rework Completed,2023-04-12T15:34:00Z,finance_posting,FF-R-00009469,USR-060,"[""FF-CUSTOMER-000741"",""FF-BOMREVISION-000241"",""FF-PURCHASEORDERLINE-000241""]"
FF-CUSTOMER-000715,Final Inspection Failed,2023-04-12T16:00:00Z,engineering_execution,FF-R-00009471,USR-001,"[""FF-CUSTOMER-000715"",""FF-OPERATION-000215"",""FF-GOODSRECEIPT-000215""]"
FF-CUSTOMER-000715,Rework Ordered,2023-04-12T16:37:00Z,fulfilment_record,FF-R-00009472,USR-125,"[""FF-CUSTOMER-000715"",""FF-ENGINEERINGCHANGE-000215""]"
FF-CUSTOMER-000715,Rework Completed,2023-04-12T17:14:00Z,finance_posting,FF-R-00009473,USR-126,"[""FF-CUSTOMER-000715"",""FF-BOMREVISION-000215"",""FF-PURCHASEORDERLINE-000215""]"
FF-CUSTOMER-000715,Final Inspection Passed,2023-04-12T17:51:00Z,commercial_document,FF-R-00009474,USR-127,"[""FF-CUSTOMER-000715"",""FF-WORKORDER-000215""]"
FF-CUSTOMER-000720,Final Inspection Failed,2023-04-13T07:00:00Z,engineering_execution,FF-R-00009532,USR-086,"[""FF-CUSTOMER-000720"",""FF-OPERATION-000220"",""FF-GOODSRECEIPT-000220""]"
FF-CUSTOMER-000720,Rework Ordered,2023-04-13T07:37:00Z,fulfilment_record,FF-R-00009533,USR-083,"[""FF-CUSTOMER-000720"",""FF-ENGINEERINGCHANGE-000220""]"
FF-CUSTOMER-000720,Rework Completed,2023-04-13T08:14:00Z,finance_posting,FF-R-00009534,USR-084,"[""FF-CUSTOMER-000720"",""FF-BOMREVISION-000220"",""FF-PURCHASEORDERLINE-000220""]"
FF-CUSTOMER-000720,Final Inspection Passed,2023-04-13T08:51:00Z,commercial_document,FF-R-00009535,USR-085,"[""FF-CUSTOMER-000720"",""FF-WORKORDER-000220""]"
FF-CUSTOMER-000725,Final Inspection Failed,2023-04-13T22:00:00Z,engineering_execution,FF-R-00009591,USR-044,"[""FF-CUSTOMER-000725"",""FF-OPERATION-000225""]"
FF-CUSTOMER-000725,Rework Ordered,2023-04-13T22:37:00Z,fulfilment_record,FF-R-00009592,USR-041,"[""FF-CUSTOMER-000725"",""FF-ENGINEERINGCHANGE-000225"",""FF-PURCHASEORDER-000225""]"
FF-CUSTOMER-000725,Rework Completed,2023-04-13T23:14:00Z,finance_posting,FF-R-00009593,USR-042,"[""FF-CUSTOMER-000725"",""FF-BOMREVISION-000225""]"
FF-CUSTOMER-000725,Final Inspection Passed,2023-04-13T23:51:00Z,commercial_document,FF-R-00009594,USR-043,"[""FF-CUSTOMER-000725"",""FF-WORKORDER-000225"",""FF-SUPPLIER-000225""]"
FF-CUSTOMER-000750,Final Inspection Passed,2023-04-14T00:44:00Z,commercial_document,FF-R-00009604,USR-087,"[""FF-CUSTOMER-000750"",""FF-WORKORDER-000250""]"
FF-CUSTOMER-000755,Rework Ordered,2023-04-14T03:47:00Z,fulfilment_record,FF-R-00009615,USR-043,"[""FF-CUSTOMER-000755"",""FF-ENGINEERINGCHANGE-000255"",""FF-PURCHASEORDER-000255""]"
FF-CUSTOMER-000730,Final Inspection Failed,2023-04-14T13:00:00Z,engineering_execution,FF-R-00009653,USR-002,"[""FF-CUSTOMER-000730"",""FF-OPERATION-000230"",""FF-GOODSRECEIPT-000230""]"
FF-CUSTOMER-000730,Rework Ordered,2023-04-14T13:37:00Z,fulfilment_record,FF-R-00009654,USR-126,"[""FF-CUSTOMER-000730"",""FF-ENGINEERINGCHANGE-000230""]"
FF-CUSTOMER-000730,Rework Completed,2023-04-14T14:14:00Z,finance_posting,FF-R-00009655,USR-127,"[""FF-CUSTOMER-000730"",""FF-BOMREVISION-000230"",""FF-PURCHASEORDERLINE-000230""]"
FF-CUSTOMER-000730,Final Inspection Passed,2023-04-14T14:51:00Z,commercial_document,FF-R-00009656,USR-001,"[""FF-CUSTOMER-000730"",""FF-WORKORDER-000230""]"
FF-CUSTOMER-000735,Final Inspection Failed,2023-04-15T04:00:00Z,engineering_execution,FF-R-00009712,USR-087,"[""FF-CUSTOMER-000735"",""FF-OPERATION-000235""]"
FF-CUSTOMER-000735,Rework Ordered,2023-04-15T04:37:00Z,fulfilment_record,FF-R-00009713,USR-084,"[""FF-CUSTOMER-000735"",""FF-ENGINEERINGCHANGE-000235"",""FF-PURCHASEORDER-000235""]"
FF-CUSTOMER-000735,Rework Completed,2023-04-15T05:14:00Z,finance_posting,FF-R-00009714,USR-085,"[""FF-CUSTOMER-000735"",""FF-BOMREVISION-000235""]"
FF-CUSTOMER-000735,Final Inspection Passed,2023-04-15T05:51:00Z,commercial_document,FF-R-00009715,USR-086,"[""FF-CUSTOMER-000735"",""FF-WORKORDER-000235""]"
FF-CUSTOMER-000759,Final Inspection Failed,2023-04-15T09:01:00Z,engineering_execution,FF-R-00009726,USR-114,"[""FF-CUSTOMER-000759"",""FF-OPERATION-000259""]"
FF-CUSTOMER-000764,Rework Completed,2023-04-15T12:04:00Z,finance_posting,FF-R-00009737,USR-070,"[""FF-CUSTOMER-000764"",""FF-BOMREVISION-000264""]"
FF-CUSTOMER-000740,Final Inspection Failed,2023-04-15T19:00:00Z,engineering_execution,FF-R-00009773,USR-045,"[""FF-CUSTOMER-000740"",""FF-OPERATION-000240"",""FF-GOODSRECEIPT-000240""]"
FF-CUSTOMER-000740,Rework Ordered,2023-04-15T19:37:00Z,fulfilment_record,FF-R-00009774,USR-042,"[""FF-CUSTOMER-000740"",""FF-ENGINEERINGCHANGE-000240""]"
FF-CUSTOMER-000740,Rework Completed,2023-04-15T20:14:00Z,finance_posting,FF-R-00009775,USR-043,"[""FF-CUSTOMER-000740"",""FF-BOMREVISION-000240"",""FF-PURCHASEORDERLINE-000240""]"
FF-CUSTOMER-000740,Final Inspection Passed,2023-04-15T20:51:00Z,commercial_document,FF-R-00009776,USR-044,"[""FF-CUSTOMER-000740"",""FF-WORKORDER-000240""]"
FF-CUSTOMER-000745,Final Inspection Failed,2023-04-16T10:00:00Z,engineering_execution,FF-R-00009834,USR-003,"[""FF-CUSTOMER-000745"",""FF-OPERATION-000245"",""FF-GOODSRECEIPT-000245""]"
FF-CUSTOMER-000745,Rework Ordered,2023-04-16T10:37:00Z,fulfilment_record,FF-R-00009835,USR-127,"[""FF-CUSTOMER-000745"",""FF-ENGINEERINGCHANGE-000245""]"
FF-CUSTOMER-000745,Rework Completed,2023-04-16T11:14:00Z,finance_posting,FF-R-00009836,USR-001,"[""FF-CUSTOMER-000745"",""FF-BOMREVISION-000245"",""FF-PURCHASEORDERLINE-000245""]"
FF-CUSTOMER-000745,Final Inspection Passed,2023-04-16T11:51:00Z,commercial_document,FF-R-00009837,USR-002,"[""FF-CUSTOMER-000745"",""FF-WORKORDER-000245""]"
FF-CUSTOMER-000774,Rework Ordered,2023-04-16T12:13:00Z,fulfilment_record,FF-R-00009838,USR-112,"[""FF-CUSTOMER-000774"",""FF-ENGINEERINGCHANGE-000274"",""FF-PURCHASEORDER-000274""]"
FF-CUSTOMER-000750,Final Inspection Failed,2023-04-17T01:00:00Z,engineering_execution,FF-R-00009891,USR-088,"[""FF-CUSTOMER-000750"",""FF-OPERATION-000250"",""FF-GOODSRECEIPT-000250""]"
FF-CUSTOMER-000750,Rework Ordered,2023-04-17T01:37:00Z,fulfilment_record,FF-R-00009892,USR-085,"[""FF-CUSTOMER-000750"",""FF-ENGINEERINGCHANGE-000250""]"
FF-CUSTOMER-000750,Rework Completed,2023-04-17T02:14:00Z,finance_posting,FF-R-00009893,USR-086,"[""FF-CUSTOMER-000750"",""FF-BOMREVISION-000250"",""FF-PURCHASEORDERLINE-000250""]"
FF-CUSTOMER-000750,Final Inspection Passed,2023-04-17T02:51:00Z,commercial_document,FF-R-00009894,USR-087,"[""FF-CUSTOMER-000750"",""FF-WORKORDER-000250""]"
FF-CUSTOMER-000779,Final Inspection Passed,2023-04-17T15:20:00Z,commercial_document,FF-R-00009947,USR-072,"[""FF-CUSTOMER-000779"",""FF-WORKORDER-000279"",""FF-SUPPLIER-000279""]"
FF-CUSTOMER-000755,Final Inspection Failed,2023-04-17T16:00:00Z,engineering_execution,FF-R-00009953,USR-046,"[""FF-CUSTOMER-000755"",""FF-OPERATION-000255""]"
FF-CUSTOMER-000755,Rework Ordered,2023-04-17T16:37:00Z,fulfilment_record,FF-R-00009954,USR-043,"[""FF-CUSTOMER-000755"",""FF-ENGINEERINGCHANGE-000255""]"
FF-CUSTOMER-000755,Rework Completed,2023-04-17T17:14:00Z,finance_posting,FF-R-00009955,USR-044,"[""FF-CUSTOMER-000755"",""FF-BOMREVISION-000255""]"
FF-CUSTOMER-000755,Final Inspection Passed,2023-04-17T17:51:00Z,commercial_document,FF-R-00009956,USR-045,"[""FF-CUSTOMER-000755"",""FF-WORKORDER-000255"",""FF-SUPPLIER-000255""]"
FF-CUSTOMER-000760,Final Inspection Failed,2023-04-18T07:00:00Z,engineering_execution,FF-R-00010010,USR-004,"[""FF-CUSTOMER-000760"",""FF-OPERATION-000260""]"
FF-CUSTOMER-000760,Rework Ordered,2023-04-18T07:37:00Z,fulfilment_record,FF-R-00010011,USR-001,"[""FF-CUSTOMER-000760"",""FF-ENGINEERINGCHANGE-000260"",""FF-PURCHASEORDER-000260""]"
FF-CUSTOMER-000760,Rework Completed,2023-04-18T08:14:00Z,finance_posting,FF-R-00010012,USR-002,"[""FF-CUSTOMER-000760"",""FF-BOMREVISION-000260""]"
FF-CUSTOMER-000760,Final Inspection Passed,2023-04-18T08:51:00Z,commercial_document,FF-R-00010013,USR-003,"[""FF-CUSTOMER-000760"",""FF-WORKORDER-000260"",""FF-SUPPLIER-000260""]"
FF-CUSTOMER-000787,Rework Completed,2023-04-18T09:27:00Z,finance_posting,FF-R-00010023,USR-080,"[""FF-CUSTOMER-000787"",""FF-BOMREVISION-000287"",""FF-PURCHASEORDERLINE-000287""]"
FF-CUSTOMER-000793,Rework Ordered,2023-04-18T21:32:00Z,fulfilment_record,FF-R-00010071,USR-054,"[""FF-CUSTOMER-000793"",""FF-ENGINEERINGCHANGE-000293"",""FF-PURCHASEORDER-000293""]"
FF-CUSTOMER-000765,Final Inspection Failed,2023-04-18T22:00:00Z,engineering_execution,FF-R-00010074,USR-089,"[""FF-CUSTOMER-000765"",""FF-OPERATION-000265""]"
FF-CUSTOMER-000765,Rework Ordered,2023-04-18T22:37:00Z,fulfilment_record,FF-R-00010075,USR-086,"[""FF-CUSTOMER-000765"",""FF-ENGINEERINGCHANGE-000265"",""FF-PURCHASEORDER-000265""]"
FF-CUSTOMER-000765,Rework Completed,2023-04-18T23:14:00Z,finance_posting,FF-R-00010076,USR-087,"[""FF-CUSTOMER-000765"",""FF-BOMREVISION-000265""]"
FF-CUSTOMER-000765,Final Inspection Passed,2023-04-18T23:51:00Z,commercial_document,FF-R-00010077,USR-088,"[""FF-CUSTOMER-000765"",""FF-WORKORDER-000265""]"
FF-CUSTOMER-000790,Final Inspection Failed,2023-04-19T06:32:00Z,engineering_execution,FF-R-00010109,USR-006,"[""FF-CUSTOMER-000790"",""FF-OPERATION-000290"",""FF-GOODSRECEIPT-000290""]"
FF-CUSTOMER-000770,Final Inspection Failed,2023-04-19T13:00:00Z,engineering_execution,FF-R-00010133,USR-047,"[""FF-CUSTOMER-000770"",""FF-OPERATION-000270"",""FF-GOODSRECEIPT-000270""]"
FF-CUSTOMER-000770,Rework Ordered,2023-04-19T13:37:00Z,fulfilment_record,FF-R-00010134,USR-044,"[""FF-CUSTOMER-000770"",""FF-ENGINEERINGCHANGE-000270""]"
FF-CUSTOMER-000770,Rework Completed,2023-04-19T14:14:00Z,finance_posting,FF-R-00010135,USR-045,"[""FF-CUSTOMER-000770"",""FF-BOMREVISION-000270"",""FF-PURCHASEORDERLINE-000270""]"
FF-CUSTOMER-000770,Final Inspection Passed,2023-04-19T14:51:00Z,commercial_document,FF-R-00010136,USR-046,"[""FF-CUSTOMER-000770"",""FF-WORKORDER-000270""]"
FF-CUSTOMER-000775,Final Inspection Failed,2023-04-20T04:00:00Z,engineering_execution,FF-R-00010194,USR-005,"[""FF-CUSTOMER-000775"",""FF-OPERATION-000275"",""FF-GOODSRECEIPT-000275""]"
FF-CUSTOMER-000775,Rework Ordered,2023-04-20T04:37:00Z,fulfilment_record,FF-R-00010195,USR-002,"[""FF-CUSTOMER-000775"",""FF-ENGINEERINGCHANGE-000275""]"
FF-CUSTOMER-000775,Rework Completed,2023-04-20T05:14:00Z,finance_posting,FF-R-00010196,USR-003,"[""FF-CUSTOMER-000775"",""FF-BOMREVISION-000275"",""FF-PURCHASEORDERLINE-000275""]"
FF-CUSTOMER-000775,Final Inspection Passed,2023-04-20T05:51:00Z,commercial_document,FF-R-00010197,USR-004,"[""FF-CUSTOMER-000775"",""FF-WORKORDER-000275""]"
FF-CUSTOMER-000780,Final Inspection Failed,2023-04-20T19:00:00Z,engineering_execution,FF-R-00010255,USR-090,"[""FF-CUSTOMER-000780"",""FF-OPERATION-000280""]"
FF-CUSTOMER-000780,Rework Ordered,2023-04-20T19:37:00Z,fulfilment_record,FF-R-00010256,USR-087,"[""FF-CUSTOMER-000780"",""FF-ENGINEERINGCHANGE-000280"",""FF-PURCHASEORDER-000280""]"
FF-CUSTOMER-000780,Rework Completed,2023-04-20T20:14:00Z,finance_posting,FF-R-00010257,USR-088,"[""FF-CUSTOMER-000780"",""FF-BOMREVISION-000280""]"
FF-CUSTOMER-000780,Final Inspection Passed,2023-04-20T20:51:00Z,commercial_document,FF-R-00010258,USR-089,"[""FF-CUSTOMER-000780"",""FF-WORKORDER-000280"",""FF-SUPPLIER-000280""]"
FF-CUSTOMER-000808,Final Inspection Passed,2023-04-21T06:49:00Z,commercial_document,FF-R-00010303,USR-057,"[""FF-CUSTOMER-000808"",""FF-WORKORDER-000308""]"
FF-CUSTOMER-000810,Rework Completed,2023-04-21T06:50:00Z,finance_posting,FF-R-00010304,USR-090,"[""FF-CUSTOMER-000810"",""FF-BOMREVISION-000310"",""FF-PURCHASEORDERLINE-000310""]"
FF-CUSTOMER-000812,Rework Ordered,2023-04-21T06:51:00Z,fulfilment_record,FF-R-00010305,USR-123,"[""FF-CUSTOMER-000812"",""FF-ENGINEERINGCHANGE-000312"",""FF-PURCHASEORDER-000312""]"
FF-CUSTOMER-000785,Final Inspection Failed,2023-04-21T10:00:00Z,engineering_execution,FF-R-00010317,USR-048,"[""FF-CUSTOMER-000785"",""FF-OPERATION-000285"",""FF-GOODSRECEIPT-000285""]"
FF-CUSTOMER-000785,Rework Ordered,2023-04-21T10:37:00Z,fulfilment_record,FF-R-00010318,USR-045,"[""FF-CUSTOMER-000785"",""FF-ENGINEERINGCHANGE-000285""]"
FF-CUSTOMER-000785,Rework Completed,2023-04-21T11:14:00Z,finance_posting,FF-R-00010319,USR-046,"[""FF-CUSTOMER-000785"",""FF-BOMREVISION-000285"",""FF-PURCHASEORDERLINE-000285""]"
FF-CUSTOMER-000785,Final Inspection Passed,2023-04-21T11:51:00Z,commercial_document,FF-R-00010320,USR-047,"[""FF-CUSTOMER-000785"",""FF-WORKORDER-000285""]"
FF-CUSTOMER-000790,Final Inspection Failed,2023-04-22T01:00:00Z,engineering_execution,FF-R-00010371,USR-006,"[""FF-CUSTOMER-000790"",""FF-OPERATION-000290""]"
FF-CUSTOMER-000790,Rework Ordered,2023-04-22T01:37:00Z,fulfilment_record,FF-R-00010372,USR-003,"[""FF-CUSTOMER-000790"",""FF-ENGINEERINGCHANGE-000290"",""FF-PURCHASEORDER-000290""]"
FF-CUSTOMER-000790,Rework Completed,2023-04-22T02:14:00Z,finance_posting,FF-R-00010373,USR-004,"[""FF-CUSTOMER-000790"",""FF-BOMREVISION-000290""]"
FF-CUSTOMER-000790,Final Inspection Passed,2023-04-22T02:51:00Z,commercial_document,FF-R-00010374,USR-005,"[""FF-CUSTOMER-000790"",""FF-WORKORDER-000290"",""FF-SUPPLIER-000290""]"
FF-CUSTOMER-000795,Final Inspection Failed,2023-04-22T16:00:00Z,engineering_execution,FF-R-00010436,USR-091,"[""FF-CUSTOMER-000795"",""FF-OPERATION-000295"",""FF-GOODSRECEIPT-000295""]"
FF-CUSTOMER-000795,Rework Ordered,2023-04-22T16:37:00Z,fulfilment_record,FF-R-00010437,USR-088,"[""FF-CUSTOMER-000795"",""FF-ENGINEERINGCHANGE-000295""]"
FF-CUSTOMER-000795,Rework Completed,2023-04-22T17:14:00Z,finance_posting,FF-R-00010438,USR-089,"[""FF-CUSTOMER-000795"",""FF-BOMREVISION-000295"",""FF-PURCHASEORDERLINE-000295""]"
FF-CUSTOMER-000795,Final Inspection Passed,2023-04-22T17:51:00Z,commercial_document,FF-R-00010439,USR-090,"[""FF-CUSTOMER-000795"",""FF-WORKORDER-000295""]"
FF-CUSTOMER-000821,Final Inspection Failed,2023-04-23T03:10:00Z,engineering_execution,FF-R-00010472,USR-025,"[""FF-CUSTOMER-000821"",""FF-OPERATION-000321""]"
FF-CUSTOMER-000800,Final Inspection Failed,2023-04-23T07:00:00Z,engineering_execution,FF-R-00010496,USR-049,"[""FF-CUSTOMER-000800"",""FF-OPERATION-000300"",""FF-GOODSRECEIPT-000300""]"
FF-CUSTOMER-000800,Rework Ordered,2023-04-23T07:37:00Z,fulfilment_record,FF-R-00010497,USR-046,"[""FF-CUSTOMER-000800"",""FF-ENGINEERINGCHANGE-000300""]"
FF-CUSTOMER-000800,Rework Completed,2023-04-23T08:14:00Z,finance_posting,FF-R-00010498,USR-047,"[""FF-CUSTOMER-000800"",""FF-BOMREVISION-000300"",""FF-PURCHASEORDERLINE-000300""]"
FF-CUSTOMER-000800,Final Inspection Passed,2023-04-23T08:51:00Z,commercial_document,FF-R-00010499,USR-048,"[""FF-CUSTOMER-000800"",""FF-WORKORDER-000300""]"
FF-CUSTOMER-000831,Rework Ordered,2023-04-23T15:17:00Z,fulfilment_record,FF-R-00010521,USR-065,"[""FF-CUSTOMER-000831"",""FF-ENGINEERINGCHANGE-000331""]"
FF-CUSTOMER-000805,Final Inspection Failed,2023-04-23T22:00:00Z,engineering_execution,FF-R-00010553,USR-007,"[""FF-CUSTOMER-000805"",""FF-OPERATION-000305""]"
FF-CUSTOMER-000805,Rework Ordered,2023-04-23T22:37:00Z,fulfilment_record,FF-R-00010554,USR-004,"[""FF-CUSTOMER-000805"",""FF-ENGINEERINGCHANGE-000305""]"
FF-CUSTOMER-000805,Rework Completed,2023-04-23T23:14:00Z,finance_posting,FF-R-00010555,USR-005,"[""FF-CUSTOMER-000805"",""FF-BOMREVISION-000305""]"
FF-CUSTOMER-000805,Final Inspection Passed,2023-04-23T23:51:00Z,commercial_document,FF-R-00010556,USR-006,"[""FF-CUSTOMER-000805"",""FF-WORKORDER-000305"",""FF-SUPPLIER-000305""]"
FF-CUSTOMER-000833,Rework Completed,2023-04-24T03:20:00Z,finance_posting,FF-R-00010575,USR-100,"[""FF-CUSTOMER-000833"",""FF-BOMREVISION-000333"",""FF-PURCHASEORDERLINE-000333""]"
FF-CUSTOMER-000810,Final Inspection Failed,2023-04-24T13:00:00Z,engineering_execution,FF-R-00010615,USR-092,"[""FF-CUSTOMER-000810"",""FF-OPERATION-000310""]"
FF-CUSTOMER-000810,Rework Ordered,2023-04-24T13:37:00Z,fulfilment_record,FF-R-00010616,USR-089,"[""FF-CUSTOMER-000810"",""FF-ENGINEERINGCHANGE-000310"",""FF-PURCHASEORDER-000310""]"
FF-CUSTOMER-000810,Rework Completed,2023-04-24T14:14:00Z,finance_posting,FF-R-00010617,USR-090,"[""FF-CUSTOMER-000810"",""FF-BOMREVISION-000310""]"
FF-CUSTOMER-000810,Final Inspection Passed,2023-04-24T14:51:00Z,commercial_document,FF-R-00010618,USR-091,"[""FF-CUSTOMER-000810"",""FF-WORKORDER-000310"",""FF-SUPPLIER-000310""]"
FF-CUSTOMER-000837,Final Inspection Passed,2023-04-24T21:25:00Z,commercial_document,FF-R-00010647,USR-042,"[""FF-CUSTOMER-000837"",""FF-WORKORDER-000337"",""FF-SUPPLIER-000337""]"
FF-CUSTOMER-000815,Final Inspection Failed,2023-04-25T04:00:00Z,engineering_execution,FF-R-00010674,USR-050,"[""FF-CUSTOMER-000815"",""FF-OPERATION-000315""]"
FF-CUSTOMER-000815,Rework Ordered,2023-04-25T04:37:00Z,fulfilment_record,FF-R-00010675,USR-047,"[""FF-CUSTOMER-000815"",""FF-ENGINEERINGCHANGE-000315""]"
FF-CUSTOMER-000815,Rework Completed,2023-04-25T05:14:00Z,finance_posting,FF-R-00010676,USR-048,"[""FF-CUSTOMER-000815"",""FF-BOMREVISION-000315""]"
FF-CUSTOMER-000815,Final Inspection Passed,2023-04-25T05:51:00Z,commercial_document,FF-R-00010677,USR-049,"[""FF-CUSTOMER-000815"",""FF-WORKORDER-000315"",""FF-SUPPLIER-000315""]"
FF-CUSTOMER-000820,Final Inspection Failed,2023-04-25T19:00:00Z,engineering_execution,FF-R-00010735,USR-008,"[""FF-CUSTOMER-000820"",""FF-OPERATION-000320""]"
FF-CUSTOMER-000820,Rework Ordered,2023-04-25T19:37:00Z,fulfilment_record,FF-R-00010736,USR-005,"[""FF-CUSTOMER-000820"",""FF-ENGINEERINGCHANGE-000320"",""FF-PURCHASEORDER-000320""]"
FF-CUSTOMER-000820,Rework Completed,2023-04-25T20:14:00Z,finance_posting,FF-R-00010737,USR-006,"[""FF-CUSTOMER-000820"",""FF-BOMREVISION-000320""]"
FF-CUSTOMER-000820,Final Inspection Passed,2023-04-25T20:51:00Z,commercial_document,FF-R-00010738,USR-007,"[""FF-CUSTOMER-000820"",""FF-WORKORDER-000320""]"
FF-CUSTOMER-000850,Rework Ordered,2023-04-26T00:36:00Z,fulfilment_record,FF-R-00010761,USR-007,"[""FF-CUSTOMER-000850"",""FF-ENGINEERINGCHANGE-000350""]"
FF-CUSTOMER-000825,Final Inspection Failed,2023-04-26T10:00:00Z,engineering_execution,FF-R-00010792,USR-093,"[""FF-CUSTOMER-000825"",""FF-OPERATION-000325""]"
FF-CUSTOMER-000825,Rework Ordered,2023-04-26T10:37:00Z,fulfilment_record,FF-R-00010793,USR-090,"[""FF-CUSTOMER-000825"",""FF-ENGINEERINGCHANGE-000325""]"
FF-CUSTOMER-000825,Rework Completed,2023-04-26T11:14:00Z,finance_posting,FF-R-00010794,USR-091,"[""FF-CUSTOMER-000825"",""FF-BOMREVISION-000325""]"
FF-CUSTOMER-000825,Final Inspection Passed,2023-04-26T11:51:00Z,commercial_document,FF-R-00010795,USR-092,"[""FF-CUSTOMER-000825"",""FF-WORKORDER-000325"",""FF-SUPPLIER-000325""]"
FF-CUSTOMER-000852,Final Inspection Failed,2023-04-27T00:41:00Z,engineering_execution,FF-R-00010857,USR-044,"[""FF-CUSTOMER-000852"",""FF-OPERATION-000352""]"
FF-CUSTOMER-000856,Rework Completed,2023-04-27T00:43:00Z,finance_posting,FF-R-00010858,USR-110,"[""FF-CUSTOMER-000856"",""FF-BOMREVISION-000356""]"
FF-CUSTOMER-000830,Final Inspection Failed,2023-04-27T01:00:00Z,engineering_execution,FF-R-00010859,USR-051,"[""FF-CUSTOMER-000830"",""FF-OPERATION-000330"",""FF-GOODSRECEIPT-000330""]"
FF-CUSTOMER-000830,Rework Ordered,2023-04-27T01:37:00Z,fulfilment_record,FF-R-00010860,USR-048,"[""FF-CUSTOMER-000830"",""FF-ENGINEERINGCHANGE-000330""]"
FF-CUSTOMER-000830,Rework Completed,2023-04-27T02:14:00Z,finance_posting,FF-R-00010861,USR-049,"[""FF-CUSTOMER-000830"",""FF-BOMREVISION-000330"",""FF-PURCHASEORDERLINE-000330""]"
FF-CUSTOMER-000830,Final Inspection Passed,2023-04-27T02:51:00Z,commercial_document,FF-R-00010862,USR-050,"[""FF-CUSTOMER-000830"",""FF-WORKORDER-000330""]"
FF-CUSTOMER-000835,Final Inspection Failed,2023-04-27T16:00:00Z,engineering_execution,FF-R-00010915,USR-009,"[""FF-CUSTOMER-000835"",""FF-OPERATION-000335"",""FF-GOODSRECEIPT-000335""]"
FF-CUSTOMER-000835,Rework Ordered,2023-04-27T16:37:00Z,fulfilment_record,FF-R-00010916,USR-006,"[""FF-CUSTOMER-000835"",""FF-ENGINEERINGCHANGE-000335""]"
FF-CUSTOMER-000835,Rework Completed,2023-04-27T17:14:00Z,finance_posting,FF-R-00010917,USR-007,"[""FF-CUSTOMER-000835"",""FF-BOMREVISION-000335"",""FF-PURCHASEORDERLINE-000335""]"
FF-CUSTOMER-000835,Final Inspection Passed,2023-04-27T17:51:00Z,commercial_document,FF-R-00010918,USR-008,"[""FF-CUSTOMER-000835"",""FF-WORKORDER-000335""]"
FF-CUSTOMER-000840,Final Inspection Failed,2023-04-28T07:00:00Z,engineering_execution,FF-R-00010976,USR-094,"[""FF-CUSTOMER-000840"",""FF-OPERATION-000340""]"
FF-CUSTOMER-000840,Rework Ordered,2023-04-28T07:37:00Z,fulfilment_record,FF-R-00010977,USR-091,"[""FF-CUSTOMER-000840"",""FF-ENGINEERINGCHANGE-000340"",""FF-PURCHASEORDER-000340""]"
FF-CUSTOMER-000840,Rework Completed,2023-04-28T08:14:00Z,finance_posting,FF-R-00010978,USR-092,"[""FF-CUSTOMER-000840"",""FF-BOMREVISION-000340""]"
FF-CUSTOMER-000840,Final Inspection Passed,2023-04-28T08:51:00Z,commercial_document,FF-R-00010979,USR-093,"[""FF-CUSTOMER-000840"",""FF-WORKORDER-000340"",""FF-SUPPLIER-000340""]"
FF-CUSTOMER-000869,Rework Ordered,2023-04-28T09:02:00Z,fulfilment_record,FF-R-00010980,USR-076,"[""FF-CUSTOMER-000869"",""FF-ENGINEERINGCHANGE-000369""]"
FF-CUSTOMER-000866,Final Inspection Passed,2023-04-28T12:01:00Z,commercial_document,FF-R-00010991,USR-027,"[""FF-CUSTOMER-000866"",""FF-WORKORDER-000366""]"
FF-CUSTOMER-000845,Final Inspection Failed,2023-04-28T22:00:00Z,engineering_execution,FF-R-00011037,USR-052,"[""FF-CUSTOMER-000845"",""FF-OPERATION-000345"",""FF-GOODSRECEIPT-000345""]"
FF-CUSTOMER-000845,Rework Ordered,2023-04-28T22:37:00Z,fulfilment_record,FF-R-00011038,USR-049,"[""FF-CUSTOMER-000845"",""FF-ENGINEERINGCHANGE-000345""]"
FF-CUSTOMER-000845,Rework Completed,2023-04-28T23:14:00Z,finance_posting,FF-R-00011039,USR-050,"[""FF-CUSTOMER-000845"",""FF-BOMREVISION-000345"",""FF-PURCHASEORDERLINE-000345""]"
FF-CUSTOMER-000845,Final Inspection Passed,2023-04-28T23:51:00Z,commercial_document,FF-R-00011040,USR-051,"[""FF-CUSTOMER-000845"",""FF-WORKORDER-000345""]"
FF-CUSTOMER-000850,Final Inspection Failed,2023-04-29T13:00:00Z,engineering_execution,FF-R-00011099,USR-010,"[""FF-CUSTOMER-000850"",""FF-OPERATION-000350""]"
FF-CUSTOMER-000850,Rework Ordered,2023-04-29T13:37:00Z,fulfilment_record,FF-R-00011100,USR-007,"[""FF-CUSTOMER-000850"",""FF-ENGINEERINGCHANGE-000350"",""FF-PURCHASEORDER-000350""]"
FF-CUSTOMER-000850,Rework Completed,2023-04-29T14:14:00Z,finance_posting,FF-R-00011101,USR-008,"[""FF-CUSTOMER-000850"",""FF-BOMREVISION-000350""]"
FF-CUSTOMER-000850,Final Inspection Passed,2023-04-29T14:51:00Z,commercial_document,FF-R-00011102,USR-009,"[""FF-CUSTOMER-000850"",""FF-WORKORDER-000350""]"
FF-CUSTOMER-000879,Rework Completed,2023-04-29T21:13:00Z,finance_posting,FF-R-00011123,USR-120,"[""FF-CUSTOMER-000879"",""FF-BOMREVISION-000379""]"
FF-CUSTOMER-000855,Final Inspection Failed,2023-04-30T04:00:00Z,engineering_execution,FF-R-00011157,USR-095,"[""FF-CUSTOMER-000855"",""FF-OPERATION-000355"",""FF-GOODSRECEIPT-000355""]"
FF-CUSTOMER-000855,Rework Ordered,2023-04-30T04:37:00Z,fulfilment_record,FF-R-00011158,USR-092,"[""FF-CUSTOMER-000855"",""FF-ENGINEERINGCHANGE-000355""]"
FF-CUSTOMER-000855,Rework Completed,2023-04-30T05:14:00Z,finance_posting,FF-R-00011159,USR-093,"[""FF-CUSTOMER-000855"",""FF-BOMREVISION-000355"",""FF-PURCHASEORDERLINE-000355""]"
FF-CUSTOMER-000855,Final Inspection Passed,2023-04-30T05:51:00Z,commercial_document,FF-R-00011160,USR-094,"[""FF-CUSTOMER-000855"",""FF-WORKORDER-000355""]"
FF-CUSTOMER-000888,Rework Ordered,2023-04-30T18:21:00Z,fulfilment_record,FF-R-00011205,USR-018,"[""FF-CUSTOMER-000888"",""FF-ENGINEERINGCHANGE-000388""]"
FF-CUSTOMER-000860,Final Inspection Failed,2023-04-30T19:00:00Z,engineering_execution,FF-R-00011214,USR-053,"[""FF-CUSTOMER-000860"",""FF-OPERATION-000360""]"
FF-CUSTOMER-000860,Rework Ordered,2023-04-30T19:37:00Z,fulfilment_record,FF-R-00011215,USR-050,"[""FF-CUSTOMER-000860"",""FF-ENGINEERINGCHANGE-000360"",""FF-PURCHASEORDER-000360""]"
FF-CUSTOMER-000860,Rework Completed,2023-04-30T20:14:00Z,finance_posting,FF-R-00011216,USR-051,"[""FF-CUSTOMER-000860"",""FF-BOMREVISION-000360""]"
FF-CUSTOMER-000860,Final Inspection Passed,2023-04-30T20:51:00Z,commercial_document,FF-R-00011217,USR-052,"[""FF-CUSTOMER-000860"",""FF-WORKORDER-000360"",""FF-SUPPLIER-000360""]"
FF-CUSTOMER-000883,Final Inspection Failed,2023-04-30T21:19:00Z,engineering_execution,FF-R-00011224,USR-063,"[""FF-CUSTOMER-000883"",""FF-OPERATION-000383""]"
FF-CUSTOMER-000865,Final Inspection Failed,2023-05-01T10:00:00Z,engineering_execution,FF-R-00011276,USR-011,"[""FF-CUSTOMER-000865"",""FF-OPERATION-000365"",""FF-GOODSRECEIPT-000365""]"
FF-CUSTOMER-000865,Rework Ordered,2023-05-01T10:37:00Z,fulfilment_record,FF-R-00011277,USR-008,"[""FF-CUSTOMER-000865"",""FF-ENGINEERINGCHANGE-000365""]"
FF-CUSTOMER-000865,Rework Completed,2023-05-01T11:14:00Z,finance_posting,FF-R-00011278,USR-009,"[""FF-CUSTOMER-000865"",""FF-BOMREVISION-000365"",""FF-PURCHASEORDERLINE-000365""]"
FF-CUSTOMER-000865,Final Inspection Passed,2023-05-01T11:51:00Z,commercial_document,FF-R-00011279,USR-010,"[""FF-CUSTOMER-000865"",""FF-WORKORDER-000365""]"
FF-CUSTOMER-000870,Final Inspection Failed,2023-05-02T01:00:00Z,engineering_execution,FF-R-00011339,USR-096,"[""FF-CUSTOMER-000870"",""FF-OPERATION-000370""]"
FF-CUSTOMER-000870,Rework Ordered,2023-05-02T01:37:00Z,fulfilment_record,FF-R-00011340,USR-093,"[""FF-CUSTOMER-000870"",""FF-ENGINEERINGCHANGE-000370"",""FF-PURCHASEORDER-000370""]"
FF-CUSTOMER-000870,Rework Completed,2023-05-02T02:14:00Z,finance_posting,FF-R-00011341,USR-094,"[""FF-CUSTOMER-000870"",""FF-BOMREVISION-000370""]"
FF-CUSTOMER-000870,Final Inspection Passed,2023-05-02T02:51:00Z,commercial_document,FF-R-00011342,USR-095,"[""FF-CUSTOMER-000870"",""FF-WORKORDER-000370""]"
FF-CUSTOMER-000895,Final Inspection Passed,2023-05-02T03:30:00Z,commercial_document,FF-R-00011353,USR-012,"[""FF-CUSTOMER-000895"",""FF-WORKORDER-000395"",""FF-SUPPLIER-000395""]"
FF-CUSTOMER-000875,Final Inspection Failed,2023-05-02T16:00:00Z,engineering_execution,FF-R-00011398,USR-054,"[""FF-CUSTOMER-000875"",""FF-OPERATION-000375""]"
FF-CUSTOMER-000875,Rework Ordered,2023-05-02T16:37:00Z,fulfilment_record,FF-R-00011399,USR-051,"[""FF-CUSTOMER-000875"",""FF-ENGINEERINGCHANGE-000375"",""FF-PURCHASEORDER-000375""]"
FF-CUSTOMER-000875,Rework Completed,2023-05-02T17:14:00Z,finance_posting,FF-R-00011400,USR-052,"[""FF-CUSTOMER-000875"",""FF-BOMREVISION-000375""]"
FF-CUSTOMER-000875,Final Inspection Passed,2023-05-02T17:51:00Z,commercial_document,FF-R-00011401,USR-053,"[""FF-CUSTOMER-000875"",""FF-WORKORDER-000375""]"
FF-CUSTOMER-000902,Rework Completed,2023-05-02T18:36:00Z,finance_posting,FF-R-00011411,USR-003,"[""FF-CUSTOMER-000902"",""FF-BOMREVISION-000402""]"
FF-CUSTOMER-000907,Rework Ordered,2023-05-03T03:40:00Z,fulfilment_record,FF-R-00011444,USR-087,"[""FF-CUSTOMER-000907"",""FF-ENGINEERINGCHANGE-000407"",""FF-PURCHASEORDER-000407""]"
FF-CUSTOMER-000880,Final Inspection Failed,2023-05-03T07:00:00Z,engineering_execution,FF-R-00011455,USR-012,"[""FF-CUSTOMER-000880"",""FF-OPERATION-000380""]"
FF-CUSTOMER-000880,Rework Ordered,2023-05-03T07:37:00Z,fulfilment_record,FF-R-00011456,USR-009,"[""FF-CUSTOMER-000880"",""FF-ENGINEERINGCHANGE-000380"",""FF-PURCHASEORDER-000380""]"
FF-CUSTOMER-000880,Rework Completed,2023-05-03T08:14:00Z,finance_posting,FF-R-00011457,USR-010,"[""FF-CUSTOMER-000880"",""FF-BOMREVISION-000380""]"
FF-CUSTOMER-000880,Final Inspection Passed,2023-05-03T08:51:00Z,commercial_document,FF-R-00011458,USR-011,"[""FF-CUSTOMER-000880"",""FF-WORKORDER-000380"",""FF-SUPPLIER-000380""]"
FF-CUSTOMER-000885,Final Inspection Failed,2023-05-03T22:00:00Z,engineering_execution,FF-R-00011519,USR-097,"[""FF-CUSTOMER-000885"",""FF-OPERATION-000385"",""FF-GOODSRECEIPT-000385""]"
FF-CUSTOMER-000885,Rework Ordered,2023-05-03T22:37:00Z,fulfilment_record,FF-R-00011520,USR-094,"[""FF-CUSTOMER-000885"",""FF-ENGINEERINGCHANGE-000385""]"
FF-CUSTOMER-000885,Rework Completed,2023-05-03T23:14:00Z,finance_posting,FF-R-00011521,USR-095,"[""FF-CUSTOMER-000885"",""FF-BOMREVISION-000385"",""FF-PURCHASEORDERLINE-000385""]"
FF-CUSTOMER-000885,Final Inspection Passed,2023-05-03T23:51:00Z,commercial_document,FF-R-00011522,USR-096,"[""FF-CUSTOMER-000885"",""FF-WORKORDER-000385""]"
FF-CUSTOMER-000890,Final Inspection Failed,2023-05-04T13:00:00Z,engineering_execution,FF-R-00011576,USR-055,"[""FF-CUSTOMER-000890"",""FF-OPERATION-000390""]"
FF-CUSTOMER-000890,Rework Ordered,2023-05-04T13:37:00Z,fulfilment_record,FF-R-00011577,USR-052,"[""FF-CUSTOMER-000890"",""FF-ENGINEERINGCHANGE-000390"",""FF-PURCHASEORDER-000390""]"
FF-CUSTOMER-000890,Rework Completed,2023-05-04T14:14:00Z,finance_posting,FF-R-00011578,USR-053,"[""FF-CUSTOMER-000890"",""FF-BOMREVISION-000390""]"
FF-CUSTOMER-000890,Final Inspection Passed,2023-05-04T14:51:00Z,commercial_document,FF-R-00011579,USR-054,"[""FF-CUSTOMER-000890"",""FF-WORKORDER-000390""]"
FF-CUSTOMER-000914,Final Inspection Failed,2023-05-04T18:50:00Z,engineering_execution,FF-R-00011603,USR-082,"[""FF-CUSTOMER-000914"",""FF-OPERATION-000414""]"
FF-CUSTOMER-000895,Final Inspection Failed,2023-05-05T04:00:00Z,engineering_execution,FF-R-00011639,USR-013,"[""FF-CUSTOMER-000895"",""FF-OPERATION-000395""]"
FF-CUSTOMER-000895,Rework Ordered,2023-05-05T04:37:00Z,fulfilment_record,FF-R-00011640,USR-010,"[""FF-CUSTOMER-000895"",""FF-ENGINEERINGCHANGE-000395"",""FF-PURCHASEORDER-000395""]"
FF-CUSTOMER-000895,Rework Completed,2023-05-05T05:14:00Z,finance_posting,FF-R-00011641,USR-011,"[""FF-CUSTOMER-000895"",""FF-BOMREVISION-000395""]"
FF-CUSTOMER-000895,Final Inspection Passed,2023-05-05T05:51:00Z,commercial_document,FF-R-00011642,USR-012,"[""FF-CUSTOMER-000895"",""FF-WORKORDER-000395""]"
FF-CUSTOMER-000926,Rework Ordered,2023-05-05T12:06:00Z,fulfilment_record,FF-R-00011664,USR-029,"[""FF-CUSTOMER-000926"",""FF-ENGINEERINGCHANGE-000426""]"
FF-CUSTOMER-000925,Rework Completed,2023-05-05T15:06:00Z,finance_posting,FF-R-00011677,USR-013,"[""FF-CUSTOMER-000925"",""FF-BOMREVISION-000425""]"
FF-CUSTOMER-000924,Final Inspection Passed,2023-05-05T18:06:00Z,commercial_document,FF-R-00011689,USR-124,"[""FF-CUSTOMER-000924"",""FF-WORKORDER-000424""]"
FF-CUSTOMER-000900,Final Inspection Failed,2023-05-05T19:00:00Z,engineering_execution,FF-R-00011699,USR-098,"[""FF-CUSTOMER-000900"",""FF-OPERATION-000400"",""FF-GOODSRECEIPT-000400""]"
FF-CUSTOMER-000900,Rework Ordered,2023-05-05T19:37:00Z,fulfilment_record,FF-R-00011700,USR-095,"[""FF-CUSTOMER-000900"",""FF-ENGINEERINGCHANGE-000400""]"
FF-CUSTOMER-000900,Rework Completed,2023-05-05T20:14:00Z,finance_posting,FF-R-00011701,USR-096,"[""FF-CUSTOMER-000900"",""FF-BOMREVISION-000400"",""FF-PURCHASEORDERLINE-000400""]"
FF-CUSTOMER-000900,Final Inspection Passed,2023-05-05T20:51:00Z,commercial_document,FF-R-00011702,USR-097,"[""FF-CUSTOMER-000900"",""FF-WORKORDER-000400""]"
FF-CUSTOMER-000905,Final Inspection Failed,2023-05-06T10:00:00Z,engineering_execution,FF-R-00011762,USR-056,"[""FF-CUSTOMER-000905"",""FF-OPERATION-000405""]"
FF-CUSTOMER-000905,Rework Ordered,2023-05-06T10:37:00Z,fulfilment_record,FF-R-00011763,USR-053,"[""FF-CUSTOMER-000905"",""FF-ENGINEERINGCHANGE-000405"",""FF-PURCHASEORDER-000405""]"
FF-CUSTOMER-000905,Rework Completed,2023-05-06T11:14:00Z,finance_posting,FF-R-00011764,USR-054,"[""FF-CUSTOMER-000905"",""FF-BOMREVISION-000405""]"
FF-CUSTOMER-000905,Final Inspection Passed,2023-05-06T11:51:00Z,commercial_document,FF-R-00011765,USR-055,"[""FF-CUSTOMER-000905"",""FF-WORKORDER-000405""]"
FF-CUSTOMER-000910,Final Inspection Failed,2023-05-07T01:00:00Z,engineering_execution,FF-R-00011817,USR-014,"[""FF-CUSTOMER-000910"",""FF-OPERATION-000410""]"
FF-CUSTOMER-000910,Rework Ordered,2023-05-07T01:37:00Z,fulfilment_record,FF-R-00011818,USR-011,"[""FF-CUSTOMER-000910"",""FF-ENGINEERINGCHANGE-000410"",""FF-PURCHASEORDER-000410""]"
FF-CUSTOMER-000910,Rework Completed,2023-05-07T02:14:00Z,finance_posting,FF-R-00011819,USR-012,"[""FF-CUSTOMER-000910"",""FF-BOMREVISION-000410""]"
FF-CUSTOMER-000910,Final Inspection Passed,2023-05-07T02:51:00Z,commercial_document,FF-R-00011820,USR-013,"[""FF-CUSTOMER-000910"",""FF-WORKORDER-000410""]"
FF-CUSTOMER-000915,Final Inspection Failed,2023-05-07T16:00:00Z,engineering_execution,FF-R-00011876,USR-099,"[""FF-CUSTOMER-000915"",""FF-OPERATION-000415"",""FF-GOODSRECEIPT-000415""]"
FF-CUSTOMER-000915,Rework Ordered,2023-05-07T16:37:00Z,fulfilment_record,FF-R-00011877,USR-096,"[""FF-CUSTOMER-000915"",""FF-ENGINEERINGCHANGE-000415""]"
FF-CUSTOMER-000915,Rework Completed,2023-05-07T17:14:00Z,finance_posting,FF-R-00011878,USR-097,"[""FF-CUSTOMER-000915"",""FF-BOMREVISION-000415"",""FF-PURCHASEORDERLINE-000415""]"
FF-CUSTOMER-000915,Final Inspection Passed,2023-05-07T17:51:00Z,commercial_document,FF-R-00011879,USR-098,"[""FF-CUSTOMER-000915"",""FF-WORKORDER-000415""]"
FF-CUSTOMER-000945,Rework Ordered,2023-05-07T21:25:00Z,fulfilment_record,FF-R-00011902,USR-098,"[""FF-CUSTOMER-000945"",""FF-ENGINEERINGCHANGE-000445""]"
FF-CUSTOMER-000920,Final Inspection Failed,2023-05-08T07:00:00Z,engineering_execution,FF-R-00011940,USR-057,"[""FF-CUSTOMER-000920"",""FF-OPERATION-000420"",""FF-GOODSRECEIPT-000420""]"
FF-CUSTOMER-000920,Rework Ordered,2023-05-08T07:37:00Z,fulfilment_record,FF-R-00011941,USR-054,"[""FF-CUSTOMER-000920"",""FF-ENGINEERINGCHANGE-000420""]"
FF-CUSTOMER-000920,Rework Completed,2023-05-08T08:14:00Z,finance_posting,FF-R-00011942,USR-055,"[""FF-CUSTOMER-000920"",""FF-BOMREVISION-000420"",""FF-PURCHASEORDERLINE-000420""]"
FF-CUSTOMER-000920,Final Inspection Passed,2023-05-08T08:51:00Z,commercial_document,FF-R-00011943,USR-056,"[""FF-CUSTOMER-000920"",""FF-WORKORDER-000420""]"
FF-CUSTOMER-000948,Rework Completed,2023-05-08T12:29:00Z,finance_posting,FF-R-00011965,USR-023,"[""FF-CUSTOMER-000948"",""FF-BOMREVISION-000448""]"
FF-CUSTOMER-000945,Final Inspection Failed,2023-05-08T15:28:00Z,engineering_execution,FF-R-00011975,USR-101,"[""FF-CUSTOMER-000945"",""FF-OPERATION-000445"",""FF-GOODSRECEIPT-000445""]"
FF-CUSTOMER-000925,Final Inspection Failed,2023-05-08T22:00:00Z,engineering_execution,FF-R-00011999,USR-015,"[""FF-CUSTOMER-000925"",""FF-OPERATION-000425"",""FF-GOODSRECEIPT-000425""]"
FF-CUSTOMER-000925,Rework Ordered,2023-05-08T22:37:00Z,fulfilment_record,FF-R-00012000,USR-012,"[""FF-CUSTOMER-000925"",""FF-ENGINEERINGCHANGE-000425""]"
FF-CUSTOMER-000925,Rework Completed,2023-05-08T23:14:00Z,finance_posting,FF-R-00012001,USR-013,"[""FF-CUSTOMER-000925"",""FF-BOMREVISION-000425"",""FF-PURCHASEORDERLINE-000425""]"
FF-CUSTOMER-000925,Final Inspection Passed,2023-05-08T23:51:00Z,commercial_document,FF-R-00012002,USR-014,"[""FF-CUSTOMER-000925"",""FF-WORKORDER-000425""]"
FF-CUSTOMER-000953,Final Inspection Passed,2023-05-09T09:35:00Z,commercial_document,FF-R-00012047,USR-109,"[""FF-CUSTOMER-000953"",""FF-WORKORDER-000453""]"
FF-CUSTOMER-000930,Final Inspection Failed,2023-05-09T13:00:00Z,engineering_execution,FF-R-00012060,USR-100,"[""FF-CUSTOMER-000930"",""FF-OPERATION-000430"",""FF-GOODSRECEIPT-000430""]"
FF-CUSTOMER-000930,Rework Ordered,2023-05-09T13:37:00Z,fulfilment_record,FF-R-00012061,USR-097,"[""FF-CUSTOMER-000930"",""FF-ENGINEERINGCHANGE-000430""]"
FF-CUSTOMER-000930,Rework Completed,2023-05-09T14:14:00Z,finance_posting,FF-R-00012062,USR-098,"[""FF-CUSTOMER-000930"",""FF-BOMREVISION-000430"",""FF-PURCHASEORDERLINE-000430""]"
FF-CUSTOMER-000930,Final Inspection Passed,2023-05-09T14:51:00Z,commercial_document,FF-R-00012063,USR-099,"[""FF-CUSTOMER-000930"",""FF-WORKORDER-000430""]"
FF-CUSTOMER-000935,Final Inspection Failed,2023-05-10T04:00:00Z,engineering_execution,FF-R-00012119,USR-058,"[""FF-CUSTOMER-000935"",""FF-OPERATION-000435"",""FF-GOODSRECEIPT-000435""]"
FF-CUSTOMER-000935,Rework Ordered,2023-05-10T04:37:00Z,fulfilment_record,FF-R-00012120,USR-055,"[""FF-CUSTOMER-000935"",""FF-ENGINEERINGCHANGE-000435""]"
FF-CUSTOMER-000935,Rework Completed,2023-05-10T05:14:00Z,finance_posting,FF-R-00012121,USR-056,"[""FF-CUSTOMER-000935"",""FF-BOMREVISION-000435"",""FF-PURCHASEORDERLINE-000435""]"
FF-CUSTOMER-000935,Final Inspection Passed,2023-05-10T05:51:00Z,commercial_document,FF-R-00012122,USR-057,"[""FF-CUSTOMER-000935"",""FF-WORKORDER-000435""]"
FF-CUSTOMER-000964,Rework Ordered,2023-05-10T06:44:00Z,fulfilment_record,FF-R-00012133,USR-040,"[""FF-CUSTOMER-000964"",""FF-ENGINEERINGCHANGE-000464""]"
FF-CUSTOMER-000940,Final Inspection Failed,2023-05-10T19:00:00Z,engineering_execution,FF-R-00012181,USR-016,"[""FF-CUSTOMER-000940"",""FF-OPERATION-000440""]"
FF-CUSTOMER-000940,Rework Ordered,2023-05-10T19:37:00Z,fulfilment_record,FF-R-00012182,USR-013,"[""FF-CUSTOMER-000940"",""FF-ENGINEERINGCHANGE-000440"",""FF-PURCHASEORDER-000440""]"
FF-CUSTOMER-000940,Rework Completed,2023-05-10T20:14:00Z,finance_posting,FF-R-00012183,USR-014,"[""FF-CUSTOMER-000940"",""FF-BOMREVISION-000440""]"
FF-CUSTOMER-000940,Final Inspection Passed,2023-05-10T20:51:00Z,commercial_document,FF-R-00012184,USR-015,"[""FF-CUSTOMER-000940"",""FF-WORKORDER-000440"",""FF-SUPPLIER-000440""]"
FF-CUSTOMER-000971,Rework Completed,2023-05-11T09:52:00Z,finance_posting,FF-R-00012237,USR-033,"[""FF-CUSTOMER-000971"",""FF-BOMREVISION-000471""]"
FF-CUSTOMER-000945,Final Inspection Failed,2023-05-11T10:00:00Z,engineering_execution,FF-R-00012238,USR-101,"[""FF-CUSTOMER-000945"",""FF-OPERATION-000445""]"
FF-CUSTOMER-000945,Rework Ordered,2023-05-11T10:37:00Z,fulfilment_record,FF-R-00012239,USR-098,"[""FF-CUSTOMER-000945"",""FF-ENGINEERINGCHANGE-000445"",""FF-PURCHASEORDER-000445""]"
FF-CUSTOMER-000945,Rework Completed,2023-05-11T11:14:00Z,finance_posting,FF-R-00012240,USR-099,"[""FF-CUSTOMER-000945"",""FF-BOMREVISION-000445""]"
FF-CUSTOMER-000945,Final Inspection Passed,2023-05-11T11:51:00Z,commercial_document,FF-R-00012241,USR-100,"[""FF-CUSTOMER-000945"",""FF-WORKORDER-000445""]"
FF-CUSTOMER-000950,Final Inspection Failed,2023-05-12T01:00:00Z,engineering_execution,FF-R-00012300,USR-059,"[""FF-CUSTOMER-000950"",""FF-OPERATION-000450""]"
FF-CUSTOMER-000950,Rework Ordered,2023-05-12T01:37:00Z,fulfilment_record,FF-R-00012301,USR-056,"[""FF-CUSTOMER-000950"",""FF-ENGINEERINGCHANGE-000450"",""FF-PURCHASEORDER-000450""]"
FF-CUSTOMER-000950,Rework Completed,2023-05-12T02:14:00Z,finance_posting,FF-R-00012302,USR-057,"[""FF-CUSTOMER-000950"",""FF-BOMREVISION-000450""]"
FF-CUSTOMER-000950,Final Inspection Passed,2023-05-12T02:51:00Z,commercial_document,FF-R-00012303,USR-058,"[""FF-CUSTOMER-000950"",""FF-WORKORDER-000450"",""FF-SUPPLIER-000450""]"
FF-CUSTOMER-000976,Final Inspection Failed,2023-05-12T12:06:00Z,engineering_execution,FF-R-00012338,USR-120,"[""FF-CUSTOMER-000976"",""FF-OPERATION-000476"",""FF-GOODSRECEIPT-000476""]"
FF-CUSTOMER-000983,Rework Ordered,2023-05-12T15:10:00Z,fulfilment_record,FF-R-00012351,USR-109,"[""FF-CUSTOMER-000983"",""FF-ENGINEERINGCHANGE-000483"",""FF-PURCHASEORDER-000483""]"
FF-CUSTOMER-000955,Final Inspection Failed,2023-05-12T16:00:00Z,engineering_execution,FF-R-00012362,USR-017,"[""FF-CUSTOMER-000955"",""FF-OPERATION-000455""]"
FF-CUSTOMER-000955,Rework Ordered,2023-05-12T16:37:00Z,fulfilment_record,FF-R-00012363,USR-014,"[""FF-CUSTOMER-000955"",""FF-ENGINEERINGCHANGE-000455""]"
FF-CUSTOMER-000955,Rework Completed,2023-05-12T17:14:00Z,finance_posting,FF-R-00012364,USR-015,"[""FF-CUSTOMER-000955"",""FF-BOMREVISION-000455""]"
FF-CUSTOMER-000955,Final Inspection Passed,2023-05-12T17:51:00Z,commercial_document,FF-R-00012365,USR-016,"[""FF-CUSTOMER-000955"",""FF-WORKORDER-000455"",""FF-SUPPLIER-000455""]"
FF-CUSTOMER-000982,Final Inspection Passed,2023-05-13T00:11:00Z,commercial_document,FF-R-00012385,USR-094,"[""FF-CUSTOMER-000982"",""FF-WORKORDER-000482"",""FF-SUPPLIER-000482""]"
FF-CUSTOMER-000960,Final Inspection Failed,2023-05-13T07:00:00Z,engineering_execution,FF-R-00012423,USR-102,"[""FF-CUSTOMER-000960"",""FF-OPERATION-000460""]"
FF-CUSTOMER-000960,Rework Ordered,2023-05-13T07:37:00Z,fulfilment_record,FF-R-00012424,USR-099,"[""FF-CUSTOMER-000960"",""FF-ENGINEERINGCHANGE-000460"",""FF-PURCHASEORDER-000460""]"
FF-CUSTOMER-000960,Rework Completed,2023-05-13T08:14:00Z,finance_posting,FF-R-00012425,USR-100,"[""FF-CUSTOMER-000960"",""FF-BOMREVISION-000460""]"
FF-CUSTOMER-000960,Final Inspection Passed,2023-05-13T08:51:00Z,commercial_document,FF-R-00012426,USR-101,"[""FF-CUSTOMER-000960"",""FF-WORKORDER-000460""]"
FF-CUSTOMER-000965,Final Inspection Failed,2023-05-13T22:00:00Z,engineering_execution,FF-R-00012479,USR-060,"[""FF-CUSTOMER-000965"",""FF-OPERATION-000465""]"
FF-CUSTOMER-000965,Rework Ordered,2023-05-13T22:37:00Z,fulfilment_record,FF-R-00012480,USR-057,"[""FF-CUSTOMER-000965"",""FF-ENGINEERINGCHANGE-000465"",""FF-PURCHASEORDER-000465""]"
FF-CUSTOMER-000965,Rework Completed,2023-05-13T23:14:00Z,finance_posting,FF-R-00012481,USR-058,"[""FF-CUSTOMER-000965"",""FF-BOMREVISION-000465""]"
FF-CUSTOMER-000965,Final Inspection Passed,2023-05-13T23:51:00Z,commercial_document,FF-R-00012482,USR-059,"[""FF-CUSTOMER-000965"",""FF-WORKORDER-000465"",""FF-SUPPLIER-000465""]"
FF-CUSTOMER-000994,Rework Completed,2023-05-14T06:22:00Z,finance_posting,FF-R-00012511,USR-043,"[""FF-CUSTOMER-000994"",""FF-BOMREVISION-000494""]"
FF-CUSTOMER-000970,Final Inspection Failed,2023-05-14T13:00:00Z,engineering_execution,FF-R-00012540,USR-018,"[""FF-CUSTOMER-000970"",""FF-OPERATION-000470"",""FF-GOODSRECEIPT-000470""]"
FF-CUSTOMER-000970,Rework Ordered,2023-05-14T13:37:00Z,fulfilment_record,FF-R-00012541,USR-015,"[""FF-CUSTOMER-000970"",""FF-ENGINEERINGCHANGE-000470""]"
FF-CUSTOMER-000970,Rework Completed,2023-05-14T14:14:00Z,finance_posting,FF-R-00012542,USR-016,"[""FF-CUSTOMER-000970"",""FF-BOMREVISION-000470"",""FF-PURCHASEORDERLINE-000470""]"
FF-CUSTOMER-000970,Final Inspection Passed,2023-05-14T14:51:00Z,commercial_document,FF-R-00012543,USR-017,"[""FF-CUSTOMER-000970"",""FF-WORKORDER-000470""]"
FF-CUSTOMER-001002,Rework Ordered,2023-05-15T00:29:00Z,fulfilment_record,FF-R-00012588,USR-051,"[""FF-CUSTOMER-001002"",""FF-ENGINEERINGCHANGE-000002""]"
FF-CUSTOMER-000975,Final Inspection Failed,2023-05-15T04:00:00Z,engineering_execution,FF-R-00012602,USR-103,"[""FF-CUSTOMER-000975"",""FF-OPERATION-000475""]"
FF-CUSTOMER-000975,Rework Ordered,2023-05-15T04:37:00Z,fulfilment_record,FF-R-00012603,USR-100,"[""FF-CUSTOMER-000975"",""FF-ENGINEERINGCHANGE-000475"",""FF-PURCHASEORDER-000475""]"
FF-CUSTOMER-000975,Rework Completed,2023-05-15T05:14:00Z,finance_posting,FF-R-00012604,USR-101,"[""FF-CUSTOMER-000975"",""FF-BOMREVISION-000475""]"
FF-CUSTOMER-000975,Final Inspection Passed,2023-05-15T05:51:00Z,commercial_document,FF-R-00012605,USR-102,"[""FF-CUSTOMER-000975"",""FF-WORKORDER-000475""]"
FF-CUSTOMER-000980,Final Inspection Failed,2023-05-15T19:00:00Z,engineering_execution,FF-R-00012659,USR-061,"[""FF-CUSTOMER-000980"",""FF-OPERATION-000480"",""FF-GOODSRECEIPT-000480""]"
FF-CUSTOMER-000980,Rework Ordered,2023-05-15T19:37:00Z,fulfilment_record,FF-R-00012660,USR-058,"[""FF-CUSTOMER-000980"",""FF-ENGINEERINGCHANGE-000480""]"
FF-CUSTOMER-000980,Rework Completed,2023-05-15T20:14:00Z,finance_posting,FF-R-00012661,USR-059,"[""FF-CUSTOMER-000980"",""FF-BOMREVISION-000480"",""FF-PURCHASEORDERLINE-000480""]"
FF-CUSTOMER-000980,Final Inspection Passed,2023-05-15T20:51:00Z,commercial_document,FF-R-00012662,USR-060,"[""FF-CUSTOMER-000980"",""FF-WORKORDER-000480""]"
FF-CUSTOMER-001007,Final Inspection Failed,2023-05-16T09:37:00Z,engineering_execution,FF-R-00012722,USR-012,"[""FF-CUSTOMER-001007"",""FF-OPERATION-000007"",""FF-GOODSRECEIPT-000007""]"
FF-CUSTOMER-000985,Final Inspection Failed,2023-05-16T10:00:00Z,engineering_execution,FF-R-00012723,USR-019,"[""FF-CUSTOMER-000985"",""FF-OPERATION-000485""]"
FF-CUSTOMER-000985,Rework Ordered,2023-05-16T10:37:00Z,fulfilment_record,FF-R-00012724,USR-016,"[""FF-CUSTOMER-000985"",""FF-ENGINEERINGCHANGE-000485"",""FF-PURCHASEORDER-000485""]"
FF-CUSTOMER-000985,Rework Completed,2023-05-16T11:14:00Z,finance_posting,FF-R-00012725,USR-017,"[""FF-CUSTOMER-000985"",""FF-BOMREVISION-000485""]"
FF-CUSTOMER-000985,Final Inspection Passed,2023-05-16T11:51:00Z,commercial_document,FF-R-00012726,USR-018,"[""FF-CUSTOMER-000985"",""FF-WORKORDER-000485""]"
FF-CUSTOMER-001011,Final Inspection Passed,2023-05-16T15:40:00Z,commercial_document,FF-R-00012748,USR-079,"[""FF-CUSTOMER-001011"",""FF-WORKORDER-000011""]"
FF-CUSTOMER-000990,Final Inspection Failed,2023-05-17T01:00:00Z,engineering_execution,FF-R-00012782,USR-104,"[""FF-CUSTOMER-000990"",""FF-OPERATION-000490""]"
FF-CUSTOMER-000990,Rework Ordered,2023-05-17T01:37:00Z,fulfilment_record,FF-R-00012783,USR-101,"[""FF-CUSTOMER-000990"",""FF-ENGINEERINGCHANGE-000490"",""FF-PURCHASEORDER-000490""]"
FF-CUSTOMER-000990,Rework Completed,2023-05-17T02:14:00Z,finance_posting,FF-R-00012784,USR-102,"[""FF-CUSTOMER-000990"",""FF-BOMREVISION-000490""]"
FF-CUSTOMER-000990,Final Inspection Passed,2023-05-17T02:51:00Z,commercial_document,FF-R-00012785,USR-103,"[""FF-CUSTOMER-000990"",""FF-WORKORDER-000490"",""FF-SUPPLIER-000490""]"
FF-CUSTOMER-001017,Rework Completed,2023-05-17T03:45:00Z,finance_posting,FF-R-00012795,USR-053,"[""FF-CUSTOMER-001017"",""FF-BOMREVISION-000017""]"
FF-CUSTOMER-001021,Rework Ordered,2023-05-17T09:48:00Z,fulfilment_record,FF-R-00012819,USR-120,"[""FF-CUSTOMER-001021"",""FF-ENGINEERINGCHANGE-000021"",""FF-PURCHASEORDER-000021""]"
FF-CUSTOMER-000995,Final Inspection Failed,2023-05-17T16:00:00Z,engineering_execution,FF-R-00012842,USR-062,"[""FF-CUSTOMER-000995"",""FF-OPERATION-000495"",""FF-GOODSRECEIPT-000495""]"
FF-CUSTOMER-000995,Rework Ordered,2023-05-17T16:37:00Z,fulfilment_record,FF-R-00012843,USR-059,"[""FF-CUSTOMER-000995"",""FF-ENGINEERINGCHANGE-000495""]"
FF-CUSTOMER-000995,Rework Completed,2023-05-17T17:14:00Z,finance_posting,FF-R-00012844,USR-060,"[""FF-CUSTOMER-000995"",""FF-BOMREVISION-000495"",""FF-PURCHASEORDERLINE-000495""]"
FF-CUSTOMER-000995,Final Inspection Passed,2023-05-17T17:51:00Z,commercial_document,FF-R-00012845,USR-061,"[""FF-CUSTOMER-000995"",""FF-WORKORDER-000495""]"
FF-CUSTOMER-001000,Final Inspection Failed,2023-05-18T07:00:00Z,engineering_execution,FF-R-00012901,USR-020,"[""FF-CUSTOMER-001000"",""FF-OPERATION-000500""]"
FF-CUSTOMER-001000,Rework Ordered,2023-05-18T07:37:00Z,fulfilment_record,FF-R-00012902,USR-017,"[""FF-CUSTOMER-001000"",""FF-ENGINEERINGCHANGE-000500"",""FF-PURCHASEORDER-000500""]"
FF-CUSTOMER-001000,Rework Completed,2023-05-18T08:14:00Z,finance_posting,FF-R-00012903,USR-018,"[""FF-CUSTOMER-001000"",""FF-BOMREVISION-000500""]"
FF-CUSTOMER-001000,Final Inspection Passed,2023-05-18T08:51:00Z,commercial_document,FF-R-00012904,USR-019,"[""FF-CUSTOMER-001000"",""FF-WORKORDER-000500""]"
FF-CUSTOMER-001005,Final Inspection Failed,2023-05-18T22:00:00Z,engineering_execution,FF-R-00012964,USR-105,"[""FF-CUSTOMER-001005"",""FF-OPERATION-000005""]"
FF-CUSTOMER-001005,Rework Ordered,2023-05-18T22:37:00Z,fulfilment_record,FF-R-00012965,USR-102,"[""FF-CUSTOMER-001005"",""FF-ENGINEERINGCHANGE-000005"",""FF-PURCHASEORDER-000005""]"
FF-CUSTOMER-001005,Rework Completed,2023-05-18T23:14:00Z,finance_posting,FF-R-00012966,USR-103,"[""FF-CUSTOMER-001005"",""FF-BOMREVISION-000005""]"
FF-CUSTOMER-001005,Final Inspection Passed,2023-05-18T23:51:00Z,commercial_document,FF-R-00012967,USR-104,"[""FF-CUSTOMER-001005"",""FF-WORKORDER-000005"",""FF-SUPPLIER-000005""]"
FF-CUSTOMER-001010,Final Inspection Failed,2023-05-19T13:00:00Z,engineering_execution,FF-R-00013021,USR-063,"[""FF-CUSTOMER-001010"",""FF-OPERATION-000010"",""FF-GOODSRECEIPT-000010""]"
FF-CUSTOMER-001010,Rework Ordered,2023-05-19T13:37:00Z,fulfilment_record,FF-R-00013022,USR-060,"[""FF-CUSTOMER-001010"",""FF-ENGINEERINGCHANGE-000010""]"
FF-CUSTOMER-001010,Rework Completed,2023-05-19T14:14:00Z,finance_posting,FF-R-00013023,USR-061,"[""FF-CUSTOMER-001010"",""FF-BOMREVISION-000010"",""FF-PURCHASEORDERLINE-000010""]"
FF-CUSTOMER-001010,Final Inspection Passed,2023-05-19T14:51:00Z,commercial_document,FF-R-00013024,USR-062,"[""FF-CUSTOMER-001010"",""FF-WORKORDER-000010""]"
FF-CUSTOMER-001040,Rework Ordered,2023-05-19T18:14:00Z,fulfilment_record,FF-R-00013037,USR-062,"[""FF-CUSTOMER-001040"",""FF-ENGINEERINGCHANGE-000040""]"
FF-CUSTOMER-001040,Rework Completed,2023-05-20T00:15:00Z,finance_posting,FF-R-00013057,USR-063,"[""FF-CUSTOMER-001040"",""FF-BOMREVISION-000040"",""FF-PURCHASEORDERLINE-000040""]"
FF-CUSTOMER-001015,Final Inspection Failed,2023-05-20T04:00:00Z,engineering_execution,FF-R-00013083,USR-021,"[""FF-CUSTOMER-001015"",""FF-OPERATION-000015""]"
FF-CUSTOMER-001015,Rework Ordered,2023-05-20T04:37:00Z,fulfilment_record,FF-R-00013084,USR-018,"[""FF-CUSTOMER-001015"",""FF-ENGINEERINGCHANGE-000015""]"
FF-CUSTOMER-001015,Rework Completed,2023-05-20T05:14:00Z,finance_posting,FF-R-00013085,USR-019,"[""FF-CUSTOMER-001015"",""FF-BOMREVISION-000015""]"
FF-CUSTOMER-001015,Final Inspection Passed,2023-05-20T05:51:00Z,commercial_document,FF-R-00013086,USR-020,"[""FF-CUSTOMER-001015"",""FF-WORKORDER-000015"",""FF-SUPPLIER-000015""]"
FF-CUSTOMER-001038,Final Inspection Failed,2023-05-20T06:15:00Z,engineering_execution,FF-R-00013087,USR-031,"[""FF-CUSTOMER-001038"",""FF-OPERATION-000038""]"
FF-CUSTOMER-001040,Final Inspection Passed,2023-05-20T06:16:00Z,commercial_document,FF-R-00013088,USR-064,"[""FF-CUSTOMER-001040"",""FF-WORKORDER-000040""]"
FF-CUSTOMER-001020,Final Inspection Failed,2023-05-20T19:00:00Z,engineering_execution,FF-R-00013143,USR-106,"[""FF-CUSTOMER-001020"",""FF-OPERATION-000020"",""FF-GOODSRECEIPT-000020""]"
FF-CUSTOMER-001020,Rework Ordered,2023-05-20T19:37:00Z,fulfilment_record,FF-R-00013144,USR-103,"[""FF-CUSTOMER-001020"",""FF-ENGINEERINGCHANGE-000020""]"
FF-CUSTOMER-001020,Rework Completed,2023-05-20T20:14:00Z,finance_posting,FF-R-00013145,USR-104,"[""FF-CUSTOMER-001020"",""FF-BOMREVISION-000020"",""FF-PURCHASEORDERLINE-000020""]"
FF-CUSTOMER-001020,Final Inspection Passed,2023-05-20T20:51:00Z,commercial_document,FF-R-00013146,USR-105,"[""FF-CUSTOMER-001020"",""FF-WORKORDER-000020""]"
FF-CUSTOMER-001025,Final Inspection Failed,2023-05-21T10:00:00Z,engineering_execution,FF-R-00013201,USR-064,"[""FF-CUSTOMER-001025"",""FF-OPERATION-000025""]"
FF-CUSTOMER-001025,Rework Ordered,2023-05-21T10:37:00Z,fulfilment_record,FF-R-00013202,USR-061,"[""FF-CUSTOMER-001025"",""FF-ENGINEERINGCHANGE-000025"",""FF-PURCHASEORDER-000025""]"
FF-CUSTOMER-001025,Rework Completed,2023-05-21T11:14:00Z,finance_posting,FF-R-00013203,USR-062,"[""FF-CUSTOMER-001025"",""FF-BOMREVISION-000025""]"
FF-CUSTOMER-001025,Final Inspection Passed,2023-05-21T11:51:00Z,commercial_document,FF-R-00013204,USR-063,"[""FF-CUSTOMER-001025"",""FF-WORKORDER-000025""]"
FF-CUSTOMER-001030,Final Inspection Failed,2023-05-22T01:00:00Z,engineering_execution,FF-R-00013264,USR-022,"[""FF-CUSTOMER-001030"",""FF-OPERATION-000030""]"
FF-CUSTOMER-001030,Rework Ordered,2023-05-22T01:37:00Z,fulfilment_record,FF-R-00013265,USR-019,"[""FF-CUSTOMER-001030"",""FF-ENGINEERINGCHANGE-000030"",""FF-PURCHASEORDER-000030""]"
FF-CUSTOMER-001030,Rework Completed,2023-05-22T02:14:00Z,finance_posting,FF-R-00013266,USR-020,"[""FF-CUSTOMER-001030"",""FF-BOMREVISION-000030""]"
FF-CUSTOMER-001030,Final Inspection Passed,2023-05-22T02:51:00Z,commercial_document,FF-R-00013267,USR-021,"[""FF-CUSTOMER-001030"",""FF-WORKORDER-000030"",""FF-SUPPLIER-000030""]"
FF-CUSTOMER-001059,Rework Ordered,2023-05-22T03:33:00Z,fulfilment_record,FF-R-00013277,USR-004,"[""FF-CUSTOMER-001059"",""FF-ENGINEERINGCHANGE-000059"",""FF-PURCHASEORDER-000059""]"
FF-CUSTOMER-001035,Final Inspection Failed,2023-05-22T16:00:00Z,engineering_execution,FF-R-00013321,USR-107,"[""FF-CUSTOMER-001035"",""FF-OPERATION-000035""]"
FF-CUSTOMER-001035,Rework Ordered,2023-05-22T16:37:00Z,fulfilment_record,FF-R-00013322,USR-104,"[""FF-CUSTOMER-001035"",""FF-ENGINEERINGCHANGE-000035"",""FF-PURCHASEORDER-000035""]"
FF-CUSTOMER-001035,Rework Completed,2023-05-22T17:14:00Z,finance_posting,FF-R-00013323,USR-105,"[""FF-CUSTOMER-001035"",""FF-BOMREVISION-000035""]"
FF-CUSTOMER-001035,Final Inspection Passed,2023-05-22T17:51:00Z,commercial_document,FF-R-00013324,USR-106,"[""FF-CUSTOMER-001035"",""FF-WORKORDER-000035""]"
FF-CUSTOMER-001063,Rework Completed,2023-05-22T21:38:00Z,finance_posting,FF-R-00013347,USR-073,"[""FF-CUSTOMER-001063"",""FF-BOMREVISION-000063""]"
FF-CUSTOMER-001040,Final Inspection Failed,2023-05-23T07:00:00Z,engineering_execution,FF-R-00013386,USR-065,"[""FF-CUSTOMER-001040"",""FF-OPERATION-000040"",""FF-GOODSRECEIPT-000040""]"
FF-CUSTOMER-001040,Rework Ordered,2023-05-23T07:37:00Z,fulfilment_record,FF-R-00013387,USR-062,"[""FF-CUSTOMER-001040"",""FF-ENGINEERINGCHANGE-000040""]"
FF-CUSTOMER-001040,Rework Completed,2023-05-23T08:14:00Z,finance_posting,FF-R-00013388,USR-063,"[""FF-CUSTOMER-001040"",""FF-BOMREVISION-000040"",""FF-PURCHASEORDERLINE-000040""]"
FF-CUSTOMER-001040,Final Inspection Passed,2023-05-23T08:51:00Z,commercial_document,FF-R-00013389,USR-064,"[""FF-CUSTOMER-001040"",""FF-WORKORDER-000040""]"
FF-CUSTOMER-001069,Final Inspection Passed,2023-05-23T21:45:00Z,commercial_document,FF-R-00013441,USR-049,"[""FF-CUSTOMER-001069"",""FF-WORKORDER-000069""]"
FF-CUSTOMER-001045,Final Inspection Failed,2023-05-23T22:00:00Z,engineering_execution,FF-R-00013442,USR-023,"[""FF-CUSTOMER-001045"",""FF-OPERATION-000045""]"
FF-CUSTOMER-001045,Rework Ordered,2023-05-23T22:37:00Z,fulfilment_record,FF-R-00013443,USR-020,"[""FF-CUSTOMER-001045"",""FF-ENGINEERINGCHANGE-000045"",""FF-PURCHASEORDER-000045""]"
FF-CUSTOMER-001045,Rework Completed,2023-05-23T23:14:00Z,finance_posting,FF-R-00013444,USR-021,"[""FF-CUSTOMER-001045"",""FF-BOMREVISION-000045""]"
FF-CUSTOMER-001045,Final Inspection Passed,2023-05-23T23:51:00Z,commercial_document,FF-R-00013445,USR-022,"[""FF-CUSTOMER-001045"",""FF-WORKORDER-000045""]"
FF-CUSTOMER-001069,Final Inspection Failed,2023-05-24T03:46:00Z,engineering_execution,FF-R-00013466,USR-050,"[""FF-CUSTOMER-001069"",""FF-OPERATION-000069"",""FF-GOODSRECEIPT-000069""]"
FF-CUSTOMER-001078,Rework Ordered,2023-05-24T12:52:00Z,fulfilment_record,FF-R-00013502,USR-073,"[""FF-CUSTOMER-001078"",""FF-ENGINEERINGCHANGE-000078""]"
FF-CUSTOMER-001050,Final Inspection Failed,2023-05-24T13:00:00Z,engineering_execution,FF-R-00013503,USR-108,"[""FF-CUSTOMER-001050"",""FF-OPERATION-000050""]"
FF-CUSTOMER-001050,Rework Ordered,2023-05-24T13:37:00Z,fulfilment_record,FF-R-00013504,USR-105,"[""FF-CUSTOMER-001050"",""FF-ENGINEERINGCHANGE-000050""]"
FF-CUSTOMER-001050,Rework Completed,2023-05-24T14:14:00Z,finance_posting,FF-R-00013505,USR-106,"[""FF-CUSTOMER-001050"",""FF-BOMREVISION-000050""]"
FF-CUSTOMER-001050,Final Inspection Passed,2023-05-24T14:51:00Z,commercial_document,FF-R-00013506,USR-107,"[""FF-CUSTOMER-001050"",""FF-WORKORDER-000050"",""FF-SUPPLIER-000050""]"
FF-CUSTOMER-001055,Final Inspection Failed,2023-05-25T04:00:00Z,engineering_execution,FF-R-00013565,USR-066,"[""FF-CUSTOMER-001055"",""FF-OPERATION-000055"",""FF-GOODSRECEIPT-000055""]"
FF-CUSTOMER-001055,Rework Ordered,2023-05-25T04:37:00Z,fulfilment_record,FF-R-00013566,USR-063,"[""FF-CUSTOMER-001055"",""FF-ENGINEERINGCHANGE-000055""]"
FF-CUSTOMER-001055,Rework Completed,2023-05-25T05:14:00Z,finance_posting,FF-R-00013567,USR-064,"[""FF-CUSTOMER-001055"",""FF-BOMREVISION-000055"",""FF-PURCHASEORDERLINE-000055""]"
FF-CUSTOMER-001055,Final Inspection Passed,2023-05-25T05:51:00Z,commercial_document,FF-R-00013568,USR-065,"[""FF-CUSTOMER-001055"",""FF-WORKORDER-000055""]"
FF-CUSTOMER-001086,Rework Completed,2023-05-25T18:08:00Z,finance_posting,FF-R-00013616,USR-083,"[""FF-CUSTOMER-001086"",""FF-BOMREVISION-000086""]"
FF-CUSTOMER-001060,Final Inspection Failed,2023-05-25T19:00:00Z,engineering_execution,FF-R-00013628,USR-024,"[""FF-CUSTOMER-001060"",""FF-OPERATION-000060"",""FF-GOODSRECEIPT-000060""]"
FF-CUSTOMER-001060,Rework Ordered,2023-05-25T19:37:00Z,fulfilment_record,FF-R-00013629,USR-021,"[""FF-CUSTOMER-001060"",""FF-ENGINEERINGCHANGE-000060""]"
FF-CUSTOMER-001060,Rework Completed,2023-05-25T20:14:00Z,finance_posting,FF-R-00013630,USR-022,"[""FF-CUSTOMER-001060"",""FF-BOMREVISION-000060"",""FF-PURCHASEORDERLINE-000060""]"
FF-CUSTOMER-001060,Final Inspection Passed,2023-05-25T20:51:00Z,commercial_document,FF-R-00013631,USR-023,"[""FF-CUSTOMER-001060"",""FF-WORKORDER-000060""]"
FF-CUSTOMER-001065,Final Inspection Failed,2023-05-26T10:00:00Z,engineering_execution,FF-R-00013685,USR-109,"[""FF-CUSTOMER-001065"",""FF-OPERATION-000065""]"
FF-CUSTOMER-001065,Rework Ordered,2023-05-26T10:37:00Z,fulfilment_record,FF-R-00013686,USR-106,"[""FF-CUSTOMER-001065"",""FF-ENGINEERINGCHANGE-000065"",""FF-PURCHASEORDER-000065""]"
FF-CUSTOMER-001065,Rework Completed,2023-05-26T11:14:00Z,finance_posting,FF-R-00013687,USR-107,"[""FF-CUSTOMER-001065"",""FF-BOMREVISION-000065""]"
FF-CUSTOMER-001065,Final Inspection Passed,2023-05-26T11:51:00Z,commercial_document,FF-R-00013688,USR-108,"[""FF-CUSTOMER-001065"",""FF-WORKORDER-000065"",""FF-SUPPLIER-000065""]"
FF-CUSTOMER-001097,Rework Ordered,2023-05-26T21:18:00Z,fulfilment_record,FF-R-00013721,USR-015,"[""FF-CUSTOMER-001097"",""FF-ENGINEERINGCHANGE-000097"",""FF-PURCHASEORDER-000097""]"
FF-CUSTOMER-001070,Final Inspection Failed,2023-05-27T01:00:00Z,engineering_execution,FF-R-00013745,USR-067,"[""FF-CUSTOMER-001070"",""FF-OPERATION-000070""]"
FF-CUSTOMER-001070,Rework Ordered,2023-05-27T01:37:00Z,fulfilment_record,FF-R-00013746,USR-064,"[""FF-CUSTOMER-001070"",""FF-ENGINEERINGCHANGE-000070"",""FF-PURCHASEORDER-000070""]"
FF-CUSTOMER-001070,Rework Completed,2023-05-27T02:14:00Z,finance_posting,FF-R-00013747,USR-065,"[""FF-CUSTOMER-001070"",""FF-BOMREVISION-000070""]"
FF-CUSTOMER-001070,Final Inspection Passed,2023-05-27T02:51:00Z,commercial_document,FF-R-00013748,USR-066,"[""FF-CUSTOMER-001070"",""FF-WORKORDER-000070"",""FF-SUPPLIER-000070""]"
FF-CUSTOMER-001098,Final Inspection Passed,2023-05-27T12:21:00Z,commercial_document,FF-R-00013789,USR-034,"[""FF-CUSTOMER-001098"",""FF-WORKORDER-000098"",""FF-SUPPLIER-000098""]"
FF-CUSTOMER-001075,Final Inspection Failed,2023-05-27T16:00:00Z,engineering_execution,FF-R-00013805,USR-025,"[""FF-CUSTOMER-001075"",""FF-OPERATION-000075"",""FF-GOODSRECEIPT-000075""]"
FF-CUSTOMER-001075,Rework Ordered,2023-05-27T16:37:00Z,fulfilment_record,FF-R-00013806,USR-022,"[""FF-CUSTOMER-001075"",""FF-ENGINEERINGCHANGE-000075""]"
FF-CUSTOMER-001075,Rework Completed,2023-05-27T17:14:00Z,finance_posting,FF-R-00013807,USR-023,"[""FF-CUSTOMER-001075"",""FF-BOMREVISION-000075"",""FF-PURCHASEORDERLINE-000075""]"
FF-CUSTOMER-001075,Final Inspection Passed,2023-05-27T17:51:00Z,commercial_document,FF-R-00013808,USR-024,"[""FF-CUSTOMER-001075"",""FF-WORKORDER-000075""]"
FF-CUSTOMER-001100,Final Inspection Failed,2023-05-28T00:24:00Z,engineering_execution,FF-R-00013841,USR-069,"[""FF-CUSTOMER-001100"",""FF-OPERATION-000100""]"
FF-CUSTOMER-001080,Final Inspection Failed,2023-05-28T07:00:00Z,engineering_execution,FF-R-00013863,USR-110,"[""FF-CUSTOMER-001080"",""FF-OPERATION-000080"",""FF-GOODSRECEIPT-000080""]"
FF-CUSTOMER-001080,Rework Ordered,2023-05-28T07:37:00Z,fulfilment_record,FF-R-00013864,USR-107,"[""FF-CUSTOMER-001080"",""FF-ENGINEERINGCHANGE-000080""]"
FF-CUSTOMER-001080,Rework Completed,2023-05-28T08:14:00Z,finance_posting,FF-R-00013865,USR-108,"[""FF-CUSTOMER-001080"",""FF-BOMREVISION-000080"",""FF-PURCHASEORDERLINE-000080""]"
FF-CUSTOMER-001080,Final Inspection Passed,2023-05-28T08:51:00Z,commercial_document,FF-R-00013866,USR-109,"[""FF-CUSTOMER-001080"",""FF-WORKORDER-000080""]"
FF-CUSTOMER-001109,Rework Completed,2023-05-28T15:31:00Z,finance_posting,FF-R-00013901,USR-093,"[""FF-CUSTOMER-001109"",""FF-BOMREVISION-000109""]"
FF-CUSTOMER-001085,Final Inspection Failed,2023-05-28T22:00:00Z,engineering_execution,FF-R-00013924,USR-068,"[""FF-CUSTOMER-001085"",""FF-OPERATION-000085"",""FF-GOODSRECEIPT-000085""]"
FF-CUSTOMER-001085,Rework Ordered,2023-05-28T22:37:00Z,fulfilment_record,FF-R-00013925,USR-065,"[""FF-CUSTOMER-001085"",""FF-ENGINEERINGCHANGE-000085""]"
FF-CUSTOMER-001085,Rework Completed,2023-05-28T23:14:00Z,finance_posting,FF-R-00013926,USR-066,"[""FF-CUSTOMER-001085"",""FF-BOMREVISION-000085"",""FF-PURCHASEORDERLINE-000085""]"
FF-CUSTOMER-001085,Final Inspection Passed,2023-05-28T23:51:00Z,commercial_document,FF-R-00013927,USR-067,"[""FF-CUSTOMER-001085"",""FF-WORKORDER-000085""]"
FF-CUSTOMER-001116,Rework Ordered,2023-05-29T06:37:00Z,fulfilment_record,FF-R-00013960,USR-084,"[""FF-CUSTOMER-001116"",""FF-ENGINEERINGCHANGE-000116"",""FF-PURCHASEORDER-000116""]"
FF-CUSTOMER-001090,Final Inspection Failed,2023-05-29T13:00:00Z,engineering_execution,FF-R-00013985,USR-026,"[""FF-CUSTOMER-001090"",""FF-OPERATION-000090""]"
FF-CUSTOMER-001090,Rework Ordered,2023-05-29T13:37:00Z,fulfilment_record,FF-R-00013986,USR-023,"[""FF-CUSTOMER-001090"",""FF-ENGINEERINGCHANGE-000090""]"
FF-CUSTOMER-001090,Rework Completed,2023-05-29T14:14:00Z,finance_posting,FF-R-00013987,USR-024,"[""FF-CUSTOMER-001090"",""FF-BOMREVISION-000090""]"
FF-CUSTOMER-001090,Final Inspection Passed,2023-05-29T14:51:00Z,commercial_document,FF-R-00013988,USR-025,"[""FF-CUSTOMER-001090"",""FF-WORKORDER-000090"",""FF-SUPPLIER-000090""]"
FF-CUSTOMER-001095,Final Inspection Failed,2023-05-30T04:00:00Z,engineering_execution,FF-R-00014047,USR-111,"[""FF-CUSTOMER-001095"",""FF-OPERATION-000095""]"
FF-CUSTOMER-001095,Rework Ordered,2023-05-30T04:37:00Z,fulfilment_record,FF-R-00014048,USR-108,"[""FF-CUSTOMER-001095"",""FF-ENGINEERINGCHANGE-000095"",""FF-PURCHASEORDER-000095""]"
FF-CUSTOMER-001095,Rework Completed,2023-05-30T05:14:00Z,finance_posting,FF-R-00014049,USR-109,"[""FF-CUSTOMER-001095"",""FF-BOMREVISION-000095""]"
FF-CUSTOMER-001095,Final Inspection Passed,2023-05-30T05:51:00Z,commercial_document,FF-R-00014050,USR-110,"[""FF-CUSTOMER-001095"",""FF-WORKORDER-000095"",""FF-SUPPLIER-000095""]"
FF-CUSTOMER-001100,Final Inspection Failed,2023-05-30T19:00:00Z,engineering_execution,FF-R-00014104,USR-069,"[""FF-CUSTOMER-001100"",""FF-OPERATION-000100""]"
FF-CUSTOMER-001100,Rework Ordered,2023-05-30T19:37:00Z,fulfilment_record,FF-R-00014105,USR-066,"[""FF-CUSTOMER-001100"",""FF-ENGINEERINGCHANGE-000100"",""FF-PURCHASEORDER-000100""]"
FF-CUSTOMER-001100,Rework Completed,2023-05-30T20:14:00Z,finance_posting,FF-R-00014106,USR-067,"[""FF-CUSTOMER-001100"",""FF-BOMREVISION-000100""]"
FF-CUSTOMER-001100,Final Inspection Passed,2023-05-30T20:51:00Z,commercial_document,FF-R-00014107,USR-068,"[""FF-CUSTOMER-001100"",""FF-WORKORDER-000100"",""FF-SUPPLIER-000100""]"
FF-CUSTOMER-001127,Final Inspection Passed,2023-05-31T03:50:00Z,commercial_document,FF-R-00014146,USR-019,"[""FF-CUSTOMER-001127"",""FF-WORKORDER-000127""]"
FF-CUSTOMER-001105,Final Inspection Failed,2023-05-31T10:00:00Z,engineering_execution,FF-R-00014167,USR-027,"[""FF-CUSTOMER-001105"",""FF-OPERATION-000105""]"
FF-CUSTOMER-001105,Rework Ordered,2023-05-31T10:37:00Z,fulfilment_record,FF-R-00014168,USR-024,"[""FF-CUSTOMER-001105"",""FF-ENGINEERINGCHANGE-000105""]"
FF-CUSTOMER-001105,Rework Completed,2023-05-31T11:14:00Z,finance_posting,FF-R-00014169,USR-025,"[""FF-CUSTOMER-001105"",""FF-BOMREVISION-000105""]"
FF-CUSTOMER-001105,Final Inspection Passed,2023-05-31T11:51:00Z,commercial_document,FF-R-00014170,USR-026,"[""FF-CUSTOMER-001105"",""FF-WORKORDER-000105"",""FF-SUPPLIER-000105""]"
FF-CUSTOMER-001132,Rework Completed,2023-05-31T12:01:00Z,finance_posting,FF-R-00014171,USR-103,"[""FF-CUSTOMER-001132"",""FF-BOMREVISION-000132""]"
FF-CUSTOMER-001135,Rework Ordered,2023-05-31T15:03:00Z,fulfilment_record,FF-R-00014182,USR-026,"[""FF-CUSTOMER-001135"",""FF-ENGINEERINGCHANGE-000135"",""FF-PURCHASEORDER-000135""]"
FF-CUSTOMER-001131,Final Inspection Failed,2023-05-31T21:02:00Z,engineering_execution,FF-R-00014205,USR-088,"[""FF-CUSTOMER-001131"",""FF-OPERATION-000131"",""FF-GOODSRECEIPT-000131""]"
FF-CUSTOMER-001110,Final Inspection Failed,2023-06-01T01:00:00Z,engineering_execution,FF-R-00014225,USR-112,"[""FF-CUSTOMER-001110"",""FF-OPERATION-000110""]"
FF-CUSTOMER-001110,Rework Ordered,2023-06-01T01:37:00Z,fulfilment_record,FF-R-00014226,USR-109,"[""FF-CUSTOMER-001110"",""FF-ENGINEERINGCHANGE-000110"",""FF-PURCHASEORDER-000110""]"
FF-CUSTOMER-001110,Rework Completed,2023-06-01T02:14:00Z,finance_posting,FF-R-00014227,USR-110,"[""FF-CUSTOMER-001110"",""FF-BOMREVISION-000110""]"
FF-CUSTOMER-001110,Final Inspection Passed,2023-06-01T02:51:00Z,commercial_document,FF-R-00014228,USR-111,"[""FF-CUSTOMER-001110"",""FF-WORKORDER-000110""]"
FF-CUSTOMER-001115,Final Inspection Failed,2023-06-01T16:00:00Z,engineering_execution,FF-R-00014289,USR-070,"[""FF-CUSTOMER-001115"",""FF-OPERATION-000115"",""FF-GOODSRECEIPT-000115""]"
FF-CUSTOMER-001115,Rework Ordered,2023-06-01T16:37:00Z,fulfilment_record,FF-R-00014290,USR-067,"[""FF-CUSTOMER-001115"",""FF-ENGINEERINGCHANGE-000115""]"
FF-CUSTOMER-001115,Rework Completed,2023-06-01T17:14:00Z,finance_posting,FF-R-00014291,USR-068,"[""FF-CUSTOMER-001115"",""FF-BOMREVISION-000115"",""FF-PURCHASEORDERLINE-000115""]"
FF-CUSTOMER-001115,Final Inspection Passed,2023-06-01T17:51:00Z,commercial_document,FF-R-00014292,USR-069,"[""FF-CUSTOMER-001115"",""FF-WORKORDER-000115""]"
FF-CUSTOMER-001120,Final Inspection Failed,2023-06-02T07:00:00Z,engineering_execution,FF-R-00014346,USR-028,"[""FF-CUSTOMER-001120"",""FF-OPERATION-000120""]"
FF-CUSTOMER-001120,Rework Ordered,2023-06-02T07:37:00Z,fulfilment_record,FF-R-00014347,USR-025,"[""FF-CUSTOMER-001120"",""FF-ENGINEERINGCHANGE-000120""]"
FF-CUSTOMER-001120,Rework Completed,2023-06-02T08:14:00Z,finance_posting,FF-R-00014348,USR-026,"[""FF-CUSTOMER-001120"",""FF-BOMREVISION-000120""]"
FF-CUSTOMER-001120,Final Inspection Passed,2023-06-02T08:51:00Z,commercial_document,FF-R-00014349,USR-027,"[""FF-CUSTOMER-001120"",""FF-WORKORDER-000120"",""FF-SUPPLIER-000120""]"
FF-CUSTOMER-001125,Final Inspection Failed,2023-06-02T22:00:00Z,engineering_execution,FF-R-00014408,USR-113,"[""FF-CUSTOMER-001125"",""FF-OPERATION-000125""]"
FF-CUSTOMER-001125,Rework Ordered,2023-06-02T22:37:00Z,fulfilment_record,FF-R-00014409,USR-110,"[""FF-CUSTOMER-001125"",""FF-ENGINEERINGCHANGE-000125""]"
FF-CUSTOMER-001125,Rework Completed,2023-06-02T23:14:00Z,finance_posting,FF-R-00014410,USR-111,"[""FF-CUSTOMER-001125"",""FF-BOMREVISION-000125""]"
FF-CUSTOMER-001125,Final Inspection Passed,2023-06-02T23:51:00Z,commercial_document,FF-R-00014411,USR-112,"[""FF-CUSTOMER-001125"",""FF-WORKORDER-000125"",""FF-SUPPLIER-000125""]"
FF-CUSTOMER-001154,Rework Ordered,2023-06-03T00:22:00Z,fulfilment_record,FF-R-00014417,USR-095,"[""FF-CUSTOMER-001154"",""FF-ENGINEERINGCHANGE-000154""]"
FF-CUSTOMER-001155,Rework Completed,2023-06-03T09:24:00Z,finance_posting,FF-R-00014452,USR-113,"[""FF-CUSTOMER-001155"",""FF-BOMREVISION-000155""]"
FF-CUSTOMER-001130,Final Inspection Failed,2023-06-03T13:00:00Z,engineering_execution,FF-R-00014469,USR-071,"[""FF-CUSTOMER-001130"",""FF-OPERATION-000130""]"
FF-CUSTOMER-001130,Rework Ordered,2023-06-03T13:37:00Z,fulfilment_record,FF-R-00014470,USR-068,"[""FF-CUSTOMER-001130"",""FF-ENGINEERINGCHANGE-000130""]"
FF-CUSTOMER-001130,Rework Completed,2023-06-03T14:14:00Z,finance_posting,FF-R-00014471,USR-069,"[""FF-CUSTOMER-001130"",""FF-BOMREVISION-000130""]"
FF-CUSTOMER-001130,Final Inspection Passed,2023-06-03T14:51:00Z,commercial_document,FF-R-00014472,USR-070,"[""FF-CUSTOMER-001130"",""FF-WORKORDER-000130"",""FF-SUPPLIER-000130""]"
FF-CUSTOMER-001156,Final Inspection Passed,2023-06-03T18:26:00Z,commercial_document,FF-R-00014490,USR-004,"[""FF-CUSTOMER-001156"",""FF-WORKORDER-000156"",""FF-SUPPLIER-000156""]"
FF-CUSTOMER-001135,Final Inspection Failed,2023-06-04T04:00:00Z,engineering_execution,FF-R-00014525,USR-029,"[""FF-CUSTOMER-001135"",""FF-OPERATION-000135"",""FF-GOODSRECEIPT-000135""]"
FF-CUSTOMER-001135,Rework Ordered,2023-06-04T04:37:00Z,fulfilment_record,FF-R-00014526,USR-026,"[""FF-CUSTOMER-001135"",""FF-ENGINEERINGCHANGE-000135""]"
FF-CUSTOMER-001135,Rework Completed,2023-06-04T05:14:00Z,finance_posting,FF-R-00014527,USR-027,"[""FF-CUSTOMER-001135"",""FF-BOMREVISION-000135"",""FF-PURCHASEORDERLINE-000135""]"
FF-CUSTOMER-001135,Final Inspection Passed,2023-06-04T05:51:00Z,commercial_document,FF-R-00014528,USR-028,"[""FF-CUSTOMER-001135"",""FF-WORKORDER-000135""]"
FF-CUSTOMER-001162,Final Inspection Failed,2023-06-04T18:33:00Z,engineering_execution,FF-R-00014585,USR-107,"[""FF-CUSTOMER-001162"",""FF-OPERATION-000162"",""FF-GOODSRECEIPT-000162""]"
FF-CUSTOMER-001140,Final Inspection Failed,2023-06-04T19:00:00Z,engineering_execution,FF-R-00014586,USR-114,"[""FF-CUSTOMER-001140"",""FF-OPERATION-000140""]"
FF-CUSTOMER-001140,Rework Ordered,2023-06-04T19:37:00Z,fulfilment_record,FF-R-00014587,USR-111,"[""FF-CUSTOMER-001140"",""FF-ENGINEERINGCHANGE-000140""]"
FF-CUSTOMER-001140,Rework Completed,2023-06-04T20:14:00Z,finance_posting,FF-R-00014588,USR-112,"[""FF-CUSTOMER-001140"",""FF-BOMREVISION-000140""]"
FF-CUSTOMER-001140,Final Inspection Passed,2023-06-04T20:51:00Z,commercial_document,FF-R-00014589,USR-113,"[""FF-CUSTOMER-001140"",""FF-WORKORDER-000140"",""FF-SUPPLIER-000140""]"
FF-CUSTOMER-001173,Rework Ordered,2023-06-05T09:41:00Z,fulfilment_record,FF-R-00014646,USR-037,"[""FF-CUSTOMER-001173"",""FF-ENGINEERINGCHANGE-000173""]"
FF-CUSTOMER-001145,Final Inspection Failed,2023-06-05T10:00:00Z,engineering_execution,FF-R-00014647,USR-072,"[""FF-CUSTOMER-001145"",""FF-OPERATION-000145""]"
FF-CUSTOMER-001145,Rework Ordered,2023-06-05T10:37:00Z,fulfilment_record,FF-R-00014648,USR-069,"[""FF-CUSTOMER-001145"",""FF-ENGINEERINGCHANGE-000145"",""FF-PURCHASEORDER-000145""]"
FF-CUSTOMER-001145,Rework Completed,2023-06-05T11:14:00Z,finance_posting,FF-R-00014649,USR-070,"[""FF-CUSTOMER-001145"",""FF-BOMREVISION-000145""]"
FF-CUSTOMER-001145,Final Inspection Passed,2023-06-05T11:51:00Z,commercial_document,FF-R-00014650,USR-071,"[""FF-CUSTOMER-001145"",""FF-WORKORDER-000145"",""FF-SUPPLIER-000145""]"
FF-CUSTOMER-001150,Final Inspection Failed,2023-06-06T01:00:00Z,engineering_execution,FF-R-00014708,USR-030,"[""FF-CUSTOMER-001150"",""FF-OPERATION-000150"",""FF-GOODSRECEIPT-000150""]"
FF-CUSTOMER-001150,Rework Ordered,2023-06-06T01:37:00Z,fulfilment_record,FF-R-00014709,USR-027,"[""FF-CUSTOMER-001150"",""FF-ENGINEERINGCHANGE-000150""]"
FF-CUSTOMER-001150,Rework Completed,2023-06-06T02:14:00Z,finance_posting,FF-R-00014710,USR-028,"[""FF-CUSTOMER-001150"",""FF-BOMREVISION-000150"",""FF-PURCHASEORDERLINE-000150""]"
FF-CUSTOMER-001150,Final Inspection Passed,2023-06-06T02:51:00Z,commercial_document,FF-R-00014711,USR-029,"[""FF-CUSTOMER-001150"",""FF-WORKORDER-000150""]"
FF-CUSTOMER-001178,Rework Completed,2023-06-06T06:47:00Z,finance_posting,FF-R-00014734,USR-123,"[""FF-CUSTOMER-001178"",""FF-BOMREVISION-000178""]"
FF-CUSTOMER-001155,Final Inspection Failed,2023-06-06T16:00:00Z,engineering_execution,FF-R-00014766,USR-115,"[""FF-CUSTOMER-001155"",""FF-OPERATION-000155""]"
FF-CUSTOMER-001155,Rework Ordered,2023-06-06T16:37:00Z,fulfilment_record,FF-R-00014767,USR-112,"[""FF-CUSTOMER-001155"",""FF-ENGINEERINGCHANGE-000155"",""FF-PURCHASEORDER-000155""]"
FF-CUSTOMER-001155,Rework Completed,2023-06-06T17:14:00Z,finance_posting,FF-R-00014768,USR-113,"[""FF-CUSTOMER-001155"",""FF-BOMREVISION-000155""]"
FF-CUSTOMER-001155,Final Inspection Passed,2023-06-06T17:51:00Z,commercial_document,FF-R-00014769,USR-114,"[""FF-CUSTOMER-001155"",""FF-WORKORDER-000155"",""FF-SUPPLIER-000155""]"
FF-CUSTOMER-001160,Final Inspection Failed,2023-06-07T07:00:00Z,engineering_execution,FF-R-00014829,USR-073,"[""FF-CUSTOMER-001160"",""FF-OPERATION-000160""]"
FF-CUSTOMER-001160,Rework Ordered,2023-06-07T07:37:00Z,fulfilment_record,FF-R-00014830,USR-070,"[""FF-CUSTOMER-001160"",""FF-ENGINEERINGCHANGE-000160"",""FF-PURCHASEORDER-000160""]"
FF-CUSTOMER-001160,Rework Completed,2023-06-07T08:14:00Z,finance_posting,FF-R-00014831,USR-071,"[""FF-CUSTOMER-001160"",""FF-BOMREVISION-000160""]"
FF-CUSTOMER-001160,Final Inspection Passed,2023-06-07T08:51:00Z,commercial_document,FF-R-00014832,USR-072,"[""FF-CUSTOMER-001160"",""FF-WORKORDER-000160""]"
FF-CUSTOMER-001185,Final Inspection Passed,2023-06-07T09:02:00Z,commercial_document,FF-R-00014833,USR-116,"[""FF-CUSTOMER-001185"",""FF-WORKORDER-000185""]"
FF-CUSTOMER-001192,Rework Ordered,2023-06-07T18:07:00Z,fulfilment_record,FF-R-00014864,USR-106,"[""FF-CUSTOMER-001192"",""FF-ENGINEERINGCHANGE-000192""]"
FF-CUSTOMER-001165,Final Inspection Failed,2023-06-07T22:00:00Z,engineering_execution,FF-R-00014888,USR-031,"[""FF-CUSTOMER-001165"",""FF-OPERATION-000165""]"
FF-CUSTOMER-001165,Rework Ordered,2023-06-07T22:37:00Z,fulfilment_record,FF-R-00014889,USR-028,"[""FF-CUSTOMER-001165"",""FF-ENGINEERINGCHANGE-000165"",""FF-PURCHASEORDER-000165""]"
FF-CUSTOMER-001165,Rework Completed,2023-06-07T23:14:00Z,finance_posting,FF-R-00014890,USR-029,"[""FF-CUSTOMER-001165"",""FF-BOMREVISION-000165""]"
FF-CUSTOMER-001165,Final Inspection Passed,2023-06-07T23:51:00Z,commercial_document,FF-R-00014891,USR-030,"[""FF-CUSTOMER-001165"",""FF-WORKORDER-000165"",""FF-SUPPLIER-000165""]"
FF-CUSTOMER-001170,Final Inspection Failed,2023-06-08T13:00:00Z,engineering_execution,FF-R-00014950,USR-116,"[""FF-CUSTOMER-001170"",""FF-OPERATION-000170"",""FF-GOODSRECEIPT-000170""]"
FF-CUSTOMER-001170,Rework Ordered,2023-06-08T13:37:00Z,fulfilment_record,FF-R-00014951,USR-113,"[""FF-CUSTOMER-001170"",""FF-ENGINEERINGCHANGE-000170""]"
FF-CUSTOMER-001170,Rework Completed,2023-06-08T14:14:00Z,finance_posting,FF-R-00014952,USR-114,"[""FF-CUSTOMER-001170"",""FF-BOMREVISION-000170"",""FF-PURCHASEORDERLINE-000170""]"
FF-CUSTOMER-001170,Final Inspection Passed,2023-06-08T14:51:00Z,commercial_document,FF-R-00014953,USR-115,"[""FF-CUSTOMER-001170"",""FF-WORKORDER-000170""]"
FF-CUSTOMER-001193,Final Inspection Failed,2023-06-08T15:11:00Z,engineering_execution,FF-R-00014954,USR-126,"[""FF-CUSTOMER-001193"",""FF-OPERATION-000193"",""FF-GOODSRECEIPT-000193""]"
FF-CUSTOMER-001201,Rework Completed,2023-06-09T03:17:00Z,finance_posting,FF-R-00014997,USR-006,"[""FF-CUSTOMER-001201"",""FF-BOMREVISION-000201"",""FF-PURCHASEORDERLINE-000201""]"
FF-CUSTOMER-001175,Final Inspection Failed,2023-06-09T04:00:00Z,engineering_execution,FF-R-00015007,USR-074,"[""FF-CUSTOMER-001175"",""FF-OPERATION-000175""]"
FF-CUSTOMER-001175,Rework Ordered,2023-06-09T04:37:00Z,fulfilment_record,FF-R-00015008,USR-071,"[""FF-CUSTOMER-001175"",""FF-ENGINEERINGCHANGE-000175"",""FF-PURCHASEORDER-000175""]"
FF-CUSTOMER-001175,Rework Completed,2023-06-09T05:14:00Z,finance_posting,FF-R-00015009,USR-072,"[""FF-CUSTOMER-001175"",""FF-BOMREVISION-000175""]"
FF-CUSTOMER-001175,Final Inspection Passed,2023-06-09T05:51:00Z,commercial_document,FF-R-00015010,USR-073,"[""FF-CUSTOMER-001175"",""FF-WORKORDER-000175""]"
FF-CUSTOMER-001180,Final Inspection Failed,2023-06-09T19:00:00Z,engineering_execution,FF-R-00015071,USR-032,"[""FF-CUSTOMER-001180"",""FF-OPERATION-000180""]"
FF-CUSTOMER-001180,Rework Ordered,2023-06-09T19:37:00Z,fulfilment_record,FF-R-00015072,USR-029,"[""FF-CUSTOMER-001180"",""FF-ENGINEERINGCHANGE-000180"",""FF-PURCHASEORDER-000180""]"
FF-CUSTOMER-001180,Rework Completed,2023-06-09T20:14:00Z,finance_posting,FF-R-00015073,USR-030,"[""FF-CUSTOMER-001180"",""FF-BOMREVISION-000180""]"
FF-CUSTOMER-001180,Final Inspection Passed,2023-06-09T20:51:00Z,commercial_document,FF-R-00015074,USR-031,"[""FF-CUSTOMER-001180"",""FF-WORKORDER-000180""]"
FF-CUSTOMER-001211,Rework Ordered,2023-06-10T03:26:00Z,fulfilment_record,FF-R-00015103,USR-048,"[""FF-CUSTOMER-001211"",""FF-ENGINEERINGCHANGE-000211""]"
FF-CUSTOMER-001185,Final Inspection Failed,2023-06-10T10:00:00Z,engineering_execution,FF-R-00015130,USR-117,"[""FF-CUSTOMER-001185"",""FF-OPERATION-000185""]"
FF-CUSTOMER-001185,Rework Ordered,2023-06-10T10:37:00Z,fulfilment_record,FF-R-00015131,USR-114,"[""FF-CUSTOMER-001185"",""FF-ENGINEERINGCHANGE-000185"",""FF-PURCHASEORDER-000185""]"
FF-CUSTOMER-001185,Rework Completed,2023-06-10T11:14:00Z,finance_posting,FF-R-00015132,USR-115,"[""FF-CUSTOMER-001185"",""FF-BOMREVISION-000185""]"
FF-CUSTOMER-001185,Final Inspection Passed,2023-06-10T11:51:00Z,commercial_document,FF-R-00015133,USR-116,"[""FF-CUSTOMER-001185"",""FF-WORKORDER-000185""]"
FF-CUSTOMER-001214,Final Inspection Passed,2023-06-11T00:31:00Z,commercial_document,FF-R-00015185,USR-101,"[""FF-CUSTOMER-001214"",""FF-WORKORDER-000214""]"
FF-CUSTOMER-001190,Final Inspection Failed,2023-06-11T01:00:00Z,engineering_execution,FF-R-00015188,USR-075,"[""FF-CUSTOMER-001190"",""FF-OPERATION-000190"",""FF-GOODSRECEIPT-000190""]"
FF-CUSTOMER-001190,Rework Ordered,2023-06-11T01:37:00Z,fulfilment_record,FF-R-00015189,USR-072,"[""FF-CUSTOMER-001190"",""FF-ENGINEERINGCHANGE-000190""]"
FF-CUSTOMER-001190,Rework Completed,2023-06-11T02:14:00Z,finance_posting,FF-R-00015190,USR-073,"[""FF-CUSTOMER-001190"",""FF-BOMREVISION-000190"",""FF-PURCHASEORDERLINE-000190""]"
FF-CUSTOMER-001190,Final Inspection Passed,2023-06-11T02:51:00Z,commercial_document,FF-R-00015191,USR-074,"[""FF-CUSTOMER-001190"",""FF-WORKORDER-000190""]"
FF-CUSTOMER-001195,Final Inspection Failed,2023-06-11T16:00:00Z,engineering_execution,FF-R-00015249,USR-033,"[""FF-CUSTOMER-001195"",""FF-OPERATION-000195""]"
FF-CUSTOMER-001195,Rework Ordered,2023-06-11T16:37:00Z,fulfilment_record,FF-R-00015250,USR-030,"[""FF-CUSTOMER-001195"",""FF-ENGINEERINGCHANGE-000195"",""FF-PURCHASEORDER-000195""]"
FF-CUSTOMER-001195,Rework Completed,2023-06-11T17:14:00Z,finance_posting,FF-R-00015251,USR-031,"[""FF-CUSTOMER-001195"",""FF-BOMREVISION-000195""]"
FF-CUSTOMER-001195,Final Inspection Passed,2023-06-11T17:51:00Z,commercial_document,FF-R-00015252,USR-032,"[""FF-CUSTOMER-001195"",""FF-WORKORDER-000195"",""FF-SUPPLIER-000195""]"
FF-CUSTOMER-001224,Rework Completed,2023-06-12T00:40:00Z,finance_posting,FF-R-00015283,USR-016,"[""FF-CUSTOMER-001224"",""FF-BOMREVISION-000224""]"
FF-CUSTOMER-001200,Final Inspection Failed,2023-06-12T07:00:00Z,engineering_execution,FF-R-00015307,USR-118,"[""FF-CUSTOMER-001200"",""FF-OPERATION-000200""]"
FF-CUSTOMER-001200,Rework Ordered,2023-06-12T07:37:00Z,fulfilment_record,FF-R-00015308,USR-115,"[""FF-CUSTOMER-001200"",""FF-ENGINEERINGCHANGE-000200""]"
FF-CUSTOMER-001200,Rework Completed,2023-06-12T08:14:00Z,finance_posting,FF-R-00015309,USR-116,"[""FF-CUSTOMER-001200"",""FF-BOMREVISION-000200""]"
FF-CUSTOMER-001200,Final Inspection Passed,2023-06-12T08:51:00Z,commercial_document,FF-R-00015310,USR-117,"[""FF-CUSTOMER-001200"",""FF-WORKORDER-000200"",""FF-SUPPLIER-000200""]"
FF-CUSTOMER-001224,Final Inspection Failed,2023-06-12T12:42:00Z,engineering_execution,FF-R-00015334,USR-018,"[""FF-CUSTOMER-001224"",""FF-OPERATION-000224"",""FF-GOODSRECEIPT-000224""]"
FF-CUSTOMER-001230,Rework Ordered,2023-06-12T12:45:00Z,fulfilment_record,FF-R-00015335,USR-117,"[""FF-CUSTOMER-001230"",""FF-ENGINEERINGCHANGE-000230""]"
FF-CUSTOMER-001205,Final Inspection Failed,2023-06-12T22:00:00Z,engineering_execution,FF-R-00015370,USR-076,"[""FF-CUSTOMER-001205"",""FF-OPERATION-000205""]"
FF-CUSTOMER-001205,Rework Ordered,2023-06-12T22:37:00Z,fulfilment_record,FF-R-00015371,USR-073,"[""FF-CUSTOMER-001205"",""FF-ENGINEERINGCHANGE-000205""]"
FF-CUSTOMER-001205,Rework Completed,2023-06-12T23:14:00Z,finance_posting,FF-R-00015372,USR-074,"[""FF-CUSTOMER-001205"",""FF-BOMREVISION-000205""]"
FF-CUSTOMER-001205,Final Inspection Passed,2023-06-12T23:51:00Z,commercial_document,FF-R-00015373,USR-075,"[""FF-CUSTOMER-001205"",""FF-WORKORDER-000205"",""FF-SUPPLIER-000205""]"
FF-CUSTOMER-001210,Final Inspection Failed,2023-06-13T13:00:00Z,engineering_execution,FF-R-00015429,USR-034,"[""FF-CUSTOMER-001210"",""FF-OPERATION-000210"",""FF-GOODSRECEIPT-000210""]"
FF-CUSTOMER-001210,Rework Ordered,2023-06-13T13:37:00Z,fulfilment_record,FF-R-00015430,USR-031,"[""FF-CUSTOMER-001210"",""FF-ENGINEERINGCHANGE-000210""]"
FF-CUSTOMER-001210,Rework Completed,2023-06-13T14:14:00Z,finance_posting,FF-R-00015431,USR-032,"[""FF-CUSTOMER-001210"",""FF-BOMREVISION-000210"",""FF-PURCHASEORDERLINE-000210""]"
FF-CUSTOMER-001210,Final Inspection Passed,2023-06-13T14:51:00Z,commercial_document,FF-R-00015432,USR-033,"[""FF-CUSTOMER-001210"",""FF-WORKORDER-000210""]"
FF-CUSTOMER-001215,Final Inspection Failed,2023-06-14T04:00:00Z,engineering_execution,FF-R-00015492,USR-119,"[""FF-CUSTOMER-001215"",""FF-OPERATION-000215"",""FF-GOODSRECEIPT-000215""]"
FF-CUSTOMER-001215,Rework Ordered,2023-06-14T04:37:00Z,fulfilment_record,FF-R-00015493,USR-116,"[""FF-CUSTOMER-001215"",""FF-ENGINEERINGCHANGE-000215""]"
FF-CUSTOMER-001215,Rework Completed,2023-06-14T05:14:00Z,finance_posting,FF-R-00015494,USR-117,"[""FF-CUSTOMER-001215"",""FF-BOMREVISION-000215"",""FF-PURCHASEORDERLINE-000215""]"
FF-CUSTOMER-001215,Final Inspection Passed,2023-06-14T05:51:00Z,commercial_document,FF-R-00015495,USR-118,"[""FF-CUSTOMER-001215"",""FF-WORKORDER-000215""]"
FF-CUSTOMER-001243,Final Inspection Passed,2023-06-14T15:07:00Z,commercial_document,FF-R-00015527,USR-086,"[""FF-CUSTOMER-001243"",""FF-WORKORDER-000243""]"
FF-CUSTOMER-001220,Final Inspection Failed,2023-06-14T19:00:00Z,engineering_execution,FF-R-00015549,USR-077,"[""FF-CUSTOMER-001220"",""FF-OPERATION-000220"",""FF-GOODSRECEIPT-000220""]"
FF-CUSTOMER-001220,Rework Ordered,2023-06-14T19:37:00Z,fulfilment_record,FF-R-00015550,USR-074,"[""FF-CUSTOMER-001220"",""FF-ENGINEERINGCHANGE-000220""]"
FF-CUSTOMER-001220,Rework Completed,2023-06-14T20:14:00Z,finance_posting,FF-R-00015551,USR-075,"[""FF-CUSTOMER-001220"",""FF-BOMREVISION-000220"",""FF-PURCHASEORDERLINE-000220""]"
FF-CUSTOMER-001220,Final Inspection Passed,2023-06-14T20:51:00Z,commercial_document,FF-R-00015552,USR-076,"[""FF-CUSTOMER-001220"",""FF-WORKORDER-000220""]"
FF-CUSTOMER-001247,Rework Completed,2023-06-14T21:10:00Z,finance_posting,FF-R-00015554,USR-026,"[""FF-CUSTOMER-001247"",""FF-BOMREVISION-000247""]"
FF-CUSTOMER-001249,Rework Ordered,2023-06-14T21:11:00Z,fulfilment_record,FF-R-00015555,USR-059,"[""FF-CUSTOMER-001249"",""FF-ENGINEERINGCHANGE-000249""]"
FF-CUSTOMER-001225,Final Inspection Failed,2023-06-15T10:00:00Z,engineering_execution,FF-R-00015612,USR-035,"[""FF-CUSTOMER-001225"",""FF-OPERATION-000225""]"
FF-CUSTOMER-001225,Rework Ordered,2023-06-15T10:37:00Z,fulfilment_record,FF-R-00015613,USR-032,"[""FF-CUSTOMER-001225"",""FF-ENGINEERINGCHANGE-000225"",""FF-PURCHASEORDER-000225""]"
FF-CUSTOMER-001225,Rework Completed,2023-06-15T11:14:00Z,finance_posting,FF-R-00015614,USR-033,"[""FF-CUSTOMER-001225"",""FF-BOMREVISION-000225""]"
FF-CUSTOMER-001225,Final Inspection Passed,2023-06-15T11:51:00Z,commercial_document,FF-R-00015615,USR-034,"[""FF-CUSTOMER-001225"",""FF-WORKORDER-000225"",""FF-SUPPLIER-000225""]"
FF-CUSTOMER-001230,Final Inspection Failed,2023-06-16T01:00:00Z,engineering_execution,FF-R-00015669,USR-120,"[""FF-CUSTOMER-001230"",""FF-OPERATION-000230"",""FF-GOODSRECEIPT-000230""]"
FF-CUSTOMER-001230,Rework Ordered,2023-06-16T01:37:00Z,fulfilment_record,FF-R-00015670,USR-117,"[""FF-CUSTOMER-001230"",""FF-ENGINEERINGCHANGE-000230""]"
FF-CUSTOMER-001230,Rework Completed,2023-06-16T02:14:00Z,finance_posting,FF-R-00015671,USR-118,"[""FF-CUSTOMER-001230"",""FF-BOMREVISION-000230"",""FF-PURCHASEORDERLINE-000230""]"
FF-CUSTOMER-001230,Final Inspection Passed,2023-06-16T02:51:00Z,commercial_document,FF-R-00015672,USR-119,"[""FF-CUSTOMER-001230"",""FF-WORKORDER-000230""]"
FF-CUSTOMER-001255,Final Inspection Failed,2023-06-16T09:20:00Z,engineering_execution,FF-R-00015699,USR-037,"[""FF-CUSTOMER-001255"",""FF-OPERATION-000255""]"
FF-CUSTOMER-001235,Final Inspection Failed,2023-06-16T16:00:00Z,engineering_execution,FF-R-00015732,USR-078,"[""FF-CUSTOMER-001235"",""FF-OPERATION-000235"",""FF-GOODSRECEIPT-000235""]"
FF-CUSTOMER-001235,Rework Ordered,2023-06-16T16:37:00Z,fulfilment_record,FF-R-00015733,USR-075,"[""FF-CUSTOMER-001235"",""FF-ENGINEERINGCHANGE-000235""]"
FF-CUSTOMER-001235,Rework Completed,2023-06-16T17:14:00Z,finance_posting,FF-R-00015734,USR-076,"[""FF-CUSTOMER-001235"",""FF-BOMREVISION-000235"",""FF-PURCHASEORDERLINE-000235""]"
FF-CUSTOMER-001235,Final Inspection Passed,2023-06-16T17:51:00Z,commercial_document,FF-R-00015735,USR-077,"[""FF-CUSTOMER-001235"",""FF-WORKORDER-000235""]"
FF-CUSTOMER-001268,Rework Ordered,2023-06-17T06:30:00Z,fulfilment_record,FF-R-00015790,USR-001,"[""FF-CUSTOMER-001268"",""FF-ENGINEERINGCHANGE-000268"",""FF-PURCHASEORDER-000268""]"
FF-CUSTOMER-001240,Final Inspection Failed,2023-06-17T07:00:00Z,engineering_execution,FF-R-00015792,USR-036,"[""FF-CUSTOMER-001240"",""FF-OPERATION-000240"",""FF-GOODSRECEIPT-000240""]"
FF-CUSTOMER-001240,Rework Ordered,2023-06-17T07:37:00Z,fulfilment_record,FF-R-00015793,USR-033,"[""FF-CUSTOMER-001240"",""FF-ENGINEERINGCHANGE-000240""]"
FF-CUSTOMER-001240,Rework Completed,2023-06-17T08:14:00Z,finance_posting,FF-R-00015794,USR-034,"[""FF-CUSTOMER-001240"",""FF-BOMREVISION-000240"",""FF-PURCHASEORDERLINE-000240""]"
FF-CUSTOMER-001240,Final Inspection Passed,2023-06-17T08:51:00Z,commercial_document,FF-R-00015795,USR-035,"[""FF-CUSTOMER-001240"",""FF-WORKORDER-000240""]"
FF-CUSTOMER-001270,Rework Completed,2023-06-17T18:33:00Z,finance_posting,FF-R-00015838,USR-036,"[""FF-CUSTOMER-001270"",""FF-BOMREVISION-000270"",""FF-PURCHASEORDERLINE-000270""]"
FF-CUSTOMER-001245,Final Inspection Failed,2023-06-17T22:00:00Z,engineering_execution,FF-R-00015851,USR-121,"[""FF-CUSTOMER-001245"",""FF-OPERATION-000245"",""FF-GOODSRECEIPT-000245""]"
FF-CUSTOMER-001245,Rework Ordered,2023-06-17T22:37:00Z,fulfilment_record,FF-R-00015852,USR-118,"[""FF-CUSTOMER-001245"",""FF-ENGINEERINGCHANGE-000245""]"
FF-CUSTOMER-001245,Rework Completed,2023-06-17T23:14:00Z,finance_posting,FF-R-00015853,USR-119,"[""FF-CUSTOMER-001245"",""FF-BOMREVISION-000245"",""FF-PURCHASEORDERLINE-000245""]"
FF-CUSTOMER-001245,Final Inspection Passed,2023-06-17T23:51:00Z,commercial_document,FF-R-00015854,USR-120,"[""FF-CUSTOMER-001245"",""FF-WORKORDER-000245""]"
FF-CUSTOMER-001272,Final Inspection Passed,2023-06-18T06:36:00Z,commercial_document,FF-R-00015890,USR-071,"[""FF-CUSTOMER-001272"",""FF-WORKORDER-000272""]"
FF-CUSTOMER-001250,Final Inspection Failed,2023-06-18T13:00:00Z,engineering_execution,FF-R-00015913,USR-079,"[""FF-CUSTOMER-001250"",""FF-OPERATION-000250""]"
FF-CUSTOMER-001250,Rework Ordered,2023-06-18T13:37:00Z,fulfilment_record,FF-R-00015914,USR-076,"[""FF-CUSTOMER-001250"",""FF-ENGINEERINGCHANGE-000250""]"
FF-CUSTOMER-001250,Rework Completed,2023-06-18T14:14:00Z,finance_posting,FF-R-00015915,USR-077,"[""FF-CUSTOMER-001250"",""FF-BOMREVISION-000250""]"
FF-CUSTOMER-001250,Final Inspection Passed,2023-06-18T14:51:00Z,commercial_document,FF-R-00015916,USR-078,"[""FF-CUSTOMER-001250"",""FF-WORKORDER-000250"",""FF-SUPPLIER-000250""]"
FF-CUSTOMER-001255,Final Inspection Failed,2023-06-19T04:00:00Z,engineering_execution,FF-R-00015970,USR-037,"[""FF-CUSTOMER-001255"",""FF-OPERATION-000255"",""FF-GOODSRECEIPT-000255""]"
FF-CUSTOMER-001255,Rework Ordered,2023-06-19T04:37:00Z,fulfilment_record,FF-R-00015971,USR-034,"[""FF-CUSTOMER-001255"",""FF-ENGINEERINGCHANGE-000255""]"
FF-CUSTOMER-001255,Rework Completed,2023-06-19T05:14:00Z,finance_posting,FF-R-00015972,USR-035,"[""FF-CUSTOMER-001255"",""FF-BOMREVISION-000255"",""FF-PURCHASEORDERLINE-000255""]"
FF-CUSTOMER-001255,Final Inspection Passed,2023-06-19T05:51:00Z,commercial_document,FF-R-00015973,USR-036,"[""FF-CUSTOMER-001255"",""FF-WORKORDER-000255""]"
FF-CUSTOMER-001287,Rework Ordered,2023-06-19T15:49:00Z,fulfilment_record,FF-R-00016019,USR-070,"[""FF-CUSTOMER-001287"",""FF-ENGINEERINGCHANGE-000287"",""FF-PURCHASEORDER-000287""]"
FF-CUSTOMER-001260,Final Inspection Failed,2023-06-19T19:00:00Z,engineering_execution,FF-R-00016033,USR-122,"[""FF-CUSTOMER-001260"",""FF-OPERATION-000260"",""FF-GOODSRECEIPT-000260""]"
FF-CUSTOMER-001260,Rework Ordered,2023-06-19T19:37:00Z,fulfilment_record,FF-R-00016034,USR-119,"[""FF-CUSTOMER-001260"",""FF-ENGINEERINGCHANGE-000260""]"
FF-CUSTOMER-001260,Rework Completed,2023-06-19T20:14:00Z,finance_posting,FF-R-00016035,USR-120,"[""FF-CUSTOMER-001260"",""FF-BOMREVISION-000260"",""FF-PURCHASEORDERLINE-000260""]"
FF-CUSTOMER-001260,Final Inspection Passed,2023-06-19T20:51:00Z,commercial_document,FF-R-00016036,USR-121,"[""FF-CUSTOMER-001260"",""FF-WORKORDER-000260""]"
FF-CUSTOMER-001286,Final Inspection Failed,2023-06-20T06:51:00Z,engineering_execution,FF-R-00016080,USR-056,"[""FF-CUSTOMER-001286"",""FF-OPERATION-000286"",""FF-GOODSRECEIPT-000286""]"
FF-CUSTOMER-001265,Final Inspection Failed,2023-06-20T10:00:00Z,engineering_execution,FF-R-00016091,USR-080,"[""FF-CUSTOMER-001265"",""FF-OPERATION-000265"",""FF-GOODSRECEIPT-000265""]"
FF-CUSTOMER-001265,Rework Ordered,2023-06-20T10:37:00Z,fulfilment_record,FF-R-00016092,USR-077,"[""FF-CUSTOMER-001265"",""FF-ENGINEERINGCHANGE-000265""]"
FF-CUSTOMER-001265,Rework Completed,2023-06-20T11:14:00Z,finance_posting,FF-R-00016093,USR-078,"[""FF-CUSTOMER-001265"",""FF-BOMREVISION-000265"",""FF-PURCHASEORDERLINE-000265""]"
FF-CUSTOMER-001265,Final Inspection Passed,2023-06-20T11:51:00Z,commercial_document,FF-R-00016094,USR-079,"[""FF-CUSTOMER-001265"",""FF-WORKORDER-000265""]"
FF-CUSTOMER-001293,Rework Completed,2023-06-20T15:03:00Z,finance_posting,FF-R-00016104,USR-046,"[""FF-CUSTOMER-001293"",""FF-BOMREVISION-000293""]"
FF-CUSTOMER-001270,Final Inspection Failed,2023-06-21T01:00:00Z,engineering_execution,FF-R-00016153,USR-038,"[""FF-CUSTOMER-001270"",""FF-OPERATION-000270""]"
FF-CUSTOMER-001270,Rework Ordered,2023-06-21T01:37:00Z,fulfilment_record,FF-R-00016154,USR-035,"[""FF-CUSTOMER-001270"",""FF-ENGINEERINGCHANGE-000270"",""FF-PURCHASEORDER-000270""]"
FF-CUSTOMER-001270,Rework Completed,2023-06-21T02:14:00Z,finance_posting,FF-R-00016155,USR-036,"[""FF-CUSTOMER-001270"",""FF-BOMREVISION-000270""]"
FF-CUSTOMER-001270,Final Inspection Passed,2023-06-21T02:51:00Z,commercial_document,FF-R-00016156,USR-037,"[""FF-CUSTOMER-001270"",""FF-WORKORDER-000270"",""FF-SUPPLIER-000270""]"
FF-CUSTOMER-001275,Final Inspection Failed,2023-06-21T16:00:00Z,engineering_execution,FF-R-00016213,USR-123,"[""FF-CUSTOMER-001275"",""FF-OPERATION-000275""]"
FF-CUSTOMER-001275,Rework Ordered,2023-06-21T16:37:00Z,fulfilment_record,FF-R-00016214,USR-120,"[""FF-CUSTOMER-001275"",""FF-ENGINEERINGCHANGE-000275"",""FF-PURCHASEORDER-000275""]"
FF-CUSTOMER-001275,Rework Completed,2023-06-21T17:14:00Z,finance_posting,FF-R-00016215,USR-121,"[""FF-CUSTOMER-001275"",""FF-BOMREVISION-000275""]"
FF-CUSTOMER-001275,Final Inspection Passed,2023-06-21T17:51:00Z,commercial_document,FF-R-00016216,USR-122,"[""FF-CUSTOMER-001275"",""FF-WORKORDER-000275""]"
FF-CUSTOMER-001301,Final Inspection Passed,2023-06-21T21:12:00Z,commercial_document,FF-R-00016229,USR-056,"[""FF-CUSTOMER-001301"",""FF-WORKORDER-000301""]"
FF-CUSTOMER-001306,Rework Ordered,2023-06-22T00:15:00Z,fulfilment_record,FF-R-00016241,USR-012,"[""FF-CUSTOMER-001306"",""FF-ENGINEERINGCHANGE-000306"",""FF-PURCHASEORDER-000306""]"
FF-CUSTOMER-001280,Final Inspection Failed,2023-06-22T07:00:00Z,engineering_execution,FF-R-00016273,USR-081,"[""FF-CUSTOMER-001280"",""FF-OPERATION-000280""]"
FF-CUSTOMER-001280,Rework Ordered,2023-06-22T07:37:00Z,fulfilment_record,FF-R-00016274,USR-078,"[""FF-CUSTOMER-001280"",""FF-ENGINEERINGCHANGE-000280"",""FF-PURCHASEORDER-000280""]"
FF-CUSTOMER-001280,Rework Completed,2023-06-22T08:14:00Z,finance_posting,FF-R-00016275,USR-079,"[""FF-CUSTOMER-001280"",""FF-BOMREVISION-000280""]"
FF-CUSTOMER-001280,Final Inspection Passed,2023-06-22T08:51:00Z,commercial_document,FF-R-00016276,USR-080,"[""FF-CUSTOMER-001280"",""FF-WORKORDER-000280"",""FF-SUPPLIER-000280""]"
FF-CUSTOMER-001285,Final Inspection Failed,2023-06-22T22:00:00Z,engineering_execution,FF-R-00016331,USR-039,"[""FF-CUSTOMER-001285"",""FF-OPERATION-000285"",""FF-GOODSRECEIPT-000285""]"
FF-CUSTOMER-001285,Rework Ordered,2023-06-22T22:37:00Z,fulfilment_record,FF-R-00016332,USR-036,"[""FF-CUSTOMER-001285"",""FF-ENGINEERINGCHANGE-000285""]"
FF-CUSTOMER-001285,Rework Completed,2023-06-22T23:14:00Z,finance_posting,FF-R-00016333,USR-037,"[""FF-CUSTOMER-001285"",""FF-BOMREVISION-000285"",""FF-PURCHASEORDERLINE-000285""]"
FF-CUSTOMER-001285,Final Inspection Passed,2023-06-22T23:51:00Z,commercial_document,FF-R-00016334,USR-038,"[""FF-CUSTOMER-001285"",""FF-WORKORDER-000285""]"
FF-CUSTOMER-001316,Rework Completed,2023-06-23T12:26:00Z,finance_posting,FF-R-00016390,USR-056,"[""FF-CUSTOMER-001316"",""FF-BOMREVISION-000316"",""FF-PURCHASEORDERLINE-000316""]"
FF-CUSTOMER-001290,Final Inspection Failed,2023-06-23T13:00:00Z,engineering_execution,FF-R-00016396,USR-124,"[""FF-CUSTOMER-001290"",""FF-OPERATION-000290""]"
FF-CUSTOMER-001290,Rework Ordered,2023-06-23T13:37:00Z,fulfilment_record,FF-R-00016397,USR-121,"[""FF-CUSTOMER-001290"",""FF-ENGINEERINGCHANGE-000290""]"
FF-CUSTOMER-001290,Rework Completed,2023-06-23T14:14:00Z,finance_posting,FF-R-00016398,USR-122,"[""FF-CUSTOMER-001290"",""FF-BOMREVISION-000290""]"
FF-CUSTOMER-001290,Final Inspection Passed,2023-06-23T14:51:00Z,commercial_document,FF-R-00016399,USR-123,"[""FF-CUSTOMER-001290"",""FF-WORKORDER-000290"",""FF-SUPPLIER-000290""]"
FF-CUSTOMER-001317,Final Inspection Failed,2023-06-24T03:29:00Z,engineering_execution,FF-R-00016452,USR-075,"[""FF-CUSTOMER-001317"",""FF-OPERATION-000317""]"
FF-CUSTOMER-001295,Final Inspection Failed,2023-06-24T04:00:00Z,engineering_execution,FF-R-00016453,USR-082,"[""FF-CUSTOMER-001295"",""FF-OPERATION-000295"",""FF-GOODSRECEIPT-000295""]"
FF-CUSTOMER-001295,Rework Ordered,2023-06-24T04:37:00Z,fulfilment_record,FF-R-00016454,USR-079,"[""FF-CUSTOMER-001295"",""FF-ENGINEERINGCHANGE-000295""]"
FF-CUSTOMER-001295,Rework Completed,2023-06-24T05:14:00Z,finance_posting,FF-R-00016455,USR-080,"[""FF-CUSTOMER-001295"",""FF-BOMREVISION-000295"",""FF-PURCHASEORDERLINE-000295""]"
FF-CUSTOMER-001295,Final Inspection Passed,2023-06-24T05:51:00Z,commercial_document,FF-R-00016456,USR-081,"[""FF-CUSTOMER-001295"",""FF-WORKORDER-000295""]"
FF-CUSTOMER-001325,Rework Ordered,2023-06-24T09:34:00Z,fulfilment_record,FF-R-00016477,USR-081,"[""FF-CUSTOMER-001325"",""FF-ENGINEERINGCHANGE-000325"",""FF-PURCHASEORDER-000325""]"
FF-CUSTOMER-001300,Final Inspection Failed,2023-06-24T19:00:00Z,engineering_execution,FF-R-00016510,USR-040,"[""FF-CUSTOMER-001300"",""FF-OPERATION-000300""]"
FF-CUSTOMER-001300,Rework Ordered,2023-06-24T19:37:00Z,fulfilment_record,FF-R-00016511,USR-037,"[""FF-CUSTOMER-001300"",""FF-ENGINEERINGCHANGE-000300""]"
FF-CUSTOMER-001300,Rework Completed,2023-06-24T20:14:00Z,finance_posting,FF-R-00016512,USR-038,"[""FF-CUSTOMER-001300"",""FF-BOMREVISION-000300""]"
FF-CUSTOMER-001300,Final Inspection Passed,2023-06-24T20:51:00Z,commercial_document,FF-R-00016513,USR-039,"[""FF-CUSTOMER-001300"",""FF-WORKORDER-000300"",""FF-SUPPLIER-000300""]"
FF-CUSTOMER-001305,Final Inspection Failed,2023-06-25T10:00:00Z,engineering_execution,FF-R-00016574,USR-125,"[""FF-CUSTOMER-001305"",""FF-OPERATION-000305"",""FF-GOODSRECEIPT-000305""]"
FF-CUSTOMER-001305,Rework Ordered,2023-06-25T10:37:00Z,fulfilment_record,FF-R-00016575,USR-122,"[""FF-CUSTOMER-001305"",""FF-ENGINEERINGCHANGE-000305""]"
FF-CUSTOMER-001305,Rework Completed,2023-06-25T11:14:00Z,finance_posting,FF-R-00016576,USR-123,"[""FF-CUSTOMER-001305"",""FF-BOMREVISION-000305"",""FF-PURCHASEORDERLINE-000305""]"
FF-CUSTOMER-001305,Final Inspection Passed,2023-06-25T11:51:00Z,commercial_document,FF-R-00016577,USR-124,"[""FF-CUSTOMER-001305"",""FF-WORKORDER-000305""]"
FF-CUSTOMER-001330,Final Inspection Passed,2023-06-25T12:41:00Z,commercial_document,FF-R-00016589,USR-041,"[""FF-CUSTOMER-001330"",""FF-WORKORDER-000330""]"
FF-CUSTOMER-001310,Final Inspection Failed,2023-06-26T01:00:00Z,engineering_execution,FF-R-00016632,USR-083,"[""FF-CUSTOMER-001310"",""FF-OPERATION-000310""]"
FF-CUSTOMER-001310,Rework Ordered,2023-06-26T01:37:00Z,fulfilment_record,FF-R-00016633,USR-080,"[""FF-CUSTOMER-001310"",""FF-ENGINEERINGCHANGE-000310"",""FF-PURCHASEORDER-000310""]"
FF-CUSTOMER-001310,Rework Completed,2023-06-26T02:14:00Z,finance_posting,FF-R-00016634,USR-081,"[""FF-CUSTOMER-001310"",""FF-BOMREVISION-000310""]"
FF-CUSTOMER-001310,Final Inspection Passed,2023-06-26T02:51:00Z,commercial_document,FF-R-00016635,USR-082,"[""FF-CUSTOMER-001310"",""FF-WORKORDER-000310"",""FF-SUPPLIER-000310""]"
FF-CUSTOMER-001339,Rework Completed,2023-06-26T09:49:00Z,finance_posting,FF-R-00016674,USR-066,"[""FF-CUSTOMER-001339"",""FF-BOMREVISION-000339""]"
FF-CUSTOMER-001315,Final Inspection Failed,2023-06-26T16:00:00Z,engineering_execution,FF-R-00016694,USR-041,"[""FF-CUSTOMER-001315"",""FF-OPERATION-000315""]"
FF-CUSTOMER-001315,Rework Ordered,2023-06-26T16:37:00Z,fulfilment_record,FF-R-00016695,USR-038,"[""FF-CUSTOMER-001315"",""FF-ENGINEERINGCHANGE-000315"",""FF-PURCHASEORDER-000315""]"
FF-CUSTOMER-001315,Rework Completed,2023-06-26T17:14:00Z,finance_posting,FF-R-00016696,USR-039,"[""FF-CUSTOMER-001315"",""FF-BOMREVISION-000315""]"
FF-CUSTOMER-001315,Final Inspection Passed,2023-06-26T17:51:00Z,commercial_document,FF-R-00016697,USR-040,"[""FF-CUSTOMER-001315"",""FF-WORKORDER-000315"",""FF-SUPPLIER-000315""]"
FF-CUSTOMER-001344,Rework Ordered,2023-06-26T18:00:00Z,fulfilment_record,FF-R-00016698,USR-023,"[""FF-CUSTOMER-001344"",""FF-ENGINEERINGCHANGE-000344""]"
FF-CUSTOMER-001320,Final Inspection Failed,2023-06-27T07:00:00Z,engineering_execution,FF-R-00016754,USR-126,"[""FF-CUSTOMER-001320"",""FF-OPERATION-000320"",""FF-GOODSRECEIPT-000320""]"
FF-CUSTOMER-001320,Rework Ordered,2023-06-27T07:37:00Z,fulfilment_record,FF-R-00016755,USR-123,"[""FF-CUSTOMER-001320"",""FF-ENGINEERINGCHANGE-000320""]"
FF-CUSTOMER-001320,Rework Completed,2023-06-27T08:14:00Z,finance_posting,FF-R-00016756,USR-124,"[""FF-CUSTOMER-001320"",""FF-BOMREVISION-000320"",""FF-PURCHASEORDERLINE-000320""]"
FF-CUSTOMER-001320,Final Inspection Passed,2023-06-27T08:51:00Z,commercial_document,FF-R-00016757,USR-125,"[""FF-CUSTOMER-001320"",""FF-WORKORDER-000320""]"
FF-CUSTOMER-001325,Final Inspection Failed,2023-06-27T22:00:00Z,engineering_execution,FF-R-00016816,USR-084,"[""FF-CUSTOMER-001325"",""FF-OPERATION-000325""]"
FF-CUSTOMER-001325,Rework Ordered,2023-06-27T22:37:00Z,fulfilment_record,FF-R-00016817,USR-081,"[""FF-CUSTOMER-001325"",""FF-ENGINEERINGCHANGE-000325""]"
FF-CUSTOMER-001325,Rework Completed,2023-06-27T23:14:00Z,finance_posting,FF-R-00016818,USR-082,"[""FF-CUSTOMER-001325"",""FF-BOMREVISION-000325""]"
FF-CUSTOMER-001325,Final Inspection Passed,2023-06-27T23:51:00Z,commercial_document,FF-R-00016819,USR-083,"[""FF-CUSTOMER-001325"",""FF-WORKORDER-000325"",""FF-SUPPLIER-000325""]"
FF-CUSTOMER-001348,Final Inspection Failed,2023-06-28T00:07:00Z,engineering_execution,FF-R-00016820,USR-094,"[""FF-CUSTOMER-001348"",""FF-OPERATION-000348""]"
FF-CUSTOMER-001330,Final Inspection Failed,2023-06-28T13:00:00Z,engineering_execution,FF-R-00016874,USR-042,"[""FF-CUSTOMER-001330"",""FF-OPERATION-000330"",""FF-GOODSRECEIPT-000330""]"
FF-CUSTOMER-001330,Rework Ordered,2023-06-28T13:37:00Z,fulfilment_record,FF-R-00016875,USR-039,"[""FF-CUSTOMER-001330"",""FF-ENGINEERINGCHANGE-000330""]"
FF-CUSTOMER-001330,Rework Completed,2023-06-28T14:14:00Z,finance_posting,FF-R-00016876,USR-040,"[""FF-CUSTOMER-001330"",""FF-BOMREVISION-000330"",""FF-PURCHASEORDERLINE-000330""]"
FF-CUSTOMER-001330,Final Inspection Passed,2023-06-28T14:51:00Z,commercial_document,FF-R-00016877,USR-041,"[""FF-CUSTOMER-001330"",""FF-WORKORDER-000330""]"
FF-CUSTOMER-001359,Final Inspection Passed,2023-06-29T03:17:00Z,commercial_document,FF-R-00016925,USR-026,"[""FF-CUSTOMER-001359"",""FF-WORKORDER-000359"",""FF-SUPPLIER-000359""]"
FF-CUSTOMER-001363,Rework Ordered,2023-06-29T03:19:00Z,fulfilment_record,FF-R-00016926,USR-092,"[""FF-CUSTOMER-001363"",""FF-ENGINEERINGCHANGE-000363"",""FF-PURCHASEORDER-000363""]"
FF-CUSTOMER-001335,Final Inspection Failed,2023-06-29T04:00:00Z,engineering_execution,FF-R-00016935,USR-127,"[""FF-CUSTOMER-001335"",""FF-OPERATION-000335"",""FF-GOODSRECEIPT-000335""]"
FF-CUSTOMER-001335,Rework Ordered,2023-06-29T04:37:00Z,fulfilment_record,FF-R-00016936,USR-124,"[""FF-CUSTOMER-001335"",""FF-ENGINEERINGCHANGE-000335""]"
FF-CUSTOMER-001335,Rework Completed,2023-06-29T05:14:00Z,finance_posting,FF-R-00016937,USR-125,"[""FF-CUSTOMER-001335"",""FF-BOMREVISION-000335"",""FF-PURCHASEORDERLINE-000335""]"
FF-CUSTOMER-001335,Final Inspection Passed,2023-06-29T05:51:00Z,commercial_document,FF-R-00016938,USR-126,"[""FF-CUSTOMER-001335"",""FF-WORKORDER-000335""]"
FF-CUSTOMER-001362,Rework Completed,2023-06-29T06:19:00Z,finance_posting,FF-R-00016942,USR-076,"[""FF-CUSTOMER-001362"",""FF-BOMREVISION-000362""]"
FF-CUSTOMER-001340,Final Inspection Failed,2023-06-29T19:00:00Z,engineering_execution,FF-R-00016996,USR-085,"[""FF-CUSTOMER-001340"",""FF-OPERATION-000340"",""FF-GOODSRECEIPT-000340""]"
FF-CUSTOMER-001340,Rework Ordered,2023-06-29T19:37:00Z,fulfilment_record,FF-R-00016997,USR-082,"[""FF-CUSTOMER-001340"",""FF-ENGINEERINGCHANGE-000340""]"
FF-CUSTOMER-001340,Rework Completed,2023-06-29T20:14:00Z,finance_posting,FF-R-00016998,USR-083,"[""FF-CUSTOMER-001340"",""FF-BOMREVISION-000340"",""FF-PURCHASEORDERLINE-000340""]"
FF-CUSTOMER-001340,Final Inspection Passed,2023-06-29T20:51:00Z,commercial_document,FF-R-00016999,USR-084,"[""FF-CUSTOMER-001340"",""FF-WORKORDER-000340""]"
FF-CUSTOMER-001345,Final Inspection Failed,2023-06-30T10:00:00Z,engineering_execution,FF-R-00017055,USR-043,"[""FF-CUSTOMER-001345"",""FF-OPERATION-000345"",""FF-GOODSRECEIPT-000345""]"
FF-CUSTOMER-001345,Rework Ordered,2023-06-30T10:37:00Z,fulfilment_record,FF-R-00017056,USR-040,"[""FF-CUSTOMER-001345"",""FF-ENGINEERINGCHANGE-000345""]"
FF-CUSTOMER-001345,Rework Completed,2023-06-30T11:14:00Z,finance_posting,FF-R-00017057,USR-041,"[""FF-CUSTOMER-001345"",""FF-BOMREVISION-000345"",""FF-PURCHASEORDERLINE-000345""]"
FF-CUSTOMER-001345,Final Inspection Passed,2023-06-30T11:51:00Z,commercial_document,FF-R-00017058,USR-042,"[""FF-CUSTOMER-001345"",""FF-WORKORDER-000345""]"
FF-CUSTOMER-001350,Final Inspection Failed,2023-07-01T01:00:00Z,engineering_execution,FF-R-00017114,USR-001,"[""FF-CUSTOMER-001350"",""FF-OPERATION-000350""]"
FF-CUSTOMER-001350,Rework Ordered,2023-07-01T01:37:00Z,fulfilment_record,FF-R-00017115,USR-125,"[""FF-CUSTOMER-001350"",""FF-ENGINEERINGCHANGE-000350""]"
FF-CUSTOMER-001350,Rework Completed,2023-07-01T02:14:00Z,finance_posting,FF-R-00017116,USR-126,"[""FF-CUSTOMER-001350"",""FF-BOMREVISION-000350""]"
FF-CUSTOMER-001350,Final Inspection Passed,2023-07-01T02:51:00Z,commercial_document,FF-R-00017117,USR-127,"[""FF-CUSTOMER-001350"",""FF-WORKORDER-000350"",""FF-SUPPLIER-000350""]"
FF-CUSTOMER-001382,Rework Ordered,2023-07-01T12:38:00Z,fulfilment_record,FF-R-00017163,USR-034,"[""FF-CUSTOMER-001382"",""FF-ENGINEERINGCHANGE-000382"",""FF-PURCHASEORDER-000382""]"
FF-CUSTOMER-001355,Final Inspection Failed,2023-07-01T16:00:00Z,engineering_execution,FF-R-00017174,USR-086,"[""FF-CUSTOMER-001355"",""FF-OPERATION-000355""]"
FF-CUSTOMER-001355,Rework Ordered,2023-07-01T16:37:00Z,fulfilment_record,FF-R-00017175,USR-083,"[""FF-CUSTOMER-001355"",""FF-ENGINEERINGCHANGE-000355""]"
FF-CUSTOMER-001355,Rework Completed,2023-07-01T17:14:00Z,finance_posting,FF-R-00017176,USR-084,"[""FF-CUSTOMER-001355"",""FF-BOMREVISION-000355""]"
FF-CUSTOMER-001355,Final Inspection Passed,2023-07-01T17:51:00Z,commercial_document,FF-R-00017177,USR-085,"[""FF-CUSTOMER-001355"",""FF-WORKORDER-000355"",""FF-SUPPLIER-000355""]"
FF-CUSTOMER-001379,Final Inspection Failed,2023-07-01T21:38:00Z,engineering_execution,FF-R-00017200,USR-113,"[""FF-CUSTOMER-001379"",""FF-OPERATION-000379""]"
FF-CUSTOMER-001385,Rework Completed,2023-07-02T03:42:00Z,finance_posting,FF-R-00017223,USR-086,"[""FF-CUSTOMER-001385"",""FF-BOMREVISION-000385"",""FF-PURCHASEORDERLINE-000385""]"
FF-CUSTOMER-001360,Final Inspection Failed,2023-07-02T07:00:00Z,engineering_execution,FF-R-00017237,USR-044,"[""FF-CUSTOMER-001360"",""FF-OPERATION-000360"",""FF-GOODSRECEIPT-000360""]"
FF-CUSTOMER-001360,Rework Ordered,2023-07-02T07:37:00Z,fulfilment_record,FF-R-00017238,USR-041,"[""FF-CUSTOMER-001360"",""FF-ENGINEERINGCHANGE-000360""]"
FF-CUSTOMER-001360,Rework Completed,2023-07-02T08:14:00Z,finance_posting,FF-R-00017239,USR-042,"[""FF-CUSTOMER-001360"",""FF-BOMREVISION-000360"",""FF-PURCHASEORDERLINE-000360""]"
FF-CUSTOMER-001360,Final Inspection Passed,2023-07-02T08:51:00Z,commercial_document,FF-R-00017240,USR-043,"[""FF-CUSTOMER-001360"",""FF-WORKORDER-000360""]"
FF-CUSTOMER-001388,Final Inspection Passed,2023-07-02T18:46:00Z,commercial_document,FF-R-00017284,USR-011,"[""FF-CUSTOMER-001388"",""FF-WORKORDER-000388""]"
FF-CUSTOMER-001365,Final Inspection Failed,2023-07-02T22:00:00Z,engineering_execution,FF-R-00017295,USR-002,"[""FF-CUSTOMER-001365"",""FF-OPERATION-000365"",""FF-GOODSRECEIPT-000365""]"
FF-CUSTOMER-001365,Rework Ordered,2023-07-02T22:37:00Z,fulfilment_record,FF-R-00017296,USR-126,"[""FF-CUSTOMER-001365"",""FF-ENGINEERINGCHANGE-000365""]"
FF-CUSTOMER-001365,Rework Completed,2023-07-02T23:14:00Z,finance_posting,FF-R-00017297,USR-127,"[""FF-CUSTOMER-001365"",""FF-BOMREVISION-000365"",""FF-PURCHASEORDERLINE-000365""]"
FF-CUSTOMER-001365,Final Inspection Passed,2023-07-02T23:51:00Z,commercial_document,FF-R-00017298,USR-001,"[""FF-CUSTOMER-001365"",""FF-WORKORDER-000365""]"
FF-CUSTOMER-001370,Final Inspection Failed,2023-07-03T13:00:00Z,engineering_execution,FF-R-00017355,USR-087,"[""FF-CUSTOMER-001370"",""FF-OPERATION-000370""]"
FF-CUSTOMER-001370,Rework Ordered,2023-07-03T13:37:00Z,fulfilment_record,FF-R-00017356,USR-084,"[""FF-CUSTOMER-001370"",""FF-ENGINEERINGCHANGE-000370"",""FF-PURCHASEORDER-000370""]"
FF-CUSTOMER-001370,Rework Completed,2023-07-03T14:14:00Z,finance_posting,FF-R-00017357,USR-085,"[""FF-CUSTOMER-001370"",""FF-BOMREVISION-000370""]"
FF-CUSTOMER-001370,Final Inspection Passed,2023-07-03T14:51:00Z,commercial_document,FF-R-00017358,USR-086,"[""FF-CUSTOMER-001370"",""FF-WORKORDER-000370"",""FF-SUPPLIER-000370""]"
FF-CUSTOMER-001401,Rework Ordered,2023-07-03T21:04:00Z,fulfilment_record,FF-R-00017381,USR-103,"[""FF-CUSTOMER-001401"",""FF-ENGINEERINGCHANGE-000401"",""FF-PURCHASEORDER-000401""]"
FF-CUSTOMER-001375,Final Inspection Failed,2023-07-04T04:00:00Z,engineering_execution,FF-R-00017416,USR-045,"[""FF-CUSTOMER-001375"",""FF-OPERATION-000375"",""FF-GOODSRECEIPT-000375""]"
FF-CUSTOMER-001375,Rework Ordered,2023-07-04T04:37:00Z,fulfilment_record,FF-R-00017417,USR-042,"[""FF-CUSTOMER-001375"",""FF-ENGINEERINGCHANGE-000375""]"
FF-CUSTOMER-001375,Rework Completed,2023-07-04T05:14:00Z,finance_posting,FF-R-00017418,USR-043,"[""FF-CUSTOMER-001375"",""FF-BOMREVISION-000375"",""FF-PURCHASEORDERLINE-000375""]"
FF-CUSTOMER-001375,Final Inspection Passed,2023-07-04T05:51:00Z,commercial_document,FF-R-00017419,USR-044,"[""FF-CUSTOMER-001375"",""FF-WORKORDER-000375""]"
FF-CUSTOMER-001380,Final Inspection Failed,2023-07-04T19:00:00Z,engineering_execution,FF-R-00017477,USR-003,"[""FF-CUSTOMER-001380"",""FF-OPERATION-000380"",""FF-GOODSRECEIPT-000380""]"
FF-CUSTOMER-001380,Rework Ordered,2023-07-04T19:37:00Z,fulfilment_record,FF-R-00017478,USR-127,"[""FF-CUSTOMER-001380"",""FF-ENGINEERINGCHANGE-000380""]"
FF-CUSTOMER-001380,Rework Completed,2023-07-04T20:14:00Z,finance_posting,FF-R-00017479,USR-001,"[""FF-CUSTOMER-001380"",""FF-BOMREVISION-000380"",""FF-PURCHASEORDERLINE-000380""]"
FF-CUSTOMER-001380,Final Inspection Passed,2023-07-04T20:51:00Z,commercial_document,FF-R-00017480,USR-002,"[""FF-CUSTOMER-001380"",""FF-WORKORDER-000380""]"
FF-CUSTOMER-001408,Rework Completed,2023-07-05T00:12:00Z,finance_posting,FF-R-00017494,USR-096,"[""FF-CUSTOMER-001408"",""FF-BOMREVISION-000408""]"
FF-CUSTOMER-001385,Final Inspection Failed,2023-07-05T10:00:00Z,engineering_execution,FF-R-00017534,USR-088,"[""FF-CUSTOMER-001385"",""FF-OPERATION-000385""]"
FF-CUSTOMER-001385,Rework Ordered,2023-07-05T10:37:00Z,fulfilment_record,FF-R-00017535,USR-085,"[""FF-CUSTOMER-001385"",""FF-ENGINEERINGCHANGE-000385"",""FF-PURCHASEORDER-000385""]"
FF-CUSTOMER-001385,Rework Completed,2023-07-05T11:14:00Z,finance_posting,FF-R-00017536,USR-086,"[""FF-CUSTOMER-001385"",""FF-BOMREVISION-000385""]"
FF-CUSTOMER-001385,Final Inspection Passed,2023-07-05T11:51:00Z,commercial_document,FF-R-00017537,USR-087,"[""FF-CUSTOMER-001385"",""FF-WORKORDER-000385"",""FF-SUPPLIER-000385""]"
FF-CUSTOMER-001410,Final Inspection Failed,2023-07-05T18:16:00Z,engineering_execution,FF-R-00017561,USR-005,"[""FF-CUSTOMER-001410"",""FF-OPERATION-000410""]"
FF-CUSTOMER-001390,Final Inspection Failed,2023-07-06T01:00:00Z,engineering_execution,FF-R-00017599,USR-046,"[""FF-CUSTOMER-001390"",""FF-OPERATION-000390""]"
FF-CUSTOMER-001390,Rework Ordered,2023-07-06T01:37:00Z,fulfilment_record,FF-R-00017600,USR-043,"[""FF-CUSTOMER-001390"",""FF-ENGINEERINGCHANGE-000390""]"
FF-CUSTOMER-001390,Rework Completed,2023-07-06T02:14:00Z,finance_posting,FF-R-00017601,USR-044,"[""FF-CUSTOMER-001390"",""FF-BOMREVISION-000390""]"
FF-CUSTOMER-001390,Final Inspection Passed,2023-07-06T02:51:00Z,commercial_document,FF-R-00017602,USR-045,"[""FF-CUSTOMER-001390"",""FF-WORKORDER-000390"",""FF-SUPPLIER-000390""]"
FF-CUSTOMER-001420,Rework Ordered,2023-07-06T06:23:00Z,fulfilment_record,FF-R-00017618,USR-045,"[""FF-CUSTOMER-001420"",""FF-ENGINEERINGCHANGE-000420"",""FF-PURCHASEORDER-000420""]"
FF-CUSTOMER-001417,Final Inspection Passed,2023-07-06T09:22:00Z,commercial_document,FF-R-00017630,USR-123,"[""FF-CUSTOMER-001417"",""FF-WORKORDER-000417"",""FF-SUPPLIER-000417""]"
FF-CUSTOMER-001395,Final Inspection Failed,2023-07-06T16:00:00Z,engineering_execution,FF-R-00017657,USR-004,"[""FF-CUSTOMER-001395"",""FF-OPERATION-000395""]"
FF-CUSTOMER-001395,Rework Ordered,2023-07-06T16:37:00Z,fulfilment_record,FF-R-00017658,USR-001,"[""FF-CUSTOMER-001395"",""FF-ENGINEERINGCHANGE-000395""]"
FF-CUSTOMER-001395,Rework Completed,2023-07-06T17:14:00Z,finance_posting,FF-R-00017659,USR-002,"[""FF-CUSTOMER-001395"",""FF-BOMREVISION-000395""]"
FF-CUSTOMER-001395,Final Inspection Passed,2023-07-06T17:51:00Z,commercial_document,FF-R-00017660,USR-003,"[""FF-CUSTOMER-001395"",""FF-WORKORDER-000395"",""FF-SUPPLIER-000395""]"
FF-CUSTOMER-001400,Final Inspection Failed,2023-07-07T07:00:00Z,engineering_execution,FF-R-00017720,USR-089,"[""FF-CUSTOMER-001400"",""FF-OPERATION-000400"",""FF-GOODSRECEIPT-000400""]"
FF-CUSTOMER-001400,Rework Ordered,2023-07-07T07:37:00Z,fulfilment_record,FF-R-00017721,USR-086,"[""FF-CUSTOMER-001400"",""FF-ENGINEERINGCHANGE-000400""]"
FF-CUSTOMER-001400,Rework Completed,2023-07-07T08:14:00Z,finance_posting,FF-R-00017722,USR-087,"[""FF-CUSTOMER-001400"",""FF-BOMREVISION-000400"",""FF-PURCHASEORDERLINE-000400""]"
FF-CUSTOMER-001400,Final Inspection Passed,2023-07-07T08:51:00Z,commercial_document,FF-R-00017723,USR-088,"[""FF-CUSTOMER-001400"",""FF-WORKORDER-000400""]"
FF-CUSTOMER-001431,Rework Completed,2023-07-07T21:35:00Z,finance_posting,FF-R-00017775,USR-106,"[""FF-CUSTOMER-001431"",""FF-BOMREVISION-000431""]"
FF-CUSTOMER-001405,Final Inspection Failed,2023-07-07T22:00:00Z,engineering_execution,FF-R-00017777,USR-047,"[""FF-CUSTOMER-001405"",""FF-OPERATION-000405"",""FF-GOODSRECEIPT-000405""]"
FF-CUSTOMER-001405,Rework Ordered,2023-07-07T22:37:00Z,fulfilment_record,FF-R-00017778,USR-044,"[""FF-CUSTOMER-001405"",""FF-ENGINEERINGCHANGE-000405""]"
FF-CUSTOMER-001405,Rework Completed,2023-07-07T23:14:00Z,finance_posting,FF-R-00017779,USR-045,"[""FF-CUSTOMER-001405"",""FF-BOMREVISION-000405"",""FF-PURCHASEORDERLINE-000405""]"
FF-CUSTOMER-001405,Final Inspection Passed,2023-07-07T23:51:00Z,commercial_document,FF-R-00017780,USR-046,"[""FF-CUSTOMER-001405"",""FF-WORKORDER-000405""]"
FF-CUSTOMER-001410,Final Inspection Failed,2023-07-08T13:00:00Z,engineering_execution,FF-R-00017835,USR-005,"[""FF-CUSTOMER-001410"",""FF-OPERATION-000410""]"
FF-CUSTOMER-001410,Rework Ordered,2023-07-08T13:37:00Z,fulfilment_record,FF-R-00017836,USR-002,"[""FF-CUSTOMER-001410"",""FF-ENGINEERINGCHANGE-000410""]"
FF-CUSTOMER-001410,Rework Completed,2023-07-08T14:14:00Z,finance_posting,FF-R-00017837,USR-003,"[""FF-CUSTOMER-001410"",""FF-BOMREVISION-000410""]"
FF-CUSTOMER-001410,Final Inspection Passed,2023-07-08T14:51:00Z,commercial_document,FF-R-00017838,USR-004,"[""FF-CUSTOMER-001410"",""FF-WORKORDER-000410"",""FF-SUPPLIER-000410""]"
FF-CUSTOMER-001439,Rework Ordered,2023-07-08T15:42:00Z,fulfilment_record,FF-R-00017851,USR-114,"[""FF-CUSTOMER-001439"",""FF-ENGINEERINGCHANGE-000439""]"
FF-CUSTOMER-001415,Final Inspection Failed,2023-07-09T04:00:00Z,engineering_execution,FF-R-00017898,USR-090,"[""FF-CUSTOMER-001415"",""FF-OPERATION-000415""]"
FF-CUSTOMER-001415,Rework Ordered,2023-07-09T04:37:00Z,fulfilment_record,FF-R-00017899,USR-087,"[""FF-CUSTOMER-001415"",""FF-ENGINEERINGCHANGE-000415""]"
FF-CUSTOMER-001415,Rework Completed,2023-07-09T05:14:00Z,finance_posting,FF-R-00017900,USR-088,"[""FF-CUSTOMER-001415"",""FF-BOMREVISION-000415""]"
FF-CUSTOMER-001415,Final Inspection Passed,2023-07-09T05:51:00Z,commercial_document,FF-R-00017901,USR-089,"[""FF-CUSTOMER-001415"",""FF-WORKORDER-000415"",""FF-SUPPLIER-000415""]"
FF-CUSTOMER-001441,Final Inspection Failed,2023-07-09T15:47:00Z,engineering_execution,FF-R-00017945,USR-024,"[""FF-CUSTOMER-001441"",""FF-OPERATION-000441""]"
FF-CUSTOMER-001420,Final Inspection Failed,2023-07-09T19:00:00Z,engineering_execution,FF-R-00017955,USR-048,"[""FF-CUSTOMER-001420"",""FF-OPERATION-000420"",""FF-GOODSRECEIPT-000420""]"
FF-CUSTOMER-001420,Rework Ordered,2023-07-09T19:37:00Z,fulfilment_record,FF-R-00017956,USR-045,"[""FF-CUSTOMER-001420"",""FF-ENGINEERINGCHANGE-000420""]"
FF-CUSTOMER-001420,Rework Completed,2023-07-09T20:14:00Z,finance_posting,FF-R-00017957,USR-046,"[""FF-CUSTOMER-001420"",""FF-BOMREVISION-000420"",""FF-PURCHASEORDERLINE-000420""]"
FF-CUSTOMER-001420,Final Inspection Passed,2023-07-09T20:51:00Z,commercial_document,FF-R-00017958,USR-047,"[""FF-CUSTOMER-001420"",""FF-WORKORDER-000420""]"
FF-CUSTOMER-001446,Final Inspection Passed,2023-07-10T00:51:00Z,commercial_document,FF-R-00017986,USR-108,"[""FF-CUSTOMER-001446"",""FF-WORKORDER-000446""]"
FF-CUSTOMER-001425,Final Inspection Failed,2023-07-10T10:00:00Z,engineering_execution,FF-R-00018020,USR-006,"[""FF-CUSTOMER-001425"",""FF-OPERATION-000425""]"
FF-CUSTOMER-001425,Rework Ordered,2023-07-10T10:37:00Z,fulfilment_record,FF-R-00018021,USR-003,"[""FF-CUSTOMER-001425"",""FF-ENGINEERINGCHANGE-000425"",""FF-PURCHASEORDER-000425""]"
FF-CUSTOMER-001425,Rework Completed,2023-07-10T11:14:00Z,finance_posting,FF-R-00018022,USR-004,"[""FF-CUSTOMER-001425"",""FF-BOMREVISION-000425""]"
FF-CUSTOMER-001425,Final Inspection Passed,2023-07-10T11:51:00Z,commercial_document,FF-R-00018023,USR-005,"[""FF-CUSTOMER-001425"",""FF-WORKORDER-000425""]"
FF-CUSTOMER-001454,Rework Completed,2023-07-10T18:05:00Z,finance_posting,FF-R-00018045,USR-116,"[""FF-CUSTOMER-001454"",""FF-BOMREVISION-000454""]"
FF-CUSTOMER-001458,Rework Ordered,2023-07-11T00:08:00Z,fulfilment_record,FF-R-00018067,USR-056,"[""FF-CUSTOMER-001458"",""FF-ENGINEERINGCHANGE-000458"",""FF-PURCHASEORDER-000458""]"
FF-CUSTOMER-001430,Final Inspection Failed,2023-07-11T01:00:00Z,engineering_execution,FF-R-00018078,USR-091,"[""FF-CUSTOMER-001430"",""FF-OPERATION-000430"",""FF-GOODSRECEIPT-000430""]"
FF-CUSTOMER-001430,Rework Ordered,2023-07-11T01:37:00Z,fulfilment_record,FF-R-00018079,USR-088,"[""FF-CUSTOMER-001430"",""FF-ENGINEERINGCHANGE-000430""]"
FF-CUSTOMER-001430,Rework Completed,2023-07-11T02:14:00Z,finance_posting,FF-R-00018080,USR-089,"[""FF-CUSTOMER-001430"",""FF-BOMREVISION-000430"",""FF-PURCHASEORDERLINE-000430""]"
FF-CUSTOMER-001430,Final Inspection Passed,2023-07-11T02:51:00Z,commercial_document,FF-R-00018081,USR-090,"[""FF-CUSTOMER-001430"",""FF-WORKORDER-000430""]"
FF-CUSTOMER-001435,Final Inspection Failed,2023-07-11T16:00:00Z,engineering_execution,FF-R-00018140,USR-049,"[""FF-CUSTOMER-001435"",""FF-OPERATION-000435""]"
FF-CUSTOMER-001435,Rework Ordered,2023-07-11T16:37:00Z,fulfilment_record,FF-R-00018141,USR-046,"[""FF-CUSTOMER-001435"",""FF-ENGINEERINGCHANGE-000435"",""FF-PURCHASEORDER-000435""]"
FF-CUSTOMER-001435,Rework Completed,2023-07-11T17:14:00Z,finance_posting,FF-R-00018142,USR-047,"[""FF-CUSTOMER-001435"",""FF-BOMREVISION-000435""]"
FF-CUSTOMER-001435,Final Inspection Passed,2023-07-11T17:51:00Z,commercial_document,FF-R-00018143,USR-048,"[""FF-CUSTOMER-001435"",""FF-WORKORDER-000435"",""FF-SUPPLIER-000435""]"
FF-CUSTOMER-001440,Final Inspection Failed,2023-07-12T07:00:00Z,engineering_execution,FF-R-00018197,USR-007,"[""FF-CUSTOMER-001440"",""FF-OPERATION-000440""]"
FF-CUSTOMER-001440,Rework Ordered,2023-07-12T07:37:00Z,fulfilment_record,FF-R-00018198,USR-004,"[""FF-CUSTOMER-001440"",""FF-ENGINEERINGCHANGE-000440"",""FF-PURCHASEORDER-000440""]"
FF-CUSTOMER-001440,Rework Completed,2023-07-12T08:14:00Z,finance_posting,FF-R-00018199,USR-005,"[""FF-CUSTOMER-001440"",""FF-BOMREVISION-000440""]"
FF-CUSTOMER-001440,Final Inspection Passed,2023-07-12T08:51:00Z,commercial_document,FF-R-00018200,USR-006,"[""FF-CUSTOMER-001440"",""FF-WORKORDER-000440""]"
FF-CUSTOMER-001445,Final Inspection Failed,2023-07-12T22:00:00Z,engineering_execution,FF-R-00018262,USR-092,"[""FF-CUSTOMER-001445"",""FF-OPERATION-000445"",""FF-GOODSRECEIPT-000445""]"
FF-CUSTOMER-001445,Rework Ordered,2023-07-12T22:37:00Z,fulfilment_record,FF-R-00018263,USR-089,"[""FF-CUSTOMER-001445"",""FF-ENGINEERINGCHANGE-000445""]"
FF-CUSTOMER-001445,Rework Completed,2023-07-12T23:14:00Z,finance_posting,FF-R-00018264,USR-090,"[""FF-CUSTOMER-001445"",""FF-BOMREVISION-000445"",""FF-PURCHASEORDERLINE-000445""]"
FF-CUSTOMER-001445,Final Inspection Passed,2023-07-12T23:51:00Z,commercial_document,FF-R-00018265,USR-091,"[""FF-CUSTOMER-001445"",""FF-WORKORDER-000445""]"
FF-CUSTOMER-001477,Rework Ordered,2023-07-13T09:27:00Z,fulfilment_record,FF-R-00018304,USR-125,"[""FF-CUSTOMER-001477"",""FF-ENGINEERINGCHANGE-000477""]"
FF-CUSTOMER-001472,Final Inspection Failed,2023-07-13T12:25:00Z,engineering_execution,FF-R-00018315,USR-043,"[""FF-CUSTOMER-001472"",""FF-OPERATION-000472""]"
FF-CUSTOMER-001450,Final Inspection Failed,2023-07-13T13:00:00Z,engineering_execution,FF-R-00018319,USR-050,"[""FF-CUSTOMER-001450"",""FF-OPERATION-000450""]"
FF-CUSTOMER-001450,Rework Ordered,2023-07-13T13:37:00Z,fulfilment_record,FF-R-00018320,USR-047,"[""FF-CUSTOMER-001450"",""FF-ENGINEERINGCHANGE-000450""]"
FF-CUSTOMER-001450,Rework Completed,2023-07-13T14:14:00Z,finance_posting,FF-R-00018321,USR-048,"[""FF-CUSTOMER-001450"",""FF-BOMREVISION-000450""]"
FF-CUSTOMER-001450,Final Inspection Passed,2023-07-13T14:51:00Z,commercial_document,FF-R-00018322,USR-049,"[""FF-CUSTOMER-001450"",""FF-WORKORDER-000450"",""FF-SUPPLIER-000450""]"
FF-CUSTOMER-001475,Final Inspection Passed,2023-07-13T15:27:00Z,commercial_document,FF-R-00018331,USR-093,"[""FF-CUSTOMER-001475"",""FF-WORKORDER-000475""]"
FF-CUSTOMER-001477,Rework Completed,2023-07-13T15:28:00Z,finance_posting,FF-R-00018332,USR-126,"[""FF-CUSTOMER-001477"",""FF-BOMREVISION-000477"",""FF-PURCHASEORDERLINE-000477""]"
FF-CUSTOMER-001455,Final Inspection Failed,2023-07-14T04:00:00Z,engineering_execution,FF-R-00018379,USR-008,"[""FF-CUSTOMER-001455"",""FF-OPERATION-000455"",""FF-GOODSRECEIPT-000455""]"
FF-CUSTOMER-001455,Rework Ordered,2023-07-14T04:37:00Z,fulfilment_record,FF-R-00018380,USR-005,"[""FF-CUSTOMER-001455"",""FF-ENGINEERINGCHANGE-000455""]"
FF-CUSTOMER-001455,Rework Completed,2023-07-14T05:14:00Z,finance_posting,FF-R-00018381,USR-006,"[""FF-CUSTOMER-001455"",""FF-BOMREVISION-000455"",""FF-PURCHASEORDERLINE-000455""]"
FF-CUSTOMER-001455,Final Inspection Passed,2023-07-14T05:51:00Z,commercial_document,FF-R-00018382,USR-007,"[""FF-CUSTOMER-001455"",""FF-WORKORDER-000455""]"
FF-CUSTOMER-001460,Final Inspection Failed,2023-07-14T19:00:00Z,engineering_execution,FF-R-00018440,USR-093,"[""FF-CUSTOMER-001460"",""FF-OPERATION-000460""]"
FF-CUSTOMER-001460,Rework Ordered,2023-07-14T19:37:00Z,fulfilment_record,FF-R-00018441,USR-090,"[""FF-CUSTOMER-001460"",""FF-ENGINEERINGCHANGE-000460"",""FF-PURCHASEORDER-000460""]"
FF-CUSTOMER-001460,Rework Completed,2023-07-14T20:14:00Z,finance_posting,FF-R-00018442,USR-091,"[""FF-CUSTOMER-001460"",""FF-BOMREVISION-000460""]"
FF-CUSTOMER-001460,Final Inspection Passed,2023-07-14T20:51:00Z,commercial_document,FF-R-00018443,USR-092,"[""FF-CUSTOMER-001460"",""FF-WORKORDER-000460""]"
FF-CUSTOMER-001465,Final Inspection Failed,2023-07-15T10:00:00Z,engineering_execution,FF-R-00018499,USR-051,"[""FF-CUSTOMER-001465"",""FF-OPERATION-000465""]"
FF-CUSTOMER-001465,Rework Ordered,2023-07-15T10:37:00Z,fulfilment_record,FF-R-00018500,USR-048,"[""FF-CUSTOMER-001465"",""FF-ENGINEERINGCHANGE-000465""]"
FF-CUSTOMER-001465,Rework Completed,2023-07-15T11:14:00Z,finance_posting,FF-R-00018501,USR-049,"[""FF-CUSTOMER-001465"",""FF-BOMREVISION-000465""]"
FF-CUSTOMER-001465,Final Inspection Passed,2023-07-15T11:51:00Z,commercial_document,FF-R-00018502,USR-050,"[""FF-CUSTOMER-001465"",""FF-WORKORDER-000465"",""FF-SUPPLIER-000465""]"
FF-CUSTOMER-001496,Rework Ordered,2023-07-15T18:46:00Z,fulfilment_record,FF-R-00018539,USR-067,"[""FF-CUSTOMER-001496"",""FF-ENGINEERINGCHANGE-000496""]"
FF-CUSTOMER-001470,Final Inspection Failed,2023-07-16T01:00:00Z,engineering_execution,FF-R-00018559,USR-009,"[""FF-CUSTOMER-001470"",""FF-OPERATION-000470""]"
FF-CUSTOMER-001470,Rework Ordered,2023-07-16T01:37:00Z,fulfilment_record,FF-R-00018560,USR-006,"[""FF-CUSTOMER-001470"",""FF-ENGINEERINGCHANGE-000470"",""FF-PURCHASEORDER-000470""]"
FF-CUSTOMER-001470,Rework Completed,2023-07-16T02:14:00Z,finance_posting,FF-R-00018561,USR-007,"[""FF-CUSTOMER-001470"",""FF-BOMREVISION-000470""]"
FF-CUSTOMER-001470,Final Inspection Passed,2023-07-16T02:51:00Z,commercial_document,FF-R-00018562,USR-008,"[""FF-CUSTOMER-001470"",""FF-WORKORDER-000470"",""FF-SUPPLIER-000470""]"
FF-CUSTOMER-001500,Rework Completed,2023-07-16T12:51:00Z,finance_posting,FF-R-00018606,USR-009,"[""FF-CUSTOMER-001500"",""FF-BOMREVISION-000500""]"
FF-CUSTOMER-001475,Final Inspection Failed,2023-07-16T16:00:00Z,engineering_execution,FF-R-00018618,USR-094,"[""FF-CUSTOMER-001475"",""FF-OPERATION-000475"",""FF-GOODSRECEIPT-000475""]"
FF-CUSTOMER-001475,Rework Ordered,2023-07-16T16:37:00Z,fulfilment_record,FF-R-00018619,USR-091,"[""FF-CUSTOMER-001475"",""FF-ENGINEERINGCHANGE-000475""]"
FF-CUSTOMER-001475,Rework Completed,2023-07-16T17:14:00Z,finance_posting,FF-R-00018620,USR-092,"[""FF-CUSTOMER-001475"",""FF-BOMREVISION-000475"",""FF-PURCHASEORDERLINE-000475""]"
FF-CUSTOMER-001475,Final Inspection Passed,2023-07-16T17:51:00Z,commercial_document,FF-R-00018621,USR-093,"[""FF-CUSTOMER-001475"",""FF-WORKORDER-000475""]"
FF-CUSTOMER-001504,Final Inspection Passed,2023-07-17T06:03:00Z,commercial_document,FF-R-00018670,USR-078,"[""FF-CUSTOMER-001504"",""FF-WORKORDER-000004""]"
FF-CUSTOMER-001480,Final Inspection Failed,2023-07-17T07:00:00Z,engineering_execution,FF-R-00018681,USR-052,"[""FF-CUSTOMER-001480"",""FF-OPERATION-000480""]"
FF-CUSTOMER-001480,Rework Ordered,2023-07-17T07:37:00Z,fulfilment_record,FF-R-00018682,USR-049,"[""FF-CUSTOMER-001480"",""FF-ENGINEERINGCHANGE-000480"",""FF-PURCHASEORDER-000480""]"
FF-CUSTOMER-001480,Rework Completed,2023-07-17T08:14:00Z,finance_posting,FF-R-00018683,USR-050,"[""FF-CUSTOMER-001480"",""FF-BOMREVISION-000480""]"
FF-CUSTOMER-001480,Final Inspection Passed,2023-07-17T08:51:00Z,commercial_document,FF-R-00018684,USR-051,"[""FF-CUSTOMER-001480"",""FF-WORKORDER-000480""]"
FF-CUSTOMER-001503,Final Inspection Failed,2023-07-17T09:03:00Z,engineering_execution,FF-R-00018685,USR-062,"[""FF-CUSTOMER-001503"",""FF-OPERATION-000003"",""FF-GOODSRECEIPT-000003""]"
FF-CUSTOMER-001485,Final Inspection Failed,2023-07-17T22:00:00Z,engineering_execution,FF-R-00018739,USR-010,"[""FF-CUSTOMER-001485"",""FF-OPERATION-000485""]"
FF-CUSTOMER-001485,Rework Ordered,2023-07-17T22:37:00Z,fulfilment_record,FF-R-00018740,USR-007,"[""FF-CUSTOMER-001485"",""FF-ENGINEERINGCHANGE-000485"",""FF-PURCHASEORDER-000485""]"
FF-CUSTOMER-001485,Rework Completed,2023-07-17T23:14:00Z,finance_posting,FF-R-00018741,USR-008,"[""FF-CUSTOMER-001485"",""FF-BOMREVISION-000485""]"
FF-CUSTOMER-001485,Final Inspection Passed,2023-07-17T23:51:00Z,commercial_document,FF-R-00018742,USR-009,"[""FF-CUSTOMER-001485"",""FF-WORKORDER-000485"",""FF-SUPPLIER-000485""]"
FF-CUSTOMER-001515,Rework Ordered,2023-07-18T03:12:00Z,fulfilment_record,FF-R-00018753,USR-009,"[""FF-CUSTOMER-001515"",""FF-ENGINEERINGCHANGE-000015""]"
FF-CUSTOMER-001490,Final Inspection Failed,2023-07-18T13:00:00Z,engineering_execution,FF-R-00018800,USR-095,"[""FF-CUSTOMER-001490"",""FF-OPERATION-000490""]"
FF-CUSTOMER-001490,Rework Ordered,2023-07-18T13:37:00Z,fulfilment_record,FF-R-00018801,USR-092,"[""FF-CUSTOMER-001490"",""FF-ENGINEERINGCHANGE-000490""]"
FF-CUSTOMER-001490,Rework Completed,2023-07-18T14:14:00Z,finance_posting,FF-R-00018802,USR-093,"[""FF-CUSTOMER-001490"",""FF-BOMREVISION-000490""]"
FF-CUSTOMER-001490,Final Inspection Passed,2023-07-18T14:51:00Z,commercial_document,FF-R-00018803,USR-094,"[""FF-CUSTOMER-001490"",""FF-WORKORDER-000490"",""FF-SUPPLIER-000490""]"
FF-CUSTOMER-001495,Final Inspection Failed,2023-07-19T04:00:00Z,engineering_execution,FF-R-00018860,USR-053,"[""FF-CUSTOMER-001495"",""FF-OPERATION-000495"",""FF-GOODSRECEIPT-000495""]"
FF-CUSTOMER-001495,Rework Ordered,2023-07-19T04:37:00Z,fulfilment_record,FF-R-00018861,USR-050,"[""FF-CUSTOMER-001495"",""FF-ENGINEERINGCHANGE-000495""]"
FF-CUSTOMER-001495,Rework Completed,2023-07-19T05:14:00Z,finance_posting,FF-R-00018862,USR-051,"[""FF-CUSTOMER-001495"",""FF-BOMREVISION-000495"",""FF-PURCHASEORDERLINE-000495""]"
FF-CUSTOMER-001495,Final Inspection Passed,2023-07-19T05:51:00Z,commercial_document,FF-R-00018863,USR-052,"[""FF-CUSTOMER-001495"",""FF-WORKORDER-000495""]"
FF-CUSTOMER-001523,Rework Completed,2023-07-19T09:21:00Z,finance_posting,FF-R-00018880,USR-019,"[""FF-CUSTOMER-001523"",""FF-BOMREVISION-000023"",""FF-PURCHASEORDERLINE-000023""]"
FF-CUSTOMER-001500,Final Inspection Failed,2023-07-19T19:00:00Z,engineering_execution,FF-R-00018923,USR-011,"[""FF-CUSTOMER-001500"",""FF-OPERATION-000500"",""FF-GOODSRECEIPT-000500""]"
FF-CUSTOMER-001500,Rework Ordered,2023-07-19T19:37:00Z,fulfilment_record,FF-R-00018924,USR-008,"[""FF-CUSTOMER-001500"",""FF-ENGINEERINGCHANGE-000500""]"
FF-CUSTOMER-001500,Rework Completed,2023-07-19T20:14:00Z,finance_posting,FF-R-00018925,USR-009,"[""FF-CUSTOMER-001500"",""FF-BOMREVISION-000500"",""FF-PURCHASEORDERLINE-000500""]"
FF-CUSTOMER-001500,Final Inspection Passed,2023-07-19T20:51:00Z,commercial_document,FF-R-00018926,USR-010,"[""FF-CUSTOMER-001500"",""FF-WORKORDER-000500""]"
FF-CUSTOMER-001505,Final Inspection Failed,2023-07-20T10:00:00Z,engineering_execution,FF-R-00018979,USR-096,"[""FF-CUSTOMER-001505"",""FF-OPERATION-000005""]"
FF-CUSTOMER-001505,Rework Ordered,2023-07-20T10:37:00Z,fulfilment_record,FF-R-00018980,USR-093,"[""FF-CUSTOMER-001505"",""FF-ENGINEERINGCHANGE-000005"",""FF-PURCHASEORDER-000005""]"
FF-CUSTOMER-001505,Rework Completed,2023-07-20T11:14:00Z,finance_posting,FF-R-00018981,USR-094,"[""FF-CUSTOMER-001505"",""FF-BOMREVISION-000005""]"
FF-CUSTOMER-001505,Final Inspection Passed,2023-07-20T11:51:00Z,commercial_document,FF-R-00018982,USR-095,"[""FF-CUSTOMER-001505"",""FF-WORKORDER-000005"",""FF-SUPPLIER-000005""]"
FF-CUSTOMER-001534,Rework Ordered,2023-07-20T12:31:00Z,fulfilment_record,FF-R-00018993,USR-078,"[""FF-CUSTOMER-001534"",""FF-ENGINEERINGCHANGE-000034""]"
FF-CUSTOMER-001533,Final Inspection Passed,2023-07-20T21:32:00Z,commercial_document,FF-R-00019026,USR-063,"[""FF-CUSTOMER-001533"",""FF-WORKORDER-000033"",""FF-SUPPLIER-000033""]"
FF-CUSTOMER-001510,Final Inspection Failed,2023-07-21T01:00:00Z,engineering_execution,FF-R-00019044,USR-054,"[""FF-CUSTOMER-001510"",""FF-OPERATION-000010"",""FF-GOODSRECEIPT-000010""]"
FF-CUSTOMER-001510,Rework Ordered,2023-07-21T01:37:00Z,fulfilment_record,FF-R-00019045,USR-051,"[""FF-CUSTOMER-001510"",""FF-ENGINEERINGCHANGE-000010""]"
FF-CUSTOMER-001510,Rework Completed,2023-07-21T02:14:00Z,finance_posting,FF-R-00019046,USR-052,"[""FF-CUSTOMER-001510"",""FF-BOMREVISION-000010"",""FF-PURCHASEORDERLINE-000010""]"
FF-CUSTOMER-001510,Final Inspection Passed,2023-07-21T02:51:00Z,commercial_document,FF-R-00019047,USR-053,"[""FF-CUSTOMER-001510"",""FF-WORKORDER-000010""]"
FF-CUSTOMER-001534,Final Inspection Failed,2023-07-21T06:34:00Z,engineering_execution,FF-R-00019068,USR-081,"[""FF-CUSTOMER-001534"",""FF-OPERATION-000034"",""FF-GOODSRECEIPT-000034""]"
FF-CUSTOMER-001515,Final Inspection Failed,2023-07-21T16:00:00Z,engineering_execution,FF-R-00019103,USR-012,"[""FF-CUSTOMER-001515"",""FF-OPERATION-000015""]"
FF-CUSTOMER-001515,Rework Ordered,2023-07-21T16:37:00Z,fulfilment_record,FF-R-00019104,USR-009,"[""FF-CUSTOMER-001515"",""FF-ENGINEERINGCHANGE-000015"",""FF-PURCHASEORDER-000015""]"
FF-CUSTOMER-001515,Rework Completed,2023-07-21T17:14:00Z,finance_posting,FF-R-00019105,USR-010,"[""FF-CUSTOMER-001515"",""FF-BOMREVISION-000015""]"
FF-CUSTOMER-001515,Final Inspection Passed,2023-07-21T17:51:00Z,commercial_document,FF-R-00019106,USR-011,"[""FF-CUSTOMER-001515"",""FF-WORKORDER-000015""]"
FF-CUSTOMER-001546,Rework Completed,2023-07-22T06:44:00Z,finance_posting,FF-R-00019157,USR-029,"[""FF-CUSTOMER-001546"",""FF-BOMREVISION-000046""]"
FF-CUSTOMER-001520,Final Inspection Failed,2023-07-22T07:00:00Z,engineering_execution,FF-R-00019159,USR-097,"[""FF-CUSTOMER-001520"",""FF-OPERATION-000020""]"
FF-CUSTOMER-001520,Rework Ordered,2023-07-22T07:37:00Z,fulfilment_record,FF-R-00019160,USR-094,"[""FF-CUSTOMER-001520"",""FF-ENGINEERINGCHANGE-000020"",""FF-PURCHASEORDER-000020""]"
FF-CUSTOMER-001520,Rework Completed,2023-07-22T08:14:00Z,finance_posting,FF-R-00019161,USR-095,"[""FF-CUSTOMER-001520"",""FF-BOMREVISION-000020""]"
FF-CUSTOMER-001520,Final Inspection Passed,2023-07-22T08:51:00Z,commercial_document,FF-R-00019162,USR-096,"[""FF-CUSTOMER-001520"",""FF-WORKORDER-000020"",""FF-SUPPLIER-000020""]"
FF-CUSTOMER-001553,Rework Ordered,2023-07-22T21:50:00Z,fulfilment_record,FF-R-00019220,USR-020,"[""FF-CUSTOMER-001553"",""FF-ENGINEERINGCHANGE-000053""]"
FF-CUSTOMER-001525,Final Inspection Failed,2023-07-22T22:00:00Z,engineering_execution,FF-R-00019221,USR-055,"[""FF-CUSTOMER-001525"",""FF-OPERATION-000025""]"
FF-CUSTOMER-001525,Rework Ordered,2023-07-22T22:37:00Z,fulfilment_record,FF-R-00019222,USR-052,"[""FF-CUSTOMER-001525"",""FF-ENGINEERINGCHANGE-000025"",""FF-PURCHASEORDER-000025""]"
FF-CUSTOMER-001525,Rework Completed,2023-07-22T23:14:00Z,finance_posting,FF-R-00019223,USR-053,"[""FF-CUSTOMER-001525"",""FF-BOMREVISION-000025""]"
FF-CUSTOMER-001525,Final Inspection Passed,2023-07-22T23:51:00Z,commercial_document,FF-R-00019224,USR-054,"[""FF-CUSTOMER-001525"",""FF-WORKORDER-000025""]"
FF-CUSTOMER-001530,Final Inspection Failed,2023-07-23T13:00:00Z,engineering_execution,FF-R-00019280,USR-013,"[""FF-CUSTOMER-001530"",""FF-OPERATION-000030"",""FF-GOODSRECEIPT-000030""]"
FF-CUSTOMER-001530,Rework Ordered,2023-07-23T13:37:00Z,fulfilment_record,FF-R-00019281,USR-010,"[""FF-CUSTOMER-001530"",""FF-ENGINEERINGCHANGE-000030""]"
FF-CUSTOMER-001530,Rework Completed,2023-07-23T14:14:00Z,finance_posting,FF-R-00019282,USR-011,"[""FF-CUSTOMER-001530"",""FF-BOMREVISION-000030"",""FF-PURCHASEORDERLINE-000030""]"
FF-CUSTOMER-001530,Final Inspection Passed,2023-07-23T14:51:00Z,commercial_document,FF-R-00019283,USR-012,"[""FF-CUSTOMER-001530"",""FF-WORKORDER-000030""]"
FF-CUSTOMER-001535,Final Inspection Failed,2023-07-24T04:00:00Z,engineering_execution,FF-R-00019344,USR-098,"[""FF-CUSTOMER-001535"",""FF-OPERATION-000035"",""FF-GOODSRECEIPT-000035""]"
FF-CUSTOMER-001535,Rework Ordered,2023-07-24T04:37:00Z,fulfilment_record,FF-R-00019345,USR-095,"[""FF-CUSTOMER-001535"",""FF-ENGINEERINGCHANGE-000035""]"
FF-CUSTOMER-001535,Rework Completed,2023-07-24T05:14:00Z,finance_posting,FF-R-00019346,USR-096,"[""FF-CUSTOMER-001535"",""FF-BOMREVISION-000035"",""FF-PURCHASEORDERLINE-000035""]"
FF-CUSTOMER-001535,Final Inspection Passed,2023-07-24T05:51:00Z,commercial_document,FF-R-00019347,USR-097,"[""FF-CUSTOMER-001535"",""FF-WORKORDER-000035""]"
FF-CUSTOMER-001562,Final Inspection Passed,2023-07-24T12:08:00Z,commercial_document,FF-R-00019370,USR-048,"[""FF-CUSTOMER-001562"",""FF-WORKORDER-000062""]"
FF-CUSTOMER-001540,Final Inspection Failed,2023-07-24T19:00:00Z,engineering_execution,FF-R-00019400,USR-056,"[""FF-CUSTOMER-001540"",""FF-OPERATION-000040""]"
FF-CUSTOMER-001540,Rework Ordered,2023-07-24T19:37:00Z,fulfilment_record,FF-R-00019401,USR-053,"[""FF-CUSTOMER-001540"",""FF-ENGINEERINGCHANGE-000040"",""FF-PURCHASEORDER-000040""]"
FF-CUSTOMER-001540,Rework Completed,2023-07-24T20:14:00Z,finance_posting,FF-R-00019402,USR-054,"[""FF-CUSTOMER-001540"",""FF-BOMREVISION-000040""]"
FF-CUSTOMER-001540,Final Inspection Passed,2023-07-24T20:51:00Z,commercial_document,FF-R-00019403,USR-055,"[""FF-CUSTOMER-001540"",""FF-WORKORDER-000040"",""FF-SUPPLIER-000040""]"
FF-CUSTOMER-001565,Final Inspection Failed,2023-07-25T03:12:00Z,engineering_execution,FF-R-00019427,USR-100,"[""FF-CUSTOMER-001565"",""FF-OPERATION-000065""]"
FF-CUSTOMER-001569,Rework Completed,2023-07-25T03:14:00Z,finance_posting,FF-R-00019428,USR-039,"[""FF-CUSTOMER-001569"",""FF-BOMREVISION-000069""]"
FF-CUSTOMER-001572,Rework Ordered,2023-07-25T06:16:00Z,fulfilment_record,FF-R-00019442,USR-089,"[""FF-CUSTOMER-001572"",""FF-ENGINEERINGCHANGE-000072""]"
FF-CUSTOMER-001545,Final Inspection Failed,2023-07-25T10:00:00Z,engineering_execution,FF-R-00019463,USR-014,"[""FF-CUSTOMER-001545"",""FF-OPERATION-000045""]"
FF-CUSTOMER-001545,Rework Ordered,2023-07-25T10:37:00Z,fulfilment_record,FF-R-00019464,USR-011,"[""FF-CUSTOMER-001545"",""FF-ENGINEERINGCHANGE-000045"",""FF-PURCHASEORDER-000045""]"
FF-CUSTOMER-001545,Rework Completed,2023-07-25T11:14:00Z,finance_posting,FF-R-00019465,USR-012,"[""FF-CUSTOMER-001545"",""FF-BOMREVISION-000045""]"
FF-CUSTOMER-001545,Final Inspection Passed,2023-07-25T11:51:00Z,commercial_document,FF-R-00019466,USR-013,"[""FF-CUSTOMER-001545"",""FF-WORKORDER-000045""]"
FF-CUSTOMER-001550,Final Inspection Failed,2023-07-26T01:00:00Z,engineering_execution,FF-R-00019525,USR-099,"[""FF-CUSTOMER-001550"",""FF-OPERATION-000050""]"
FF-CUSTOMER-001550,Rework Ordered,2023-07-26T01:37:00Z,fulfilment_record,FF-R-00019526,USR-096,"[""FF-CUSTOMER-001550"",""FF-ENGINEERINGCHANGE-000050""]"
FF-CUSTOMER-001550,Rework Completed,2023-07-26T02:14:00Z,finance_posting,FF-R-00019527,USR-097,"[""FF-CUSTOMER-001550"",""FF-BOMREVISION-000050""]"
FF-CUSTOMER-001550,Final Inspection Passed,2023-07-26T02:51:00Z,commercial_document,FF-R-00019528,USR-098,"[""FF-CUSTOMER-001550"",""FF-WORKORDER-000050"",""FF-SUPPLIER-000050""]"
FF-CUSTOMER-001555,Final Inspection Failed,2023-07-26T16:00:00Z,engineering_execution,FF-R-00019584,USR-057,"[""FF-CUSTOMER-001555"",""FF-OPERATION-000055"",""FF-GOODSRECEIPT-000055""]"
FF-CUSTOMER-001555,Rework Ordered,2023-07-26T16:37:00Z,fulfilment_record,FF-R-00019585,USR-054,"[""FF-CUSTOMER-001555"",""FF-ENGINEERINGCHANGE-000055""]"
FF-CUSTOMER-001555,Rework Completed,2023-07-26T17:14:00Z,finance_posting,FF-R-00019586,USR-055,"[""FF-CUSTOMER-001555"",""FF-BOMREVISION-000055"",""FF-PURCHASEORDERLINE-000055""]"
FF-CUSTOMER-001555,Final Inspection Passed,2023-07-26T17:51:00Z,commercial_document,FF-R-00019587,USR-056,"[""FF-CUSTOMER-001555"",""FF-WORKORDER-000055""]"
FF-CUSTOMER-001560,Final Inspection Failed,2023-07-27T07:00:00Z,engineering_execution,FF-R-00019642,USR-015,"[""FF-CUSTOMER-001560"",""FF-OPERATION-000060"",""FF-GOODSRECEIPT-000060""]"
FF-CUSTOMER-001560,Rework Ordered,2023-07-27T07:37:00Z,fulfilment_record,FF-R-00019643,USR-012,"[""FF-CUSTOMER-001560"",""FF-ENGINEERINGCHANGE-000060""]"
FF-CUSTOMER-001560,Rework Completed,2023-07-27T08:14:00Z,finance_posting,FF-R-00019644,USR-013,"[""FF-CUSTOMER-001560"",""FF-BOMREVISION-000060"",""FF-PURCHASEORDERLINE-000060""]"
FF-CUSTOMER-001560,Final Inspection Passed,2023-07-27T08:51:00Z,commercial_document,FF-R-00019645,USR-014,"[""FF-CUSTOMER-001560"",""FF-WORKORDER-000060""]"
FF-CUSTOMER-001591,Rework Ordered,2023-07-27T15:35:00Z,fulfilment_record,FF-R-00019678,USR-031,"[""FF-CUSTOMER-001591"",""FF-ENGINEERINGCHANGE-000091"",""FF-PURCHASEORDER-000091""]"
FF-CUSTOMER-001565,Final Inspection Failed,2023-07-27T22:00:00Z,engineering_execution,FF-R-00019704,USR-100,"[""FF-CUSTOMER-001565"",""FF-OPERATION-000065""]"
FF-CUSTOMER-001565,Rework Ordered,2023-07-27T22:37:00Z,fulfilment_record,FF-R-00019705,USR-097,"[""FF-CUSTOMER-001565"",""FF-ENGINEERINGCHANGE-000065""]"
FF-CUSTOMER-001565,Rework Completed,2023-07-27T23:14:00Z,finance_posting,FF-R-00019706,USR-098,"[""FF-CUSTOMER-001565"",""FF-BOMREVISION-000065""]"
FF-CUSTOMER-001565,Final Inspection Passed,2023-07-27T23:51:00Z,commercial_document,FF-R-00019707,USR-099,"[""FF-CUSTOMER-001565"",""FF-WORKORDER-000065"",""FF-SUPPLIER-000065""]"
FF-CUSTOMER-001592,Rework Completed,2023-07-28T00:37:00Z,finance_posting,FF-R-00019717,USR-049,"[""FF-CUSTOMER-001592"",""FF-BOMREVISION-000092""]"
FF-CUSTOMER-001591,Final Inspection Passed,2023-07-28T03:37:00Z,commercial_document,FF-R-00019728,USR-033,"[""FF-CUSTOMER-001591"",""FF-WORKORDER-000091""]"
FF-CUSTOMER-001570,Final Inspection Failed,2023-07-28T13:00:00Z,engineering_execution,FF-R-00019764,USR-058,"[""FF-CUSTOMER-001570"",""FF-OPERATION-000070""]"
FF-CUSTOMER-001570,Rework Ordered,2023-07-28T13:37:00Z,fulfilment_record,FF-R-00019765,USR-055,"[""FF-CUSTOMER-001570"",""FF-ENGINEERINGCHANGE-000070"",""FF-PURCHASEORDER-000070""]"
FF-CUSTOMER-001570,Rework Completed,2023-07-28T14:14:00Z,finance_posting,FF-R-00019766,USR-056,"[""FF-CUSTOMER-001570"",""FF-BOMREVISION-000070""]"
FF-CUSTOMER-001570,Final Inspection Passed,2023-07-28T14:51:00Z,commercial_document,FF-R-00019767,USR-057,"[""FF-CUSTOMER-001570"",""FF-WORKORDER-000070""]"
FF-CUSTOMER-001596,Final Inspection Failed,2023-07-29T00:43:00Z,engineering_execution,FF-R-00019809,USR-119,"[""FF-CUSTOMER-001596"",""FF-OPERATION-000096""]"
FF-CUSTOMER-001575,Final Inspection Failed,2023-07-29T04:00:00Z,engineering_execution,FF-R-00019822,USR-016,"[""FF-CUSTOMER-001575"",""FF-OPERATION-000075""]"
FF-CUSTOMER-001575,Rework Ordered,2023-07-29T04:37:00Z,fulfilment_record,FF-R-00019823,USR-013,"[""FF-CUSTOMER-001575"",""FF-ENGINEERINGCHANGE-000075"",""FF-PURCHASEORDER-000075""]"
FF-CUSTOMER-001575,Rework Completed,2023-07-29T05:14:00Z,finance_posting,FF-R-00019824,USR-014,"[""FF-CUSTOMER-001575"",""FF-BOMREVISION-000075""]"
FF-CUSTOMER-001575,Final Inspection Passed,2023-07-29T05:51:00Z,commercial_document,FF-R-00019825,USR-015,"[""FF-CUSTOMER-001575"",""FF-WORKORDER-000075""]"
FF-CUSTOMER-001580,Final Inspection Failed,2023-07-29T19:00:00Z,engineering_execution,FF-R-00019884,USR-101,"[""FF-CUSTOMER-001580"",""FF-OPERATION-000080"",""FF-GOODSRECEIPT-000080""]"
FF-CUSTOMER-001580,Rework Ordered,2023-07-29T19:37:00Z,fulfilment_record,FF-R-00019885,USR-098,"[""FF-CUSTOMER-001580"",""FF-ENGINEERINGCHANGE-000080""]"
FF-CUSTOMER-001580,Rework Completed,2023-07-29T20:14:00Z,finance_posting,FF-R-00019886,USR-099,"[""FF-CUSTOMER-001580"",""FF-BOMREVISION-000080"",""FF-PURCHASEORDERLINE-000080""]"
FF-CUSTOMER-001580,Final Inspection Passed,2023-07-29T20:51:00Z,commercial_document,FF-R-00019887,USR-100,"[""FF-CUSTOMER-001580"",""FF-WORKORDER-000080""]"
FF-CUSTOMER-001610,Rework Ordered,2023-07-30T00:01:00Z,fulfilment_record,FF-R-00019898,USR-100,"[""FF-CUSTOMER-001610"",""FF-ENGINEERINGCHANGE-000110""]"
FF-CUSTOMER-001585,Final Inspection Failed,2023-07-30T10:00:00Z,engineering_execution,FF-R-00019945,USR-059,"[""FF-CUSTOMER-001585"",""FF-OPERATION-000085"",""FF-GOODSRECEIPT-000085""]"
FF-CUSTOMER-001585,Rework Ordered,2023-07-30T10:37:00Z,fulfilment_record,FF-R-00019946,USR-056,"[""FF-CUSTOMER-001585"",""FF-ENGINEERINGCHANGE-000085""]"
FF-CUSTOMER-001585,Rework Completed,2023-07-30T11:14:00Z,finance_posting,FF-R-00019947,USR-057,"[""FF-CUSTOMER-001585"",""FF-BOMREVISION-000085"",""FF-PURCHASEORDERLINE-000085""]"
FF-CUSTOMER-001585,Final Inspection Passed,2023-07-30T11:51:00Z,commercial_document,FF-R-00019948,USR-058,"[""FF-CUSTOMER-001585"",""FF-WORKORDER-000085""]"
FF-CUSTOMER-001615,Rework Completed,2023-07-30T21:07:00Z,finance_posting,FF-R-00019984,USR-059,"[""FF-CUSTOMER-001615"",""FF-BOMREVISION-000115""]"
FF-CUSTOMER-001590,Final Inspection Failed,2023-07-31T01:00:00Z,engineering_execution,FF-R-00020005,USR-017,"[""FF-CUSTOMER-001590"",""FF-OPERATION-000090""]"
FF-CUSTOMER-001590,Rework Ordered,2023-07-31T01:37:00Z,fulfilment_record,FF-R-00020006,USR-014,"[""FF-CUSTOMER-001590"",""FF-ENGINEERINGCHANGE-000090"",""FF-PURCHASEORDER-000090""]"
FF-CUSTOMER-001590,Rework Completed,2023-07-31T02:14:00Z,finance_posting,FF-R-00020007,USR-015,"[""FF-CUSTOMER-001590"",""FF-BOMREVISION-000090""]"
FF-CUSTOMER-001590,Final Inspection Passed,2023-07-31T02:51:00Z,commercial_document,FF-R-00020008,USR-016,"[""FF-CUSTOMER-001590"",""FF-WORKORDER-000090"",""FF-SUPPLIER-000090""]"
FF-CUSTOMER-001595,Final Inspection Failed,2023-07-31T16:00:00Z,engineering_execution,FF-R-00020061,USR-102,"[""FF-CUSTOMER-001595"",""FF-OPERATION-000095""]"
FF-CUSTOMER-001595,Rework Ordered,2023-07-31T16:37:00Z,fulfilment_record,FF-R-00020062,USR-099,"[""FF-CUSTOMER-001595"",""FF-ENGINEERINGCHANGE-000095"",""FF-PURCHASEORDER-000095""]"
FF-CUSTOMER-001595,Rework Completed,2023-07-31T17:14:00Z,finance_posting,FF-R-00020063,USR-100,"[""FF-CUSTOMER-001595"",""FF-BOMREVISION-000095""]"
FF-CUSTOMER-001595,Final Inspection Passed,2023-07-31T17:51:00Z,commercial_document,FF-R-00020064,USR-101,"[""FF-CUSTOMER-001595"",""FF-WORKORDER-000095""]"
FF-CUSTOMER-001620,Final Inspection Passed,2023-07-31T18:13:00Z,commercial_document,FF-R-00020066,USR-018,"[""FF-CUSTOMER-001620"",""FF-WORKORDER-000120""]"
FF-CUSTOMER-001600,Final Inspection Failed,2023-08-01T07:00:00Z,engineering_execution,FF-R-00020125,USR-060,"[""FF-CUSTOMER-001600"",""FF-OPERATION-000100""]"
FF-CUSTOMER-001600,Rework Ordered,2023-08-01T07:37:00Z,fulfilment_record,FF-R-00020126,USR-057,"[""FF-CUSTOMER-001600"",""FF-ENGINEERINGCHANGE-000100"",""FF-PURCHASEORDER-000100""]"
FF-CUSTOMER-001600,Rework Completed,2023-08-01T08:14:00Z,finance_posting,FF-R-00020127,USR-058,"[""FF-CUSTOMER-001600"",""FF-BOMREVISION-000100""]"
FF-CUSTOMER-001600,Final Inspection Passed,2023-08-01T08:51:00Z,commercial_document,FF-R-00020128,USR-059,"[""FF-CUSTOMER-001600"",""FF-WORKORDER-000100"",""FF-SUPPLIER-000100""]"
FF-CUSTOMER-001629,Rework Ordered,2023-08-01T09:20:00Z,fulfilment_record,FF-R-00020132,USR-042,"[""FF-CUSTOMER-001629"",""FF-ENGINEERINGCHANGE-000129""]"
FF-CUSTOMER-001627,Final Inspection Failed,2023-08-01T21:21:00Z,engineering_execution,FF-R-00020178,USR-011,"[""FF-CUSTOMER-001627"",""FF-OPERATION-000127""]"
FF-CUSTOMER-001605,Final Inspection Failed,2023-08-01T22:00:00Z,engineering_execution,FF-R-00020184,USR-018,"[""FF-CUSTOMER-001605"",""FF-OPERATION-000105""]"
FF-CUSTOMER-001605,Rework Ordered,2023-08-01T22:37:00Z,fulfilment_record,FF-R-00020185,USR-015,"[""FF-CUSTOMER-001605"",""FF-ENGINEERINGCHANGE-000105"",""FF-PURCHASEORDER-000105""]"
FF-CUSTOMER-001605,Rework Completed,2023-08-01T23:14:00Z,finance_posting,FF-R-00020186,USR-016,"[""FF-CUSTOMER-001605"",""FF-BOMREVISION-000105""]"
FF-CUSTOMER-001605,Final Inspection Passed,2023-08-01T23:51:00Z,commercial_document,FF-R-00020187,USR-017,"[""FF-CUSTOMER-001605"",""FF-WORKORDER-000105"",""FF-SUPPLIER-000105""]"
FF-CUSTOMER-001610,Final Inspection Failed,2023-08-02T13:00:00Z,engineering_execution,FF-R-00020246,USR-103,"[""FF-CUSTOMER-001610"",""FF-OPERATION-000110""]"
FF-CUSTOMER-001610,Rework Ordered,2023-08-02T13:37:00Z,fulfilment_record,FF-R-00020247,USR-100,"[""FF-CUSTOMER-001610"",""FF-ENGINEERINGCHANGE-000110"",""FF-PURCHASEORDER-000110""]"
FF-CUSTOMER-001610,Rework Completed,2023-08-02T14:14:00Z,finance_posting,FF-R-00020248,USR-101,"[""FF-CUSTOMER-001610"",""FF-BOMREVISION-000110""]"
FF-CUSTOMER-001610,Final Inspection Passed,2023-08-02T14:51:00Z,commercial_document,FF-R-00020249,USR-102,"[""FF-CUSTOMER-001610"",""FF-WORKORDER-000110""]"
FF-CUSTOMER-001638,Rework Completed,2023-08-02T18:30:00Z,finance_posting,FF-R-00020271,USR-069,"[""FF-CUSTOMER-001638"",""FF-BOMREVISION-000138"",""FF-PURCHASEORDERLINE-000138""]"
FF-CUSTOMER-001615,Final Inspection Failed,2023-08-03T04:00:00Z,engineering_execution,FF-R-00020305,USR-061,"[""FF-CUSTOMER-001615"",""FF-OPERATION-000115""]"
FF-CUSTOMER-001615,Rework Ordered,2023-08-03T04:37:00Z,fulfilment_record,FF-R-00020306,USR-058,"[""FF-CUSTOMER-001615"",""FF-ENGINEERINGCHANGE-000115"",""FF-PURCHASEORDER-000115""]"
FF-CUSTOMER-001615,Rework Completed,2023-08-03T05:14:00Z,finance_posting,FF-R-00020307,USR-059,"[""FF-CUSTOMER-001615"",""FF-BOMREVISION-000115""]"
FF-CUSTOMER-001615,Final Inspection Passed,2023-08-03T05:51:00Z,commercial_document,FF-R-00020308,USR-060,"[""FF-CUSTOMER-001615"",""FF-WORKORDER-000115""]"
FF-CUSTOMER-001648,Rework Ordered,2023-08-03T18:39:00Z,fulfilment_record,FF-R-00020366,USR-111,"[""FF-CUSTOMER-001648"",""FF-ENGINEERINGCHANGE-000148""]"
FF-CUSTOMER-001620,Final Inspection Failed,2023-08-03T19:00:00Z,engineering_execution,FF-R-00020370,USR-019,"[""FF-CUSTOMER-001620"",""FF-OPERATION-000120"",""FF-GOODSRECEIPT-000120""]"
FF-CUSTOMER-001620,Rework Ordered,2023-08-03T19:37:00Z,fulfilment_record,FF-R-00020371,USR-016,"[""FF-CUSTOMER-001620"",""FF-ENGINEERINGCHANGE-000120""]"
FF-CUSTOMER-001620,Rework Completed,2023-08-03T20:14:00Z,finance_posting,FF-R-00020372,USR-017,"[""FF-CUSTOMER-001620"",""FF-BOMREVISION-000120"",""FF-PURCHASEORDERLINE-000120""]"
FF-CUSTOMER-001620,Final Inspection Passed,2023-08-03T20:51:00Z,commercial_document,FF-R-00020373,USR-018,"[""FF-CUSTOMER-001620"",""FF-WORKORDER-000120""]"
FF-CUSTOMER-001649,Final Inspection Passed,2023-08-04T09:42:00Z,commercial_document,FF-R-00020423,USR-003,"[""FF-CUSTOMER-001649"",""FF-WORKORDER-000149"",""FF-SUPPLIER-000149""]"
FF-CUSTOMER-001625,Final Inspection Failed,2023-08-04T10:00:00Z,engineering_execution,FF-R-00020425,USR-104,"[""FF-CUSTOMER-001625"",""FF-OPERATION-000125""]"
FF-CUSTOMER-001625,Rework Ordered,2023-08-04T10:37:00Z,fulfilment_record,FF-R-00020426,USR-101,"[""FF-CUSTOMER-001625"",""FF-ENGINEERINGCHANGE-000125"",""FF-PURCHASEORDER-000125""]"
FF-CUSTOMER-001625,Rework Completed,2023-08-04T11:14:00Z,finance_posting,FF-R-00020427,USR-102,"[""FF-CUSTOMER-001625"",""FF-BOMREVISION-000125""]"
FF-CUSTOMER-001625,Final Inspection Passed,2023-08-04T11:51:00Z,commercial_document,FF-R-00020428,USR-103,"[""FF-CUSTOMER-001625"",""FF-WORKORDER-000125"",""FF-SUPPLIER-000125""]"
FF-CUSTOMER-001630,Final Inspection Failed,2023-08-05T01:00:00Z,engineering_execution,FF-R-00020483,USR-062,"[""FF-CUSTOMER-001630"",""FF-OPERATION-000130""]"
FF-CUSTOMER-001630,Rework Ordered,2023-08-05T01:37:00Z,fulfilment_record,FF-R-00020484,USR-059,"[""FF-CUSTOMER-001630"",""FF-ENGINEERINGCHANGE-000130"",""FF-PURCHASEORDER-000130""]"
FF-CUSTOMER-001630,Rework Completed,2023-08-05T02:14:00Z,finance_posting,FF-R-00020485,USR-060,"[""FF-CUSTOMER-001630"",""FF-BOMREVISION-000130""]"
FF-CUSTOMER-001630,Final Inspection Passed,2023-08-05T02:51:00Z,commercial_document,FF-R-00020486,USR-061,"[""FF-CUSTOMER-001630"",""FF-WORKORDER-000130"",""FF-SUPPLIER-000130""]"
FF-CUSTOMER-001661,Rework Completed,2023-08-05T15:00:00Z,finance_posting,FF-R-00020534,USR-079,"[""FF-CUSTOMER-001661"",""FF-BOMREVISION-000161""]"
FF-CUSTOMER-001635,Final Inspection Failed,2023-08-05T16:00:00Z,engineering_execution,FF-R-00020547,USR-020,"[""FF-CUSTOMER-001635"",""FF-OPERATION-000135"",""FF-GOODSRECEIPT-000135""]"
FF-CUSTOMER-001635,Rework Ordered,2023-08-05T16:37:00Z,fulfilment_record,FF-R-00020548,USR-017,"[""FF-CUSTOMER-001635"",""FF-ENGINEERINGCHANGE-000135""]"
FF-CUSTOMER-001635,Rework Completed,2023-08-05T17:14:00Z,finance_posting,FF-R-00020549,USR-018,"[""FF-CUSTOMER-001635"",""FF-BOMREVISION-000135"",""FF-PURCHASEORDERLINE-000135""]"
FF-CUSTOMER-001635,Final Inspection Passed,2023-08-05T17:51:00Z,commercial_document,FF-R-00020550,USR-019,"[""FF-CUSTOMER-001635"",""FF-WORKORDER-000135""]"
FF-CUSTOMER-001658,Final Inspection Failed,2023-08-05T18:52:00Z,engineering_execution,FF-R-00020560,USR-030,"[""FF-CUSTOMER-001658"",""FF-OPERATION-000158""]"
FF-CUSTOMER-001667,Rework Ordered,2023-08-06T03:05:00Z,fulfilment_record,FF-R-00020582,USR-053,"[""FF-CUSTOMER-001667"",""FF-ENGINEERINGCHANGE-000167""]"
FF-CUSTOMER-001640,Final Inspection Failed,2023-08-06T07:00:00Z,engineering_execution,FF-R-00020604,USR-105,"[""FF-CUSTOMER-001640"",""FF-OPERATION-000140"",""FF-GOODSRECEIPT-000140""]"
FF-CUSTOMER-001640,Rework Ordered,2023-08-06T07:37:00Z,fulfilment_record,FF-R-00020605,USR-102,"[""FF-CUSTOMER-001640"",""FF-ENGINEERINGCHANGE-000140""]"
FF-CUSTOMER-001640,Rework Completed,2023-08-06T08:14:00Z,finance_posting,FF-R-00020606,USR-103,"[""FF-CUSTOMER-001640"",""FF-BOMREVISION-000140"",""FF-PURCHASEORDERLINE-000140""]"
FF-CUSTOMER-001640,Final Inspection Passed,2023-08-06T08:51:00Z,commercial_document,FF-R-00020607,USR-104,"[""FF-CUSTOMER-001640"",""FF-WORKORDER-000140""]"
FF-CUSTOMER-001645,Final Inspection Failed,2023-08-06T22:00:00Z,engineering_execution,FF-R-00020667,USR-063,"[""FF-CUSTOMER-001645"",""FF-OPERATION-000145"",""FF-GOODSRECEIPT-000145""]"
FF-CUSTOMER-001645,Rework Ordered,2023-08-06T22:37:00Z,fulfilment_record,FF-R-00020668,USR-060,"[""FF-CUSTOMER-001645"",""FF-ENGINEERINGCHANGE-000145""]"
FF-CUSTOMER-001645,Rework Completed,2023-08-06T23:14:00Z,finance_posting,FF-R-00020669,USR-061,"[""FF-CUSTOMER-001645"",""FF-BOMREVISION-000145"",""FF-PURCHASEORDERLINE-000145""]"
FF-CUSTOMER-001645,Final Inspection Passed,2023-08-06T23:51:00Z,commercial_document,FF-R-00020670,USR-062,"[""FF-CUSTOMER-001645"",""FF-WORKORDER-000145""]"
FF-CUSTOMER-001650,Final Inspection Failed,2023-08-07T13:00:00Z,engineering_execution,FF-R-00020727,USR-021,"[""FF-CUSTOMER-001650"",""FF-OPERATION-000150"",""FF-GOODSRECEIPT-000150""]"
FF-CUSTOMER-001650,Rework Ordered,2023-08-07T13:37:00Z,fulfilment_record,FF-R-00020728,USR-018,"[""FF-CUSTOMER-001650"",""FF-ENGINEERINGCHANGE-000150""]"
FF-CUSTOMER-001650,Rework Completed,2023-08-07T14:14:00Z,finance_posting,FF-R-00020729,USR-019,"[""FF-CUSTOMER-001650"",""FF-BOMREVISION-000150"",""FF-PURCHASEORDERLINE-000150""]"
FF-CUSTOMER-001650,Final Inspection Passed,2023-08-07T14:51:00Z,commercial_document,FF-R-00020730,USR-020,"[""FF-CUSTOMER-001650"",""FF-WORKORDER-000150""]"
FF-CUSTOMER-001678,Final Inspection Passed,2023-08-08T00:18:00Z,commercial_document,FF-R-00020770,USR-115,"[""FF-CUSTOMER-001678"",""FF-WORKORDER-000178""]"
FF-CUSTOMER-001655,Final Inspection Failed,2023-08-08T04:00:00Z,engineering_execution,FF-R-00020789,USR-106,"[""FF-CUSTOMER-001655"",""FF-OPERATION-000155""]"
FF-CUSTOMER-001655,Rework Ordered,2023-08-08T04:37:00Z,fulfilment_record,FF-R-00020790,USR-103,"[""FF-CUSTOMER-001655"",""FF-ENGINEERINGCHANGE-000155"",""FF-PURCHASEORDER-000155""]"
FF-CUSTOMER-001655,Rework Completed,2023-08-08T05:14:00Z,finance_posting,FF-R-00020791,USR-104,"[""FF-CUSTOMER-001655"",""FF-BOMREVISION-000155""]"
FF-CUSTOMER-001655,Final Inspection Passed,2023-08-08T05:51:00Z,commercial_document,FF-R-00020792,USR-105,"[""FF-CUSTOMER-001655"",""FF-WORKORDER-000155""]"
FF-CUSTOMER-001684,Rework Completed,2023-08-08T12:23:00Z,finance_posting,FF-R-00020818,USR-089,"[""FF-CUSTOMER-001684"",""FF-BOMREVISION-000184""]"
FF-CUSTOMER-001686,Rework Ordered,2023-08-08T12:24:00Z,fulfilment_record,FF-R-00020819,USR-122,"[""FF-CUSTOMER-001686"",""FF-ENGINEERINGCHANGE-000186""]"
FF-CUSTOMER-001660,Final Inspection Failed,2023-08-08T19:00:00Z,engineering_execution,FF-R-00020845,USR-064,"[""FF-CUSTOMER-001660"",""FF-OPERATION-000160"",""FF-GOODSRECEIPT-000160""]"
FF-CUSTOMER-001660,Rework Ordered,2023-08-08T19:37:00Z,fulfilment_record,FF-R-00020846,USR-061,"[""FF-CUSTOMER-001660"",""FF-ENGINEERINGCHANGE-000160""]"
FF-CUSTOMER-001660,Rework Completed,2023-08-08T20:14:00Z,finance_posting,FF-R-00020847,USR-062,"[""FF-CUSTOMER-001660"",""FF-BOMREVISION-000160"",""FF-PURCHASEORDERLINE-000160""]"
FF-CUSTOMER-001660,Final Inspection Passed,2023-08-08T20:51:00Z,commercial_document,FF-R-00020848,USR-063,"[""FF-CUSTOMER-001660"",""FF-WORKORDER-000160""]"
FF-CUSTOMER-001665,Final Inspection Failed,2023-08-09T10:00:00Z,engineering_execution,FF-R-00020906,USR-022,"[""FF-CUSTOMER-001665"",""FF-OPERATION-000165""]"
FF-CUSTOMER-001665,Rework Ordered,2023-08-09T10:37:00Z,fulfilment_record,FF-R-00020907,USR-019,"[""FF-CUSTOMER-001665"",""FF-ENGINEERINGCHANGE-000165"",""FF-PURCHASEORDER-000165""]"
FF-CUSTOMER-001665,Rework Completed,2023-08-09T11:14:00Z,finance_posting,FF-R-00020908,USR-020,"[""FF-CUSTOMER-001665"",""FF-BOMREVISION-000165""]"
FF-CUSTOMER-001665,Final Inspection Passed,2023-08-09T11:51:00Z,commercial_document,FF-R-00020909,USR-021,"[""FF-CUSTOMER-001665"",""FF-WORKORDER-000165""]"
FF-CUSTOMER-001689,Final Inspection Failed,2023-08-09T15:30:00Z,engineering_execution,FF-R-00020933,USR-049,"[""FF-CUSTOMER-001689"",""FF-OPERATION-000189"",""FF-GOODSRECEIPT-000189""]"
FF-CUSTOMER-001670,Final Inspection Failed,2023-08-10T01:00:00Z,engineering_execution,FF-R-00020966,USR-107,"[""FF-CUSTOMER-001670"",""FF-OPERATION-000170""]"
FF-CUSTOMER-001670,Rework Ordered,2023-08-10T01:37:00Z,fulfilment_record,FF-R-00020967,USR-104,"[""FF-CUSTOMER-001670"",""FF-ENGINEERINGCHANGE-000170"",""FF-PURCHASEORDER-000170""]"
FF-CUSTOMER-001670,Rework Completed,2023-08-10T02:14:00Z,finance_posting,FF-R-00020968,USR-105,"[""FF-CUSTOMER-001670"",""FF-BOMREVISION-000170""]"
FF-CUSTOMER-001670,Final Inspection Passed,2023-08-10T02:51:00Z,commercial_document,FF-R-00020969,USR-106,"[""FF-CUSTOMER-001670"",""FF-WORKORDER-000170"",""FF-SUPPLIER-000170""]"
FF-CUSTOMER-001675,Final Inspection Failed,2023-08-10T16:00:00Z,engineering_execution,FF-R-00021029,USR-065,"[""FF-CUSTOMER-001675"",""FF-OPERATION-000175""]"
FF-CUSTOMER-001675,Rework Ordered,2023-08-10T16:37:00Z,fulfilment_record,FF-R-00021030,USR-062,"[""FF-CUSTOMER-001675"",""FF-ENGINEERINGCHANGE-000175""]"
FF-CUSTOMER-001675,Rework Completed,2023-08-10T17:14:00Z,finance_posting,FF-R-00021031,USR-063,"[""FF-CUSTOMER-001675"",""FF-BOMREVISION-000175""]"
FF-CUSTOMER-001675,Final Inspection Passed,2023-08-10T17:51:00Z,commercial_document,FF-R-00021032,USR-064,"[""FF-CUSTOMER-001675"",""FF-WORKORDER-000175"",""FF-SUPPLIER-000175""]"
FF-CUSTOMER-001705,Rework Ordered,2023-08-10T21:43:00Z,fulfilment_record,FF-R-00021054,USR-064,"[""FF-CUSTOMER-001705"",""FF-ENGINEERINGCHANGE-000205""]"
FF-CUSTOMER-001680,Final Inspection Failed,2023-08-11T07:00:00Z,engineering_execution,FF-R-00021087,USR-023,"[""FF-CUSTOMER-001680"",""FF-OPERATION-000180""]"
FF-CUSTOMER-001680,Rework Ordered,2023-08-11T07:37:00Z,fulfilment_record,FF-R-00021088,USR-020,"[""FF-CUSTOMER-001680"",""FF-ENGINEERINGCHANGE-000180""]"
FF-CUSTOMER-001680,Rework Completed,2023-08-11T08:14:00Z,finance_posting,FF-R-00021089,USR-021,"[""FF-CUSTOMER-001680"",""FF-BOMREVISION-000180""]"
FF-CUSTOMER-001680,Final Inspection Passed,2023-08-11T08:51:00Z,commercial_document,FF-R-00021090,USR-022,"[""FF-CUSTOMER-001680"",""FF-WORKORDER-000180"",""FF-SUPPLIER-000180""]"
FF-CUSTOMER-001707,Rework Completed,2023-08-11T09:46:00Z,finance_posting,FF-R-00021102,USR-099,"[""FF-CUSTOMER-001707"",""FF-BOMREVISION-000207"",""FF-PURCHASEORDERLINE-000207""]"
FF-CUSTOMER-001707,Final Inspection Passed,2023-08-11T15:47:00Z,commercial_document,FF-R-00021125,USR-100,"[""FF-CUSTOMER-001707"",""FF-WORKORDER-000207""]"
FF-CUSTOMER-001685,Final Inspection Failed,2023-08-11T22:00:00Z,engineering_execution,FF-R-00021147,USR-108,"[""FF-CUSTOMER-001685"",""FF-OPERATION-000185""]"
FF-CUSTOMER-001685,Rework Ordered,2023-08-11T22:37:00Z,fulfilment_record,FF-R-00021148,USR-105,"[""FF-CUSTOMER-001685"",""FF-ENGINEERINGCHANGE-000185"",""FF-PURCHASEORDER-000185""]"
FF-CUSTOMER-001685,Rework Completed,2023-08-11T23:14:00Z,finance_posting,FF-R-00021149,USR-106,"[""FF-CUSTOMER-001685"",""FF-BOMREVISION-000185""]"
FF-CUSTOMER-001685,Final Inspection Passed,2023-08-11T23:51:00Z,commercial_document,FF-R-00021150,USR-107,"[""FF-CUSTOMER-001685"",""FF-WORKORDER-000185"",""FF-SUPPLIER-000185""]"
FF-CUSTOMER-001690,Final Inspection Failed,2023-08-12T13:00:00Z,engineering_execution,FF-R-00021208,USR-066,"[""FF-CUSTOMER-001690"",""FF-OPERATION-000190"",""FF-GOODSRECEIPT-000190""]"
FF-CUSTOMER-001690,Rework Ordered,2023-08-12T13:37:00Z,fulfilment_record,FF-R-00021209,USR-063,"[""FF-CUSTOMER-001690"",""FF-ENGINEERINGCHANGE-000190""]"
FF-CUSTOMER-001690,Rework Completed,2023-08-12T14:14:00Z,finance_posting,FF-R-00021210,USR-064,"[""FF-CUSTOMER-001690"",""FF-BOMREVISION-000190"",""FF-PURCHASEORDERLINE-000190""]"
FF-CUSTOMER-001690,Final Inspection Passed,2023-08-12T14:51:00Z,commercial_document,FF-R-00021211,USR-065,"[""FF-CUSTOMER-001690"",""FF-WORKORDER-000190""]"
FF-CUSTOMER-001695,Final Inspection Failed,2023-08-13T04:00:00Z,engineering_execution,FF-R-00021266,USR-024,"[""FF-CUSTOMER-001695"",""FF-OPERATION-000195""]"
FF-CUSTOMER-001695,Rework Ordered,2023-08-13T04:37:00Z,fulfilment_record,FF-R-00021267,USR-021,"[""FF-CUSTOMER-001695"",""FF-ENGINEERINGCHANGE-000195""]"
FF-CUSTOMER-001695,Rework Completed,2023-08-13T05:14:00Z,finance_posting,FF-R-00021268,USR-022,"[""FF-CUSTOMER-001695"",""FF-BOMREVISION-000195""]"
FF-CUSTOMER-001695,Final Inspection Passed,2023-08-13T05:51:00Z,commercial_document,FF-R-00021269,USR-023,"[""FF-CUSTOMER-001695"",""FF-WORKORDER-000195"",""FF-SUPPLIER-000195""]"
FF-CUSTOMER-001724,Rework Ordered,2023-08-13T06:09:00Z,fulfilment_record,FF-R-00021270,USR-006,"[""FF-CUSTOMER-001724"",""FF-ENGINEERINGCHANGE-000224"",""FF-PURCHASEORDER-000224""]"
FF-CUSTOMER-001720,Final Inspection Failed,2023-08-13T12:08:00Z,engineering_execution,FF-R-00021298,USR-068,"[""FF-CUSTOMER-001720"",""FF-OPERATION-000220""]"
FF-CUSTOMER-001700,Final Inspection Failed,2023-08-13T19:00:00Z,engineering_execution,FF-R-00021330,USR-109,"[""FF-CUSTOMER-001700"",""FF-OPERATION-000200"",""FF-GOODSRECEIPT-000200""]"
FF-CUSTOMER-001700,Rework Ordered,2023-08-13T19:37:00Z,fulfilment_record,FF-R-00021331,USR-106,"[""FF-CUSTOMER-001700"",""FF-ENGINEERINGCHANGE-000200""]"
FF-CUSTOMER-001700,Rework Completed,2023-08-13T20:14:00Z,finance_posting,FF-R-00021332,USR-107,"[""FF-CUSTOMER-001700"",""FF-BOMREVISION-000200"",""FF-PURCHASEORDERLINE-000200""]"
FF-CUSTOMER-001700,Final Inspection Passed,2023-08-13T20:51:00Z,commercial_document,FF-R-00021333,USR-108,"[""FF-CUSTOMER-001700"",""FF-WORKORDER-000200""]"
FF-CUSTOMER-001730,Rework Completed,2023-08-14T06:16:00Z,finance_posting,FF-R-00021366,USR-109,"[""FF-CUSTOMER-001730"",""FF-BOMREVISION-000230""]"
FF-CUSTOMER-001705,Final Inspection Failed,2023-08-14T10:00:00Z,engineering_execution,FF-R-00021389,USR-067,"[""FF-CUSTOMER-001705"",""FF-OPERATION-000205""]"
FF-CUSTOMER-001705,Rework Ordered,2023-08-14T10:37:00Z,fulfilment_record,FF-R-00021390,USR-064,"[""FF-CUSTOMER-001705"",""FF-ENGINEERINGCHANGE-000205"",""FF-PURCHASEORDER-000205""]"
FF-CUSTOMER-001705,Rework Completed,2023-08-14T11:14:00Z,finance_posting,FF-R-00021391,USR-065,"[""FF-CUSTOMER-001705"",""FF-BOMREVISION-000205""]"
FF-CUSTOMER-001705,Final Inspection Passed,2023-08-14T11:51:00Z,commercial_document,FF-R-00021392,USR-066,"[""FF-CUSTOMER-001705"",""FF-WORKORDER-000205"",""FF-SUPPLIER-000205""]"
FF-CUSTOMER-001710,Final Inspection Failed,2023-08-15T01:00:00Z,engineering_execution,FF-R-00021449,USR-025,"[""FF-CUSTOMER-001710"",""FF-OPERATION-000210"",""FF-GOODSRECEIPT-000210""]"
FF-CUSTOMER-001710,Rework Ordered,2023-08-15T01:37:00Z,fulfilment_record,FF-R-00021450,USR-022,"[""FF-CUSTOMER-001710"",""FF-ENGINEERINGCHANGE-000210""]"
FF-CUSTOMER-001710,Rework Completed,2023-08-15T02:14:00Z,finance_posting,FF-R-00021451,USR-023,"[""FF-CUSTOMER-001710"",""FF-BOMREVISION-000210"",""FF-PURCHASEORDERLINE-000210""]"
FF-CUSTOMER-001710,Final Inspection Passed,2023-08-15T02:51:00Z,commercial_document,FF-R-00021452,USR-024,"[""FF-CUSTOMER-001710"",""FF-WORKORDER-000210""]"
FF-CUSTOMER-001736,Final Inspection Passed,2023-08-15T06:23:00Z,commercial_document,FF-R-00021473,USR-085,"[""FF-CUSTOMER-001736"",""FF-WORKORDER-000236""]"
FF-CUSTOMER-001743,Rework Ordered,2023-08-15T15:28:00Z,fulfilment_record,FF-R-00021506,USR-075,"[""FF-CUSTOMER-001743"",""FF-ENGINEERINGCHANGE-000243"",""FF-PURCHASEORDER-000243""]"
FF-CUSTOMER-001715,Final Inspection Failed,2023-08-15T16:00:00Z,engineering_execution,FF-R-00021508,USR-110,"[""FF-CUSTOMER-001715"",""FF-OPERATION-000215"",""FF-GOODSRECEIPT-000215""]"
FF-CUSTOMER-001715,Rework Ordered,2023-08-15T16:37:00Z,fulfilment_record,FF-R-00021509,USR-107,"[""FF-CUSTOMER-001715"",""FF-ENGINEERINGCHANGE-000215""]"
FF-CUSTOMER-001715,Rework Completed,2023-08-15T17:14:00Z,finance_posting,FF-R-00021510,USR-108,"[""FF-CUSTOMER-001715"",""FF-BOMREVISION-000215"",""FF-PURCHASEORDERLINE-000215""]"
FF-CUSTOMER-001715,Final Inspection Passed,2023-08-15T17:51:00Z,commercial_document,FF-R-00021511,USR-109,"[""FF-CUSTOMER-001715"",""FF-WORKORDER-000215""]"
FF-CUSTOMER-001720,Final Inspection Failed,2023-08-16T07:00:00Z,engineering_execution,FF-R-00021572,USR-068,"[""FF-CUSTOMER-001720"",""FF-OPERATION-000220"",""FF-GOODSRECEIPT-000220""]"
FF-CUSTOMER-001720,Rework Ordered,2023-08-16T07:37:00Z,fulfilment_record,FF-R-00021573,USR-065,"[""FF-CUSTOMER-001720"",""FF-ENGINEERINGCHANGE-000220""]"
FF-CUSTOMER-001720,Rework Completed,2023-08-16T08:14:00Z,finance_posting,FF-R-00021574,USR-066,"[""FF-CUSTOMER-001720"",""FF-BOMREVISION-000220"",""FF-PURCHASEORDERLINE-000220""]"
FF-CUSTOMER-001720,Final Inspection Passed,2023-08-16T08:51:00Z,commercial_document,FF-R-00021575,USR-067,"[""FF-CUSTOMER-001720"",""FF-WORKORDER-000220""]"
FF-CUSTOMER-001725,Final Inspection Failed,2023-08-16T22:00:00Z,engineering_execution,FF-R-00021629,USR-026,"[""FF-CUSTOMER-001725"",""FF-OPERATION-000225"",""FF-GOODSRECEIPT-000225""]"
FF-CUSTOMER-001725,Rework Ordered,2023-08-16T22:37:00Z,fulfilment_record,FF-R-00021630,USR-023,"[""FF-CUSTOMER-001725"",""FF-ENGINEERINGCHANGE-000225""]"
FF-CUSTOMER-001725,Rework Completed,2023-08-16T23:14:00Z,finance_posting,FF-R-00021631,USR-024,"[""FF-CUSTOMER-001725"",""FF-BOMREVISION-000225"",""FF-PURCHASEORDERLINE-000225""]"
FF-CUSTOMER-001725,Final Inspection Passed,2023-08-16T23:51:00Z,commercial_document,FF-R-00021632,USR-025,"[""FF-CUSTOMER-001725"",""FF-WORKORDER-000225""]"
FF-CUSTOMER-001753,Rework Completed,2023-08-17T03:39:00Z,finance_posting,FF-R-00021652,USR-119,"[""FF-CUSTOMER-001753"",""FF-BOMREVISION-000253""]"
FF-CUSTOMER-001751,Final Inspection Failed,2023-08-17T09:39:00Z,engineering_execution,FF-R-00021675,USR-087,"[""FF-CUSTOMER-001751"",""FF-OPERATION-000251""]"
FF-CUSTOMER-001730,Final Inspection Failed,2023-08-17T13:00:00Z,engineering_execution,FF-R-00021691,USR-111,"[""FF-CUSTOMER-001730"",""FF-OPERATION-000230"",""FF-GOODSRECEIPT-000230""]"
FF-CUSTOMER-001730,Rework Ordered,2023-08-17T13:37:00Z,fulfilment_record,FF-R-00021692,USR-108,"[""FF-CUSTOMER-001730"",""FF-ENGINEERINGCHANGE-000230""]"
FF-CUSTOMER-001730,Rework Completed,2023-08-17T14:14:00Z,finance_posting,FF-R-00021693,USR-109,"[""FF-CUSTOMER-001730"",""FF-BOMREVISION-000230"",""FF-PURCHASEORDERLINE-000230""]"
FF-CUSTOMER-001730,Final Inspection Passed,2023-08-17T14:51:00Z,commercial_document,FF-R-00021694,USR-110,"[""FF-CUSTOMER-001730"",""FF-WORKORDER-000230""]"
FF-CUSTOMER-001762,Rework Ordered,2023-08-18T00:47:00Z,fulfilment_record,FF-R-00021737,USR-017,"[""FF-CUSTOMER-001762"",""FF-ENGINEERINGCHANGE-000262""]"
FF-CUSTOMER-001735,Final Inspection Failed,2023-08-18T04:00:00Z,engineering_execution,FF-R-00021749,USR-069,"[""FF-CUSTOMER-001735"",""FF-OPERATION-000235"",""FF-GOODSRECEIPT-000235""]"
FF-CUSTOMER-001735,Rework Ordered,2023-08-18T04:37:00Z,fulfilment_record,FF-R-00021750,USR-066,"[""FF-CUSTOMER-001735"",""FF-ENGINEERINGCHANGE-000235""]"
FF-CUSTOMER-001735,Rework Completed,2023-08-18T05:14:00Z,finance_posting,FF-R-00021751,USR-067,"[""FF-CUSTOMER-001735"",""FF-BOMREVISION-000235"",""FF-PURCHASEORDERLINE-000235""]"
FF-CUSTOMER-001735,Final Inspection Passed,2023-08-18T05:51:00Z,commercial_document,FF-R-00021752,USR-068,"[""FF-CUSTOMER-001735"",""FF-WORKORDER-000235""]"
FF-CUSTOMER-001740,Final Inspection Failed,2023-08-18T19:00:00Z,engineering_execution,FF-R-00021807,USR-027,"[""FF-CUSTOMER-001740"",""FF-OPERATION-000240"",""FF-GOODSRECEIPT-000240""]"
FF-CUSTOMER-001740,Rework Ordered,2023-08-18T19:37:00Z,fulfilment_record,FF-R-00021808,USR-024,"[""FF-CUSTOMER-001740"",""FF-ENGINEERINGCHANGE-000240""]"
FF-CUSTOMER-001740,Rework Completed,2023-08-18T20:14:00Z,finance_posting,FF-R-00021809,USR-025,"[""FF-CUSTOMER-001740"",""FF-BOMREVISION-000240"",""FF-PURCHASEORDERLINE-000240""]"
FF-CUSTOMER-001740,Final Inspection Passed,2023-08-18T20:51:00Z,commercial_document,FF-R-00021810,USR-026,"[""FF-CUSTOMER-001740"",""FF-WORKORDER-000240""]"
FF-CUSTOMER-001765,Final Inspection Passed,2023-08-18T21:52:00Z,commercial_document,FF-R-00021827,USR-070,"[""FF-CUSTOMER-001765"",""FF-WORKORDER-000265""]"
FF-CUSTOMER-001745,Final Inspection Failed,2023-08-19T10:00:00Z,engineering_execution,FF-R-00021872,USR-112,"[""FF-CUSTOMER-001745"",""FF-OPERATION-000245""]"
FF-CUSTOMER-001745,Rework Ordered,2023-08-19T10:37:00Z,fulfilment_record,FF-R-00021873,USR-109,"[""FF-CUSTOMER-001745"",""FF-ENGINEERINGCHANGE-000245"",""FF-PURCHASEORDER-000245""]"
FF-CUSTOMER-001745,Rework Completed,2023-08-19T11:14:00Z,finance_posting,FF-R-00021874,USR-110,"[""FF-CUSTOMER-001745"",""FF-BOMREVISION-000245""]"
FF-CUSTOMER-001745,Final Inspection Passed,2023-08-19T11:51:00Z,commercial_document,FF-R-00021875,USR-111,"[""FF-CUSTOMER-001745"",""FF-WORKORDER-000245""]"
FF-CUSTOMER-001776,Rework Completed,2023-08-20T00:09:00Z,finance_posting,FF-R-00021917,USR-002,"[""FF-CUSTOMER-001776"",""FF-BOMREVISION-000276""]"
FF-CUSTOMER-001750,Final Inspection Failed,2023-08-20T01:00:00Z,engineering_execution,FF-R-00021927,USR-070,"[""FF-CUSTOMER-001750"",""FF-OPERATION-000250"",""FF-GOODSRECEIPT-000250""]"
FF-CUSTOMER-001750,Rework Ordered,2023-08-20T01:37:00Z,fulfilment_record,FF-R-00021928,USR-067,"[""FF-CUSTOMER-001750"",""FF-ENGINEERINGCHANGE-000250""]"
FF-CUSTOMER-001750,Rework Completed,2023-08-20T02:14:00Z,finance_posting,FF-R-00021929,USR-068,"[""FF-CUSTOMER-001750"",""FF-BOMREVISION-000250"",""FF-PURCHASEORDERLINE-000250""]"
FF-CUSTOMER-001750,Final Inspection Passed,2023-08-20T02:51:00Z,commercial_document,FF-R-00021930,USR-069,"[""FF-CUSTOMER-001750"",""FF-WORKORDER-000250""]"
FF-CUSTOMER-001781,Rework Ordered,2023-08-20T09:13:00Z,fulfilment_record,FF-R-00021957,USR-086,"[""FF-CUSTOMER-001781"",""FF-ENGINEERINGCHANGE-000281"",""FF-PURCHASEORDER-000281""]"
FF-CUSTOMER-001755,Final Inspection Failed,2023-08-20T16:00:00Z,engineering_execution,FF-R-00021991,USR-028,"[""FF-CUSTOMER-001755"",""FF-OPERATION-000255"",""FF-GOODSRECEIPT-000255""]"
FF-CUSTOMER-001755,Rework Ordered,2023-08-20T16:37:00Z,fulfilment_record,FF-R-00021992,USR-025,"[""FF-CUSTOMER-001755"",""FF-ENGINEERINGCHANGE-000255""]"
FF-CUSTOMER-001755,Rework Completed,2023-08-20T17:14:00Z,finance_posting,FF-R-00021993,USR-026,"[""FF-CUSTOMER-001755"",""FF-BOMREVISION-000255"",""FF-PURCHASEORDERLINE-000255""]"
FF-CUSTOMER-001755,Final Inspection Passed,2023-08-20T17:51:00Z,commercial_document,FF-R-00021994,USR-027,"[""FF-CUSTOMER-001755"",""FF-WORKORDER-000255""]"
FF-CUSTOMER-001782,Final Inspection Failed,2023-08-21T06:17:00Z,engineering_execution,FF-R-00022041,USR-106,"[""FF-CUSTOMER-001782"",""FF-OPERATION-000282"",""FF-GOODSRECEIPT-000282""]"
FF-CUSTOMER-001760,Final Inspection Failed,2023-08-21T07:00:00Z,engineering_execution,FF-R-00022050,USR-113,"[""FF-CUSTOMER-001760"",""FF-OPERATION-000260"",""FF-GOODSRECEIPT-000260""]"
FF-CUSTOMER-001760,Rework Ordered,2023-08-21T07:37:00Z,fulfilment_record,FF-R-00022051,USR-110,"[""FF-CUSTOMER-001760"",""FF-ENGINEERINGCHANGE-000260""]"
FF-CUSTOMER-001760,Rework Completed,2023-08-21T08:14:00Z,finance_posting,FF-R-00022052,USR-111,"[""FF-CUSTOMER-001760"",""FF-BOMREVISION-000260"",""FF-PURCHASEORDERLINE-000260""]"
FF-CUSTOMER-001760,Final Inspection Passed,2023-08-21T08:51:00Z,commercial_document,FF-R-00022053,USR-112,"[""FF-CUSTOMER-001760"",""FF-WORKORDER-000260""]"
FF-CUSTOMER-001765,Final Inspection Failed,2023-08-21T22:00:00Z,engineering_execution,FF-R-00022112,USR-071,"[""FF-CUSTOMER-001765"",""FF-OPERATION-000265"",""FF-GOODSRECEIPT-000265""]"
FF-CUSTOMER-001765,Rework Ordered,2023-08-21T22:37:00Z,fulfilment_record,FF-R-00022113,USR-068,"[""FF-CUSTOMER-001765"",""FF-ENGINEERINGCHANGE-000265""]"
FF-CUSTOMER-001765,Rework Completed,2023-08-21T23:14:00Z,finance_posting,FF-R-00022114,USR-069,"[""FF-CUSTOMER-001765"",""FF-BOMREVISION-000265"",""FF-PURCHASEORDERLINE-000265""]"
FF-CUSTOMER-001765,Final Inspection Passed,2023-08-21T23:51:00Z,commercial_document,FF-R-00022115,USR-070,"[""FF-CUSTOMER-001765"",""FF-WORKORDER-000265""]"
FF-CUSTOMER-001794,Final Inspection Passed,2023-08-22T12:28:00Z,commercial_document,FF-R-00022169,USR-055,"[""FF-CUSTOMER-001794"",""FF-WORKORDER-000294""]"
FF-CUSTOMER-001770,Final Inspection Failed,2023-08-22T13:00:00Z,engineering_execution,FF-R-00022171,USR-029,"[""FF-CUSTOMER-001770"",""FF-OPERATION-000270""]"
FF-CUSTOMER-001770,Rework Ordered,2023-08-22T13:37:00Z,fulfilment_record,FF-R-00022172,USR-026,"[""FF-CUSTOMER-001770"",""FF-ENGINEERINGCHANGE-000270""]"
FF-CUSTOMER-001770,Rework Completed,2023-08-22T14:14:00Z,finance_posting,FF-R-00022173,USR-027,"[""FF-CUSTOMER-001770"",""FF-BOMREVISION-000270""]"
FF-CUSTOMER-001770,Final Inspection Passed,2023-08-22T14:51:00Z,commercial_document,FF-R-00022174,USR-028,"[""FF-CUSTOMER-001770"",""FF-WORKORDER-000270"",""FF-SUPPLIER-000270""]"
FF-CUSTOMER-001800,Rework Ordered,2023-08-22T18:32:00Z,fulfilment_record,FF-R-00022195,USR-028,"[""FF-CUSTOMER-001800"",""FF-ENGINEERINGCHANGE-000300""]"
FF-CUSTOMER-001799,Rework Completed,2023-08-22T21:32:00Z,finance_posting,FF-R-00022207,USR-012,"[""FF-CUSTOMER-001799"",""FF-BOMREVISION-000299""]"
FF-CUSTOMER-001775,Final Inspection Failed,2023-08-23T04:00:00Z,engineering_execution,FF-R-00022233,USR-114,"[""FF-CUSTOMER-001775"",""FF-OPERATION-000275"",""FF-GOODSRECEIPT-000275""]"
FF-CUSTOMER-001775,Rework Ordered,2023-08-23T04:37:00Z,fulfilment_record,FF-R-00022234,USR-111,"[""FF-CUSTOMER-001775"",""FF-ENGINEERINGCHANGE-000275""]"
FF-CUSTOMER-001775,Rework Completed,2023-08-23T05:14:00Z,finance_posting,FF-R-00022235,USR-112,"[""FF-CUSTOMER-001775"",""FF-BOMREVISION-000275"",""FF-PURCHASEORDERLINE-000275""]"
FF-CUSTOMER-001775,Final Inspection Passed,2023-08-23T05:51:00Z,commercial_document,FF-R-00022236,USR-113,"[""FF-CUSTOMER-001775"",""FF-WORKORDER-000275""]"
FF-CUSTOMER-001780,Final Inspection Failed,2023-08-23T19:00:00Z,engineering_execution,FF-R-00022292,USR-072,"[""FF-CUSTOMER-001780"",""FF-OPERATION-000280"",""FF-GOODSRECEIPT-000280""]"
FF-CUSTOMER-001780,Rework Ordered,2023-08-23T19:37:00Z,fulfilment_record,FF-R-00022293,USR-069,"[""FF-CUSTOMER-001780"",""FF-ENGINEERINGCHANGE-000280""]"
FF-CUSTOMER-001780,Rework Completed,2023-08-23T20:14:00Z,finance_posting,FF-R-00022294,USR-070,"[""FF-CUSTOMER-001780"",""FF-BOMREVISION-000280"",""FF-PURCHASEORDERLINE-000280""]"
FF-CUSTOMER-001780,Final Inspection Passed,2023-08-23T20:51:00Z,commercial_document,FF-R-00022295,USR-071,"[""FF-CUSTOMER-001780"",""FF-WORKORDER-000280""]"
FF-CUSTOMER-001785,Final Inspection Failed,2023-08-24T10:00:00Z,engineering_execution,FF-R-00022352,USR-030,"[""FF-CUSTOMER-001785"",""FF-OPERATION-000285""]"
FF-CUSTOMER-001785,Rework Ordered,2023-08-24T10:37:00Z,fulfilment_record,FF-R-00022353,USR-027,"[""FF-CUSTOMER-001785"",""FF-ENGINEERINGCHANGE-000285"",""FF-PURCHASEORDER-000285""]"
FF-CUSTOMER-001785,Rework Completed,2023-08-24T11:14:00Z,finance_posting,FF-R-00022354,USR-028,"[""FF-CUSTOMER-001785"",""FF-BOMREVISION-000285""]"
FF-CUSTOMER-001785,Final Inspection Passed,2023-08-24T11:51:00Z,commercial_document,FF-R-00022355,USR-029,"[""FF-CUSTOMER-001785"",""FF-WORKORDER-000285"",""FF-SUPPLIER-000285""]"
FF-CUSTOMER-001790,Final Inspection Failed,2023-08-25T01:00:00Z,engineering_execution,FF-R-00022410,USR-115,"[""FF-CUSTOMER-001790"",""FF-OPERATION-000290"",""FF-GOODSRECEIPT-000290""]"
FF-CUSTOMER-001790,Rework Ordered,2023-08-25T01:37:00Z,fulfilment_record,FF-R-00022411,USR-112,"[""FF-CUSTOMER-001790"",""FF-ENGINEERINGCHANGE-000290""]"
FF-CUSTOMER-001790,Rework Completed,2023-08-25T02:14:00Z,finance_posting,FF-R-00022412,USR-113,"[""FF-CUSTOMER-001790"",""FF-BOMREVISION-000290"",""FF-PURCHASEORDERLINE-000290""]"
FF-CUSTOMER-001790,Final Inspection Passed,2023-08-25T02:51:00Z,commercial_document,FF-R-00022413,USR-114,"[""FF-CUSTOMER-001790"",""FF-WORKORDER-000290""]"
FF-CUSTOMER-001813,Final Inspection Failed,2023-08-25T03:48:00Z,engineering_execution,FF-R-00022424,USR-125,"[""FF-CUSTOMER-001813"",""FF-OPERATION-000313"",""FF-GOODSRECEIPT-000313""]"
FF-CUSTOMER-001819,Rework Ordered,2023-08-25T03:51:00Z,fulfilment_record,FF-R-00022425,USR-097,"[""FF-CUSTOMER-001819"",""FF-ENGINEERINGCHANGE-000319""]"
FF-CUSTOMER-001795,Final Inspection Failed,2023-08-25T16:00:00Z,engineering_execution,FF-R-00022471,USR-073,"[""FF-CUSTOMER-001795"",""FF-OPERATION-000295"",""FF-GOODSRECEIPT-000295""]"
FF-CUSTOMER-001795,Rework Ordered,2023-08-25T16:37:00Z,fulfilment_record,FF-R-00022472,USR-070,"[""FF-CUSTOMER-001795"",""FF-ENGINEERINGCHANGE-000295""]"
FF-CUSTOMER-001795,Rework Completed,2023-08-25T17:14:00Z,finance_posting,FF-R-00022473,USR-071,"[""FF-CUSTOMER-001795"",""FF-BOMREVISION-000295"",""FF-PURCHASEORDERLINE-000295""]"
FF-CUSTOMER-001795,Final Inspection Passed,2023-08-25T17:51:00Z,commercial_document,FF-R-00022474,USR-072,"[""FF-CUSTOMER-001795"",""FF-WORKORDER-000295""]"
FF-CUSTOMER-001822,Rework Completed,2023-08-25T18:02:00Z,finance_posting,FF-R-00022475,USR-022,"[""FF-CUSTOMER-001822"",""FF-BOMREVISION-000322""]"
FF-CUSTOMER-001823,Final Inspection Passed,2023-08-26T03:04:00Z,commercial_document,FF-R-00022511,USR-040,"[""FF-CUSTOMER-001823"",""FF-WORKORDER-000323""]"
FF-CUSTOMER-001800,Final Inspection Failed,2023-08-26T07:00:00Z,engineering_execution,FF-R-00022533,USR-031,"[""FF-CUSTOMER-001800"",""FF-OPERATION-000300"",""FF-GOODSRECEIPT-000300""]"
FF-CUSTOMER-001800,Rework Ordered,2023-08-26T07:37:00Z,fulfilment_record,FF-R-00022534,USR-028,"[""FF-CUSTOMER-001800"",""FF-ENGINEERINGCHANGE-000300""]"
FF-CUSTOMER-001800,Rework Completed,2023-08-26T08:14:00Z,finance_posting,FF-R-00022535,USR-029,"[""FF-CUSTOMER-001800"",""FF-BOMREVISION-000300"",""FF-PURCHASEORDERLINE-000300""]"
FF-CUSTOMER-001800,Final Inspection Passed,2023-08-26T08:51:00Z,commercial_document,FF-R-00022536,USR-030,"[""FF-CUSTOMER-001800"",""FF-WORKORDER-000300""]"
FF-CUSTOMER-001805,Final Inspection Failed,2023-08-26T22:00:00Z,engineering_execution,FF-R-00022591,USR-116,"[""FF-CUSTOMER-001805"",""FF-OPERATION-000305""]"
FF-CUSTOMER-001805,Rework Ordered,2023-08-26T22:37:00Z,fulfilment_record,FF-R-00022592,USR-113,"[""FF-CUSTOMER-001805"",""FF-ENGINEERINGCHANGE-000305"",""FF-PURCHASEORDER-000305""]"
FF-CUSTOMER-001805,Rework Completed,2023-08-26T23:14:00Z,finance_posting,FF-R-00022593,USR-114,"[""FF-CUSTOMER-001805"",""FF-BOMREVISION-000305""]"
FF-CUSTOMER-001805,Final Inspection Passed,2023-08-26T23:51:00Z,commercial_document,FF-R-00022594,USR-115,"[""FF-CUSTOMER-001805"",""FF-WORKORDER-000305""]"
FF-CUSTOMER-001838,Rework Ordered,2023-08-27T12:17:00Z,fulfilment_record,FF-R-00022642,USR-039,"[""FF-CUSTOMER-001838"",""FF-ENGINEERINGCHANGE-000338""]"
FF-CUSTOMER-001810,Final Inspection Failed,2023-08-27T13:00:00Z,engineering_execution,FF-R-00022653,USR-074,"[""FF-CUSTOMER-001810"",""FF-OPERATION-000310""]"
FF-CUSTOMER-001810,Rework Ordered,2023-08-27T13:37:00Z,fulfilment_record,FF-R-00022654,USR-071,"[""FF-CUSTOMER-001810"",""FF-ENGINEERINGCHANGE-000310"",""FF-PURCHASEORDER-000310""]"
FF-CUSTOMER-001810,Rework Completed,2023-08-27T14:14:00Z,finance_posting,FF-R-00022655,USR-072,"[""FF-CUSTOMER-001810"",""FF-BOMREVISION-000310""]"
FF-CUSTOMER-001810,Final Inspection Passed,2023-08-27T14:51:00Z,commercial_document,FF-R-00022656,USR-073,"[""FF-CUSTOMER-001810"",""FF-WORKORDER-000310""]"
FF-CUSTOMER-001815,Final Inspection Failed,2023-08-28T04:00:00Z,engineering_execution,FF-R-00022710,USR-032,"[""FF-CUSTOMER-001815"",""FF-OPERATION-000315""]"
FF-CUSTOMER-001815,Rework Ordered,2023-08-28T04:37:00Z,fulfilment_record,FF-R-00022711,USR-029,"[""FF-CUSTOMER-001815"",""FF-ENGINEERINGCHANGE-000315"",""FF-PURCHASEORDER-000315""]"
FF-CUSTOMER-001815,Rework Completed,2023-08-28T05:14:00Z,finance_posting,FF-R-00022712,USR-030,"[""FF-CUSTOMER-001815"",""FF-BOMREVISION-000315""]"
FF-CUSTOMER-001815,Final Inspection Passed,2023-08-28T05:51:00Z,commercial_document,FF-R-00022713,USR-031,"[""FF-CUSTOMER-001815"",""FF-WORKORDER-000315""]"
FF-CUSTOMER-001845,Rework Completed,2023-08-28T15:25:00Z,finance_posting,FF-R-00022760,USR-032,"[""FF-CUSTOMER-001845"",""FF-BOMREVISION-000345""]"
FF-CUSTOMER-001820,Final Inspection Failed,2023-08-28T19:00:00Z,engineering_execution,FF-R-00022774,USR-117,"[""FF-CUSTOMER-001820"",""FF-OPERATION-000320""]"
FF-CUSTOMER-001820,Rework Ordered,2023-08-28T19:37:00Z,fulfilment_record,FF-R-00022775,USR-114,"[""FF-CUSTOMER-001820"",""FF-ENGINEERINGCHANGE-000320""]"
FF-CUSTOMER-001820,Rework Completed,2023-08-28T20:14:00Z,finance_posting,FF-R-00022776,USR-115,"[""FF-CUSTOMER-001820"",""FF-BOMREVISION-000320""]"
FF-CUSTOMER-001820,Final Inspection Passed,2023-08-28T20:51:00Z,commercial_document,FF-R-00022777,USR-116,"[""FF-CUSTOMER-001820"",""FF-WORKORDER-000320"",""FF-SUPPLIER-000320""]"
FF-CUSTOMER-001844,Final Inspection Failed,2023-08-29T00:26:00Z,engineering_execution,FF-R-00022798,USR-017,"[""FF-CUSTOMER-001844"",""FF-OPERATION-000344""]"
FF-CUSTOMER-001825,Final Inspection Failed,2023-08-29T10:00:00Z,engineering_execution,FF-R-00022831,USR-075,"[""FF-CUSTOMER-001825"",""FF-OPERATION-000325"",""FF-GOODSRECEIPT-000325""]"
FF-CUSTOMER-001825,Rework Ordered,2023-08-29T10:37:00Z,fulfilment_record,FF-R-00022832,USR-072,"[""FF-CUSTOMER-001825"",""FF-ENGINEERINGCHANGE-000325""]"
FF-CUSTOMER-001825,Rework Completed,2023-08-29T11:14:00Z,finance_posting,FF-R-00022833,USR-073,"[""FF-CUSTOMER-001825"",""FF-BOMREVISION-000325"",""FF-PURCHASEORDERLINE-000325""]"
FF-CUSTOMER-001825,Final Inspection Passed,2023-08-29T11:51:00Z,commercial_document,FF-R-00022834,USR-074,"[""FF-CUSTOMER-001825"",""FF-WORKORDER-000325""]"
FF-CUSTOMER-001852,Final Inspection Passed,2023-08-29T18:33:00Z,commercial_document,FF-R-00022865,USR-025,"[""FF-CUSTOMER-001852"",""FF-WORKORDER-000352"",""FF-SUPPLIER-000352""]"
FF-CUSTOMER-001857,Rework Ordered,2023-08-29T21:36:00Z,fulfilment_record,FF-R-00022880,USR-108,"[""FF-CUSTOMER-001857"",""FF-ENGINEERINGCHANGE-000357""]"
FF-CUSTOMER-001830,Final Inspection Failed,2023-08-30T01:00:00Z,engineering_execution,FF-R-00022897,USR-033,"[""FF-CUSTOMER-001830"",""FF-OPERATION-000330""]"
FF-CUSTOMER-001830,Rework Ordered,2023-08-30T01:37:00Z,fulfilment_record,FF-R-00022898,USR-030,"[""FF-CUSTOMER-001830"",""FF-ENGINEERINGCHANGE-000330"",""FF-PURCHASEORDER-000330""]"
FF-CUSTOMER-001830,Rework Completed,2023-08-30T02:14:00Z,finance_posting,FF-R-00022899,USR-031,"[""FF-CUSTOMER-001830"",""FF-BOMREVISION-000330""]"
FF-CUSTOMER-001830,Final Inspection Passed,2023-08-30T02:51:00Z,commercial_document,FF-R-00022900,USR-032,"[""FF-CUSTOMER-001830"",""FF-WORKORDER-000330"",""FF-SUPPLIER-000330""]"
FF-CUSTOMER-001835,Final Inspection Failed,2023-08-30T16:00:00Z,engineering_execution,FF-R-00022955,USR-118,"[""FF-CUSTOMER-001835"",""FF-OPERATION-000335"",""FF-GOODSRECEIPT-000335""]"
FF-CUSTOMER-001835,Rework Ordered,2023-08-30T16:37:00Z,fulfilment_record,FF-R-00022956,USR-115,"[""FF-CUSTOMER-001835"",""FF-ENGINEERINGCHANGE-000335""]"
FF-CUSTOMER-001835,Rework Completed,2023-08-30T17:14:00Z,finance_posting,FF-R-00022957,USR-116,"[""FF-CUSTOMER-001835"",""FF-BOMREVISION-000335"",""FF-PURCHASEORDERLINE-000335""]"
FF-CUSTOMER-001835,Final Inspection Passed,2023-08-30T17:51:00Z,commercial_document,FF-R-00022958,USR-117,"[""FF-CUSTOMER-001835"",""FF-WORKORDER-000335""]"
FF-CUSTOMER-001840,Final Inspection Failed,2023-08-31T07:00:00Z,engineering_execution,FF-R-00023015,USR-076,"[""FF-CUSTOMER-001840"",""FF-OPERATION-000340"",""FF-GOODSRECEIPT-000340""]"
FF-CUSTOMER-001840,Rework Ordered,2023-08-31T07:37:00Z,fulfilment_record,FF-R-00023016,USR-073,"[""FF-CUSTOMER-001840"",""FF-ENGINEERINGCHANGE-000340""]"
FF-CUSTOMER-001840,Rework Completed,2023-08-31T08:14:00Z,finance_posting,FF-R-00023017,USR-074,"[""FF-CUSTOMER-001840"",""FF-BOMREVISION-000340"",""FF-PURCHASEORDERLINE-000340""]"
FF-CUSTOMER-001840,Final Inspection Passed,2023-08-31T08:51:00Z,commercial_document,FF-R-00023018,USR-075,"[""FF-CUSTOMER-001840"",""FF-WORKORDER-000340""]"
FF-CUSTOMER-001868,Rework Completed,2023-08-31T12:48:00Z,finance_posting,FF-R-00023040,USR-042,"[""FF-CUSTOMER-001868"",""FF-BOMREVISION-000368""]"
FF-CUSTOMER-001845,Final Inspection Failed,2023-08-31T22:00:00Z,engineering_execution,FF-R-00023074,USR-034,"[""FF-CUSTOMER-001845"",""FF-OPERATION-000345""]"
FF-CUSTOMER-001845,Rework Ordered,2023-08-31T22:37:00Z,fulfilment_record,FF-R-00023075,USR-031,"[""FF-CUSTOMER-001845"",""FF-ENGINEERINGCHANGE-000345"",""FF-PURCHASEORDER-000345""]"
FF-CUSTOMER-001845,Rework Completed,2023-08-31T23:14:00Z,finance_posting,FF-R-00023076,USR-032,"[""FF-CUSTOMER-001845"",""FF-BOMREVISION-000345""]"
FF-CUSTOMER-001845,Final Inspection Passed,2023-08-31T23:51:00Z,commercial_document,FF-R-00023077,USR-033,"[""FF-CUSTOMER-001845"",""FF-WORKORDER-000345"",""FF-SUPPLIER-000345""]"
FF-CUSTOMER-001876,Rework Ordered,2023-09-01T06:02:00Z,fulfilment_record,FF-R-00023098,USR-050,"[""FF-CUSTOMER-001876"",""FF-ENGINEERINGCHANGE-000376"",""FF-PURCHASEORDER-000376""]"
FF-CUSTOMER-001850,Final Inspection Failed,2023-09-01T13:00:00Z,engineering_execution,FF-R-00023132,USR-119,"[""FF-CUSTOMER-001850"",""FF-OPERATION-000350"",""FF-GOODSRECEIPT-000350""]"
FF-CUSTOMER-001850,Rework Ordered,2023-09-01T13:37:00Z,fulfilment_record,FF-R-00023133,USR-116,"[""FF-CUSTOMER-001850"",""FF-ENGINEERINGCHANGE-000350""]"
FF-CUSTOMER-001850,Rework Completed,2023-09-01T14:14:00Z,finance_posting,FF-R-00023134,USR-117,"[""FF-CUSTOMER-001850"",""FF-BOMREVISION-000350"",""FF-PURCHASEORDERLINE-000350""]"
FF-CUSTOMER-001850,Final Inspection Passed,2023-09-01T14:51:00Z,commercial_document,FF-R-00023135,USR-118,"[""FF-CUSTOMER-001850"",""FF-WORKORDER-000350""]"
FF-CUSTOMER-001875,Final Inspection Failed,2023-09-01T21:04:00Z,engineering_execution,FF-R-00023161,USR-036,"[""FF-CUSTOMER-001875"",""FF-OPERATION-000375""]"
FF-CUSTOMER-001855,Final Inspection Failed,2023-09-02T04:00:00Z,engineering_execution,FF-R-00023193,USR-077,"[""FF-CUSTOMER-001855"",""FF-OPERATION-000355"",""FF-GOODSRECEIPT-000355""]"
FF-CUSTOMER-001855,Rework Ordered,2023-09-02T04:37:00Z,fulfilment_record,FF-R-00023194,USR-074,"[""FF-CUSTOMER-001855"",""FF-ENGINEERINGCHANGE-000355""]"
FF-CUSTOMER-001855,Rework Completed,2023-09-02T05:14:00Z,finance_posting,FF-R-00023195,USR-075,"[""FF-CUSTOMER-001855"",""FF-BOMREVISION-000355"",""FF-PURCHASEORDERLINE-000355""]"
FF-CUSTOMER-001855,Final Inspection Passed,2023-09-02T05:51:00Z,commercial_document,FF-R-00023196,USR-076,"[""FF-CUSTOMER-001855"",""FF-WORKORDER-000355""]"
FF-CUSTOMER-001881,Final Inspection Passed,2023-09-02T09:09:00Z,commercial_document,FF-R-00023211,USR-010,"[""FF-CUSTOMER-001881"",""FF-WORKORDER-000381""]"
FF-CUSTOMER-001860,Final Inspection Failed,2023-09-02T19:00:00Z,engineering_execution,FF-R-00023253,USR-035,"[""FF-CUSTOMER-001860"",""FF-OPERATION-000360"",""FF-GOODSRECEIPT-000360""]"
FF-CUSTOMER-001860,Rework Ordered,2023-09-02T19:37:00Z,fulfilment_record,FF-R-00023254,USR-032,"[""FF-CUSTOMER-001860"",""FF-ENGINEERINGCHANGE-000360""]"
FF-CUSTOMER-001860,Rework Completed,2023-09-02T20:14:00Z,finance_posting,FF-R-00023255,USR-033,"[""FF-CUSTOMER-001860"",""FF-BOMREVISION-000360"",""FF-PURCHASEORDERLINE-000360""]"
FF-CUSTOMER-001860,Final Inspection Passed,2023-09-02T20:51:00Z,commercial_document,FF-R-00023256,USR-034,"[""FF-CUSTOMER-001860"",""FF-WORKORDER-000360""]"
FF-CUSTOMER-001891,Rework Completed,2023-09-03T09:18:00Z,finance_posting,FF-R-00023304,USR-052,"[""FF-CUSTOMER-001891"",""FF-BOMREVISION-000391""]"
FF-CUSTOMER-001865,Final Inspection Failed,2023-09-03T10:00:00Z,engineering_execution,FF-R-00023315,USR-120,"[""FF-CUSTOMER-001865"",""FF-OPERATION-000365""]"
FF-CUSTOMER-001865,Rework Ordered,2023-09-03T10:37:00Z,fulfilment_record,FF-R-00023316,USR-117,"[""FF-CUSTOMER-001865"",""FF-ENGINEERINGCHANGE-000365"",""FF-PURCHASEORDER-000365""]"
FF-CUSTOMER-001865,Rework Completed,2023-09-03T11:14:00Z,finance_posting,FF-R-00023317,USR-118,"[""FF-CUSTOMER-001865"",""FF-BOMREVISION-000365""]"
FF-CUSTOMER-001865,Final Inspection Passed,2023-09-03T11:51:00Z,commercial_document,FF-R-00023318,USR-119,"[""FF-CUSTOMER-001865"",""FF-WORKORDER-000365""]"
FF-CUSTOMER-001895,Rework Ordered,2023-09-03T15:21:00Z,fulfilment_record,FF-R-00023333,USR-119,"[""FF-CUSTOMER-001895"",""FF-ENGINEERINGCHANGE-000395"",""FF-PURCHASEORDER-000395""]"
FF-CUSTOMER-001870,Final Inspection Failed,2023-09-04T01:00:00Z,engineering_execution,FF-R-00023374,USR-078,"[""FF-CUSTOMER-001870"",""FF-OPERATION-000370""]"
FF-CUSTOMER-001870,Rework Ordered,2023-09-04T01:37:00Z,fulfilment_record,FF-R-00023375,USR-075,"[""FF-CUSTOMER-001870"",""FF-ENGINEERINGCHANGE-000370""]"
FF-CUSTOMER-001870,Rework Completed,2023-09-04T02:14:00Z,finance_posting,FF-R-00023376,USR-076,"[""FF-CUSTOMER-001870"",""FF-BOMREVISION-000370""]"
FF-CUSTOMER-001870,Final Inspection Passed,2023-09-04T02:51:00Z,commercial_document,FF-R-00023377,USR-077,"[""FF-CUSTOMER-001870"",""FF-WORKORDER-000370"",""FF-SUPPLIER-000370""]"
FF-CUSTOMER-001875,Final Inspection Failed,2023-09-04T16:00:00Z,engineering_execution,FF-R-00023436,USR-036,"[""FF-CUSTOMER-001875"",""FF-OPERATION-000375"",""FF-GOODSRECEIPT-000375""]"
FF-CUSTOMER-001875,Rework Ordered,2023-09-04T16:37:00Z,fulfilment_record,FF-R-00023437,USR-033,"[""FF-CUSTOMER-001875"",""FF-ENGINEERINGCHANGE-000375""]"
FF-CUSTOMER-001875,Rework Completed,2023-09-04T17:14:00Z,finance_posting,FF-R-00023438,USR-034,"[""FF-CUSTOMER-001875"",""FF-BOMREVISION-000375"",""FF-PURCHASEORDERLINE-000375""]"
FF-CUSTOMER-001875,Final Inspection Passed,2023-09-04T17:51:00Z,commercial_document,FF-R-00023439,USR-035,"[""FF-CUSTOMER-001875"",""FF-WORKORDER-000375""]"
FF-CUSTOMER-001880,Final Inspection Failed,2023-09-05T07:00:00Z,engineering_execution,FF-R-00023493,USR-121,"[""FF-CUSTOMER-001880"",""FF-OPERATION-000380""]"
FF-CUSTOMER-001880,Rework Ordered,2023-09-05T07:37:00Z,fulfilment_record,FF-R-00023494,USR-118,"[""FF-CUSTOMER-001880"",""FF-ENGINEERINGCHANGE-000380""]"
FF-CUSTOMER-001880,Rework Completed,2023-09-05T08:14:00Z,finance_posting,FF-R-00023495,USR-119,"[""FF-CUSTOMER-001880"",""FF-BOMREVISION-000380""]"
FF-CUSTOMER-001880,Final Inspection Passed,2023-09-05T08:51:00Z,commercial_document,FF-R-00023496,USR-120,"[""FF-CUSTOMER-001880"",""FF-WORKORDER-000380"",""FF-SUPPLIER-000380""]"
FF-CUSTOMER-001906,Final Inspection Failed,2023-09-05T18:35:00Z,engineering_execution,FF-R-00023542,USR-055,"[""FF-CUSTOMER-001906"",""FF-OPERATION-000406""]"
FF-CUSTOMER-001885,Final Inspection Failed,2023-09-05T22:00:00Z,engineering_execution,FF-R-00023557,USR-079,"[""FF-CUSTOMER-001885"",""FF-OPERATION-000385"",""FF-GOODSRECEIPT-000385""]"
FF-CUSTOMER-001885,Rework Ordered,2023-09-05T22:37:00Z,fulfilment_record,FF-R-00023558,USR-076,"[""FF-CUSTOMER-001885"",""FF-ENGINEERINGCHANGE-000385""]"
FF-CUSTOMER-001885,Rework Completed,2023-09-05T23:14:00Z,finance_posting,FF-R-00023559,USR-077,"[""FF-CUSTOMER-001885"",""FF-BOMREVISION-000385"",""FF-PURCHASEORDERLINE-000385""]"
FF-CUSTOMER-001885,Final Inspection Passed,2023-09-05T23:51:00Z,commercial_document,FF-R-00023560,USR-078,"[""FF-CUSTOMER-001885"",""FF-WORKORDER-000385""]"
FF-CUSTOMER-001910,Final Inspection Passed,2023-09-06T00:38:00Z,commercial_document,FF-R-00023571,USR-122,"[""FF-CUSTOMER-001910"",""FF-WORKORDER-000410""]"
FF-CUSTOMER-001914,Rework Ordered,2023-09-06T00:40:00Z,fulfilment_record,FF-R-00023572,USR-061,"[""FF-CUSTOMER-001914"",""FF-ENGINEERINGCHANGE-000414""]"
FF-CUSTOMER-001914,Rework Completed,2023-09-06T06:41:00Z,finance_posting,FF-R-00023593,USR-062,"[""FF-CUSTOMER-001914"",""FF-BOMREVISION-000414"",""FF-PURCHASEORDERLINE-000414""]"
FF-CUSTOMER-001890,Final Inspection Failed,2023-09-06T13:00:00Z,engineering_execution,FF-R-00023616,USR-037,"[""FF-CUSTOMER-001890"",""FF-OPERATION-000390"",""FF-GOODSRECEIPT-000390""]"
FF-CUSTOMER-001890,Rework Ordered,2023-09-06T13:37:00Z,fulfilment_record,FF-R-00023617,USR-034,"[""FF-CUSTOMER-001890"",""FF-ENGINEERINGCHANGE-000390""]"
FF-CUSTOMER-001890,Rework Completed,2023-09-06T14:14:00Z,finance_posting,FF-R-00023618,USR-035,"[""FF-CUSTOMER-001890"",""FF-BOMREVISION-000390"",""FF-PURCHASEORDERLINE-000390""]"
FF-CUSTOMER-001890,Final Inspection Passed,2023-09-06T14:51:00Z,commercial_document,FF-R-00023619,USR-036,"[""FF-CUSTOMER-001890"",""FF-WORKORDER-000390""]"
FF-CUSTOMER-001895,Final Inspection Failed,2023-09-07T04:00:00Z,engineering_execution,FF-R-00023677,USR-122,"[""FF-CUSTOMER-001895"",""FF-OPERATION-000395"",""FF-GOODSRECEIPT-000395""]"
FF-CUSTOMER-001895,Rework Ordered,2023-09-07T04:37:00Z,fulfilment_record,FF-R-00023678,USR-119,"[""FF-CUSTOMER-001895"",""FF-ENGINEERINGCHANGE-000395""]"
FF-CUSTOMER-001895,Rework Completed,2023-09-07T05:14:00Z,finance_posting,FF-R-00023679,USR-120,"[""FF-CUSTOMER-001895"",""FF-BOMREVISION-000395"",""FF-PURCHASEORDERLINE-000395""]"
FF-CUSTOMER-001895,Final Inspection Passed,2023-09-07T05:51:00Z,commercial_document,FF-R-00023680,USR-121,"[""FF-CUSTOMER-001895"",""FF-WORKORDER-000395""]"
FF-CUSTOMER-001900,Final Inspection Failed,2023-09-07T19:00:00Z,engineering_execution,FF-R-00023735,USR-080,"[""FF-CUSTOMER-001900"",""FF-OPERATION-000400""]"
FF-CUSTOMER-001900,Rework Ordered,2023-09-07T19:37:00Z,fulfilment_record,FF-R-00023736,USR-077,"[""FF-CUSTOMER-001900"",""FF-ENGINEERINGCHANGE-000400"",""FF-PURCHASEORDER-000400""]"
FF-CUSTOMER-001900,Rework Completed,2023-09-07T20:14:00Z,finance_posting,FF-R-00023737,USR-078,"[""FF-CUSTOMER-001900"",""FF-BOMREVISION-000400""]"
FF-CUSTOMER-001900,Final Inspection Passed,2023-09-07T20:51:00Z,commercial_document,FF-R-00023738,USR-079,"[""FF-CUSTOMER-001900"",""FF-WORKORDER-000400"",""FF-SUPPLIER-000400""]"
FF-CUSTOMER-001933,Rework Ordered,2023-09-08T09:06:00Z,fulfilment_record,FF-R-00023784,USR-003,"[""FF-CUSTOMER-001933"",""FF-ENGINEERINGCHANGE-000433""]"
FF-CUSTOMER-001905,Final Inspection Failed,2023-09-08T10:00:00Z,engineering_execution,FF-R-00023796,USR-038,"[""FF-CUSTOMER-001905"",""FF-OPERATION-000405""]"
FF-CUSTOMER-001905,Rework Ordered,2023-09-08T10:37:00Z,fulfilment_record,FF-R-00023797,USR-035,"[""FF-CUSTOMER-001905"",""FF-ENGINEERINGCHANGE-000405""]"
FF-CUSTOMER-001905,Rework Completed,2023-09-08T11:14:00Z,finance_posting,FF-R-00023798,USR-036,"[""FF-CUSTOMER-001905"",""FF-BOMREVISION-000405""]"
FF-CUSTOMER-001905,Final Inspection Passed,2023-09-08T11:51:00Z,commercial_document,FF-R-00023799,USR-037,"[""FF-CUSTOMER-001905"",""FF-WORKORDER-000405"",""FF-SUPPLIER-000405""]"
FF-CUSTOMER-001910,Final Inspection Failed,2023-09-09T01:00:00Z,engineering_execution,FF-R-00023857,USR-123,"[""FF-CUSTOMER-001910"",""FF-OPERATION-000410"",""FF-GOODSRECEIPT-000410""]"
FF-CUSTOMER-001910,Rework Ordered,2023-09-09T01:37:00Z,fulfilment_record,FF-R-00023858,USR-120,"[""FF-CUSTOMER-001910"",""FF-ENGINEERINGCHANGE-000410""]"
FF-CUSTOMER-001910,Rework Completed,2023-09-09T02:14:00Z,finance_posting,FF-R-00023859,USR-121,"[""FF-CUSTOMER-001910"",""FF-BOMREVISION-000410"",""FF-PURCHASEORDERLINE-000410""]"
FF-CUSTOMER-001910,Final Inspection Passed,2023-09-09T02:51:00Z,commercial_document,FF-R-00023860,USR-122,"[""FF-CUSTOMER-001910"",""FF-WORKORDER-000410""]"
FF-CUSTOMER-001937,Rework Completed,2023-09-09T03:11:00Z,finance_posting,FF-R-00023862,USR-072,"[""FF-CUSTOMER-001937"",""FF-BOMREVISION-000437"",""FF-PURCHASEORDERLINE-000437""]"
FF-CUSTOMER-001937,Final Inspection Failed,2023-09-09T15:13:00Z,engineering_execution,FF-R-00023904,USR-074,"[""FF-CUSTOMER-001937"",""FF-OPERATION-000437""]"
FF-CUSTOMER-001939,Final Inspection Passed,2023-09-09T15:14:00Z,commercial_document,FF-R-00023905,USR-107,"[""FF-CUSTOMER-001939"",""FF-WORKORDER-000439""]"
FF-CUSTOMER-001915,Final Inspection Failed,2023-09-09T16:00:00Z,engineering_execution,FF-R-00023916,USR-081,"[""FF-CUSTOMER-001915"",""FF-OPERATION-000415""]"
FF-CUSTOMER-001915,Rework Ordered,2023-09-09T16:37:00Z,fulfilment_record,FF-R-00023917,USR-078,"[""FF-CUSTOMER-001915"",""FF-ENGINEERINGCHANGE-000415""]"
FF-CUSTOMER-001915,Rework Completed,2023-09-09T17:14:00Z,finance_posting,FF-R-00023918,USR-079,"[""FF-CUSTOMER-001915"",""FF-BOMREVISION-000415""]"
FF-CUSTOMER-001915,Final Inspection Passed,2023-09-09T17:51:00Z,commercial_document,FF-R-00023919,USR-080,"[""FF-CUSTOMER-001915"",""FF-WORKORDER-000415"",""FF-SUPPLIER-000415""]"
FF-CUSTOMER-001920,Final Inspection Failed,2023-09-10T07:00:00Z,engineering_execution,FF-R-00023977,USR-039,"[""FF-CUSTOMER-001920"",""FF-OPERATION-000420""]"
FF-CUSTOMER-001920,Rework Ordered,2023-09-10T07:37:00Z,fulfilment_record,FF-R-00023978,USR-036,"[""FF-CUSTOMER-001920"",""FF-ENGINEERINGCHANGE-000420""]"
FF-CUSTOMER-001920,Rework Completed,2023-09-10T08:14:00Z,finance_posting,FF-R-00023979,USR-037,"[""FF-CUSTOMER-001920"",""FF-BOMREVISION-000420""]"
FF-CUSTOMER-001920,Final Inspection Passed,2023-09-10T08:51:00Z,commercial_document,FF-R-00023980,USR-038,"[""FF-CUSTOMER-001920"",""FF-WORKORDER-000420"",""FF-SUPPLIER-000420""]"
FF-CUSTOMER-001952,Rework Ordered,2023-09-10T18:25:00Z,fulfilment_record,FF-R-00024021,USR-072,"[""FF-CUSTOMER-001952"",""FF-ENGINEERINGCHANGE-000452"",""FF-PURCHASEORDER-000452""]"
FF-CUSTOMER-001925,Final Inspection Failed,2023-09-10T22:00:00Z,engineering_execution,FF-R-00024035,USR-124,"[""FF-CUSTOMER-001925"",""FF-OPERATION-000425"",""FF-GOODSRECEIPT-000425""]"
FF-CUSTOMER-001925,Rework Ordered,2023-09-10T22:37:00Z,fulfilment_record,FF-R-00024036,USR-121,"[""FF-CUSTOMER-001925"",""FF-ENGINEERINGCHANGE-000425""]"
FF-CUSTOMER-001925,Rework Completed,2023-09-10T23:14:00Z,finance_posting,FF-R-00024037,USR-122,"[""FF-CUSTOMER-001925"",""FF-BOMREVISION-000425"",""FF-PURCHASEORDERLINE-000425""]"
FF-CUSTOMER-001925,Final Inspection Passed,2023-09-10T23:51:00Z,commercial_document,FF-R-00024038,USR-123,"[""FF-CUSTOMER-001925"",""FF-WORKORDER-000425""]"
FF-CUSTOMER-001930,Final Inspection Failed,2023-09-11T13:00:00Z,engineering_execution,FF-R-00024097,USR-082,"[""FF-CUSTOMER-001930"",""FF-OPERATION-000430"",""FF-GOODSRECEIPT-000430""]"
FF-CUSTOMER-001930,Rework Ordered,2023-09-11T13:37:00Z,fulfilment_record,FF-R-00024098,USR-079,"[""FF-CUSTOMER-001930"",""FF-ENGINEERINGCHANGE-000430""]"
FF-CUSTOMER-001930,Rework Completed,2023-09-11T14:14:00Z,finance_posting,FF-R-00024099,USR-080,"[""FF-CUSTOMER-001930"",""FF-BOMREVISION-000430"",""FF-PURCHASEORDERLINE-000430""]"
FF-CUSTOMER-001930,Final Inspection Passed,2023-09-11T14:51:00Z,commercial_document,FF-R-00024100,USR-081,"[""FF-CUSTOMER-001930"",""FF-WORKORDER-000430""]"
FF-CUSTOMER-001960,Rework Completed,2023-09-12T00:34:00Z,finance_posting,FF-R-00024144,USR-082,"[""FF-CUSTOMER-001960"",""FF-BOMREVISION-000460""]"
FF-CUSTOMER-001935,Final Inspection Failed,2023-09-12T04:00:00Z,engineering_execution,FF-R-00024157,USR-040,"[""FF-CUSTOMER-001935"",""FF-OPERATION-000435""]"
FF-CUSTOMER-001935,Rework Ordered,2023-09-12T04:37:00Z,fulfilment_record,FF-R-00024158,USR-037,"[""FF-CUSTOMER-001935"",""FF-ENGINEERINGCHANGE-000435"",""FF-PURCHASEORDER-000435""]"
FF-CUSTOMER-001935,Rework Completed,2023-09-12T05:14:00Z,finance_posting,FF-R-00024159,USR-038,"[""FF-CUSTOMER-001935"",""FF-BOMREVISION-000435""]"
FF-CUSTOMER-001935,Final Inspection Passed,2023-09-12T05:51:00Z,commercial_document,FF-R-00024160,USR-039,"[""FF-CUSTOMER-001935"",""FF-WORKORDER-000435"",""FF-SUPPLIER-000435""]"
FF-CUSTOMER-001940,Final Inspection Failed,2023-09-12T19:00:00Z,engineering_execution,FF-R-00024219,USR-125,"[""FF-CUSTOMER-001940"",""FF-OPERATION-000440"",""FF-GOODSRECEIPT-000440""]"
FF-CUSTOMER-001940,Rework Ordered,2023-09-12T19:37:00Z,fulfilment_record,FF-R-00024220,USR-122,"[""FF-CUSTOMER-001940"",""FF-ENGINEERINGCHANGE-000440""]"
FF-CUSTOMER-001940,Rework Completed,2023-09-12T20:14:00Z,finance_posting,FF-R-00024221,USR-123,"[""FF-CUSTOMER-001940"",""FF-BOMREVISION-000440"",""FF-PURCHASEORDERLINE-000440""]"
FF-CUSTOMER-001940,Final Inspection Passed,2023-09-12T20:51:00Z,commercial_document,FF-R-00024222,USR-124,"[""FF-CUSTOMER-001940"",""FF-WORKORDER-000440""]"
FF-CUSTOMER-001971,Rework Ordered,2023-09-13T03:44:00Z,fulfilment_record,FF-R-00024255,USR-014,"[""FF-CUSTOMER-001971"",""FF-ENGINEERINGCHANGE-000471"",""FF-PURCHASEORDER-000471""]"
FF-CUSTOMER-001968,Final Inspection Passed,2023-09-13T06:43:00Z,commercial_document,FF-R-00024265,USR-092,"[""FF-CUSTOMER-001968"",""FF-WORKORDER-000468""]"
FF-CUSTOMER-001945,Final Inspection Failed,2023-09-13T10:00:00Z,engineering_execution,FF-R-00024276,USR-083,"[""FF-CUSTOMER-001945"",""FF-OPERATION-000445""]"
FF-CUSTOMER-001945,Rework Ordered,2023-09-13T10:37:00Z,fulfilment_record,FF-R-00024277,USR-080,"[""FF-CUSTOMER-001945"",""FF-ENGINEERINGCHANGE-000445"",""FF-PURCHASEORDER-000445""]"
FF-CUSTOMER-001945,Rework Completed,2023-09-13T11:14:00Z,finance_posting,FF-R-00024278,USR-081,"[""FF-CUSTOMER-001945"",""FF-BOMREVISION-000445""]"
FF-CUSTOMER-001945,Final Inspection Passed,2023-09-13T11:51:00Z,commercial_document,FF-R-00024279,USR-082,"[""FF-CUSTOMER-001945"",""FF-WORKORDER-000445"",""FF-SUPPLIER-000445""]"
FF-CUSTOMER-001968,Final Inspection Failed,2023-09-13T12:44:00Z,engineering_execution,FF-R-00024290,USR-093,"[""FF-CUSTOMER-001968"",""FF-OPERATION-000468"",""FF-GOODSRECEIPT-000468""]"
FF-CUSTOMER-001950,Final Inspection Failed,2023-09-14T01:00:00Z,engineering_execution,FF-R-00024340,USR-041,"[""FF-CUSTOMER-001950"",""FF-OPERATION-000450""]"
FF-CUSTOMER-001950,Rework Ordered,2023-09-14T01:37:00Z,fulfilment_record,FF-R-00024341,USR-038,"[""FF-CUSTOMER-001950"",""FF-ENGINEERINGCHANGE-000450""]"
FF-CUSTOMER-001950,Rework Completed,2023-09-14T02:14:00Z,finance_posting,FF-R-00024342,USR-039,"[""FF-CUSTOMER-001950"",""FF-BOMREVISION-000450""]"
FF-CUSTOMER-001950,Final Inspection Passed,2023-09-14T02:51:00Z,commercial_document,FF-R-00024343,USR-040,"[""FF-CUSTOMER-001950"",""FF-WORKORDER-000450"",""FF-SUPPLIER-000450""]"
FF-CUSTOMER-001955,Final Inspection Failed,2023-09-14T16:00:00Z,engineering_execution,FF-R-00024398,USR-126,"[""FF-CUSTOMER-001955"",""FF-OPERATION-000455"",""FF-GOODSRECEIPT-000455""]"
FF-CUSTOMER-001955,Rework Ordered,2023-09-14T16:37:00Z,fulfilment_record,FF-R-00024399,USR-123,"[""FF-CUSTOMER-001955"",""FF-ENGINEERINGCHANGE-000455""]"
FF-CUSTOMER-001955,Rework Completed,2023-09-14T17:14:00Z,finance_posting,FF-R-00024400,USR-124,"[""FF-CUSTOMER-001955"",""FF-BOMREVISION-000455"",""FF-PURCHASEORDERLINE-000455""]"
FF-CUSTOMER-001955,Final Inspection Passed,2023-09-14T17:51:00Z,commercial_document,FF-R-00024401,USR-125,"[""FF-CUSTOMER-001955"",""FF-WORKORDER-000455""]"
FF-CUSTOMER-001983,Rework Completed,2023-09-14T21:04:00Z,finance_posting,FF-R-00024413,USR-092,"[""FF-CUSTOMER-001983"",""FF-BOMREVISION-000483""]"
FF-CUSTOMER-001960,Final Inspection Failed,2023-09-15T07:00:00Z,engineering_execution,FF-R-00024456,USR-084,"[""FF-CUSTOMER-001960"",""FF-OPERATION-000460""]"
FF-CUSTOMER-001960,Rework Ordered,2023-09-15T07:37:00Z,fulfilment_record,FF-R-00024457,USR-081,"[""FF-CUSTOMER-001960"",""FF-ENGINEERINGCHANGE-000460"",""FF-PURCHASEORDER-000460""]"
FF-CUSTOMER-001960,Rework Completed,2023-09-15T08:14:00Z,finance_posting,FF-R-00024458,USR-082,"[""FF-CUSTOMER-001960"",""FF-BOMREVISION-000460""]"
FF-CUSTOMER-001960,Final Inspection Passed,2023-09-15T08:51:00Z,commercial_document,FF-R-00024459,USR-083,"[""FF-CUSTOMER-001960"",""FF-WORKORDER-000460""]"
FF-CUSTOMER-001990,Rework Ordered,2023-09-15T12:10:00Z,fulfilment_record,FF-R-00024476,USR-083,"[""FF-CUSTOMER-001990"",""FF-ENGINEERINGCHANGE-000490""]"
FF-CUSTOMER-001965,Final Inspection Failed,2023-09-15T22:00:00Z,engineering_execution,FF-R-00024518,USR-042,"[""FF-CUSTOMER-001965"",""FF-OPERATION-000465""]"
FF-CUSTOMER-001965,Rework Ordered,2023-09-15T22:37:00Z,fulfilment_record,FF-R-00024519,USR-039,"[""FF-CUSTOMER-001965"",""FF-ENGINEERINGCHANGE-000465""]"
FF-CUSTOMER-001965,Rework Completed,2023-09-15T23:14:00Z,finance_posting,FF-R-00024520,USR-040,"[""FF-CUSTOMER-001965"",""FF-BOMREVISION-000465""]"
FF-CUSTOMER-001965,Final Inspection Passed,2023-09-15T23:51:00Z,commercial_document,FF-R-00024521,USR-041,"[""FF-CUSTOMER-001965"",""FF-WORKORDER-000465"",""FF-SUPPLIER-000465""]"
FF-CUSTOMER-001970,Final Inspection Failed,2023-09-16T13:00:00Z,engineering_execution,FF-R-00024577,USR-127,"[""FF-CUSTOMER-001970"",""FF-OPERATION-000470"",""FF-GOODSRECEIPT-000470""]"
FF-CUSTOMER-001970,Rework Ordered,2023-09-16T13:37:00Z,fulfilment_record,FF-R-00024578,USR-124,"[""FF-CUSTOMER-001970"",""FF-ENGINEERINGCHANGE-000470""]"
FF-CUSTOMER-001970,Rework Completed,2023-09-16T14:14:00Z,finance_posting,FF-R-00024579,USR-125,"[""FF-CUSTOMER-001970"",""FF-BOMREVISION-000470"",""FF-PURCHASEORDERLINE-000470""]"
FF-CUSTOMER-001970,Final Inspection Passed,2023-09-16T14:51:00Z,commercial_document,FF-R-00024580,USR-126,"[""FF-CUSTOMER-001970"",""FF-WORKORDER-000470""]"
FF-CUSTOMER-001997,Final Inspection Passed,2023-09-16T21:19:00Z,commercial_document,FF-R-00024610,USR-077,"[""FF-CUSTOMER-001997"",""FF-WORKORDER-000497""]"
FF-CUSTOMER-001975,Final Inspection Failed,2023-09-17T04:00:00Z,engineering_execution,FF-R-00024640,USR-085,"[""FF-CUSTOMER-001975"",""FF-OPERATION-000475""]"
FF-CUSTOMER-001975,Rework Ordered,2023-09-17T04:37:00Z,fulfilment_record,FF-R-00024641,USR-082,"[""FF-CUSTOMER-001975"",""FF-ENGINEERINGCHANGE-000475"",""FF-PURCHASEORDER-000475""]"
FF-CUSTOMER-001975,Rework Completed,2023-09-17T05:14:00Z,finance_posting,FF-R-00024642,USR-083,"[""FF-CUSTOMER-001975"",""FF-BOMREVISION-000475""]"
FF-CUSTOMER-001975,Final Inspection Passed,2023-09-17T05:51:00Z,commercial_document,FF-R-00024643,USR-084,"[""FF-CUSTOMER-001975"",""FF-WORKORDER-000475""]"
FF-CUSTOMER-001999,Final Inspection Failed,2023-09-17T09:22:00Z,engineering_execution,FF-R-00024662,USR-112,"[""FF-CUSTOMER-001999"",""FF-OPERATION-000499""]"
FF-CUSTOMER-002006,Rework Completed,2023-09-17T18:27:00Z,finance_posting,FF-R-00024695,USR-102,"[""FF-CUSTOMER-002006"",""FF-BOMREVISION-000006""]"
FF-CUSTOMER-001980,Final Inspection Failed,2023-09-17T19:00:00Z,engineering_execution,FF-R-00024697,USR-043,"[""FF-CUSTOMER-001980"",""FF-OPERATION-000480""]"
FF-CUSTOMER-001980,Rework Ordered,2023-09-17T19:37:00Z,fulfilment_record,FF-R-00024698,USR-040,"[""FF-CUSTOMER-001980"",""FF-ENGINEERINGCHANGE-000480"",""FF-PURCHASEORDER-000480""]"
FF-CUSTOMER-001980,Rework Completed,2023-09-17T20:14:00Z,finance_posting,FF-R-00024699,USR-041,"[""FF-CUSTOMER-001980"",""FF-BOMREVISION-000480""]"
FF-CUSTOMER-001980,Final Inspection Passed,2023-09-17T20:51:00Z,commercial_document,FF-R-00024700,USR-042,"[""FF-CUSTOMER-001980"",""FF-WORKORDER-000480"",""FF-SUPPLIER-000480""]"
FF-CUSTOMER-002009,Rework Ordered,2023-09-17T21:29:00Z,fulfilment_record,FF-R-00024710,USR-025,"[""FF-CUSTOMER-002009"",""FF-ENGINEERINGCHANGE-000009"",""FF-PURCHASEORDER-000009""]"
FF-CUSTOMER-001985,Final Inspection Failed,2023-09-18T10:00:00Z,engineering_execution,FF-R-00024760,USR-001,"[""FF-CUSTOMER-001985"",""FF-OPERATION-000485""]"
FF-CUSTOMER-001985,Rework Ordered,2023-09-18T10:37:00Z,fulfilment_record,FF-R-00024761,USR-125,"[""FF-CUSTOMER-001985"",""FF-ENGINEERINGCHANGE-000485""]"
FF-CUSTOMER-001985,Rework Completed,2023-09-18T11:14:00Z,finance_posting,FF-R-00024762,USR-126,"[""FF-CUSTOMER-001985"",""FF-BOMREVISION-000485""]"
FF-CUSTOMER-001985,Final Inspection Passed,2023-09-18T11:51:00Z,commercial_document,FF-R-00024763,USR-127,"[""FF-CUSTOMER-001985"",""FF-WORKORDER-000485"",""FF-SUPPLIER-000485""]"
FF-CUSTOMER-001990,Final Inspection Failed,2023-09-19T01:00:00Z,engineering_execution,FF-R-00024821,USR-086,"[""FF-CUSTOMER-001990"",""FF-OPERATION-000490"",""FF-GOODSRECEIPT-000490""]"
FF-CUSTOMER-001990,Rework Ordered,2023-09-19T01:37:00Z,fulfilment_record,FF-R-00024822,USR-083,"[""FF-CUSTOMER-001990"",""FF-ENGINEERINGCHANGE-000490""]"
FF-CUSTOMER-001990,Rework Completed,2023-09-19T02:14:00Z,finance_posting,FF-R-00024823,USR-084,"[""FF-CUSTOMER-001990"",""FF-BOMREVISION-000490"",""FF-PURCHASEORDERLINE-000490""]"
FF-CUSTOMER-001990,Final Inspection Passed,2023-09-19T02:51:00Z,commercial_document,FF-R-00024824,USR-085,"[""FF-CUSTOMER-001990"",""FF-WORKORDER-000490""]"
FF-CUSTOMER-001995,Final Inspection Failed,2023-09-19T16:00:00Z,engineering_execution,FF-R-00024879,USR-044,"[""FF-CUSTOMER-001995"",""FF-OPERATION-000495""]"
FF-CUSTOMER-001995,Rework Ordered,2023-09-19T16:37:00Z,fulfilment_record,FF-R-00024880,USR-041,"[""FF-CUSTOMER-001995"",""FF-ENGINEERINGCHANGE-000495"",""FF-PURCHASEORDER-000495""]"
FF-CUSTOMER-001995,Rework Completed,2023-09-19T17:14:00Z,finance_posting,FF-R-00024881,USR-042,"[""FF-CUSTOMER-001995"",""FF-BOMREVISION-000495""]"
FF-CUSTOMER-001995,Final Inspection Passed,2023-09-19T17:51:00Z,commercial_document,FF-R-00024882,USR-043,"[""FF-CUSTOMER-001995"",""FF-WORKORDER-000495"",""FF-SUPPLIER-000495""]"
FF-CUSTOMER-002028,Rework Ordered,2023-09-20T06:48:00Z,fulfilment_record,FF-R-00024937,USR-094,"[""FF-CUSTOMER-002028"",""FF-ENGINEERINGCHANGE-000028""]"
FF-CUSTOMER-002000,Final Inspection Failed,2023-09-20T07:00:00Z,engineering_execution,FF-R-00024938,USR-002,"[""FF-CUSTOMER-002000"",""FF-OPERATION-000500"",""FF-GOODSRECEIPT-000500""]"
FF-CUSTOMER-002000,Rework Ordered,2023-09-20T07:37:00Z,fulfilment_record,FF-R-00024939,USR-126,"[""FF-CUSTOMER-002000"",""FF-ENGINEERINGCHANGE-000500""]"
FF-CUSTOMER-002000,Rework Completed,2023-09-20T08:14:00Z,finance_posting,FF-R-00024940,USR-127,"[""FF-CUSTOMER-002000"",""FF-BOMREVISION-000500"",""FF-PURCHASEORDERLINE-000500""]"
FF-CUSTOMER-002000,Final Inspection Passed,2023-09-20T08:51:00Z,commercial_document,FF-R-00024941,USR-001,"[""FF-CUSTOMER-002000"",""FF-WORKORDER-000500""]"
FF-CUSTOMER-002026,Final Inspection Passed,2023-09-20T12:48:00Z,commercial_document,FF-R-00024964,USR-062,"[""FF-CUSTOMER-002026"",""FF-WORKORDER-000026"",""FF-SUPPLIER-000026""]"
FF-CUSTOMER-002029,Rework Completed,2023-09-20T15:50:00Z,finance_posting,FF-R-00024976,USR-112,"[""FF-CUSTOMER-002029"",""FF-BOMREVISION-000029""]"
FF-CUSTOMER-002005,Final Inspection Failed,2023-09-20T22:00:00Z,engineering_execution,FF-R-00025003,USR-087,"[""FF-CUSTOMER-002005"",""FF-OPERATION-000005"",""FF-GOODSRECEIPT-000005""]"
FF-CUSTOMER-002005,Rework Ordered,2023-09-20T22:37:00Z,fulfilment_record,FF-R-00025004,USR-084,"[""FF-CUSTOMER-002005"",""FF-ENGINEERINGCHANGE-000005""]"
FF-CUSTOMER-002005,Rework Completed,2023-09-20T23:14:00Z,finance_posting,FF-R-00025005,USR-085,"[""FF-CUSTOMER-002005"",""FF-BOMREVISION-000005"",""FF-PURCHASEORDERLINE-000005""]"
FF-CUSTOMER-002005,Final Inspection Passed,2023-09-20T23:51:00Z,commercial_document,FF-R-00025006,USR-086,"[""FF-CUSTOMER-002005"",""FF-WORKORDER-000005""]"
FF-CUSTOMER-002030,Final Inspection Failed,2023-09-21T06:00:00Z,engineering_execution,FF-R-00025026,USR-004,"[""FF-CUSTOMER-002030"",""FF-OPERATION-000030""]"
FF-CUSTOMER-002010,Final Inspection Failed,2023-09-21T13:00:00Z,engineering_execution,FF-R-00025060,USR-045,"[""FF-CUSTOMER-002010"",""FF-OPERATION-000010"",""FF-GOODSRECEIPT-000010""]"
FF-CUSTOMER-002010,Rework Ordered,2023-09-21T13:37:00Z,fulfilment_record,FF-R-00025061,USR-042,"[""FF-CUSTOMER-002010"",""FF-ENGINEERINGCHANGE-000010""]"
FF-CUSTOMER-002010,Rework Completed,2023-09-21T14:14:00Z,finance_posting,FF-R-00025062,USR-043,"[""FF-CUSTOMER-002010"",""FF-BOMREVISION-000010"",""FF-PURCHASEORDERLINE-000010""]"
FF-CUSTOMER-002010,Final Inspection Passed,2023-09-21T14:51:00Z,commercial_document,FF-R-00025063,USR-044,"[""FF-CUSTOMER-002010"",""FF-WORKORDER-000010""]"
FF-CUSTOMER-002015,Final Inspection Failed,2023-09-22T04:00:00Z,engineering_execution,FF-R-00025118,USR-003,"[""FF-CUSTOMER-002015"",""FF-OPERATION-000015"",""FF-GOODSRECEIPT-000015""]"
FF-CUSTOMER-002015,Rework Ordered,2023-09-22T04:37:00Z,fulfilment_record,FF-R-00025119,USR-127,"[""FF-CUSTOMER-002015"",""FF-ENGINEERINGCHANGE-000015""]"
FF-CUSTOMER-002015,Rework Completed,2023-09-22T05:14:00Z,finance_posting,FF-R-00025120,USR-001,"[""FF-CUSTOMER-002015"",""FF-BOMREVISION-000015"",""FF-PURCHASEORDERLINE-000015""]"
FF-CUSTOMER-002015,Final Inspection Passed,2023-09-22T05:51:00Z,commercial_document,FF-R-00025121,USR-002,"[""FF-CUSTOMER-002015"",""FF-WORKORDER-000015""]"
FF-CUSTOMER-002047,Rework Ordered,2023-09-22T15:14:00Z,fulfilment_record,FF-R-00025161,USR-036,"[""FF-CUSTOMER-002047"",""FF-ENGINEERINGCHANGE-000047"",""FF-PURCHASEORDER-000047""]"
FF-CUSTOMER-002020,Final Inspection Failed,2023-09-22T19:00:00Z,engineering_execution,FF-R-00025183,USR-088,"[""FF-CUSTOMER-002020"",""FF-OPERATION-000020""]"
FF-CUSTOMER-002020,Rework Ordered,2023-09-22T19:37:00Z,fulfilment_record,FF-R-00025184,USR-085,"[""FF-CUSTOMER-002020"",""FF-ENGINEERINGCHANGE-000020""]"
FF-CUSTOMER-002020,Rework Completed,2023-09-22T20:14:00Z,finance_posting,FF-R-00025185,USR-086,"[""FF-CUSTOMER-002020"",""FF-BOMREVISION-000020""]"
FF-CUSTOMER-002020,Final Inspection Passed,2023-09-22T20:51:00Z,commercial_document,FF-R-00025186,USR-087,"[""FF-CUSTOMER-002020"",""FF-WORKORDER-000020"",""FF-SUPPLIER-000020""]"
FF-CUSTOMER-002025,Final Inspection Failed,2023-09-23T10:00:00Z,engineering_execution,FF-R-00025239,USR-046,"[""FF-CUSTOMER-002025"",""FF-OPERATION-000025""]"
FF-CUSTOMER-002025,Rework Ordered,2023-09-23T10:37:00Z,fulfilment_record,FF-R-00025240,USR-043,"[""FF-CUSTOMER-002025"",""FF-ENGINEERINGCHANGE-000025"",""FF-PURCHASEORDER-000025""]"
FF-CUSTOMER-002025,Rework Completed,2023-09-23T11:14:00Z,finance_posting,FF-R-00025241,USR-044,"[""FF-CUSTOMER-002025"",""FF-BOMREVISION-000025""]"
FF-CUSTOMER-002025,Final Inspection Passed,2023-09-23T11:51:00Z,commercial_document,FF-R-00025242,USR-045,"[""FF-CUSTOMER-002025"",""FF-WORKORDER-000025"",""FF-SUPPLIER-000025""]"
FF-CUSTOMER-002052,Rework Completed,2023-09-23T12:20:00Z,finance_posting,FF-R-00025247,USR-122,"[""FF-CUSTOMER-002052"",""FF-BOMREVISION-000052"",""FF-PURCHASEORDERLINE-000052""]"
FF-CUSTOMER-002030,Final Inspection Failed,2023-09-24T01:00:00Z,engineering_execution,FF-R-00025301,USR-004,"[""FF-CUSTOMER-002030"",""FF-OPERATION-000030""]"
FF-CUSTOMER-002030,Rework Ordered,2023-09-24T01:37:00Z,fulfilment_record,FF-R-00025302,USR-001,"[""FF-CUSTOMER-002030"",""FF-ENGINEERINGCHANGE-000030"",""FF-PURCHASEORDER-000030""]"
FF-CUSTOMER-002030,Rework Completed,2023-09-24T02:14:00Z,finance_posting,FF-R-00025303,USR-002,"[""FF-CUSTOMER-002030"",""FF-BOMREVISION-000030""]"
FF-CUSTOMER-002030,Final Inspection Passed,2023-09-24T02:51:00Z,commercial_document,FF-R-00025304,USR-003,"[""FF-CUSTOMER-002030"",""FF-WORKORDER-000030"",""FF-SUPPLIER-000030""]"
FF-CUSTOMER-002055,Final Inspection Passed,2023-09-24T03:24:00Z,commercial_document,FF-R-00025312,USR-047,"[""FF-CUSTOMER-002055"",""FF-WORKORDER-000055""]"
FF-CUSTOMER-002035,Final Inspection Failed,2023-09-24T16:00:00Z,engineering_execution,FF-R-00025359,USR-089,"[""FF-CUSTOMER-002035"",""FF-OPERATION-000035"",""FF-GOODSRECEIPT-000035""]"
FF-CUSTOMER-002035,Rework Ordered,2023-09-24T16:37:00Z,fulfilment_record,FF-R-00025360,USR-086,"[""FF-CUSTOMER-002035"",""FF-ENGINEERINGCHANGE-000035""]"
FF-CUSTOMER-002035,Rework Completed,2023-09-24T17:14:00Z,finance_posting,FF-R-00025361,USR-087,"[""FF-CUSTOMER-002035"",""FF-BOMREVISION-000035"",""FF-PURCHASEORDERLINE-000035""]"
FF-CUSTOMER-002035,Final Inspection Passed,2023-09-24T17:51:00Z,commercial_document,FF-R-00025362,USR-088,"[""FF-CUSTOMER-002035"",""FF-WORKORDER-000035""]"
FF-CUSTOMER-002066,Rework Ordered,2023-09-25T00:33:00Z,fulfilment_record,FF-R-00025395,USR-105,"[""FF-CUSTOMER-002066"",""FF-ENGINEERINGCHANGE-000066""]"
FF-CUSTOMER-002061,Final Inspection Failed,2023-09-25T03:31:00Z,engineering_execution,FF-R-00025409,USR-023,"[""FF-CUSTOMER-002061"",""FF-OPERATION-000061""]"
FF-CUSTOMER-002040,Final Inspection Failed,2023-09-25T07:00:00Z,engineering_execution,FF-R-00025424,USR-047,"[""FF-CUSTOMER-002040"",""FF-OPERATION-000040"",""FF-GOODSRECEIPT-000040""]"
FF-CUSTOMER-002040,Rework Ordered,2023-09-25T07:37:00Z,fulfilment_record,FF-R-00025425,USR-044,"[""FF-CUSTOMER-002040"",""FF-ENGINEERINGCHANGE-000040""]"
FF-CUSTOMER-002040,Rework Completed,2023-09-25T08:14:00Z,finance_posting,FF-R-00025426,USR-045,"[""FF-CUSTOMER-002040"",""FF-BOMREVISION-000040"",""FF-PURCHASEORDERLINE-000040""]"
FF-CUSTOMER-002040,Final Inspection Passed,2023-09-25T08:51:00Z,commercial_document,FF-R-00025427,USR-046,"[""FF-CUSTOMER-002040"",""FF-WORKORDER-000040""]"
FF-CUSTOMER-002045,Final Inspection Failed,2023-09-25T22:00:00Z,engineering_execution,FF-R-00025481,USR-005,"[""FF-CUSTOMER-002045"",""FF-OPERATION-000045""]"
FF-CUSTOMER-002045,Rework Ordered,2023-09-25T22:37:00Z,fulfilment_record,FF-R-00025482,USR-002,"[""FF-CUSTOMER-002045"",""FF-ENGINEERINGCHANGE-000045""]"
FF-CUSTOMER-002045,Rework Completed,2023-09-25T23:14:00Z,finance_posting,FF-R-00025483,USR-003,"[""FF-CUSTOMER-002045"",""FF-BOMREVISION-000045""]"
FF-CUSTOMER-002045,Final Inspection Passed,2023-09-25T23:51:00Z,commercial_document,FF-R-00025484,USR-004,"[""FF-CUSTOMER-002045"",""FF-WORKORDER-000045"",""FF-SUPPLIER-000045""]"
FF-CUSTOMER-002075,Rework Completed,2023-09-26T09:43:00Z,finance_posting,FF-R-00025529,USR-005,"[""FF-CUSTOMER-002075"",""FF-BOMREVISION-000075""]"
FF-CUSTOMER-002050,Final Inspection Failed,2023-09-26T13:00:00Z,engineering_execution,FF-R-00025540,USR-090,"[""FF-CUSTOMER-002050"",""FF-OPERATION-000050""]"
FF-CUSTOMER-002050,Rework Ordered,2023-09-26T13:37:00Z,fulfilment_record,FF-R-00025541,USR-087,"[""FF-CUSTOMER-002050"",""FF-ENGINEERINGCHANGE-000050"",""FF-PURCHASEORDER-000050""]"
FF-CUSTOMER-002050,Rework Completed,2023-09-26T14:14:00Z,finance_posting,FF-R-00025542,USR-088,"[""FF-CUSTOMER-002050"",""FF-BOMREVISION-000050""]"
FF-CUSTOMER-002050,Final Inspection Passed,2023-09-26T14:51:00Z,commercial_document,FF-R-00025543,USR-089,"[""FF-CUSTOMER-002050"",""FF-WORKORDER-000050"",""FF-SUPPLIER-000050""]"
FF-CUSTOMER-002055,Final Inspection Failed,2023-09-27T04:00:00Z,engineering_execution,FF-R-00025602,USR-048,"[""FF-CUSTOMER-002055"",""FF-OPERATION-000055"",""FF-GOODSRECEIPT-000055""]"
FF-CUSTOMER-002055,Rework Ordered,2023-09-27T04:37:00Z,fulfilment_record,FF-R-00025603,USR-045,"[""FF-CUSTOMER-002055"",""FF-ENGINEERINGCHANGE-000055""]"
FF-CUSTOMER-002055,Rework Completed,2023-09-27T05:14:00Z,finance_posting,FF-R-00025604,USR-046,"[""FF-CUSTOMER-002055"",""FF-BOMREVISION-000055"",""FF-PURCHASEORDERLINE-000055""]"
FF-CUSTOMER-002055,Final Inspection Passed,2023-09-27T05:51:00Z,commercial_document,FF-R-00025605,USR-047,"[""FF-CUSTOMER-002055"",""FF-WORKORDER-000055""]"
FF-CUSTOMER-002085,Rework Ordered,2023-09-27T09:52:00Z,fulfilment_record,FF-R-00025627,USR-047,"[""FF-CUSTOMER-002085"",""FF-ENGINEERINGCHANGE-000085"",""FF-PURCHASEORDER-000085""]"
FF-CUSTOMER-002084,Final Inspection Passed,2023-09-27T18:00:00Z,commercial_document,FF-R-00025648,USR-032,"[""FF-CUSTOMER-002084"",""FF-WORKORDER-000084""]"
FF-CUSTOMER-002060,Final Inspection Failed,2023-09-27T19:00:00Z,engineering_execution,FF-R-00025664,USR-006,"[""FF-CUSTOMER-002060"",""FF-OPERATION-000060""]"
FF-CUSTOMER-002060,Rework Ordered,2023-09-27T19:37:00Z,fulfilment_record,FF-R-00025665,USR-003,"[""FF-CUSTOMER-002060"",""FF-ENGINEERINGCHANGE-000060"",""FF-PURCHASEORDER-000060""]"
FF-CUSTOMER-002060,Rework Completed,2023-09-27T20:14:00Z,finance_posting,FF-R-00025666,USR-004,"[""FF-CUSTOMER-002060"",""FF-BOMREVISION-000060""]"
FF-CUSTOMER-002060,Final Inspection Passed,2023-09-27T20:51:00Z,commercial_document,FF-R-00025667,USR-005,"[""FF-CUSTOMER-002060"",""FF-WORKORDER-000060"",""FF-SUPPLIER-000060""]"
FF-CUSTOMER-002065,Final Inspection Failed,2023-09-28T10:00:00Z,engineering_execution,FF-R-00025723,USR-091,"[""FF-CUSTOMER-002065"",""FF-OPERATION-000065"",""FF-GOODSRECEIPT-000065""]"
FF-CUSTOMER-002065,Rework Ordered,2023-09-28T10:37:00Z,fulfilment_record,FF-R-00025724,USR-088,"[""FF-CUSTOMER-002065"",""FF-ENGINEERINGCHANGE-000065""]"
FF-CUSTOMER-002065,Rework Completed,2023-09-28T11:14:00Z,finance_posting,FF-R-00025725,USR-089,"[""FF-CUSTOMER-002065"",""FF-BOMREVISION-000065"",""FF-PURCHASEORDERLINE-000065""]"
FF-CUSTOMER-002065,Final Inspection Passed,2023-09-28T11:51:00Z,commercial_document,FF-R-00025726,USR-090,"[""FF-CUSTOMER-002065"",""FF-WORKORDER-000065""]"
FF-CUSTOMER-002092,Final Inspection Failed,2023-09-29T00:09:00Z,engineering_execution,FF-R-00025769,USR-042,"[""FF-CUSTOMER-002092"",""FF-OPERATION-000092""]"
FF-CUSTOMER-002070,Final Inspection Failed,2023-09-29T01:00:00Z,engineering_execution,FF-R-00025779,USR-049,"[""FF-CUSTOMER-002070"",""FF-OPERATION-000070""]"
FF-CUSTOMER-002070,Rework Ordered,2023-09-29T01:37:00Z,fulfilment_record,FF-R-00025780,USR-046,"[""FF-CUSTOMER-002070"",""FF-ENGINEERINGCHANGE-000070""]"
FF-CUSTOMER-002070,Rework Completed,2023-09-29T02:14:00Z,finance_posting,FF-R-00025781,USR-047,"[""FF-CUSTOMER-002070"",""FF-BOMREVISION-000070""]"
FF-CUSTOMER-002070,Final Inspection Passed,2023-09-29T02:51:00Z,commercial_document,FF-R-00025782,USR-048,"[""FF-CUSTOMER-002070"",""FF-WORKORDER-000070"",""FF-SUPPLIER-000070""]"
FF-CUSTOMER-002098,Rework Completed,2023-09-29T06:13:00Z,finance_posting,FF-R-00025799,USR-015,"[""FF-CUSTOMER-002098"",""FF-BOMREVISION-000098""]"
FF-CUSTOMER-002075,Final Inspection Failed,2023-09-29T16:00:00Z,engineering_execution,FF-R-00025842,USR-007,"[""FF-CUSTOMER-002075"",""FF-OPERATION-000075""]"
FF-CUSTOMER-002075,Rework Ordered,2023-09-29T16:37:00Z,fulfilment_record,FF-R-00025843,USR-004,"[""FF-CUSTOMER-002075"",""FF-ENGINEERINGCHANGE-000075"",""FF-PURCHASEORDER-000075""]"
FF-CUSTOMER-002075,Rework Completed,2023-09-29T17:14:00Z,finance_posting,FF-R-00025844,USR-005,"[""FF-CUSTOMER-002075"",""FF-BOMREVISION-000075""]"
FF-CUSTOMER-002075,Final Inspection Passed,2023-09-29T17:51:00Z,commercial_document,FF-R-00025845,USR-006,"[""FF-CUSTOMER-002075"",""FF-WORKORDER-000075""]"
FF-CUSTOMER-002104,Rework Ordered,2023-09-29T18:18:00Z,fulfilment_record,FF-R-00025847,USR-116,"[""FF-CUSTOMER-002104"",""FF-ENGINEERINGCHANGE-000104""]"
FF-CUSTOMER-002080,Final Inspection Failed,2023-09-30T07:00:00Z,engineering_execution,FF-R-00025902,USR-092,"[""FF-CUSTOMER-002080"",""FF-OPERATION-000080""]"
FF-CUSTOMER-002080,Rework Ordered,2023-09-30T07:37:00Z,fulfilment_record,FF-R-00025903,USR-089,"[""FF-CUSTOMER-002080"",""FF-ENGINEERINGCHANGE-000080"",""FF-PURCHASEORDER-000080""]"
FF-CUSTOMER-002080,Rework Completed,2023-09-30T08:14:00Z,finance_posting,FF-R-00025904,USR-090,"[""FF-CUSTOMER-002080"",""FF-BOMREVISION-000080""]"
FF-CUSTOMER-002080,Final Inspection Passed,2023-09-30T08:51:00Z,commercial_document,FF-R-00025905,USR-091,"[""FF-CUSTOMER-002080"",""FF-WORKORDER-000080"",""FF-SUPPLIER-000080""]"
FF-CUSTOMER-002085,Final Inspection Failed,2023-09-30T22:00:00Z,engineering_execution,FF-R-00025962,USR-050,"[""FF-CUSTOMER-002085"",""FF-OPERATION-000085""]"
FF-CUSTOMER-002085,Rework Ordered,2023-09-30T22:37:00Z,fulfilment_record,FF-R-00025963,USR-047,"[""FF-CUSTOMER-002085"",""FF-ENGINEERINGCHANGE-000085""]"
FF-CUSTOMER-002085,Rework Completed,2023-09-30T23:14:00Z,finance_posting,FF-R-00025964,USR-048,"[""FF-CUSTOMER-002085"",""FF-BOMREVISION-000085""]"
FF-CUSTOMER-002085,Final Inspection Passed,2023-09-30T23:51:00Z,commercial_document,FF-R-00025965,USR-049,"[""FF-CUSTOMER-002085"",""FF-WORKORDER-000085"",""FF-SUPPLIER-000085""]"
FF-CUSTOMER-002113,Final Inspection Passed,2023-10-01T09:29:00Z,commercial_document,FF-R-00026011,USR-017,"[""FF-CUSTOMER-002113"",""FF-WORKORDER-000113""]"
FF-CUSTOMER-002090,Final Inspection Failed,2023-10-01T13:00:00Z,engineering_execution,FF-R-00026023,USR-008,"[""FF-CUSTOMER-002090"",""FF-OPERATION-000090""]"
FF-CUSTOMER-002090,Rework Ordered,2023-10-01T13:37:00Z,fulfilment_record,FF-R-00026024,USR-005,"[""FF-CUSTOMER-002090"",""FF-ENGINEERINGCHANGE-000090""]"
FF-CUSTOMER-002090,Rework Completed,2023-10-01T14:14:00Z,finance_posting,FF-R-00026025,USR-006,"[""FF-CUSTOMER-002090"",""FF-BOMREVISION-000090""]"
FF-CUSTOMER-002090,Final Inspection Passed,2023-10-01T14:51:00Z,commercial_document,FF-R-00026026,USR-007,"[""FF-CUSTOMER-002090"",""FF-WORKORDER-000090"",""FF-SUPPLIER-000090""]"
FF-CUSTOMER-002121,Rework Completed,2023-10-02T03:36:00Z,finance_posting,FF-R-00026083,USR-025,"[""FF-CUSTOMER-002121"",""FF-BOMREVISION-000121""]"
FF-CUSTOMER-002123,Rework Ordered,2023-10-02T03:37:00Z,fulfilment_record,FF-R-00026084,USR-058,"[""FF-CUSTOMER-002123"",""FF-ENGINEERINGCHANGE-000123"",""FF-PURCHASEORDER-000123""]"
FF-CUSTOMER-002095,Final Inspection Failed,2023-10-02T04:00:00Z,engineering_execution,FF-R-00026087,USR-093,"[""FF-CUSTOMER-002095"",""FF-OPERATION-000095""]"
FF-CUSTOMER-002095,Rework Ordered,2023-10-02T04:37:00Z,fulfilment_record,FF-R-00026088,USR-090,"[""FF-CUSTOMER-002095"",""FF-ENGINEERINGCHANGE-000095"",""FF-PURCHASEORDER-000095""]"
FF-CUSTOMER-002095,Rework Completed,2023-10-02T05:14:00Z,finance_posting,FF-R-00026089,USR-091,"[""FF-CUSTOMER-002095"",""FF-BOMREVISION-000095""]"
FF-CUSTOMER-002095,Final Inspection Passed,2023-10-02T05:51:00Z,commercial_document,FF-R-00026090,USR-092,"[""FF-CUSTOMER-002095"",""FF-WORKORDER-000095"",""FF-SUPPLIER-000095""]"
FF-CUSTOMER-002100,Final Inspection Failed,2023-10-02T19:00:00Z,engineering_execution,FF-R-00026140,USR-051,"[""FF-CUSTOMER-002100"",""FF-OPERATION-000100""]"
FF-CUSTOMER-002100,Rework Ordered,2023-10-02T19:37:00Z,fulfilment_record,FF-R-00026141,USR-048,"[""FF-CUSTOMER-002100"",""FF-ENGINEERINGCHANGE-000100"",""FF-PURCHASEORDER-000100""]"
FF-CUSTOMER-002100,Rework Completed,2023-10-02T20:14:00Z,finance_posting,FF-R-00026142,USR-049,"[""FF-CUSTOMER-002100"",""FF-BOMREVISION-000100""]"
FF-CUSTOMER-002100,Final Inspection Passed,2023-10-02T20:51:00Z,commercial_document,FF-R-00026143,USR-050,"[""FF-CUSTOMER-002100"",""FF-WORKORDER-000100"",""FF-SUPPLIER-000100""]"
FF-CUSTOMER-002123,Final Inspection Failed,2023-10-02T21:40:00Z,engineering_execution,FF-R-00026153,USR-061,"[""FF-CUSTOMER-002123"",""FF-OPERATION-000123""]"
FF-CUSTOMER-002105,Final Inspection Failed,2023-10-03T10:00:00Z,engineering_execution,FF-R-00026205,USR-009,"[""FF-CUSTOMER-002105"",""FF-OPERATION-000105""]"
FF-CUSTOMER-002105,Rework Ordered,2023-10-03T10:37:00Z,fulfilment_record,FF-R-00026206,USR-006,"[""FF-CUSTOMER-002105"",""FF-ENGINEERINGCHANGE-000105"",""FF-PURCHASEORDER-000105""]"
FF-CUSTOMER-002105,Rework Completed,2023-10-03T11:14:00Z,finance_posting,FF-R-00026207,USR-007,"[""FF-CUSTOMER-002105"",""FF-BOMREVISION-000105""]"
FF-CUSTOMER-002105,Final Inspection Passed,2023-10-03T11:51:00Z,commercial_document,FF-R-00026208,USR-008,"[""FF-CUSTOMER-002105"",""FF-WORKORDER-000105"",""FF-SUPPLIER-000105""]"
FF-CUSTOMER-002110,Final Inspection Failed,2023-10-04T01:00:00Z,engineering_execution,FF-R-00026264,USR-094,"[""FF-CUSTOMER-002110"",""FF-OPERATION-000110"",""FF-GOODSRECEIPT-000110""]"
FF-CUSTOMER-002110,Rework Ordered,2023-10-04T01:37:00Z,fulfilment_record,FF-R-00026265,USR-091,"[""FF-CUSTOMER-002110"",""FF-ENGINEERINGCHANGE-000110""]"
FF-CUSTOMER-002110,Rework Completed,2023-10-04T02:14:00Z,finance_posting,FF-R-00026266,USR-092,"[""FF-CUSTOMER-002110"",""FF-BOMREVISION-000110"",""FF-PURCHASEORDERLINE-000110""]"
FF-CUSTOMER-002110,Final Inspection Passed,2023-10-04T02:51:00Z,commercial_document,FF-R-00026267,USR-093,"[""FF-CUSTOMER-002110"",""FF-WORKORDER-000110""]"
FF-CUSTOMER-002142,Rework Ordered,2023-10-04T12:03:00Z,fulfilment_record,FF-R-00026301,USR-127,"[""FF-CUSTOMER-002142"",""FF-ENGINEERINGCHANGE-000142"",""FF-PURCHASEORDER-000142""]"
FF-CUSTOMER-002115,Final Inspection Failed,2023-10-04T16:00:00Z,engineering_execution,FF-R-00026326,USR-052,"[""FF-CUSTOMER-002115"",""FF-OPERATION-000115""]"
FF-CUSTOMER-002115,Rework Ordered,2023-10-04T16:37:00Z,fulfilment_record,FF-R-00026327,USR-049,"[""FF-CUSTOMER-002115"",""FF-ENGINEERINGCHANGE-000115"",""FF-PURCHASEORDER-000115""]"
FF-CUSTOMER-002115,Rework Completed,2023-10-04T17:14:00Z,finance_posting,FF-R-00026328,USR-050,"[""FF-CUSTOMER-002115"",""FF-BOMREVISION-000115""]"
FF-CUSTOMER-002115,Final Inspection Passed,2023-10-04T17:51:00Z,commercial_document,FF-R-00026329,USR-051,"[""FF-CUSTOMER-002115"",""FF-WORKORDER-000115""]"
FF-CUSTOMER-002142,Final Inspection Passed,2023-10-05T00:05:00Z,commercial_document,FF-R-00026352,USR-002,"[""FF-CUSTOMER-002142"",""FF-WORKORDER-000142""]"
FF-CUSTOMER-002144,Rework Completed,2023-10-05T00:06:00Z,finance_posting,FF-R-00026353,USR-035,"[""FF-CUSTOMER-002144"",""FF-BOMREVISION-000144"",""FF-PURCHASEORDERLINE-000144""]"
FF-CUSTOMER-002120,Final Inspection Failed,2023-10-05T07:00:00Z,engineering_execution,FF-R-00026383,USR-010,"[""FF-CUSTOMER-002120"",""FF-OPERATION-000120"",""FF-GOODSRECEIPT-000120""]"
FF-CUSTOMER-002120,Rework Ordered,2023-10-05T07:37:00Z,fulfilment_record,FF-R-00026384,USR-007,"[""FF-CUSTOMER-002120"",""FF-ENGINEERINGCHANGE-000120""]"
FF-CUSTOMER-002120,Rework Completed,2023-10-05T08:14:00Z,finance_posting,FF-R-00026385,USR-008,"[""FF-CUSTOMER-002120"",""FF-BOMREVISION-000120"",""FF-PURCHASEORDERLINE-000120""]"
FF-CUSTOMER-002120,Final Inspection Passed,2023-10-05T08:51:00Z,commercial_document,FF-R-00026386,USR-009,"[""FF-CUSTOMER-002120"",""FF-WORKORDER-000120""]"
FF-CUSTOMER-002125,Final Inspection Failed,2023-10-05T22:00:00Z,engineering_execution,FF-R-00026442,USR-095,"[""FF-CUSTOMER-002125"",""FF-OPERATION-000125"",""FF-GOODSRECEIPT-000125""]"
FF-CUSTOMER-002125,Rework Ordered,2023-10-05T22:37:00Z,fulfilment_record,FF-R-00026443,USR-092,"[""FF-CUSTOMER-002125"",""FF-ENGINEERINGCHANGE-000125""]"
FF-CUSTOMER-002125,Rework Completed,2023-10-05T23:14:00Z,finance_posting,FF-R-00026444,USR-093,"[""FF-CUSTOMER-002125"",""FF-BOMREVISION-000125"",""FF-PURCHASEORDERLINE-000125""]"
FF-CUSTOMER-002125,Final Inspection Passed,2023-10-05T23:51:00Z,commercial_document,FF-R-00026445,USR-094,"[""FF-CUSTOMER-002125"",""FF-WORKORDER-000125""]"
FF-CUSTOMER-002130,Final Inspection Failed,2023-10-06T13:00:00Z,engineering_execution,FF-R-00026505,USR-053,"[""FF-CUSTOMER-002130"",""FF-OPERATION-000130""]"
FF-CUSTOMER-002130,Rework Ordered,2023-10-06T13:37:00Z,fulfilment_record,FF-R-00026506,USR-050,"[""FF-CUSTOMER-002130"",""FF-ENGINEERINGCHANGE-000130""]"
FF-CUSTOMER-002130,Rework Completed,2023-10-06T14:14:00Z,finance_posting,FF-R-00026507,USR-051,"[""FF-CUSTOMER-002130"",""FF-BOMREVISION-000130""]"
FF-CUSTOMER-002130,Final Inspection Passed,2023-10-06T14:51:00Z,commercial_document,FF-R-00026508,USR-052,"[""FF-CUSTOMER-002130"",""FF-WORKORDER-000130"",""FF-SUPPLIER-000130""]"
FF-CUSTOMER-002154,Final Inspection Failed,2023-10-06T18:18:00Z,engineering_execution,FF-R-00026523,USR-080,"[""FF-CUSTOMER-002154"",""FF-OPERATION-000154""]"
FF-CUSTOMER-002161,Rework Ordered,2023-10-06T21:22:00Z,fulfilment_record,FF-R-00026535,USR-069,"[""FF-CUSTOMER-002161"",""FF-ENGINEERINGCHANGE-000161"",""FF-PURCHASEORDER-000161""]"
FF-CUSTOMER-002135,Final Inspection Failed,2023-10-07T04:00:00Z,engineering_execution,FF-R-00026563,USR-011,"[""FF-CUSTOMER-002135"",""FF-OPERATION-000135""]"
FF-CUSTOMER-002135,Rework Ordered,2023-10-07T04:37:00Z,fulfilment_record,FF-R-00026564,USR-008,"[""FF-CUSTOMER-002135"",""FF-ENGINEERINGCHANGE-000135""]"
FF-CUSTOMER-002135,Rework Completed,2023-10-07T05:14:00Z,finance_posting,FF-R-00026565,USR-009,"[""FF-CUSTOMER-002135"",""FF-BOMREVISION-000135""]"
FF-CUSTOMER-002135,Final Inspection Passed,2023-10-07T05:51:00Z,commercial_document,FF-R-00026566,USR-010,"[""FF-CUSTOMER-002135"",""FF-WORKORDER-000135"",""FF-SUPPLIER-000135""]"
FF-CUSTOMER-002140,Final Inspection Failed,2023-10-07T19:00:00Z,engineering_execution,FF-R-00026625,USR-096,"[""FF-CUSTOMER-002140"",""FF-OPERATION-000140""]"
FF-CUSTOMER-002140,Rework Ordered,2023-10-07T19:37:00Z,fulfilment_record,FF-R-00026626,USR-093,"[""FF-CUSTOMER-002140"",""FF-ENGINEERINGCHANGE-000140"",""FF-PURCHASEORDER-000140""]"
FF-CUSTOMER-002140,Rework Completed,2023-10-07T20:14:00Z,finance_posting,FF-R-00026627,USR-094,"[""FF-CUSTOMER-002140"",""FF-BOMREVISION-000140""]"
FF-CUSTOMER-002140,Final Inspection Passed,2023-10-07T20:51:00Z,commercial_document,FF-R-00026628,USR-095,"[""FF-CUSTOMER-002140"",""FF-WORKORDER-000140"",""FF-SUPPLIER-000140""]"
FF-CUSTOMER-002167,Rework Completed,2023-10-07T21:29:00Z,finance_posting,FF-R-00026638,USR-045,"[""FF-CUSTOMER-002167"",""FF-BOMREVISION-000167"",""FF-PURCHASEORDERLINE-000167""]"
FF-CUSTOMER-002145,Final Inspection Failed,2023-10-08T10:00:00Z,engineering_execution,FF-R-00026686,USR-054,"[""FF-CUSTOMER-002145"",""FF-OPERATION-000145"",""FF-GOODSRECEIPT-000145""]"
FF-CUSTOMER-002145,Rework Ordered,2023-10-08T10:37:00Z,fulfilment_record,FF-R-00026687,USR-051,"[""FF-CUSTOMER-002145"",""FF-ENGINEERINGCHANGE-000145""]"
FF-CUSTOMER-002145,Rework Completed,2023-10-08T11:14:00Z,finance_posting,FF-R-00026688,USR-052,"[""FF-CUSTOMER-002145"",""FF-BOMREVISION-000145"",""FF-PURCHASEORDERLINE-000145""]"
FF-CUSTOMER-002145,Final Inspection Passed,2023-10-08T11:51:00Z,commercial_document,FF-R-00026689,USR-053,"[""FF-CUSTOMER-002145"",""FF-WORKORDER-000145""]"
FF-CUSTOMER-002171,Final Inspection Passed,2023-10-08T15:34:00Z,commercial_document,FF-R-00026708,USR-114,"[""FF-CUSTOMER-002171"",""FF-WORKORDER-000171""]"
FF-CUSTOMER-002150,Final Inspection Failed,2023-10-09T01:00:00Z,engineering_execution,FF-R-00026746,USR-012,"[""FF-CUSTOMER-002150"",""FF-OPERATION-000150""]"
FF-CUSTOMER-002150,Rework Ordered,2023-10-09T01:37:00Z,fulfilment_record,FF-R-00026747,USR-009,"[""FF-CUSTOMER-002150"",""FF-ENGINEERINGCHANGE-000150"",""FF-PURCHASEORDER-000150""]"
FF-CUSTOMER-002150,Rework Completed,2023-10-09T02:14:00Z,finance_posting,FF-R-00026748,USR-010,"[""FF-CUSTOMER-002150"",""FF-BOMREVISION-000150""]"
FF-CUSTOMER-002150,Final Inspection Passed,2023-10-09T02:51:00Z,commercial_document,FF-R-00026749,USR-011,"[""FF-CUSTOMER-002150"",""FF-WORKORDER-000150""]"
FF-CUSTOMER-002180,Rework Ordered,2023-10-09T06:41:00Z,fulfilment_record,FF-R-00026770,USR-011,"[""FF-CUSTOMER-002180"",""FF-ENGINEERINGCHANGE-000180""]"
FF-CUSTOMER-002155,Final Inspection Failed,2023-10-09T16:00:00Z,engineering_execution,FF-R-00026802,USR-097,"[""FF-CUSTOMER-002155"",""FF-OPERATION-000155"",""FF-GOODSRECEIPT-000155""]"
FF-CUSTOMER-002155,Rework Ordered,2023-10-09T16:37:00Z,fulfilment_record,FF-R-00026803,USR-094,"[""FF-CUSTOMER-002155"",""FF-ENGINEERINGCHANGE-000155""]"
FF-CUSTOMER-002155,Rework Completed,2023-10-09T17:14:00Z,finance_posting,FF-R-00026804,USR-095,"[""FF-CUSTOMER-002155"",""FF-BOMREVISION-000155"",""FF-PURCHASEORDERLINE-000155""]"
FF-CUSTOMER-002155,Final Inspection Passed,2023-10-09T17:51:00Z,commercial_document,FF-R-00026805,USR-096,"[""FF-CUSTOMER-002155"",""FF-WORKORDER-000155""]"
FF-CUSTOMER-002160,Final Inspection Failed,2023-10-10T07:00:00Z,engineering_execution,FF-R-00026868,USR-055,"[""FF-CUSTOMER-002160"",""FF-OPERATION-000160"",""FF-GOODSRECEIPT-000160""]"
FF-CUSTOMER-002160,Rework Ordered,2023-10-10T07:37:00Z,fulfilment_record,FF-R-00026869,USR-052,"[""FF-CUSTOMER-002160"",""FF-ENGINEERINGCHANGE-000160""]"
FF-CUSTOMER-002160,Rework Completed,2023-10-10T08:14:00Z,finance_posting,FF-R-00026870,USR-053,"[""FF-CUSTOMER-002160"",""FF-BOMREVISION-000160"",""FF-PURCHASEORDERLINE-000160""]"
FF-CUSTOMER-002160,Final Inspection Passed,2023-10-10T08:51:00Z,commercial_document,FF-R-00026871,USR-054,"[""FF-CUSTOMER-002160"",""FF-WORKORDER-000160""]"
FF-CUSTOMER-002185,Final Inspection Failed,2023-10-10T15:49:00Z,engineering_execution,FF-R-00026903,USR-099,"[""FF-CUSTOMER-002185"",""FF-OPERATION-000185""]"
FF-CUSTOMER-002190,Rework Completed,2023-10-10T18:52:00Z,finance_posting,FF-R-00026915,USR-055,"[""FF-CUSTOMER-002190"",""FF-BOMREVISION-000190""]"
FF-CUSTOMER-002165,Final Inspection Failed,2023-10-10T22:00:00Z,engineering_execution,FF-R-00026927,USR-013,"[""FF-CUSTOMER-002165"",""FF-OPERATION-000165""]"
FF-CUSTOMER-002165,Rework Ordered,2023-10-10T22:37:00Z,fulfilment_record,FF-R-00026928,USR-010,"[""FF-CUSTOMER-002165"",""FF-ENGINEERINGCHANGE-000165""]"
FF-CUSTOMER-002165,Rework Completed,2023-10-10T23:14:00Z,finance_posting,FF-R-00026929,USR-011,"[""FF-CUSTOMER-002165"",""FF-BOMREVISION-000165""]"
FF-CUSTOMER-002165,Final Inspection Passed,2023-10-10T23:51:00Z,commercial_document,FF-R-00026930,USR-012,"[""FF-CUSTOMER-002165"",""FF-WORKORDER-000165"",""FF-SUPPLIER-000165""]"
FF-CUSTOMER-002170,Final Inspection Failed,2023-10-11T13:00:00Z,engineering_execution,FF-R-00026987,USR-098,"[""FF-CUSTOMER-002170"",""FF-OPERATION-000170""]"
FF-CUSTOMER-002170,Rework Ordered,2023-10-11T13:37:00Z,fulfilment_record,FF-R-00026988,USR-095,"[""FF-CUSTOMER-002170"",""FF-ENGINEERINGCHANGE-000170""]"
FF-CUSTOMER-002170,Rework Completed,2023-10-11T14:14:00Z,finance_posting,FF-R-00026989,USR-096,"[""FF-CUSTOMER-002170"",""FF-BOMREVISION-000170""]"
FF-CUSTOMER-002170,Final Inspection Passed,2023-10-11T14:51:00Z,commercial_document,FF-R-00026990,USR-097,"[""FF-CUSTOMER-002170"",""FF-WORKORDER-000170"",""FF-SUPPLIER-000170""]"
FF-CUSTOMER-002199,Rework Ordered,2023-10-11T15:07:00Z,fulfilment_record,FF-R-00026991,USR-080,"[""FF-CUSTOMER-002199"",""FF-ENGINEERINGCHANGE-000199"",""FF-PURCHASEORDER-000199""]"
FF-CUSTOMER-002175,Final Inspection Failed,2023-10-12T04:00:00Z,engineering_execution,FF-R-00027047,USR-056,"[""FF-CUSTOMER-002175"",""FF-OPERATION-000175"",""FF-GOODSRECEIPT-000175""]"
FF-CUSTOMER-002175,Rework Ordered,2023-10-12T04:37:00Z,fulfilment_record,FF-R-00027048,USR-053,"[""FF-CUSTOMER-002175"",""FF-ENGINEERINGCHANGE-000175""]"
FF-CUSTOMER-002175,Rework Completed,2023-10-12T05:14:00Z,finance_posting,FF-R-00027049,USR-054,"[""FF-CUSTOMER-002175"",""FF-BOMREVISION-000175"",""FF-PURCHASEORDERLINE-000175""]"
FF-CUSTOMER-002175,Final Inspection Passed,2023-10-12T05:51:00Z,commercial_document,FF-R-00027050,USR-055,"[""FF-CUSTOMER-002175"",""FF-WORKORDER-000175""]"
FF-CUSTOMER-002200,Final Inspection Passed,2023-10-12T06:10:00Z,commercial_document,FF-R-00027051,USR-099,"[""FF-CUSTOMER-002200"",""FF-WORKORDER-000200"",""FF-SUPPLIER-000200""]"
FF-CUSTOMER-002180,Final Inspection Failed,2023-10-12T19:00:00Z,engineering_execution,FF-R-00027107,USR-014,"[""FF-CUSTOMER-002180"",""FF-OPERATION-000180"",""FF-GOODSRECEIPT-000180""]"
FF-CUSTOMER-002180,Rework Ordered,2023-10-12T19:37:00Z,fulfilment_record,FF-R-00027108,USR-011,"[""FF-CUSTOMER-002180"",""FF-ENGINEERINGCHANGE-000180""]"
FF-CUSTOMER-002180,Rework Completed,2023-10-12T20:14:00Z,finance_posting,FF-R-00027109,USR-012,"[""FF-CUSTOMER-002180"",""FF-BOMREVISION-000180"",""FF-PURCHASEORDERLINE-000180""]"
FF-CUSTOMER-002180,Final Inspection Passed,2023-10-12T20:51:00Z,commercial_document,FF-R-00027110,USR-013,"[""FF-CUSTOMER-002180"",""FF-WORKORDER-000180""]"
FF-CUSTOMER-002185,Final Inspection Failed,2023-10-13T10:00:00Z,engineering_execution,FF-R-00027164,USR-099,"[""FF-CUSTOMER-002185"",""FF-OPERATION-000185""]"
FF-CUSTOMER-002185,Rework Ordered,2023-10-13T10:37:00Z,fulfilment_record,FF-R-00027165,USR-096,"[""FF-CUSTOMER-002185"",""FF-ENGINEERINGCHANGE-000185"",""FF-PURCHASEORDER-000185""]"
FF-CUSTOMER-002185,Rework Completed,2023-10-13T11:14:00Z,finance_posting,FF-R-00027166,USR-097,"[""FF-CUSTOMER-002185"",""FF-BOMREVISION-000185""]"
FF-CUSTOMER-002185,Final Inspection Passed,2023-10-13T11:51:00Z,commercial_document,FF-R-00027167,USR-098,"[""FF-CUSTOMER-002185"",""FF-WORKORDER-000185"",""FF-SUPPLIER-000185""]"
FF-CUSTOMER-002213,Rework Completed,2023-10-13T15:22:00Z,finance_posting,FF-R-00027186,USR-065,"[""FF-CUSTOMER-002213"",""FF-BOMREVISION-000213""]"
FF-CUSTOMER-002218,Rework Ordered,2023-10-14T00:26:00Z,fulfilment_record,FF-R-00027220,USR-022,"[""FF-CUSTOMER-002218"",""FF-ENGINEERINGCHANGE-000218"",""FF-PURCHASEORDER-000218""]"
FF-CUSTOMER-002190,Final Inspection Failed,2023-10-14T01:00:00Z,engineering_execution,FF-R-00027224,USR-057,"[""FF-CUSTOMER-002190"",""FF-OPERATION-000190""]"
FF-CUSTOMER-002190,Rework Ordered,2023-10-14T01:37:00Z,fulfilment_record,FF-R-00027225,USR-054,"[""FF-CUSTOMER-002190"",""FF-ENGINEERINGCHANGE-000190"",""FF-PURCHASEORDER-000190""]"
FF-CUSTOMER-002190,Rework Completed,2023-10-14T02:14:00Z,finance_posting,FF-R-00027226,USR-055,"[""FF-CUSTOMER-002190"",""FF-BOMREVISION-000190""]"
FF-CUSTOMER-002190,Final Inspection Passed,2023-10-14T02:51:00Z,commercial_document,FF-R-00027227,USR-056,"[""FF-CUSTOMER-002190"",""FF-WORKORDER-000190""]"
FF-CUSTOMER-002216,Final Inspection Failed,2023-10-14T12:27:00Z,engineering_execution,FF-R-00027274,USR-118,"[""FF-CUSTOMER-002216"",""FF-OPERATION-000216"",""FF-GOODSRECEIPT-000216""]"
FF-CUSTOMER-002195,Final Inspection Failed,2023-10-14T16:00:00Z,engineering_execution,FF-R-00027288,USR-015,"[""FF-CUSTOMER-002195"",""FF-OPERATION-000195""]"
FF-CUSTOMER-002195,Rework Ordered,2023-10-14T16:37:00Z,fulfilment_record,FF-R-00027289,USR-012,"[""FF-CUSTOMER-002195"",""FF-ENGINEERINGCHANGE-000195""]"
FF-CUSTOMER-002195,Rework Completed,2023-10-14T17:14:00Z,finance_posting,FF-R-00027290,USR-013,"[""FF-CUSTOMER-002195"",""FF-BOMREVISION-000195""]"
FF-CUSTOMER-002195,Final Inspection Passed,2023-10-14T17:51:00Z,commercial_document,FF-R-00027291,USR-014,"[""FF-CUSTOMER-002195"",""FF-WORKORDER-000195"",""FF-SUPPLIER-000195""]"
FF-CUSTOMER-002200,Final Inspection Failed,2023-10-15T07:00:00Z,engineering_execution,FF-R-00027348,USR-100,"[""FF-CUSTOMER-002200"",""FF-OPERATION-000200""]"
FF-CUSTOMER-002200,Rework Ordered,2023-10-15T07:37:00Z,fulfilment_record,FF-R-00027349,USR-097,"[""FF-CUSTOMER-002200"",""FF-ENGINEERINGCHANGE-000200"",""FF-PURCHASEORDER-000200""]"
FF-CUSTOMER-002200,Rework Completed,2023-10-15T08:14:00Z,finance_posting,FF-R-00027350,USR-098,"[""FF-CUSTOMER-002200"",""FF-BOMREVISION-000200""]"
FF-CUSTOMER-002200,Final Inspection Passed,2023-10-15T08:51:00Z,commercial_document,FF-R-00027351,USR-099,"[""FF-CUSTOMER-002200"",""FF-WORKORDER-000200""]"
FF-CUSTOMER-002229,Final Inspection Passed,2023-10-15T21:39:00Z,commercial_document,FF-R-00027408,USR-084,"[""FF-CUSTOMER-002229"",""FF-WORKORDER-000229""]"
FF-CUSTOMER-002205,Final Inspection Failed,2023-10-15T22:00:00Z,engineering_execution,FF-R-00027409,USR-058,"[""FF-CUSTOMER-002205"",""FF-OPERATION-000205""]"
FF-CUSTOMER-002205,Rework Ordered,2023-10-15T22:37:00Z,fulfilment_record,FF-R-00027410,USR-055,"[""FF-CUSTOMER-002205"",""FF-ENGINEERINGCHANGE-000205"",""FF-PURCHASEORDER-000205""]"
FF-CUSTOMER-002205,Rework Completed,2023-10-15T23:14:00Z,finance_posting,FF-R-00027411,USR-056,"[""FF-CUSTOMER-002205"",""FF-BOMREVISION-000205""]"
FF-CUSTOMER-002205,Final Inspection Passed,2023-10-15T23:51:00Z,commercial_document,FF-R-00027412,USR-057,"[""FF-CUSTOMER-002205"",""FF-WORKORDER-000205"",""FF-SUPPLIER-000205""]"
FF-CUSTOMER-002237,Rework Ordered,2023-10-16T09:45:00Z,fulfilment_record,FF-R-00027456,USR-091,"[""FF-CUSTOMER-002237"",""FF-ENGINEERINGCHANGE-000237"",""FF-PURCHASEORDER-000237""]"
FF-CUSTOMER-002236,Rework Completed,2023-10-16T12:45:00Z,finance_posting,FF-R-00027466,USR-075,"[""FF-CUSTOMER-002236"",""FF-BOMREVISION-000236"",""FF-PURCHASEORDERLINE-000236""]"
FF-CUSTOMER-002210,Final Inspection Failed,2023-10-16T13:00:00Z,engineering_execution,FF-R-00027468,USR-016,"[""FF-CUSTOMER-002210"",""FF-OPERATION-000210"",""FF-GOODSRECEIPT-000210""]"
FF-CUSTOMER-002210,Rework Ordered,2023-10-16T13:37:00Z,fulfilment_record,FF-R-00027469,USR-013,"[""FF-CUSTOMER-002210"",""FF-ENGINEERINGCHANGE-000210""]"
FF-CUSTOMER-002210,Rework Completed,2023-10-16T14:14:00Z,finance_posting,FF-R-00027470,USR-014,"[""FF-CUSTOMER-002210"",""FF-BOMREVISION-000210"",""FF-PURCHASEORDERLINE-000210""]"
FF-CUSTOMER-002210,Final Inspection Passed,2023-10-16T14:51:00Z,commercial_document,FF-R-00027471,USR-015,"[""FF-CUSTOMER-002210"",""FF-WORKORDER-000210""]"
FF-CUSTOMER-002215,Final Inspection Failed,2023-10-17T04:00:00Z,engineering_execution,FF-R-00027529,USR-101,"[""FF-CUSTOMER-002215"",""FF-OPERATION-000215""]"
FF-CUSTOMER-002215,Rework Ordered,2023-10-17T04:37:00Z,fulfilment_record,FF-R-00027530,USR-098,"[""FF-CUSTOMER-002215"",""FF-ENGINEERINGCHANGE-000215"",""FF-PURCHASEORDER-000215""]"
FF-CUSTOMER-002215,Rework Completed,2023-10-17T05:14:00Z,finance_posting,FF-R-00027531,USR-099,"[""FF-CUSTOMER-002215"",""FF-BOMREVISION-000215""]"
FF-CUSTOMER-002215,Final Inspection Passed,2023-10-17T05:51:00Z,commercial_document,FF-R-00027532,USR-100,"[""FF-CUSTOMER-002215"",""FF-WORKORDER-000215"",""FF-SUPPLIER-000215""]"
FF-CUSTOMER-002220,Final Inspection Failed,2023-10-17T19:00:00Z,engineering_execution,FF-R-00027586,USR-059,"[""FF-CUSTOMER-002220"",""FF-OPERATION-000220""]"
FF-CUSTOMER-002220,Rework Ordered,2023-10-17T19:37:00Z,fulfilment_record,FF-R-00027587,USR-056,"[""FF-CUSTOMER-002220"",""FF-ENGINEERINGCHANGE-000220"",""FF-PURCHASEORDER-000220""]"
FF-CUSTOMER-002220,Rework Completed,2023-10-17T20:14:00Z,finance_posting,FF-R-00027588,USR-057,"[""FF-CUSTOMER-002220"",""FF-BOMREVISION-000220""]"
FF-CUSTOMER-002220,Final Inspection Passed,2023-10-17T20:51:00Z,commercial_document,FF-R-00027589,USR-058,"[""FF-CUSTOMER-002220"",""FF-WORKORDER-000220""]"
FF-CUSTOMER-002247,Final Inspection Failed,2023-10-18T09:05:00Z,engineering_execution,FF-R-00027636,USR-010,"[""FF-CUSTOMER-002247"",""FF-OPERATION-000247""]"
FF-CUSTOMER-002225,Final Inspection Failed,2023-10-18T10:00:00Z,engineering_execution,FF-R-00027650,USR-017,"[""FF-CUSTOMER-002225"",""FF-OPERATION-000225"",""FF-GOODSRECEIPT-000225""]"
FF-CUSTOMER-002225,Rework Ordered,2023-10-18T10:37:00Z,fulfilment_record,FF-R-00027651,USR-014,"[""FF-CUSTOMER-002225"",""FF-ENGINEERINGCHANGE-000225""]"
FF-CUSTOMER-002225,Rework Completed,2023-10-18T11:14:00Z,finance_posting,FF-R-00027652,USR-015,"[""FF-CUSTOMER-002225"",""FF-BOMREVISION-000225"",""FF-PURCHASEORDERLINE-000225""]"
FF-CUSTOMER-002225,Final Inspection Passed,2023-10-18T11:51:00Z,commercial_document,FF-R-00027653,USR-016,"[""FF-CUSTOMER-002225"",""FF-WORKORDER-000225""]"
FF-CUSTOMER-002256,Rework Ordered,2023-10-18T18:11:00Z,fulfilment_record,FF-R-00027676,USR-033,"[""FF-CUSTOMER-002256"",""FF-ENGINEERINGCHANGE-000256""]"
FF-CUSTOMER-002230,Final Inspection Failed,2023-10-19T01:00:00Z,engineering_execution,FF-R-00027709,USR-102,"[""FF-CUSTOMER-002230"",""FF-OPERATION-000230""]"
FF-CUSTOMER-002230,Rework Ordered,2023-10-19T01:37:00Z,fulfilment_record,FF-R-00027710,USR-099,"[""FF-CUSTOMER-002230"",""FF-ENGINEERINGCHANGE-000230"",""FF-PURCHASEORDER-000230""]"
FF-CUSTOMER-002230,Rework Completed,2023-10-19T02:14:00Z,finance_posting,FF-R-00027711,USR-100,"[""FF-CUSTOMER-002230"",""FF-BOMREVISION-000230""]"
FF-CUSTOMER-002230,Final Inspection Passed,2023-10-19T02:51:00Z,commercial_document,FF-R-00027712,USR-101,"[""FF-CUSTOMER-002230"",""FF-WORKORDER-000230"",""FF-SUPPLIER-000230""]"
FF-CUSTOMER-002259,Rework Completed,2023-10-19T09:15:00Z,finance_posting,FF-R-00027734,USR-085,"[""FF-CUSTOMER-002259"",""FF-BOMREVISION-000259""]"
FF-CUSTOMER-002258,Final Inspection Passed,2023-10-19T12:15:00Z,commercial_document,FF-R-00027745,USR-069,"[""FF-CUSTOMER-002258"",""FF-WORKORDER-000258""]"
FF-CUSTOMER-002235,Final Inspection Failed,2023-10-19T16:00:00Z,engineering_execution,FF-R-00027767,USR-060,"[""FF-CUSTOMER-002235"",""FF-OPERATION-000235"",""FF-GOODSRECEIPT-000235""]"
FF-CUSTOMER-002235,Rework Ordered,2023-10-19T16:37:00Z,fulfilment_record,FF-R-00027768,USR-057,"[""FF-CUSTOMER-002235"",""FF-ENGINEERINGCHANGE-000235""]"
FF-CUSTOMER-002235,Rework Completed,2023-10-19T17:14:00Z,finance_posting,FF-R-00027769,USR-058,"[""FF-CUSTOMER-002235"",""FF-BOMREVISION-000235"",""FF-PURCHASEORDERLINE-000235""]"
FF-CUSTOMER-002235,Final Inspection Passed,2023-10-19T17:51:00Z,commercial_document,FF-R-00027770,USR-059,"[""FF-CUSTOMER-002235"",""FF-WORKORDER-000235""]"
FF-CUSTOMER-002240,Final Inspection Failed,2023-10-20T07:00:00Z,engineering_execution,FF-R-00027829,USR-018,"[""FF-CUSTOMER-002240"",""FF-OPERATION-000240""]"
FF-CUSTOMER-002240,Rework Ordered,2023-10-20T07:37:00Z,fulfilment_record,FF-R-00027830,USR-015,"[""FF-CUSTOMER-002240"",""FF-ENGINEERINGCHANGE-000240"",""FF-PURCHASEORDER-000240""]"
FF-CUSTOMER-002240,Rework Completed,2023-10-20T08:14:00Z,finance_posting,FF-R-00027831,USR-016,"[""FF-CUSTOMER-002240"",""FF-BOMREVISION-000240""]"
FF-CUSTOMER-002240,Final Inspection Passed,2023-10-20T08:51:00Z,commercial_document,FF-R-00027832,USR-017,"[""FF-CUSTOMER-002240"",""FF-WORKORDER-000240"",""FF-SUPPLIER-000240""]"
FF-CUSTOMER-002245,Final Inspection Failed,2023-10-20T22:00:00Z,engineering_execution,FF-R-00027885,USR-103,"[""FF-CUSTOMER-002245"",""FF-OPERATION-000245"",""FF-GOODSRECEIPT-000245""]"
FF-CUSTOMER-002245,Rework Ordered,2023-10-20T22:37:00Z,fulfilment_record,FF-R-00027886,USR-100,"[""FF-CUSTOMER-002245"",""FF-ENGINEERINGCHANGE-000245""]"
FF-CUSTOMER-002245,Rework Completed,2023-10-20T23:14:00Z,finance_posting,FF-R-00027887,USR-101,"[""FF-CUSTOMER-002245"",""FF-BOMREVISION-000245"",""FF-PURCHASEORDERLINE-000245""]"
FF-CUSTOMER-002245,Final Inspection Passed,2023-10-20T23:51:00Z,commercial_document,FF-R-00027888,USR-102,"[""FF-CUSTOMER-002245"",""FF-WORKORDER-000245""]"
FF-CUSTOMER-002275,Rework Ordered,2023-10-21T03:30:00Z,fulfilment_record,FF-R-00027912,USR-102,"[""FF-CUSTOMER-002275"",""FF-ENGINEERINGCHANGE-000275"",""FF-PURCHASEORDER-000275""]"
FF-CUSTOMER-002250,Final Inspection Failed,2023-10-21T13:00:00Z,engineering_execution,FF-R-00027951,USR-061,"[""FF-CUSTOMER-002250"",""FF-OPERATION-000250""]"
FF-CUSTOMER-002250,Rework Ordered,2023-10-21T13:37:00Z,fulfilment_record,FF-R-00027952,USR-058,"[""FF-CUSTOMER-002250"",""FF-ENGINEERINGCHANGE-000250"",""FF-PURCHASEORDER-000250""]"
FF-CUSTOMER-002250,Rework Completed,2023-10-21T14:14:00Z,finance_posting,FF-R-00027953,USR-059,"[""FF-CUSTOMER-002250"",""FF-BOMREVISION-000250""]"
FF-CUSTOMER-002250,Final Inspection Passed,2023-10-21T14:51:00Z,commercial_document,FF-R-00027954,USR-060,"[""FF-CUSTOMER-002250"",""FF-WORKORDER-000250"",""FF-SUPPLIER-000250""]"
FF-CUSTOMER-002255,Final Inspection Failed,2023-10-22T04:00:00Z,engineering_execution,FF-R-00028007,USR-019,"[""FF-CUSTOMER-002255"",""FF-OPERATION-000255""]"
FF-CUSTOMER-002255,Rework Ordered,2023-10-22T04:37:00Z,fulfilment_record,FF-R-00028008,USR-016,"[""FF-CUSTOMER-002255"",""FF-ENGINEERINGCHANGE-000255"",""FF-PURCHASEORDER-000255""]"
FF-CUSTOMER-002255,Rework Completed,2023-10-22T05:14:00Z,finance_posting,FF-R-00028009,USR-017,"[""FF-CUSTOMER-002255"",""FF-BOMREVISION-000255""]"
FF-CUSTOMER-002255,Final Inspection Passed,2023-10-22T05:51:00Z,commercial_document,FF-R-00028010,USR-018,"[""FF-CUSTOMER-002255"",""FF-WORKORDER-000255""]"
FF-CUSTOMER-002278,Final Inspection Failed,2023-10-22T06:36:00Z,engineering_execution,FF-R-00028020,USR-029,"[""FF-CUSTOMER-002278"",""FF-OPERATION-000278""]"
FF-CUSTOMER-002282,Rework Completed,2023-10-22T06:38:00Z,finance_posting,FF-R-00028021,USR-095,"[""FF-CUSTOMER-002282"",""FF-BOMREVISION-000282""]"
FF-CUSTOMER-002260,Final Inspection Failed,2023-10-22T19:00:00Z,engineering_execution,FF-R-00028068,USR-104,"[""FF-CUSTOMER-002260"",""FF-OPERATION-000260"",""FF-GOODSRECEIPT-000260""]"
FF-CUSTOMER-002260,Rework Ordered,2023-10-22T19:37:00Z,fulfilment_record,FF-R-00028069,USR-101,"[""FF-CUSTOMER-002260"",""FF-ENGINEERINGCHANGE-000260""]"
FF-CUSTOMER-002260,Rework Completed,2023-10-22T20:14:00Z,finance_posting,FF-R-00028070,USR-102,"[""FF-CUSTOMER-002260"",""FF-BOMREVISION-000260"",""FF-PURCHASEORDERLINE-000260""]"
FF-CUSTOMER-002260,Final Inspection Passed,2023-10-22T20:51:00Z,commercial_document,FF-R-00028071,USR-103,"[""FF-CUSTOMER-002260"",""FF-WORKORDER-000260""]"
FF-CUSTOMER-002287,Final Inspection Passed,2023-10-23T03:44:00Z,commercial_document,FF-R-00028108,USR-054,"[""FF-CUSTOMER-002287"",""FF-WORKORDER-000287"",""FF-SUPPLIER-000287""]"
FF-CUSTOMER-002265,Final Inspection Failed,2023-10-23T10:00:00Z,engineering_execution,FF-R-00028130,USR-062,"[""FF-CUSTOMER-002265"",""FF-OPERATION-000265""]"
FF-CUSTOMER-002265,Rework Ordered,2023-10-23T10:37:00Z,fulfilment_record,FF-R-00028131,USR-059,"[""FF-CUSTOMER-002265"",""FF-ENGINEERINGCHANGE-000265"",""FF-PURCHASEORDER-000265""]"
FF-CUSTOMER-002265,Rework Completed,2023-10-23T11:14:00Z,finance_posting,FF-R-00028132,USR-060,"[""FF-CUSTOMER-002265"",""FF-BOMREVISION-000265""]"
FF-CUSTOMER-002265,Final Inspection Passed,2023-10-23T11:51:00Z,commercial_document,FF-R-00028133,USR-061,"[""FF-CUSTOMER-002265"",""FF-WORKORDER-000265"",""FF-SUPPLIER-000265""]"
FF-CUSTOMER-002294,Rework Ordered,2023-10-23T12:49:00Z,fulfilment_record,FF-R-00028143,USR-044,"[""FF-CUSTOMER-002294"",""FF-ENGINEERINGCHANGE-000294""]"
FF-CUSTOMER-002270,Final Inspection Failed,2023-10-24T01:00:00Z,engineering_execution,FF-R-00028191,USR-020,"[""FF-CUSTOMER-002270"",""FF-OPERATION-000270""]"
FF-CUSTOMER-002270,Rework Ordered,2023-10-24T01:37:00Z,fulfilment_record,FF-R-00028192,USR-017,"[""FF-CUSTOMER-002270"",""FF-ENGINEERINGCHANGE-000270"",""FF-PURCHASEORDER-000270""]"
FF-CUSTOMER-002270,Rework Completed,2023-10-24T02:14:00Z,finance_posting,FF-R-00028193,USR-018,"[""FF-CUSTOMER-002270"",""FF-BOMREVISION-000270""]"
FF-CUSTOMER-002270,Final Inspection Passed,2023-10-24T02:51:00Z,commercial_document,FF-R-00028194,USR-019,"[""FF-CUSTOMER-002270"",""FF-WORKORDER-000270"",""FF-SUPPLIER-000270""]"
FF-CUSTOMER-002275,Final Inspection Failed,2023-10-24T16:00:00Z,engineering_execution,FF-R-00028251,USR-105,"[""FF-CUSTOMER-002275"",""FF-OPERATION-000275""]"
FF-CUSTOMER-002275,Rework Ordered,2023-10-24T16:37:00Z,fulfilment_record,FF-R-00028252,USR-102,"[""FF-CUSTOMER-002275"",""FF-ENGINEERINGCHANGE-000275"",""FF-PURCHASEORDER-000275""]"
FF-CUSTOMER-002275,Rework Completed,2023-10-24T17:14:00Z,finance_posting,FF-R-00028253,USR-103,"[""FF-CUSTOMER-002275"",""FF-BOMREVISION-000275""]"
FF-CUSTOMER-002275,Final Inspection Passed,2023-10-24T17:51:00Z,commercial_document,FF-R-00028254,USR-104,"[""FF-CUSTOMER-002275"",""FF-WORKORDER-000275""]"
FF-CUSTOMER-002305,Rework Completed,2023-10-25T03:08:00Z,finance_posting,FF-R-00028287,USR-105,"[""FF-CUSTOMER-002305"",""FF-BOMREVISION-000305""]"
FF-CUSTOMER-002280,Final Inspection Failed,2023-10-25T07:00:00Z,engineering_execution,FF-R-00028311,USR-063,"[""FF-CUSTOMER-002280"",""FF-OPERATION-000280""]"
FF-CUSTOMER-002280,Rework Ordered,2023-10-25T07:37:00Z,fulfilment_record,FF-R-00028312,USR-060,"[""FF-CUSTOMER-002280"",""FF-ENGINEERINGCHANGE-000280""]"
FF-CUSTOMER-002280,Rework Completed,2023-10-25T08:14:00Z,finance_posting,FF-R-00028313,USR-061,"[""FF-CUSTOMER-002280"",""FF-BOMREVISION-000280""]"
FF-CUSTOMER-002280,Final Inspection Passed,2023-10-25T08:51:00Z,commercial_document,FF-R-00028314,USR-062,"[""FF-CUSTOMER-002280"",""FF-WORKORDER-000280"",""FF-SUPPLIER-000280""]"
FF-CUSTOMER-002313,Rework Ordered,2023-10-25T21:15:00Z,fulfilment_record,FF-R-00028358,USR-113,"[""FF-CUSTOMER-002313"",""FF-ENGINEERINGCHANGE-000313""]"
FF-CUSTOMER-002285,Final Inspection Failed,2023-10-25T22:00:00Z,engineering_execution,FF-R-00028370,USR-021,"[""FF-CUSTOMER-002285"",""FF-OPERATION-000285""]"
FF-CUSTOMER-002285,Rework Ordered,2023-10-25T22:37:00Z,fulfilment_record,FF-R-00028371,USR-018,"[""FF-CUSTOMER-002285"",""FF-ENGINEERINGCHANGE-000285"",""FF-PURCHASEORDER-000285""]"
FF-CUSTOMER-002285,Rework Completed,2023-10-25T23:14:00Z,finance_posting,FF-R-00028372,USR-019,"[""FF-CUSTOMER-002285"",""FF-BOMREVISION-000285""]"
FF-CUSTOMER-002285,Final Inspection Passed,2023-10-25T23:51:00Z,commercial_document,FF-R-00028373,USR-020,"[""FF-CUSTOMER-002285"",""FF-WORKORDER-000285"",""FF-SUPPLIER-000285""]"
FF-CUSTOMER-002309,Final Inspection Failed,2023-10-26T03:14:00Z,engineering_execution,FF-R-00028386,USR-048,"[""FF-CUSTOMER-002309"",""FF-OPERATION-000309""]"
FF-CUSTOMER-002290,Final Inspection Failed,2023-10-26T13:00:00Z,engineering_execution,FF-R-00028429,USR-106,"[""FF-CUSTOMER-002290"",""FF-OPERATION-000290""]"
FF-CUSTOMER-002290,Rework Ordered,2023-10-26T13:37:00Z,fulfilment_record,FF-R-00028430,USR-103,"[""FF-CUSTOMER-002290"",""FF-ENGINEERINGCHANGE-000290"",""FF-PURCHASEORDER-000290""]"
FF-CUSTOMER-002290,Rework Completed,2023-10-26T14:14:00Z,finance_posting,FF-R-00028431,USR-104,"[""FF-CUSTOMER-002290"",""FF-BOMREVISION-000290""]"
FF-CUSTOMER-002290,Final Inspection Passed,2023-10-26T14:51:00Z,commercial_document,FF-R-00028432,USR-105,"[""FF-CUSTOMER-002290"",""FF-WORKORDER-000290"",""FF-SUPPLIER-000290""]"
FF-CUSTOMER-002316,Final Inspection Passed,2023-10-26T18:20:00Z,commercial_document,FF-R-00028451,USR-039,"[""FF-CUSTOMER-002316"",""FF-WORKORDER-000316"",""FF-SUPPLIER-000316""]"
FF-CUSTOMER-002295,Final Inspection Failed,2023-10-27T04:00:00Z,engineering_execution,FF-R-00028492,USR-064,"[""FF-CUSTOMER-002295"",""FF-OPERATION-000295""]"
FF-CUSTOMER-002295,Rework Ordered,2023-10-27T04:37:00Z,fulfilment_record,FF-R-00028493,USR-061,"[""FF-CUSTOMER-002295"",""FF-ENGINEERINGCHANGE-000295"",""FF-PURCHASEORDER-000295""]"
FF-CUSTOMER-002295,Rework Completed,2023-10-27T05:14:00Z,finance_posting,FF-R-00028494,USR-062,"[""FF-CUSTOMER-002295"",""FF-BOMREVISION-000295""]"
FF-CUSTOMER-002295,Final Inspection Passed,2023-10-27T05:51:00Z,commercial_document,FF-R-00028495,USR-063,"[""FF-CUSTOMER-002295"",""FF-WORKORDER-000295"",""FF-SUPPLIER-000295""]"
FF-CUSTOMER-002300,Final Inspection Failed,2023-10-27T19:00:00Z,engineering_execution,FF-R-00028551,USR-022,"[""FF-CUSTOMER-002300"",""FF-OPERATION-000300""]"
FF-CUSTOMER-002300,Rework Ordered,2023-10-27T19:37:00Z,fulfilment_record,FF-R-00028552,USR-019,"[""FF-CUSTOMER-002300"",""FF-ENGINEERINGCHANGE-000300""]"
FF-CUSTOMER-002300,Rework Completed,2023-10-27T20:14:00Z,finance_posting,FF-R-00028553,USR-020,"[""FF-CUSTOMER-002300"",""FF-BOMREVISION-000300""]"
FF-CUSTOMER-002300,Final Inspection Passed,2023-10-27T20:51:00Z,commercial_document,FF-R-00028554,USR-021,"[""FF-CUSTOMER-002300"",""FF-WORKORDER-000300"",""FF-SUPPLIER-000300""]"
FF-CUSTOMER-002328,Rework Completed,2023-10-28T00:31:00Z,finance_posting,FF-R-00028575,USR-115,"[""FF-CUSTOMER-002328"",""FF-BOMREVISION-000328""]"
FF-CUSTOMER-002332,Rework Ordered,2023-10-28T06:34:00Z,fulfilment_record,FF-R-00028598,USR-055,"[""FF-CUSTOMER-002332"",""FF-ENGINEERINGCHANGE-000332""]"
FF-CUSTOMER-002305,Final Inspection Failed,2023-10-28T10:00:00Z,engineering_execution,FF-R-00028611,USR-107,"[""FF-CUSTOMER-002305"",""FF-OPERATION-000305"",""FF-GOODSRECEIPT-000305""]"
FF-CUSTOMER-002305,Rework Ordered,2023-10-28T10:37:00Z,fulfilment_record,FF-R-00028612,USR-104,"[""FF-CUSTOMER-002305"",""FF-ENGINEERINGCHANGE-000305""]"
FF-CUSTOMER-002305,Rework Completed,2023-10-28T11:14:00Z,finance_posting,FF-R-00028613,USR-105,"[""FF-CUSTOMER-002305"",""FF-BOMREVISION-000305"",""FF-PURCHASEORDERLINE-000305""]"
FF-CUSTOMER-002305,Final Inspection Passed,2023-10-28T11:51:00Z,commercial_document,FF-R-00028614,USR-106,"[""FF-CUSTOMER-002305"",""FF-WORKORDER-000305""]"
FF-CUSTOMER-002310,Final Inspection Failed,2023-10-29T01:00:00Z,engineering_execution,FF-R-00028669,USR-065,"[""FF-CUSTOMER-002310"",""FF-OPERATION-000310""]"
FF-CUSTOMER-002310,Rework Ordered,2023-10-29T01:37:00Z,fulfilment_record,FF-R-00028670,USR-062,"[""FF-CUSTOMER-002310"",""FF-ENGINEERINGCHANGE-000310"",""FF-PURCHASEORDER-000310""]"
FF-CUSTOMER-002310,Rework Completed,2023-10-29T02:14:00Z,finance_posting,FF-R-00028671,USR-063,"[""FF-CUSTOMER-002310"",""FF-BOMREVISION-000310""]"
FF-CUSTOMER-002310,Final Inspection Passed,2023-10-29T02:51:00Z,commercial_document,FF-R-00028672,USR-064,"[""FF-CUSTOMER-002310"",""FF-WORKORDER-000310""]"
FF-CUSTOMER-002315,Final Inspection Failed,2023-10-29T16:00:00Z,engineering_execution,FF-R-00028732,USR-023,"[""FF-CUSTOMER-002315"",""FF-OPERATION-000315""]"
FF-CUSTOMER-002315,Rework Ordered,2023-10-29T16:37:00Z,fulfilment_record,FF-R-00028733,USR-020,"[""FF-CUSTOMER-002315"",""FF-ENGINEERINGCHANGE-000315"",""FF-PURCHASEORDER-000315""]"
FF-CUSTOMER-002315,Rework Completed,2023-10-29T17:14:00Z,finance_posting,FF-R-00028734,USR-021,"[""FF-CUSTOMER-002315"",""FF-BOMREVISION-000315""]"
FF-CUSTOMER-002315,Final Inspection Passed,2023-10-29T17:51:00Z,commercial_document,FF-R-00028735,USR-022,"[""FF-CUSTOMER-002315"",""FF-WORKORDER-000315""]"
FF-CUSTOMER-002340,Final Inspection Failed,2023-10-30T00:45:00Z,engineering_execution,FF-R-00028768,USR-067,"[""FF-CUSTOMER-002340"",""FF-OPERATION-000340""]"
FF-CUSTOMER-002320,Final Inspection Failed,2023-10-30T07:00:00Z,engineering_execution,FF-R-00028791,USR-108,"[""FF-CUSTOMER-002320"",""FF-OPERATION-000320""]"
FF-CUSTOMER-002320,Rework Ordered,2023-10-30T07:37:00Z,fulfilment_record,FF-R-00028792,USR-105,"[""FF-CUSTOMER-002320"",""FF-ENGINEERINGCHANGE-000320"",""FF-PURCHASEORDER-000320""]"
FF-CUSTOMER-002320,Rework Completed,2023-10-30T08:14:00Z,finance_posting,FF-R-00028793,USR-106,"[""FF-CUSTOMER-002320"",""FF-BOMREVISION-000320""]"
FF-CUSTOMER-002320,Final Inspection Passed,2023-10-30T08:51:00Z,commercial_document,FF-R-00028794,USR-107,"[""FF-CUSTOMER-002320"",""FF-WORKORDER-000320""]"
FF-CUSTOMER-002345,Final Inspection Passed,2023-10-30T09:49:00Z,commercial_document,FF-R-00028805,USR-024,"[""FF-CUSTOMER-002345"",""FF-WORKORDER-000345"",""FF-SUPPLIER-000345""]"
FF-CUSTOMER-002351,Rework Ordered,2023-10-30T15:00:00Z,fulfilment_record,FF-R-00028815,USR-124,"[""FF-CUSTOMER-002351"",""FF-ENGINEERINGCHANGE-000351""]"
FF-CUSTOMER-002351,Rework Completed,2023-10-30T21:01:00Z,finance_posting,FF-R-00028843,USR-125,"[""FF-CUSTOMER-002351"",""FF-BOMREVISION-000351""]"
FF-CUSTOMER-002325,Final Inspection Failed,2023-10-30T22:00:00Z,engineering_execution,FF-R-00028854,USR-066,"[""FF-CUSTOMER-002325"",""FF-OPERATION-000325"",""FF-GOODSRECEIPT-000325""]"
FF-CUSTOMER-002325,Rework Ordered,2023-10-30T22:37:00Z,fulfilment_record,FF-R-00028855,USR-063,"[""FF-CUSTOMER-002325"",""FF-ENGINEERINGCHANGE-000325""]"
FF-CUSTOMER-002325,Rework Completed,2023-10-30T23:14:00Z,finance_posting,FF-R-00028856,USR-064,"[""FF-CUSTOMER-002325"",""FF-BOMREVISION-000325"",""FF-PURCHASEORDERLINE-000325""]"
FF-CUSTOMER-002325,Final Inspection Passed,2023-10-30T23:51:00Z,commercial_document,FF-R-00028857,USR-065,"[""FF-CUSTOMER-002325"",""FF-WORKORDER-000325""]"
FF-CUSTOMER-002330,Final Inspection Failed,2023-10-31T13:00:00Z,engineering_execution,FF-R-00028911,USR-024,"[""FF-CUSTOMER-002330"",""FF-OPERATION-000330"",""FF-GOODSRECEIPT-000330""]"
FF-CUSTOMER-002330,Rework Ordered,2023-10-31T13:37:00Z,fulfilment_record,FF-R-00028912,USR-021,"[""FF-CUSTOMER-002330"",""FF-ENGINEERINGCHANGE-000330""]"
FF-CUSTOMER-002330,Rework Completed,2023-10-31T14:14:00Z,finance_posting,FF-R-00028913,USR-022,"[""FF-CUSTOMER-002330"",""FF-BOMREVISION-000330"",""FF-PURCHASEORDERLINE-000330""]"
FF-CUSTOMER-002330,Final Inspection Passed,2023-10-31T14:51:00Z,commercial_document,FF-R-00028914,USR-023,"[""FF-CUSTOMER-002330"",""FF-WORKORDER-000330""]"
FF-CUSTOMER-002335,Final Inspection Failed,2023-11-01T04:00:00Z,engineering_execution,FF-R-00028974,USR-109,"[""FF-CUSTOMER-002335"",""FF-OPERATION-000335""]"
FF-CUSTOMER-002335,Rework Ordered,2023-11-01T04:37:00Z,fulfilment_record,FF-R-00028975,USR-106,"[""FF-CUSTOMER-002335"",""FF-ENGINEERINGCHANGE-000335"",""FF-PURCHASEORDER-000335""]"
FF-CUSTOMER-002335,Rework Completed,2023-11-01T05:14:00Z,finance_posting,FF-R-00028976,USR-107,"[""FF-CUSTOMER-002335"",""FF-BOMREVISION-000335""]"
FF-CUSTOMER-002335,Final Inspection Passed,2023-11-01T05:51:00Z,commercial_document,FF-R-00028977,USR-108,"[""FF-CUSTOMER-002335"",""FF-WORKORDER-000335""]"
FF-CUSTOMER-002340,Final Inspection Failed,2023-11-01T19:00:00Z,engineering_execution,FF-R-00029032,USR-067,"[""FF-CUSTOMER-002340"",""FF-OPERATION-000340"",""FF-GOODSRECEIPT-000340""]"
FF-CUSTOMER-002340,Rework Ordered,2023-11-01T19:37:00Z,fulfilment_record,FF-R-00029033,USR-064,"[""FF-CUSTOMER-002340"",""FF-ENGINEERINGCHANGE-000340""]"
FF-CUSTOMER-002340,Rework Completed,2023-11-01T20:14:00Z,finance_posting,FF-R-00029034,USR-065,"[""FF-CUSTOMER-002340"",""FF-BOMREVISION-000340"",""FF-PURCHASEORDERLINE-000340""]"
FF-CUSTOMER-002340,Final Inspection Passed,2023-11-01T20:51:00Z,commercial_document,FF-R-00029035,USR-066,"[""FF-CUSTOMER-002340"",""FF-WORKORDER-000340""]"
FF-CUSTOMER-002370,Rework Ordered,2023-11-02T00:19:00Z,fulfilment_record,FF-R-00029048,USR-066,"[""FF-CUSTOMER-002370"",""FF-ENGINEERINGCHANGE-000370"",""FF-PURCHASEORDER-000370""]"
FF-CUSTOMER-002345,Final Inspection Failed,2023-11-02T10:00:00Z,engineering_execution,FF-R-00029089,USR-025,"[""FF-CUSTOMER-002345"",""FF-OPERATION-000345""]"
FF-CUSTOMER-002345,Rework Ordered,2023-11-02T10:37:00Z,fulfilment_record,FF-R-00029090,USR-022,"[""FF-CUSTOMER-002345"",""FF-ENGINEERINGCHANGE-000345"",""FF-PURCHASEORDER-000345""]"
FF-CUSTOMER-002345,Rework Completed,2023-11-02T11:14:00Z,finance_posting,FF-R-00029091,USR-023,"[""FF-CUSTOMER-002345"",""FF-BOMREVISION-000345""]"
FF-CUSTOMER-002345,Final Inspection Passed,2023-11-02T11:51:00Z,commercial_document,FF-R-00029092,USR-024,"[""FF-CUSTOMER-002345"",""FF-WORKORDER-000345""]"
FF-CUSTOMER-002374,Rework Completed,2023-11-02T18:24:00Z,finance_posting,FF-R-00029128,USR-008,"[""FF-CUSTOMER-002374"",""FF-BOMREVISION-000374""]"
FF-CUSTOMER-002371,Final Inspection Failed,2023-11-02T21:23:00Z,engineering_execution,FF-R-00029141,USR-086,"[""FF-CUSTOMER-002371"",""FF-OPERATION-000371"",""FF-GOODSRECEIPT-000371""]"
FF-CUSTOMER-002374,Final Inspection Passed,2023-11-03T00:25:00Z,commercial_document,FF-R-00029152,USR-009,"[""FF-CUSTOMER-002374"",""FF-WORKORDER-000374"",""FF-SUPPLIER-000374""]"
FF-CUSTOMER-002350,Final Inspection Failed,2023-11-03T01:00:00Z,engineering_execution,FF-R-00029156,USR-110,"[""FF-CUSTOMER-002350"",""FF-OPERATION-000350""]"
FF-CUSTOMER-002350,Rework Ordered,2023-11-03T01:37:00Z,fulfilment_record,FF-R-00029157,USR-107,"[""FF-CUSTOMER-002350"",""FF-ENGINEERINGCHANGE-000350"",""FF-PURCHASEORDER-000350""]"
FF-CUSTOMER-002350,Rework Completed,2023-11-03T02:14:00Z,finance_posting,FF-R-00029158,USR-108,"[""FF-CUSTOMER-002350"",""FF-BOMREVISION-000350""]"
FF-CUSTOMER-002350,Final Inspection Passed,2023-11-03T02:51:00Z,commercial_document,FF-R-00029159,USR-109,"[""FF-CUSTOMER-002350"",""FF-WORKORDER-000350""]"
FF-CUSTOMER-002355,Final Inspection Failed,2023-11-03T16:00:00Z,engineering_execution,FF-R-00029213,USR-068,"[""FF-CUSTOMER-002355"",""FF-OPERATION-000355"",""FF-GOODSRECEIPT-000355""]"
FF-CUSTOMER-002355,Rework Ordered,2023-11-03T16:37:00Z,fulfilment_record,FF-R-00029214,USR-065,"[""FF-CUSTOMER-002355"",""FF-ENGINEERINGCHANGE-000355""]"
FF-CUSTOMER-002355,Rework Completed,2023-11-03T17:14:00Z,finance_posting,FF-R-00029215,USR-066,"[""FF-CUSTOMER-002355"",""FF-BOMREVISION-000355"",""FF-PURCHASEORDERLINE-000355""]"
FF-CUSTOMER-002355,Final Inspection Passed,2023-11-03T17:51:00Z,commercial_document,FF-R-00029216,USR-067,"[""FF-CUSTOMER-002355"",""FF-WORKORDER-000355""]"
FF-CUSTOMER-002360,Final Inspection Failed,2023-11-04T07:00:00Z,engineering_execution,FF-R-00029273,USR-026,"[""FF-CUSTOMER-002360"",""FF-OPERATION-000360""]"
FF-CUSTOMER-002360,Rework Ordered,2023-11-04T07:37:00Z,fulfilment_record,FF-R-00029274,USR-023,"[""FF-CUSTOMER-002360"",""FF-ENGINEERINGCHANGE-000360"",""FF-PURCHASEORDER-000360""]"
FF-CUSTOMER-002360,Rework Completed,2023-11-04T08:14:00Z,finance_posting,FF-R-00029275,USR-024,"[""FF-CUSTOMER-002360"",""FF-BOMREVISION-000360""]"
FF-CUSTOMER-002360,Final Inspection Passed,2023-11-04T08:51:00Z,commercial_document,FF-R-00029276,USR-025,"[""FF-CUSTOMER-002360"",""FF-WORKORDER-000360"",""FF-SUPPLIER-000360""]"
FF-CUSTOMER-002389,Rework Ordered,2023-11-04T09:38:00Z,fulfilment_record,FF-R-00029287,USR-008,"[""FF-CUSTOMER-002389"",""FF-ENGINEERINGCHANGE-000389""]"
FF-CUSTOMER-002365,Final Inspection Failed,2023-11-04T22:00:00Z,engineering_execution,FF-R-00029333,USR-111,"[""FF-CUSTOMER-002365"",""FF-OPERATION-000365"",""FF-GOODSRECEIPT-000365""]"
FF-CUSTOMER-002365,Rework Ordered,2023-11-04T22:37:00Z,fulfilment_record,FF-R-00029334,USR-108,"[""FF-CUSTOMER-002365"",""FF-ENGINEERINGCHANGE-000365""]"
FF-CUSTOMER-002365,Rework Completed,2023-11-04T23:14:00Z,finance_posting,FF-R-00029335,USR-109,"[""FF-CUSTOMER-002365"",""FF-BOMREVISION-000365"",""FF-PURCHASEORDERLINE-000365""]"
FF-CUSTOMER-002365,Final Inspection Passed,2023-11-04T23:51:00Z,commercial_document,FF-R-00029336,USR-110,"[""FF-CUSTOMER-002365"",""FF-WORKORDER-000365""]"
FF-CUSTOMER-002370,Final Inspection Failed,2023-11-05T13:00:00Z,engineering_execution,FF-R-00029394,USR-069,"[""FF-CUSTOMER-002370"",""FF-OPERATION-000370"",""FF-GOODSRECEIPT-000370""]"
FF-CUSTOMER-002370,Rework Ordered,2023-11-05T13:37:00Z,fulfilment_record,FF-R-00029395,USR-066,"[""FF-CUSTOMER-002370"",""FF-ENGINEERINGCHANGE-000370""]"
FF-CUSTOMER-002370,Rework Completed,2023-11-05T14:14:00Z,finance_posting,FF-R-00029396,USR-067,"[""FF-CUSTOMER-002370"",""FF-BOMREVISION-000370"",""FF-PURCHASEORDERLINE-000370""]"
FF-CUSTOMER-002370,Final Inspection Passed,2023-11-05T14:51:00Z,commercial_document,FF-R-00029397,USR-068,"[""FF-CUSTOMER-002370"",""FF-WORKORDER-000370""]"
FF-CUSTOMER-002397,Rework Completed,2023-11-05T15:47:00Z,finance_posting,FF-R-00029407,USR-018,"[""FF-CUSTOMER-002397"",""FF-BOMREVISION-000397""]"
FF-CUSTOMER-002375,Final Inspection Failed,2023-11-06T04:00:00Z,engineering_execution,FF-R-00029452,USR-027,"[""FF-CUSTOMER-002375"",""FF-OPERATION-000375""]"
FF-CUSTOMER-002375,Rework Ordered,2023-11-06T04:37:00Z,fulfilment_record,FF-R-00029453,USR-024,"[""FF-CUSTOMER-002375"",""FF-ENGINEERINGCHANGE-000375""]"
FF-CUSTOMER-002375,Rework Completed,2023-11-06T05:14:00Z,finance_posting,FF-R-00029454,USR-025,"[""FF-CUSTOMER-002375"",""FF-BOMREVISION-000375""]"
FF-CUSTOMER-002375,Final Inspection Passed,2023-11-06T05:51:00Z,commercial_document,FF-R-00029455,USR-026,"[""FF-CUSTOMER-002375"",""FF-WORKORDER-000375"",""FF-SUPPLIER-000375""]"
FF-CUSTOMER-002403,Final Inspection Passed,2023-11-06T15:01:00Z,commercial_document,FF-R-00029489,USR-121,"[""FF-CUSTOMER-002403"",""FF-WORKORDER-000403""]"
FF-CUSTOMER-002402,Final Inspection Failed,2023-11-06T18:01:00Z,engineering_execution,FF-R-00029503,USR-105,"[""FF-CUSTOMER-002402"",""FF-OPERATION-000402""]"
FF-CUSTOMER-002408,Rework Ordered,2023-11-06T18:04:00Z,fulfilment_record,FF-R-00029504,USR-077,"[""FF-CUSTOMER-002408"",""FF-ENGINEERINGCHANGE-000408""]"
FF-CUSTOMER-002380,Final Inspection Failed,2023-11-06T19:00:00Z,engineering_execution,FF-R-00029516,USR-112,"[""FF-CUSTOMER-002380"",""FF-OPERATION-000380""]"
FF-CUSTOMER-002380,Rework Ordered,2023-11-06T19:37:00Z,fulfilment_record,FF-R-00029517,USR-109,"[""FF-CUSTOMER-002380"",""FF-ENGINEERINGCHANGE-000380""]"
FF-CUSTOMER-002380,Rework Completed,2023-11-06T20:14:00Z,finance_posting,FF-R-00029518,USR-110,"[""FF-CUSTOMER-002380"",""FF-BOMREVISION-000380""]"
FF-CUSTOMER-002380,Final Inspection Passed,2023-11-06T20:51:00Z,commercial_document,FF-R-00029519,USR-111,"[""FF-CUSTOMER-002380"",""FF-WORKORDER-000380"",""FF-SUPPLIER-000380""]"
FF-CUSTOMER-002385,Final Inspection Failed,2023-11-07T10:00:00Z,engineering_execution,FF-R-00029574,USR-070,"[""FF-CUSTOMER-002385"",""FF-OPERATION-000385""]"
FF-CUSTOMER-002385,Rework Ordered,2023-11-07T10:37:00Z,fulfilment_record,FF-R-00029575,USR-067,"[""FF-CUSTOMER-002385"",""FF-ENGINEERINGCHANGE-000385"",""FF-PURCHASEORDER-000385""]"
FF-CUSTOMER-002385,Rework Completed,2023-11-07T11:14:00Z,finance_posting,FF-R-00029576,USR-068,"[""FF-CUSTOMER-002385"",""FF-BOMREVISION-000385""]"
FF-CUSTOMER-002385,Final Inspection Passed,2023-11-07T11:51:00Z,commercial_document,FF-R-00029577,USR-069,"[""FF-CUSTOMER-002385"",""FF-WORKORDER-000385"",""FF-SUPPLIER-000385""]"
FF-CUSTOMER-002390,Final Inspection Failed,2023-11-08T01:00:00Z,engineering_execution,FF-R-00029636,USR-028,"[""FF-CUSTOMER-002390"",""FF-OPERATION-000390"",""FF-GOODSRECEIPT-000390""]"
FF-CUSTOMER-002390,Rework Ordered,2023-11-08T01:37:00Z,fulfilment_record,FF-R-00029637,USR-025,"[""FF-CUSTOMER-002390"",""FF-ENGINEERINGCHANGE-000390""]"
FF-CUSTOMER-002390,Rework Completed,2023-11-08T02:14:00Z,finance_posting,FF-R-00029638,USR-026,"[""FF-CUSTOMER-002390"",""FF-BOMREVISION-000390"",""FF-PURCHASEORDERLINE-000390""]"
FF-CUSTOMER-002390,Final Inspection Passed,2023-11-08T02:51:00Z,commercial_document,FF-R-00029639,USR-027,"[""FF-CUSTOMER-002390"",""FF-WORKORDER-000390""]"
FF-CUSTOMER-002420,Rework Completed,2023-11-08T12:17:00Z,finance_posting,FF-R-00029672,USR-028,"[""FF-CUSTOMER-002420"",""FF-BOMREVISION-000420""]"
FF-CUSTOMER-002395,Final Inspection Failed,2023-11-08T16:00:00Z,engineering_execution,FF-R-00029695,USR-113,"[""FF-CUSTOMER-002395"",""FF-OPERATION-000395""]"
FF-CUSTOMER-002395,Rework Ordered,2023-11-08T16:37:00Z,fulfilment_record,FF-R-00029696,USR-110,"[""FF-CUSTOMER-002395"",""FF-ENGINEERINGCHANGE-000395"",""FF-PURCHASEORDER-000395""]"
FF-CUSTOMER-002395,Rework Completed,2023-11-08T17:14:00Z,finance_posting,FF-R-00029697,USR-111,"[""FF-CUSTOMER-002395"",""FF-BOMREVISION-000395""]"
FF-CUSTOMER-002395,Final Inspection Passed,2023-11-08T17:51:00Z,commercial_document,FF-R-00029698,USR-112,"[""FF-CUSTOMER-002395"",""FF-WORKORDER-000395""]"
FF-CUSTOMER-002427,Rework Ordered,2023-11-09T03:23:00Z,fulfilment_record,FF-R-00029736,USR-019,"[""FF-CUSTOMER-002427"",""FF-ENGINEERINGCHANGE-000427""]"
FF-CUSTOMER-002400,Final Inspection Failed,2023-11-09T07:00:00Z,engineering_execution,FF-R-00029752,USR-071,"[""FF-CUSTOMER-002400"",""FF-OPERATION-000400""]"
FF-CUSTOMER-002400,Rework Ordered,2023-11-09T07:37:00Z,fulfilment_record,FF-R-00029753,USR-068,"[""FF-CUSTOMER-002400"",""FF-ENGINEERINGCHANGE-000400"",""FF-PURCHASEORDER-000400""]"
FF-CUSTOMER-002400,Rework Completed,2023-11-09T08:14:00Z,finance_posting,FF-R-00029754,USR-069,"[""FF-CUSTOMER-002400"",""FF-BOMREVISION-000400""]"
FF-CUSTOMER-002400,Final Inspection Passed,2023-11-09T08:51:00Z,commercial_document,FF-R-00029755,USR-070,"[""FF-CUSTOMER-002400"",""FF-WORKORDER-000400"",""FF-SUPPLIER-000400""]"
FF-CUSTOMER-002405,Final Inspection Failed,2023-11-09T22:00:00Z,engineering_execution,FF-R-00029815,USR-029,"[""FF-CUSTOMER-002405"",""FF-OPERATION-000405""]"
FF-CUSTOMER-002405,Rework Ordered,2023-11-09T22:37:00Z,fulfilment_record,FF-R-00029816,USR-026,"[""FF-CUSTOMER-002405"",""FF-ENGINEERINGCHANGE-000405""]"
FF-CUSTOMER-002405,Rework Completed,2023-11-09T23:14:00Z,finance_posting,FF-R-00029817,USR-027,"[""FF-CUSTOMER-002405"",""FF-BOMREVISION-000405""]"
FF-CUSTOMER-002405,Final Inspection Passed,2023-11-09T23:51:00Z,commercial_document,FF-R-00029818,USR-028,"[""FF-CUSTOMER-002405"",""FF-WORKORDER-000405"",""FF-SUPPLIER-000405""]"
FF-CUSTOMER-002432,Final Inspection Passed,2023-11-10T06:30:00Z,commercial_document,FF-R-00029849,USR-106,"[""FF-CUSTOMER-002432"",""FF-WORKORDER-000432""]"
FF-CUSTOMER-002410,Final Inspection Failed,2023-11-10T13:00:00Z,engineering_execution,FF-R-00029874,USR-114,"[""FF-CUSTOMER-002410"",""FF-OPERATION-000410""]"
FF-CUSTOMER-002410,Rework Ordered,2023-11-10T13:37:00Z,fulfilment_record,FF-R-00029875,USR-111,"[""FF-CUSTOMER-002410"",""FF-ENGINEERINGCHANGE-000410"",""FF-PURCHASEORDER-000410""]"
FF-CUSTOMER-002410,Rework Completed,2023-11-10T14:14:00Z,finance_posting,FF-R-00029876,USR-112,"[""FF-CUSTOMER-002410"",""FF-BOMREVISION-000410""]"
FF-CUSTOMER-002410,Final Inspection Passed,2023-11-10T14:51:00Z,commercial_document,FF-R-00029877,USR-113,"[""FF-CUSTOMER-002410"",""FF-WORKORDER-000410"",""FF-SUPPLIER-000410""]"
FF-CUSTOMER-002433,Final Inspection Failed,2023-11-10T15:32:00Z,engineering_execution,FF-R-00029888,USR-124,"[""FF-CUSTOMER-002433"",""FF-OPERATION-000433"",""FF-GOODSRECEIPT-000433""]"
FF-CUSTOMER-002415,Final Inspection Failed,2023-11-11T04:00:00Z,engineering_execution,FF-R-00029935,USR-072,"[""FF-CUSTOMER-002415"",""FF-OPERATION-000415""]"
FF-CUSTOMER-002415,Rework Ordered,2023-11-11T04:37:00Z,fulfilment_record,FF-R-00029936,USR-069,"[""FF-CUSTOMER-002415"",""FF-ENGINEERINGCHANGE-000415""]"
FF-CUSTOMER-002415,Rework Completed,2023-11-11T05:14:00Z,finance_posting,FF-R-00029937,USR-070,"[""FF-CUSTOMER-002415"",""FF-BOMREVISION-000415""]"
FF-CUSTOMER-002415,Final Inspection Passed,2023-11-11T05:51:00Z,commercial_document,FF-R-00029938,USR-071,"[""FF-CUSTOMER-002415"",""FF-WORKORDER-000415"",""FF-SUPPLIER-000415""]"
FF-CUSTOMER-002443,Rework Completed,2023-11-11T09:40:00Z,finance_posting,FF-R-00029961,USR-038,"[""FF-CUSTOMER-002443"",""FF-BOMREVISION-000443"",""FF-PURCHASEORDERLINE-000443""]"
FF-CUSTOMER-002446,Rework Ordered,2023-11-11T12:42:00Z,fulfilment_record,FF-R-00029973,USR-088,"[""FF-CUSTOMER-002446"",""FF-ENGINEERINGCHANGE-000446"",""FF-PURCHASEORDER-000446""]"
FF-CUSTOMER-002420,Final Inspection Failed,2023-11-11T19:00:00Z,engineering_execution,FF-R-00029994,USR-030,"[""FF-CUSTOMER-002420"",""FF-OPERATION-000420"",""FF-GOODSRECEIPT-000420""]"
FF-CUSTOMER-002420,Rework Ordered,2023-11-11T19:37:00Z,fulfilment_record,FF-R-00029995,USR-027,"[""FF-CUSTOMER-002420"",""FF-ENGINEERINGCHANGE-000420""]"
FF-CUSTOMER-002420,Rework Completed,2023-11-11T20:14:00Z,finance_posting,FF-R-00029996,USR-028,"[""FF-CUSTOMER-002420"",""FF-BOMREVISION-000420"",""FF-PURCHASEORDERLINE-000420""]"
FF-CUSTOMER-002420,Final Inspection Passed,2023-11-11T20:51:00Z,commercial_document,FF-R-00029997,USR-029,"[""FF-CUSTOMER-002420"",""FF-WORKORDER-000420""]"
FF-CUSTOMER-002425,Final Inspection Failed,2023-11-12T10:00:00Z,engineering_execution,FF-R-00030059,USR-115,"[""FF-CUSTOMER-002425"",""FF-OPERATION-000425""]"
FF-CUSTOMER-002425,Rework Ordered,2023-11-12T10:37:00Z,fulfilment_record,FF-R-00030060,USR-112,"[""FF-CUSTOMER-002425"",""FF-ENGINEERINGCHANGE-000425""]"
FF-CUSTOMER-002425,Rework Completed,2023-11-12T11:14:00Z,finance_posting,FF-R-00030061,USR-113,"[""FF-CUSTOMER-002425"",""FF-BOMREVISION-000425""]"
FF-CUSTOMER-002425,Final Inspection Passed,2023-11-12T11:51:00Z,commercial_document,FF-R-00030062,USR-114,"[""FF-CUSTOMER-002425"",""FF-WORKORDER-000425"",""FF-SUPPLIER-000425""]"
FF-CUSTOMER-002430,Final Inspection Failed,2023-11-13T01:00:00Z,engineering_execution,FF-R-00030114,USR-073,"[""FF-CUSTOMER-002430"",""FF-OPERATION-000430""]"
FF-CUSTOMER-002430,Rework Ordered,2023-11-13T01:37:00Z,fulfilment_record,FF-R-00030115,USR-070,"[""FF-CUSTOMER-002430"",""FF-ENGINEERINGCHANGE-000430""]"
FF-CUSTOMER-002430,Rework Completed,2023-11-13T02:14:00Z,finance_posting,FF-R-00030116,USR-071,"[""FF-CUSTOMER-002430"",""FF-BOMREVISION-000430""]"
FF-CUSTOMER-002430,Final Inspection Passed,2023-11-13T02:51:00Z,commercial_document,FF-R-00030117,USR-072,"[""FF-CUSTOMER-002430"",""FF-WORKORDER-000430"",""FF-SUPPLIER-000430""]"
FF-CUSTOMER-002435,Final Inspection Failed,2023-11-13T16:00:00Z,engineering_execution,FF-R-00030177,USR-031,"[""FF-CUSTOMER-002435"",""FF-OPERATION-000435""]"
FF-CUSTOMER-002435,Rework Ordered,2023-11-13T16:37:00Z,fulfilment_record,FF-R-00030178,USR-028,"[""FF-CUSTOMER-002435"",""FF-ENGINEERINGCHANGE-000435""]"
FF-CUSTOMER-002435,Rework Completed,2023-11-13T17:14:00Z,finance_posting,FF-R-00030179,USR-029,"[""FF-CUSTOMER-002435"",""FF-BOMREVISION-000435""]"
FF-CUSTOMER-002435,Final Inspection Passed,2023-11-13T17:51:00Z,commercial_document,FF-R-00030180,USR-030,"[""FF-CUSTOMER-002435"",""FF-WORKORDER-000435"",""FF-SUPPLIER-000435""]"
FF-CUSTOMER-002461,Final Inspection Passed,2023-11-13T21:06:00Z,commercial_document,FF-R-00030192,USR-091,"[""FF-CUSTOMER-002461"",""FF-WORKORDER-000461""]"
FF-CUSTOMER-002465,Rework Ordered,2023-11-13T21:08:00Z,fulfilment_record,FF-R-00030193,USR-030,"[""FF-CUSTOMER-002465"",""FF-ENGINEERINGCHANGE-000465""]"
FF-CUSTOMER-002466,Rework Completed,2023-11-14T06:10:00Z,finance_posting,FF-R-00030225,USR-048,"[""FF-CUSTOMER-002466"",""FF-BOMREVISION-000466"",""FF-PURCHASEORDERLINE-000466""]"
FF-CUSTOMER-002440,Final Inspection Failed,2023-11-14T07:00:00Z,engineering_execution,FF-R-00030235,USR-116,"[""FF-CUSTOMER-002440"",""FF-OPERATION-000440"",""FF-GOODSRECEIPT-000440""]"
FF-CUSTOMER-002440,Rework Ordered,2023-11-14T07:37:00Z,fulfilment_record,FF-R-00030236,USR-113,"[""FF-CUSTOMER-002440"",""FF-ENGINEERINGCHANGE-000440""]"
FF-CUSTOMER-002440,Rework Completed,2023-11-14T08:14:00Z,finance_posting,FF-R-00030237,USR-114,"[""FF-CUSTOMER-002440"",""FF-BOMREVISION-000440"",""FF-PURCHASEORDERLINE-000440""]"
FF-CUSTOMER-002440,Final Inspection Passed,2023-11-14T08:51:00Z,commercial_document,FF-R-00030238,USR-115,"[""FF-CUSTOMER-002440"",""FF-WORKORDER-000440""]"
FF-CUSTOMER-002464,Final Inspection Failed,2023-11-14T12:10:00Z,engineering_execution,FF-R-00030250,USR-016,"[""FF-CUSTOMER-002464"",""FF-OPERATION-000464"",""FF-GOODSRECEIPT-000464""]"
FF-CUSTOMER-002445,Final Inspection Failed,2023-11-14T22:00:00Z,engineering_execution,FF-R-00030298,USR-074,"[""FF-CUSTOMER-002445"",""FF-OPERATION-000445""]"
FF-CUSTOMER-002445,Rework Ordered,2023-11-14T22:37:00Z,fulfilment_record,FF-R-00030299,USR-071,"[""FF-CUSTOMER-002445"",""FF-ENGINEERINGCHANGE-000445""]"
FF-CUSTOMER-002445,Rework Completed,2023-11-14T23:14:00Z,finance_posting,FF-R-00030300,USR-072,"[""FF-CUSTOMER-002445"",""FF-BOMREVISION-000445""]"
FF-CUSTOMER-002445,Final Inspection Passed,2023-11-14T23:51:00Z,commercial_document,FF-R-00030301,USR-073,"[""FF-CUSTOMER-002445"",""FF-WORKORDER-000445"",""FF-SUPPLIER-000445""]"
FF-CUSTOMER-002450,Final Inspection Failed,2023-11-15T13:00:00Z,engineering_execution,FF-R-00030355,USR-032,"[""FF-CUSTOMER-002450"",""FF-OPERATION-000450""]"
FF-CUSTOMER-002450,Rework Ordered,2023-11-15T13:37:00Z,fulfilment_record,FF-R-00030356,USR-029,"[""FF-CUSTOMER-002450"",""FF-ENGINEERINGCHANGE-000450""]"
FF-CUSTOMER-002450,Rework Completed,2023-11-15T14:14:00Z,finance_posting,FF-R-00030357,USR-030,"[""FF-CUSTOMER-002450"",""FF-BOMREVISION-000450""]"
FF-CUSTOMER-002450,Final Inspection Passed,2023-11-15T14:51:00Z,commercial_document,FF-R-00030358,USR-031,"[""FF-CUSTOMER-002450"",""FF-WORKORDER-000450"",""FF-SUPPLIER-000450""]"
FF-CUSTOMER-002455,Final Inspection Failed,2023-11-16T04:00:00Z,engineering_execution,FF-R-00030414,USR-117,"[""FF-CUSTOMER-002455"",""FF-OPERATION-000455""]"
FF-CUSTOMER-002455,Rework Ordered,2023-11-16T04:37:00Z,fulfilment_record,FF-R-00030415,USR-114,"[""FF-CUSTOMER-002455"",""FF-ENGINEERINGCHANGE-000455"",""FF-PURCHASEORDER-000455""]"
FF-CUSTOMER-002455,Rework Completed,2023-11-16T05:14:00Z,finance_posting,FF-R-00030416,USR-115,"[""FF-CUSTOMER-002455"",""FF-BOMREVISION-000455""]"
FF-CUSTOMER-002455,Final Inspection Passed,2023-11-16T05:51:00Z,commercial_document,FF-R-00030417,USR-116,"[""FF-CUSTOMER-002455"",""FF-WORKORDER-000455"",""FF-SUPPLIER-000455""]"
FF-CUSTOMER-002484,Rework Ordered,2023-11-16T06:27:00Z,fulfilment_record,FF-R-00030429,USR-099,"[""FF-CUSTOMER-002484"",""FF-ENGINEERINGCHANGE-000484""]"
FF-CUSTOMER-002460,Final Inspection Failed,2023-11-16T19:00:00Z,engineering_execution,FF-R-00030479,USR-075,"[""FF-CUSTOMER-002460"",""FF-OPERATION-000460"",""FF-GOODSRECEIPT-000460""]"
FF-CUSTOMER-002460,Rework Ordered,2023-11-16T19:37:00Z,fulfilment_record,FF-R-00030480,USR-072,"[""FF-CUSTOMER-002460"",""FF-ENGINEERINGCHANGE-000460""]"
FF-CUSTOMER-002460,Rework Completed,2023-11-16T20:14:00Z,finance_posting,FF-R-00030481,USR-073,"[""FF-CUSTOMER-002460"",""FF-BOMREVISION-000460"",""FF-PURCHASEORDERLINE-000460""]"
FF-CUSTOMER-002460,Final Inspection Passed,2023-11-16T20:51:00Z,commercial_document,FF-R-00030482,USR-074,"[""FF-CUSTOMER-002460"",""FF-WORKORDER-000460""]"
FF-CUSTOMER-002489,Rework Completed,2023-11-17T03:33:00Z,finance_posting,FF-R-00030512,USR-058,"[""FF-CUSTOMER-002489"",""FF-BOMREVISION-000489"",""FF-PURCHASEORDERLINE-000489""]"
FF-CUSTOMER-002465,Final Inspection Failed,2023-11-17T10:00:00Z,engineering_execution,FF-R-00030536,USR-033,"[""FF-CUSTOMER-002465"",""FF-OPERATION-000465""]"
FF-CUSTOMER-002465,Rework Ordered,2023-11-17T10:37:00Z,fulfilment_record,FF-R-00030537,USR-030,"[""FF-CUSTOMER-002465"",""FF-ENGINEERINGCHANGE-000465"",""FF-PURCHASEORDER-000465""]"
FF-CUSTOMER-002465,Rework Completed,2023-11-17T11:14:00Z,finance_posting,FF-R-00030538,USR-031,"[""FF-CUSTOMER-002465"",""FF-BOMREVISION-000465""]"
FF-CUSTOMER-002465,Final Inspection Passed,2023-11-17T11:51:00Z,commercial_document,FF-R-00030539,USR-032,"[""FF-CUSTOMER-002465"",""FF-WORKORDER-000465"",""FF-SUPPLIER-000465""]"
FF-CUSTOMER-002490,Final Inspection Passed,2023-11-17T12:35:00Z,commercial_document,FF-R-00030549,USR-076,"[""FF-CUSTOMER-002490"",""FF-WORKORDER-000490"",""FF-SUPPLIER-000490""]"
FF-CUSTOMER-002470,Final Inspection Failed,2023-11-18T01:00:00Z,engineering_execution,FF-R-00030597,USR-118,"[""FF-CUSTOMER-002470"",""FF-OPERATION-000470"",""FF-GOODSRECEIPT-000470""]"
FF-CUSTOMER-002470,Rework Ordered,2023-11-18T01:37:00Z,fulfilment_record,FF-R-00030598,USR-115,"[""FF-CUSTOMER-002470"",""FF-ENGINEERINGCHANGE-000470""]"
FF-CUSTOMER-002470,Rework Completed,2023-11-18T02:14:00Z,finance_posting,FF-R-00030599,USR-116,"[""FF-CUSTOMER-002470"",""FF-BOMREVISION-000470"",""FF-PURCHASEORDERLINE-000470""]"
FF-CUSTOMER-002470,Final Inspection Passed,2023-11-18T02:51:00Z,commercial_document,FF-R-00030600,USR-117,"[""FF-CUSTOMER-002470"",""FF-WORKORDER-000470""]"
FF-CUSTOMER-002495,Final Inspection Failed,2023-11-18T09:41:00Z,engineering_execution,FF-R-00030634,USR-035,"[""FF-CUSTOMER-002495"",""FF-OPERATION-000495""]"
FF-CUSTOMER-002503,Rework Ordered,2023-11-18T15:46:00Z,fulfilment_record,FF-R-00030654,USR-041,"[""FF-CUSTOMER-002503"",""FF-ENGINEERINGCHANGE-000003"",""FF-PURCHASEORDER-000003""]"
FF-CUSTOMER-002475,Final Inspection Failed,2023-11-18T16:00:00Z,engineering_execution,FF-R-00030655,USR-076,"[""FF-CUSTOMER-002475"",""FF-OPERATION-000475""]"
FF-CUSTOMER-002475,Rework Ordered,2023-11-18T16:37:00Z,fulfilment_record,FF-R-00030656,USR-073,"[""FF-CUSTOMER-002475"",""FF-ENGINEERINGCHANGE-000475""]"
FF-CUSTOMER-002475,Rework Completed,2023-11-18T17:14:00Z,finance_posting,FF-R-00030657,USR-074,"[""FF-CUSTOMER-002475"",""FF-BOMREVISION-000475""]"
FF-CUSTOMER-002475,Final Inspection Passed,2023-11-18T17:51:00Z,commercial_document,FF-R-00030658,USR-075,"[""FF-CUSTOMER-002475"",""FF-WORKORDER-000475"",""FF-SUPPLIER-000475""]"
FF-CUSTOMER-002480,Final Inspection Failed,2023-11-19T07:00:00Z,engineering_execution,FF-R-00030720,USR-034,"[""FF-CUSTOMER-002480"",""FF-OPERATION-000480"",""FF-GOODSRECEIPT-000480""]"
FF-CUSTOMER-002480,Rework Ordered,2023-11-19T07:37:00Z,fulfilment_record,FF-R-00030721,USR-031,"[""FF-CUSTOMER-002480"",""FF-ENGINEERINGCHANGE-000480""]"
FF-CUSTOMER-002480,Rework Completed,2023-11-19T08:14:00Z,finance_posting,FF-R-00030722,USR-032,"[""FF-CUSTOMER-002480"",""FF-BOMREVISION-000480"",""FF-PURCHASEORDERLINE-000480""]"
FF-CUSTOMER-002480,Final Inspection Passed,2023-11-19T08:51:00Z,commercial_document,FF-R-00030723,USR-033,"[""FF-CUSTOMER-002480"",""FF-WORKORDER-000480""]"
FF-CUSTOMER-002485,Final Inspection Failed,2023-11-19T22:00:00Z,engineering_execution,FF-R-00030779,USR-119,"[""FF-CUSTOMER-002485"",""FF-OPERATION-000485""]"
FF-CUSTOMER-002485,Rework Ordered,2023-11-19T22:37:00Z,fulfilment_record,FF-R-00030780,USR-116,"[""FF-CUSTOMER-002485"",""FF-ENGINEERINGCHANGE-000485"",""FF-PURCHASEORDER-000485""]"
FF-CUSTOMER-002485,Rework Completed,2023-11-19T23:14:00Z,finance_posting,FF-R-00030781,USR-117,"[""FF-CUSTOMER-002485"",""FF-BOMREVISION-000485""]"
FF-CUSTOMER-002485,Final Inspection Passed,2023-11-19T23:51:00Z,commercial_document,FF-R-00030782,USR-118,"[""FF-CUSTOMER-002485"",""FF-WORKORDER-000485""]"
FF-CUSTOMER-002512,Rework Completed,2023-11-20T00:03:00Z,finance_posting,FF-R-00030783,USR-068,"[""FF-CUSTOMER-002512"",""FF-BOMREVISION-000012""]"
FF-CUSTOMER-002490,Final Inspection Failed,2023-11-20T13:00:00Z,engineering_execution,FF-R-00030839,USR-077,"[""FF-CUSTOMER-002490"",""FF-OPERATION-000490""]"
FF-CUSTOMER-002490,Rework Ordered,2023-11-20T13:37:00Z,fulfilment_record,FF-R-00030840,USR-074,"[""FF-CUSTOMER-002490"",""FF-ENGINEERINGCHANGE-000490"",""FF-PURCHASEORDER-000490""]"
FF-CUSTOMER-002490,Rework Completed,2023-11-20T14:14:00Z,finance_posting,FF-R-00030841,USR-075,"[""FF-CUSTOMER-002490"",""FF-BOMREVISION-000490""]"
FF-CUSTOMER-002490,Final Inspection Passed,2023-11-20T14:51:00Z,commercial_document,FF-R-00030842,USR-076,"[""FF-CUSTOMER-002490"",""FF-WORKORDER-000490"",""FF-SUPPLIER-000490""]"
FF-CUSTOMER-002522,Rework Ordered,2023-11-21T00:12:00Z,fulfilment_record,FF-R-00030875,USR-110,"[""FF-CUSTOMER-002522"",""FF-ENGINEERINGCHANGE-000022""]"
FF-CUSTOMER-002519,Final Inspection Passed,2023-11-21T03:11:00Z,commercial_document,FF-R-00030888,USR-061,"[""FF-CUSTOMER-002519"",""FF-WORKORDER-000019"",""FF-SUPPLIER-000019""]"
FF-CUSTOMER-002495,Final Inspection Failed,2023-11-21T04:00:00Z,engineering_execution,FF-R-00030899,USR-035,"[""FF-CUSTOMER-002495"",""FF-OPERATION-000495""]"
FF-CUSTOMER-002495,Rework Ordered,2023-11-21T04:37:00Z,fulfilment_record,FF-R-00030900,USR-032,"[""FF-CUSTOMER-002495"",""FF-ENGINEERINGCHANGE-000495""]"
FF-CUSTOMER-002495,Rework Completed,2023-11-21T05:14:00Z,finance_posting,FF-R-00030901,USR-033,"[""FF-CUSTOMER-002495"",""FF-BOMREVISION-000495""]"
FF-CUSTOMER-002495,Final Inspection Passed,2023-11-21T05:51:00Z,commercial_document,FF-R-00030902,USR-034,"[""FF-CUSTOMER-002495"",""FF-WORKORDER-000495"",""FF-SUPPLIER-000495""]"
FF-CUSTOMER-002500,Final Inspection Failed,2023-11-21T19:00:00Z,engineering_execution,FF-R-00030961,USR-120,"[""FF-CUSTOMER-002500"",""FF-OPERATION-000500""]"
FF-CUSTOMER-002500,Rework Ordered,2023-11-21T19:37:00Z,fulfilment_record,FF-R-00030962,USR-117,"[""FF-CUSTOMER-002500"",""FF-ENGINEERINGCHANGE-000500""]"
FF-CUSTOMER-002500,Rework Completed,2023-11-21T20:14:00Z,finance_posting,FF-R-00030963,USR-118,"[""FF-CUSTOMER-002500"",""FF-BOMREVISION-000500""]"
FF-CUSTOMER-002500,Final Inspection Passed,2023-11-21T20:51:00Z,commercial_document,FF-R-00030964,USR-119,"[""FF-CUSTOMER-002500"",""FF-WORKORDER-000500"",""FF-SUPPLIER-000500""]"
FF-CUSTOMER-002526,Final Inspection Failed,2023-11-22T06:19:00Z,engineering_execution,FF-R-00031002,USR-054,"[""FF-CUSTOMER-002526"",""FF-OPERATION-000026"",""FF-GOODSRECEIPT-000026""]"
FF-CUSTOMER-002505,Final Inspection Failed,2023-11-22T10:00:00Z,engineering_execution,FF-R-00031017,USR-078,"[""FF-CUSTOMER-002505"",""FF-OPERATION-000005""]"
FF-CUSTOMER-002505,Rework Ordered,2023-11-22T10:37:00Z,fulfilment_record,FF-R-00031018,USR-075,"[""FF-CUSTOMER-002505"",""FF-ENGINEERINGCHANGE-000005"",""FF-PURCHASEORDER-000005""]"
FF-CUSTOMER-002505,Rework Completed,2023-11-22T11:14:00Z,finance_posting,FF-R-00031019,USR-076,"[""FF-CUSTOMER-002505"",""FF-BOMREVISION-000005""]"
FF-CUSTOMER-002505,Final Inspection Passed,2023-11-22T11:51:00Z,commercial_document,FF-R-00031020,USR-077,"[""FF-CUSTOMER-002505"",""FF-WORKORDER-000005""]"
FF-CUSTOMER-002535,Rework Completed,2023-11-22T21:26:00Z,finance_posting,FF-R-00031063,USR-078,"[""FF-CUSTOMER-002535"",""FF-BOMREVISION-000035""]"
FF-CUSTOMER-002510,Final Inspection Failed,2023-11-23T01:00:00Z,engineering_execution,FF-R-00031078,USR-036,"[""FF-CUSTOMER-002510"",""FF-OPERATION-000010"",""FF-GOODSRECEIPT-000010""]"
FF-CUSTOMER-002510,Rework Ordered,2023-11-23T01:37:00Z,fulfilment_record,FF-R-00031079,USR-033,"[""FF-CUSTOMER-002510"",""FF-ENGINEERINGCHANGE-000010""]"
FF-CUSTOMER-002510,Rework Completed,2023-11-23T02:14:00Z,finance_posting,FF-R-00031080,USR-034,"[""FF-CUSTOMER-002510"",""FF-BOMREVISION-000010"",""FF-PURCHASEORDERLINE-000010""]"
FF-CUSTOMER-002510,Final Inspection Passed,2023-11-23T02:51:00Z,commercial_document,FF-R-00031081,USR-035,"[""FF-CUSTOMER-002510"",""FF-WORKORDER-000010""]"
FF-CUSTOMER-002541,Rework Ordered,2023-11-23T09:31:00Z,fulfilment_record,FF-R-00031116,USR-052,"[""FF-CUSTOMER-002541"",""FF-ENGINEERINGCHANGE-000041"",""FF-PURCHASEORDER-000041""]"
FF-CUSTOMER-002515,Final Inspection Failed,2023-11-23T16:00:00Z,engineering_execution,FF-R-00031138,USR-121,"[""FF-CUSTOMER-002515"",""FF-OPERATION-000015"",""FF-GOODSRECEIPT-000015""]"
FF-CUSTOMER-002515,Rework Ordered,2023-11-23T16:37:00Z,fulfilment_record,FF-R-00031139,USR-118,"[""FF-CUSTOMER-002515"",""FF-ENGINEERINGCHANGE-000015""]"
FF-CUSTOMER-002515,Rework Completed,2023-11-23T17:14:00Z,finance_posting,FF-R-00031140,USR-119,"[""FF-CUSTOMER-002515"",""FF-BOMREVISION-000015"",""FF-PURCHASEORDERLINE-000015""]"
FF-CUSTOMER-002515,Final Inspection Passed,2023-11-23T17:51:00Z,commercial_document,FF-R-00031141,USR-120,"[""FF-CUSTOMER-002515"",""FF-WORKORDER-000015""]"
FF-CUSTOMER-002520,Final Inspection Failed,2023-11-24T07:00:00Z,engineering_execution,FF-R-00031198,USR-079,"[""FF-CUSTOMER-002520"",""FF-OPERATION-000020"",""FF-GOODSRECEIPT-000020""]"
FF-CUSTOMER-002520,Rework Ordered,2023-11-24T07:37:00Z,fulfilment_record,FF-R-00031199,USR-076,"[""FF-CUSTOMER-002520"",""FF-ENGINEERINGCHANGE-000020""]"
FF-CUSTOMER-002520,Rework Completed,2023-11-24T08:14:00Z,finance_posting,FF-R-00031200,USR-077,"[""FF-CUSTOMER-002520"",""FF-BOMREVISION-000020"",""FF-PURCHASEORDERLINE-000020""]"
FF-CUSTOMER-002520,Final Inspection Passed,2023-11-24T08:51:00Z,commercial_document,FF-R-00031201,USR-078,"[""FF-CUSTOMER-002520"",""FF-WORKORDER-000020""]"
FF-CUSTOMER-002548,Final Inspection Passed,2023-11-24T18:40:00Z,commercial_document,FF-R-00031249,USR-046,"[""FF-CUSTOMER-002548"",""FF-WORKORDER-000048""]"
FF-CUSTOMER-002525,Final Inspection Failed,2023-11-24T22:00:00Z,engineering_execution,FF-R-00031260,USR-037,"[""FF-CUSTOMER-002525"",""FF-OPERATION-000025"",""FF-GOODSRECEIPT-000025""]"
FF-CUSTOMER-002525,Rework Ordered,2023-11-24T22:37:00Z,fulfilment_record,FF-R-00031261,USR-034,"[""FF-CUSTOMER-002525"",""FF-ENGINEERINGCHANGE-000025""]"
FF-CUSTOMER-002525,Rework Completed,2023-11-24T23:14:00Z,finance_posting,FF-R-00031262,USR-035,"[""FF-CUSTOMER-002525"",""FF-BOMREVISION-000025"",""FF-PURCHASEORDERLINE-000025""]"
FF-CUSTOMER-002525,Final Inspection Passed,2023-11-24T23:51:00Z,commercial_document,FF-R-00031263,USR-036,"[""FF-CUSTOMER-002525"",""FF-WORKORDER-000025""]"
FF-CUSTOMER-002530,Final Inspection Failed,2023-11-25T13:00:00Z,engineering_execution,FF-R-00031318,USR-122,"[""FF-CUSTOMER-002530"",""FF-OPERATION-000030""]"
FF-CUSTOMER-002530,Rework Ordered,2023-11-25T13:37:00Z,fulfilment_record,FF-R-00031319,USR-119,"[""FF-CUSTOMER-002530"",""FF-ENGINEERINGCHANGE-000030""]"
FF-CUSTOMER-002530,Rework Completed,2023-11-25T14:14:00Z,finance_posting,FF-R-00031320,USR-120,"[""FF-CUSTOMER-002530"",""FF-BOMREVISION-000030""]"
FF-CUSTOMER-002530,Final Inspection Passed,2023-11-25T14:51:00Z,commercial_document,FF-R-00031321,USR-121,"[""FF-CUSTOMER-002530"",""FF-WORKORDER-000030"",""FF-SUPPLIER-000030""]"
FF-CUSTOMER-002558,Rework Completed,2023-11-25T18:49:00Z,finance_posting,FF-R-00031342,USR-088,"[""FF-CUSTOMER-002558"",""FF-BOMREVISION-000058""]"
FF-CUSTOMER-002560,Rework Ordered,2023-11-25T18:50:00Z,fulfilment_record,FF-R-00031343,USR-121,"[""FF-CUSTOMER-002560"",""FF-ENGINEERINGCHANGE-000060"",""FF-PURCHASEORDER-000060""]"
FF-CUSTOMER-002557,Final Inspection Failed,2023-11-26T03:50:00Z,engineering_execution,FF-R-00031380,USR-073,"[""FF-CUSTOMER-002557"",""FF-OPERATION-000057""]"
FF-CUSTOMER-002535,Final Inspection Failed,2023-11-26T04:00:00Z,engineering_execution,FF-R-00031381,USR-080,"[""FF-CUSTOMER-002535"",""FF-OPERATION-000035"",""FF-GOODSRECEIPT-000035""]"
FF-CUSTOMER-002535,Rework Ordered,2023-11-26T04:37:00Z,fulfilment_record,FF-R-00031382,USR-077,"[""FF-CUSTOMER-002535"",""FF-ENGINEERINGCHANGE-000035""]"
FF-CUSTOMER-002535,Rework Completed,2023-11-26T05:14:00Z,finance_posting,FF-R-00031383,USR-078,"[""FF-CUSTOMER-002535"",""FF-BOMREVISION-000035"",""FF-PURCHASEORDERLINE-000035""]"
FF-CUSTOMER-002535,Final Inspection Passed,2023-11-26T05:51:00Z,commercial_document,FF-R-00031384,USR-079,"[""FF-CUSTOMER-002535"",""FF-WORKORDER-000035""]"
FF-CUSTOMER-002540,Final Inspection Failed,2023-11-26T19:00:00Z,engineering_execution,FF-R-00031438,USR-038,"[""FF-CUSTOMER-002540"",""FF-OPERATION-000040""]"
FF-CUSTOMER-002540,Rework Ordered,2023-11-26T19:37:00Z,fulfilment_record,FF-R-00031439,USR-035,"[""FF-CUSTOMER-002540"",""FF-ENGINEERINGCHANGE-000040""]"
FF-CUSTOMER-002540,Rework Completed,2023-11-26T20:14:00Z,finance_posting,FF-R-00031440,USR-036,"[""FF-CUSTOMER-002540"",""FF-BOMREVISION-000040""]"
FF-CUSTOMER-002540,Final Inspection Passed,2023-11-26T20:51:00Z,commercial_document,FF-R-00031441,USR-037,"[""FF-CUSTOMER-002540"",""FF-WORKORDER-000040"",""FF-SUPPLIER-000040""]"
FF-CUSTOMER-002545,Final Inspection Failed,2023-11-27T10:00:00Z,engineering_execution,FF-R-00031501,USR-123,"[""FF-CUSTOMER-002545"",""FF-OPERATION-000045""]"
FF-CUSTOMER-002545,Rework Ordered,2023-11-27T10:37:00Z,fulfilment_record,FF-R-00031502,USR-120,"[""FF-CUSTOMER-002545"",""FF-ENGINEERINGCHANGE-000045"",""FF-PURCHASEORDER-000045""]"
FF-CUSTOMER-002545,Rework Completed,2023-11-27T11:14:00Z,finance_posting,FF-R-00031503,USR-121,"[""FF-CUSTOMER-002545"",""FF-BOMREVISION-000045""]"
FF-CUSTOMER-002545,Final Inspection Passed,2023-11-27T11:51:00Z,commercial_document,FF-R-00031504,USR-122,"[""FF-CUSTOMER-002545"",""FF-WORKORDER-000045"",""FF-SUPPLIER-000045""]"
FF-CUSTOMER-002550,Final Inspection Failed,2023-11-28T01:00:00Z,engineering_execution,FF-R-00031562,USR-081,"[""FF-CUSTOMER-002550"",""FF-OPERATION-000050"",""FF-GOODSRECEIPT-000050""]"
FF-CUSTOMER-002550,Rework Ordered,2023-11-28T01:37:00Z,fulfilment_record,FF-R-00031563,USR-078,"[""FF-CUSTOMER-002550"",""FF-ENGINEERINGCHANGE-000050""]"
FF-CUSTOMER-002550,Rework Completed,2023-11-28T02:14:00Z,finance_posting,FF-R-00031564,USR-079,"[""FF-CUSTOMER-002550"",""FF-BOMREVISION-000050"",""FF-PURCHASEORDERLINE-000050""]"
FF-CUSTOMER-002550,Final Inspection Passed,2023-11-28T02:51:00Z,commercial_document,FF-R-00031565,USR-080,"[""FF-CUSTOMER-002550"",""FF-WORKORDER-000050""]"
FF-CUSTOMER-002579,Rework Ordered,2023-11-28T03:16:00Z,fulfilment_record,FF-R-00031566,USR-063,"[""FF-CUSTOMER-002579"",""FF-ENGINEERINGCHANGE-000079"",""FF-PURCHASEORDER-000079""]"
FF-CUSTOMER-002577,Final Inspection Passed,2023-11-28T09:16:00Z,commercial_document,FF-R-00031587,USR-031,"[""FF-CUSTOMER-002577"",""FF-WORKORDER-000077""]"
FF-CUSTOMER-002581,Rework Completed,2023-11-28T15:19:00Z,finance_posting,FF-R-00031610,USR-098,"[""FF-CUSTOMER-002581"",""FF-BOMREVISION-000081"",""FF-PURCHASEORDERLINE-000081""]"
FF-CUSTOMER-002555,Final Inspection Failed,2023-11-28T16:00:00Z,engineering_execution,FF-R-00031623,USR-039,"[""FF-CUSTOMER-002555"",""FF-OPERATION-000055""]"
FF-CUSTOMER-002555,Rework Ordered,2023-11-28T16:37:00Z,fulfilment_record,FF-R-00031624,USR-036,"[""FF-CUSTOMER-002555"",""FF-ENGINEERINGCHANGE-000055""]"
FF-CUSTOMER-002555,Rework Completed,2023-11-28T17:14:00Z,finance_posting,FF-R-00031625,USR-037,"[""FF-CUSTOMER-002555"",""FF-BOMREVISION-000055""]"
FF-CUSTOMER-002555,Final Inspection Passed,2023-11-28T17:51:00Z,commercial_document,FF-R-00031626,USR-038,"[""FF-CUSTOMER-002555"",""FF-WORKORDER-000055"",""FF-SUPPLIER-000055""]"
FF-CUSTOMER-002560,Final Inspection Failed,2023-11-29T07:00:00Z,engineering_execution,FF-R-00031680,USR-124,"[""FF-CUSTOMER-002560"",""FF-OPERATION-000060"",""FF-GOODSRECEIPT-000060""]"
FF-CUSTOMER-002560,Rework Ordered,2023-11-29T07:37:00Z,fulfilment_record,FF-R-00031681,USR-121,"[""FF-CUSTOMER-002560"",""FF-ENGINEERINGCHANGE-000060""]"
FF-CUSTOMER-002560,Rework Completed,2023-11-29T08:14:00Z,finance_posting,FF-R-00031682,USR-122,"[""FF-CUSTOMER-002560"",""FF-BOMREVISION-000060"",""FF-PURCHASEORDERLINE-000060""]"
FF-CUSTOMER-002560,Final Inspection Passed,2023-11-29T08:51:00Z,commercial_document,FF-R-00031683,USR-123,"[""FF-CUSTOMER-002560"",""FF-WORKORDER-000060""]"
FF-CUSTOMER-002565,Final Inspection Failed,2023-11-29T22:00:00Z,engineering_execution,FF-R-00031738,USR-082,"[""FF-CUSTOMER-002565"",""FF-OPERATION-000065""]"
FF-CUSTOMER-002565,Rework Ordered,2023-11-29T22:37:00Z,fulfilment_record,FF-R-00031739,USR-079,"[""FF-CUSTOMER-002565"",""FF-ENGINEERINGCHANGE-000065"",""FF-PURCHASEORDER-000065""]"
FF-CUSTOMER-002565,Rework Completed,2023-11-29T23:14:00Z,finance_posting,FF-R-00031740,USR-080,"[""FF-CUSTOMER-002565"",""FF-BOMREVISION-000065""]"
FF-CUSTOMER-002565,Final Inspection Passed,2023-11-29T23:51:00Z,commercial_document,FF-R-00031741,USR-081,"[""FF-CUSTOMER-002565"",""FF-WORKORDER-000065"",""FF-SUPPLIER-000065""]"
FF-CUSTOMER-002588,Final Inspection Failed,2023-11-30T00:28:00Z,engineering_execution,FF-R-00031753,USR-092,"[""FF-CUSTOMER-002588"",""FF-OPERATION-000088""]"
FF-CUSTOMER-002598,Rework Ordered,2023-11-30T12:35:00Z,fulfilment_record,FF-R-00031800,USR-005,"[""FF-CUSTOMER-002598"",""FF-ENGINEERINGCHANGE-000098""]"
FF-CUSTOMER-002570,Final Inspection Failed,2023-11-30T13:00:00Z,engineering_execution,FF-R-00031803,USR-040,"[""FF-CUSTOMER-002570"",""FF-OPERATION-000070""]"
FF-CUSTOMER-002570,Rework Ordered,2023-11-30T13:37:00Z,fulfilment_record,FF-R-00031804,USR-037,"[""FF-CUSTOMER-002570"",""FF-ENGINEERINGCHANGE-000070"",""FF-PURCHASEORDER-000070""]"
FF-CUSTOMER-002570,Rework Completed,2023-11-30T14:14:00Z,finance_posting,FF-R-00031805,USR-038,"[""FF-CUSTOMER-002570"",""FF-BOMREVISION-000070""]"
FF-CUSTOMER-002570,Final Inspection Passed,2023-11-30T14:51:00Z,commercial_document,FF-R-00031806,USR-039,"[""FF-CUSTOMER-002570"",""FF-WORKORDER-000070"",""FF-SUPPLIER-000070""]"
FF-CUSTOMER-002575,Final Inspection Failed,2023-12-01T04:00:00Z,engineering_execution,FF-R-00031859,USR-125,"[""FF-CUSTOMER-002575"",""FF-OPERATION-000075""]"
FF-CUSTOMER-002575,Rework Ordered,2023-12-01T04:37:00Z,fulfilment_record,FF-R-00031860,USR-122,"[""FF-CUSTOMER-002575"",""FF-ENGINEERINGCHANGE-000075"",""FF-PURCHASEORDER-000075""]"
FF-CUSTOMER-002575,Rework Completed,2023-12-01T05:14:00Z,finance_posting,FF-R-00031861,USR-123,"[""FF-CUSTOMER-002575"",""FF-BOMREVISION-000075""]"
FF-CUSTOMER-002575,Final Inspection Passed,2023-12-01T05:51:00Z,commercial_document,FF-R-00031862,USR-124,"[""FF-CUSTOMER-002575"",""FF-WORKORDER-000075"",""FF-SUPPLIER-000075""]"
FF-CUSTOMER-002604,Rework Completed,2023-12-01T12:42:00Z,finance_posting,FF-R-00031902,USR-108,"[""FF-CUSTOMER-002604"",""FF-BOMREVISION-000104""]"
FF-CUSTOMER-002580,Final Inspection Failed,2023-12-01T19:00:00Z,engineering_execution,FF-R-00031922,USR-083,"[""FF-CUSTOMER-002580"",""FF-OPERATION-000080""]"
FF-CUSTOMER-002580,Rework Ordered,2023-12-01T19:37:00Z,fulfilment_record,FF-R-00031923,USR-080,"[""FF-CUSTOMER-002580"",""FF-ENGINEERINGCHANGE-000080"",""FF-PURCHASEORDER-000080""]"
FF-CUSTOMER-002580,Rework Completed,2023-12-01T20:14:00Z,finance_posting,FF-R-00031924,USR-081,"[""FF-CUSTOMER-002580"",""FF-BOMREVISION-000080""]"
FF-CUSTOMER-002580,Final Inspection Passed,2023-12-01T20:51:00Z,commercial_document,FF-R-00031925,USR-082,"[""FF-CUSTOMER-002580"",""FF-WORKORDER-000080""]"
FF-CUSTOMER-002606,Final Inspection Passed,2023-12-02T00:45:00Z,commercial_document,FF-R-00031946,USR-016,"[""FF-CUSTOMER-002606"",""FF-WORKORDER-000106"",""FF-SUPPLIER-000106""]"
FF-CUSTOMER-002585,Final Inspection Failed,2023-12-02T10:00:00Z,engineering_execution,FF-R-00031982,USR-041,"[""FF-CUSTOMER-002585"",""FF-OPERATION-000085"",""FF-GOODSRECEIPT-000085""]"
FF-CUSTOMER-002585,Rework Ordered,2023-12-02T10:37:00Z,fulfilment_record,FF-R-00031983,USR-038,"[""FF-CUSTOMER-002585"",""FF-ENGINEERINGCHANGE-000085""]"
FF-CUSTOMER-002585,Rework Completed,2023-12-02T11:14:00Z,finance_posting,FF-R-00031984,USR-039,"[""FF-CUSTOMER-002585"",""FF-BOMREVISION-000085"",""FF-PURCHASEORDERLINE-000085""]"
FF-CUSTOMER-002585,Final Inspection Passed,2023-12-02T11:51:00Z,commercial_document,FF-R-00031985,USR-040,"[""FF-CUSTOMER-002585"",""FF-WORKORDER-000085""]"
FF-CUSTOMER-002617,Rework Ordered,2023-12-02T21:01:00Z,fulfilment_record,FF-R-00032020,USR-074,"[""FF-CUSTOMER-002617"",""FF-ENGINEERINGCHANGE-000117""]"
FF-CUSTOMER-002590,Final Inspection Failed,2023-12-03T01:00:00Z,engineering_execution,FF-R-00032041,USR-126,"[""FF-CUSTOMER-002590"",""FF-OPERATION-000090""]"
FF-CUSTOMER-002590,Rework Ordered,2023-12-03T01:37:00Z,fulfilment_record,FF-R-00032042,USR-123,"[""FF-CUSTOMER-002590"",""FF-ENGINEERINGCHANGE-000090""]"
FF-CUSTOMER-002590,Rework Completed,2023-12-03T02:14:00Z,finance_posting,FF-R-00032043,USR-124,"[""FF-CUSTOMER-002590"",""FF-BOMREVISION-000090""]"
FF-CUSTOMER-002590,Final Inspection Passed,2023-12-03T02:51:00Z,commercial_document,FF-R-00032044,USR-125,"[""FF-CUSTOMER-002590"",""FF-WORKORDER-000090"",""FF-SUPPLIER-000090""]"
FF-CUSTOMER-002595,Final Inspection Failed,2023-12-03T16:00:00Z,engineering_execution,FF-R-00032101,USR-084,"[""FF-CUSTOMER-002595"",""FF-OPERATION-000095""]"
FF-CUSTOMER-002595,Rework Ordered,2023-12-03T16:37:00Z,fulfilment_record,FF-R-00032102,USR-081,"[""FF-CUSTOMER-002595"",""FF-ENGINEERINGCHANGE-000095"",""FF-PURCHASEORDER-000095""]"
FF-CUSTOMER-002595,Rework Completed,2023-12-03T17:14:00Z,finance_posting,FF-R-00032103,USR-082,"[""FF-CUSTOMER-002595"",""FF-BOMREVISION-000095""]"
FF-CUSTOMER-002595,Final Inspection Passed,2023-12-03T17:51:00Z,commercial_document,FF-R-00032104,USR-083,"[""FF-CUSTOMER-002595"",""FF-WORKORDER-000095""]"
FF-CUSTOMER-002619,Final Inspection Failed,2023-12-03T21:06:00Z,engineering_execution,FF-R-00032115,USR-111,"[""FF-CUSTOMER-002619"",""FF-OPERATION-000119"",""FF-GOODSRECEIPT-000119""]"
FF-CUSTOMER-002600,Final Inspection Failed,2023-12-04T07:00:00Z,engineering_execution,FF-R-00032164,USR-042,"[""FF-CUSTOMER-002600"",""FF-OPERATION-000100""]"
FF-CUSTOMER-002600,Rework Ordered,2023-12-04T07:37:00Z,fulfilment_record,FF-R-00032165,USR-039,"[""FF-CUSTOMER-002600"",""FF-ENGINEERINGCHANGE-000100"",""FF-PURCHASEORDER-000100""]"
FF-CUSTOMER-002600,Rework Completed,2023-12-04T08:14:00Z,finance_posting,FF-R-00032166,USR-040,"[""FF-CUSTOMER-002600"",""FF-BOMREVISION-000100""]"
FF-CUSTOMER-002600,Final Inspection Passed,2023-12-04T08:51:00Z,commercial_document,FF-R-00032167,USR-041,"[""FF-CUSTOMER-002600"",""FF-WORKORDER-000100""]"
FF-CUSTOMER-002627,Rework Completed,2023-12-04T09:12:00Z,finance_posting,FF-R-00032168,USR-118,"[""FF-CUSTOMER-002627"",""FF-BOMREVISION-000127""]"
FF-CUSTOMER-002605,Final Inspection Failed,2023-12-04T22:00:00Z,engineering_execution,FF-R-00032221,USR-127,"[""FF-CUSTOMER-002605"",""FF-OPERATION-000105""]"
FF-CUSTOMER-002605,Rework Ordered,2023-12-04T22:37:00Z,fulfilment_record,FF-R-00032222,USR-124,"[""FF-CUSTOMER-002605"",""FF-ENGINEERINGCHANGE-000105"",""FF-PURCHASEORDER-000105""]"
FF-CUSTOMER-002605,Rework Completed,2023-12-04T23:14:00Z,finance_posting,FF-R-00032223,USR-125,"[""FF-CUSTOMER-002605"",""FF-BOMREVISION-000105""]"
FF-CUSTOMER-002605,Final Inspection Passed,2023-12-04T23:51:00Z,commercial_document,FF-R-00032224,USR-126,"[""FF-CUSTOMER-002605"",""FF-WORKORDER-000105""]"
FF-CUSTOMER-002636,Rework Ordered,2023-12-05T06:20:00Z,fulfilment_record,FF-R-00032251,USR-016,"[""FF-CUSTOMER-002636"",""FF-ENGINEERINGCHANGE-000136"",""FF-PURCHASEORDER-000136""]"
FF-CUSTOMER-002610,Final Inspection Failed,2023-12-05T13:00:00Z,engineering_execution,FF-R-00032284,USR-085,"[""FF-CUSTOMER-002610"",""FF-OPERATION-000110""]"
FF-CUSTOMER-002610,Rework Ordered,2023-12-05T13:37:00Z,fulfilment_record,FF-R-00032285,USR-082,"[""FF-CUSTOMER-002610"",""FF-ENGINEERINGCHANGE-000110"",""FF-PURCHASEORDER-000110""]"
FF-CUSTOMER-002610,Rework Completed,2023-12-05T14:14:00Z,finance_posting,FF-R-00032286,USR-083,"[""FF-CUSTOMER-002610"",""FF-BOMREVISION-000110""]"
FF-CUSTOMER-002610,Final Inspection Passed,2023-12-05T14:51:00Z,commercial_document,FF-R-00032287,USR-084,"[""FF-CUSTOMER-002610"",""FF-WORKORDER-000110""]"
FF-CUSTOMER-002635,Final Inspection Passed,2023-12-05T15:21:00Z,commercial_document,FF-R-00032294,USR-001,"[""FF-CUSTOMER-002635"",""FF-WORKORDER-000135"",""FF-SUPPLIER-000135""]"
FF-CUSTOMER-002615,Final Inspection Failed,2023-12-06T04:00:00Z,engineering_execution,FF-R-00032344,USR-043,"[""FF-CUSTOMER-002615"",""FF-OPERATION-000115"",""FF-GOODSRECEIPT-000115""]"
FF-CUSTOMER-002615,Rework Ordered,2023-12-06T04:37:00Z,fulfilment_record,FF-R-00032345,USR-040,"[""FF-CUSTOMER-002615"",""FF-ENGINEERINGCHANGE-000115""]"
FF-CUSTOMER-002615,Rework Completed,2023-12-06T05:14:00Z,finance_posting,FF-R-00032346,USR-041,"[""FF-CUSTOMER-002615"",""FF-BOMREVISION-000115"",""FF-PURCHASEORDERLINE-000115""]"
FF-CUSTOMER-002615,Final Inspection Passed,2023-12-06T05:51:00Z,commercial_document,FF-R-00032347,USR-042,"[""FF-CUSTOMER-002615"",""FF-WORKORDER-000115""]"
FF-CUSTOMER-002620,Final Inspection Failed,2023-12-06T19:00:00Z,engineering_execution,FF-R-00032401,USR-001,"[""FF-CUSTOMER-002620"",""FF-OPERATION-000120""]"
FF-CUSTOMER-002620,Rework Ordered,2023-12-06T19:37:00Z,fulfilment_record,FF-R-00032402,USR-125,"[""FF-CUSTOMER-002620"",""FF-ENGINEERINGCHANGE-000120""]"
FF-CUSTOMER-002620,Rework Completed,2023-12-06T20:14:00Z,finance_posting,FF-R-00032403,USR-126,"[""FF-CUSTOMER-002620"",""FF-BOMREVISION-000120""]"
FF-CUSTOMER-002620,Final Inspection Passed,2023-12-06T20:51:00Z,commercial_document,FF-R-00032404,USR-127,"[""FF-CUSTOMER-002620"",""FF-WORKORDER-000120"",""FF-SUPPLIER-000120""]"
FF-CUSTOMER-002650,Rework Completed,2023-12-07T06:35:00Z,finance_posting,FF-R-00032451,USR-001,"[""FF-CUSTOMER-002650"",""FF-BOMREVISION-000150""]"
FF-CUSTOMER-002625,Final Inspection Failed,2023-12-07T10:00:00Z,engineering_execution,FF-R-00032463,USR-086,"[""FF-CUSTOMER-002625"",""FF-OPERATION-000125"",""FF-GOODSRECEIPT-000125""]"
FF-CUSTOMER-002625,Rework Ordered,2023-12-07T10:37:00Z,fulfilment_record,FF-R-00032464,USR-083,"[""FF-CUSTOMER-002625"",""FF-ENGINEERINGCHANGE-000125""]"
FF-CUSTOMER-002625,Rework Completed,2023-12-07T11:14:00Z,finance_posting,FF-R-00032465,USR-084,"[""FF-CUSTOMER-002625"",""FF-BOMREVISION-000125"",""FF-PURCHASEORDERLINE-000125""]"
FF-CUSTOMER-002625,Final Inspection Passed,2023-12-07T11:51:00Z,commercial_document,FF-R-00032466,USR-085,"[""FF-CUSTOMER-002625"",""FF-WORKORDER-000125""]"
FF-CUSTOMER-002655,Rework Ordered,2023-12-07T15:39:00Z,fulfilment_record,FF-R-00032486,USR-085,"[""FF-CUSTOMER-002655"",""FF-ENGINEERINGCHANGE-000155""]"
FF-CUSTOMER-002650,Final Inspection Failed,2023-12-07T18:37:00Z,engineering_execution,FF-R-00032499,USR-003,"[""FF-CUSTOMER-002650"",""FF-OPERATION-000150"",""FF-GOODSRECEIPT-000150""]"
FF-CUSTOMER-002630,Final Inspection Failed,2023-12-08T01:00:00Z,engineering_execution,FF-R-00032520,USR-044,"[""FF-CUSTOMER-002630"",""FF-OPERATION-000130""]"
FF-CUSTOMER-002630,Rework Ordered,2023-12-08T01:37:00Z,fulfilment_record,FF-R-00032521,USR-041,"[""FF-CUSTOMER-002630"",""FF-ENGINEERINGCHANGE-000130""]"
FF-CUSTOMER-002630,Rework Completed,2023-12-08T02:14:00Z,finance_posting,FF-R-00032522,USR-042,"[""FF-CUSTOMER-002630"",""FF-BOMREVISION-000130""]"
FF-CUSTOMER-002630,Final Inspection Passed,2023-12-08T02:51:00Z,commercial_document,FF-R-00032523,USR-043,"[""FF-CUSTOMER-002630"",""FF-WORKORDER-000130"",""FF-SUPPLIER-000130""]"
FF-CUSTOMER-002635,Final Inspection Failed,2023-12-08T16:00:00Z,engineering_execution,FF-R-00032586,USR-002,"[""FF-CUSTOMER-002635"",""FF-OPERATION-000135""]"
FF-CUSTOMER-002635,Rework Ordered,2023-12-08T16:37:00Z,fulfilment_record,FF-R-00032587,USR-126,"[""FF-CUSTOMER-002635"",""FF-ENGINEERINGCHANGE-000135"",""FF-PURCHASEORDER-000135""]"
FF-CUSTOMER-002635,Rework Completed,2023-12-08T17:14:00Z,finance_posting,FF-R-00032588,USR-127,"[""FF-CUSTOMER-002635"",""FF-BOMREVISION-000135""]"
FF-CUSTOMER-002635,Final Inspection Passed,2023-12-08T17:51:00Z,commercial_document,FF-R-00032589,USR-001,"[""FF-CUSTOMER-002635"",""FF-WORKORDER-000135""]"
FF-CUSTOMER-002664,Final Inspection Passed,2023-12-09T06:50:00Z,commercial_document,FF-R-00032643,USR-113,"[""FF-CUSTOMER-002664"",""FF-WORKORDER-000164""]"
FF-CUSTOMER-002640,Final Inspection Failed,2023-12-09T07:00:00Z,engineering_execution,FF-R-00032644,USR-087,"[""FF-CUSTOMER-002640"",""FF-OPERATION-000140"",""FF-GOODSRECEIPT-000140""]"
FF-CUSTOMER-002640,Rework Ordered,2023-12-09T07:37:00Z,fulfilment_record,FF-R-00032645,USR-084,"[""FF-CUSTOMER-002640"",""FF-ENGINEERINGCHANGE-000140""]"
FF-CUSTOMER-002640,Rework Completed,2023-12-09T08:14:00Z,finance_posting,FF-R-00032646,USR-085,"[""FF-CUSTOMER-002640"",""FF-BOMREVISION-000140"",""FF-PURCHASEORDERLINE-000140""]"
FF-CUSTOMER-002640,Final Inspection Passed,2023-12-09T08:51:00Z,commercial_document,FF-R-00032647,USR-086,"[""FF-CUSTOMER-002640"",""FF-WORKORDER-000140""]"
FF-CUSTOMER-002645,Final Inspection Failed,2023-12-09T22:00:00Z,engineering_execution,FF-R-00032703,USR-045,"[""FF-CUSTOMER-002645"",""FF-OPERATION-000145""]"
FF-CUSTOMER-002645,Rework Ordered,2023-12-09T22:37:00Z,fulfilment_record,FF-R-00032704,USR-042,"[""FF-CUSTOMER-002645"",""FF-ENGINEERINGCHANGE-000145"",""FF-PURCHASEORDER-000145""]"
FF-CUSTOMER-002645,Rework Completed,2023-12-09T23:14:00Z,finance_posting,FF-R-00032705,USR-043,"[""FF-CUSTOMER-002645"",""FF-BOMREVISION-000145""]"
FF-CUSTOMER-002645,Final Inspection Passed,2023-12-09T23:51:00Z,commercial_document,FF-R-00032706,USR-044,"[""FF-CUSTOMER-002645"",""FF-WORKORDER-000145"",""FF-SUPPLIER-000145""]"
FF-CUSTOMER-002674,Rework Ordered,2023-12-10T00:05:00Z,fulfilment_record,FF-R-00032708,USR-027,"[""FF-CUSTOMER-002674"",""FF-ENGINEERINGCHANGE-000174"",""FF-PURCHASEORDER-000174""]"
FF-CUSTOMER-002673,Rework Completed,2023-12-10T03:05:00Z,finance_posting,FF-R-00032720,USR-011,"[""FF-CUSTOMER-002673"",""FF-BOMREVISION-000173""]"
FF-CUSTOMER-002650,Final Inspection Failed,2023-12-10T13:00:00Z,engineering_execution,FF-R-00032763,USR-003,"[""FF-CUSTOMER-002650"",""FF-OPERATION-000150""]"
FF-CUSTOMER-002650,Rework Ordered,2023-12-10T13:37:00Z,fulfilment_record,FF-R-00032764,USR-127,"[""FF-CUSTOMER-002650"",""FF-ENGINEERINGCHANGE-000150"",""FF-PURCHASEORDER-000150""]"
FF-CUSTOMER-002650,Rework Completed,2023-12-10T14:14:00Z,finance_posting,FF-R-00032765,USR-001,"[""FF-CUSTOMER-002650"",""FF-BOMREVISION-000150""]"
FF-CUSTOMER-002650,Final Inspection Passed,2023-12-10T14:51:00Z,commercial_document,FF-R-00032766,USR-002,"[""FF-CUSTOMER-002650"",""FF-WORKORDER-000150"",""FF-SUPPLIER-000150""]"
FF-CUSTOMER-002655,Final Inspection Failed,2023-12-11T04:00:00Z,engineering_execution,FF-R-00032827,USR-088,"[""FF-CUSTOMER-002655"",""FF-OPERATION-000155"",""FF-GOODSRECEIPT-000155""]"
FF-CUSTOMER-002655,Rework Ordered,2023-12-11T04:37:00Z,fulfilment_record,FF-R-00032828,USR-085,"[""FF-CUSTOMER-002655"",""FF-ENGINEERINGCHANGE-000155""]"
FF-CUSTOMER-002655,Rework Completed,2023-12-11T05:14:00Z,finance_posting,FF-R-00032829,USR-086,"[""FF-CUSTOMER-002655"",""FF-BOMREVISION-000155"",""FF-PURCHASEORDERLINE-000155""]"
FF-CUSTOMER-002655,Final Inspection Passed,2023-12-11T05:51:00Z,commercial_document,FF-R-00032830,USR-087,"[""FF-CUSTOMER-002655"",""FF-WORKORDER-000155""]"
FF-CUSTOMER-002681,Final Inspection Failed,2023-12-11T15:15:00Z,engineering_execution,FF-R-00032861,USR-022,"[""FF-CUSTOMER-002681"",""FF-OPERATION-000181"",""FF-GOODSRECEIPT-000181""]"
FF-CUSTOMER-002660,Final Inspection Failed,2023-12-11T19:00:00Z,engineering_execution,FF-R-00032882,USR-046,"[""FF-CUSTOMER-002660"",""FF-OPERATION-000160""]"
FF-CUSTOMER-002660,Rework Ordered,2023-12-11T19:37:00Z,fulfilment_record,FF-R-00032883,USR-043,"[""FF-CUSTOMER-002660"",""FF-ENGINEERINGCHANGE-000160"",""FF-PURCHASEORDER-000160""]"
FF-CUSTOMER-002660,Rework Completed,2023-12-11T20:14:00Z,finance_posting,FF-R-00032884,USR-044,"[""FF-CUSTOMER-002660"",""FF-BOMREVISION-000160""]"
FF-CUSTOMER-002660,Final Inspection Passed,2023-12-11T20:51:00Z,commercial_document,FF-R-00032885,USR-045,"[""FF-CUSTOMER-002660"",""FF-WORKORDER-000160"",""FF-SUPPLIER-000160""]"
FF-CUSTOMER-002693,Rework Ordered,2023-12-12T09:24:00Z,fulfilment_record,FF-R-00032939,USR-096,"[""FF-CUSTOMER-002693"",""FF-ENGINEERINGCHANGE-000193""]"
FF-CUSTOMER-002665,Final Inspection Failed,2023-12-12T10:00:00Z,engineering_execution,FF-R-00032947,USR-004,"[""FF-CUSTOMER-002665"",""FF-OPERATION-000165""]"
FF-CUSTOMER-002665,Rework Ordered,2023-12-12T10:37:00Z,fulfilment_record,FF-R-00032948,USR-001,"[""FF-CUSTOMER-002665"",""FF-ENGINEERINGCHANGE-000165"",""FF-PURCHASEORDER-000165""]"
FF-CUSTOMER-002665,Rework Completed,2023-12-12T11:14:00Z,finance_posting,FF-R-00032949,USR-002,"[""FF-CUSTOMER-002665"",""FF-BOMREVISION-000165""]"
FF-CUSTOMER-002665,Final Inspection Passed,2023-12-12T11:51:00Z,commercial_document,FF-R-00032950,USR-003,"[""FF-CUSTOMER-002665"",""FF-WORKORDER-000165"",""FF-SUPPLIER-000165""]"
FF-CUSTOMER-002693,Final Inspection Passed,2023-12-12T21:26:00Z,commercial_document,FF-R-00032991,USR-098,"[""FF-CUSTOMER-002693"",""FF-WORKORDER-000193"",""FF-SUPPLIER-000193""]"
FF-CUSTOMER-002696,Rework Completed,2023-12-13T00:28:00Z,finance_posting,FF-R-00033005,USR-021,"[""FF-CUSTOMER-002696"",""FF-BOMREVISION-000196"",""FF-PURCHASEORDERLINE-000196""]"
FF-CUSTOMER-002670,Final Inspection Failed,2023-12-13T01:00:00Z,engineering_execution,FF-R-00033007,USR-089,"[""FF-CUSTOMER-002670"",""FF-OPERATION-000170"",""FF-GOODSRECEIPT-000170""]"
FF-CUSTOMER-002670,Rework Ordered,2023-12-13T01:37:00Z,fulfilment_record,FF-R-00033008,USR-086,"[""FF-CUSTOMER-002670"",""FF-ENGINEERINGCHANGE-000170""]"
FF-CUSTOMER-002670,Rework Completed,2023-12-13T02:14:00Z,finance_posting,FF-R-00033009,USR-087,"[""FF-CUSTOMER-002670"",""FF-BOMREVISION-000170"",""FF-PURCHASEORDERLINE-000170""]"
FF-CUSTOMER-002670,Final Inspection Passed,2023-12-13T02:51:00Z,commercial_document,FF-R-00033010,USR-088,"[""FF-CUSTOMER-002670"",""FF-WORKORDER-000170""]"
FF-CUSTOMER-002675,Final Inspection Failed,2023-12-13T16:00:00Z,engineering_execution,FF-R-00033063,USR-047,"[""FF-CUSTOMER-002675"",""FF-OPERATION-000175""]"
FF-CUSTOMER-002675,Rework Ordered,2023-12-13T16:37:00Z,fulfilment_record,FF-R-00033064,USR-044,"[""FF-CUSTOMER-002675"",""FF-ENGINEERINGCHANGE-000175""]"
FF-CUSTOMER-002675,Rework Completed,2023-12-13T17:14:00Z,finance_posting,FF-R-00033065,USR-045,"[""FF-CUSTOMER-002675"",""FF-BOMREVISION-000175""]"
FF-CUSTOMER-002675,Final Inspection Passed,2023-12-13T17:51:00Z,commercial_document,FF-R-00033066,USR-046,"[""FF-CUSTOMER-002675"",""FF-WORKORDER-000175"",""FF-SUPPLIER-000175""]"
FF-CUSTOMER-002680,Final Inspection Failed,2023-12-14T07:00:00Z,engineering_execution,FF-R-00033124,USR-005,"[""FF-CUSTOMER-002680"",""FF-OPERATION-000180""]"
FF-CUSTOMER-002680,Rework Ordered,2023-12-14T07:37:00Z,fulfilment_record,FF-R-00033125,USR-002,"[""FF-CUSTOMER-002680"",""FF-ENGINEERINGCHANGE-000180"",""FF-PURCHASEORDER-000180""]"
FF-CUSTOMER-002680,Rework Completed,2023-12-14T08:14:00Z,finance_posting,FF-R-00033126,USR-003,"[""FF-CUSTOMER-002680"",""FF-BOMREVISION-000180""]"
FF-CUSTOMER-002680,Final Inspection Passed,2023-12-14T08:51:00Z,commercial_document,FF-R-00033127,USR-004,"[""FF-CUSTOMER-002680"",""FF-WORKORDER-000180""]"
FF-CUSTOMER-002712,Rework Ordered,2023-12-14T18:43:00Z,fulfilment_record,FF-R-00033173,USR-038,"[""FF-CUSTOMER-002712"",""FF-ENGINEERINGCHANGE-000212"",""FF-PURCHASEORDER-000212""]"
FF-CUSTOMER-002685,Final Inspection Failed,2023-12-14T22:00:00Z,engineering_execution,FF-R-00033184,USR-090,"[""FF-CUSTOMER-002685"",""FF-OPERATION-000185"",""FF-GOODSRECEIPT-000185""]"
FF-CUSTOMER-002685,Rework Ordered,2023-12-14T22:37:00Z,fulfilment_record,FF-R-00033185,USR-087,"[""FF-CUSTOMER-002685"",""FF-ENGINEERINGCHANGE-000185""]"
FF-CUSTOMER-002685,Rework Completed,2023-12-14T23:14:00Z,finance_posting,FF-R-00033186,USR-088,"[""FF-CUSTOMER-002685"",""FF-BOMREVISION-000185"",""FF-PURCHASEORDERLINE-000185""]"
FF-CUSTOMER-002685,Final Inspection Passed,2023-12-14T23:51:00Z,commercial_document,FF-R-00033187,USR-089,"[""FF-CUSTOMER-002685"",""FF-WORKORDER-000185""]"
FF-CUSTOMER-002712,Final Inspection Failed,2023-12-15T12:46:00Z,engineering_execution,FF-R-00033247,USR-041,"[""FF-CUSTOMER-002712"",""FF-OPERATION-000212""]"
FF-CUSTOMER-002690,Final Inspection Failed,2023-12-15T13:00:00Z,engineering_execution,FF-R-00033248,USR-048,"[""FF-CUSTOMER-002690"",""FF-OPERATION-000190"",""FF-GOODSRECEIPT-000190""]"
FF-CUSTOMER-002690,Rework Ordered,2023-12-15T13:37:00Z,fulfilment_record,FF-R-00033249,USR-045,"[""FF-CUSTOMER-002690"",""FF-ENGINEERINGCHANGE-000190""]"
FF-CUSTOMER-002690,Rework Completed,2023-12-15T14:14:00Z,finance_posting,FF-R-00033250,USR-046,"[""FF-CUSTOMER-002690"",""FF-BOMREVISION-000190"",""FF-PURCHASEORDERLINE-000190""]"
FF-CUSTOMER-002690,Final Inspection Passed,2023-12-15T14:51:00Z,commercial_document,FF-R-00033251,USR-047,"[""FF-CUSTOMER-002690"",""FF-WORKORDER-000190""]"
FF-CUSTOMER-002719,Rework Completed,2023-12-15T21:51:00Z,finance_posting,FF-R-00033284,USR-031,"[""FF-CUSTOMER-002719"",""FF-BOMREVISION-000219""]"
FF-CUSTOMER-002695,Final Inspection Failed,2023-12-16T04:00:00Z,engineering_execution,FF-R-00033304,USR-006,"[""FF-CUSTOMER-002695"",""FF-OPERATION-000195""]"
FF-CUSTOMER-002695,Rework Ordered,2023-12-16T04:37:00Z,fulfilment_record,FF-R-00033305,USR-003,"[""FF-CUSTOMER-002695"",""FF-ENGINEERINGCHANGE-000195"",""FF-PURCHASEORDER-000195""]"
FF-CUSTOMER-002695,Rework Completed,2023-12-16T05:14:00Z,finance_posting,FF-R-00033306,USR-004,"[""FF-CUSTOMER-002695"",""FF-BOMREVISION-000195""]"
FF-CUSTOMER-002695,Final Inspection Passed,2023-12-16T05:51:00Z,commercial_document,FF-R-00033307,USR-005,"[""FF-CUSTOMER-002695"",""FF-WORKORDER-000195"",""FF-SUPPLIER-000195""]"
FF-CUSTOMER-002722,Final Inspection Passed,2023-12-16T12:02:00Z,commercial_document,FF-R-00033330,USR-083,"[""FF-CUSTOMER-002722"",""FF-WORKORDER-000222""]"
FF-CUSTOMER-002700,Final Inspection Failed,2023-12-16T19:00:00Z,engineering_execution,FF-R-00033367,USR-091,"[""FF-CUSTOMER-002700"",""FF-OPERATION-000200"",""FF-GOODSRECEIPT-000200""]"
FF-CUSTOMER-002700,Rework Ordered,2023-12-16T19:37:00Z,fulfilment_record,FF-R-00033368,USR-088,"[""FF-CUSTOMER-002700"",""FF-ENGINEERINGCHANGE-000200""]"
FF-CUSTOMER-002700,Rework Completed,2023-12-16T20:14:00Z,finance_posting,FF-R-00033369,USR-089,"[""FF-CUSTOMER-002700"",""FF-BOMREVISION-000200"",""FF-PURCHASEORDERLINE-000200""]"
FF-CUSTOMER-002700,Final Inspection Passed,2023-12-16T20:51:00Z,commercial_document,FF-R-00033370,USR-090,"[""FF-CUSTOMER-002700"",""FF-WORKORDER-000200""]"
FF-CUSTOMER-002731,Rework Ordered,2023-12-17T03:09:00Z,fulfilment_record,FF-R-00033393,USR-107,"[""FF-CUSTOMER-002731"",""FF-ENGINEERINGCHANGE-000231"",""FF-PURCHASEORDER-000231""]"
FF-CUSTOMER-002705,Final Inspection Failed,2023-12-17T10:00:00Z,engineering_execution,FF-R-00033426,USR-049,"[""FF-CUSTOMER-002705"",""FF-OPERATION-000205""]"
FF-CUSTOMER-002705,Rework Ordered,2023-12-17T10:37:00Z,fulfilment_record,FF-R-00033427,USR-046,"[""FF-CUSTOMER-002705"",""FF-ENGINEERINGCHANGE-000205""]"
FF-CUSTOMER-002705,Rework Completed,2023-12-17T11:14:00Z,finance_posting,FF-R-00033428,USR-047,"[""FF-CUSTOMER-002705"",""FF-BOMREVISION-000205""]"
FF-CUSTOMER-002705,Final Inspection Passed,2023-12-17T11:51:00Z,commercial_document,FF-R-00033429,USR-048,"[""FF-CUSTOMER-002705"",""FF-WORKORDER-000205"",""FF-SUPPLIER-000205""]"
FF-CUSTOMER-002710,Final Inspection Failed,2023-12-18T01:00:00Z,engineering_execution,FF-R-00033487,USR-007,"[""FF-CUSTOMER-002710"",""FF-OPERATION-000210""]"
FF-CUSTOMER-002710,Rework Ordered,2023-12-18T01:37:00Z,fulfilment_record,FF-R-00033488,USR-004,"[""FF-CUSTOMER-002710"",""FF-ENGINEERINGCHANGE-000210""]"
FF-CUSTOMER-002710,Rework Completed,2023-12-18T02:14:00Z,finance_posting,FF-R-00033489,USR-005,"[""FF-CUSTOMER-002710"",""FF-BOMREVISION-000210""]"
FF-CUSTOMER-002710,Final Inspection Passed,2023-12-18T02:51:00Z,commercial_document,FF-R-00033490,USR-006,"[""FF-CUSTOMER-002710"",""FF-WORKORDER-000210"",""FF-SUPPLIER-000210""]"
FF-CUSTOMER-002715,Final Inspection Failed,2023-12-18T16:00:00Z,engineering_execution,FF-R-00033544,USR-092,"[""FF-CUSTOMER-002715"",""FF-OPERATION-000215""]"
FF-CUSTOMER-002715,Rework Ordered,2023-12-18T16:37:00Z,fulfilment_record,FF-R-00033545,USR-089,"[""FF-CUSTOMER-002715"",""FF-ENGINEERINGCHANGE-000215"",""FF-PURCHASEORDER-000215""]"
FF-CUSTOMER-002715,Rework Completed,2023-12-18T17:14:00Z,finance_posting,FF-R-00033546,USR-090,"[""FF-CUSTOMER-002715"",""FF-BOMREVISION-000215""]"
FF-CUSTOMER-002715,Final Inspection Passed,2023-12-18T17:51:00Z,commercial_document,FF-R-00033547,USR-091,"[""FF-CUSTOMER-002715"",""FF-WORKORDER-000215"",""FF-SUPPLIER-000215""]"
FF-CUSTOMER-002742,Rework Completed,2023-12-18T18:21:00Z,finance_posting,FF-R-00033554,USR-041,"[""FF-CUSTOMER-002742"",""FF-BOMREVISION-000242""]"
FF-CUSTOMER-002720,Final Inspection Failed,2023-12-19T07:00:00Z,engineering_execution,FF-R-00033609,USR-050,"[""FF-CUSTOMER-002720"",""FF-OPERATION-000220""]"
FF-CUSTOMER-002720,Rework Ordered,2023-12-19T07:37:00Z,fulfilment_record,FF-R-00033610,USR-047,"[""FF-CUSTOMER-002720"",""FF-ENGINEERINGCHANGE-000220"",""FF-PURCHASEORDER-000220""]"
FF-CUSTOMER-002720,Rework Completed,2023-12-19T08:14:00Z,finance_posting,FF-R-00033611,USR-048,"[""FF-CUSTOMER-002720"",""FF-BOMREVISION-000220""]"
FF-CUSTOMER-002720,Final Inspection Passed,2023-12-19T08:51:00Z,commercial_document,FF-R-00033612,USR-049,"[""FF-CUSTOMER-002720"",""FF-WORKORDER-000220""]"
FF-CUSTOMER-002743,Final Inspection Failed,2023-12-19T09:24:00Z,engineering_execution,FF-R-00033620,USR-060,"[""FF-CUSTOMER-002743"",""FF-OPERATION-000243""]"
FF-CUSTOMER-002750,Rework Ordered,2023-12-19T12:28:00Z,fulfilment_record,FF-R-00033631,USR-049,"[""FF-CUSTOMER-002750"",""FF-ENGINEERINGCHANGE-000250""]"
FF-CUSTOMER-002725,Final Inspection Failed,2023-12-19T22:00:00Z,engineering_execution,FF-R-00033667,USR-008,"[""FF-CUSTOMER-002725"",""FF-OPERATION-000225""]"
FF-CUSTOMER-002725,Rework Ordered,2023-12-19T22:37:00Z,fulfilment_record,FF-R-00033668,USR-005,"[""FF-CUSTOMER-002725"",""FF-ENGINEERINGCHANGE-000225""]"
FF-CUSTOMER-002725,Rework Completed,2023-12-19T23:14:00Z,finance_posting,FF-R-00033669,USR-006,"[""FF-CUSTOMER-002725"",""FF-BOMREVISION-000225""]"
FF-CUSTOMER-002725,Final Inspection Passed,2023-12-19T23:51:00Z,commercial_document,FF-R-00033670,USR-007,"[""FF-CUSTOMER-002725"",""FF-WORKORDER-000225"",""FF-SUPPLIER-000225""]"
FF-CUSTOMER-002751,Final Inspection Passed,2023-12-20T03:31:00Z,commercial_document,FF-R-00033692,USR-068,"[""FF-CUSTOMER-002751"",""FF-WORKORDER-000251""]"
FF-CUSTOMER-002730,Final Inspection Failed,2023-12-20T13:00:00Z,engineering_execution,FF-R-00033726,USR-093,"[""FF-CUSTOMER-002730"",""FF-OPERATION-000230""]"
FF-CUSTOMER-002730,Rework Ordered,2023-12-20T13:37:00Z,fulfilment_record,FF-R-00033727,USR-090,"[""FF-CUSTOMER-002730"",""FF-ENGINEERINGCHANGE-000230""]"
FF-CUSTOMER-002730,Rework Completed,2023-12-20T14:14:00Z,finance_posting,FF-R-00033728,USR-091,"[""FF-CUSTOMER-002730"",""FF-BOMREVISION-000230""]"
FF-CUSTOMER-002730,Final Inspection Passed,2023-12-20T14:51:00Z,commercial_document,FF-R-00033729,USR-092,"[""FF-CUSTOMER-002730"",""FF-WORKORDER-000230"",""FF-SUPPLIER-000230""]"
FF-CUSTOMER-002735,Final Inspection Failed,2023-12-21T04:00:00Z,engineering_execution,FF-R-00033787,USR-051,"[""FF-CUSTOMER-002735"",""FF-OPERATION-000235""]"
FF-CUSTOMER-002735,Rework Ordered,2023-12-21T04:37:00Z,fulfilment_record,FF-R-00033788,USR-048,"[""FF-CUSTOMER-002735"",""FF-ENGINEERINGCHANGE-000235""]"
FF-CUSTOMER-002735,Rework Completed,2023-12-21T05:14:00Z,finance_posting,FF-R-00033789,USR-049,"[""FF-CUSTOMER-002735"",""FF-BOMREVISION-000235""]"
FF-CUSTOMER-002735,Final Inspection Passed,2023-12-21T05:51:00Z,commercial_document,FF-R-00033790,USR-050,"[""FF-CUSTOMER-002735"",""FF-WORKORDER-000235"",""FF-SUPPLIER-000235""]"
FF-CUSTOMER-002765,Rework Completed,2023-12-21T15:44:00Z,finance_posting,FF-R-00033833,USR-051,"[""FF-CUSTOMER-002765"",""FF-BOMREVISION-000265""]"
FF-CUSTOMER-002740,Final Inspection Failed,2023-12-21T19:00:00Z,engineering_execution,FF-R-00033847,USR-009,"[""FF-CUSTOMER-002740"",""FF-OPERATION-000240"",""FF-GOODSRECEIPT-000240""]"
FF-CUSTOMER-002740,Rework Ordered,2023-12-21T19:37:00Z,fulfilment_record,FF-R-00033848,USR-006,"[""FF-CUSTOMER-002740"",""FF-ENGINEERINGCHANGE-000240""]"
FF-CUSTOMER-002740,Rework Completed,2023-12-21T20:14:00Z,finance_posting,FF-R-00033849,USR-007,"[""FF-CUSTOMER-002740"",""FF-BOMREVISION-000240"",""FF-PURCHASEORDERLINE-000240""]"
FF-CUSTOMER-002740,Final Inspection Passed,2023-12-21T20:51:00Z,commercial_document,FF-R-00033850,USR-008,"[""FF-CUSTOMER-002740"",""FF-WORKORDER-000240""]"
FF-CUSTOMER-002769,Rework Ordered,2023-12-21T21:47:00Z,fulfilment_record,FF-R-00033860,USR-118,"[""FF-CUSTOMER-002769"",""FF-ENGINEERINGCHANGE-000269"",""FF-PURCHASEORDER-000269""]"
FF-CUSTOMER-002745,Final Inspection Failed,2023-12-22T10:00:00Z,engineering_execution,FF-R-00033908,USR-094,"[""FF-CUSTOMER-002745"",""FF-OPERATION-000245"",""FF-GOODSRECEIPT-000245""]"
FF-CUSTOMER-002745,Rework Ordered,2023-12-22T10:37:00Z,fulfilment_record,FF-R-00033909,USR-091,"[""FF-CUSTOMER-002745"",""FF-ENGINEERINGCHANGE-000245""]"
FF-CUSTOMER-002745,Rework Completed,2023-12-22T11:14:00Z,finance_posting,FF-R-00033910,USR-092,"[""FF-CUSTOMER-002745"",""FF-BOMREVISION-000245"",""FF-PURCHASEORDERLINE-000245""]"
FF-CUSTOMER-002745,Final Inspection Passed,2023-12-22T11:51:00Z,commercial_document,FF-R-00033911,USR-093,"[""FF-CUSTOMER-002745"",""FF-WORKORDER-000245""]"
FF-CUSTOMER-002750,Final Inspection Failed,2023-12-23T01:00:00Z,engineering_execution,FF-R-00033964,USR-052,"[""FF-CUSTOMER-002750"",""FF-OPERATION-000250""]"
FF-CUSTOMER-002750,Rework Ordered,2023-12-23T01:37:00Z,fulfilment_record,FF-R-00033965,USR-049,"[""FF-CUSTOMER-002750"",""FF-ENGINEERINGCHANGE-000250""]"
FF-CUSTOMER-002750,Rework Completed,2023-12-23T02:14:00Z,finance_posting,FF-R-00033966,USR-050,"[""FF-CUSTOMER-002750"",""FF-BOMREVISION-000250""]"
FF-CUSTOMER-002750,Final Inspection Passed,2023-12-23T02:51:00Z,commercial_document,FF-R-00033967,USR-051,"[""FF-CUSTOMER-002750"",""FF-WORKORDER-000250"",""FF-SUPPLIER-000250""]"
FF-CUSTOMER-002774,Final Inspection Failed,2023-12-23T06:02:00Z,engineering_execution,FF-R-00033980,USR-079,"[""FF-CUSTOMER-002774"",""FF-OPERATION-000274""]"
FF-CUSTOMER-002755,Final Inspection Failed,2023-12-23T16:00:00Z,engineering_execution,FF-R-00034031,USR-010,"[""FF-CUSTOMER-002755"",""FF-OPERATION-000255""]"
FF-CUSTOMER-002755,Rework Ordered,2023-12-23T16:37:00Z,fulfilment_record,FF-R-00034032,USR-007,"[""FF-CUSTOMER-002755"",""FF-ENGINEERINGCHANGE-000255"",""FF-PURCHASEORDER-000255""]"
FF-CUSTOMER-002755,Rework Completed,2023-12-23T17:14:00Z,finance_posting,FF-R-00034033,USR-008,"[""FF-CUSTOMER-002755"",""FF-BOMREVISION-000255""]"
FF-CUSTOMER-002755,Final Inspection Passed,2023-12-23T17:51:00Z,commercial_document,FF-R-00034034,USR-009,"[""FF-CUSTOMER-002755"",""FF-WORKORDER-000255""]"
FF-CUSTOMER-002780,Final Inspection Passed,2023-12-23T18:07:00Z,commercial_document,FF-R-00034036,USR-053,"[""FF-CUSTOMER-002780"",""FF-WORKORDER-000280""]"
FF-CUSTOMER-002788,Rework Ordered,2023-12-24T06:13:00Z,fulfilment_record,FF-R-00034078,USR-060,"[""FF-CUSTOMER-002788"",""FF-ENGINEERINGCHANGE-000288""]"
FF-CUSTOMER-002760,Final Inspection Failed,2023-12-24T07:00:00Z,engineering_execution,FF-R-00034089,USR-095,"[""FF-CUSTOMER-002760"",""FF-OPERATION-000260""]"
FF-CUSTOMER-002760,Rework Ordered,2023-12-24T07:37:00Z,fulfilment_record,FF-R-00034090,USR-092,"[""FF-CUSTOMER-002760"",""FF-ENGINEERINGCHANGE-000260"",""FF-PURCHASEORDER-000260""]"
FF-CUSTOMER-002760,Rework Completed,2023-12-24T08:14:00Z,finance_posting,FF-R-00034091,USR-093,"[""FF-CUSTOMER-002760"",""FF-BOMREVISION-000260""]"
FF-CUSTOMER-002760,Final Inspection Passed,2023-12-24T08:51:00Z,commercial_document,FF-R-00034092,USR-094,"[""FF-CUSTOMER-002760"",""FF-WORKORDER-000260"",""FF-SUPPLIER-000260""]"
FF-CUSTOMER-002788,Rework Completed,2023-12-24T12:14:00Z,finance_posting,FF-R-00034103,USR-061,"[""FF-CUSTOMER-002788"",""FF-BOMREVISION-000288"",""FF-PURCHASEORDERLINE-000288""]"
FF-CUSTOMER-002765,Final Inspection Failed,2023-12-24T22:00:00Z,engineering_execution,FF-R-00034149,USR-053,"[""FF-CUSTOMER-002765"",""FF-OPERATION-000265""]"
FF-CUSTOMER-002765,Rework Ordered,2023-12-24T22:37:00Z,fulfilment_record,FF-R-00034150,USR-050,"[""FF-CUSTOMER-002765"",""FF-ENGINEERINGCHANGE-000265"",""FF-PURCHASEORDER-000265""]"
FF-CUSTOMER-002765,Rework Completed,2023-12-24T23:14:00Z,finance_posting,FF-R-00034151,USR-051,"[""FF-CUSTOMER-002765"",""FF-BOMREVISION-000265""]"
FF-CUSTOMER-002765,Final Inspection Passed,2023-12-24T23:51:00Z,commercial_document,FF-R-00034152,USR-052,"[""FF-CUSTOMER-002765"",""FF-WORKORDER-000265""]"
FF-CUSTOMER-002770,Final Inspection Failed,2023-12-25T13:00:00Z,engineering_execution,FF-R-00034208,USR-011,"[""FF-CUSTOMER-002770"",""FF-OPERATION-000270""]"
FF-CUSTOMER-002770,Rework Ordered,2023-12-25T13:37:00Z,fulfilment_record,FF-R-00034209,USR-008,"[""FF-CUSTOMER-002770"",""FF-ENGINEERINGCHANGE-000270"",""FF-PURCHASEORDER-000270""]"
FF-CUSTOMER-002770,Rework Completed,2023-12-25T14:14:00Z,finance_posting,FF-R-00034210,USR-009,"[""FF-CUSTOMER-002770"",""FF-BOMREVISION-000270""]"
FF-CUSTOMER-002770,Final Inspection Passed,2023-12-25T14:51:00Z,commercial_document,FF-R-00034211,USR-010,"[""FF-CUSTOMER-002770"",""FF-WORKORDER-000270"",""FF-SUPPLIER-000270""]"
FF-CUSTOMER-002775,Final Inspection Failed,2023-12-26T04:00:00Z,engineering_execution,FF-R-00034270,USR-096,"[""FF-CUSTOMER-002775"",""FF-OPERATION-000275""]"
FF-CUSTOMER-002775,Rework Ordered,2023-12-26T04:37:00Z,fulfilment_record,FF-R-00034271,USR-093,"[""FF-CUSTOMER-002775"",""FF-ENGINEERINGCHANGE-000275""]"
FF-CUSTOMER-002775,Rework Completed,2023-12-26T05:14:00Z,finance_posting,FF-R-00034272,USR-094,"[""FF-CUSTOMER-002775"",""FF-BOMREVISION-000275""]"
FF-CUSTOMER-002775,Final Inspection Passed,2023-12-26T05:51:00Z,commercial_document,FF-R-00034273,USR-095,"[""FF-CUSTOMER-002775"",""FF-WORKORDER-000275"",""FF-SUPPLIER-000275""]"
FF-CUSTOMER-002807,Rework Ordered,2023-12-26T15:32:00Z,fulfilment_record,FF-R-00034316,USR-002,"[""FF-CUSTOMER-002807"",""FF-ENGINEERINGCHANGE-000307""]"
FF-CUSTOMER-002780,Final Inspection Failed,2023-12-26T19:00:00Z,engineering_execution,FF-R-00034329,USR-054,"[""FF-CUSTOMER-002780"",""FF-OPERATION-000280""]"
FF-CUSTOMER-002780,Rework Ordered,2023-12-26T19:37:00Z,fulfilment_record,FF-R-00034330,USR-051,"[""FF-CUSTOMER-002780"",""FF-ENGINEERINGCHANGE-000280"",""FF-PURCHASEORDER-000280""]"
FF-CUSTOMER-002780,Rework Completed,2023-12-26T20:14:00Z,finance_posting,FF-R-00034331,USR-052,"[""FF-CUSTOMER-002780"",""FF-BOMREVISION-000280""]"
FF-CUSTOMER-002780,Final Inspection Passed,2023-12-26T20:51:00Z,commercial_document,FF-R-00034332,USR-053,"[""FF-CUSTOMER-002780"",""FF-WORKORDER-000280""]"
FF-CUSTOMER-002805,Final Inspection Failed,2023-12-27T03:33:00Z,engineering_execution,FF-R-00034364,USR-098,"[""FF-CUSTOMER-002805"",""FF-OPERATION-000305""]"
FF-CUSTOMER-002809,Final Inspection Passed,2023-12-27T09:36:00Z,commercial_document,FF-R-00034385,USR-038,"[""FF-CUSTOMER-002809"",""FF-WORKORDER-000309""]"
FF-CUSTOMER-002811,Rework Completed,2023-12-27T09:37:00Z,finance_posting,FF-R-00034386,USR-071,"[""FF-CUSTOMER-002811"",""FF-BOMREVISION-000311""]"
FF-CUSTOMER-002785,Final Inspection Failed,2023-12-27T10:00:00Z,engineering_execution,FF-R-00034388,USR-012,"[""FF-CUSTOMER-002785"",""FF-OPERATION-000285"",""FF-GOODSRECEIPT-000285""]"
FF-CUSTOMER-002785,Rework Ordered,2023-12-27T10:37:00Z,fulfilment_record,FF-R-00034389,USR-009,"[""FF-CUSTOMER-002785"",""FF-ENGINEERINGCHANGE-000285""]"
FF-CUSTOMER-002785,Rework Completed,2023-12-27T11:14:00Z,finance_posting,FF-R-00034390,USR-010,"[""FF-CUSTOMER-002785"",""FF-BOMREVISION-000285"",""FF-PURCHASEORDERLINE-000285""]"
FF-CUSTOMER-002785,Final Inspection Passed,2023-12-27T11:51:00Z,commercial_document,FF-R-00034391,USR-011,"[""FF-CUSTOMER-002785"",""FF-WORKORDER-000285""]"
FF-CUSTOMER-002790,Final Inspection Failed,2023-12-28T01:00:00Z,engineering_execution,FF-R-00034449,USR-097,"[""FF-CUSTOMER-002790"",""FF-OPERATION-000290""]"
FF-CUSTOMER-002790,Rework Ordered,2023-12-28T01:37:00Z,fulfilment_record,FF-R-00034450,USR-094,"[""FF-CUSTOMER-002790"",""FF-ENGINEERINGCHANGE-000290""]"
FF-CUSTOMER-002790,Rework Completed,2023-12-28T02:14:00Z,finance_posting,FF-R-00034451,USR-095,"[""FF-CUSTOMER-002790"",""FF-BOMREVISION-000290""]"
FF-CUSTOMER-002790,Final Inspection Passed,2023-12-28T02:51:00Z,commercial_document,FF-R-00034452,USR-096,"[""FF-CUSTOMER-002790"",""FF-WORKORDER-000290"",""FF-SUPPLIER-000290""]"
FF-CUSTOMER-002795,Final Inspection Failed,2023-12-28T16:00:00Z,engineering_execution,FF-R-00034509,USR-055,"[""FF-CUSTOMER-002795"",""FF-OPERATION-000295""]"
FF-CUSTOMER-002795,Rework Ordered,2023-12-28T16:37:00Z,fulfilment_record,FF-R-00034510,USR-052,"[""FF-CUSTOMER-002795"",""FF-ENGINEERINGCHANGE-000295"",""FF-PURCHASEORDER-000295""]"
FF-CUSTOMER-002795,Rework Completed,2023-12-28T17:14:00Z,finance_posting,FF-R-00034511,USR-053,"[""FF-CUSTOMER-002795"",""FF-BOMREVISION-000295""]"
FF-CUSTOMER-002795,Final Inspection Passed,2023-12-28T17:51:00Z,commercial_document,FF-R-00034512,USR-054,"[""FF-CUSTOMER-002795"",""FF-WORKORDER-000295""]"
FF-CUSTOMER-002826,Rework Ordered,2023-12-29T00:51:00Z,fulfilment_record,FF-R-00034547,USR-071,"[""FF-CUSTOMER-002826"",""FF-ENGINEERINGCHANGE-000326"",""FF-PURCHASEORDER-000326""]"
FF-CUSTOMER-002800,Final Inspection Failed,2023-12-29T07:00:00Z,engineering_execution,FF-R-00034569,USR-013,"[""FF-CUSTOMER-002800"",""FF-OPERATION-000300""]"
FF-CUSTOMER-002800,Rework Ordered,2023-12-29T07:37:00Z,fulfilment_record,FF-R-00034570,USR-010,"[""FF-CUSTOMER-002800"",""FF-ENGINEERINGCHANGE-000300""]"
FF-CUSTOMER-002800,Rework Completed,2023-12-29T08:14:00Z,finance_posting,FF-R-00034571,USR-011,"[""FF-CUSTOMER-002800"",""FF-BOMREVISION-000300""]"
FF-CUSTOMER-002800,Final Inspection Passed,2023-12-29T08:51:00Z,commercial_document,FF-R-00034572,USR-012,"[""FF-CUSTOMER-002800"",""FF-WORKORDER-000300"",""FF-SUPPLIER-000300""]"
FF-CUSTOMER-002805,Final Inspection Failed,2023-12-29T22:00:00Z,engineering_execution,FF-R-00034629,USR-098,"[""FF-CUSTOMER-002805"",""FF-OPERATION-000305""]"
FF-CUSTOMER-002805,Rework Ordered,2023-12-29T22:37:00Z,fulfilment_record,FF-R-00034630,USR-095,"[""FF-CUSTOMER-002805"",""FF-ENGINEERINGCHANGE-000305""]"
FF-CUSTOMER-002805,Rework Completed,2023-12-29T23:14:00Z,finance_posting,FF-R-00034631,USR-096,"[""FF-CUSTOMER-002805"",""FF-BOMREVISION-000305""]"
FF-CUSTOMER-002805,Final Inspection Passed,2023-12-29T23:51:00Z,commercial_document,FF-R-00034632,USR-097,"[""FF-CUSTOMER-002805"",""FF-WORKORDER-000305"",""FF-SUPPLIER-000305""]"
FF-CUSTOMER-002834,Rework Completed,2023-12-30T06:07:00Z,finance_posting,FF-R-00034656,USR-081,"[""FF-CUSTOMER-002834"",""FF-BOMREVISION-000334"",""FF-PURCHASEORDERLINE-000334""]"
FF-CUSTOMER-002810,Final Inspection Failed,2023-12-30T13:00:00Z,engineering_execution,FF-R-00034693,USR-056,"[""FF-CUSTOMER-002810"",""FF-OPERATION-000310"",""FF-GOODSRECEIPT-000310""]"
FF-CUSTOMER-002810,Rework Ordered,2023-12-30T13:37:00Z,fulfilment_record,FF-R-00034694,USR-053,"[""FF-CUSTOMER-002810"",""FF-ENGINEERINGCHANGE-000310""]"
FF-CUSTOMER-002810,Rework Completed,2023-12-30T14:14:00Z,finance_posting,FF-R-00034695,USR-054,"[""FF-CUSTOMER-002810"",""FF-BOMREVISION-000310"",""FF-PURCHASEORDERLINE-000310""]"
FF-CUSTOMER-002810,Final Inspection Passed,2023-12-30T14:51:00Z,commercial_document,FF-R-00034696,USR-055,"[""FF-CUSTOMER-002810"",""FF-WORKORDER-000310""]"
FF-CUSTOMER-002836,Final Inspection Failed,2023-12-31T00:11:00Z,engineering_execution,FF-R-00034726,USR-117,"[""FF-CUSTOMER-002836"",""FF-OPERATION-000336"",""FF-GOODSRECEIPT-000336""]"
FF-CUSTOMER-002838,Final Inspection Passed,2023-12-31T00:12:00Z,commercial_document,FF-R-00034727,USR-023,"[""FF-CUSTOMER-002838"",""FF-WORKORDER-000338"",""FF-SUPPLIER-000338""]"
FF-CUSTOMER-002815,Final Inspection Failed,2023-12-31T04:00:00Z,engineering_execution,FF-R-00034749,USR-014,"[""FF-CUSTOMER-002815"",""FF-OPERATION-000315""]"
FF-CUSTOMER-002815,Rework Ordered,2023-12-31T04:37:00Z,fulfilment_record,FF-R-00034750,USR-011,"[""FF-CUSTOMER-002815"",""FF-ENGINEERINGCHANGE-000315"",""FF-PURCHASEORDER-000315""]"
FF-CUSTOMER-002815,Rework Completed,2023-12-31T05:14:00Z,finance_posting,FF-R-00034751,USR-012,"[""FF-CUSTOMER-002815"",""FF-BOMREVISION-000315""]"
FF-CUSTOMER-002815,Final Inspection Passed,2023-12-31T05:51:00Z,commercial_document,FF-R-00034752,USR-013,"[""FF-CUSTOMER-002815"",""FF-WORKORDER-000315"",""FF-SUPPLIER-000315""]"
FF-CUSTOMER-002845,Rework Ordered,2023-12-31T09:17:00Z,fulfilment_record,FF-R-00034765,USR-013,"[""FF-CUSTOMER-002845"",""FF-ENGINEERINGCHANGE-000345""]"
FF-CUSTOMER-002820,Final Inspection Failed,2023-12-31T19:00:00Z,engineering_execution,FF-R-00034811,USR-099,"[""FF-CUSTOMER-002820"",""FF-OPERATION-000320"",""FF-GOODSRECEIPT-000320""]"
FF-CUSTOMER-002820,Rework Ordered,2023-12-31T19:37:00Z,fulfilment_record,FF-R-00034812,USR-096,"[""FF-CUSTOMER-002820"",""FF-ENGINEERINGCHANGE-000320""]"
FF-CUSTOMER-002820,Rework Completed,2023-12-31T20:14:00Z,finance_posting,FF-R-00034813,USR-097,"[""FF-CUSTOMER-002820"",""FF-BOMREVISION-000320"",""FF-PURCHASEORDERLINE-000320""]"
FF-CUSTOMER-002820,Final Inspection Passed,2023-12-31T20:51:00Z,commercial_document,FF-R-00034814,USR-098,"[""FF-CUSTOMER-002820"",""FF-WORKORDER-000320""]"
FF-CUSTOMER-002825,Final Inspection Failed,2024-01-01T10:00:00Z,engineering_execution,FF-R-00034871,USR-057,"[""FF-CUSTOMER-002825"",""FF-OPERATION-000325"",""FF-GOODSRECEIPT-000325""]"
FF-CUSTOMER-002825,Rework Ordered,2024-01-01T10:37:00Z,fulfilment_record,FF-R-00034872,USR-054,"[""FF-CUSTOMER-002825"",""FF-ENGINEERINGCHANGE-000325""]"
FF-CUSTOMER-002825,Rework Completed,2024-01-01T11:14:00Z,finance_posting,FF-R-00034873,USR-055,"[""FF-CUSTOMER-002825"",""FF-BOMREVISION-000325"",""FF-PURCHASEORDERLINE-000325""]"
FF-CUSTOMER-002825,Final Inspection Passed,2024-01-01T11:51:00Z,commercial_document,FF-R-00034874,USR-056,"[""FF-CUSTOMER-002825"",""FF-WORKORDER-000325""]"
FF-CUSTOMER-002830,Final Inspection Failed,2024-01-02T01:00:00Z,engineering_execution,FF-R-00034932,USR-015,"[""FF-CUSTOMER-002830"",""FF-OPERATION-000330""]"
FF-CUSTOMER-002830,Rework Ordered,2024-01-02T01:37:00Z,fulfilment_record,FF-R-00034933,USR-012,"[""FF-CUSTOMER-002830"",""FF-ENGINEERINGCHANGE-000330"",""FF-PURCHASEORDER-000330""]"
FF-CUSTOMER-002830,Rework Completed,2024-01-02T02:14:00Z,finance_posting,FF-R-00034934,USR-013,"[""FF-CUSTOMER-002830"",""FF-BOMREVISION-000330""]"
FF-CUSTOMER-002830,Final Inspection Passed,2024-01-02T02:51:00Z,commercial_document,FF-R-00034935,USR-014,"[""FF-CUSTOMER-002830"",""FF-WORKORDER-000330""]"
FF-CUSTOMER-002857,Rework Completed,2024-01-02T03:30:00Z,finance_posting,FF-R-00034947,USR-091,"[""FF-CUSTOMER-002857"",""FF-BOMREVISION-000357""]"
FF-CUSTOMER-002835,Final Inspection Failed,2024-01-02T16:00:00Z,engineering_execution,FF-R-00034989,USR-100,"[""FF-CUSTOMER-002835"",""FF-OPERATION-000335""]"
FF-CUSTOMER-002835,Rework Ordered,2024-01-02T16:37:00Z,fulfilment_record,FF-R-00034990,USR-097,"[""FF-CUSTOMER-002835"",""FF-ENGINEERINGCHANGE-000335"",""FF-PURCHASEORDER-000335""]"
FF-CUSTOMER-002835,Rework Completed,2024-01-02T17:14:00Z,finance_posting,FF-R-00034991,USR-098,"[""FF-CUSTOMER-002835"",""FF-BOMREVISION-000335""]"
FF-CUSTOMER-002835,Final Inspection Passed,2024-01-02T17:51:00Z,commercial_document,FF-R-00034992,USR-099,"[""FF-CUSTOMER-002835"",""FF-WORKORDER-000335""]"
FF-CUSTOMER-002864,Rework Ordered,2024-01-02T18:36:00Z,fulfilment_record,FF-R-00035002,USR-082,"[""FF-CUSTOMER-002864"",""FF-ENGINEERINGCHANGE-000364"",""FF-PURCHASEORDER-000364""]"
FF-CUSTOMER-002840,Final Inspection Failed,2024-01-03T07:00:00Z,engineering_execution,FF-R-00035049,USR-058,"[""FF-CUSTOMER-002840"",""FF-OPERATION-000340""]"
FF-CUSTOMER-002840,Rework Ordered,2024-01-03T07:37:00Z,fulfilment_record,FF-R-00035050,USR-055,"[""FF-CUSTOMER-002840"",""FF-ENGINEERINGCHANGE-000340""]"
FF-CUSTOMER-002840,Rework Completed,2024-01-03T08:14:00Z,finance_posting,FF-R-00035051,USR-056,"[""FF-CUSTOMER-002840"",""FF-BOMREVISION-000340""]"
FF-CUSTOMER-002840,Final Inspection Passed,2024-01-03T08:51:00Z,commercial_document,FF-R-00035052,USR-057,"[""FF-CUSTOMER-002840"",""FF-WORKORDER-000340"",""FF-SUPPLIER-000340""]"
FF-CUSTOMER-002867,Final Inspection Passed,2024-01-03T15:41:00Z,commercial_document,FF-R-00035088,USR-008,"[""FF-CUSTOMER-002867"",""FF-WORKORDER-000367"",""FF-SUPPLIER-000367""]"
FF-CUSTOMER-002867,Final Inspection Failed,2024-01-03T21:42:00Z,engineering_execution,FF-R-00035113,USR-009,"[""FF-CUSTOMER-002867"",""FF-OPERATION-000367""]"
FF-CUSTOMER-002845,Final Inspection Failed,2024-01-03T22:00:00Z,engineering_execution,FF-R-00035114,USR-016,"[""FF-CUSTOMER-002845"",""FF-OPERATION-000345"",""FF-GOODSRECEIPT-000345""]"
FF-CUSTOMER-002845,Rework Ordered,2024-01-03T22:37:00Z,fulfilment_record,FF-R-00035115,USR-013,"[""FF-CUSTOMER-002845"",""FF-ENGINEERINGCHANGE-000345""]"
FF-CUSTOMER-002845,Rework Completed,2024-01-03T23:14:00Z,finance_posting,FF-R-00035116,USR-014,"[""FF-CUSTOMER-002845"",""FF-BOMREVISION-000345"",""FF-PURCHASEORDERLINE-000345""]"
FF-CUSTOMER-002845,Final Inspection Passed,2024-01-03T23:51:00Z,commercial_document,FF-R-00035117,USR-015,"[""FF-CUSTOMER-002845"",""FF-WORKORDER-000345""]"
FF-CUSTOMER-002850,Final Inspection Failed,2024-01-04T13:00:00Z,engineering_execution,FF-R-00035169,USR-101,"[""FF-CUSTOMER-002850"",""FF-OPERATION-000350""]"
FF-CUSTOMER-002850,Rework Ordered,2024-01-04T13:37:00Z,fulfilment_record,FF-R-00035170,USR-098,"[""FF-CUSTOMER-002850"",""FF-ENGINEERINGCHANGE-000350"",""FF-PURCHASEORDER-000350""]"
FF-CUSTOMER-002850,Rework Completed,2024-01-04T14:14:00Z,finance_posting,FF-R-00035171,USR-099,"[""FF-CUSTOMER-002850"",""FF-BOMREVISION-000350""]"
FF-CUSTOMER-002850,Final Inspection Passed,2024-01-04T14:51:00Z,commercial_document,FF-R-00035172,USR-100,"[""FF-CUSTOMER-002850"",""FF-WORKORDER-000350"",""FF-SUPPLIER-000350""]"
FF-CUSTOMER-002880,Rework Completed,2024-01-05T00:00:00Z,finance_posting,FF-R-00035210,USR-101,"[""FF-CUSTOMER-002880"",""FF-BOMREVISION-000380""]"
FF-CUSTOMER-002883,Rework Ordered,2024-01-05T03:02:00Z,fulfilment_record,FF-R-00035221,USR-024,"[""FF-CUSTOMER-002883"",""FF-ENGINEERINGCHANGE-000383"",""FF-PURCHASEORDER-000383""]"
FF-CUSTOMER-002855,Final Inspection Failed,2024-01-05T04:00:00Z,engineering_execution,FF-R-00035232,USR-059,"[""FF-CUSTOMER-002855"",""FF-OPERATION-000355"",""FF-GOODSRECEIPT-000355""]"
FF-CUSTOMER-002855,Rework Ordered,2024-01-05T04:37:00Z,fulfilment_record,FF-R-00035233,USR-056,"[""FF-CUSTOMER-002855"",""FF-ENGINEERINGCHANGE-000355""]"
FF-CUSTOMER-002855,Rework Completed,2024-01-05T05:14:00Z,finance_posting,FF-R-00035234,USR-057,"[""FF-CUSTOMER-002855"",""FF-BOMREVISION-000355"",""FF-PURCHASEORDERLINE-000355""]"
FF-CUSTOMER-002855,Final Inspection Passed,2024-01-05T05:51:00Z,commercial_document,FF-R-00035235,USR-058,"[""FF-CUSTOMER-002855"",""FF-WORKORDER-000355""]"
FF-CUSTOMER-002860,Final Inspection Failed,2024-01-05T19:00:00Z,engineering_execution,FF-R-00035292,USR-017,"[""FF-CUSTOMER-002860"",""FF-OPERATION-000360""]"
FF-CUSTOMER-002860,Rework Ordered,2024-01-05T19:37:00Z,fulfilment_record,FF-R-00035293,USR-014,"[""FF-CUSTOMER-002860"",""FF-ENGINEERINGCHANGE-000360"",""FF-PURCHASEORDER-000360""]"
FF-CUSTOMER-002860,Rework Completed,2024-01-05T20:14:00Z,finance_posting,FF-R-00035294,USR-015,"[""FF-CUSTOMER-002860"",""FF-BOMREVISION-000360""]"
FF-CUSTOMER-002860,Final Inspection Passed,2024-01-05T20:51:00Z,commercial_document,FF-R-00035295,USR-016,"[""FF-CUSTOMER-002860"",""FF-WORKORDER-000360"",""FF-SUPPLIER-000360""]"
FF-CUSTOMER-002865,Final Inspection Failed,2024-01-06T10:00:00Z,engineering_execution,FF-R-00035352,USR-102,"[""FF-CUSTOMER-002865"",""FF-OPERATION-000365"",""FF-GOODSRECEIPT-000365""]"
FF-CUSTOMER-002865,Rework Ordered,2024-01-06T10:37:00Z,fulfilment_record,FF-R-00035353,USR-099,"[""FF-CUSTOMER-002865"",""FF-ENGINEERINGCHANGE-000365""]"
FF-CUSTOMER-002865,Rework Completed,2024-01-06T11:14:00Z,finance_posting,FF-R-00035354,USR-100,"[""FF-CUSTOMER-002865"",""FF-BOMREVISION-000365"",""FF-PURCHASEORDERLINE-000365""]"
FF-CUSTOMER-002865,Final Inspection Passed,2024-01-06T11:51:00Z,commercial_document,FF-R-00035355,USR-101,"[""FF-CUSTOMER-002865"",""FF-WORKORDER-000365""]"
FF-CUSTOMER-002870,Final Inspection Failed,2024-01-07T01:00:00Z,engineering_execution,FF-R-00035413,USR-060,"[""FF-CUSTOMER-002870"",""FF-OPERATION-000370""]"
FF-CUSTOMER-002870,Rework Ordered,2024-01-07T01:37:00Z,fulfilment_record,FF-R-00035414,USR-057,"[""FF-CUSTOMER-002870"",""FF-ENGINEERINGCHANGE-000370""]"
FF-CUSTOMER-002870,Rework Completed,2024-01-07T02:14:00Z,finance_posting,FF-R-00035415,USR-058,"[""FF-CUSTOMER-002870"",""FF-BOMREVISION-000370""]"
FF-CUSTOMER-002870,Final Inspection Passed,2024-01-07T02:51:00Z,commercial_document,FF-R-00035416,USR-059,"[""FF-CUSTOMER-002870"",""FF-WORKORDER-000370"",""FF-SUPPLIER-000370""]"
FF-CUSTOMER-002896,Final Inspection Passed,2024-01-07T06:17:00Z,commercial_document,FF-R-00035429,USR-120,"[""FF-CUSTOMER-002896"",""FF-WORKORDER-000396""]"
FF-CUSTOMER-002902,Rework Ordered,2024-01-07T12:21:00Z,fulfilment_record,FF-R-00035454,USR-093,"[""FF-CUSTOMER-002902"",""FF-ENGINEERINGCHANGE-000402"",""FF-PURCHASEORDER-000402""]"
FF-CUSTOMER-002875,Final Inspection Failed,2024-01-07T16:00:00Z,engineering_execution,FF-R-00035474,USR-018,"[""FF-CUSTOMER-002875"",""FF-OPERATION-000375"",""FF-GOODSRECEIPT-000375""]"
FF-CUSTOMER-002875,Rework Ordered,2024-01-07T16:37:00Z,fulfilment_record,FF-R-00035475,USR-015,"[""FF-CUSTOMER-002875"",""FF-ENGINEERINGCHANGE-000375""]"
FF-CUSTOMER-002875,Rework Completed,2024-01-07T17:14:00Z,finance_posting,FF-R-00035476,USR-016,"[""FF-CUSTOMER-002875"",""FF-BOMREVISION-000375"",""FF-PURCHASEORDERLINE-000375""]"
FF-CUSTOMER-002875,Final Inspection Passed,2024-01-07T17:51:00Z,commercial_document,FF-R-00035477,USR-017,"[""FF-CUSTOMER-002875"",""FF-WORKORDER-000375""]"
FF-CUSTOMER-002898,Final Inspection Failed,2024-01-07T18:20:00Z,engineering_execution,FF-R-00035484,USR-028,"[""FF-CUSTOMER-002898"",""FF-OPERATION-000398""]"
FF-CUSTOMER-002903,Rework Completed,2024-01-07T21:23:00Z,finance_posting,FF-R-00035496,USR-111,"[""FF-CUSTOMER-002903"",""FF-BOMREVISION-000403"",""FF-PURCHASEORDERLINE-000403""]"
FF-CUSTOMER-002880,Final Inspection Failed,2024-01-08T07:00:00Z,engineering_execution,FF-R-00035533,USR-103,"[""FF-CUSTOMER-002880"",""FF-OPERATION-000380""]"
FF-CUSTOMER-002880,Rework Ordered,2024-01-08T07:37:00Z,fulfilment_record,FF-R-00035534,USR-100,"[""FF-CUSTOMER-002880"",""FF-ENGINEERINGCHANGE-000380"",""FF-PURCHASEORDER-000380""]"
FF-CUSTOMER-002880,Rework Completed,2024-01-08T08:14:00Z,finance_posting,FF-R-00035535,USR-101,"[""FF-CUSTOMER-002880"",""FF-BOMREVISION-000380""]"
FF-CUSTOMER-002880,Final Inspection Passed,2024-01-08T08:51:00Z,commercial_document,FF-R-00035536,USR-102,"[""FF-CUSTOMER-002880"",""FF-WORKORDER-000380""]"
FF-CUSTOMER-002885,Final Inspection Failed,2024-01-08T22:00:00Z,engineering_execution,FF-R-00035595,USR-061,"[""FF-CUSTOMER-002885"",""FF-OPERATION-000385""]"
FF-CUSTOMER-002885,Rework Ordered,2024-01-08T22:37:00Z,fulfilment_record,FF-R-00035596,USR-058,"[""FF-CUSTOMER-002885"",""FF-ENGINEERINGCHANGE-000385"",""FF-PURCHASEORDER-000385""]"
FF-CUSTOMER-002885,Rework Completed,2024-01-08T23:14:00Z,finance_posting,FF-R-00035597,USR-059,"[""FF-CUSTOMER-002885"",""FF-BOMREVISION-000385""]"
FF-CUSTOMER-002885,Final Inspection Passed,2024-01-08T23:51:00Z,commercial_document,FF-R-00035598,USR-060,"[""FF-CUSTOMER-002885"",""FF-WORKORDER-000385""]"
FF-CUSTOMER-002890,Final Inspection Failed,2024-01-09T13:00:00Z,engineering_execution,FF-R-00035653,USR-019,"[""FF-CUSTOMER-002890"",""FF-OPERATION-000390"",""FF-GOODSRECEIPT-000390""]"
FF-CUSTOMER-002890,Rework Ordered,2024-01-09T13:37:00Z,fulfilment_record,FF-R-00035654,USR-016,"[""FF-CUSTOMER-002890"",""FF-ENGINEERINGCHANGE-000390""]"
FF-CUSTOMER-002890,Rework Completed,2024-01-09T14:14:00Z,finance_posting,FF-R-00035655,USR-017,"[""FF-CUSTOMER-002890"",""FF-BOMREVISION-000390"",""FF-PURCHASEORDERLINE-000390""]"
FF-CUSTOMER-002890,Final Inspection Passed,2024-01-09T14:51:00Z,commercial_document,FF-R-00035656,USR-018,"[""FF-CUSTOMER-002890"",""FF-WORKORDER-000390""]"
FF-CUSTOMER-002921,Rework Ordered,2024-01-09T21:40:00Z,fulfilment_record,FF-R-00035690,USR-035,"[""FF-CUSTOMER-002921"",""FF-ENGINEERINGCHANGE-000421""]"
FF-CUSTOMER-002895,Final Inspection Failed,2024-01-10T04:00:00Z,engineering_execution,FF-R-00035711,USR-104,"[""FF-CUSTOMER-002895"",""FF-OPERATION-000395"",""FF-GOODSRECEIPT-000395""]"
FF-CUSTOMER-002895,Rework Ordered,2024-01-10T04:37:00Z,fulfilment_record,FF-R-00035712,USR-101,"[""FF-CUSTOMER-002895"",""FF-ENGINEERINGCHANGE-000395""]"
FF-CUSTOMER-002895,Rework Completed,2024-01-10T05:14:00Z,finance_posting,FF-R-00035713,USR-102,"[""FF-CUSTOMER-002895"",""FF-BOMREVISION-000395"",""FF-PURCHASEORDERLINE-000395""]"
FF-CUSTOMER-002895,Final Inspection Passed,2024-01-10T05:51:00Z,commercial_document,FF-R-00035714,USR-103,"[""FF-CUSTOMER-002895"",""FF-WORKORDER-000395""]"
FF-CUSTOMER-002926,Rework Completed,2024-01-10T18:46:00Z,finance_posting,FF-R-00035771,USR-121,"[""FF-CUSTOMER-002926"",""FF-BOMREVISION-000426"",""FF-PURCHASEORDERLINE-000426""]"
FF-CUSTOMER-002900,Final Inspection Failed,2024-01-10T19:00:00Z,engineering_execution,FF-R-00035772,USR-062,"[""FF-CUSTOMER-002900"",""FF-OPERATION-000400""]"
FF-CUSTOMER-002900,Rework Ordered,2024-01-10T19:37:00Z,fulfilment_record,FF-R-00035773,USR-059,"[""FF-CUSTOMER-002900"",""FF-ENGINEERINGCHANGE-000400""]"
FF-CUSTOMER-002900,Rework Completed,2024-01-10T20:14:00Z,finance_posting,FF-R-00035774,USR-060,"[""FF-CUSTOMER-002900"",""FF-BOMREVISION-000400""]"
FF-CUSTOMER-002900,Final Inspection Passed,2024-01-10T20:51:00Z,commercial_document,FF-R-00035775,USR-061,"[""FF-CUSTOMER-002900"",""FF-WORKORDER-000400"",""FF-SUPPLIER-000400""]"
FF-CUSTOMER-002925,Final Inspection Passed,2024-01-10T21:46:00Z,commercial_document,FF-R-00035790,USR-105,"[""FF-CUSTOMER-002925"",""FF-WORKORDER-000425""]"
FF-CUSTOMER-002905,Final Inspection Failed,2024-01-11T10:00:00Z,engineering_execution,FF-R-00035830,USR-020,"[""FF-CUSTOMER-002905"",""FF-OPERATION-000405""]"
FF-CUSTOMER-002905,Rework Ordered,2024-01-11T10:37:00Z,fulfilment_record,FF-R-00035831,USR-017,"[""FF-CUSTOMER-002905"",""FF-ENGINEERINGCHANGE-000405"",""FF-PURCHASEORDER-000405""]"
FF-CUSTOMER-002905,Rework Completed,2024-01-11T11:14:00Z,finance_posting,FF-R-00035832,USR-018,"[""FF-CUSTOMER-002905"",""FF-BOMREVISION-000405""]"
FF-CUSTOMER-002905,Final Inspection Passed,2024-01-11T11:51:00Z,commercial_document,FF-R-00035833,USR-019,"[""FF-CUSTOMER-002905"",""FF-WORKORDER-000405"",""FF-SUPPLIER-000405""]"
FF-CUSTOMER-002929,Final Inspection Failed,2024-01-11T15:51:00Z,engineering_execution,FF-R-00035858,USR-047,"[""FF-CUSTOMER-002929"",""FF-OPERATION-000429"",""FF-GOODSRECEIPT-000429""]"
FF-CUSTOMER-002910,Final Inspection Failed,2024-01-12T01:00:00Z,engineering_execution,FF-R-00035882,USR-105,"[""FF-CUSTOMER-002910"",""FF-OPERATION-000410""]"
FF-CUSTOMER-002910,Rework Ordered,2024-01-12T01:37:00Z,fulfilment_record,FF-R-00035883,USR-102,"[""FF-CUSTOMER-002910"",""FF-ENGINEERINGCHANGE-000410""]"
FF-CUSTOMER-002910,Rework Completed,2024-01-12T02:14:00Z,finance_posting,FF-R-00035884,USR-103,"[""FF-CUSTOMER-002910"",""FF-BOMREVISION-000410""]"
FF-CUSTOMER-002910,Final Inspection Passed,2024-01-12T02:51:00Z,commercial_document,FF-R-00035885,USR-104,"[""FF-CUSTOMER-002910"",""FF-WORKORDER-000410"",""FF-SUPPLIER-000410""]"
FF-CUSTOMER-002940,Rework Ordered,2024-01-12T06:06:00Z,fulfilment_record,FF-R-00035893,USR-104,"[""FF-CUSTOMER-002940"",""FF-ENGINEERINGCHANGE-000440""]"
FF-CUSTOMER-002915,Final Inspection Failed,2024-01-12T16:00:00Z,engineering_execution,FF-R-00035918,USR-063,"[""FF-CUSTOMER-002915"",""FF-OPERATION-000415""]"
FF-CUSTOMER-002915,Rework Ordered,2024-01-12T16:37:00Z,fulfilment_record,FF-R-00035919,USR-060,"[""FF-CUSTOMER-002915"",""FF-ENGINEERINGCHANGE-000415"",""FF-PURCHASEORDER-000415""]"
FF-CUSTOMER-002915,Rework Completed,2024-01-12T17:14:00Z,finance_posting,FF-R-00035920,USR-061,"[""FF-CUSTOMER-002915"",""FF-BOMREVISION-000415""]"
FF-CUSTOMER-002915,Final Inspection Passed,2024-01-12T17:51:00Z,commercial_document,FF-R-00035921,USR-062,"[""FF-CUSTOMER-002915"",""FF-WORKORDER-000415"",""FF-SUPPLIER-000415""]"
FF-CUSTOMER-002920,Final Inspection Failed,2024-01-13T07:00:00Z,engineering_execution,FF-R-00035947,USR-021,"[""FF-CUSTOMER-002920"",""FF-OPERATION-000420"",""FF-GOODSRECEIPT-000420""]"
FF-CUSTOMER-002920,Rework Ordered,2024-01-13T07:37:00Z,fulfilment_record,FF-R-00035948,USR-018,"[""FF-CUSTOMER-002920"",""FF-ENGINEERINGCHANGE-000420""]"
FF-CUSTOMER-002920,Rework Completed,2024-01-13T08:14:00Z,finance_posting,FF-R-00035949,USR-019,"[""FF-CUSTOMER-002920"",""FF-BOMREVISION-000420"",""FF-PURCHASEORDERLINE-000420""]"
FF-CUSTOMER-002920,Final Inspection Passed,2024-01-13T08:51:00Z,commercial_document,FF-R-00035950,USR-020,"[""FF-CUSTOMER-002920"",""FF-WORKORDER-000420""]"
FF-CUSTOMER-002949,Rework Completed,2024-01-13T15:16:00Z,finance_posting,FF-R-00035958,USR-004,"[""FF-CUSTOMER-002949"",""FF-BOMREVISION-000449""]"
FF-CUSTOMER-002925,Final Inspection Failed,2024-01-13T22:00:00Z,engineering_execution,FF-R-00035965,USR-106,"[""FF-CUSTOMER-002925"",""FF-OPERATION-000425""]"
FF-CUSTOMER-002925,Rework Ordered,2024-01-13T22:37:00Z,fulfilment_record,FF-R-00035966,USR-103,"[""FF-CUSTOMER-002925"",""FF-ENGINEERINGCHANGE-000425"",""FF-PURCHASEORDER-000425""]"
FF-CUSTOMER-002925,Rework Completed,2024-01-13T23:14:00Z,finance_posting,FF-R-00035967,USR-104,"[""FF-CUSTOMER-002925"",""FF-BOMREVISION-000425""]"
FF-CUSTOMER-002925,Final Inspection Passed,2024-01-13T23:51:00Z,commercial_document,FF-R-00035968,USR-105,"[""FF-CUSTOMER-002925"",""FF-WORKORDER-000425""]"
FF-CUSTOMER-002954,Final Inspection Passed,2024-01-14T12:22:00Z,commercial_document,FF-R-00035980,USR-090,"[""FF-CUSTOMER-002954"",""FF-WORKORDER-000454"",""FF-SUPPLIER-000454""]"
FF-CUSTOMER-002930,Final Inspection Failed,2024-01-14T13:00:00Z,engineering_execution,FF-R-00035982,USR-064,"[""FF-CUSTOMER-002930"",""FF-OPERATION-000430""]"
FF-CUSTOMER-002930,Rework Ordered,2024-01-14T13:37:00Z,fulfilment_record,FF-R-00035983,USR-061,"[""FF-CUSTOMER-002930"",""FF-ENGINEERINGCHANGE-000430"",""FF-PURCHASEORDER-000430""]"
FF-CUSTOMER-002930,Rework Completed,2024-01-14T14:14:00Z,finance_posting,FF-R-00035984,USR-062,"[""FF-CUSTOMER-002930"",""FF-BOMREVISION-000430""]"
FF-CUSTOMER-002930,Final Inspection Passed,2024-01-14T14:51:00Z,commercial_document,FF-R-00035985,USR-063,"[""FF-CUSTOMER-002930"",""FF-WORKORDER-000430"",""FF-SUPPLIER-000430""]"
FF-CUSTOMER-002959,Rework Ordered,2024-01-14T15:25:00Z,fulfilment_record,FF-R-00035986,USR-046,"[""FF-CUSTOMER-002959"",""FF-ENGINEERINGCHANGE-000459""]"
FF-CUSTOMER-002935,Final Inspection Failed,2024-01-15T04:00:00Z,engineering_execution,FF-R-00035993,USR-022,"[""FF-CUSTOMER-002935"",""FF-OPERATION-000435""]"
FF-CUSTOMER-002935,Rework Ordered,2024-01-15T04:37:00Z,fulfilment_record,FF-R-00035994,USR-019,"[""FF-CUSTOMER-002935"",""FF-ENGINEERINGCHANGE-000435""]"
FF-CUSTOMER-002935,Rework Completed,2024-01-15T05:14:00Z,finance_posting,FF-R-00035995,USR-020,"[""FF-CUSTOMER-002935"",""FF-BOMREVISION-000435""]"
FF-CUSTOMER-002935,Final Inspection Passed,2024-01-15T05:51:00Z,commercial_document,FF-R-00035996,USR-021,"[""FF-CUSTOMER-002935"",""FF-WORKORDER-000435"",""FF-SUPPLIER-000435""]"
FF-CUSTOMER-002960,Final Inspection Failed,2024-01-15T12:29:00Z,engineering_execution,FF-R-00035999,USR-066,"[""FF-CUSTOMER-002960"",""FF-OPERATION-000460""]"
FF-CUSTOMER-002940,Final Inspection Failed,2024-01-15T19:00:00Z,engineering_execution,FF-R-00036009,USR-107,"[""FF-CUSTOMER-002940"",""FF-OPERATION-000440"",""FF-GOODSRECEIPT-000440""]"
FF-CUSTOMER-002940,Rework Ordered,2024-01-15T19:37:00Z,fulfilment_record,FF-R-00036010,USR-104,"[""FF-CUSTOMER-002940"",""FF-ENGINEERINGCHANGE-000440""]"
FF-CUSTOMER-002940,Rework Completed,2024-01-15T20:14:00Z,finance_posting,FF-R-00036011,USR-105,"[""FF-CUSTOMER-002940"",""FF-BOMREVISION-000440"",""FF-PURCHASEORDERLINE-000440""]"
FF-CUSTOMER-002940,Final Inspection Passed,2024-01-15T20:51:00Z,commercial_document,FF-R-00036012,USR-106,"[""FF-CUSTOMER-002940"",""FF-WORKORDER-000440""]"
FF-CUSTOMER-002945,Final Inspection Failed,2024-01-16T10:00:00Z,engineering_execution,FF-R-00036020,USR-065,"[""FF-CUSTOMER-002945"",""FF-OPERATION-000445""]"
FF-CUSTOMER-002945,Rework Ordered,2024-01-16T10:37:00Z,fulfilment_record,FF-R-00036021,USR-062,"[""FF-CUSTOMER-002945"",""FF-ENGINEERINGCHANGE-000445"",""FF-PURCHASEORDER-000445""]"
FF-CUSTOMER-002945,Rework Completed,2024-01-16T11:14:00Z,finance_posting,FF-R-00036022,USR-063,"[""FF-CUSTOMER-002945"",""FF-BOMREVISION-000445""]"
FF-CUSTOMER-002945,Final Inspection Passed,2024-01-16T11:51:00Z,commercial_document,FF-R-00036023,USR-064,"[""FF-CUSTOMER-002945"",""FF-WORKORDER-000445"",""FF-SUPPLIER-000445""]"
FF-CUSTOMER-002972,Rework Completed,2024-01-16T12:39:00Z,finance_posting,FF-R-00036025,USR-014,"[""FF-CUSTOMER-002972"",""FF-BOMREVISION-000472""]"
FF-CUSTOMER-002978,Rework Ordered,2024-01-17T00:44:00Z,fulfilment_record,FF-R-00036030,USR-115,"[""FF-CUSTOMER-002978"",""FF-ENGINEERINGCHANGE-000478"",""FF-PURCHASEORDER-000478""]"
FF-CUSTOMER-002950,Final Inspection Failed,2024-01-17T01:00:00Z,engineering_execution,FF-R-00036031,USR-023,"[""FF-CUSTOMER-002950"",""FF-OPERATION-000450"",""FF-GOODSRECEIPT-000450""]"
FF-CUSTOMER-002950,Rework Ordered,2024-01-17T01:37:00Z,fulfilment_record,FF-R-00036032,USR-020,"[""FF-CUSTOMER-002950"",""FF-ENGINEERINGCHANGE-000450""]"
FF-CUSTOMER-002950,Rework Completed,2024-01-17T02:14:00Z,finance_posting,FF-R-00036033,USR-021,"[""FF-CUSTOMER-002950"",""FF-BOMREVISION-000450"",""FF-PURCHASEORDERLINE-000450""]"
FF-CUSTOMER-002950,Final Inspection Passed,2024-01-17T02:51:00Z,commercial_document,FF-R-00036034,USR-022,"[""FF-CUSTOMER-002950"",""FF-WORKORDER-000450""]"
FF-CUSTOMER-002955,Final Inspection Failed,2024-01-17T16:00:00Z,engineering_execution,FF-R-00036042,USR-108,"[""FF-CUSTOMER-002955"",""FF-OPERATION-000455""]"
FF-CUSTOMER-002955,Rework Ordered,2024-01-17T16:37:00Z,fulfilment_record,FF-R-00036043,USR-105,"[""FF-CUSTOMER-002955"",""FF-ENGINEERINGCHANGE-000455"",""FF-PURCHASEORDER-000455""]"
FF-CUSTOMER-002955,Rework Completed,2024-01-17T17:14:00Z,finance_posting,FF-R-00036044,USR-106,"[""FF-CUSTOMER-002955"",""FF-BOMREVISION-000455""]"
FF-CUSTOMER-002955,Final Inspection Passed,2024-01-17T17:51:00Z,commercial_document,FF-R-00036045,USR-107,"[""FF-CUSTOMER-002955"",""FF-WORKORDER-000455"",""FF-SUPPLIER-000455""]"
FF-CUSTOMER-002983,Final Inspection Passed,2024-01-18T03:51:00Z,commercial_document,FF-R-00036048,USR-075,"[""FF-CUSTOMER-002983"",""FF-WORKORDER-000483"",""FF-SUPPLIER-000483""]"
FF-CUSTOMER-002960,Final Inspection Failed,2024-01-18T07:00:00Z,engineering_execution,FF-R-00036049,USR-066,"[""FF-CUSTOMER-002960"",""FF-OPERATION-000460""]"
FF-CUSTOMER-002960,Rework Ordered,2024-01-18T07:37:00Z,fulfilment_record,FF-R-00036050,USR-063,"[""FF-CUSTOMER-002960"",""FF-ENGINEERINGCHANGE-000460"",""FF-PURCHASEORDER-000460""]"
FF-CUSTOMER-002960,Rework Completed,2024-01-18T08:14:00Z,finance_posting,FF-R-00036051,USR-064,"[""FF-CUSTOMER-002960"",""FF-BOMREVISION-000460""]"
FF-CUSTOMER-002960,Final Inspection Passed,2024-01-18T08:51:00Z,commercial_document,FF-R-00036052,USR-065,"[""FF-CUSTOMER-002960"",""FF-WORKORDER-000460"",""FF-SUPPLIER-000460""]"
FF-CUSTOMER-002965,Final Inspection Failed,2024-01-18T22:00:00Z,engineering_execution,FF-R-00036063,USR-024,"[""FF-CUSTOMER-002965"",""FF-OPERATION-000465""]"
FF-CUSTOMER-002965,Rework Ordered,2024-01-18T22:37:00Z,fulfilment_record,FF-R-00036064,USR-021,"[""FF-CUSTOMER-002965"",""FF-ENGINEERINGCHANGE-000465"",""FF-PURCHASEORDER-000465""]"
FF-CUSTOMER-002965,Rework Completed,2024-01-18T23:14:00Z,finance_posting,FF-R-00036065,USR-022,"[""FF-CUSTOMER-002965"",""FF-BOMREVISION-000465""]"
FF-CUSTOMER-002965,Final Inspection Passed,2024-01-18T23:51:00Z,commercial_document,FF-R-00036066,USR-023,"[""FF-CUSTOMER-002965"",""FF-WORKORDER-000465""]"
FF-CUSTOMER-002991,Final Inspection Failed,2024-01-19T09:07:00Z,engineering_execution,FF-R-00036068,USR-085,"[""FF-CUSTOMER-002991"",""FF-OPERATION-000491""]"
FF-CUSTOMER-002995,Rework Completed,2024-01-19T09:09:00Z,finance_posting,FF-R-00036069,USR-024,"[""FF-CUSTOMER-002995"",""FF-BOMREVISION-000495""]"
FF-CUSTOMER-002997,Rework Ordered,2024-01-19T09:10:00Z,fulfilment_record,FF-R-00036070,USR-057,"[""FF-CUSTOMER-002997"",""FF-ENGINEERINGCHANGE-000497"",""FF-PURCHASEORDER-000497""]"
FF-CUSTOMER-002970,Final Inspection Failed,2024-01-19T13:00:00Z,engineering_execution,FF-R-00036071,USR-109,"[""FF-CUSTOMER-002970"",""FF-OPERATION-000470"",""FF-GOODSRECEIPT-000470""]"
FF-CUSTOMER-002970,Rework Ordered,2024-01-19T13:37:00Z,fulfilment_record,FF-R-00036072,USR-106,"[""FF-CUSTOMER-002970"",""FF-ENGINEERINGCHANGE-000470""]"
FF-CUSTOMER-002970,Rework Completed,2024-01-19T14:14:00Z,finance_posting,FF-R-00036073,USR-107,"[""FF-CUSTOMER-002970"",""FF-BOMREVISION-000470"",""FF-PURCHASEORDERLINE-000470""]"
FF-CUSTOMER-002970,Final Inspection Passed,2024-01-19T14:51:00Z,commercial_document,FF-R-00036074,USR-108,"[""FF-CUSTOMER-002970"",""FF-WORKORDER-000470""]"
FF-CUSTOMER-002975,Final Inspection Failed,2024-01-20T04:00:00Z,engineering_execution,FF-R-00036077,USR-067,"[""FF-CUSTOMER-002975"",""FF-OPERATION-000475""]"
FF-CUSTOMER-002975,Rework Ordered,2024-01-20T04:37:00Z,fulfilment_record,FF-R-00036078,USR-064,"[""FF-CUSTOMER-002975"",""FF-ENGINEERINGCHANGE-000475""]"
FF-CUSTOMER-002975,Rework Completed,2024-01-20T05:14:00Z,finance_posting,FF-R-00036079,USR-065,"[""FF-CUSTOMER-002975"",""FF-BOMREVISION-000475""]"
FF-CUSTOMER-002975,Final Inspection Passed,2024-01-20T05:51:00Z,commercial_document,FF-R-00036080,USR-066,"[""FF-CUSTOMER-002975"",""FF-WORKORDER-000475"",""FF-SUPPLIER-000475""]"
FF-CUSTOMER-002980,Final Inspection Failed,2024-01-20T19:00:00Z,engineering_execution,FF-R-00036085,USR-025,"[""FF-CUSTOMER-002980"",""FF-OPERATION-000480"",""FF-GOODSRECEIPT-000480""]"
FF-CUSTOMER-002980,Rework Ordered,2024-01-20T19:37:00Z,fulfilment_record,FF-R-00036086,USR-022,"[""FF-CUSTOMER-002980"",""FF-ENGINEERINGCHANGE-000480""]"
FF-CUSTOMER-002980,Rework Completed,2024-01-20T20:14:00Z,finance_posting,FF-R-00036087,USR-023,"[""FF-CUSTOMER-002980"",""FF-BOMREVISION-000480"",""FF-PURCHASEORDERLINE-000480""]"
FF-CUSTOMER-002980,Final Inspection Passed,2024-01-20T20:51:00Z,commercial_document,FF-R-00036088,USR-024,"[""FF-CUSTOMER-002980"",""FF-WORKORDER-000480""]"
FF-CUSTOMER-002985,Final Inspection Failed,2024-01-21T10:00:00Z,engineering_execution,FF-R-00036093,USR-110,"[""FF-CUSTOMER-002985"",""FF-OPERATION-000485""]"
FF-CUSTOMER-002985,Rework Ordered,2024-01-21T10:37:00Z,fulfilment_record,FF-R-00036094,USR-107,"[""FF-CUSTOMER-002985"",""FF-ENGINEERINGCHANGE-000485"",""FF-PURCHASEORDER-000485""]"
FF-CUSTOMER-002985,Rework Completed,2024-01-21T11:14:00Z,finance_posting,FF-R-00036095,USR-108,"[""FF-CUSTOMER-002985"",""FF-BOMREVISION-000485""]"
FF-CUSTOMER-002985,Final Inspection Passed,2024-01-21T11:51:00Z,commercial_document,FF-R-00036096,USR-109,"[""FF-CUSTOMER-002985"",""FF-WORKORDER-000485"",""FF-SUPPLIER-000485""]"
FF-CUSTOMER-002990,Final Inspection Failed,2024-01-22T01:00:00Z,engineering_execution,FF-R-00036097,USR-068,"[""FF-CUSTOMER-002990"",""FF-OPERATION-000490"",""FF-GOODSRECEIPT-000490""]"
FF-CUSTOMER-002990,Rework Ordered,2024-01-22T01:37:00Z,fulfilment_record,FF-R-00036098,USR-065,"[""FF-CUSTOMER-002990"",""FF-ENGINEERINGCHANGE-000490""]"
FF-CUSTOMER-002990,Rework Completed,2024-01-22T02:14:00Z,finance_posting,FF-R-00036099,USR-066,"[""FF-CUSTOMER-002990"",""FF-BOMREVISION-000490"",""FF-PURCHASEORDERLINE-000490""]"
FF-CUSTOMER-002990,Final Inspection Passed,2024-01-22T02:51:00Z,commercial_document,FF-R-00036100,USR-067,"[""FF-CUSTOMER-002990"",""FF-WORKORDER-000490""]"
FF-CUSTOMER-002995,Final Inspection Failed,2024-01-22T16:00:00Z,engineering_execution,FF-R-00036102,USR-026,"[""FF-CUSTOMER-002995"",""FF-OPERATION-000495""]"
FF-CUSTOMER-002995,Rework Ordered,2024-01-22T16:37:00Z,fulfilment_record,FF-R-00036103,USR-023,"[""FF-CUSTOMER-002995"",""FF-ENGINEERINGCHANGE-000495"",""FF-PURCHASEORDER-000495""]"
FF-CUSTOMER-002995,Rework Completed,2024-01-22T17:14:00Z,finance_posting,FF-R-00036104,USR-024,"[""FF-CUSTOMER-002995"",""FF-BOMREVISION-000495""]"
FF-CUSTOMER-002995,Final Inspection Passed,2024-01-22T17:51:00Z,commercial_document,FF-R-00036105,USR-025,"[""FF-CUSTOMER-002995"",""FF-WORKORDER-000495""]"
FF-CUSTOMER-003000,Final Inspection Failed,2024-01-23T07:00:00Z,engineering_execution,FF-R-00036106,USR-111,"[""FF-CUSTOMER-003000"",""FF-OPERATION-000500""]"
FF-CUSTOMER-003000,Rework Ordered,2024-01-23T07:37:00Z,fulfilment_record,FF-R-00036107,USR-108,"[""FF-CUSTOMER-003000"",""FF-ENGINEERINGCHANGE-000500"",""FF-PURCHASEORDER-000500""]"
FF-CUSTOMER-003000,Rework Completed,2024-01-23T08:14:00Z,finance_posting,FF-R-00036108,USR-109,"[""FF-CUSTOMER-003000"",""FF-BOMREVISION-000500""]"
FF-CUSTOMER-003000,Final Inspection Passed,2024-01-23T08:51:00Z,commercial_document,FF-R-00036109,USR-110,"[""FF-CUSTOMER-003000"",""FF-WORKORDER-000500"",""FF-SUPPLIER-000500""]"
