case_id,activity,timestamp,source_table,source_record_id,actor,object_refs
PF-PERMITAPPLICATION-000002,Application Reopened,2023-01-03T00:23:00Z,wf_task_history,WF-0000000049,USR-041,"[""PF-PERMITAPPLICATION-000002"",""PF-AGENCY-000002""]"
,Application Reopened,2023-01-03T06:25:00Z,wf_task_history,WF-0000000063,USR-075,"[""PF-PERMITAPPLICATION-000004"",""PF-AGENCY-000004""]"
,Application Reopened,2023-01-03T12:27:00Z,wf_task_history,WF-0000000078,USR-109,"[""PF-PERMITAPPLICATION-000006"",""PF-AGENCY-000006"",""PF-CONDITION-000006""]"
,Application Reopened,2023-01-03T18:29:00Z,wf_task_history,WF-0000000094,USR-016,"[""PF-PERMITAPPLICATION-000008"",""PF-AGENCY-000008""]"
,Application Reopened,2023-01-04T00:31:00Z,wf_task_history,WF-0000000111,USR-050,"[""PF-PERMITAPPLICATION-000010"",""PF-AGENCY-000010""]"
,Application Reopened,2023-01-04T06:33:00Z,wf_task_history,WF-0000000129,USR-084,"[""PF-PERMITAPPLICATION-000012"",""PF-AGENCY-000012""]"
,Application Reopened,2023-01-04T12:35:00Z,wf_task_history,WF-0000000147,USR-118,"[""PF-PERMITAPPLICATION-000014"",""PF-AGENCY-000014""]"
,Application Reopened,2023-01-04T18:37:00Z,wf_task_history,WF-0000000165,USR-025,"[""PF-PERMITAPPLICATION-000016"",""PF-AGENCY-000016"",""PF-CONDITION-000016""]"
,Application Reopened,2023-01-05T00:39:00Z,wf_task_history,WF-0000000184,USR-059,"[""PF-PERMITAPPLICATION-000018"",""PF-AGENCY-000018""]"
,Application Reopened,2023-01-05T06:41:00Z,wf_task_history,WF-0000000202,USR-093,"[""PF-PERMITAPPLICATION-000020"",""PF-AGENCY-000020""]"
,Application Reopened,2023-01-05T12:43:00Z,wf_task_history,WF-0000000222,USR-127,"[""PF-PERMITAPPLICATION-000022"",""PF-AGENCY-000022""]"
,Application Reopened,2023-01-05T18:45:00Z,wf_task_history,WF-0000000241,USR-034,"[""PF-PERMITAPPLICATION-000024"",""PF-AGENCY-000024""]"
,Application Reopened,2023-01-06T00:47:00Z,wf_task_history,WF-0000000259,USR-068,"[""PF-PERMITAPPLICATION-000026"",""PF-AGENCY-000026"",""PF-CONDITION-000026""]"
PF-PERMITAPPLICATION-000028,Application Reopened,2023-01-06T06:49:00Z,wf_task_history,WF-0000000279,USR-102,"[""PF-PERMITAPPLICATION-000028"",""PF-AGENCY-000028""]"
,Completeness Rejected,2023-01-06T09:27:00Z,wf_external_task,WF-0000000286,USR-109,"[""PF-PERMITAPPLICATION-000013"",""PF-OBJECTION-000013""]"
PF-PERMITAPPLICATION-000030,Application Reopened,2023-01-06T12:51:00Z,wf_task_history,WF-0000000298,USR-009,"[""PF-PERMITAPPLICATION-000030"",""PF-AGENCY-000030""]"
PF-PERMITAPPLICATION-000032,Application Reopened,2023-01-06T18:53:00Z,wf_task_history,WF-0000000319,USR-043,"[""PF-PERMITAPPLICATION-000032"",""PF-AGENCY-000032"",""PF-CONDITION-000032""]"
PF-PERMITAPPLICATION-000034,Application Reopened,2023-01-07T00:55:00Z,wf_task_history,WF-0000000337,USR-077,"[""PF-PERMITAPPLICATION-000034"",""PF-AGENCY-000034"",""PF-CONDITION-000034""]"
,Application Reopened,2023-01-07T06:57:00Z,wf_task_history,WF-0000000355,USR-111,"[""PF-PERMITAPPLICATION-000036"",""PF-AGENCY-000036"",""PF-CONDITION-000036""]"
,Application Reopened,2023-01-07T12:59:00Z,wf_task_history,WF-0000000375,USR-018,"[""PF-PERMITAPPLICATION-000038"",""PF-AGENCY-000038"",""PF-CONDITION-000038""]"
,Application Reopened,2023-01-07T19:01:00Z,wf_task_history,WF-0000000394,USR-052,"[""PF-PERMITAPPLICATION-000040"",""PF-AGENCY-000040""]"
,Completeness Rejected,2023-01-08T00:40:00Z,wf_external_task,WF-0000000412,USR-076,"[""PF-PERMITAPPLICATION-000026"",""PF-OBJECTION-000026""]"
,Application Reopened,2023-01-08T01:03:00Z,wf_task_history,WF-0000000415,USR-086,"[""PF-PERMITAPPLICATION-000042"",""PF-AGENCY-000042""]"
,Application Reopened,2023-01-08T07:05:00Z,wf_task_history,WF-0000000439,USR-120,"[""PF-PERMITAPPLICATION-000044"",""PF-AGENCY-000044"",""PF-CONDITION-000044""]"
,Application Reopened,2023-01-08T13:07:00Z,wf_task_history,WF-0000000460,USR-027,"[""PF-PERMITAPPLICATION-000046"",""PF-AGENCY-000046""]"
,Application Reopened,2023-01-08T18:16:00Z,wf_task_history,WF-0000000473,USR-061,"[""PF-PERMITAPPLICATION-000048"",""PF-AGENCY-000048""]"
,Application Reopened,2023-01-09T00:18:00Z,wf_task_history,WF-0000000492,USR-095,"[""PF-PERMITAPPLICATION-000050"",""PF-AGENCY-000050""]"
,Application Reopened,2023-01-09T06:20:00Z,wf_task_history,WF-0000000514,USR-002,"[""PF-PERMITAPPLICATION-000052"",""PF-AGENCY-000052"",""PF-CONDITION-000052""]"
,Application Reopened,2023-01-09T12:22:00Z,wf_task_history,WF-0000000535,USR-036,"[""PF-PERMITAPPLICATION-000054"",""PF-AGENCY-000054""]"
,Completeness Rejected,2023-01-09T15:00:00Z,wf_external_task,WF-0000000545,USR-043,"[""PF-PERMITAPPLICATION-000039"",""PF-OBJECTION-000039"",""PF-REVIEW-000039""]"
PF-PERMITAPPLICATION-000056,Application Reopened,2023-01-09T18:24:00Z,wf_task_history,WF-0000000558,USR-070,"[""PF-PERMITAPPLICATION-000056"",""PF-AGENCY-000056""]"
PF-PERMITAPPLICATION-000058,Application Reopened,2023-01-10T00:26:00Z,wf_task_history,WF-0000000577,USR-104,"[""PF-PERMITAPPLICATION-000058"",""PF-AGENCY-000058""]"
PF-PERMITAPPLICATION-000060,Application Reopened,2023-01-10T06:28:00Z,wf_task_history,WF-0000000599,USR-011,"[""PF-PERMITAPPLICATION-000060"",""PF-AGENCY-000060"",""PF-CONDITION-000060""]"
PF-PERMITAPPLICATION-000062,Application Reopened,2023-01-10T12:30:00Z,wf_task_history,WF-0000000619,USR-045,"[""PF-PERMITAPPLICATION-000062"",""PF-AGENCY-000062""]"
PF-PERMITAPPLICATION-000064,Application Reopened,2023-01-10T18:32:00Z,wf_task_history,WF-0000000639,USR-079,"[""PF-PERMITAPPLICATION-000064"",""PF-AGENCY-000064""]"
PF-PERMITAPPLICATION-000066,Application Reopened,2023-01-11T00:34:00Z,wf_task_history,WF-0000000665,USR-113,"[""PF-PERMITAPPLICATION-000066"",""PF-AGENCY-000066"",""PF-CONDITION-000066""]"
,Completeness Rejected,2023-01-11T06:13:00Z,wf_external_task,WF-0000000683,USR-010,"[""PF-PERMITAPPLICATION-000052"",""PF-OBJECTION-000052"",""PF-REVIEW-000052""]"
,Application Reopened,2023-01-11T06:36:00Z,wf_task_history,WF-0000000686,USR-020,"[""PF-PERMITAPPLICATION-000068"",""PF-AGENCY-000068""]"
,Application Reopened,2023-01-11T12:38:00Z,wf_task_history,WF-0000000705,USR-054,"[""PF-PERMITAPPLICATION-000070"",""PF-AGENCY-000070"",""PF-CONDITION-000070""]"
,Application Reopened,2023-01-11T18:40:00Z,wf_task_history,WF-0000000727,USR-088,"[""PF-PERMITAPPLICATION-000072"",""PF-AGENCY-000072"",""PF-CONDITION-000072""]"
,Application Reopened,2023-01-12T00:42:00Z,wf_task_history,WF-0000000748,USR-122,"[""PF-PERMITAPPLICATION-000074"",""PF-AGENCY-000074""]"
,Application Reopened,2023-01-12T06:44:00Z,wf_task_history,WF-0000000770,USR-029,"[""PF-PERMITAPPLICATION-000076"",""PF-AGENCY-000076"",""PF-CONDITION-000076""]"
,Application Reopened,2023-01-12T12:46:00Z,wf_task_history,WF-0000000796,USR-063,"[""PF-PERMITAPPLICATION-000078"",""PF-AGENCY-000078"",""PF-CONDITION-000078""]"
,Application Reopened,2023-01-12T18:48:00Z,wf_task_history,WF-0000000818,USR-097,"[""PF-PERMITAPPLICATION-000080"",""PF-AGENCY-000080""]"
PF-PERMITAPPLICATION-000065,Completeness Rejected,2023-01-12T21:26:00Z,wf_external_task,WF-0000000826,USR-104,"[""PF-PERMITAPPLICATION-000065"",""PF-OBJECTION-000065"",""PF-REVIEW-000065""]"
,Application Reopened,2023-01-13T00:50:00Z,wf_task_history,WF-0000000838,USR-004,"[""PF-PERMITAPPLICATION-000082"",""PF-AGENCY-000082"",""PF-CONDITION-000082""]"
PF-PERMITAPPLICATION-000084,Application Reopened,2023-01-13T06:52:00Z,wf_task_history,WF-0000000860,USR-038,"[""PF-PERMITAPPLICATION-000084"",""PF-AGENCY-000084"",""PF-CONDITION-000084""]"
PF-PERMITAPPLICATION-000086,Application Reopened,2023-01-13T12:54:00Z,wf_task_history,WF-0000000884,USR-072,"[""PF-PERMITAPPLICATION-000086"",""PF-AGENCY-000086"",""PF-CONDITION-000086""]"
PF-PERMITAPPLICATION-000088,Application Reopened,2023-01-13T18:56:00Z,wf_task_history,WF-0000000910,USR-106,"[""PF-PERMITAPPLICATION-000088"",""PF-AGENCY-000088""]"
PF-PERMITAPPLICATION-000090,Application Reopened,2023-01-14T00:58:00Z,wf_task_history,WF-0000000931,USR-013,"[""PF-PERMITAPPLICATION-000090"",""PF-AGENCY-000090"",""PF-CONDITION-000090""]"
PF-PERMITAPPLICATION-000092,Application Reopened,2023-01-14T07:00:00Z,wf_task_history,WF-0000000952,USR-047,"[""PF-PERMITAPPLICATION-000092"",""PF-AGENCY-000092""]"
,Completeness Rejected,2023-01-14T12:39:00Z,wf_external_task,WF-0000000972,USR-071,"[""PF-PERMITAPPLICATION-000078"",""PF-OBJECTION-000078"",""PF-REVIEW-000078""]"
PF-PERMITAPPLICATION-000094,Application Reopened,2023-01-14T13:02:00Z,wf_task_history,WF-0000000976,USR-081,"[""PF-PERMITAPPLICATION-000094"",""PF-AGENCY-000094""]"
PF-PERMITAPPLICATION-000001,Reinspection Requested,2023-01-14T15:01:00Z,wf_form_submission,WF-0000000983,USR-071,"[""PF-PERMITAPPLICATION-000001"",""PF-REVIEW-000001"",""PF-VIOLATION-000001""]"
PF-PERMITAPPLICATION-000096,Application Reopened,2023-01-14T19:04:00Z,wf_task_history,WF-0000000999,USR-115,"[""PF-PERMITAPPLICATION-000096"",""PF-AGENCY-000096"",""PF-CONDITION-000096""]"
PF-PERMITAPPLICATION-000098,Application Reopened,2023-01-15T01:06:00Z,wf_task_history,WF-0000001029,USR-022,"[""PF-PERMITAPPLICATION-000098"",""PF-AGENCY-000098""]"
PF-PERMITAPPLICATION-000008,Inspection Failed,2023-01-15T06:07:00Z,wf_message_delivery,WF-0000001049,USR-062,"[""PF-PERMITAPPLICATION-000008"",""PF-DOCUMENT-000008""]"
,Application Reopened,2023-01-15T06:15:00Z,wf_task_history,WF-0000001042,USR-056,"[""PF-PERMITAPPLICATION-000100"",""PF-AGENCY-000100""]"
,Application Reopened,2023-01-15T12:17:00Z,wf_task_history,WF-0000001069,USR-090,"[""PF-PERMITAPPLICATION-000102"",""PF-AGENCY-000102"",""PF-CONDITION-000102""]"
,Application Reopened,2023-01-15T18:19:00Z,wf_task_history,WF-0000001092,USR-124,"[""PF-PERMITAPPLICATION-000104"",""PF-AGENCY-000104""]"
,Application Reopened,2023-01-16T00:21:00Z,wf_task_history,WF-0000001115,USR-031,"[""PF-PERMITAPPLICATION-000106"",""PF-AGENCY-000106""]"
PF-PERMITAPPLICATION-000091,Completeness Rejected,2023-01-16T03:52:00Z,wf_external_task,WF-0000001134,USR-038,"[""PF-PERMITAPPLICATION-000091"",""PF-OBJECTION-000091"",""PF-REVIEW-000091""]"
,Application Reopened,2023-01-16T06:23:00Z,wf_task_history,WF-0000001138,USR-065,"[""PF-PERMITAPPLICATION-000108"",""PF-AGENCY-000108"",""PF-CONDITION-000108""]"
,Application Reopened,2023-01-16T12:25:00Z,wf_task_history,WF-0000001168,USR-099,"[""PF-PERMITAPPLICATION-000110"",""PF-AGENCY-000110"",""PF-CONDITION-000110""]"
PF-PERMITAPPLICATION-000112,Application Reopened,2023-01-16T18:27:00Z,wf_task_history,WF-0000001189,USR-006,"[""PF-PERMITAPPLICATION-000112"",""PF-AGENCY-000112"",""PF-CONDITION-000112""]"
PF-PERMITAPPLICATION-000114,Application Reopened,2023-01-17T00:29:00Z,wf_task_history,WF-0000001213,USR-040,"[""PF-PERMITAPPLICATION-000114"",""PF-AGENCY-000114"",""PF-CONDITION-000114""]"
PF-PERMITAPPLICATION-000116,Application Reopened,2023-01-17T06:31:00Z,wf_task_history,WF-0000001239,USR-074,"[""PF-PERMITAPPLICATION-000116"",""PF-AGENCY-000116"",""PF-CONDITION-000116""]"
,Reinspection Requested,2023-01-17T12:24:00Z,wf_form_submission,WF-0000001266,USR-081,"[""PF-PERMITAPPLICATION-000024"",""PF-REVIEW-000024""]"
PF-PERMITAPPLICATION-000118,Application Reopened,2023-01-17T12:33:00Z,wf_task_history,WF-0000001260,USR-108,"[""PF-PERMITAPPLICATION-000118"",""PF-AGENCY-000118""]"
,Inspection Failed,2023-01-17T15:26:00Z,wf_message_delivery,WF-0000001281,USR-004,"[""PF-PERMITAPPLICATION-000027"",""PF-DOCUMENT-000027"",""PF-INSPECTION-000027""]"
PF-PERMITAPPLICATION-000005,Completeness Rejected,2023-01-17T16:00:00Z,wf_external_task,WF-0000001283,USR-100,"[""PF-PERMITAPPLICATION-000005"",""PF-OBJECTION-000005""]"
PF-PERMITAPPLICATION-000005,Application Reopened,2023-01-17T16:52:00Z,wf_task_history,WF-0000001284,USR-092,"[""PF-PERMITAPPLICATION-000005"",""PF-AGENCY-000005""]"
PF-PERMITAPPLICATION-000005,Inspection Failed,2023-01-17T17:14:00Z,wf_message_delivery,WF-0000001285,USR-011,"[""PF-PERMITAPPLICATION-000005"",""PF-DOCUMENT-000005""]"
PF-PERMITAPPLICATION-000005,Reinspection Requested,2023-01-17T17:51:00Z,wf_form_submission,WF-0000001286,USR-012,"[""PF-PERMITAPPLICATION-000005"",""PF-REVIEW-000005"",""PF-VIOLATION-000005""]"
,Completeness Rejected,2023-01-17T18:12:00Z,wf_external_task,WF-0000001289,USR-005,"[""PF-PERMITAPPLICATION-000104"",""PF-OBJECTION-000104"",""PF-REVIEW-000104""]"
PF-PERMITAPPLICATION-000120,Application Reopened,2023-01-17T18:35:00Z,wf_task_history,WF-0000001293,USR-015,"[""PF-PERMITAPPLICATION-000120"",""PF-AGENCY-000120""]"
PF-PERMITAPPLICATION-000122,Application Reopened,2023-01-18T00:37:00Z,wf_task_history,WF-0000001319,USR-049,"[""PF-PERMITAPPLICATION-000122"",""PF-AGENCY-000122"",""PF-CONDITION-000122""]"
PF-PERMITAPPLICATION-000124,Application Reopened,2023-01-18T06:39:00Z,wf_task_history,WF-0000001340,USR-083,"[""PF-PERMITAPPLICATION-000124"",""PF-AGENCY-000124""]"
PF-PERMITAPPLICATION-000010,Completeness Rejected,2023-01-18T07:00:00Z,wf_external_task,WF-0000001349,USR-058,"[""PF-PERMITAPPLICATION-000010"",""PF-OBJECTION-000010""]"
PF-PERMITAPPLICATION-000010,Application Reopened,2023-01-18T07:52:00Z,wf_task_history,WF-0000001350,USR-050,"[""PF-PERMITAPPLICATION-000010"",""PF-AGENCY-000010""]"
PF-PERMITAPPLICATION-000010,Inspection Failed,2023-01-18T08:14:00Z,wf_message_delivery,WF-0000001351,USR-096,"[""PF-PERMITAPPLICATION-000010"",""PF-DOCUMENT-000010""]"
PF-PERMITAPPLICATION-000010,Reinspection Requested,2023-01-18T08:51:00Z,wf_form_submission,WF-0000001352,USR-097,"[""PF-PERMITAPPLICATION-000010"",""PF-REVIEW-000010"",""PF-VIOLATION-000010""]"
PF-PERMITAPPLICATION-000126,Application Reopened,2023-01-18T12:41:00Z,wf_task_history,WF-0000001369,USR-117,"[""PF-PERMITAPPLICATION-000126"",""PF-AGENCY-000126""]"
PF-PERMITAPPLICATION-000128,Application Reopened,2023-01-18T18:43:00Z,wf_task_history,WF-0000001394,USR-024,"[""PF-PERMITAPPLICATION-000128"",""PF-AGENCY-000128""]"
PF-PERMITAPPLICATION-000015,Completeness Rejected,2023-01-18T22:00:00Z,wf_external_task,WF-0000001412,USR-016,"[""PF-PERMITAPPLICATION-000015"",""PF-OBJECTION-000015""]"
PF-PERMITAPPLICATION-000015,Application Reopened,2023-01-18T22:52:00Z,wf_task_history,WF-0000001413,USR-008,"[""PF-PERMITAPPLICATION-000015"",""PF-AGENCY-000015""]"
PF-PERMITAPPLICATION-000015,Inspection Failed,2023-01-18T23:14:00Z,wf_message_delivery,WF-0000001414,USR-054,"[""PF-PERMITAPPLICATION-000015"",""PF-DOCUMENT-000015""]"
PF-PERMITAPPLICATION-000015,Reinspection Requested,2023-01-18T23:51:00Z,wf_form_submission,WF-0000001415,USR-055,"[""PF-PERMITAPPLICATION-000015"",""PF-REVIEW-000015"",""PF-VIOLATION-000015""]"
PF-PERMITAPPLICATION-000130,Application Reopened,2023-01-19T00:45:00Z,wf_task_history,WF-0000001419,USR-058,"[""PF-PERMITAPPLICATION-000130"",""PF-AGENCY-000130""]"
,Application Reopened,2023-01-19T06:47:00Z,wf_task_history,WF-0000001449,USR-092,"[""PF-PERMITAPPLICATION-000132"",""PF-AGENCY-000132""]"
PF-PERMITAPPLICATION-000117,Completeness Rejected,2023-01-19T09:25:00Z,wf_external_task,WF-0000001458,USR-099,"[""PF-PERMITAPPLICATION-000117"",""PF-OBJECTION-000117""]"
,Application Reopened,2023-01-19T12:49:00Z,wf_task_history,WF-0000001474,USR-126,"[""PF-PERMITAPPLICATION-000134"",""PF-AGENCY-000134""]"
,Completeness Rejected,2023-01-19T13:00:00Z,wf_external_task,WF-0000001481,USR-101,"[""PF-PERMITAPPLICATION-000020"",""PF-OBJECTION-000020"",""PF-REVIEW-000020""]"
,Application Reopened,2023-01-19T13:52:00Z,wf_task_history,WF-0000001482,USR-093,"[""PF-PERMITAPPLICATION-000020"",""PF-AGENCY-000020""]"
,Inspection Failed,2023-01-19T14:14:00Z,wf_message_delivery,WF-0000001483,USR-012,"[""PF-PERMITAPPLICATION-000020"",""PF-DOCUMENT-000020"",""PF-INSPECTION-000020""]"
,Reinspection Requested,2023-01-19T14:51:00Z,wf_form_submission,WF-0000001484,USR-013,"[""PF-PERMITAPPLICATION-000020"",""PF-REVIEW-000020""]"
,Application Reopened,2023-01-19T18:51:00Z,wf_task_history,WF-0000001501,USR-033,"[""PF-PERMITAPPLICATION-000136"",""PF-AGENCY-000136"",""PF-CONDITION-000136""]"
PF-PERMITAPPLICATION-000046,Inspection Failed,2023-01-20T00:45:00Z,wf_message_delivery,WF-0000001532,USR-073,"[""PF-PERMITAPPLICATION-000046"",""PF-DOCUMENT-000046""]"
,Application Reopened,2023-01-20T00:53:00Z,wf_task_history,WF-0000001524,USR-067,"[""PF-PERMITAPPLICATION-000138"",""PF-AGENCY-000138""]"
,Completeness Rejected,2023-01-20T04:00:00Z,wf_external_task,WF-0000001545,USR-059,"[""PF-PERMITAPPLICATION-000025"",""PF-OBJECTION-000025""]"
,Application Reopened,2023-01-20T04:52:00Z,wf_task_history,WF-0000001546,USR-051,"[""PF-PERMITAPPLICATION-000025"",""PF-AGENCY-000025"",""PF-CONDITION-000025""]"
,Inspection Failed,2023-01-20T05:14:00Z,wf_message_delivery,WF-0000001547,USR-097,"[""PF-PERMITAPPLICATION-000025"",""PF-DOCUMENT-000025""]"
,Reinspection Requested,2023-01-20T05:51:00Z,wf_form_submission,WF-0000001548,USR-098,"[""PF-PERMITAPPLICATION-000025"",""PF-REVIEW-000025"",""PF-VIOLATION-000025""]"
PF-PERMITAPPLICATION-000140,Application Reopened,2023-01-20T06:55:00Z,wf_task_history,WF-0000001552,USR-101,"[""PF-PERMITAPPLICATION-000140"",""PF-AGENCY-000140""]"
PF-PERMITAPPLICATION-000047,Reinspection Requested,2023-01-20T09:47:00Z,wf_form_submission,WF-0000001569,USR-091,"[""PF-PERMITAPPLICATION-000047"",""PF-REVIEW-000047""]"
PF-PERMITAPPLICATION-000142,Application Reopened,2023-01-20T12:57:00Z,wf_task_history,WF-0000001580,USR-008,"[""PF-PERMITAPPLICATION-000142"",""PF-AGENCY-000142""]"
PF-PERMITAPPLICATION-000144,Application Reopened,2023-01-20T18:59:00Z,wf_task_history,WF-0000001604,USR-042,"[""PF-PERMITAPPLICATION-000144"",""PF-AGENCY-000144""]"
PF-PERMITAPPLICATION-000030,Completeness Rejected,2023-01-20T19:00:00Z,wf_external_task,WF-0000001611,USR-017,"[""PF-PERMITAPPLICATION-000030"",""PF-OBJECTION-000030""]"
PF-PERMITAPPLICATION-000030,Application Reopened,2023-01-20T19:52:00Z,wf_task_history,WF-0000001612,USR-009,"[""PF-PERMITAPPLICATION-000030"",""PF-AGENCY-000030""]"
PF-PERMITAPPLICATION-000030,Inspection Failed,2023-01-20T20:14:00Z,wf_message_delivery,WF-0000001613,USR-055,"[""PF-PERMITAPPLICATION-000030"",""PF-DOCUMENT-000030""]"
PF-PERMITAPPLICATION-000030,Reinspection Requested,2023-01-20T20:51:00Z,wf_form_submission,WF-0000001614,USR-056,"[""PF-PERMITAPPLICATION-000030"",""PF-REVIEW-000030"",""PF-VIOLATION-000030""]"
PF-PERMITAPPLICATION-000130,Completeness Rejected,2023-01-21T00:38:00Z,wf_external_task,WF-0000001631,USR-066,"[""PF-PERMITAPPLICATION-000130"",""PF-OBJECTION-000130""]"
PF-PERMITAPPLICATION-000146,Application Reopened,2023-01-21T01:01:00Z,wf_task_history,WF-0000001634,USR-076,"[""PF-PERMITAPPLICATION-000146"",""PF-AGENCY-000146"",""PF-CONDITION-000146""]"
PF-PERMITAPPLICATION-000148,Application Reopened,2023-01-21T07:03:00Z,wf_task_history,WF-0000001659,USR-110,"[""PF-PERMITAPPLICATION-000148"",""PF-AGENCY-000148""]"
PF-PERMITAPPLICATION-000035,Completeness Rejected,2023-01-21T10:00:00Z,wf_external_task,WF-0000001676,USR-102,"[""PF-PERMITAPPLICATION-000035"",""PF-OBJECTION-000035""]"
PF-PERMITAPPLICATION-000035,Application Reopened,2023-01-21T10:52:00Z,wf_task_history,WF-0000001677,USR-094,"[""PF-PERMITAPPLICATION-000035"",""PF-AGENCY-000035""]"
PF-PERMITAPPLICATION-000035,Inspection Failed,2023-01-21T11:14:00Z,wf_message_delivery,WF-0000001678,USR-013,"[""PF-PERMITAPPLICATION-000035"",""PF-DOCUMENT-000035""]"
PF-PERMITAPPLICATION-000035,Reinspection Requested,2023-01-21T11:51:00Z,wf_form_submission,WF-0000001679,USR-014,"[""PF-PERMITAPPLICATION-000035"",""PF-REVIEW-000035"",""PF-VIOLATION-000035""]"
PF-PERMITAPPLICATION-000150,Application Reopened,2023-01-21T13:05:00Z,wf_task_history,WF-0000001689,USR-017,"[""PF-PERMITAPPLICATION-000150"",""PF-AGENCY-000150""]"
PF-PERMITAPPLICATION-000152,Application Reopened,2023-01-21T19:07:00Z,wf_task_history,WF-0000001713,USR-051,"[""PF-PERMITAPPLICATION-000152"",""PF-AGENCY-000152"",""PF-CONDITION-000152""]"
PF-PERMITAPPLICATION-000154,Application Reopened,2023-01-22T00:16:00Z,wf_task_history,WF-0000001732,USR-085,"[""PF-PERMITAPPLICATION-000154"",""PF-AGENCY-000154""]"
PF-PERMITAPPLICATION-000040,Completeness Rejected,2023-01-22T01:00:00Z,wf_external_task,WF-0000001743,USR-060,"[""PF-PERMITAPPLICATION-000040"",""PF-OBJECTION-000040"",""PF-REVIEW-000040""]"
PF-PERMITAPPLICATION-000040,Application Reopened,2023-01-22T01:52:00Z,wf_task_history,WF-0000001744,USR-052,"[""PF-PERMITAPPLICATION-000040"",""PF-AGENCY-000040""]"
PF-PERMITAPPLICATION-000040,Inspection Failed,2023-01-22T02:14:00Z,wf_message_delivery,WF-0000001745,USR-098,"[""PF-PERMITAPPLICATION-000040"",""PF-DOCUMENT-000040"",""PF-INSPECTION-000040""]"
PF-PERMITAPPLICATION-000040,Reinspection Requested,2023-01-22T02:51:00Z,wf_form_submission,WF-0000001746,USR-099,"[""PF-PERMITAPPLICATION-000040"",""PF-REVIEW-000040""]"
PF-PERMITAPPLICATION-000156,Application Reopened,2023-01-22T06:18:00Z,wf_task_history,WF-0000001761,USR-119,"[""PF-PERMITAPPLICATION-000156"",""PF-AGENCY-000156"",""PF-CONDITION-000156""]"
PF-PERMITAPPLICATION-000065,Inspection Failed,2023-01-22T09:11:00Z,wf_message_delivery,WF-0000001780,USR-015,"[""PF-PERMITAPPLICATION-000065"",""PF-DOCUMENT-000065""]"
PF-PERMITAPPLICATION-000158,Application Reopened,2023-01-22T12:20:00Z,wf_task_history,WF-0000001786,USR-026,"[""PF-PERMITAPPLICATION-000158"",""PF-AGENCY-000158""]"
PF-PERMITAPPLICATION-000143,Completeness Rejected,2023-01-22T15:51:00Z,wf_external_task,WF-0000001805,USR-033,"[""PF-PERMITAPPLICATION-000143"",""PF-OBJECTION-000143"",""PF-REVIEW-000143""]"
PF-PERMITAPPLICATION-000045,Completeness Rejected,2023-01-22T16:00:00Z,wf_external_task,WF-0000001806,USR-018,"[""PF-PERMITAPPLICATION-000045"",""PF-OBJECTION-000045"",""PF-REVIEW-000045""]"
PF-PERMITAPPLICATION-000045,Application Reopened,2023-01-22T16:52:00Z,wf_task_history,WF-0000001807,USR-010,"[""PF-PERMITAPPLICATION-000045"",""PF-AGENCY-000045""]"
PF-PERMITAPPLICATION-000045,Inspection Failed,2023-01-22T17:14:00Z,wf_message_delivery,WF-0000001808,USR-056,"[""PF-PERMITAPPLICATION-000045"",""PF-DOCUMENT-000045"",""PF-INSPECTION-000045""]"
PF-PERMITAPPLICATION-000045,Reinspection Requested,2023-01-22T17:51:00Z,wf_form_submission,WF-0000001809,USR-057,"[""PF-PERMITAPPLICATION-000045"",""PF-REVIEW-000045""]"
PF-PERMITAPPLICATION-000160,Application Reopened,2023-01-22T18:22:00Z,wf_task_history,WF-0000001812,USR-060,"[""PF-PERMITAPPLICATION-000160"",""PF-AGENCY-000160"",""PF-CONDITION-000160""]"
PF-PERMITAPPLICATION-000162,Application Reopened,2023-01-23T00:24:00Z,wf_task_history,WF-0000001836,USR-094,"[""PF-PERMITAPPLICATION-000162"",""PF-AGENCY-000162""]"
PF-PERMITAPPLICATION-000070,Reinspection Requested,2023-01-23T06:17:00Z,wf_form_submission,WF-0000001868,USR-101,"[""PF-PERMITAPPLICATION-000070"",""PF-REVIEW-000070""]"
,Application Reopened,2023-01-23T06:26:00Z,wf_task_history,WF-0000001861,USR-001,"[""PF-PERMITAPPLICATION-000164"",""PF-AGENCY-000164""]"
PF-PERMITAPPLICATION-000050,Completeness Rejected,2023-01-23T07:00:00Z,wf_external_task,WF-0000001876,USR-103,"[""PF-PERMITAPPLICATION-000050"",""PF-OBJECTION-000050"",""PF-REVIEW-000050""]"
PF-PERMITAPPLICATION-000050,Application Reopened,2023-01-23T07:52:00Z,wf_task_history,WF-0000001877,USR-095,"[""PF-PERMITAPPLICATION-000050"",""PF-AGENCY-000050""]"
PF-PERMITAPPLICATION-000050,Inspection Failed,2023-01-23T08:14:00Z,wf_message_delivery,WF-0000001878,USR-014,"[""PF-PERMITAPPLICATION-000050"",""PF-DOCUMENT-000050"",""PF-INSPECTION-000050""]"
PF-PERMITAPPLICATION-000050,Reinspection Requested,2023-01-23T08:51:00Z,wf_form_submission,WF-0000001879,USR-015,"[""PF-PERMITAPPLICATION-000050"",""PF-REVIEW-000050""]"
,Application Reopened,2023-01-23T12:28:00Z,wf_task_history,WF-0000001892,USR-035,"[""PF-PERMITAPPLICATION-000166"",""PF-AGENCY-000166""]"
PF-PERMITAPPLICATION-000168,Application Reopened,2023-01-23T18:30:00Z,wf_task_history,WF-0000001915,USR-069,"[""PF-PERMITAPPLICATION-000168"",""PF-AGENCY-000168""]"
,Completeness Rejected,2023-01-23T22:00:00Z,wf_external_task,WF-0000001937,USR-061,"[""PF-PERMITAPPLICATION-000055"",""PF-OBJECTION-000055"",""PF-REVIEW-000055""]"
,Application Reopened,2023-01-23T22:52:00Z,wf_task_history,WF-0000001938,USR-053,"[""PF-PERMITAPPLICATION-000055"",""PF-AGENCY-000055""]"
,Inspection Failed,2023-01-23T23:14:00Z,wf_message_delivery,WF-0000001939,USR-099,"[""PF-PERMITAPPLICATION-000055"",""PF-DOCUMENT-000055"",""PF-INSPECTION-000055""]"
,Reinspection Requested,2023-01-23T23:51:00Z,wf_form_submission,WF-0000001940,USR-100,"[""PF-PERMITAPPLICATION-000055"",""PF-REVIEW-000055""]"
PF-PERMITAPPLICATION-000170,Application Reopened,2023-01-24T00:32:00Z,wf_task_history,WF-0000001944,USR-103,"[""PF-PERMITAPPLICATION-000170"",""PF-AGENCY-000170"",""PF-CONDITION-000170""]"
PF-PERMITAPPLICATION-000156,Completeness Rejected,2023-01-24T06:11:00Z,wf_external_task,WF-0000001964,USR-127,"[""PF-PERMITAPPLICATION-000156"",""PF-OBJECTION-000156""]"
PF-PERMITAPPLICATION-000172,Application Reopened,2023-01-24T06:34:00Z,wf_task_history,WF-0000001968,USR-010,"[""PF-PERMITAPPLICATION-000172"",""PF-AGENCY-000172"",""PF-CONDITION-000172""]"
PF-PERMITAPPLICATION-000174,Application Reopened,2023-01-24T12:36:00Z,wf_task_history,WF-0000001990,USR-044,"[""PF-PERMITAPPLICATION-000174"",""PF-AGENCY-000174"",""PF-CONDITION-000174""]"
PF-PERMITAPPLICATION-000060,Completeness Rejected,2023-01-24T13:00:00Z,wf_external_task,WF-0000002000,USR-019,"[""PF-PERMITAPPLICATION-000060"",""PF-OBJECTION-000060"",""PF-REVIEW-000060""]"
PF-PERMITAPPLICATION-000060,Application Reopened,2023-01-24T13:52:00Z,wf_task_history,WF-0000002001,USR-011,"[""PF-PERMITAPPLICATION-000060"",""PF-AGENCY-000060""]"
PF-PERMITAPPLICATION-000060,Inspection Failed,2023-01-24T14:14:00Z,wf_message_delivery,WF-0000002002,USR-057,"[""PF-PERMITAPPLICATION-000060"",""PF-DOCUMENT-000060"",""PF-INSPECTION-000060""]"
PF-PERMITAPPLICATION-000060,Reinspection Requested,2023-01-24T14:51:00Z,wf_form_submission,WF-0000002003,USR-058,"[""PF-PERMITAPPLICATION-000060"",""PF-REVIEW-000060""]"
PF-PERMITAPPLICATION-000084,Inspection Failed,2023-01-24T18:30:00Z,wf_message_delivery,WF-0000002032,USR-084,"[""PF-PERMITAPPLICATION-000084"",""PF-DOCUMENT-000084""]"
PF-PERMITAPPLICATION-000176,Application Reopened,2023-01-24T18:38:00Z,wf_task_history,WF-0000002025,USR-078,"[""PF-PERMITAPPLICATION-000176"",""PF-AGENCY-000176"",""PF-CONDITION-000176""]"
PF-PERMITAPPLICATION-000178,Application Reopened,2023-01-25T00:40:00Z,wf_task_history,WF-0000002050,USR-112,"[""PF-PERMITAPPLICATION-000178"",""PF-AGENCY-000178""]"
PF-PERMITAPPLICATION-000065,Completeness Rejected,2023-01-25T04:00:00Z,wf_external_task,WF-0000002068,USR-104,"[""PF-PERMITAPPLICATION-000065"",""PF-OBJECTION-000065""]"
PF-PERMITAPPLICATION-000065,Application Reopened,2023-01-25T04:52:00Z,wf_task_history,WF-0000002069,USR-096,"[""PF-PERMITAPPLICATION-000065"",""PF-AGENCY-000065"",""PF-CONDITION-000065""]"
PF-PERMITAPPLICATION-000065,Inspection Failed,2023-01-25T05:14:00Z,wf_message_delivery,WF-0000002070,USR-015,"[""PF-PERMITAPPLICATION-000065"",""PF-DOCUMENT-000065""]"
PF-PERMITAPPLICATION-000065,Reinspection Requested,2023-01-25T05:51:00Z,wf_form_submission,WF-0000002071,USR-016,"[""PF-PERMITAPPLICATION-000065"",""PF-REVIEW-000065"",""PF-VIOLATION-000065""]"
PF-PERMITAPPLICATION-000180,Application Reopened,2023-01-25T06:42:00Z,wf_task_history,WF-0000002076,USR-019,"[""PF-PERMITAPPLICATION-000180"",""PF-AGENCY-000180"",""PF-CONDITION-000180""]"
PF-PERMITAPPLICATION-000182,Application Reopened,2023-01-25T12:44:00Z,wf_task_history,WF-0000002099,USR-053,"[""PF-PERMITAPPLICATION-000182"",""PF-AGENCY-000182""]"
PF-PERMITAPPLICATION-000184,Application Reopened,2023-01-25T18:46:00Z,wf_task_history,WF-0000002124,USR-087,"[""PF-PERMITAPPLICATION-000184"",""PF-AGENCY-000184""]"
PF-PERMITAPPLICATION-000070,Completeness Rejected,2023-01-25T19:00:00Z,wf_external_task,WF-0000002131,USR-062,"[""PF-PERMITAPPLICATION-000070"",""PF-OBJECTION-000070""]"
PF-PERMITAPPLICATION-000070,Application Reopened,2023-01-25T19:52:00Z,wf_task_history,WF-0000002132,USR-054,"[""PF-PERMITAPPLICATION-000070"",""PF-AGENCY-000070"",""PF-CONDITION-000070""]"
PF-PERMITAPPLICATION-000070,Inspection Failed,2023-01-25T20:14:00Z,wf_message_delivery,WF-0000002133,USR-100,"[""PF-PERMITAPPLICATION-000070"",""PF-DOCUMENT-000070""]"
PF-PERMITAPPLICATION-000070,Reinspection Requested,2023-01-25T20:51:00Z,wf_form_submission,WF-0000002134,USR-101,"[""PF-PERMITAPPLICATION-000070"",""PF-REVIEW-000070""]"
PF-PERMITAPPLICATION-000169,Completeness Rejected,2023-01-25T21:24:00Z,wf_external_task,WF-0000002136,USR-094,"[""PF-PERMITAPPLICATION-000169"",""PF-OBJECTION-000169""]"
PF-PERMITAPPLICATION-000186,Application Reopened,2023-01-26T00:48:00Z,wf_task_history,WF-0000002153,USR-121,"[""PF-PERMITAPPLICATION-000186"",""PF-AGENCY-000186""]"
PF-PERMITAPPLICATION-000093,Reinspection Requested,2023-01-26T03:40:00Z,wf_form_submission,WF-0000002174,USR-111,"[""PF-PERMITAPPLICATION-000093"",""PF-REVIEW-000093""]"
PF-PERMITAPPLICATION-000188,Application Reopened,2023-01-26T06:50:00Z,wf_task_history,WF-0000002180,USR-028,"[""PF-PERMITAPPLICATION-000188"",""PF-AGENCY-000188"",""PF-CONDITION-000188""]"
PF-PERMITAPPLICATION-000075,Completeness Rejected,2023-01-26T10:00:00Z,wf_external_task,WF-0000002201,USR-020,"[""PF-PERMITAPPLICATION-000075"",""PF-OBJECTION-000075""]"
PF-PERMITAPPLICATION-000075,Application Reopened,2023-01-26T10:52:00Z,wf_task_history,WF-0000002202,USR-012,"[""PF-PERMITAPPLICATION-000075"",""PF-AGENCY-000075"",""PF-CONDITION-000075""]"
PF-PERMITAPPLICATION-000075,Inspection Failed,2023-01-26T11:14:00Z,wf_message_delivery,WF-0000002203,USR-058,"[""PF-PERMITAPPLICATION-000075"",""PF-DOCUMENT-000075""]"
PF-PERMITAPPLICATION-000075,Reinspection Requested,2023-01-26T11:51:00Z,wf_form_submission,WF-0000002204,USR-059,"[""PF-PERMITAPPLICATION-000075"",""PF-REVIEW-000075"",""PF-VIOLATION-000075""]"
PF-PERMITAPPLICATION-000190,Application Reopened,2023-01-26T12:52:00Z,wf_task_history,WF-0000002209,USR-062,"[""PF-PERMITAPPLICATION-000190"",""PF-AGENCY-000190"",""PF-CONDITION-000190""]"
PF-PERMITAPPLICATION-000192,Application Reopened,2023-01-26T18:54:00Z,wf_task_history,WF-0000002232,USR-096,"[""PF-PERMITAPPLICATION-000192"",""PF-AGENCY-000192""]"
PF-PERMITAPPLICATION-000194,Application Reopened,2023-01-27T00:56:00Z,wf_task_history,WF-0000002253,USR-003,"[""PF-PERMITAPPLICATION-000194"",""PF-AGENCY-000194""]"
PF-PERMITAPPLICATION-000080,Completeness Rejected,2023-01-27T01:00:00Z,wf_external_task,WF-0000002261,USR-105,"[""PF-PERMITAPPLICATION-000080"",""PF-OBJECTION-000080"",""PF-REVIEW-000080""]"
PF-PERMITAPPLICATION-000080,Application Reopened,2023-01-27T01:52:00Z,wf_task_history,WF-0000002262,USR-097,"[""PF-PERMITAPPLICATION-000080"",""PF-AGENCY-000080""]"
PF-PERMITAPPLICATION-000080,Inspection Failed,2023-01-27T02:14:00Z,wf_message_delivery,WF-0000002263,USR-016,"[""PF-PERMITAPPLICATION-000080"",""PF-DOCUMENT-000080"",""PF-INSPECTION-000080""]"
PF-PERMITAPPLICATION-000080,Reinspection Requested,2023-01-27T02:51:00Z,wf_form_submission,WF-0000002264,USR-017,"[""PF-PERMITAPPLICATION-000080"",""PF-REVIEW-000080""]"
PF-PERMITAPPLICATION-000103,Inspection Failed,2023-01-27T03:49:00Z,wf_message_delivery,WF-0000002278,USR-026,"[""PF-PERMITAPPLICATION-000103"",""PF-DOCUMENT-000103""]"
PF-PERMITAPPLICATION-000196,Application Reopened,2023-01-27T06:58:00Z,wf_task_history,WF-0000002283,USR-037,"[""PF-PERMITAPPLICATION-000196"",""PF-AGENCY-000196""]"
PF-PERMITAPPLICATION-000182,Completeness Rejected,2023-01-27T12:37:00Z,wf_external_task,WF-0000002309,USR-061,"[""PF-PERMITAPPLICATION-000182"",""PF-OBJECTION-000182""]"
PF-PERMITAPPLICATION-000198,Application Reopened,2023-01-27T13:00:00Z,wf_task_history,WF-0000002312,USR-071,"[""PF-PERMITAPPLICATION-000198"",""PF-AGENCY-000198"",""PF-CONDITION-000198""]"
PF-PERMITAPPLICATION-000085,Completeness Rejected,2023-01-27T16:00:00Z,wf_external_task,WF-0000002331,USR-063,"[""PF-PERMITAPPLICATION-000085"",""PF-OBJECTION-000085""]"
PF-PERMITAPPLICATION-000085,Application Reopened,2023-01-27T16:52:00Z,wf_task_history,WF-0000002332,USR-055,"[""PF-PERMITAPPLICATION-000085"",""PF-AGENCY-000085""]"
PF-PERMITAPPLICATION-000085,Inspection Failed,2023-01-27T17:14:00Z,wf_message_delivery,WF-0000002333,USR-101,"[""PF-PERMITAPPLICATION-000085"",""PF-DOCUMENT-000085""]"
PF-PERMITAPPLICATION-000085,Reinspection Requested,2023-01-27T17:51:00Z,wf_form_submission,WF-0000002334,USR-102,"[""PF-PERMITAPPLICATION-000085"",""PF-REVIEW-000085"",""PF-VIOLATION-000085""]"
PF-PERMITAPPLICATION-000200,Application Reopened,2023-01-27T19:02:00Z,wf_task_history,WF-0000002340,USR-105,"[""PF-PERMITAPPLICATION-000200"",""PF-AGENCY-000200"",""PF-CONDITION-000200""]"
PF-PERMITAPPLICATION-000202,Application Reopened,2023-01-28T01:04:00Z,wf_task_history,WF-0000002365,USR-012,"[""PF-PERMITAPPLICATION-000202"",""PF-AGENCY-000202""]"
PF-PERMITAPPLICATION-000090,Completeness Rejected,2023-01-28T07:00:00Z,wf_external_task,WF-0000002393,USR-021,"[""PF-PERMITAPPLICATION-000090"",""PF-OBJECTION-000090""]"
PF-PERMITAPPLICATION-000204,Application Reopened,2023-01-28T07:06:00Z,wf_task_history,WF-0000002391,USR-046,"[""PF-PERMITAPPLICATION-000204"",""PF-AGENCY-000204""]"
PF-PERMITAPPLICATION-000090,Application Reopened,2023-01-28T07:52:00Z,wf_task_history,WF-0000002394,USR-013,"[""PF-PERMITAPPLICATION-000090"",""PF-AGENCY-000090"",""PF-CONDITION-000090""]"
PF-PERMITAPPLICATION-000090,Inspection Failed,2023-01-28T08:14:00Z,wf_message_delivery,WF-0000002395,USR-059,"[""PF-PERMITAPPLICATION-000090"",""PF-DOCUMENT-000090""]"
PF-PERMITAPPLICATION-000090,Reinspection Requested,2023-01-28T08:51:00Z,wf_form_submission,WF-0000002396,USR-060,"[""PF-PERMITAPPLICATION-000090"",""PF-REVIEW-000090"",""PF-VIOLATION-000090""]"
PF-PERMITAPPLICATION-000206,Application Reopened,2023-01-28T12:15:00Z,wf_task_history,WF-0000002408,USR-080,"[""PF-PERMITAPPLICATION-000206"",""PF-AGENCY-000206"",""PF-CONDITION-000206""]"
PF-PERMITAPPLICATION-000208,Application Reopened,2023-01-28T18:17:00Z,wf_task_history,WF-0000002432,USR-114,"[""PF-PERMITAPPLICATION-000208"",""PF-AGENCY-000208""]"
PF-PERMITAPPLICATION-000095,Completeness Rejected,2023-01-28T22:00:00Z,wf_external_task,WF-0000002460,USR-106,"[""PF-PERMITAPPLICATION-000095"",""PF-OBJECTION-000095""]"
PF-PERMITAPPLICATION-000095,Application Reopened,2023-01-28T22:52:00Z,wf_task_history,WF-0000002461,USR-098,"[""PF-PERMITAPPLICATION-000095"",""PF-AGENCY-000095"",""PF-CONDITION-000095""]"
PF-PERMITAPPLICATION-000095,Inspection Failed,2023-01-28T23:14:00Z,wf_message_delivery,WF-0000002462,USR-017,"[""PF-PERMITAPPLICATION-000095"",""PF-DOCUMENT-000095""]"
PF-PERMITAPPLICATION-000095,Reinspection Requested,2023-01-28T23:51:00Z,wf_form_submission,WF-0000002463,USR-018,"[""PF-PERMITAPPLICATION-000095"",""PF-REVIEW-000095"",""PF-VIOLATION-000095""]"
PF-PERMITAPPLICATION-000116,Reinspection Requested,2023-01-29T00:10:00Z,wf_form_submission,WF-0000002474,USR-121,"[""PF-PERMITAPPLICATION-000116"",""PF-REVIEW-000116"",""PF-VIOLATION-000116""]"
PF-PERMITAPPLICATION-000210,Application Reopened,2023-01-29T00:19:00Z,wf_task_history,WF-0000002468,USR-021,"[""PF-PERMITAPPLICATION-000210"",""PF-AGENCY-000210""]"
PF-PERMITAPPLICATION-000195,Completeness Rejected,2023-01-29T03:50:00Z,wf_external_task,WF-0000002489,USR-028,"[""PF-PERMITAPPLICATION-000195"",""PF-OBJECTION-000195"",""PF-REVIEW-000195""]"
PF-PERMITAPPLICATION-000212,Application Reopened,2023-01-29T06:21:00Z,wf_task_history,WF-0000002493,USR-055,"[""PF-PERMITAPPLICATION-000212"",""PF-AGENCY-000212"",""PF-CONDITION-000212""]"
PF-PERMITAPPLICATION-000122,Inspection Failed,2023-01-29T12:15:00Z,wf_message_delivery,WF-0000002524,USR-095,"[""PF-PERMITAPPLICATION-000122"",""PF-DOCUMENT-000122"",""PF-INSPECTION-000122""]"
PF-PERMITAPPLICATION-000214,Application Reopened,2023-01-29T12:23:00Z,wf_task_history,WF-0000002517,USR-089,"[""PF-PERMITAPPLICATION-000214"",""PF-AGENCY-000214""]"
PF-PERMITAPPLICATION-000100,Completeness Rejected,2023-01-29T13:00:00Z,wf_external_task,WF-0000002526,USR-064,"[""PF-PERMITAPPLICATION-000100"",""PF-OBJECTION-000100""]"
PF-PERMITAPPLICATION-000100,Application Reopened,2023-01-29T13:52:00Z,wf_task_history,WF-0000002527,USR-056,"[""PF-PERMITAPPLICATION-000100"",""PF-AGENCY-000100"",""PF-CONDITION-000100""]"
PF-PERMITAPPLICATION-000100,Inspection Failed,2023-01-29T14:14:00Z,wf_message_delivery,WF-0000002528,USR-102,"[""PF-PERMITAPPLICATION-000100"",""PF-DOCUMENT-000100""]"
PF-PERMITAPPLICATION-000100,Reinspection Requested,2023-01-29T14:51:00Z,wf_form_submission,WF-0000002529,USR-103,"[""PF-PERMITAPPLICATION-000100"",""PF-REVIEW-000100"",""PF-VIOLATION-000100""]"
PF-PERMITAPPLICATION-000216,Application Reopened,2023-01-29T18:25:00Z,wf_task_history,WF-0000002543,USR-123,"[""PF-PERMITAPPLICATION-000216"",""PF-AGENCY-000216""]"
PF-PERMITAPPLICATION-000218,Application Reopened,2023-01-30T00:27:00Z,wf_task_history,WF-0000002566,USR-030,"[""PF-PERMITAPPLICATION-000218"",""PF-AGENCY-000218""]"
PF-PERMITAPPLICATION-000105,Completeness Rejected,2023-01-30T04:00:00Z,wf_external_task,WF-0000002593,USR-022,"[""PF-PERMITAPPLICATION-000105"",""PF-OBJECTION-000105"",""PF-REVIEW-000105""]"
PF-PERMITAPPLICATION-000105,Application Reopened,2023-01-30T04:52:00Z,wf_task_history,WF-0000002594,USR-014,"[""PF-PERMITAPPLICATION-000105"",""PF-AGENCY-000105""]"
PF-PERMITAPPLICATION-000105,Inspection Failed,2023-01-30T05:14:00Z,wf_message_delivery,WF-0000002595,USR-060,"[""PF-PERMITAPPLICATION-000105"",""PF-DOCUMENT-000105"",""PF-INSPECTION-000105""]"
PF-PERMITAPPLICATION-000105,Reinspection Requested,2023-01-30T05:51:00Z,wf_form_submission,WF-0000002596,USR-061,"[""PF-PERMITAPPLICATION-000105"",""PF-REVIEW-000105""]"
PF-PERMITAPPLICATION-000220,Application Reopened,2023-01-30T06:29:00Z,wf_task_history,WF-0000002600,USR-064,"[""PF-PERMITAPPLICATION-000220"",""PF-AGENCY-000220""]"
PF-PERMITAPPLICATION-000222,Application Reopened,2023-01-30T12:31:00Z,wf_task_history,WF-0000002621,USR-098,"[""PF-PERMITAPPLICATION-000222"",""PF-AGENCY-000222""]"
PF-PERMITAPPLICATION-000208,Completeness Rejected,2023-01-30T18:10:00Z,wf_external_task,WF-0000002643,USR-122,"[""PF-PERMITAPPLICATION-000208"",""PF-OBJECTION-000208"",""PF-REVIEW-000208""]"
PF-PERMITAPPLICATION-000224,Application Reopened,2023-01-30T18:33:00Z,wf_task_history,WF-0000002646,USR-005,"[""PF-PERMITAPPLICATION-000224"",""PF-AGENCY-000224"",""PF-CONDITION-000224""]"
PF-PERMITAPPLICATION-000110,Completeness Rejected,2023-01-30T19:00:00Z,wf_external_task,WF-0000002656,USR-107,"[""PF-PERMITAPPLICATION-000110"",""PF-OBJECTION-000110"",""PF-REVIEW-000110""]"
PF-PERMITAPPLICATION-000110,Application Reopened,2023-01-30T19:52:00Z,wf_task_history,WF-0000002657,USR-099,"[""PF-PERMITAPPLICATION-000110"",""PF-AGENCY-000110""]"
PF-PERMITAPPLICATION-000110,Inspection Failed,2023-01-30T20:14:00Z,wf_message_delivery,WF-0000002658,USR-018,"[""PF-PERMITAPPLICATION-000110"",""PF-DOCUMENT-000110"",""PF-INSPECTION-000110""]"
PF-PERMITAPPLICATION-000110,Reinspection Requested,2023-01-30T20:51:00Z,wf_form_submission,WF-0000002659,USR-019,"[""PF-PERMITAPPLICATION-000110"",""PF-REVIEW-000110""]"
PF-PERMITAPPLICATION-000226,Application Reopened,2023-01-31T00:35:00Z,wf_task_history,WF-0000002676,USR-039,"[""PF-PERMITAPPLICATION-000226"",""PF-AGENCY-000226""]"
PF-PERMITAPPLICATION-000228,Application Reopened,2023-01-31T06:37:00Z,wf_task_history,WF-0000002698,USR-073,"[""PF-PERMITAPPLICATION-000228"",""PF-AGENCY-000228"",""PF-CONDITION-000228""]"
PF-PERMITAPPLICATION-000115,Completeness Rejected,2023-01-31T10:00:00Z,wf_external_task,WF-0000002718,USR-065,"[""PF-PERMITAPPLICATION-000115"",""PF-OBJECTION-000115""]"
PF-PERMITAPPLICATION-000115,Application Reopened,2023-01-31T10:52:00Z,wf_task_history,WF-0000002719,USR-057,"[""PF-PERMITAPPLICATION-000115"",""PF-AGENCY-000115"",""PF-CONDITION-000115""]"
PF-PERMITAPPLICATION-000115,Inspection Failed,2023-01-31T11:14:00Z,wf_message_delivery,WF-0000002720,USR-103,"[""PF-PERMITAPPLICATION-000115"",""PF-DOCUMENT-000115""]"
PF-PERMITAPPLICATION-000115,Reinspection Requested,2023-01-31T11:51:00Z,wf_form_submission,WF-0000002721,USR-104,"[""PF-PERMITAPPLICATION-000115"",""PF-REVIEW-000115"",""PF-VIOLATION-000115""]"
PF-PERMITAPPLICATION-000230,Application Reopened,2023-01-31T12:39:00Z,wf_task_history,WF-0000002727,USR-107,"[""PF-PERMITAPPLICATION-000230"",""PF-AGENCY-000230"",""PF-CONDITION-000230""]"
PF-PERMITAPPLICATION-000232,Application Reopened,2023-01-31T18:41:00Z,wf_task_history,WF-0000002756,USR-014,"[""PF-PERMITAPPLICATION-000232"",""PF-AGENCY-000232""]"
PF-PERMITAPPLICATION-000139,Reinspection Requested,2023-01-31T21:33:00Z,wf_form_submission,WF-0000002773,USR-004,"[""PF-PERMITAPPLICATION-000139"",""PF-REVIEW-000139""]"
PF-PERMITAPPLICATION-000141,Inspection Failed,2023-01-31T21:34:00Z,wf_message_delivery,WF-0000002775,USR-037,"[""PF-PERMITAPPLICATION-000141"",""PF-DOCUMENT-000141""]"
PF-PERMITAPPLICATION-000234,Application Reopened,2023-02-01T00:43:00Z,wf_task_history,WF-0000002781,USR-048,"[""PF-PERMITAPPLICATION-000234"",""PF-AGENCY-000234""]"
PF-PERMITAPPLICATION-000120,Completeness Rejected,2023-02-01T01:00:00Z,wf_external_task,WF-0000002788,USR-023,"[""PF-PERMITAPPLICATION-000120"",""PF-OBJECTION-000120"",""PF-REVIEW-000120""]"
PF-PERMITAPPLICATION-000120,Application Reopened,2023-02-01T01:52:00Z,wf_task_history,WF-0000002789,USR-015,"[""PF-PERMITAPPLICATION-000120"",""PF-AGENCY-000120""]"
PF-PERMITAPPLICATION-000120,Inspection Failed,2023-02-01T02:14:00Z,wf_message_delivery,WF-0000002790,USR-061,"[""PF-PERMITAPPLICATION-000120"",""PF-DOCUMENT-000120"",""PF-INSPECTION-000120""]"
PF-PERMITAPPLICATION-000120,Reinspection Requested,2023-02-01T02:51:00Z,wf_form_submission,WF-0000002791,USR-062,"[""PF-PERMITAPPLICATION-000120"",""PF-REVIEW-000120""]"
PF-PERMITAPPLICATION-000236,Application Reopened,2023-02-01T06:45:00Z,wf_task_history,WF-0000002805,USR-082,"[""PF-PERMITAPPLICATION-000236"",""PF-AGENCY-000236"",""PF-CONDITION-000236""]"
PF-PERMITAPPLICATION-000221,Completeness Rejected,2023-02-01T09:23:00Z,wf_external_task,WF-0000002815,USR-089,"[""PF-PERMITAPPLICATION-000221"",""PF-OBJECTION-000221"",""PF-REVIEW-000221""]"
PF-PERMITAPPLICATION-000238,Application Reopened,2023-02-01T12:47:00Z,wf_task_history,WF-0000002831,USR-116,"[""PF-PERMITAPPLICATION-000238"",""PF-AGENCY-000238"",""PF-CONDITION-000238""]"
PF-PERMITAPPLICATION-000125,Completeness Rejected,2023-02-01T16:00:00Z,wf_external_task,WF-0000002850,USR-108,"[""PF-PERMITAPPLICATION-000125"",""PF-OBJECTION-000125"",""PF-REVIEW-000125""]"
PF-PERMITAPPLICATION-000125,Application Reopened,2023-02-01T16:52:00Z,wf_task_history,WF-0000002851,USR-100,"[""PF-PERMITAPPLICATION-000125"",""PF-AGENCY-000125""]"
PF-PERMITAPPLICATION-000125,Inspection Failed,2023-02-01T17:14:00Z,wf_message_delivery,WF-0000002852,USR-019,"[""PF-PERMITAPPLICATION-000125"",""PF-DOCUMENT-000125"",""PF-INSPECTION-000125""]"
PF-PERMITAPPLICATION-000125,Reinspection Requested,2023-02-01T17:51:00Z,wf_form_submission,WF-0000002853,USR-020,"[""PF-PERMITAPPLICATION-000125"",""PF-REVIEW-000125""]"
PF-PERMITAPPLICATION-000240,Application Reopened,2023-02-01T18:49:00Z,wf_task_history,WF-0000002857,USR-023,"[""PF-PERMITAPPLICATION-000240"",""PF-AGENCY-000240"",""PF-CONDITION-000240""]"
PF-PERMITAPPLICATION-000242,Application Reopened,2023-02-02T00:51:00Z,wf_task_history,WF-0000002887,USR-057,"[""PF-PERMITAPPLICATION-000242"",""PF-AGENCY-000242"",""PF-CONDITION-000242""]"
PF-PERMITAPPLICATION-000244,Application Reopened,2023-02-02T06:53:00Z,wf_task_history,WF-0000002908,USR-091,"[""PF-PERMITAPPLICATION-000244"",""PF-AGENCY-000244""]"
PF-PERMITAPPLICATION-000130,Completeness Rejected,2023-02-02T07:00:00Z,wf_external_task,WF-0000002917,USR-066,"[""PF-PERMITAPPLICATION-000130"",""PF-OBJECTION-000130"",""PF-REVIEW-000130""]"
PF-PERMITAPPLICATION-000130,Application Reopened,2023-02-02T07:52:00Z,wf_task_history,WF-0000002918,USR-058,"[""PF-PERMITAPPLICATION-000130"",""PF-AGENCY-000130""]"
PF-PERMITAPPLICATION-000130,Inspection Failed,2023-02-02T08:14:00Z,wf_message_delivery,WF-0000002919,USR-104,"[""PF-PERMITAPPLICATION-000130"",""PF-DOCUMENT-000130"",""PF-INSPECTION-000130""]"
PF-PERMITAPPLICATION-000130,Reinspection Requested,2023-02-02T08:51:00Z,wf_form_submission,WF-0000002920,USR-105,"[""PF-PERMITAPPLICATION-000130"",""PF-REVIEW-000130""]"
PF-PERMITAPPLICATION-000246,Application Reopened,2023-02-02T12:55:00Z,wf_task_history,WF-0000002936,USR-125,"[""PF-PERMITAPPLICATION-000246"",""PF-AGENCY-000246""]"
PF-PERMITAPPLICATION-000248,Application Reopened,2023-02-02T18:57:00Z,wf_task_history,WF-0000002962,USR-032,"[""PF-PERMITAPPLICATION-000248"",""PF-AGENCY-000248"",""PF-CONDITION-000248""]"
PF-PERMITAPPLICATION-000135,Completeness Rejected,2023-02-02T22:00:00Z,wf_external_task,WF-0000002982,USR-024,"[""PF-PERMITAPPLICATION-000135"",""PF-OBJECTION-000135""]"
PF-PERMITAPPLICATION-000135,Application Reopened,2023-02-02T22:52:00Z,wf_task_history,WF-0000002983,USR-016,"[""PF-PERMITAPPLICATION-000135"",""PF-AGENCY-000135"",""PF-CONDITION-000135""]"
PF-PERMITAPPLICATION-000135,Inspection Failed,2023-02-02T23:14:00Z,wf_message_delivery,WF-0000002984,USR-062,"[""PF-PERMITAPPLICATION-000135"",""PF-DOCUMENT-000135""]"
PF-PERMITAPPLICATION-000135,Reinspection Requested,2023-02-02T23:51:00Z,wf_form_submission,WF-0000002985,USR-063,"[""PF-PERMITAPPLICATION-000135"",""PF-REVIEW-000135"",""PF-VIOLATION-000135""]"
PF-PERMITAPPLICATION-000234,Completeness Rejected,2023-02-03T00:36:00Z,wf_external_task,WF-0000002986,USR-056,"[""PF-PERMITAPPLICATION-000234"",""PF-OBJECTION-000234""]"
PF-PERMITAPPLICATION-000250,Application Reopened,2023-02-03T00:59:00Z,wf_task_history,WF-0000002989,USR-066,"[""PF-PERMITAPPLICATION-000250"",""PF-AGENCY-000250""]"
PF-PERMITAPPLICATION-000160,Inspection Failed,2023-02-03T06:00:00Z,wf_message_delivery,WF-0000003009,USR-106,"[""PF-PERMITAPPLICATION-000160"",""PF-DOCUMENT-000160"",""PF-INSPECTION-000160""]"
PF-PERMITAPPLICATION-000252,Application Reopened,2023-02-03T07:01:00Z,wf_task_history,WF-0000003019,USR-100,"[""PF-PERMITAPPLICATION-000252"",""PF-AGENCY-000252""]"
PF-PERMITAPPLICATION-000140,Completeness Rejected,2023-02-03T13:00:00Z,wf_external_task,WF-0000003050,USR-109,"[""PF-PERMITAPPLICATION-000140"",""PF-OBJECTION-000140""]"
PF-PERMITAPPLICATION-000254,Application Reopened,2023-02-03T13:03:00Z,wf_task_history,WF-0000003045,USR-007,"[""PF-PERMITAPPLICATION-000254"",""PF-AGENCY-000254""]"
PF-PERMITAPPLICATION-000140,Application Reopened,2023-02-03T13:52:00Z,wf_task_history,WF-0000003051,USR-101,"[""PF-PERMITAPPLICATION-000140"",""PF-AGENCY-000140"",""PF-CONDITION-000140""]"
PF-PERMITAPPLICATION-000140,Inspection Failed,2023-02-03T14:14:00Z,wf_message_delivery,WF-0000003052,USR-020,"[""PF-PERMITAPPLICATION-000140"",""PF-DOCUMENT-000140""]"
PF-PERMITAPPLICATION-000140,Reinspection Requested,2023-02-03T14:51:00Z,wf_form_submission,WF-0000003053,USR-021,"[""PF-PERMITAPPLICATION-000140"",""PF-REVIEW-000140"",""PF-VIOLATION-000140""]"
PF-PERMITAPPLICATION-000162,Reinspection Requested,2023-02-03T18:03:00Z,wf_form_submission,WF-0000003068,USR-014,"[""PF-PERMITAPPLICATION-000162"",""PF-REVIEW-000162"",""PF-VIOLATION-000162""]"
PF-PERMITAPPLICATION-000256,Application Reopened,2023-02-03T19:05:00Z,wf_task_history,WF-0000003073,USR-041,"[""PF-PERMITAPPLICATION-000256"",""PF-AGENCY-000256""]"
PF-PERMITAPPLICATION-000258,Application Reopened,2023-02-04T01:07:00Z,wf_task_history,WF-0000003098,USR-075,"[""PF-PERMITAPPLICATION-000258"",""PF-AGENCY-000258""]"
PF-PERMITAPPLICATION-000145,Completeness Rejected,2023-02-04T04:00:00Z,wf_external_task,WF-0000003110,USR-067,"[""PF-PERMITAPPLICATION-000145"",""PF-OBJECTION-000145""]"
PF-PERMITAPPLICATION-000145,Application Reopened,2023-02-04T04:52:00Z,wf_task_history,WF-0000003111,USR-059,"[""PF-PERMITAPPLICATION-000145"",""PF-AGENCY-000145""]"
PF-PERMITAPPLICATION-000145,Inspection Failed,2023-02-04T05:14:00Z,wf_message_delivery,WF-0000003112,USR-105,"[""PF-PERMITAPPLICATION-000145"",""PF-DOCUMENT-000145""]"
PF-PERMITAPPLICATION-000145,Reinspection Requested,2023-02-04T05:51:00Z,wf_form_submission,WF-0000003113,USR-106,"[""PF-PERMITAPPLICATION-000145"",""PF-REVIEW-000145"",""PF-VIOLATION-000145""]"
PF-PERMITAPPLICATION-000260,Application Reopened,2023-02-04T06:16:00Z,wf_task_history,WF-0000003114,USR-109,"[""PF-PERMITAPPLICATION-000260"",""PF-AGENCY-000260""]"
PF-PERMITAPPLICATION-000262,Application Reopened,2023-02-04T12:18:00Z,wf_task_history,WF-0000003142,USR-016,"[""PF-PERMITAPPLICATION-000262"",""PF-AGENCY-000262""]"
PF-PERMITAPPLICATION-000247,Completeness Rejected,2023-02-04T15:49:00Z,wf_external_task,WF-0000003167,USR-023,"[""PF-PERMITAPPLICATION-000247"",""PF-OBJECTION-000247""]"
PF-PERMITAPPLICATION-000264,Application Reopened,2023-02-04T18:20:00Z,wf_task_history,WF-0000003172,USR-050,"[""PF-PERMITAPPLICATION-000264"",""PF-AGENCY-000264""]"
PF-PERMITAPPLICATION-000150,Completeness Rejected,2023-02-04T19:00:00Z,wf_external_task,WF-0000003182,USR-025,"[""PF-PERMITAPPLICATION-000150"",""PF-OBJECTION-000150""]"
PF-PERMITAPPLICATION-000150,Application Reopened,2023-02-04T19:52:00Z,wf_task_history,WF-0000003183,USR-017,"[""PF-PERMITAPPLICATION-000150"",""PF-AGENCY-000150"",""PF-CONDITION-000150""]"
PF-PERMITAPPLICATION-000150,Inspection Failed,2023-02-04T20:14:00Z,wf_message_delivery,WF-0000003184,USR-063,"[""PF-PERMITAPPLICATION-000150"",""PF-DOCUMENT-000150""]"
PF-PERMITAPPLICATION-000150,Reinspection Requested,2023-02-04T20:51:00Z,wf_form_submission,WF-0000003185,USR-064,"[""PF-PERMITAPPLICATION-000150"",""PF-REVIEW-000150""]"
PF-PERMITAPPLICATION-000266,Application Reopened,2023-02-05T00:22:00Z,wf_task_history,WF-0000003200,USR-084,"[""PF-PERMITAPPLICATION-000266"",""PF-AGENCY-000266""]"
PF-PERMITAPPLICATION-000268,Application Reopened,2023-02-05T06:24:00Z,wf_task_history,WF-0000003221,USR-118,"[""PF-PERMITAPPLICATION-000268"",""PF-AGENCY-000268""]"
PF-PERMITAPPLICATION-000155,Completeness Rejected,2023-02-05T10:00:00Z,wf_external_task,WF-0000003243,USR-110,"[""PF-PERMITAPPLICATION-000155"",""PF-OBJECTION-000155""]"
PF-PERMITAPPLICATION-000155,Application Reopened,2023-02-05T10:52:00Z,wf_task_history,WF-0000003244,USR-102,"[""PF-PERMITAPPLICATION-000155"",""PF-AGENCY-000155""]"
PF-PERMITAPPLICATION-000155,Inspection Failed,2023-02-05T11:14:00Z,wf_message_delivery,WF-0000003245,USR-021,"[""PF-PERMITAPPLICATION-000155"",""PF-DOCUMENT-000155""]"
PF-PERMITAPPLICATION-000155,Reinspection Requested,2023-02-05T11:51:00Z,wf_form_submission,WF-0000003246,USR-022,"[""PF-PERMITAPPLICATION-000155"",""PF-REVIEW-000155"",""PF-VIOLATION-000155""]"
PF-PERMITAPPLICATION-000270,Application Reopened,2023-02-05T12:26:00Z,wf_task_history,WF-0000003249,USR-025,"[""PF-PERMITAPPLICATION-000270"",""PF-AGENCY-000270"",""PF-CONDITION-000270""]"
PF-PERMITAPPLICATION-000179,Inspection Failed,2023-02-05T15:19:00Z,wf_message_delivery,WF-0000003268,USR-048,"[""PF-PERMITAPPLICATION-000179"",""PF-DOCUMENT-000179"",""PF-INSPECTION-000179""]"
PF-PERMITAPPLICATION-000272,Application Reopened,2023-02-05T18:28:00Z,wf_task_history,WF-0000003274,USR-059,"[""PF-PERMITAPPLICATION-000272"",""PF-AGENCY-000272"",""PF-CONDITION-000272""]"
PF-PERMITAPPLICATION-000274,Application Reopened,2023-02-06T00:30:00Z,wf_task_history,WF-0000003297,USR-093,"[""PF-PERMITAPPLICATION-000274"",""PF-AGENCY-000274""]"
PF-PERMITAPPLICATION-000160,Completeness Rejected,2023-02-06T01:00:00Z,wf_external_task,WF-0000003311,USR-068,"[""PF-PERMITAPPLICATION-000160"",""PF-OBJECTION-000160"",""PF-REVIEW-000160""]"
PF-PERMITAPPLICATION-000160,Application Reopened,2023-02-06T01:52:00Z,wf_task_history,WF-0000003312,USR-060,"[""PF-PERMITAPPLICATION-000160"",""PF-AGENCY-000160""]"
PF-PERMITAPPLICATION-000160,Inspection Failed,2023-02-06T02:14:00Z,wf_message_delivery,WF-0000003313,USR-106,"[""PF-PERMITAPPLICATION-000160"",""PF-DOCUMENT-000160"",""PF-INSPECTION-000160""]"
PF-PERMITAPPLICATION-000160,Reinspection Requested,2023-02-06T02:51:00Z,wf_form_submission,WF-0000003314,USR-107,"[""PF-PERMITAPPLICATION-000160"",""PF-REVIEW-000160""]"
PF-PERMITAPPLICATION-000260,Completeness Rejected,2023-02-06T06:09:00Z,wf_external_task,WF-0000003328,USR-117,"[""PF-PERMITAPPLICATION-000260"",""PF-OBJECTION-000260"",""PF-REVIEW-000260""]"
PF-PERMITAPPLICATION-000276,Application Reopened,2023-02-06T06:32:00Z,wf_task_history,WF-0000003332,USR-127,"[""PF-PERMITAPPLICATION-000276"",""PF-AGENCY-000276"",""PF-CONDITION-000276""]"
PF-PERMITAPPLICATION-000278,Application Reopened,2023-02-06T12:34:00Z,wf_task_history,WF-0000003353,USR-034,"[""PF-PERMITAPPLICATION-000278"",""PF-AGENCY-000278"",""PF-CONDITION-000278""]"
PF-PERMITAPPLICATION-000185,Reinspection Requested,2023-02-06T15:26:00Z,wf_form_submission,WF-0000003370,USR-024,"[""PF-PERMITAPPLICATION-000185"",""PF-REVIEW-000185""]"
PF-PERMITAPPLICATION-000165,Completeness Rejected,2023-02-06T16:00:00Z,wf_external_task,WF-0000003374,USR-026,"[""PF-PERMITAPPLICATION-000165"",""PF-OBJECTION-000165""]"
PF-PERMITAPPLICATION-000165,Application Reopened,2023-02-06T16:52:00Z,wf_task_history,WF-0000003375,USR-018,"[""PF-PERMITAPPLICATION-000165"",""PF-AGENCY-000165"",""PF-CONDITION-000165""]"
PF-PERMITAPPLICATION-000165,Inspection Failed,2023-02-06T17:14:00Z,wf_message_delivery,WF-0000003376,USR-064,"[""PF-PERMITAPPLICATION-000165"",""PF-DOCUMENT-000165""]"
PF-PERMITAPPLICATION-000165,Reinspection Requested,2023-02-06T17:51:00Z,wf_form_submission,WF-0000003377,USR-065,"[""PF-PERMITAPPLICATION-000165"",""PF-REVIEW-000165""]"
PF-PERMITAPPLICATION-000280,Application Reopened,2023-02-06T18:36:00Z,wf_task_history,WF-0000003381,USR-068,"[""PF-PERMITAPPLICATION-000280"",""PF-AGENCY-000280""]"
PF-PERMITAPPLICATION-000282,Application Reopened,2023-02-07T00:38:00Z,wf_task_history,WF-0000003404,USR-102,"[""PF-PERMITAPPLICATION-000282"",""PF-AGENCY-000282"",""PF-CONDITION-000282""]"
PF-PERMITAPPLICATION-000284,Application Reopened,2023-02-07T06:40:00Z,wf_task_history,WF-0000003428,USR-009,"[""PF-PERMITAPPLICATION-000284"",""PF-AGENCY-000284"",""PF-CONDITION-000284""]"
PF-PERMITAPPLICATION-000170,Completeness Rejected,2023-02-07T07:00:00Z,wf_external_task,WF-0000003435,USR-111,"[""PF-PERMITAPPLICATION-000170"",""PF-OBJECTION-000170""]"
PF-PERMITAPPLICATION-000170,Application Reopened,2023-02-07T07:52:00Z,wf_task_history,WF-0000003436,USR-103,"[""PF-PERMITAPPLICATION-000170"",""PF-AGENCY-000170"",""PF-CONDITION-000170""]"
PF-PERMITAPPLICATION-000170,Inspection Failed,2023-02-07T08:14:00Z,wf_message_delivery,WF-0000003437,USR-022,"[""PF-PERMITAPPLICATION-000170"",""PF-DOCUMENT-000170""]"
PF-PERMITAPPLICATION-000170,Reinspection Requested,2023-02-07T08:51:00Z,wf_form_submission,WF-0000003438,USR-023,"[""PF-PERMITAPPLICATION-000170"",""PF-REVIEW-000170"",""PF-VIOLATION-000170""]"
PF-PERMITAPPLICATION-000286,Application Reopened,2023-02-07T12:42:00Z,wf_task_history,WF-0000003462,USR-043,"[""PF-PERMITAPPLICATION-000286"",""PF-AGENCY-000286""]"
PF-PERMITAPPLICATION-000288,Application Reopened,2023-02-07T18:44:00Z,wf_task_history,WF-0000003487,USR-077,"[""PF-PERMITAPPLICATION-000288"",""PF-AGENCY-000288""]"
PF-PERMITAPPLICATION-000273,Completeness Rejected,2023-02-07T21:22:00Z,wf_external_task,WF-0000003497,USR-084,"[""PF-PERMITAPPLICATION-000273"",""PF-OBJECTION-000273""]"
PF-PERMITAPPLICATION-000175,Completeness Rejected,2023-02-07T22:00:00Z,wf_external_task,WF-0000003507,USR-069,"[""PF-PERMITAPPLICATION-000175"",""PF-OBJECTION-000175""]"
PF-PERMITAPPLICATION-000175,Application Reopened,2023-02-07T22:52:00Z,wf_task_history,WF-0000003508,USR-061,"[""PF-PERMITAPPLICATION-000175"",""PF-AGENCY-000175"",""PF-CONDITION-000175""]"
PF-PERMITAPPLICATION-000175,Inspection Failed,2023-02-07T23:14:00Z,wf_message_delivery,WF-0000003509,USR-107,"[""PF-PERMITAPPLICATION-000175"",""PF-DOCUMENT-000175""]"
PF-PERMITAPPLICATION-000175,Reinspection Requested,2023-02-07T23:51:00Z,wf_form_submission,WF-0000003510,USR-108,"[""PF-PERMITAPPLICATION-000175"",""PF-REVIEW-000175"",""PF-VIOLATION-000175""]"
PF-PERMITAPPLICATION-000198,Inspection Failed,2023-02-08T00:38:00Z,wf_message_delivery,WF-0000003521,USR-117,"[""PF-PERMITAPPLICATION-000198"",""PF-DOCUMENT-000198""]"
PF-PERMITAPPLICATION-000290,Application Reopened,2023-02-08T00:46:00Z,wf_task_history,WF-0000003514,USR-111,"[""PF-PERMITAPPLICATION-000290"",""PF-AGENCY-000290"",""PF-CONDITION-000290""]"
PF-PERMITAPPLICATION-000292,Application Reopened,2023-02-08T06:48:00Z,wf_task_history,WF-0000003535,USR-018,"[""PF-PERMITAPPLICATION-000292"",""PF-AGENCY-000292""]"
PF-PERMITAPPLICATION-000294,Application Reopened,2023-02-08T12:50:00Z,wf_task_history,WF-0000003560,USR-052,"[""PF-PERMITAPPLICATION-000294"",""PF-AGENCY-000294""]"
PF-PERMITAPPLICATION-000180,Completeness Rejected,2023-02-08T13:00:00Z,wf_external_task,WF-0000003569,USR-027,"[""PF-PERMITAPPLICATION-000180"",""PF-OBJECTION-000180""]"
PF-PERMITAPPLICATION-000180,Application Reopened,2023-02-08T13:52:00Z,wf_task_history,WF-0000003570,USR-019,"[""PF-PERMITAPPLICATION-000180"",""PF-AGENCY-000180""]"
PF-PERMITAPPLICATION-000180,Inspection Failed,2023-02-08T14:14:00Z,wf_message_delivery,WF-0000003571,USR-065,"[""PF-PERMITAPPLICATION-000180"",""PF-DOCUMENT-000180""]"
PF-PERMITAPPLICATION-000180,Reinspection Requested,2023-02-08T14:51:00Z,wf_form_submission,WF-0000003572,USR-066,"[""PF-PERMITAPPLICATION-000180"",""PF-REVIEW-000180"",""PF-VIOLATION-000180""]"
PF-PERMITAPPLICATION-000296,Application Reopened,2023-02-08T18:52:00Z,wf_task_history,WF-0000003591,USR-086,"[""PF-PERMITAPPLICATION-000296"",""PF-AGENCY-000296"",""PF-CONDITION-000296""]"
PF-PERMITAPPLICATION-000298,Application Reopened,2023-02-09T00:54:00Z,wf_task_history,WF-0000003617,USR-120,"[""PF-PERMITAPPLICATION-000298"",""PF-AGENCY-000298""]"
PF-PERMITAPPLICATION-000185,Completeness Rejected,2023-02-09T04:00:00Z,wf_external_task,WF-0000003636,USR-112,"[""PF-PERMITAPPLICATION-000185"",""PF-OBJECTION-000185"",""PF-REVIEW-000185""]"
PF-PERMITAPPLICATION-000185,Application Reopened,2023-02-09T04:52:00Z,wf_task_history,WF-0000003637,USR-104,"[""PF-PERMITAPPLICATION-000185"",""PF-AGENCY-000185""]"
PF-PERMITAPPLICATION-000185,Inspection Failed,2023-02-09T05:14:00Z,wf_message_delivery,WF-0000003638,USR-023,"[""PF-PERMITAPPLICATION-000185"",""PF-DOCUMENT-000185"",""PF-INSPECTION-000185""]"
PF-PERMITAPPLICATION-000185,Reinspection Requested,2023-02-09T05:51:00Z,wf_form_submission,WF-0000003639,USR-024,"[""PF-PERMITAPPLICATION-000185"",""PF-REVIEW-000185""]"
PF-PERMITAPPLICATION-000300,Application Reopened,2023-02-09T06:56:00Z,wf_task_history,WF-0000003645,USR-027,"[""PF-PERMITAPPLICATION-000300"",""PF-AGENCY-000300""]"
PF-PERMITAPPLICATION-000286,Completeness Rejected,2023-02-09T12:35:00Z,wf_external_task,WF-0000003667,USR-051,"[""PF-PERMITAPPLICATION-000286"",""PF-OBJECTION-000286"",""PF-REVIEW-000286""]"
PF-PERMITAPPLICATION-000208,Reinspection Requested,2023-02-09T12:49:00Z,wf_form_submission,WF-0000003676,USR-034,"[""PF-PERMITAPPLICATION-000208"",""PF-REVIEW-000208"",""PF-VIOLATION-000208""]"
PF-PERMITAPPLICATION-000302,Application Reopened,2023-02-09T12:58:00Z,wf_task_history,WF-0000003670,USR-061,"[""PF-PERMITAPPLICATION-000302"",""PF-AGENCY-000302"",""PF-CONDITION-000302""]"
PF-PERMITAPPLICATION-000304,Application Reopened,2023-02-09T19:00:00Z,wf_task_history,WF-0000003692,USR-095,"[""PF-PERMITAPPLICATION-000304"",""PF-AGENCY-000304""]"
PF-PERMITAPPLICATION-000190,Completeness Rejected,2023-02-09T19:00:00Z,wf_external_task,WF-0000003699,USR-070,"[""PF-PERMITAPPLICATION-000190"",""PF-OBJECTION-000190""]"
PF-PERMITAPPLICATION-000190,Application Reopened,2023-02-09T19:52:00Z,wf_task_history,WF-0000003700,USR-062,"[""PF-PERMITAPPLICATION-000190"",""PF-AGENCY-000190"",""PF-CONDITION-000190""]"
PF-PERMITAPPLICATION-000190,Inspection Failed,2023-02-09T20:14:00Z,wf_message_delivery,WF-0000003701,USR-108,"[""PF-PERMITAPPLICATION-000190"",""PF-DOCUMENT-000190""]"
PF-PERMITAPPLICATION-000190,Reinspection Requested,2023-02-09T20:51:00Z,wf_form_submission,WF-0000003702,USR-109,"[""PF-PERMITAPPLICATION-000190"",""PF-REVIEW-000190""]"
PF-PERMITAPPLICATION-000306,Application Reopened,2023-02-10T01:02:00Z,wf_task_history,WF-0000003720,USR-002,"[""PF-PERMITAPPLICATION-000306"",""PF-AGENCY-000306""]"
PF-PERMITAPPLICATION-000308,Application Reopened,2023-02-10T07:04:00Z,wf_task_history,WF-0000003752,USR-036,"[""PF-PERMITAPPLICATION-000308"",""PF-AGENCY-000308""]"
PF-PERMITAPPLICATION-000217,Inspection Failed,2023-02-10T09:04:00Z,wf_message_delivery,WF-0000003760,USR-059,"[""PF-PERMITAPPLICATION-000217"",""PF-DOCUMENT-000217"",""PF-INSPECTION-000217""]"
PF-PERMITAPPLICATION-000195,Completeness Rejected,2023-02-10T10:00:00Z,wf_external_task,WF-0000003769,USR-028,"[""PF-PERMITAPPLICATION-000195"",""PF-OBJECTION-000195"",""PF-REVIEW-000195""]"
PF-PERMITAPPLICATION-000195,Application Reopened,2023-02-10T10:52:00Z,wf_task_history,WF-0000003770,USR-020,"[""PF-PERMITAPPLICATION-000195"",""PF-AGENCY-000195""]"
PF-PERMITAPPLICATION-000195,Inspection Failed,2023-02-10T11:14:00Z,wf_message_delivery,WF-0000003771,USR-066,"[""PF-PERMITAPPLICATION-000195"",""PF-DOCUMENT-000195"",""PF-INSPECTION-000195""]"
PF-PERMITAPPLICATION-000195,Reinspection Requested,2023-02-10T11:51:00Z,wf_form_submission,WF-0000003772,USR-067,"[""PF-PERMITAPPLICATION-000195"",""PF-REVIEW-000195""]"
PF-PERMITAPPLICATION-000310,Application Reopened,2023-02-10T13:06:00Z,wf_task_history,WF-0000003782,USR-070,"[""PF-PERMITAPPLICATION-000310"",""PF-AGENCY-000310"",""PF-CONDITION-000310""]"
PF-PERMITAPPLICATION-000312,Application Reopened,2023-02-10T18:15:00Z,wf_task_history,WF-0000003795,USR-104,"[""PF-PERMITAPPLICATION-000312"",""PF-AGENCY-000312"",""PF-CONDITION-000312""]"
PF-PERMITAPPLICATION-000314,Application Reopened,2023-02-11T00:17:00Z,wf_task_history,WF-0000003821,USR-011,"[""PF-PERMITAPPLICATION-000314"",""PF-AGENCY-000314"",""PF-CONDITION-000314""]"
PF-PERMITAPPLICATION-000200,Completeness Rejected,2023-02-11T01:00:00Z,wf_external_task,WF-0000003830,USR-113,"[""PF-PERMITAPPLICATION-000200"",""PF-OBJECTION-000200""]"
PF-PERMITAPPLICATION-000200,Application Reopened,2023-02-11T01:52:00Z,wf_task_history,WF-0000003831,USR-105,"[""PF-PERMITAPPLICATION-000200"",""PF-AGENCY-000200""]"
PF-PERMITAPPLICATION-000200,Inspection Failed,2023-02-11T02:14:00Z,wf_message_delivery,WF-0000003832,USR-024,"[""PF-PERMITAPPLICATION-000200"",""PF-DOCUMENT-000200""]"
PF-PERMITAPPLICATION-000200,Reinspection Requested,2023-02-11T02:51:00Z,wf_form_submission,WF-0000003833,USR-025,"[""PF-PERMITAPPLICATION-000200"",""PF-REVIEW-000200"",""PF-VIOLATION-000200""]"
PF-PERMITAPPLICATION-000299,Completeness Rejected,2023-02-11T03:48:00Z,wf_external_task,WF-0000003843,USR-018,"[""PF-PERMITAPPLICATION-000299"",""PF-OBJECTION-000299""]"
PF-PERMITAPPLICATION-000316,Application Reopened,2023-02-11T06:19:00Z,wf_task_history,WF-0000003847,USR-045,"[""PF-PERMITAPPLICATION-000316"",""PF-AGENCY-000316"",""PF-CONDITION-000316""]"
PF-PERMITAPPLICATION-000318,Application Reopened,2023-02-11T12:21:00Z,wf_task_history,WF-0000003874,USR-079,"[""PF-PERMITAPPLICATION-000318"",""PF-AGENCY-000318""]"
PF-PERMITAPPLICATION-000205,Completeness Rejected,2023-02-11T16:00:00Z,wf_external_task,WF-0000003898,USR-071,"[""PF-PERMITAPPLICATION-000205"",""PF-OBJECTION-000205""]"
PF-PERMITAPPLICATION-000205,Application Reopened,2023-02-11T16:52:00Z,wf_task_history,WF-0000003899,USR-063,"[""PF-PERMITAPPLICATION-000205"",""PF-AGENCY-000205"",""PF-CONDITION-000205""]"
PF-PERMITAPPLICATION-000205,Inspection Failed,2023-02-11T17:14:00Z,wf_message_delivery,WF-0000003900,USR-109,"[""PF-PERMITAPPLICATION-000205"",""PF-DOCUMENT-000205""]"
PF-PERMITAPPLICATION-000205,Reinspection Requested,2023-02-11T17:51:00Z,wf_form_submission,WF-0000003901,USR-110,"[""PF-PERMITAPPLICATION-000205"",""PF-REVIEW-000205"",""PF-VIOLATION-000205""]"
PF-PERMITAPPLICATION-000320,Application Reopened,2023-02-11T18:23:00Z,wf_task_history,WF-0000003904,USR-113,"[""PF-PERMITAPPLICATION-000320"",""PF-AGENCY-000320""]"
PF-PERMITAPPLICATION-000322,Application Reopened,2023-02-12T00:25:00Z,wf_task_history,WF-0000003926,USR-020,"[""PF-PERMITAPPLICATION-000322"",""PF-AGENCY-000322"",""PF-CONDITION-000322""]"
PF-PERMITAPPLICATION-000324,Application Reopened,2023-02-12T06:27:00Z,wf_task_history,WF-0000003953,USR-054,"[""PF-PERMITAPPLICATION-000324"",""PF-AGENCY-000324""]"
PF-PERMITAPPLICATION-000210,Completeness Rejected,2023-02-12T07:00:00Z,wf_external_task,WF-0000003961,USR-029,"[""PF-PERMITAPPLICATION-000210"",""PF-OBJECTION-000210""]"
PF-PERMITAPPLICATION-000210,Application Reopened,2023-02-12T07:52:00Z,wf_task_history,WF-0000003962,USR-021,"[""PF-PERMITAPPLICATION-000210"",""PF-AGENCY-000210"",""PF-CONDITION-000210""]"
PF-PERMITAPPLICATION-000210,Inspection Failed,2023-02-12T08:14:00Z,wf_message_delivery,WF-0000003963,USR-067,"[""PF-PERMITAPPLICATION-000210"",""PF-DOCUMENT-000210""]"
PF-PERMITAPPLICATION-000210,Reinspection Requested,2023-02-12T08:51:00Z,wf_form_submission,WF-0000003964,USR-068,"[""PF-PERMITAPPLICATION-000210"",""PF-REVIEW-000210"",""PF-VIOLATION-000210""]"
PF-PERMITAPPLICATION-000231,Reinspection Requested,2023-02-12T09:19:00Z,wf_form_submission,WF-0000003975,USR-044,"[""PF-PERMITAPPLICATION-000231"",""PF-REVIEW-000231""]"
PF-PERMITAPPLICATION-000326,Application Reopened,2023-02-12T12:29:00Z,wf_task_history,WF-0000003982,USR-088,"[""PF-PERMITAPPLICATION-000326"",""PF-AGENCY-000326""]"
PF-PERMITAPPLICATION-000312,Completeness Rejected,2023-02-12T18:08:00Z,wf_external_task,WF-0000004000,USR-112,"[""PF-PERMITAPPLICATION-000312"",""PF-OBJECTION-000312"",""PF-REVIEW-000312""]"
PF-PERMITAPPLICATION-000236,Inspection Failed,2023-02-12T18:23:00Z,wf_message_delivery,WF-0000004010,USR-001,"[""PF-PERMITAPPLICATION-000236"",""PF-DOCUMENT-000236""]"
PF-PERMITAPPLICATION-000328,Application Reopened,2023-02-12T18:31:00Z,wf_task_history,WF-0000004003,USR-122,"[""PF-PERMITAPPLICATION-000328"",""PF-AGENCY-000328""]"
PF-PERMITAPPLICATION-000215,Completeness Rejected,2023-02-12T22:00:00Z,wf_external_task,WF-0000004030,USR-114,"[""PF-PERMITAPPLICATION-000215"",""PF-OBJECTION-000215"",""PF-REVIEW-000215""]"
PF-PERMITAPPLICATION-000215,Application Reopened,2023-02-12T22:52:00Z,wf_task_history,WF-0000004031,USR-106,"[""PF-PERMITAPPLICATION-000215"",""PF-AGENCY-000215""]"
PF-PERMITAPPLICATION-000215,Inspection Failed,2023-02-12T23:14:00Z,wf_message_delivery,WF-0000004032,USR-025,"[""PF-PERMITAPPLICATION-000215"",""PF-DOCUMENT-000215"",""PF-INSPECTION-000215""]"
PF-PERMITAPPLICATION-000215,Reinspection Requested,2023-02-12T23:51:00Z,wf_form_submission,WF-0000004033,USR-026,"[""PF-PERMITAPPLICATION-000215"",""PF-REVIEW-000215""]"
PF-PERMITAPPLICATION-000330,Application Reopened,2023-02-13T00:33:00Z,wf_task_history,WF-0000004037,USR-029,"[""PF-PERMITAPPLICATION-000330"",""PF-AGENCY-000330""]"
PF-PERMITAPPLICATION-000332,Application Reopened,2023-02-13T06:35:00Z,wf_task_history,WF-0000004061,USR-063,"[""PF-PERMITAPPLICATION-000332"",""PF-AGENCY-000332""]"
PF-PERMITAPPLICATION-000334,Application Reopened,2023-02-13T12:37:00Z,wf_task_history,WF-0000004083,USR-097,"[""PF-PERMITAPPLICATION-000334"",""PF-AGENCY-000334""]"
PF-PERMITAPPLICATION-000220,Completeness Rejected,2023-02-13T13:00:00Z,wf_external_task,WF-0000004093,USR-072,"[""PF-PERMITAPPLICATION-000220"",""PF-OBJECTION-000220""]"
PF-PERMITAPPLICATION-000220,Application Reopened,2023-02-13T13:52:00Z,wf_task_history,WF-0000004094,USR-064,"[""PF-PERMITAPPLICATION-000220"",""PF-AGENCY-000220"",""PF-CONDITION-000220""]"
PF-PERMITAPPLICATION-000220,Inspection Failed,2023-02-13T14:14:00Z,wf_message_delivery,WF-0000004095,USR-110,"[""PF-PERMITAPPLICATION-000220"",""PF-DOCUMENT-000220""]"
PF-PERMITAPPLICATION-000220,Reinspection Requested,2023-02-13T14:51:00Z,wf_form_submission,WF-0000004096,USR-111,"[""PF-PERMITAPPLICATION-000220"",""PF-REVIEW-000220""]"
PF-PERMITAPPLICATION-000336,Application Reopened,2023-02-13T18:39:00Z,wf_task_history,WF-0000004112,USR-004,"[""PF-PERMITAPPLICATION-000336"",""PF-AGENCY-000336""]"
PF-PERMITAPPLICATION-000338,Application Reopened,2023-02-14T00:41:00Z,wf_task_history,WF-0000004136,USR-038,"[""PF-PERMITAPPLICATION-000338"",""PF-AGENCY-000338"",""PF-CONDITION-000338""]"
PF-PERMITAPPLICATION-000225,Completeness Rejected,2023-02-14T04:00:00Z,wf_external_task,WF-0000004155,USR-030,"[""PF-PERMITAPPLICATION-000225"",""PF-OBJECTION-000225"",""PF-REVIEW-000225""]"
PF-PERMITAPPLICATION-000225,Application Reopened,2023-02-14T04:52:00Z,wf_task_history,WF-0000004156,USR-022,"[""PF-PERMITAPPLICATION-000225"",""PF-AGENCY-000225""]"
PF-PERMITAPPLICATION-000225,Inspection Failed,2023-02-14T05:14:00Z,wf_message_delivery,WF-0000004157,USR-068,"[""PF-PERMITAPPLICATION-000225"",""PF-DOCUMENT-000225"",""PF-INSPECTION-000225""]"
PF-PERMITAPPLICATION-000225,Reinspection Requested,2023-02-14T05:51:00Z,wf_form_submission,WF-0000004158,USR-069,"[""PF-PERMITAPPLICATION-000225"",""PF-REVIEW-000225""]"
PF-PERMITAPPLICATION-000340,Application Reopened,2023-02-14T06:43:00Z,wf_task_history,WF-0000004166,USR-072,"[""PF-PERMITAPPLICATION-000340"",""PF-AGENCY-000340""]"
PF-PERMITAPPLICATION-000325,Completeness Rejected,2023-02-14T09:21:00Z,wf_external_task,WF-0000004177,USR-079,"[""PF-PERMITAPPLICATION-000325"",""PF-OBJECTION-000325""]"
PF-PERMITAPPLICATION-000342,Application Reopened,2023-02-14T12:45:00Z,wf_task_history,WF-0000004191,USR-106,"[""PF-PERMITAPPLICATION-000342"",""PF-AGENCY-000342"",""PF-CONDITION-000342""]"
PF-PERMITAPPLICATION-000344,Application Reopened,2023-02-14T18:47:00Z,wf_task_history,WF-0000004216,USR-013,"[""PF-PERMITAPPLICATION-000344"",""PF-AGENCY-000344"",""PF-CONDITION-000344""]"
PF-PERMITAPPLICATION-000230,Completeness Rejected,2023-02-14T19:00:00Z,wf_external_task,WF-0000004224,USR-115,"[""PF-PERMITAPPLICATION-000230"",""PF-OBJECTION-000230""]"
PF-PERMITAPPLICATION-000230,Application Reopened,2023-02-14T19:52:00Z,wf_task_history,WF-0000004225,USR-107,"[""PF-PERMITAPPLICATION-000230"",""PF-AGENCY-000230""]"
PF-PERMITAPPLICATION-000230,Inspection Failed,2023-02-14T20:14:00Z,wf_message_delivery,WF-0000004226,USR-026,"[""PF-PERMITAPPLICATION-000230"",""PF-DOCUMENT-000230""]"
PF-PERMITAPPLICATION-000230,Reinspection Requested,2023-02-14T20:51:00Z,wf_form_submission,WF-0000004227,USR-027,"[""PF-PERMITAPPLICATION-000230"",""PF-REVIEW-000230"",""PF-VIOLATION-000230""]"
PF-PERMITAPPLICATION-000346,Application Reopened,2023-02-15T00:49:00Z,wf_task_history,WF-0000004245,USR-047,"[""PF-PERMITAPPLICATION-000346"",""PF-AGENCY-000346"",""PF-CONDITION-000346""]"
PF-PERMITAPPLICATION-000255,Inspection Failed,2023-02-15T03:42:00Z,wf_message_delivery,WF-0000004262,USR-070,"[""PF-PERMITAPPLICATION-000255"",""PF-DOCUMENT-000255"",""PF-INSPECTION-000255""]"
PF-PERMITAPPLICATION-000254,Reinspection Requested,2023-02-15T06:42:00Z,wf_form_submission,WF-0000004273,USR-054,"[""PF-PERMITAPPLICATION-000254"",""PF-REVIEW-000254"",""PF-VIOLATION-000254""]"
PF-PERMITAPPLICATION-000348,Application Reopened,2023-02-15T06:51:00Z,wf_task_history,WF-0000004266,USR-081,"[""PF-PERMITAPPLICATION-000348"",""PF-AGENCY-000348""]"
PF-PERMITAPPLICATION-000235,Completeness Rejected,2023-02-15T10:00:00Z,wf_external_task,WF-0000004286,USR-073,"[""PF-PERMITAPPLICATION-000235"",""PF-OBJECTION-000235""]"
PF-PERMITAPPLICATION-000235,Application Reopened,2023-02-15T10:52:00Z,wf_task_history,WF-0000004287,USR-065,"[""PF-PERMITAPPLICATION-000235"",""PF-AGENCY-000235""]"
PF-PERMITAPPLICATION-000235,Inspection Failed,2023-02-15T11:14:00Z,wf_message_delivery,WF-0000004288,USR-111,"[""PF-PERMITAPPLICATION-000235"",""PF-DOCUMENT-000235""]"
PF-PERMITAPPLICATION-000235,Reinspection Requested,2023-02-15T11:51:00Z,wf_form_submission,WF-0000004289,USR-112,"[""PF-PERMITAPPLICATION-000235"",""PF-REVIEW-000235"",""PF-VIOLATION-000235""]"
PF-PERMITAPPLICATION-000350,Application Reopened,2023-02-15T12:53:00Z,wf_task_history,WF-0000004294,USR-115,"[""PF-PERMITAPPLICATION-000350"",""PF-AGENCY-000350""]"
PF-PERMITAPPLICATION-000352,Application Reopened,2023-02-15T18:55:00Z,wf_task_history,WF-0000004324,USR-022,"[""PF-PERMITAPPLICATION-000352"",""PF-AGENCY-000352""]"
PF-PERMITAPPLICATION-000338,Completeness Rejected,2023-02-16T00:34:00Z,wf_external_task,WF-0000004344,USR-046,"[""PF-PERMITAPPLICATION-000338"",""PF-OBJECTION-000338"",""PF-REVIEW-000338""]"
PF-PERMITAPPLICATION-000354,Application Reopened,2023-02-16T00:57:00Z,wf_task_history,WF-0000004347,USR-056,"[""PF-PERMITAPPLICATION-000354"",""PF-AGENCY-000354"",""PF-CONDITION-000354""]"
PF-PERMITAPPLICATION-000240,Completeness Rejected,2023-02-16T01:00:00Z,wf_external_task,WF-0000004354,USR-031,"[""PF-PERMITAPPLICATION-000240"",""PF-OBJECTION-000240"",""PF-REVIEW-000240""]"
PF-PERMITAPPLICATION-000240,Application Reopened,2023-02-16T01:52:00Z,wf_task_history,WF-0000004355,USR-023,"[""PF-PERMITAPPLICATION-000240"",""PF-AGENCY-000240""]"
PF-PERMITAPPLICATION-000240,Inspection Failed,2023-02-16T02:14:00Z,wf_message_delivery,WF-0000004356,USR-069,"[""PF-PERMITAPPLICATION-000240"",""PF-DOCUMENT-000240"",""PF-INSPECTION-000240""]"
PF-PERMITAPPLICATION-000240,Reinspection Requested,2023-02-16T02:51:00Z,wf_form_submission,WF-0000004357,USR-070,"[""PF-PERMITAPPLICATION-000240"",""PF-REVIEW-000240""]"
PF-PERMITAPPLICATION-000356,Application Reopened,2023-02-16T06:59:00Z,wf_task_history,WF-0000004376,USR-090,"[""PF-PERMITAPPLICATION-000356"",""PF-AGENCY-000356""]"
PF-PERMITAPPLICATION-000358,Application Reopened,2023-02-16T13:01:00Z,wf_task_history,WF-0000004397,USR-124,"[""PF-PERMITAPPLICATION-000358"",""PF-AGENCY-000358""]"
PF-PERMITAPPLICATION-000245,Completeness Rejected,2023-02-16T16:00:00Z,wf_external_task,WF-0000004418,USR-116,"[""PF-PERMITAPPLICATION-000245"",""PF-OBJECTION-000245""]"
PF-PERMITAPPLICATION-000245,Application Reopened,2023-02-16T16:52:00Z,wf_task_history,WF-0000004419,USR-108,"[""PF-PERMITAPPLICATION-000245"",""PF-AGENCY-000245"",""PF-CONDITION-000245""]"
PF-PERMITAPPLICATION-000245,Inspection Failed,2023-02-16T17:14:00Z,wf_message_delivery,WF-0000004420,USR-027,"[""PF-PERMITAPPLICATION-000245"",""PF-DOCUMENT-000245""]"
PF-PERMITAPPLICATION-000245,Reinspection Requested,2023-02-16T17:51:00Z,wf_form_submission,WF-0000004421,USR-028,"[""PF-PERMITAPPLICATION-000245"",""PF-REVIEW-000245""]"
PF-PERMITAPPLICATION-000360,Application Reopened,2023-02-16T19:03:00Z,wf_task_history,WF-0000004428,USR-031,"[""PF-PERMITAPPLICATION-000360"",""PF-AGENCY-000360"",""PF-CONDITION-000360""]"
PF-PERMITAPPLICATION-000362,Application Reopened,2023-02-17T01:05:00Z,wf_task_history,WF-0000004458,USR-065,"[""PF-PERMITAPPLICATION-000362"",""PF-AGENCY-000362"",""PF-CONDITION-000362""]"
PF-PERMITAPPLICATION-000250,Completeness Rejected,2023-02-17T07:00:00Z,wf_external_task,WF-0000004487,USR-074,"[""PF-PERMITAPPLICATION-000250"",""PF-OBJECTION-000250"",""PF-REVIEW-000250""]"
PF-PERMITAPPLICATION-000364,Application Reopened,2023-02-17T07:07:00Z,wf_task_history,WF-0000004486,USR-099,"[""PF-PERMITAPPLICATION-000364"",""PF-AGENCY-000364""]"
PF-PERMITAPPLICATION-000250,Application Reopened,2023-02-17T07:52:00Z,wf_task_history,WF-0000004488,USR-066,"[""PF-PERMITAPPLICATION-000250"",""PF-AGENCY-000250""]"
PF-PERMITAPPLICATION-000250,Inspection Failed,2023-02-17T08:14:00Z,wf_message_delivery,WF-0000004489,USR-112,"[""PF-PERMITAPPLICATION-000250"",""PF-DOCUMENT-000250"",""PF-INSPECTION-000250""]"
PF-PERMITAPPLICATION-000250,Reinspection Requested,2023-02-17T08:51:00Z,wf_form_submission,WF-0000004490,USR-113,"[""PF-PERMITAPPLICATION-000250"",""PF-REVIEW-000250""]"
PF-PERMITAPPLICATION-000274,Inspection Failed,2023-02-17T12:08:00Z,wf_message_delivery,WF-0000004510,USR-012,"[""PF-PERMITAPPLICATION-000274"",""PF-DOCUMENT-000274""]"
PF-PERMITAPPLICATION-000366,Application Reopened,2023-02-17T12:16:00Z,wf_task_history,WF-0000004503,USR-006,"[""PF-PERMITAPPLICATION-000366"",""PF-AGENCY-000366"",""PF-CONDITION-000366""]"
PF-PERMITAPPLICATION-000351,Completeness Rejected,2023-02-17T15:47:00Z,wf_external_task,WF-0000004522,USR-013,"[""PF-PERMITAPPLICATION-000351"",""PF-OBJECTION-000351"",""PF-REVIEW-000351""]"
PF-PERMITAPPLICATION-000368,Application Reopened,2023-02-17T18:18:00Z,wf_task_history,WF-0000004527,USR-040,"[""PF-PERMITAPPLICATION-000368"",""PF-AGENCY-000368""]"
PF-PERMITAPPLICATION-000255,Completeness Rejected,2023-02-17T22:00:00Z,wf_external_task,WF-0000004548,USR-032,"[""PF-PERMITAPPLICATION-000255"",""PF-OBJECTION-000255"",""PF-REVIEW-000255""]"
PF-PERMITAPPLICATION-000255,Application Reopened,2023-02-17T22:52:00Z,wf_task_history,WF-0000004549,USR-024,"[""PF-PERMITAPPLICATION-000255"",""PF-AGENCY-000255""]"
PF-PERMITAPPLICATION-000255,Inspection Failed,2023-02-17T23:14:00Z,wf_message_delivery,WF-0000004550,USR-070,"[""PF-PERMITAPPLICATION-000255"",""PF-DOCUMENT-000255"",""PF-INSPECTION-000255""]"
PF-PERMITAPPLICATION-000255,Reinspection Requested,2023-02-17T23:51:00Z,wf_form_submission,WF-0000004551,USR-071,"[""PF-PERMITAPPLICATION-000255"",""PF-REVIEW-000255""]"
PF-PERMITAPPLICATION-000370,Application Reopened,2023-02-18T00:20:00Z,wf_task_history,WF-0000004554,USR-074,"[""PF-PERMITAPPLICATION-000370"",""PF-AGENCY-000370""]"
PF-PERMITAPPLICATION-000277,Reinspection Requested,2023-02-18T03:12:00Z,wf_form_submission,WF-0000004574,USR-064,"[""PF-PERMITAPPLICATION-000277"",""PF-REVIEW-000277""]"
PF-PERMITAPPLICATION-000372,Application Reopened,2023-02-18T06:22:00Z,wf_task_history,WF-0000004579,USR-108,"[""PF-PERMITAPPLICATION-000372"",""PF-AGENCY-000372""]"
PF-PERMITAPPLICATION-000374,Application Reopened,2023-02-18T12:24:00Z,wf_task_history,WF-0000004609,USR-015,"[""PF-PERMITAPPLICATION-000374"",""PF-AGENCY-000374""]"
PF-PERMITAPPLICATION-000260,Completeness Rejected,2023-02-18T13:00:00Z,wf_external_task,WF-0000004618,USR-117,"[""PF-PERMITAPPLICATION-000260"",""PF-OBJECTION-000260""]"
PF-PERMITAPPLICATION-000260,Application Reopened,2023-02-18T13:52:00Z,wf_task_history,WF-0000004619,USR-109,"[""PF-PERMITAPPLICATION-000260"",""PF-AGENCY-000260""]"
PF-PERMITAPPLICATION-000260,Inspection Failed,2023-02-18T14:14:00Z,wf_message_delivery,WF-0000004620,USR-028,"[""PF-PERMITAPPLICATION-000260"",""PF-DOCUMENT-000260""]"
PF-PERMITAPPLICATION-000260,Reinspection Requested,2023-02-18T14:51:00Z,wf_form_submission,WF-0000004621,USR-029,"[""PF-PERMITAPPLICATION-000260"",""PF-REVIEW-000260"",""PF-VIOLATION-000260""]"
PF-PERMITAPPLICATION-000376,Application Reopened,2023-02-18T18:26:00Z,wf_task_history,WF-0000004636,USR-049,"[""PF-PERMITAPPLICATION-000376"",""PF-AGENCY-000376""]"
PF-PERMITAPPLICATION-000378,Application Reopened,2023-02-19T00:28:00Z,wf_task_history,WF-0000004658,USR-083,"[""PF-PERMITAPPLICATION-000378"",""PF-AGENCY-000378""]"
PF-PERMITAPPLICATION-000265,Completeness Rejected,2023-02-19T04:00:00Z,wf_external_task,WF-0000004680,USR-075,"[""PF-PERMITAPPLICATION-000265"",""PF-OBJECTION-000265"",""PF-REVIEW-000265""]"
PF-PERMITAPPLICATION-000265,Application Reopened,2023-02-19T04:52:00Z,wf_task_history,WF-0000004681,USR-067,"[""PF-PERMITAPPLICATION-000265"",""PF-AGENCY-000265""]"
PF-PERMITAPPLICATION-000265,Inspection Failed,2023-02-19T05:14:00Z,wf_message_delivery,WF-0000004682,USR-113,"[""PF-PERMITAPPLICATION-000265"",""PF-DOCUMENT-000265"",""PF-INSPECTION-000265""]"
PF-PERMITAPPLICATION-000265,Reinspection Requested,2023-02-19T05:51:00Z,wf_form_submission,WF-0000004683,USR-114,"[""PF-PERMITAPPLICATION-000265"",""PF-REVIEW-000265""]"
PF-PERMITAPPLICATION-000364,Completeness Rejected,2023-02-19T06:07:00Z,wf_external_task,WF-0000004685,USR-107,"[""PF-PERMITAPPLICATION-000364"",""PF-OBJECTION-000364"",""PF-REVIEW-000364""]"
PF-PERMITAPPLICATION-000380,Application Reopened,2023-02-19T06:30:00Z,wf_task_history,WF-0000004688,USR-117,"[""PF-PERMITAPPLICATION-000380"",""PF-AGENCY-000380"",""PF-CONDITION-000380""]"
PF-PERMITAPPLICATION-000382,Application Reopened,2023-02-19T12:32:00Z,wf_task_history,WF-0000004712,USR-024,"[""PF-PERMITAPPLICATION-000382"",""PF-AGENCY-000382"",""PF-CONDITION-000382""]"
PF-PERMITAPPLICATION-000384,Application Reopened,2023-02-19T18:34:00Z,wf_task_history,WF-0000004735,USR-058,"[""PF-PERMITAPPLICATION-000384"",""PF-AGENCY-000384""]"
PF-PERMITAPPLICATION-000270,Completeness Rejected,2023-02-19T19:00:00Z,wf_external_task,WF-0000004748,USR-033,"[""PF-PERMITAPPLICATION-000270"",""PF-OBJECTION-000270"",""PF-REVIEW-000270""]"
PF-PERMITAPPLICATION-000270,Application Reopened,2023-02-19T19:52:00Z,wf_task_history,WF-0000004749,USR-025,"[""PF-PERMITAPPLICATION-000270"",""PF-AGENCY-000270""]"
PF-PERMITAPPLICATION-000270,Inspection Failed,2023-02-19T20:14:00Z,wf_message_delivery,WF-0000004750,USR-071,"[""PF-PERMITAPPLICATION-000270"",""PF-DOCUMENT-000270"",""PF-INSPECTION-000270""]"
PF-PERMITAPPLICATION-000270,Reinspection Requested,2023-02-19T20:51:00Z,wf_form_submission,WF-0000004751,USR-072,"[""PF-PERMITAPPLICATION-000270"",""PF-REVIEW-000270""]"
PF-PERMITAPPLICATION-000293,Inspection Failed,2023-02-19T21:27:00Z,wf_message_delivery,WF-0000004762,USR-081,"[""PF-PERMITAPPLICATION-000293"",""PF-DOCUMENT-000293""]"
PF-PERMITAPPLICATION-000386,Application Reopened,2023-02-20T00:36:00Z,wf_task_history,WF-0000004767,USR-092,"[""PF-PERMITAPPLICATION-000386"",""PF-AGENCY-000386"",""PF-CONDITION-000386""]"
PF-PERMITAPPLICATION-000388,Application Reopened,2023-02-20T06:38:00Z,wf_task_history,WF-0000004793,USR-126,"[""PF-PERMITAPPLICATION-000388"",""PF-AGENCY-000388""]"
PF-PERMITAPPLICATION-000275,Completeness Rejected,2023-02-20T10:00:00Z,wf_external_task,WF-0000004810,USR-118,"[""PF-PERMITAPPLICATION-000275"",""PF-OBJECTION-000275""]"
PF-PERMITAPPLICATION-000275,Application Reopened,2023-02-20T10:52:00Z,wf_task_history,WF-0000004811,USR-110,"[""PF-PERMITAPPLICATION-000275"",""PF-AGENCY-000275""]"
PF-PERMITAPPLICATION-000275,Inspection Failed,2023-02-20T11:14:00Z,wf_message_delivery,WF-0000004812,USR-029,"[""PF-PERMITAPPLICATION-000275"",""PF-DOCUMENT-000275""]"
PF-PERMITAPPLICATION-000275,Reinspection Requested,2023-02-20T11:51:00Z,wf_form_submission,WF-0000004813,USR-030,"[""PF-PERMITAPPLICATION-000275"",""PF-REVIEW-000275"",""PF-VIOLATION-000275""]"
PF-PERMITAPPLICATION-000390,Application Reopened,2023-02-20T12:40:00Z,wf_task_history,WF-0000004816,USR-033,"[""PF-PERMITAPPLICATION-000390"",""PF-AGENCY-000390""]"
PF-PERMITAPPLICATION-000392,Application Reopened,2023-02-20T18:42:00Z,wf_task_history,WF-0000004840,USR-067,"[""PF-PERMITAPPLICATION-000392"",""PF-AGENCY-000392"",""PF-CONDITION-000392""]"
PF-PERMITAPPLICATION-000377,Completeness Rejected,2023-02-20T21:20:00Z,wf_external_task,WF-0000004852,USR-074,"[""PF-PERMITAPPLICATION-000377"",""PF-OBJECTION-000377"",""PF-REVIEW-000377""]"
PF-PERMITAPPLICATION-000300,Reinspection Requested,2023-02-21T00:35:00Z,wf_form_submission,WF-0000004872,USR-074,"[""PF-PERMITAPPLICATION-000300"",""PF-REVIEW-000300""]"
PF-PERMITAPPLICATION-000394,Application Reopened,2023-02-21T00:44:00Z,wf_task_history,WF-0000004866,USR-101,"[""PF-PERMITAPPLICATION-000394"",""PF-AGENCY-000394"",""PF-CONDITION-000394""]"
PF-PERMITAPPLICATION-000280,Completeness Rejected,2023-02-21T01:00:00Z,wf_external_task,WF-0000004874,USR-076,"[""PF-PERMITAPPLICATION-000280"",""PF-OBJECTION-000280""]"
PF-PERMITAPPLICATION-000280,Application Reopened,2023-02-21T01:52:00Z,wf_task_history,WF-0000004875,USR-068,"[""PF-PERMITAPPLICATION-000280"",""PF-AGENCY-000280"",""PF-CONDITION-000280""]"
PF-PERMITAPPLICATION-000280,Inspection Failed,2023-02-21T02:14:00Z,wf_message_delivery,WF-0000004876,USR-114,"[""PF-PERMITAPPLICATION-000280"",""PF-DOCUMENT-000280""]"
PF-PERMITAPPLICATION-000280,Reinspection Requested,2023-02-21T02:51:00Z,wf_form_submission,WF-0000004877,USR-115,"[""PF-PERMITAPPLICATION-000280"",""PF-REVIEW-000280""]"
PF-PERMITAPPLICATION-000396,Application Reopened,2023-02-21T06:46:00Z,wf_task_history,WF-0000004897,USR-008,"[""PF-PERMITAPPLICATION-000396"",""PF-AGENCY-000396""]"
PF-PERMITAPPLICATION-000398,Application Reopened,2023-02-21T12:48:00Z,wf_task_history,WF-0000004921,USR-042,"[""PF-PERMITAPPLICATION-000398"",""PF-AGENCY-000398"",""PF-CONDITION-000398""]"
PF-PERMITAPPLICATION-000285,Completeness Rejected,2023-02-21T16:00:00Z,wf_external_task,WF-0000004943,USR-034,"[""PF-PERMITAPPLICATION-000285"",""PF-OBJECTION-000285""]"
PF-PERMITAPPLICATION-000285,Application Reopened,2023-02-21T16:52:00Z,wf_task_history,WF-0000004944,USR-026,"[""PF-PERMITAPPLICATION-000285"",""PF-AGENCY-000285"",""PF-CONDITION-000285""]"
PF-PERMITAPPLICATION-000285,Inspection Failed,2023-02-21T17:14:00Z,wf_message_delivery,WF-0000004945,USR-072,"[""PF-PERMITAPPLICATION-000285"",""PF-DOCUMENT-000285""]"
PF-PERMITAPPLICATION-000285,Reinspection Requested,2023-02-21T17:51:00Z,wf_form_submission,WF-0000004946,USR-073,"[""PF-PERMITAPPLICATION-000285"",""PF-REVIEW-000285""]"
PF-PERMITAPPLICATION-000400,Application Reopened,2023-02-21T18:50:00Z,wf_task_history,WF-0000004951,USR-076,"[""PF-PERMITAPPLICATION-000400"",""PF-AGENCY-000400""]"
PF-PERMITAPPLICATION-000402,Application Reopened,2023-02-22T00:52:00Z,wf_task_history,WF-0000004975,USR-110,"[""PF-PERMITAPPLICATION-000402"",""PF-AGENCY-000402"",""PF-CONDITION-000402""]"
PF-PERMITAPPLICATION-000312,Inspection Failed,2023-02-22T06:46:00Z,wf_message_delivery,WF-0000005004,USR-023,"[""PF-PERMITAPPLICATION-000312"",""PF-DOCUMENT-000312"",""PF-INSPECTION-000312""]"
PF-PERMITAPPLICATION-000404,Application Reopened,2023-02-22T06:54:00Z,wf_task_history,WF-0000004996,USR-017,"[""PF-PERMITAPPLICATION-000404"",""PF-AGENCY-000404""]"
PF-PERMITAPPLICATION-000290,Completeness Rejected,2023-02-22T07:00:00Z,wf_external_task,WF-0000005005,USR-119,"[""PF-PERMITAPPLICATION-000290"",""PF-OBJECTION-000290""]"
PF-PERMITAPPLICATION-000290,Application Reopened,2023-02-22T07:52:00Z,wf_task_history,WF-0000005006,USR-111,"[""PF-PERMITAPPLICATION-000290"",""PF-AGENCY-000290"",""PF-CONDITION-000290""]"
PF-PERMITAPPLICATION-000290,Inspection Failed,2023-02-22T08:14:00Z,wf_message_delivery,WF-0000005007,USR-030,"[""PF-PERMITAPPLICATION-000290"",""PF-DOCUMENT-000290""]"
PF-PERMITAPPLICATION-000290,Reinspection Requested,2023-02-22T08:51:00Z,wf_form_submission,WF-0000005008,USR-031,"[""PF-PERMITAPPLICATION-000290"",""PF-REVIEW-000290"",""PF-VIOLATION-000290""]"
PF-PERMITAPPLICATION-000390,Completeness Rejected,2023-02-22T12:33:00Z,wf_external_task,WF-0000005024,USR-041,"[""PF-PERMITAPPLICATION-000390"",""PF-OBJECTION-000390""]"
PF-PERMITAPPLICATION-000406,Application Reopened,2023-02-22T12:56:00Z,wf_task_history,WF-0000005028,USR-051,"[""PF-PERMITAPPLICATION-000406"",""PF-AGENCY-000406""]"
PF-PERMITAPPLICATION-000408,Application Reopened,2023-02-22T18:58:00Z,wf_task_history,WF-0000005055,USR-085,"[""PF-PERMITAPPLICATION-000408"",""PF-AGENCY-000408""]"
PF-PERMITAPPLICATION-000295,Completeness Rejected,2023-02-22T22:00:00Z,wf_external_task,WF-0000005075,USR-077,"[""PF-PERMITAPPLICATION-000295"",""PF-OBJECTION-000295""]"
PF-PERMITAPPLICATION-000295,Application Reopened,2023-02-22T22:52:00Z,wf_task_history,WF-0000005076,USR-069,"[""PF-PERMITAPPLICATION-000295"",""PF-AGENCY-000295""]"
PF-PERMITAPPLICATION-000295,Inspection Failed,2023-02-22T23:14:00Z,wf_message_delivery,WF-0000005077,USR-115,"[""PF-PERMITAPPLICATION-000295"",""PF-DOCUMENT-000295""]"
PF-PERMITAPPLICATION-000295,Reinspection Requested,2023-02-22T23:51:00Z,wf_form_submission,WF-0000005078,USR-116,"[""PF-PERMITAPPLICATION-000295"",""PF-REVIEW-000295"",""PF-VIOLATION-000295""]"
PF-PERMITAPPLICATION-000410,Application Reopened,2023-02-23T01:00:00Z,wf_task_history,WF-0000005083,USR-119,"[""PF-PERMITAPPLICATION-000410"",""PF-AGENCY-000410""]"
PF-PERMITAPPLICATION-000412,Application Reopened,2023-02-23T07:02:00Z,wf_task_history,WF-0000005107,USR-026,"[""PF-PERMITAPPLICATION-000412"",""PF-AGENCY-000412"",""PF-CONDITION-000412""]"
PF-PERMITAPPLICATION-000300,Completeness Rejected,2023-02-23T13:00:00Z,wf_external_task,WF-0000005135,USR-035,"[""PF-PERMITAPPLICATION-000300"",""PF-OBJECTION-000300"",""PF-REVIEW-000300""]"
PF-PERMITAPPLICATION-000414,Application Reopened,2023-02-23T13:04:00Z,wf_task_history,WF-0000005131,USR-060,"[""PF-PERMITAPPLICATION-000414"",""PF-AGENCY-000414""]"
PF-PERMITAPPLICATION-000300,Application Reopened,2023-02-23T13:52:00Z,wf_task_history,WF-0000005136,USR-027,"[""PF-PERMITAPPLICATION-000300"",""PF-AGENCY-000300""]"
PF-PERMITAPPLICATION-000300,Inspection Failed,2023-02-23T14:14:00Z,wf_message_delivery,WF-0000005137,USR-073,"[""PF-PERMITAPPLICATION-000300"",""PF-DOCUMENT-000300"",""PF-INSPECTION-000300""]"
PF-PERMITAPPLICATION-000300,Reinspection Requested,2023-02-23T14:51:00Z,wf_form_submission,WF-0000005138,USR-074,"[""PF-PERMITAPPLICATION-000300"",""PF-REVIEW-000300""]"
PF-PERMITAPPLICATION-000416,Application Reopened,2023-02-23T19:06:00Z,wf_task_history,WF-0000005162,USR-094,"[""PF-PERMITAPPLICATION-000416"",""PF-AGENCY-000416"",""PF-CONDITION-000416""]"
PF-PERMITAPPLICATION-000323,Reinspection Requested,2023-02-23T21:05:00Z,wf_form_submission,WF-0000005170,USR-084,"[""PF-PERMITAPPLICATION-000323"",""PF-REVIEW-000323""]"
PF-PERMITAPPLICATION-000418,Application Reopened,2023-02-24T00:15:00Z,wf_task_history,WF-0000005181,USR-001,"[""PF-PERMITAPPLICATION-000418"",""PF-AGENCY-000418""]"
PF-PERMITAPPLICATION-000403,Completeness Rejected,2023-02-24T03:46:00Z,wf_external_task,WF-0000005201,USR-008,"[""PF-PERMITAPPLICATION-000403"",""PF-OBJECTION-000403""]"
PF-PERMITAPPLICATION-000305,Completeness Rejected,2023-02-24T04:00:00Z,wf_external_task,WF-0000005205,USR-120,"[""PF-PERMITAPPLICATION-000305"",""PF-OBJECTION-000305"",""PF-REVIEW-000305""]"
PF-PERMITAPPLICATION-000305,Application Reopened,2023-02-24T04:52:00Z,wf_task_history,WF-0000005206,USR-112,"[""PF-PERMITAPPLICATION-000305"",""PF-AGENCY-000305""]"
PF-PERMITAPPLICATION-000305,Inspection Failed,2023-02-24T05:14:00Z,wf_message_delivery,WF-0000005207,USR-031,"[""PF-PERMITAPPLICATION-000305"",""PF-DOCUMENT-000305"",""PF-INSPECTION-000305""]"
PF-PERMITAPPLICATION-000305,Reinspection Requested,2023-02-24T05:51:00Z,wf_form_submission,WF-0000005208,USR-032,"[""PF-PERMITAPPLICATION-000305"",""PF-REVIEW-000305""]"
PF-PERMITAPPLICATION-000420,Application Reopened,2023-02-24T06:17:00Z,wf_task_history,WF-0000005210,USR-035,"[""PF-PERMITAPPLICATION-000420"",""PF-AGENCY-000420"",""PF-CONDITION-000420""]"
PF-PERMITAPPLICATION-000422,Application Reopened,2023-02-24T12:19:00Z,wf_task_history,WF-0000005236,USR-069,"[""PF-PERMITAPPLICATION-000422"",""PF-AGENCY-000422""]"
PF-PERMITAPPLICATION-000331,Inspection Failed,2023-02-24T15:12:00Z,wf_message_delivery,WF-0000005254,USR-092,"[""PF-PERMITAPPLICATION-000331"",""PF-DOCUMENT-000331"",""PF-INSPECTION-000331""]"
PF-PERMITAPPLICATION-000424,Application Reopened,2023-02-24T18:21:00Z,wf_task_history,WF-0000005258,USR-103,"[""PF-PERMITAPPLICATION-000424"",""PF-AGENCY-000424"",""PF-CONDITION-000424""]"
PF-PERMITAPPLICATION-000310,Completeness Rejected,2023-02-24T19:00:00Z,wf_external_task,WF-0000005269,USR-078,"[""PF-PERMITAPPLICATION-000310"",""PF-OBJECTION-000310""]"
PF-PERMITAPPLICATION-000310,Application Reopened,2023-02-24T19:52:00Z,wf_task_history,WF-0000005270,USR-070,"[""PF-PERMITAPPLICATION-000310"",""PF-AGENCY-000310"",""PF-CONDITION-000310""]"
PF-PERMITAPPLICATION-000310,Inspection Failed,2023-02-24T20:14:00Z,wf_message_delivery,WF-0000005271,USR-116,"[""PF-PERMITAPPLICATION-000310"",""PF-DOCUMENT-000310""]"
PF-PERMITAPPLICATION-000310,Reinspection Requested,2023-02-24T20:51:00Z,wf_form_submission,WF-0000005272,USR-117,"[""PF-PERMITAPPLICATION-000310"",""PF-REVIEW-000310"",""PF-VIOLATION-000310""]"
PF-PERMITAPPLICATION-000426,Application Reopened,2023-02-25T00:23:00Z,wf_task_history,WF-0000005285,USR-010,"[""PF-PERMITAPPLICATION-000426"",""PF-AGENCY-000426""]"
PF-PERMITAPPLICATION-000428,Application Reopened,2023-02-25T06:25:00Z,wf_task_history,WF-0000005309,USR-044,"[""PF-PERMITAPPLICATION-000428"",""PF-AGENCY-000428""]"
PF-PERMITAPPLICATION-000315,Completeness Rejected,2023-02-25T10:00:00Z,wf_external_task,WF-0000005334,USR-036,"[""PF-PERMITAPPLICATION-000315"",""PF-OBJECTION-000315""]"
PF-PERMITAPPLICATION-000315,Application Reopened,2023-02-25T10:52:00Z,wf_task_history,WF-0000005335,USR-028,"[""PF-PERMITAPPLICATION-000315"",""PF-AGENCY-000315"",""PF-CONDITION-000315""]"
PF-PERMITAPPLICATION-000315,Inspection Failed,2023-02-25T11:14:00Z,wf_message_delivery,WF-0000005336,USR-074,"[""PF-PERMITAPPLICATION-000315"",""PF-DOCUMENT-000315""]"
PF-PERMITAPPLICATION-000315,Reinspection Requested,2023-02-25T11:51:00Z,wf_form_submission,WF-0000005337,USR-075,"[""PF-PERMITAPPLICATION-000315"",""PF-REVIEW-000315"",""PF-VIOLATION-000315""]"
PF-PERMITAPPLICATION-000430,Application Reopened,2023-02-25T12:27:00Z,wf_task_history,WF-0000005341,USR-078,"[""PF-PERMITAPPLICATION-000430"",""PF-AGENCY-000430"",""PF-CONDITION-000430""]"
PF-PERMITAPPLICATION-000416,Completeness Rejected,2023-02-25T18:06:00Z,wf_external_task,WF-0000005362,USR-102,"[""PF-PERMITAPPLICATION-000416"",""PF-OBJECTION-000416""]"
PF-PERMITAPPLICATION-000432,Application Reopened,2023-02-25T18:29:00Z,wf_task_history,WF-0000005365,USR-112,"[""PF-PERMITAPPLICATION-000432"",""PF-AGENCY-000432""]"
PF-PERMITAPPLICATION-000434,Application Reopened,2023-02-26T00:31:00Z,wf_task_history,WF-0000005390,USR-019,"[""PF-PERMITAPPLICATION-000434"",""PF-AGENCY-000434""]"
PF-PERMITAPPLICATION-000320,Completeness Rejected,2023-02-26T01:00:00Z,wf_external_task,WF-0000005399,USR-121,"[""PF-PERMITAPPLICATION-000320"",""PF-OBJECTION-000320"",""PF-REVIEW-000320""]"
PF-PERMITAPPLICATION-000320,Application Reopened,2023-02-26T01:52:00Z,wf_task_history,WF-0000005400,USR-113,"[""PF-PERMITAPPLICATION-000320"",""PF-AGENCY-000320""]"
PF-PERMITAPPLICATION-000320,Inspection Failed,2023-02-26T02:14:00Z,wf_message_delivery,WF-0000005401,USR-032,"[""PF-PERMITAPPLICATION-000320"",""PF-DOCUMENT-000320"",""PF-INSPECTION-000320""]"
PF-PERMITAPPLICATION-000320,Reinspection Requested,2023-02-26T02:51:00Z,wf_form_submission,WF-0000005402,USR-033,"[""PF-PERMITAPPLICATION-000320"",""PF-REVIEW-000320""]"
PF-PERMITAPPLICATION-000436,Application Reopened,2023-02-26T06:33:00Z,wf_task_history,WF-0000005418,USR-053,"[""PF-PERMITAPPLICATION-000436"",""PF-AGENCY-000436"",""PF-CONDITION-000436""]"
PF-PERMITAPPLICATION-000438,Application Reopened,2023-02-26T12:35:00Z,wf_task_history,WF-0000005442,USR-087,"[""PF-PERMITAPPLICATION-000438"",""PF-AGENCY-000438"",""PF-CONDITION-000438""]"
PF-PERMITAPPLICATION-000325,Completeness Rejected,2023-02-26T16:00:00Z,wf_external_task,WF-0000005468,USR-079,"[""PF-PERMITAPPLICATION-000325"",""PF-OBJECTION-000325"",""PF-REVIEW-000325""]"
PF-PERMITAPPLICATION-000325,Application Reopened,2023-02-26T16:52:00Z,wf_task_history,WF-0000005469,USR-071,"[""PF-PERMITAPPLICATION-000325"",""PF-AGENCY-000325""]"
PF-PERMITAPPLICATION-000325,Inspection Failed,2023-02-26T17:14:00Z,wf_message_delivery,WF-0000005470,USR-117,"[""PF-PERMITAPPLICATION-000325"",""PF-DOCUMENT-000325"",""PF-INSPECTION-000325""]"
PF-PERMITAPPLICATION-000325,Reinspection Requested,2023-02-26T17:51:00Z,wf_form_submission,WF-0000005471,USR-118,"[""PF-PERMITAPPLICATION-000325"",""PF-REVIEW-000325""]"
PF-PERMITAPPLICATION-000346,Reinspection Requested,2023-02-26T18:28:00Z,wf_form_submission,WF-0000005480,USR-094,"[""PF-PERMITAPPLICATION-000346"",""PF-REVIEW-000346"",""PF-VIOLATION-000346""]"
PF-PERMITAPPLICATION-000440,Application Reopened,2023-02-26T18:37:00Z,wf_task_history,WF-0000005474,USR-121,"[""PF-PERMITAPPLICATION-000440"",""PF-AGENCY-000440""]"
PF-PERMITAPPLICATION-000350,Inspection Failed,2023-02-27T00:31:00Z,wf_message_delivery,WF-0000005504,USR-034,"[""PF-PERMITAPPLICATION-000350"",""PF-DOCUMENT-000350""]"
PF-PERMITAPPLICATION-000442,Application Reopened,2023-02-27T00:39:00Z,wf_task_history,WF-0000005497,USR-028,"[""PF-PERMITAPPLICATION-000442"",""PF-AGENCY-000442"",""PF-CONDITION-000442""]"
PF-PERMITAPPLICATION-000444,Application Reopened,2023-02-27T06:41:00Z,wf_task_history,WF-0000005521,USR-062,"[""PF-PERMITAPPLICATION-000444"",""PF-AGENCY-000444""]"
PF-PERMITAPPLICATION-000330,Completeness Rejected,2023-02-27T07:00:00Z,wf_external_task,WF-0000005529,USR-037,"[""PF-PERMITAPPLICATION-000330"",""PF-OBJECTION-000330""]"
PF-PERMITAPPLICATION-000330,Application Reopened,2023-02-27T07:52:00Z,wf_task_history,WF-0000005530,USR-029,"[""PF-PERMITAPPLICATION-000330"",""PF-AGENCY-000330"",""PF-CONDITION-000330""]"
PF-PERMITAPPLICATION-000330,Inspection Failed,2023-02-27T08:14:00Z,wf_message_delivery,WF-0000005531,USR-075,"[""PF-PERMITAPPLICATION-000330"",""PF-DOCUMENT-000330""]"
PF-PERMITAPPLICATION-000330,Reinspection Requested,2023-02-27T08:51:00Z,wf_form_submission,WF-0000005532,USR-076,"[""PF-PERMITAPPLICATION-000330"",""PF-REVIEW-000330""]"
PF-PERMITAPPLICATION-000429,Completeness Rejected,2023-02-27T09:19:00Z,wf_external_task,WF-0000005535,USR-069,"[""PF-PERMITAPPLICATION-000429"",""PF-OBJECTION-000429""]"
PF-PERMITAPPLICATION-000446,Application Reopened,2023-02-27T12:43:00Z,wf_task_history,WF-0000005549,USR-096,"[""PF-PERMITAPPLICATION-000446"",""PF-AGENCY-000446"",""PF-CONDITION-000446""]"
PF-PERMITAPPLICATION-000448,Application Reopened,2023-02-27T18:45:00Z,wf_task_history,WF-0000005573,USR-003,"[""PF-PERMITAPPLICATION-000448"",""PF-AGENCY-000448""]"
PF-PERMITAPPLICATION-000335,Completeness Rejected,2023-02-27T22:00:00Z,wf_external_task,WF-0000005592,USR-122,"[""PF-PERMITAPPLICATION-000335"",""PF-OBJECTION-000335"",""PF-REVIEW-000335""]"
PF-PERMITAPPLICATION-000335,Application Reopened,2023-02-27T22:52:00Z,wf_task_history,WF-0000005593,USR-114,"[""PF-PERMITAPPLICATION-000335"",""PF-AGENCY-000335""]"
PF-PERMITAPPLICATION-000335,Inspection Failed,2023-02-27T23:14:00Z,wf_message_delivery,WF-0000005594,USR-033,"[""PF-PERMITAPPLICATION-000335"",""PF-DOCUMENT-000335"",""PF-INSPECTION-000335""]"
PF-PERMITAPPLICATION-000335,Reinspection Requested,2023-02-27T23:51:00Z,wf_form_submission,WF-0000005595,USR-034,"[""PF-PERMITAPPLICATION-000335"",""PF-REVIEW-000335""]"
PF-PERMITAPPLICATION-000450,Application Reopened,2023-02-28T00:47:00Z,wf_task_history,WF-0000005605,USR-037,"[""PF-PERMITAPPLICATION-000450"",""PF-AGENCY-000450"",""PF-CONDITION-000450""]"
PF-PERMITAPPLICATION-000452,Application Reopened,2023-02-28T06:49:00Z,wf_task_history,WF-0000005629,USR-071,"[""PF-PERMITAPPLICATION-000452"",""PF-AGENCY-000452"",""PF-CONDITION-000452""]"
PF-PERMITAPPLICATION-000454,Application Reopened,2023-02-28T12:51:00Z,wf_task_history,WF-0000005651,USR-105,"[""PF-PERMITAPPLICATION-000454"",""PF-AGENCY-000454""]"
PF-PERMITAPPLICATION-000340,Completeness Rejected,2023-02-28T13:00:00Z,wf_external_task,WF-0000005659,USR-080,"[""PF-PERMITAPPLICATION-000340"",""PF-OBJECTION-000340""]"
PF-PERMITAPPLICATION-000340,Application Reopened,2023-02-28T13:52:00Z,wf_task_history,WF-0000005660,USR-072,"[""PF-PERMITAPPLICATION-000340"",""PF-AGENCY-000340"",""PF-CONDITION-000340""]"
PF-PERMITAPPLICATION-000340,Inspection Failed,2023-02-28T14:14:00Z,wf_message_delivery,WF-0000005661,USR-118,"[""PF-PERMITAPPLICATION-000340"",""PF-DOCUMENT-000340""]"
PF-PERMITAPPLICATION-000340,Reinspection Requested,2023-02-28T14:51:00Z,wf_form_submission,WF-0000005662,USR-119,"[""PF-PERMITAPPLICATION-000340"",""PF-REVIEW-000340""]"
PF-PERMITAPPLICATION-000456,Application Reopened,2023-02-28T18:53:00Z,wf_task_history,WF-0000005680,USR-012,"[""PF-PERMITAPPLICATION-000456"",""PF-AGENCY-000456"",""PF-CONDITION-000456""]"
PF-PERMITAPPLICATION-000442,Completeness Rejected,2023-03-01T00:32:00Z,wf_external_task,WF-0000005703,USR-036,"[""PF-PERMITAPPLICATION-000442"",""PF-OBJECTION-000442""]"
PF-PERMITAPPLICATION-000458,Application Reopened,2023-03-01T00:55:00Z,wf_task_history,WF-0000005707,USR-046,"[""PF-PERMITAPPLICATION-000458"",""PF-AGENCY-000458"",""PF-CONDITION-000458""]"
PF-PERMITAPPLICATION-000345,Completeness Rejected,2023-03-01T04:00:00Z,wf_external_task,WF-0000005723,USR-038,"[""PF-PERMITAPPLICATION-000345"",""PF-OBJECTION-000345""]"
PF-PERMITAPPLICATION-000345,Application Reopened,2023-03-01T04:52:00Z,wf_task_history,WF-0000005724,USR-030,"[""PF-PERMITAPPLICATION-000345"",""PF-AGENCY-000345"",""PF-CONDITION-000345""]"
PF-PERMITAPPLICATION-000345,Inspection Failed,2023-03-01T05:14:00Z,wf_message_delivery,WF-0000005725,USR-076,"[""PF-PERMITAPPLICATION-000345"",""PF-DOCUMENT-000345""]"
PF-PERMITAPPLICATION-000345,Reinspection Requested,2023-03-01T05:51:00Z,wf_form_submission,WF-0000005726,USR-077,"[""PF-PERMITAPPLICATION-000345"",""PF-REVIEW-000345"",""PF-VIOLATION-000345""]"
PF-PERMITAPPLICATION-000460,Application Reopened,2023-03-01T06:57:00Z,wf_task_history,WF-0000005730,USR-080,"[""PF-PERMITAPPLICATION-000460"",""PF-AGENCY-000460"",""PF-CONDITION-000460""]"
PF-PERMITAPPLICATION-000369,Inspection Failed,2023-03-01T09:50:00Z,wf_message_delivery,WF-0000005757,USR-103,"[""PF-PERMITAPPLICATION-000369"",""PF-DOCUMENT-000369"",""PF-INSPECTION-000369""]"
PF-PERMITAPPLICATION-000462,Application Reopened,2023-03-01T12:59:00Z,wf_task_history,WF-0000005762,USR-114,"[""PF-PERMITAPPLICATION-000462"",""PF-AGENCY-000462"",""PF-CONDITION-000462""]"
PF-PERMITAPPLICATION-000369,Reinspection Requested,2023-03-01T15:51:00Z,wf_form_submission,WF-0000005779,USR-104,"[""PF-PERMITAPPLICATION-000369"",""PF-REVIEW-000369""]"
PF-PERMITAPPLICATION-000350,Completeness Rejected,2023-03-01T19:00:00Z,wf_external_task,WF-0000005792,USR-123,"[""PF-PERMITAPPLICATION-000350"",""PF-OBJECTION-000350""]"
PF-PERMITAPPLICATION-000464,Application Reopened,2023-03-01T19:01:00Z,wf_task_history,WF-0000005785,USR-021,"[""PF-PERMITAPPLICATION-000464"",""PF-AGENCY-000464"",""PF-CONDITION-000464""]"
PF-PERMITAPPLICATION-000350,Application Reopened,2023-03-01T19:52:00Z,wf_task_history,WF-0000005793,USR-115,"[""PF-PERMITAPPLICATION-000350"",""PF-AGENCY-000350"",""PF-CONDITION-000350""]"
PF-PERMITAPPLICATION-000350,Inspection Failed,2023-03-01T20:14:00Z,wf_message_delivery,WF-0000005794,USR-034,"[""PF-PERMITAPPLICATION-000350"",""PF-DOCUMENT-000350""]"
PF-PERMITAPPLICATION-000350,Reinspection Requested,2023-03-01T20:51:00Z,wf_form_submission,WF-0000005795,USR-035,"[""PF-PERMITAPPLICATION-000350"",""PF-REVIEW-000350""]"
PF-PERMITAPPLICATION-000466,Application Reopened,2023-03-02T01:03:00Z,wf_task_history,WF-0000005812,USR-055,"[""PF-PERMITAPPLICATION-000466"",""PF-AGENCY-000466"",""PF-CONDITION-000466""]"
PF-PERMITAPPLICATION-000468,Application Reopened,2023-03-02T07:05:00Z,wf_task_history,WF-0000005839,USR-089,"[""PF-PERMITAPPLICATION-000468"",""PF-AGENCY-000468"",""PF-CONDITION-000468""]"
PF-PERMITAPPLICATION-000355,Completeness Rejected,2023-03-02T10:00:00Z,wf_external_task,WF-0000005854,USR-081,"[""PF-PERMITAPPLICATION-000355"",""PF-OBJECTION-000355"",""PF-REVIEW-000355""]"
PF-PERMITAPPLICATION-000355,Application Reopened,2023-03-02T10:52:00Z,wf_task_history,WF-0000005855,USR-073,"[""PF-PERMITAPPLICATION-000355"",""PF-AGENCY-000355""]"
PF-PERMITAPPLICATION-000355,Inspection Failed,2023-03-02T11:14:00Z,wf_message_delivery,WF-0000005856,USR-119,"[""PF-PERMITAPPLICATION-000355"",""PF-DOCUMENT-000355"",""PF-INSPECTION-000355""]"
PF-PERMITAPPLICATION-000355,Reinspection Requested,2023-03-02T11:51:00Z,wf_form_submission,WF-0000005857,USR-120,"[""PF-PERMITAPPLICATION-000355"",""PF-REVIEW-000355""]"
PF-PERMITAPPLICATION-000470,Application Reopened,2023-03-02T13:07:00Z,wf_task_history,WF-0000005870,USR-123,"[""PF-PERMITAPPLICATION-000470"",""PF-AGENCY-000470"",""PF-CONDITION-000470""]"
PF-PERMITAPPLICATION-000455,Completeness Rejected,2023-03-02T15:45:00Z,wf_external_task,WF-0000005879,USR-003,"[""PF-PERMITAPPLICATION-000455"",""PF-OBJECTION-000455"",""PF-REVIEW-000455""]"
PF-PERMITAPPLICATION-000472,Application Reopened,2023-03-02T18:16:00Z,wf_task_history,WF-0000005883,USR-030,"[""PF-PERMITAPPLICATION-000472"",""PF-AGENCY-000472""]"
PF-PERMITAPPLICATION-000474,Application Reopened,2023-03-03T00:18:00Z,wf_task_history,WF-0000005912,USR-064,"[""PF-PERMITAPPLICATION-000474"",""PF-AGENCY-000474"",""PF-CONDITION-000474""]"
PF-PERMITAPPLICATION-000360,Completeness Rejected,2023-03-03T01:00:00Z,wf_external_task,WF-0000005923,USR-039,"[""PF-PERMITAPPLICATION-000360"",""PF-OBJECTION-000360""]"
PF-PERMITAPPLICATION-000360,Application Reopened,2023-03-03T01:52:00Z,wf_task_history,WF-0000005924,USR-031,"[""PF-PERMITAPPLICATION-000360"",""PF-AGENCY-000360"",""PF-CONDITION-000360""]"
PF-PERMITAPPLICATION-000360,Inspection Failed,2023-03-03T02:14:00Z,wf_message_delivery,WF-0000005925,USR-077,"[""PF-PERMITAPPLICATION-000360"",""PF-DOCUMENT-000360""]"
PF-PERMITAPPLICATION-000360,Reinspection Requested,2023-03-03T02:51:00Z,wf_form_submission,WF-0000005926,USR-078,"[""PF-PERMITAPPLICATION-000360"",""PF-REVIEW-000360"",""PF-VIOLATION-000360""]"
PF-PERMITAPPLICATION-000476,Application Reopened,2023-03-03T06:20:00Z,wf_task_history,WF-0000005941,USR-098,"[""PF-PERMITAPPLICATION-000476"",""PF-AGENCY-000476""]"
PF-PERMITAPPLICATION-000478,Application Reopened,2023-03-03T12:22:00Z,wf_task_history,WF-0000005964,USR-005,"[""PF-PERMITAPPLICATION-000478"",""PF-AGENCY-000478"",""PF-CONDITION-000478""]"
PF-PERMITAPPLICATION-000365,Completeness Rejected,2023-03-03T16:00:00Z,wf_external_task,WF-0000005986,USR-124,"[""PF-PERMITAPPLICATION-000365"",""PF-OBJECTION-000365""]"
PF-PERMITAPPLICATION-000365,Application Reopened,2023-03-03T16:52:00Z,wf_task_history,WF-0000005987,USR-116,"[""PF-PERMITAPPLICATION-000365"",""PF-AGENCY-000365"",""PF-CONDITION-000365""]"
PF-PERMITAPPLICATION-000365,Inspection Failed,2023-03-03T17:14:00Z,wf_message_delivery,WF-0000005988,USR-035,"[""PF-PERMITAPPLICATION-000365"",""PF-DOCUMENT-000365""]"
PF-PERMITAPPLICATION-000365,Reinspection Requested,2023-03-03T17:51:00Z,wf_form_submission,WF-0000005989,USR-036,"[""PF-PERMITAPPLICATION-000365"",""PF-REVIEW-000365"",""PF-VIOLATION-000365""]"
PF-PERMITAPPLICATION-000388,Inspection Failed,2023-03-03T18:16:00Z,wf_message_delivery,WF-0000005999,USR-045,"[""PF-PERMITAPPLICATION-000388"",""PF-DOCUMENT-000388""]"
PF-PERMITAPPLICATION-000480,Application Reopened,2023-03-03T18:24:00Z,wf_task_history,WF-0000005992,USR-039,"[""PF-PERMITAPPLICATION-000480"",""PF-AGENCY-000480""]"
PF-PERMITAPPLICATION-000482,Application Reopened,2023-03-04T00:26:00Z,wf_task_history,WF-0000006015,USR-073,"[""PF-PERMITAPPLICATION-000482"",""PF-AGENCY-000482""]"
PF-PERMITAPPLICATION-000468,Completeness Rejected,2023-03-04T06:05:00Z,wf_external_task,WF-0000006042,USR-097,"[""PF-PERMITAPPLICATION-000468"",""PF-OBJECTION-000468""]"
PF-PERMITAPPLICATION-000484,Application Reopened,2023-03-04T06:28:00Z,wf_task_history,WF-0000006046,USR-107,"[""PF-PERMITAPPLICATION-000484"",""PF-AGENCY-000484""]"
PF-PERMITAPPLICATION-000370,Completeness Rejected,2023-03-04T07:00:00Z,wf_external_task,WF-0000006056,USR-082,"[""PF-PERMITAPPLICATION-000370"",""PF-OBJECTION-000370""]"
PF-PERMITAPPLICATION-000370,Application Reopened,2023-03-04T07:52:00Z,wf_task_history,WF-0000006057,USR-074,"[""PF-PERMITAPPLICATION-000370"",""PF-AGENCY-000370"",""PF-CONDITION-000370""]"
PF-PERMITAPPLICATION-000370,Inspection Failed,2023-03-04T08:14:00Z,wf_message_delivery,WF-0000006058,USR-120,"[""PF-PERMITAPPLICATION-000370"",""PF-DOCUMENT-000370""]"
PF-PERMITAPPLICATION-000370,Reinspection Requested,2023-03-04T08:51:00Z,wf_form_submission,WF-0000006059,USR-121,"[""PF-PERMITAPPLICATION-000370"",""PF-REVIEW-000370"",""PF-VIOLATION-000370""]"
PF-PERMITAPPLICATION-000392,Reinspection Requested,2023-03-04T12:21:00Z,wf_form_submission,WF-0000006081,USR-114,"[""PF-PERMITAPPLICATION-000392"",""PF-REVIEW-000392""]"
PF-PERMITAPPLICATION-000486,Application Reopened,2023-03-04T12:30:00Z,wf_task_history,WF-0000006075,USR-014,"[""PF-PERMITAPPLICATION-000486"",""PF-AGENCY-000486""]"
PF-PERMITAPPLICATION-000488,Application Reopened,2023-03-04T18:32:00Z,wf_task_history,WF-0000006096,USR-048,"[""PF-PERMITAPPLICATION-000488"",""PF-AGENCY-000488"",""PF-CONDITION-000488""]"
PF-PERMITAPPLICATION-000375,Completeness Rejected,2023-03-04T22:00:00Z,wf_external_task,WF-0000006117,USR-040,"[""PF-PERMITAPPLICATION-000375"",""PF-OBJECTION-000375""]"
PF-PERMITAPPLICATION-000375,Application Reopened,2023-03-04T22:52:00Z,wf_task_history,WF-0000006118,USR-032,"[""PF-PERMITAPPLICATION-000375"",""PF-AGENCY-000375"",""PF-CONDITION-000375""]"
PF-PERMITAPPLICATION-000375,Inspection Failed,2023-03-04T23:14:00Z,wf_message_delivery,WF-0000006119,USR-078,"[""PF-PERMITAPPLICATION-000375"",""PF-DOCUMENT-000375""]"
PF-PERMITAPPLICATION-000375,Reinspection Requested,2023-03-04T23:51:00Z,wf_form_submission,WF-0000006120,USR-079,"[""PF-PERMITAPPLICATION-000375"",""PF-REVIEW-000375""]"
PF-PERMITAPPLICATION-000490,Application Reopened,2023-03-05T00:34:00Z,wf_task_history,WF-0000006123,USR-082,"[""PF-PERMITAPPLICATION-000490"",""PF-AGENCY-000490""]"
PF-PERMITAPPLICATION-000492,Application Reopened,2023-03-05T06:36:00Z,wf_task_history,WF-0000006149,USR-116,"[""PF-PERMITAPPLICATION-000492"",""PF-AGENCY-000492""]"
PF-PERMITAPPLICATION-000494,Application Reopened,2023-03-05T12:38:00Z,wf_task_history,WF-0000006172,USR-023,"[""PF-PERMITAPPLICATION-000494"",""PF-AGENCY-000494"",""PF-CONDITION-000494""]"
PF-PERMITAPPLICATION-000380,Completeness Rejected,2023-03-05T13:00:00Z,wf_external_task,WF-0000006184,USR-125,"[""PF-PERMITAPPLICATION-000380"",""PF-OBJECTION-000380""]"
PF-PERMITAPPLICATION-000380,Application Reopened,2023-03-05T13:52:00Z,wf_task_history,WF-0000006185,USR-117,"[""PF-PERMITAPPLICATION-000380"",""PF-AGENCY-000380"",""PF-CONDITION-000380""]"
PF-PERMITAPPLICATION-000380,Inspection Failed,2023-03-05T14:14:00Z,wf_message_delivery,WF-0000006186,USR-036,"[""PF-PERMITAPPLICATION-000380"",""PF-DOCUMENT-000380""]"
PF-PERMITAPPLICATION-000380,Reinspection Requested,2023-03-05T14:51:00Z,wf_form_submission,WF-0000006187,USR-037,"[""PF-PERMITAPPLICATION-000380"",""PF-REVIEW-000380"",""PF-VIOLATION-000380""]"
PF-PERMITAPPLICATION-000496,Application Reopened,2023-03-05T18:40:00Z,wf_task_history,WF-0000006205,USR-057,"[""PF-PERMITAPPLICATION-000496"",""PF-AGENCY-000496"",""PF-CONDITION-000496""]"
PF-PERMITAPPLICATION-000481,Completeness Rejected,2023-03-05T21:18:00Z,wf_external_task,WF-0000006214,USR-064,"[""PF-PERMITAPPLICATION-000481"",""PF-OBJECTION-000481""]"
PF-PERMITAPPLICATION-000498,Application Reopened,2023-03-06T00:42:00Z,wf_task_history,WF-0000006228,USR-091,"[""PF-PERMITAPPLICATION-000498"",""PF-AGENCY-000498""]"
PF-PERMITAPPLICATION-000407,Inspection Failed,2023-03-06T03:35:00Z,wf_message_delivery,WF-0000006247,USR-114,"[""PF-PERMITAPPLICATION-000407"",""PF-DOCUMENT-000407"",""PF-INSPECTION-000407""]"
PF-PERMITAPPLICATION-000385,Completeness Rejected,2023-03-06T04:00:00Z,wf_external_task,WF-0000006249,USR-083,"[""PF-PERMITAPPLICATION-000385"",""PF-OBJECTION-000385""]"
PF-PERMITAPPLICATION-000385,Application Reopened,2023-03-06T04:52:00Z,wf_task_history,WF-0000006250,USR-075,"[""PF-PERMITAPPLICATION-000385"",""PF-AGENCY-000385""]"
PF-PERMITAPPLICATION-000385,Inspection Failed,2023-03-06T05:14:00Z,wf_message_delivery,WF-0000006251,USR-121,"[""PF-PERMITAPPLICATION-000385"",""PF-DOCUMENT-000385""]"
PF-PERMITAPPLICATION-000385,Reinspection Requested,2023-03-06T05:51:00Z,wf_form_submission,WF-0000006252,USR-122,"[""PF-PERMITAPPLICATION-000385"",""PF-REVIEW-000385"",""PF-VIOLATION-000385""]"
PF-PERMITAPPLICATION-000500,Application Reopened,2023-03-06T06:44:00Z,wf_task_history,WF-0000006257,USR-125,"[""PF-PERMITAPPLICATION-000500"",""PF-AGENCY-000500"",""PF-CONDITION-000500""]"
PF-PERMITAPPLICATION-000502,Application Reopened,2023-03-06T12:46:00Z,wf_task_history,WF-0000006278,USR-032,"[""PF-PERMITAPPLICATION-000502"",""PF-AGENCY-000002""]"
PF-PERMITAPPLICATION-000504,Application Reopened,2023-03-06T18:48:00Z,wf_task_history,WF-0000006302,USR-066,"[""PF-PERMITAPPLICATION-000504"",""PF-AGENCY-000004""]"
PF-PERMITAPPLICATION-000390,Completeness Rejected,2023-03-06T19:00:00Z,wf_external_task,WF-0000006310,USR-041,"[""PF-PERMITAPPLICATION-000390"",""PF-OBJECTION-000390""]"
PF-PERMITAPPLICATION-000390,Application Reopened,2023-03-06T19:52:00Z,wf_task_history,WF-0000006311,USR-033,"[""PF-PERMITAPPLICATION-000390"",""PF-AGENCY-000390"",""PF-CONDITION-000390""]"
PF-PERMITAPPLICATION-000390,Inspection Failed,2023-03-06T20:14:00Z,wf_message_delivery,WF-0000006312,USR-079,"[""PF-PERMITAPPLICATION-000390"",""PF-DOCUMENT-000390""]"
PF-PERMITAPPLICATION-000390,Reinspection Requested,2023-03-06T20:51:00Z,wf_form_submission,WF-0000006313,USR-080,"[""PF-PERMITAPPLICATION-000390"",""PF-REVIEW-000390""]"
PF-PERMITAPPLICATION-000506,Application Reopened,2023-03-07T00:50:00Z,wf_task_history,WF-0000006335,USR-100,"[""PF-PERMITAPPLICATION-000506"",""PF-AGENCY-000006""]"
PF-PERMITAPPLICATION-000508,Application Reopened,2023-03-07T06:52:00Z,wf_task_history,WF-0000006359,USR-007,"[""PF-PERMITAPPLICATION-000508"",""PF-AGENCY-000008"",""PF-CONDITION-000008""]"
PF-PERMITAPPLICATION-000415,Reinspection Requested,2023-03-07T09:44:00Z,wf_form_submission,WF-0000006378,USR-124,"[""PF-PERMITAPPLICATION-000415"",""PF-REVIEW-000415""]"
PF-PERMITAPPLICATION-000395,Completeness Rejected,2023-03-07T10:00:00Z,wf_external_task,WF-0000006380,USR-126,"[""PF-PERMITAPPLICATION-000395"",""PF-OBJECTION-000395"",""PF-REVIEW-000395""]"
PF-PERMITAPPLICATION-000395,Application Reopened,2023-03-07T10:52:00Z,wf_task_history,WF-0000006381,USR-118,"[""PF-PERMITAPPLICATION-000395"",""PF-AGENCY-000395""]"
PF-PERMITAPPLICATION-000395,Inspection Failed,2023-03-07T11:14:00Z,wf_message_delivery,WF-0000006382,USR-037,"[""PF-PERMITAPPLICATION-000395"",""PF-DOCUMENT-000395"",""PF-INSPECTION-000395""]"
PF-PERMITAPPLICATION-000395,Reinspection Requested,2023-03-07T11:51:00Z,wf_form_submission,WF-0000006383,USR-038,"[""PF-PERMITAPPLICATION-000395"",""PF-REVIEW-000395""]"
PF-PERMITAPPLICATION-000494,Completeness Rejected,2023-03-07T12:31:00Z,wf_external_task,WF-0000006384,USR-031,"[""PF-PERMITAPPLICATION-000494"",""PF-OBJECTION-000494""]"
PF-PERMITAPPLICATION-000510,Application Reopened,2023-03-07T12:54:00Z,wf_task_history,WF-0000006387,USR-041,"[""PF-PERMITAPPLICATION-000510"",""PF-AGENCY-000010""]"
PF-PERMITAPPLICATION-000512,Application Reopened,2023-03-07T18:56:00Z,wf_task_history,WF-0000006412,USR-075,"[""PF-PERMITAPPLICATION-000512"",""PF-AGENCY-000012"",""PF-CONDITION-000012""]"
PF-PERMITAPPLICATION-000514,Application Reopened,2023-03-08T00:58:00Z,wf_task_history,WF-0000006434,USR-109,"[""PF-PERMITAPPLICATION-000514"",""PF-AGENCY-000014""]"
PF-PERMITAPPLICATION-000400,Completeness Rejected,2023-03-08T01:00:00Z,wf_external_task,WF-0000006441,USR-084,"[""PF-PERMITAPPLICATION-000400"",""PF-OBJECTION-000400"",""PF-REVIEW-000400""]"
PF-PERMITAPPLICATION-000400,Application Reopened,2023-03-08T01:52:00Z,wf_task_history,WF-0000006442,USR-076,"[""PF-PERMITAPPLICATION-000400"",""PF-AGENCY-000400""]"
PF-PERMITAPPLICATION-000400,Inspection Failed,2023-03-08T02:14:00Z,wf_message_delivery,WF-0000006443,USR-122,"[""PF-PERMITAPPLICATION-000400"",""PF-DOCUMENT-000400"",""PF-INSPECTION-000400""]"
PF-PERMITAPPLICATION-000400,Reinspection Requested,2023-03-08T02:51:00Z,wf_form_submission,WF-0000006444,USR-123,"[""PF-PERMITAPPLICATION-000400"",""PF-REVIEW-000400""]"
PF-PERMITAPPLICATION-000516,Application Reopened,2023-03-08T07:00:00Z,wf_task_history,WF-0000006466,USR-016,"[""PF-PERMITAPPLICATION-000516"",""PF-AGENCY-000016""]"
PF-PERMITAPPLICATION-000426,Inspection Failed,2023-03-08T12:01:00Z,wf_message_delivery,WF-0000006488,USR-056,"[""PF-PERMITAPPLICATION-000426"",""PF-DOCUMENT-000426"",""PF-INSPECTION-000426""]"
PF-PERMITAPPLICATION-000518,Application Reopened,2023-03-08T13:02:00Z,wf_task_history,WF-0000006493,USR-050,"[""PF-PERMITAPPLICATION-000518"",""PF-AGENCY-000018""]"
PF-PERMITAPPLICATION-000405,Completeness Rejected,2023-03-08T16:00:00Z,wf_external_task,WF-0000006510,USR-042,"[""PF-PERMITAPPLICATION-000405"",""PF-OBJECTION-000405"",""PF-REVIEW-000405""]"
PF-PERMITAPPLICATION-000405,Application Reopened,2023-03-08T16:52:00Z,wf_task_history,WF-0000006511,USR-034,"[""PF-PERMITAPPLICATION-000405"",""PF-AGENCY-000405""]"
PF-PERMITAPPLICATION-000405,Inspection Failed,2023-03-08T17:14:00Z,wf_message_delivery,WF-0000006512,USR-080,"[""PF-PERMITAPPLICATION-000405"",""PF-DOCUMENT-000405"",""PF-INSPECTION-000405""]"
PF-PERMITAPPLICATION-000405,Reinspection Requested,2023-03-08T17:51:00Z,wf_form_submission,WF-0000006513,USR-081,"[""PF-PERMITAPPLICATION-000405"",""PF-REVIEW-000405""]"
PF-PERMITAPPLICATION-000520,Application Reopened,2023-03-08T19:04:00Z,wf_task_history,WF-0000006524,USR-084,"[""PF-PERMITAPPLICATION-000520"",""PF-AGENCY-000020""]"
PF-PERMITAPPLICATION-000522,Application Reopened,2023-03-09T01:06:00Z,wf_task_history,WF-0000006547,USR-118,"[""PF-PERMITAPPLICATION-000522"",""PF-AGENCY-000022""]"
PF-PERMITAPPLICATION-000507,Completeness Rejected,2023-03-09T03:44:00Z,wf_external_task,WF-0000006559,USR-125,"[""PF-PERMITAPPLICATION-000507"",""PF-OBJECTION-000007"",""PF-REVIEW-000007""]"
PF-PERMITAPPLICATION-000524,Application Reopened,2023-03-09T06:15:00Z,wf_task_history,WF-0000006563,USR-025,"[""PF-PERMITAPPLICATION-000524"",""PF-AGENCY-000024""]"
PF-PERMITAPPLICATION-000410,Completeness Rejected,2023-03-09T07:00:00Z,wf_external_task,WF-0000006573,USR-127,"[""PF-PERMITAPPLICATION-000410"",""PF-OBJECTION-000410""]"
PF-PERMITAPPLICATION-000410,Application Reopened,2023-03-09T07:52:00Z,wf_task_history,WF-0000006574,USR-119,"[""PF-PERMITAPPLICATION-000410"",""PF-AGENCY-000410"",""PF-CONDITION-000410""]"
PF-PERMITAPPLICATION-000410,Inspection Failed,2023-03-09T08:14:00Z,wf_message_delivery,WF-0000006575,USR-038,"[""PF-PERMITAPPLICATION-000410"",""PF-DOCUMENT-000410""]"
PF-PERMITAPPLICATION-000410,Reinspection Requested,2023-03-09T08:51:00Z,wf_form_submission,WF-0000006576,USR-039,"[""PF-PERMITAPPLICATION-000410"",""PF-REVIEW-000410""]"
PF-PERMITAPPLICATION-000526,Application Reopened,2023-03-09T12:17:00Z,wf_task_history,WF-0000006591,USR-059,"[""PF-PERMITAPPLICATION-000526"",""PF-AGENCY-000026""]"
PF-PERMITAPPLICATION-000528,Application Reopened,2023-03-09T18:19:00Z,wf_task_history,WF-0000006620,USR-093,"[""PF-PERMITAPPLICATION-000528"",""PF-AGENCY-000028"",""PF-CONDITION-000028""]"
PF-PERMITAPPLICATION-000415,Completeness Rejected,2023-03-09T22:00:00Z,wf_external_task,WF-0000006639,USR-085,"[""PF-PERMITAPPLICATION-000415"",""PF-OBJECTION-000415""]"
PF-PERMITAPPLICATION-000415,Application Reopened,2023-03-09T22:52:00Z,wf_task_history,WF-0000006640,USR-077,"[""PF-PERMITAPPLICATION-000415"",""PF-AGENCY-000415""]"
PF-PERMITAPPLICATION-000415,Inspection Failed,2023-03-09T23:14:00Z,wf_message_delivery,WF-0000006641,USR-123,"[""PF-PERMITAPPLICATION-000415"",""PF-DOCUMENT-000415""]"
PF-PERMITAPPLICATION-000415,Reinspection Requested,2023-03-09T23:51:00Z,wf_form_submission,WF-0000006642,USR-124,"[""PF-PERMITAPPLICATION-000415"",""PF-REVIEW-000415"",""PF-VIOLATION-000415""]"
PF-PERMITAPPLICATION-000530,Application Reopened,2023-03-10T00:21:00Z,wf_task_history,WF-0000006645,USR-127,"[""PF-PERMITAPPLICATION-000530"",""PF-AGENCY-000030""]"
PF-PERMITAPPLICATION-000438,Reinspection Requested,2023-03-10T06:14:00Z,wf_form_submission,WF-0000006675,USR-007,"[""PF-PERMITAPPLICATION-000438"",""PF-REVIEW-000438""]"
PF-PERMITAPPLICATION-000532,Application Reopened,2023-03-10T06:23:00Z,wf_task_history,WF-0000006669,USR-034,"[""PF-PERMITAPPLICATION-000532"",""PF-AGENCY-000032"",""PF-CONDITION-000032""]"
PF-PERMITAPPLICATION-000534,Application Reopened,2023-03-10T12:25:00Z,wf_task_history,WF-0000006696,USR-068,"[""PF-PERMITAPPLICATION-000534"",""PF-AGENCY-000034"",""PF-CONDITION-000034""]"
PF-PERMITAPPLICATION-000420,Completeness Rejected,2023-03-10T13:00:00Z,wf_external_task,WF-0000006704,USR-043,"[""PF-PERMITAPPLICATION-000420"",""PF-OBJECTION-000420""]"
PF-PERMITAPPLICATION-000420,Application Reopened,2023-03-10T13:52:00Z,wf_task_history,WF-0000006705,USR-035,"[""PF-PERMITAPPLICATION-000420"",""PF-AGENCY-000420"",""PF-CONDITION-000420""]"
PF-PERMITAPPLICATION-000420,Inspection Failed,2023-03-10T14:14:00Z,wf_message_delivery,WF-0000006706,USR-081,"[""PF-PERMITAPPLICATION-000420"",""PF-DOCUMENT-000420""]"
PF-PERMITAPPLICATION-000420,Reinspection Requested,2023-03-10T14:51:00Z,wf_form_submission,WF-0000006707,USR-082,"[""PF-PERMITAPPLICATION-000420"",""PF-REVIEW-000420"",""PF-VIOLATION-000420""]"
PF-PERMITAPPLICATION-000520,Completeness Rejected,2023-03-10T18:04:00Z,wf_external_task,WF-0000006720,USR-092,"[""PF-PERMITAPPLICATION-000520"",""PF-OBJECTION-000020"",""PF-REVIEW-000020""]"
PF-PERMITAPPLICATION-000536,Application Reopened,2023-03-10T18:27:00Z,wf_task_history,WF-0000006723,USR-102,"[""PF-PERMITAPPLICATION-000536"",""PF-AGENCY-000036""]"
PF-PERMITAPPLICATION-000445,Inspection Failed,2023-03-10T21:20:00Z,wf_message_delivery,WF-0000006743,USR-125,"[""PF-PERMITAPPLICATION-000445"",""PF-DOCUMENT-000445""]"
PF-PERMITAPPLICATION-000538,Application Reopened,2023-03-11T00:29:00Z,wf_task_history,WF-0000006748,USR-009,"[""PF-PERMITAPPLICATION-000538"",""PF-AGENCY-000038""]"
PF-PERMITAPPLICATION-000425,Completeness Rejected,2023-03-11T04:00:00Z,wf_external_task,WF-0000006773,USR-001,"[""PF-PERMITAPPLICATION-000425"",""PF-OBJECTION-000425""]"
PF-PERMITAPPLICATION-000425,Application Reopened,2023-03-11T04:52:00Z,wf_task_history,WF-0000006774,USR-120,"[""PF-PERMITAPPLICATION-000425"",""PF-AGENCY-000425"",""PF-CONDITION-000425""]"
PF-PERMITAPPLICATION-000425,Inspection Failed,2023-03-11T05:14:00Z,wf_message_delivery,WF-0000006775,USR-039,"[""PF-PERMITAPPLICATION-000425"",""PF-DOCUMENT-000425""]"
PF-PERMITAPPLICATION-000425,Reinspection Requested,2023-03-11T05:51:00Z,wf_form_submission,WF-0000006776,USR-040,"[""PF-PERMITAPPLICATION-000425"",""PF-REVIEW-000425""]"
PF-PERMITAPPLICATION-000540,Application Reopened,2023-03-11T06:31:00Z,wf_task_history,WF-0000006779,USR-043,"[""PF-PERMITAPPLICATION-000540"",""PF-AGENCY-000040"",""PF-CONDITION-000040""]"
PF-PERMITAPPLICATION-000542,Application Reopened,2023-03-11T12:33:00Z,wf_task_history,WF-0000006803,USR-077,"[""PF-PERMITAPPLICATION-000542"",""PF-AGENCY-000042""]"
PF-PERMITAPPLICATION-000544,Application Reopened,2023-03-11T18:35:00Z,wf_task_history,WF-0000006825,USR-111,"[""PF-PERMITAPPLICATION-000544"",""PF-AGENCY-000044"",""PF-CONDITION-000044""]"
PF-PERMITAPPLICATION-000430,Completeness Rejected,2023-03-11T19:00:00Z,wf_external_task,WF-0000006834,USR-086,"[""PF-PERMITAPPLICATION-000430"",""PF-OBJECTION-000430""]"
PF-PERMITAPPLICATION-000430,Application Reopened,2023-03-11T19:52:00Z,wf_task_history,WF-0000006835,USR-078,"[""PF-PERMITAPPLICATION-000430"",""PF-AGENCY-000430""]"
PF-PERMITAPPLICATION-000430,Inspection Failed,2023-03-11T20:14:00Z,wf_message_delivery,WF-0000006836,USR-124,"[""PF-PERMITAPPLICATION-000430"",""PF-DOCUMENT-000430""]"
PF-PERMITAPPLICATION-000430,Reinspection Requested,2023-03-11T20:51:00Z,wf_form_submission,WF-0000006837,USR-125,"[""PF-PERMITAPPLICATION-000430"",""PF-REVIEW-000430"",""PF-VIOLATION-000430""]"
PF-PERMITAPPLICATION-000546,Application Reopened,2023-03-12T00:37:00Z,wf_task_history,WF-0000006852,USR-018,"[""PF-PERMITAPPLICATION-000546"",""PF-AGENCY-000046""]"
PF-PERMITAPPLICATION-000548,Application Reopened,2023-03-12T06:39:00Z,wf_task_history,WF-0000006879,USR-052,"[""PF-PERMITAPPLICATION-000548"",""PF-AGENCY-000048"",""PF-CONDITION-000048""]"
PF-PERMITAPPLICATION-000533,Completeness Rejected,2023-03-12T09:17:00Z,wf_external_task,WF-0000006889,USR-059,"[""PF-PERMITAPPLICATION-000533"",""PF-OBJECTION-000033""]"
PF-PERMITAPPLICATION-000435,Completeness Rejected,2023-03-12T10:00:00Z,wf_external_task,WF-0000006906,USR-044,"[""PF-PERMITAPPLICATION-000435"",""PF-OBJECTION-000435""]"
PF-PERMITAPPLICATION-000435,Application Reopened,2023-03-12T10:52:00Z,wf_task_history,WF-0000006907,USR-036,"[""PF-PERMITAPPLICATION-000435"",""PF-AGENCY-000435""]"
PF-PERMITAPPLICATION-000435,Inspection Failed,2023-03-12T11:14:00Z,wf_message_delivery,WF-0000006908,USR-082,"[""PF-PERMITAPPLICATION-000435"",""PF-DOCUMENT-000435""]"
PF-PERMITAPPLICATION-000435,Reinspection Requested,2023-03-12T11:51:00Z,wf_form_submission,WF-0000006909,USR-083,"[""PF-PERMITAPPLICATION-000435"",""PF-REVIEW-000435"",""PF-VIOLATION-000435""]"
PF-PERMITAPPLICATION-000550,Application Reopened,2023-03-12T12:41:00Z,wf_task_history,WF-0000006912,USR-086,"[""PF-PERMITAPPLICATION-000550"",""PF-AGENCY-000050""]"
PF-PERMITAPPLICATION-000552,Application Reopened,2023-03-12T18:43:00Z,wf_task_history,WF-0000006934,USR-120,"[""PF-PERMITAPPLICATION-000552"",""PF-AGENCY-000052"",""PF-CONDITION-000052""]"
PF-PERMITAPPLICATION-000554,Application Reopened,2023-03-13T00:45:00Z,wf_task_history,WF-0000006960,USR-027,"[""PF-PERMITAPPLICATION-000554"",""PF-AGENCY-000054""]"
PF-PERMITAPPLICATION-000440,Completeness Rejected,2023-03-13T01:00:00Z,wf_external_task,WF-0000006968,USR-002,"[""PF-PERMITAPPLICATION-000440"",""PF-OBJECTION-000440""]"
PF-PERMITAPPLICATION-000440,Application Reopened,2023-03-13T01:52:00Z,wf_task_history,WF-0000006969,USR-121,"[""PF-PERMITAPPLICATION-000440"",""PF-AGENCY-000440"",""PF-CONDITION-000440""]"
PF-PERMITAPPLICATION-000440,Inspection Failed,2023-03-13T02:14:00Z,wf_message_delivery,WF-0000006970,USR-040,"[""PF-PERMITAPPLICATION-000440"",""PF-DOCUMENT-000440""]"
PF-PERMITAPPLICATION-000440,Reinspection Requested,2023-03-13T02:51:00Z,wf_form_submission,WF-0000006971,USR-041,"[""PF-PERMITAPPLICATION-000440"",""PF-REVIEW-000440"",""PF-VIOLATION-000440""]"
PF-PERMITAPPLICATION-000461,Reinspection Requested,2023-03-13T03:37:00Z,wf_form_submission,WF-0000006981,USR-017,"[""PF-PERMITAPPLICATION-000461"",""PF-REVIEW-000461""]"
PF-PERMITAPPLICATION-000464,Inspection Failed,2023-03-13T06:39:00Z,wf_message_delivery,WF-0000006994,USR-067,"[""PF-PERMITAPPLICATION-000464"",""PF-DOCUMENT-000464"",""PF-INSPECTION-000464""]"
PF-PERMITAPPLICATION-000556,Application Reopened,2023-03-13T06:47:00Z,wf_task_history,WF-0000006986,USR-061,"[""PF-PERMITAPPLICATION-000556"",""PF-AGENCY-000056""]"
PF-PERMITAPPLICATION-000558,Application Reopened,2023-03-13T12:49:00Z,wf_task_history,WF-0000007009,USR-095,"[""PF-PERMITAPPLICATION-000558"",""PF-AGENCY-000058""]"
PF-PERMITAPPLICATION-000445,Completeness Rejected,2023-03-13T16:00:00Z,wf_external_task,WF-0000007028,USR-087,"[""PF-PERMITAPPLICATION-000445"",""PF-OBJECTION-000445""]"
PF-PERMITAPPLICATION-000445,Application Reopened,2023-03-13T16:52:00Z,wf_task_history,WF-0000007029,USR-079,"[""PF-PERMITAPPLICATION-000445"",""PF-AGENCY-000445"",""PF-CONDITION-000445""]"
PF-PERMITAPPLICATION-000445,Inspection Failed,2023-03-13T17:14:00Z,wf_message_delivery,WF-0000007030,USR-125,"[""PF-PERMITAPPLICATION-000445"",""PF-DOCUMENT-000445""]"
PF-PERMITAPPLICATION-000445,Reinspection Requested,2023-03-13T17:51:00Z,wf_form_submission,WF-0000007031,USR-126,"[""PF-PERMITAPPLICATION-000445"",""PF-REVIEW-000445"",""PF-VIOLATION-000445""]"
PF-PERMITAPPLICATION-000560,Application Reopened,2023-03-13T18:51:00Z,wf_task_history,WF-0000007041,USR-002,"[""PF-PERMITAPPLICATION-000560"",""PF-AGENCY-000060""]"
PF-PERMITAPPLICATION-000546,Completeness Rejected,2023-03-14T00:30:00Z,wf_external_task,WF-0000007066,USR-026,"[""PF-PERMITAPPLICATION-000546"",""PF-OBJECTION-000046"",""PF-REVIEW-000046""]"
PF-PERMITAPPLICATION-000562,Application Reopened,2023-03-14T00:53:00Z,wf_task_history,WF-0000007069,USR-036,"[""PF-PERMITAPPLICATION-000562"",""PF-AGENCY-000062"",""PF-CONDITION-000062""]"
PF-PERMITAPPLICATION-000564,Application Reopened,2023-03-14T06:55:00Z,wf_task_history,WF-0000007091,USR-070,"[""PF-PERMITAPPLICATION-000564"",""PF-AGENCY-000064""]"
PF-PERMITAPPLICATION-000450,Completeness Rejected,2023-03-14T07:00:00Z,wf_external_task,WF-0000007098,USR-045,"[""PF-PERMITAPPLICATION-000450"",""PF-OBJECTION-000450""]"
PF-PERMITAPPLICATION-000450,Application Reopened,2023-03-14T07:52:00Z,wf_task_history,WF-0000007099,USR-037,"[""PF-PERMITAPPLICATION-000450"",""PF-AGENCY-000450"",""PF-CONDITION-000450""]"
PF-PERMITAPPLICATION-000450,Inspection Failed,2023-03-14T08:14:00Z,wf_message_delivery,WF-0000007100,USR-083,"[""PF-PERMITAPPLICATION-000450"",""PF-DOCUMENT-000450""]"
PF-PERMITAPPLICATION-000450,Reinspection Requested,2023-03-14T08:51:00Z,wf_form_submission,WF-0000007101,USR-084,"[""PF-PERMITAPPLICATION-000450"",""PF-REVIEW-000450""]"
PF-PERMITAPPLICATION-000566,Application Reopened,2023-03-14T12:57:00Z,wf_task_history,WF-0000007116,USR-104,"[""PF-PERMITAPPLICATION-000566"",""PF-AGENCY-000066""]"
PF-PERMITAPPLICATION-000568,Application Reopened,2023-03-14T18:59:00Z,wf_task_history,WF-0000007140,USR-011,"[""PF-PERMITAPPLICATION-000568"",""PF-AGENCY-000068"",""PF-CONDITION-000068""]"
PF-PERMITAPPLICATION-000455,Completeness Rejected,2023-03-14T22:00:00Z,wf_external_task,WF-0000007161,USR-003,"[""PF-PERMITAPPLICATION-000455"",""PF-OBJECTION-000455""]"
PF-PERMITAPPLICATION-000455,Application Reopened,2023-03-14T22:52:00Z,wf_task_history,WF-0000007162,USR-122,"[""PF-PERMITAPPLICATION-000455"",""PF-AGENCY-000455""]"
PF-PERMITAPPLICATION-000455,Inspection Failed,2023-03-14T23:14:00Z,wf_message_delivery,WF-0000007163,USR-041,"[""PF-PERMITAPPLICATION-000455"",""PF-DOCUMENT-000455""]"
PF-PERMITAPPLICATION-000455,Reinspection Requested,2023-03-14T23:51:00Z,wf_form_submission,WF-0000007164,USR-042,"[""PF-PERMITAPPLICATION-000455"",""PF-REVIEW-000455"",""PF-VIOLATION-000455""]"
PF-PERMITAPPLICATION-000570,Application Reopened,2023-03-15T01:01:00Z,wf_task_history,WF-0000007168,USR-045,"[""PF-PERMITAPPLICATION-000570"",""PF-AGENCY-000070""]"
PF-PERMITAPPLICATION-000572,Application Reopened,2023-03-15T07:03:00Z,wf_task_history,WF-0000007199,USR-079,"[""PF-PERMITAPPLICATION-000572"",""PF-AGENCY-000072""]"
PF-PERMITAPPLICATION-000460,Completeness Rejected,2023-03-15T13:00:00Z,wf_external_task,WF-0000007229,USR-088,"[""PF-PERMITAPPLICATION-000460"",""PF-OBJECTION-000460""]"
PF-PERMITAPPLICATION-000574,Application Reopened,2023-03-15T13:05:00Z,wf_task_history,WF-0000007226,USR-113,"[""PF-PERMITAPPLICATION-000574"",""PF-AGENCY-000074"",""PF-CONDITION-000074""]"
PF-PERMITAPPLICATION-000460,Application Reopened,2023-03-15T13:52:00Z,wf_task_history,WF-0000007230,USR-080,"[""PF-PERMITAPPLICATION-000460"",""PF-AGENCY-000460""]"
PF-PERMITAPPLICATION-000460,Inspection Failed,2023-03-15T14:14:00Z,wf_message_delivery,WF-0000007231,USR-126,"[""PF-PERMITAPPLICATION-000460"",""PF-DOCUMENT-000460""]"
PF-PERMITAPPLICATION-000460,Reinspection Requested,2023-03-15T14:51:00Z,wf_form_submission,WF-0000007232,USR-127,"[""PF-PERMITAPPLICATION-000460"",""PF-REVIEW-000460"",""PF-VIOLATION-000460""]"
PF-PERMITAPPLICATION-000483,Inspection Failed,2023-03-15T15:05:00Z,wf_message_delivery,WF-0000007238,USR-009,"[""PF-PERMITAPPLICATION-000483"",""PF-DOCUMENT-000483""]"
PF-PERMITAPPLICATION-000559,Completeness Rejected,2023-03-15T15:43:00Z,wf_external_task,WF-0000007240,USR-120,"[""PF-PERMITAPPLICATION-000559"",""PF-OBJECTION-000059""]"
PF-PERMITAPPLICATION-000576,Application Reopened,2023-03-15T19:07:00Z,wf_task_history,WF-0000007255,USR-020,"[""PF-PERMITAPPLICATION-000576"",""PF-AGENCY-000076""]"
PF-PERMITAPPLICATION-000484,Reinspection Requested,2023-03-16T00:07:00Z,wf_form_submission,WF-0000007274,USR-027,"[""PF-PERMITAPPLICATION-000484"",""PF-REVIEW-000484"",""PF-VIOLATION-000484""]"
PF-PERMITAPPLICATION-000578,Application Reopened,2023-03-16T00:16:00Z,wf_task_history,WF-0000007268,USR-054,"[""PF-PERMITAPPLICATION-000578"",""PF-AGENCY-000078""]"
PF-PERMITAPPLICATION-000465,Completeness Rejected,2023-03-16T04:00:00Z,wf_external_task,WF-0000007291,USR-046,"[""PF-PERMITAPPLICATION-000465"",""PF-OBJECTION-000465""]"
PF-PERMITAPPLICATION-000465,Application Reopened,2023-03-16T04:52:00Z,wf_task_history,WF-0000007292,USR-038,"[""PF-PERMITAPPLICATION-000465"",""PF-AGENCY-000465""]"
PF-PERMITAPPLICATION-000465,Inspection Failed,2023-03-16T05:14:00Z,wf_message_delivery,WF-0000007293,USR-084,"[""PF-PERMITAPPLICATION-000465"",""PF-DOCUMENT-000465""]"
PF-PERMITAPPLICATION-000465,Reinspection Requested,2023-03-16T05:51:00Z,wf_form_submission,WF-0000007294,USR-085,"[""PF-PERMITAPPLICATION-000465"",""PF-REVIEW-000465"",""PF-VIOLATION-000465""]"
PF-PERMITAPPLICATION-000580,Application Reopened,2023-03-16T06:18:00Z,wf_task_history,WF-0000007296,USR-088,"[""PF-PERMITAPPLICATION-000580"",""PF-AGENCY-000080"",""PF-CONDITION-000080""]"
PF-PERMITAPPLICATION-000582,Application Reopened,2023-03-16T12:20:00Z,wf_task_history,WF-0000007320,USR-122,"[""PF-PERMITAPPLICATION-000582"",""PF-AGENCY-000082""]"
PF-PERMITAPPLICATION-000584,Application Reopened,2023-03-16T18:22:00Z,wf_task_history,WF-0000007353,USR-029,"[""PF-PERMITAPPLICATION-000584"",""PF-AGENCY-000084"",""PF-CONDITION-000084""]"
PF-PERMITAPPLICATION-000470,Completeness Rejected,2023-03-16T19:00:00Z,wf_external_task,WF-0000007360,USR-004,"[""PF-PERMITAPPLICATION-000470"",""PF-OBJECTION-000470"",""PF-REVIEW-000470""]"
PF-PERMITAPPLICATION-000470,Application Reopened,2023-03-16T19:52:00Z,wf_task_history,WF-0000007361,USR-123,"[""PF-PERMITAPPLICATION-000470"",""PF-AGENCY-000470""]"
PF-PERMITAPPLICATION-000470,Inspection Failed,2023-03-16T20:14:00Z,wf_message_delivery,WF-0000007362,USR-042,"[""PF-PERMITAPPLICATION-000470"",""PF-DOCUMENT-000470"",""PF-INSPECTION-000470""]"
PF-PERMITAPPLICATION-000470,Reinspection Requested,2023-03-16T20:51:00Z,wf_form_submission,WF-0000007363,USR-043,"[""PF-PERMITAPPLICATION-000470"",""PF-REVIEW-000470""]"
PF-PERMITAPPLICATION-000586,Application Reopened,2023-03-17T00:24:00Z,wf_task_history,WF-0000007379,USR-063,"[""PF-PERMITAPPLICATION-000586"",""PF-AGENCY-000086""]"
PF-PERMITAPPLICATION-000572,Completeness Rejected,2023-03-17T06:03:00Z,wf_external_task,WF-0000007400,USR-087,"[""PF-PERMITAPPLICATION-000572"",""PF-OBJECTION-000072"",""PF-REVIEW-000072""]"
PF-PERMITAPPLICATION-000588,Application Reopened,2023-03-17T06:26:00Z,wf_task_history,WF-0000007403,USR-097,"[""PF-PERMITAPPLICATION-000588"",""PF-AGENCY-000088""]"
PF-PERMITAPPLICATION-000475,Completeness Rejected,2023-03-17T10:00:00Z,wf_external_task,WF-0000007421,USR-089,"[""PF-PERMITAPPLICATION-000475"",""PF-OBJECTION-000475"",""PF-REVIEW-000475""]"
PF-PERMITAPPLICATION-000475,Application Reopened,2023-03-17T10:52:00Z,wf_task_history,WF-0000007422,USR-081,"[""PF-PERMITAPPLICATION-000475"",""PF-AGENCY-000475""]"
PF-PERMITAPPLICATION-000475,Inspection Failed,2023-03-17T11:14:00Z,wf_message_delivery,WF-0000007423,USR-127,"[""PF-PERMITAPPLICATION-000475"",""PF-DOCUMENT-000475"",""PF-INSPECTION-000475""]"
PF-PERMITAPPLICATION-000475,Reinspection Requested,2023-03-17T11:51:00Z,wf_form_submission,WF-0000007424,USR-001,"[""PF-PERMITAPPLICATION-000475"",""PF-REVIEW-000475""]"
PF-PERMITAPPLICATION-000590,Application Reopened,2023-03-17T12:28:00Z,wf_task_history,WF-0000007428,USR-004,"[""PF-PERMITAPPLICATION-000590"",""PF-AGENCY-000090"",""PF-CONDITION-000090""]"
PF-PERMITAPPLICATION-000592,Application Reopened,2023-03-17T18:30:00Z,wf_task_history,WF-0000007452,USR-038,"[""PF-PERMITAPPLICATION-000592"",""PF-AGENCY-000092""]"
PF-PERMITAPPLICATION-000502,Inspection Failed,2023-03-18T00:24:00Z,wf_message_delivery,WF-0000007489,USR-078,"[""PF-PERMITAPPLICATION-000502"",""PF-DOCUMENT-000002"",""PF-INSPECTION-000002""]"
PF-PERMITAPPLICATION-000594,Application Reopened,2023-03-18T00:32:00Z,wf_task_history,WF-0000007482,USR-072,"[""PF-PERMITAPPLICATION-000594"",""PF-AGENCY-000094"",""PF-CONDITION-000094""]"
PF-PERMITAPPLICATION-000480,Completeness Rejected,2023-03-18T01:00:00Z,wf_external_task,WF-0000007493,USR-047,"[""PF-PERMITAPPLICATION-000480"",""PF-OBJECTION-000480""]"
PF-PERMITAPPLICATION-000480,Application Reopened,2023-03-18T01:52:00Z,wf_task_history,WF-0000007494,USR-039,"[""PF-PERMITAPPLICATION-000480"",""PF-AGENCY-000480"",""PF-CONDITION-000480""]"
PF-PERMITAPPLICATION-000480,Inspection Failed,2023-03-18T02:14:00Z,wf_message_delivery,WF-0000007495,USR-085,"[""PF-PERMITAPPLICATION-000480"",""PF-DOCUMENT-000480""]"
PF-PERMITAPPLICATION-000480,Reinspection Requested,2023-03-18T02:51:00Z,wf_form_submission,WF-0000007496,USR-086,"[""PF-PERMITAPPLICATION-000480"",""PF-REVIEW-000480"",""PF-VIOLATION-000480""]"
PF-PERMITAPPLICATION-000596,Application Reopened,2023-03-18T06:34:00Z,wf_task_history,WF-0000007511,USR-106,"[""PF-PERMITAPPLICATION-000596"",""PF-AGENCY-000096""]"
PF-PERMITAPPLICATION-000598,Application Reopened,2023-03-18T12:36:00Z,wf_task_history,WF-0000007533,USR-013,"[""PF-PERMITAPPLICATION-000598"",""PF-AGENCY-000098""]"
PF-PERMITAPPLICATION-000485,Completeness Rejected,2023-03-18T16:00:00Z,wf_external_task,WF-0000007553,USR-005,"[""PF-PERMITAPPLICATION-000485"",""PF-OBJECTION-000485"",""PF-REVIEW-000485""]"
PF-PERMITAPPLICATION-000485,Application Reopened,2023-03-18T16:52:00Z,wf_task_history,WF-0000007554,USR-124,"[""PF-PERMITAPPLICATION-000485"",""PF-AGENCY-000485""]"
PF-PERMITAPPLICATION-000485,Inspection Failed,2023-03-18T17:14:00Z,wf_message_delivery,WF-0000007555,USR-043,"[""PF-PERMITAPPLICATION-000485"",""PF-DOCUMENT-000485"",""PF-INSPECTION-000485""]"
PF-PERMITAPPLICATION-000485,Reinspection Requested,2023-03-18T17:51:00Z,wf_form_submission,WF-0000007556,USR-044,"[""PF-PERMITAPPLICATION-000485"",""PF-REVIEW-000485""]"
PF-PERMITAPPLICATION-000600,Application Reopened,2023-03-18T18:38:00Z,wf_task_history,WF-0000007560,USR-047,"[""PF-PERMITAPPLICATION-000600"",""PF-AGENCY-000100"",""PF-CONDITION-000100""]"
PF-PERMITAPPLICATION-000585,Completeness Rejected,2023-03-18T21:16:00Z,wf_external_task,WF-0000007569,USR-054,"[""PF-PERMITAPPLICATION-000585"",""PF-OBJECTION-000085""]"
PF-PERMITAPPLICATION-000507,Reinspection Requested,2023-03-18T21:30:00Z,wf_form_submission,WF-0000007578,USR-037,"[""PF-PERMITAPPLICATION-000507"",""PF-REVIEW-000007"",""PF-VIOLATION-000007""]"
PF-PERMITAPPLICATION-000602,Application Reopened,2023-03-19T00:40:00Z,wf_task_history,WF-0000007584,USR-081,"[""PF-PERMITAPPLICATION-000602"",""PF-AGENCY-000102""]"
PF-PERMITAPPLICATION-000604,Application Reopened,2023-03-19T06:42:00Z,wf_task_history,WF-0000007611,USR-115,"[""PF-PERMITAPPLICATION-000604"",""PF-AGENCY-000104"",""PF-CONDITION-000104""]"
PF-PERMITAPPLICATION-000490,Completeness Rejected,2023-03-19T07:00:00Z,wf_external_task,WF-0000007622,USR-090,"[""PF-PERMITAPPLICATION-000490"",""PF-OBJECTION-000490""]"
PF-PERMITAPPLICATION-000490,Application Reopened,2023-03-19T07:52:00Z,wf_task_history,WF-0000007623,USR-082,"[""PF-PERMITAPPLICATION-000490"",""PF-AGENCY-000490"",""PF-CONDITION-000490""]"
PF-PERMITAPPLICATION-000490,Inspection Failed,2023-03-19T08:14:00Z,wf_message_delivery,WF-0000007624,USR-001,"[""PF-PERMITAPPLICATION-000490"",""PF-DOCUMENT-000490""]"
PF-PERMITAPPLICATION-000490,Reinspection Requested,2023-03-19T08:51:00Z,wf_form_submission,WF-0000007625,USR-002,"[""PF-PERMITAPPLICATION-000490"",""PF-REVIEW-000490""]"
PF-PERMITAPPLICATION-000606,Application Reopened,2023-03-19T12:44:00Z,wf_task_history,WF-0000007642,USR-022,"[""PF-PERMITAPPLICATION-000606"",""PF-AGENCY-000106"",""PF-CONDITION-000106""]"
PF-PERMITAPPLICATION-000608,Application Reopened,2023-03-19T18:46:00Z,wf_task_history,WF-0000007664,USR-056,"[""PF-PERMITAPPLICATION-000608"",""PF-AGENCY-000108""]"
PF-PERMITAPPLICATION-000495,Completeness Rejected,2023-03-19T22:00:00Z,wf_external_task,WF-0000007685,USR-048,"[""PF-PERMITAPPLICATION-000495"",""PF-OBJECTION-000495""]"
PF-PERMITAPPLICATION-000495,Application Reopened,2023-03-19T22:52:00Z,wf_task_history,WF-0000007686,USR-040,"[""PF-PERMITAPPLICATION-000495"",""PF-AGENCY-000495"",""PF-CONDITION-000495""]"
PF-PERMITAPPLICATION-000495,Inspection Failed,2023-03-19T23:14:00Z,wf_message_delivery,WF-0000007687,USR-086,"[""PF-PERMITAPPLICATION-000495"",""PF-DOCUMENT-000495""]"
PF-PERMITAPPLICATION-000495,Reinspection Requested,2023-03-19T23:51:00Z,wf_form_submission,WF-0000007688,USR-087,"[""PF-PERMITAPPLICATION-000495"",""PF-REVIEW-000495"",""PF-VIOLATION-000495""]"
PF-PERMITAPPLICATION-000610,Application Reopened,2023-03-20T00:48:00Z,wf_task_history,WF-0000007694,USR-090,"[""PF-PERMITAPPLICATION-000610"",""PF-AGENCY-000110"",""PF-CONDITION-000110""]"
PF-PERMITAPPLICATION-000612,Application Reopened,2023-03-20T06:50:00Z,wf_task_history,WF-0000007716,USR-124,"[""PF-PERMITAPPLICATION-000612"",""PF-AGENCY-000112""]"
PF-PERMITAPPLICATION-000521,Inspection Failed,2023-03-20T09:43:00Z,wf_message_delivery,WF-0000007734,USR-020,"[""PF-PERMITAPPLICATION-000521"",""PF-DOCUMENT-000021"",""PF-INSPECTION-000021""]"
PF-PERMITAPPLICATION-000598,Completeness Rejected,2023-03-20T12:29:00Z,wf_external_task,WF-0000007736,USR-021,"[""PF-PERMITAPPLICATION-000598"",""PF-OBJECTION-000098""]"
PF-PERMITAPPLICATION-000614,Application Reopened,2023-03-20T12:52:00Z,wf_task_history,WF-0000007739,USR-031,"[""PF-PERMITAPPLICATION-000614"",""PF-AGENCY-000114""]"
PF-PERMITAPPLICATION-000500,Completeness Rejected,2023-03-20T13:00:00Z,wf_external_task,WF-0000007747,USR-006,"[""PF-PERMITAPPLICATION-000500"",""PF-OBJECTION-000500""]"
PF-PERMITAPPLICATION-000500,Application Reopened,2023-03-20T13:52:00Z,wf_task_history,WF-0000007748,USR-125,"[""PF-PERMITAPPLICATION-000500"",""PF-AGENCY-000500"",""PF-CONDITION-000500""]"
PF-PERMITAPPLICATION-000500,Inspection Failed,2023-03-20T14:14:00Z,wf_message_delivery,WF-0000007749,USR-044,"[""PF-PERMITAPPLICATION-000500"",""PF-DOCUMENT-000500""]"
PF-PERMITAPPLICATION-000500,Reinspection Requested,2023-03-20T14:51:00Z,wf_form_submission,WF-0000007750,USR-045,"[""PF-PERMITAPPLICATION-000500"",""PF-REVIEW-000500""]"
PF-PERMITAPPLICATION-000616,Application Reopened,2023-03-20T18:54:00Z,wf_task_history,WF-0000007773,USR-065,"[""PF-PERMITAPPLICATION-000616"",""PF-AGENCY-000116""]"
PF-PERMITAPPLICATION-000618,Application Reopened,2023-03-21T00:56:00Z,wf_task_history,WF-0000007797,USR-099,"[""PF-PERMITAPPLICATION-000618"",""PF-AGENCY-000118"",""PF-CONDITION-000118""]"
PF-PERMITAPPLICATION-000505,Completeness Rejected,2023-03-21T04:00:00Z,wf_external_task,WF-0000007817,USR-091,"[""PF-PERMITAPPLICATION-000505"",""PF-OBJECTION-000005"",""PF-REVIEW-000005""]"
PF-PERMITAPPLICATION-000505,Application Reopened,2023-03-21T04:52:00Z,wf_task_history,WF-0000007818,USR-083,"[""PF-PERMITAPPLICATION-000505"",""PF-AGENCY-000005""]"
PF-PERMITAPPLICATION-000505,Inspection Failed,2023-03-21T05:14:00Z,wf_message_delivery,WF-0000007819,USR-002,"[""PF-PERMITAPPLICATION-000505"",""PF-DOCUMENT-000005"",""PF-INSPECTION-000005""]"
PF-PERMITAPPLICATION-000505,Reinspection Requested,2023-03-21T05:51:00Z,wf_form_submission,WF-0000007820,USR-003,"[""PF-PERMITAPPLICATION-000505"",""PF-REVIEW-000005""]"
PF-PERMITAPPLICATION-000620,Application Reopened,2023-03-21T06:58:00Z,wf_task_history,WF-0000007824,USR-006,"[""PF-PERMITAPPLICATION-000620"",""PF-AGENCY-000120""]"
PF-PERMITAPPLICATION-000622,Application Reopened,2023-03-21T13:00:00Z,wf_task_history,WF-0000007848,USR-040,"[""PF-PERMITAPPLICATION-000622"",""PF-AGENCY-000122"",""PF-CONDITION-000122""]"
PF-PERMITAPPLICATION-000530,Reinspection Requested,2023-03-21T18:00:00Z,wf_form_submission,WF-0000007866,USR-047,"[""PF-PERMITAPPLICATION-000530"",""PF-REVIEW-000030"",""PF-VIOLATION-000030""]"
PF-PERMITAPPLICATION-000510,Completeness Rejected,2023-03-21T19:00:00Z,wf_external_task,WF-0000007879,USR-049,"[""PF-PERMITAPPLICATION-000510"",""PF-OBJECTION-000010""]"
PF-PERMITAPPLICATION-000624,Application Reopened,2023-03-21T19:02:00Z,wf_task_history,WF-0000007873,USR-074,"[""PF-PERMITAPPLICATION-000624"",""PF-AGENCY-000124"",""PF-CONDITION-000124""]"
PF-PERMITAPPLICATION-000510,Application Reopened,2023-03-21T19:52:00Z,wf_task_history,WF-0000007880,USR-041,"[""PF-PERMITAPPLICATION-000510"",""PF-AGENCY-000010"",""PF-CONDITION-000010""]"
PF-PERMITAPPLICATION-000510,Inspection Failed,2023-03-21T20:14:00Z,wf_message_delivery,WF-0000007881,USR-087,"[""PF-PERMITAPPLICATION-000510"",""PF-DOCUMENT-000010""]"
PF-PERMITAPPLICATION-000510,Reinspection Requested,2023-03-21T20:51:00Z,wf_form_submission,WF-0000007882,USR-088,"[""PF-PERMITAPPLICATION-000510"",""PF-REVIEW-000010"",""PF-VIOLATION-000010""]"
PF-PERMITAPPLICATION-000626,Application Reopened,2023-03-22T01:04:00Z,wf_task_history,WF-0000007907,USR-108,"[""PF-PERMITAPPLICATION-000626"",""PF-AGENCY-000126"",""PF-CONDITION-000126""]"
PF-PERMITAPPLICATION-000611,Completeness Rejected,2023-03-22T03:42:00Z,wf_external_task,WF-0000007916,USR-115,"[""PF-PERMITAPPLICATION-000611"",""PF-OBJECTION-000111""]"
PF-PERMITAPPLICATION-000628,Application Reopened,2023-03-22T07:06:00Z,wf_task_history,WF-0000007932,USR-015,"[""PF-PERMITAPPLICATION-000628"",""PF-AGENCY-000128""]"
PF-PERMITAPPLICATION-000515,Completeness Rejected,2023-03-22T10:00:00Z,wf_external_task,WF-0000007948,USR-007,"[""PF-PERMITAPPLICATION-000515"",""PF-OBJECTION-000015""]"
PF-PERMITAPPLICATION-000515,Application Reopened,2023-03-22T10:52:00Z,wf_task_history,WF-0000007949,USR-126,"[""PF-PERMITAPPLICATION-000515"",""PF-AGENCY-000015"",""PF-CONDITION-000015""]"
PF-PERMITAPPLICATION-000515,Inspection Failed,2023-03-22T11:14:00Z,wf_message_delivery,WF-0000007950,USR-045,"[""PF-PERMITAPPLICATION-000515"",""PF-DOCUMENT-000015""]"
PF-PERMITAPPLICATION-000515,Reinspection Requested,2023-03-22T11:51:00Z,wf_form_submission,WF-0000007951,USR-046,"[""PF-PERMITAPPLICATION-000515"",""PF-REVIEW-000015""]"
PF-PERMITAPPLICATION-000630,Application Reopened,2023-03-22T12:15:00Z,wf_task_history,WF-0000007952,USR-049,"[""PF-PERMITAPPLICATION-000630"",""PF-AGENCY-000130""]"
PF-PERMITAPPLICATION-000540,Inspection Failed,2023-03-22T18:09:00Z,wf_message_delivery,WF-0000007985,USR-089,"[""PF-PERMITAPPLICATION-000540"",""PF-DOCUMENT-000040"",""PF-INSPECTION-000040""]"
PF-PERMITAPPLICATION-000632,Application Reopened,2023-03-22T18:17:00Z,wf_task_history,WF-0000007978,USR-083,"[""PF-PERMITAPPLICATION-000632"",""PF-AGENCY-000132"",""PF-CONDITION-000132""]"
PF-PERMITAPPLICATION-000634,Application Reopened,2023-03-23T00:19:00Z,wf_task_history,WF-0000008001,USR-117,"[""PF-PERMITAPPLICATION-000634"",""PF-AGENCY-000134""]"
PF-PERMITAPPLICATION-000520,Completeness Rejected,2023-03-23T01:00:00Z,wf_external_task,WF-0000008010,USR-092,"[""PF-PERMITAPPLICATION-000520"",""PF-OBJECTION-000020""]"
PF-PERMITAPPLICATION-000520,Application Reopened,2023-03-23T01:52:00Z,wf_task_history,WF-0000008011,USR-084,"[""PF-PERMITAPPLICATION-000520"",""PF-AGENCY-000020"",""PF-CONDITION-000020""]"
PF-PERMITAPPLICATION-000520,Inspection Failed,2023-03-23T02:14:00Z,wf_message_delivery,WF-0000008012,USR-003,"[""PF-PERMITAPPLICATION-000520"",""PF-DOCUMENT-000020""]"
PF-PERMITAPPLICATION-000520,Reinspection Requested,2023-03-23T02:51:00Z,wf_form_submission,WF-0000008013,USR-004,"[""PF-PERMITAPPLICATION-000520"",""PF-REVIEW-000020"",""PF-VIOLATION-000020""]"
PF-PERMITAPPLICATION-000636,Application Reopened,2023-03-23T06:21:00Z,wf_task_history,WF-0000008027,USR-024,"[""PF-PERMITAPPLICATION-000636"",""PF-AGENCY-000136""]"
PF-PERMITAPPLICATION-000638,Application Reopened,2023-03-23T12:23:00Z,wf_task_history,WF-0000008057,USR-058,"[""PF-PERMITAPPLICATION-000638"",""PF-AGENCY-000138"",""PF-CONDITION-000138""]"
PF-PERMITAPPLICATION-000525,Completeness Rejected,2023-03-23T16:00:00Z,wf_external_task,WF-0000008078,USR-050,"[""PF-PERMITAPPLICATION-000525"",""PF-OBJECTION-000025"",""PF-REVIEW-000025""]"
PF-PERMITAPPLICATION-000525,Application Reopened,2023-03-23T16:52:00Z,wf_task_history,WF-0000008079,USR-042,"[""PF-PERMITAPPLICATION-000525"",""PF-AGENCY-000025""]"
PF-PERMITAPPLICATION-000525,Inspection Failed,2023-03-23T17:14:00Z,wf_message_delivery,WF-0000008080,USR-088,"[""PF-PERMITAPPLICATION-000525"",""PF-DOCUMENT-000025"",""PF-INSPECTION-000025""]"
PF-PERMITAPPLICATION-000525,Reinspection Requested,2023-03-23T17:51:00Z,wf_form_submission,WF-0000008081,USR-089,"[""PF-PERMITAPPLICATION-000525"",""PF-REVIEW-000025""]"
PF-PERMITAPPLICATION-000624,Completeness Rejected,2023-03-23T18:02:00Z,wf_external_task,WF-0000008082,USR-082,"[""PF-PERMITAPPLICATION-000624"",""PF-OBJECTION-000124""]"
PF-PERMITAPPLICATION-000640,Application Reopened,2023-03-23T18:25:00Z,wf_task_history,WF-0000008087,USR-092,"[""PF-PERMITAPPLICATION-000640"",""PF-AGENCY-000140""]"
PF-PERMITAPPLICATION-000642,Application Reopened,2023-03-24T00:27:00Z,wf_task_history,WF-0000008108,USR-126,"[""PF-PERMITAPPLICATION-000642"",""PF-AGENCY-000142"",""PF-CONDITION-000142""]"
PF-PERMITAPPLICATION-000644,Application Reopened,2023-03-24T06:29:00Z,wf_task_history,WF-0000008131,USR-033,"[""PF-PERMITAPPLICATION-000644"",""PF-AGENCY-000144"",""PF-CONDITION-000144""]"
PF-PERMITAPPLICATION-000530,Completeness Rejected,2023-03-24T07:00:00Z,wf_external_task,WF-0000008140,USR-008,"[""PF-PERMITAPPLICATION-000530"",""PF-OBJECTION-000030""]"
PF-PERMITAPPLICATION-000530,Application Reopened,2023-03-24T07:52:00Z,wf_task_history,WF-0000008141,USR-127,"[""PF-PERMITAPPLICATION-000530"",""PF-AGENCY-000030""]"
PF-PERMITAPPLICATION-000530,Inspection Failed,2023-03-24T08:14:00Z,wf_message_delivery,WF-0000008142,USR-046,"[""PF-PERMITAPPLICATION-000530"",""PF-DOCUMENT-000030""]"
PF-PERMITAPPLICATION-000530,Reinspection Requested,2023-03-24T08:51:00Z,wf_form_submission,WF-0000008143,USR-047,"[""PF-PERMITAPPLICATION-000530"",""PF-REVIEW-000030"",""PF-VIOLATION-000030""]"
PF-PERMITAPPLICATION-000646,Application Reopened,2023-03-24T12:31:00Z,wf_task_history,WF-0000008160,USR-067,"[""PF-PERMITAPPLICATION-000646"",""PF-AGENCY-000146""]"
PF-PERMITAPPLICATION-000553,Reinspection Requested,2023-03-24T15:23:00Z,wf_form_submission,WF-0000008178,USR-057,"[""PF-PERMITAPPLICATION-000553"",""PF-REVIEW-000053""]"
PF-PERMITAPPLICATION-000648,Application Reopened,2023-03-24T18:33:00Z,wf_task_history,WF-0000008186,USR-101,"[""PF-PERMITAPPLICATION-000648"",""PF-AGENCY-000148""]"
PF-PERMITAPPLICATION-000535,Completeness Rejected,2023-03-24T22:00:00Z,wf_external_task,WF-0000008209,USR-093,"[""PF-PERMITAPPLICATION-000535"",""PF-OBJECTION-000035"",""PF-REVIEW-000035""]"
PF-PERMITAPPLICATION-000535,Application Reopened,2023-03-24T22:52:00Z,wf_task_history,WF-0000008210,USR-085,"[""PF-PERMITAPPLICATION-000535"",""PF-AGENCY-000035""]"
PF-PERMITAPPLICATION-000535,Inspection Failed,2023-03-24T23:14:00Z,wf_message_delivery,WF-0000008211,USR-004,"[""PF-PERMITAPPLICATION-000535"",""PF-DOCUMENT-000035"",""PF-INSPECTION-000035""]"
PF-PERMITAPPLICATION-000535,Reinspection Requested,2023-03-24T23:51:00Z,wf_form_submission,WF-0000008212,USR-005,"[""PF-PERMITAPPLICATION-000535"",""PF-REVIEW-000035""]"
PF-PERMITAPPLICATION-000650,Application Reopened,2023-03-25T00:35:00Z,wf_task_history,WF-0000008215,USR-008,"[""PF-PERMITAPPLICATION-000650"",""PF-AGENCY-000150"",""PF-CONDITION-000150""]"
PF-PERMITAPPLICATION-000559,Inspection Failed,2023-03-25T03:28:00Z,wf_message_delivery,WF-0000008233,USR-031,"[""PF-PERMITAPPLICATION-000559"",""PF-DOCUMENT-000059"",""PF-INSPECTION-000059""]"
PF-PERMITAPPLICATION-000652,Application Reopened,2023-03-25T06:37:00Z,wf_task_history,WF-0000008240,USR-042,"[""PF-PERMITAPPLICATION-000652"",""PF-AGENCY-000152""]"
PF-PERMITAPPLICATION-000637,Completeness Rejected,2023-03-25T09:15:00Z,wf_external_task,WF-0000008249,USR-049,"[""PF-PERMITAPPLICATION-000637"",""PF-OBJECTION-000137"",""PF-REVIEW-000137""]"
PF-PERMITAPPLICATION-000654,Application Reopened,2023-03-25T12:39:00Z,wf_task_history,WF-0000008264,USR-076,"[""PF-PERMITAPPLICATION-000654"",""PF-AGENCY-000154""]"
PF-PERMITAPPLICATION-000540,Completeness Rejected,2023-03-25T13:00:00Z,wf_external_task,WF-0000008273,USR-051,"[""PF-PERMITAPPLICATION-000540"",""PF-OBJECTION-000040"",""PF-REVIEW-000040""]"
PF-PERMITAPPLICATION-000540,Application Reopened,2023-03-25T13:52:00Z,wf_task_history,WF-0000008274,USR-043,"[""PF-PERMITAPPLICATION-000540"",""PF-AGENCY-000040""]"
PF-PERMITAPPLICATION-000540,Inspection Failed,2023-03-25T14:14:00Z,wf_message_delivery,WF-0000008275,USR-089,"[""PF-PERMITAPPLICATION-000540"",""PF-DOCUMENT-000040"",""PF-INSPECTION-000040""]"
PF-PERMITAPPLICATION-000540,Reinspection Requested,2023-03-25T14:51:00Z,wf_form_submission,WF-0000008276,USR-090,"[""PF-PERMITAPPLICATION-000540"",""PF-REVIEW-000040""]"
PF-PERMITAPPLICATION-000656,Application Reopened,2023-03-25T18:41:00Z,wf_task_history,WF-0000008293,USR-110,"[""PF-PERMITAPPLICATION-000656"",""PF-AGENCY-000156""]"
PF-PERMITAPPLICATION-000658,Application Reopened,2023-03-26T00:43:00Z,wf_task_history,WF-0000008314,USR-017,"[""PF-PERMITAPPLICATION-000658"",""PF-AGENCY-000158""]"
PF-PERMITAPPLICATION-000545,Completeness Rejected,2023-03-26T04:00:00Z,wf_external_task,WF-0000008340,USR-009,"[""PF-PERMITAPPLICATION-000545"",""PF-OBJECTION-000045"",""PF-REVIEW-000045""]"
PF-PERMITAPPLICATION-000545,Application Reopened,2023-03-26T04:52:00Z,wf_task_history,WF-0000008341,USR-001,"[""PF-PERMITAPPLICATION-000545"",""PF-AGENCY-000045""]"
PF-PERMITAPPLICATION-000545,Inspection Failed,2023-03-26T05:14:00Z,wf_message_delivery,WF-0000008342,USR-047,"[""PF-PERMITAPPLICATION-000545"",""PF-DOCUMENT-000045"",""PF-INSPECTION-000045""]"
PF-PERMITAPPLICATION-000545,Reinspection Requested,2023-03-26T05:51:00Z,wf_form_submission,WF-0000008343,USR-048,"[""PF-PERMITAPPLICATION-000545"",""PF-REVIEW-000045""]"
PF-PERMITAPPLICATION-000660,Application Reopened,2023-03-26T06:45:00Z,wf_task_history,WF-0000008348,USR-051,"[""PF-PERMITAPPLICATION-000660"",""PF-AGENCY-000160"",""PF-CONDITION-000160""]"
PF-PERMITAPPLICATION-000662,Application Reopened,2023-03-26T12:47:00Z,wf_task_history,WF-0000008371,USR-085,"[""PF-PERMITAPPLICATION-000662"",""PF-AGENCY-000162""]"
PF-PERMITAPPLICATION-000664,Application Reopened,2023-03-26T18:49:00Z,wf_task_history,WF-0000008393,USR-119,"[""PF-PERMITAPPLICATION-000664"",""PF-AGENCY-000164""]"
PF-PERMITAPPLICATION-000550,Completeness Rejected,2023-03-26T19:00:00Z,wf_external_task,WF-0000008401,USR-094,"[""PF-PERMITAPPLICATION-000550"",""PF-OBJECTION-000050""]"
PF-PERMITAPPLICATION-000550,Application Reopened,2023-03-26T19:52:00Z,wf_task_history,WF-0000008402,USR-086,"[""PF-PERMITAPPLICATION-000550"",""PF-AGENCY-000050"",""PF-CONDITION-000050""]"
PF-PERMITAPPLICATION-000550,Inspection Failed,2023-03-26T20:14:00Z,wf_message_delivery,WF-0000008403,USR-005,"[""PF-PERMITAPPLICATION-000550"",""PF-DOCUMENT-000050""]"
PF-PERMITAPPLICATION-000550,Reinspection Requested,2023-03-26T20:51:00Z,wf_form_submission,WF-0000008404,USR-006,"[""PF-PERMITAPPLICATION-000550"",""PF-REVIEW-000050""]"
PF-PERMITAPPLICATION-000650,Completeness Rejected,2023-03-27T00:28:00Z,wf_external_task,WF-0000008420,USR-016,"[""PF-PERMITAPPLICATION-000650"",""PF-OBJECTION-000150""]"
PF-PERMITAPPLICATION-000666,Application Reopened,2023-03-27T00:51:00Z,wf_task_history,WF-0000008424,USR-026,"[""PF-PERMITAPPLICATION-000666"",""PF-AGENCY-000166""]"
PF-PERMITAPPLICATION-000668,Application Reopened,2023-03-27T06:53:00Z,wf_task_history,WF-0000008449,USR-060,"[""PF-PERMITAPPLICATION-000668"",""PF-AGENCY-000168""]"
PF-PERMITAPPLICATION-000555,Completeness Rejected,2023-03-27T10:00:00Z,wf_external_task,WF-0000008466,USR-052,"[""PF-PERMITAPPLICATION-000555"",""PF-OBJECTION-000055"",""PF-REVIEW-000055""]"
PF-PERMITAPPLICATION-000555,Application Reopened,2023-03-27T10:52:00Z,wf_task_history,WF-0000008467,USR-044,"[""PF-PERMITAPPLICATION-000555"",""PF-AGENCY-000055""]"
PF-PERMITAPPLICATION-000555,Inspection Failed,2023-03-27T11:14:00Z,wf_message_delivery,WF-0000008468,USR-090,"[""PF-PERMITAPPLICATION-000555"",""PF-DOCUMENT-000055"",""PF-INSPECTION-000055""]"
PF-PERMITAPPLICATION-000555,Reinspection Requested,2023-03-27T11:51:00Z,wf_form_submission,WF-0000008469,USR-091,"[""PF-PERMITAPPLICATION-000555"",""PF-REVIEW-000055""]"
PF-PERMITAPPLICATION-000576,Reinspection Requested,2023-03-27T12:46:00Z,wf_form_submission,WF-0000008485,USR-067,"[""PF-PERMITAPPLICATION-000576"",""PF-REVIEW-000076""]"
PF-PERMITAPPLICATION-000578,Inspection Failed,2023-03-27T12:47:00Z,wf_message_delivery,WF-0000008487,USR-100,"[""PF-PERMITAPPLICATION-000578"",""PF-DOCUMENT-000078""]"
PF-PERMITAPPLICATION-000670,Application Reopened,2023-03-27T12:55:00Z,wf_task_history,WF-0000008476,USR-094,"[""PF-PERMITAPPLICATION-000670"",""PF-AGENCY-000170""]"
PF-PERMITAPPLICATION-000672,Application Reopened,2023-03-27T18:57:00Z,wf_task_history,WF-0000008505,USR-001,"[""PF-PERMITAPPLICATION-000672"",""PF-AGENCY-000172"",""PF-CONDITION-000172""]"
PF-PERMITAPPLICATION-000674,Application Reopened,2023-03-28T00:59:00Z,wf_task_history,WF-0000008528,USR-035,"[""PF-PERMITAPPLICATION-000674"",""PF-AGENCY-000174"",""PF-CONDITION-000174""]"
PF-PERMITAPPLICATION-000560,Completeness Rejected,2023-03-28T01:00:00Z,wf_external_task,WF-0000008535,USR-010,"[""PF-PERMITAPPLICATION-000560"",""PF-OBJECTION-000060"",""PF-REVIEW-000060""]"
PF-PERMITAPPLICATION-000560,Application Reopened,2023-03-28T01:52:00Z,wf_task_history,WF-0000008536,USR-002,"[""PF-PERMITAPPLICATION-000560"",""PF-AGENCY-000060""]"
PF-PERMITAPPLICATION-000560,Inspection Failed,2023-03-28T02:14:00Z,wf_message_delivery,WF-0000008537,USR-048,"[""PF-PERMITAPPLICATION-000560"",""PF-DOCUMENT-000060"",""PF-INSPECTION-000060""]"
PF-PERMITAPPLICATION-000560,Reinspection Requested,2023-03-28T02:51:00Z,wf_form_submission,WF-0000008538,USR-049,"[""PF-PERMITAPPLICATION-000560"",""PF-REVIEW-000060""]"
PF-PERMITAPPLICATION-000676,Application Reopened,2023-03-28T07:01:00Z,wf_task_history,WF-0000008554,USR-069,"[""PF-PERMITAPPLICATION-000676"",""PF-AGENCY-000176""]"
PF-PERMITAPPLICATION-000678,Application Reopened,2023-03-28T13:03:00Z,wf_task_history,WF-0000008581,USR-103,"[""PF-PERMITAPPLICATION-000678"",""PF-AGENCY-000178""]"
PF-PERMITAPPLICATION-000663,Completeness Rejected,2023-03-28T15:41:00Z,wf_external_task,WF-0000008591,USR-110,"[""PF-PERMITAPPLICATION-000663"",""PF-OBJECTION-000163""]"
PF-PERMITAPPLICATION-000565,Completeness Rejected,2023-03-28T16:00:00Z,wf_external_task,WF-0000008598,USR-095,"[""PF-PERMITAPPLICATION-000565"",""PF-OBJECTION-000065"",""PF-REVIEW-000065""]"
PF-PERMITAPPLICATION-000565,Application Reopened,2023-03-28T16:52:00Z,wf_task_history,WF-0000008599,USR-087,"[""PF-PERMITAPPLICATION-000565"",""PF-AGENCY-000065""]"
PF-PERMITAPPLICATION-000565,Inspection Failed,2023-03-28T17:14:00Z,wf_message_delivery,WF-0000008600,USR-006,"[""PF-PERMITAPPLICATION-000565"",""PF-DOCUMENT-000065"",""PF-INSPECTION-000065""]"
PF-PERMITAPPLICATION-000565,Reinspection Requested,2023-03-28T17:51:00Z,wf_form_submission,WF-0000008601,USR-007,"[""PF-PERMITAPPLICATION-000565"",""PF-REVIEW-000065""]"
PF-PERMITAPPLICATION-000680,Application Reopened,2023-03-28T19:05:00Z,wf_task_history,WF-0000008610,USR-010,"[""PF-PERMITAPPLICATION-000680"",""PF-AGENCY-000180""]"
PF-PERMITAPPLICATION-000682,Application Reopened,2023-03-29T01:07:00Z,wf_task_history,WF-0000008642,USR-044,"[""PF-PERMITAPPLICATION-000682"",""PF-AGENCY-000182""]"
PF-PERMITAPPLICATION-000684,Application Reopened,2023-03-29T06:16:00Z,wf_task_history,WF-0000008652,USR-078,"[""PF-PERMITAPPLICATION-000684"",""PF-AGENCY-000184""]"
PF-PERMITAPPLICATION-000570,Completeness Rejected,2023-03-29T07:00:00Z,wf_external_task,WF-0000008664,USR-053,"[""PF-PERMITAPPLICATION-000570"",""PF-OBJECTION-000070"",""PF-REVIEW-000070""]"
PF-PERMITAPPLICATION-000570,Application Reopened,2023-03-29T07:52:00Z,wf_task_history,WF-0000008665,USR-045,"[""PF-PERMITAPPLICATION-000570"",""PF-AGENCY-000070""]"
PF-PERMITAPPLICATION-000570,Inspection Failed,2023-03-29T08:14:00Z,wf_message_delivery,WF-0000008666,USR-091,"[""PF-PERMITAPPLICATION-000570"",""PF-DOCUMENT-000070"",""PF-INSPECTION-000070""]"
PF-PERMITAPPLICATION-000570,Reinspection Requested,2023-03-29T08:51:00Z,wf_form_submission,WF-0000008667,USR-092,"[""PF-PERMITAPPLICATION-000570"",""PF-REVIEW-000070""]"
PF-PERMITAPPLICATION-000686,Application Reopened,2023-03-29T12:18:00Z,wf_task_history,WF-0000008683,USR-112,"[""PF-PERMITAPPLICATION-000686"",""PF-AGENCY-000186""]"
PF-PERMITAPPLICATION-000688,Application Reopened,2023-03-29T18:20:00Z,wf_task_history,WF-0000008707,USR-019,"[""PF-PERMITAPPLICATION-000688"",""PF-AGENCY-000188"",""PF-CONDITION-000188""]"
PF-PERMITAPPLICATION-000597,Inspection Failed,2023-03-29T21:13:00Z,wf_message_delivery,WF-0000008725,USR-042,"[""PF-PERMITAPPLICATION-000597"",""PF-DOCUMENT-000097""]"
PF-PERMITAPPLICATION-000575,Completeness Rejected,2023-03-29T22:00:00Z,wf_external_task,WF-0000008728,USR-011,"[""PF-PERMITAPPLICATION-000575"",""PF-OBJECTION-000075""]"
PF-PERMITAPPLICATION-000575,Application Reopened,2023-03-29T22:52:00Z,wf_task_history,WF-0000008729,USR-003,"[""PF-PERMITAPPLICATION-000575"",""PF-AGENCY-000075"",""PF-CONDITION-000075""]"
PF-PERMITAPPLICATION-000575,Inspection Failed,2023-03-29T23:14:00Z,wf_message_delivery,WF-0000008730,USR-049,"[""PF-PERMITAPPLICATION-000575"",""PF-DOCUMENT-000075""]"
PF-PERMITAPPLICATION-000575,Reinspection Requested,2023-03-29T23:51:00Z,wf_form_submission,WF-0000008731,USR-050,"[""PF-PERMITAPPLICATION-000575"",""PF-REVIEW-000075""]"
PF-PERMITAPPLICATION-000690,Application Reopened,2023-03-30T00:22:00Z,wf_task_history,WF-0000008734,USR-053,"[""PF-PERMITAPPLICATION-000690"",""PF-AGENCY-000190""]"
PF-PERMITAPPLICATION-000676,Completeness Rejected,2023-03-30T06:01:00Z,wf_external_task,WF-0000008755,USR-077,"[""PF-PERMITAPPLICATION-000676"",""PF-OBJECTION-000176""]"
PF-PERMITAPPLICATION-000692,Application Reopened,2023-03-30T06:24:00Z,wf_task_history,WF-0000008759,USR-087,"[""PF-PERMITAPPLICATION-000692"",""PF-AGENCY-000192"",""PF-CONDITION-000192""]"
PF-PERMITAPPLICATION-000599,Reinspection Requested,2023-03-30T09:16:00Z,wf_form_submission,WF-0000008781,USR-077,"[""PF-PERMITAPPLICATION-000599"",""PF-REVIEW-000099""]"
PF-PERMITAPPLICATION-000694,Application Reopened,2023-03-30T12:26:00Z,wf_task_history,WF-0000008789,USR-121,"[""PF-PERMITAPPLICATION-000694"",""PF-AGENCY-000194"",""PF-CONDITION-000194""]"
PF-PERMITAPPLICATION-000580,Completeness Rejected,2023-03-30T13:00:00Z,wf_external_task,WF-0000008799,USR-096,"[""PF-PERMITAPPLICATION-000580"",""PF-OBJECTION-000080"",""PF-REVIEW-000080""]"
PF-PERMITAPPLICATION-000580,Application Reopened,2023-03-30T13:52:00Z,wf_task_history,WF-0000008800,USR-088,"[""PF-PERMITAPPLICATION-000580"",""PF-AGENCY-000080""]"
PF-PERMITAPPLICATION-000580,Inspection Failed,2023-03-30T14:14:00Z,wf_message_delivery,WF-0000008801,USR-007,"[""PF-PERMITAPPLICATION-000580"",""PF-DOCUMENT-000080"",""PF-INSPECTION-000080""]"
PF-PERMITAPPLICATION-000580,Reinspection Requested,2023-03-30T14:51:00Z,wf_form_submission,WF-0000008802,USR-008,"[""PF-PERMITAPPLICATION-000580"",""PF-REVIEW-000080""]"
PF-PERMITAPPLICATION-000696,Application Reopened,2023-03-30T18:28:00Z,wf_task_history,WF-0000008816,USR-028,"[""PF-PERMITAPPLICATION-000696"",""PF-AGENCY-000196"",""PF-CONDITION-000196""]"
PF-PERMITAPPLICATION-000698,Application Reopened,2023-03-31T00:30:00Z,wf_task_history,WF-0000008839,USR-062,"[""PF-PERMITAPPLICATION-000698"",""PF-AGENCY-000198""]"
PF-PERMITAPPLICATION-000585,Completeness Rejected,2023-03-31T04:00:00Z,wf_external_task,WF-0000008860,USR-054,"[""PF-PERMITAPPLICATION-000585"",""PF-OBJECTION-000085""]"
PF-PERMITAPPLICATION-000585,Application Reopened,2023-03-31T04:52:00Z,wf_task_history,WF-0000008861,USR-046,"[""PF-PERMITAPPLICATION-000585"",""PF-AGENCY-000085"",""PF-CONDITION-000085""]"
PF-PERMITAPPLICATION-000585,Inspection Failed,2023-03-31T05:14:00Z,wf_message_delivery,WF-0000008862,USR-092,"[""PF-PERMITAPPLICATION-000585"",""PF-DOCUMENT-000085""]"
PF-PERMITAPPLICATION-000585,Reinspection Requested,2023-03-31T05:51:00Z,wf_form_submission,WF-0000008863,USR-093,"[""PF-PERMITAPPLICATION-000585"",""PF-REVIEW-000085""]"
PF-PERMITAPPLICATION-000700,Application Reopened,2023-03-31T06:32:00Z,wf_task_history,WF-0000008866,USR-096,"[""PF-PERMITAPPLICATION-000700"",""PF-AGENCY-000200""]"
PF-PERMITAPPLICATION-000702,Application Reopened,2023-03-31T12:34:00Z,wf_task_history,WF-0000008889,USR-003,"[""PF-PERMITAPPLICATION-000702"",""PF-AGENCY-000202"",""PF-CONDITION-000202""]"
PF-PERMITAPPLICATION-000704,Application Reopened,2023-03-31T18:36:00Z,wf_task_history,WF-0000008919,USR-037,"[""PF-PERMITAPPLICATION-000704"",""PF-AGENCY-000204"",""PF-CONDITION-000204""]"
PF-PERMITAPPLICATION-000590,Completeness Rejected,2023-03-31T19:00:00Z,wf_external_task,WF-0000008927,USR-012,"[""PF-PERMITAPPLICATION-000590"",""PF-OBJECTION-000090"",""PF-REVIEW-000090""]"
PF-PERMITAPPLICATION-000590,Application Reopened,2023-03-31T19:52:00Z,wf_task_history,WF-0000008928,USR-004,"[""PF-PERMITAPPLICATION-000590"",""PF-AGENCY-000090""]"
PF-PERMITAPPLICATION-000590,Inspection Failed,2023-03-31T20:14:00Z,wf_message_delivery,WF-0000008929,USR-050,"[""PF-PERMITAPPLICATION-000590"",""PF-DOCUMENT-000090"",""PF-INSPECTION-000090""]"
PF-PERMITAPPLICATION-000590,Reinspection Requested,2023-03-31T20:51:00Z,wf_form_submission,WF-0000008930,USR-051,"[""PF-PERMITAPPLICATION-000590"",""PF-REVIEW-000090""]"
PF-PERMITAPPLICATION-000689,Completeness Rejected,2023-03-31T21:14:00Z,wf_external_task,WF-0000008932,USR-044,"[""PF-PERMITAPPLICATION-000689"",""PF-OBJECTION-000189""]"
PF-PERMITAPPLICATION-000706,Application Reopened,2023-04-01T00:38:00Z,wf_task_history,WF-0000008948,USR-071,"[""PF-PERMITAPPLICATION-000706"",""PF-AGENCY-000206""]"
PF-PERMITAPPLICATION-000616,Inspection Failed,2023-04-01T06:32:00Z,wf_message_delivery,WF-0000008979,USR-111,"[""PF-PERMITAPPLICATION-000616"",""PF-DOCUMENT-000116""]"
PF-PERMITAPPLICATION-000708,Application Reopened,2023-04-01T06:40:00Z,wf_task_history,WF-0000008972,USR-105,"[""PF-PERMITAPPLICATION-000708"",""PF-AGENCY-000208"",""PF-CONDITION-000208""]"
PF-PERMITAPPLICATION-000595,Completeness Rejected,2023-04-01T10:00:00Z,wf_external_task,WF-0000008992,USR-097,"[""PF-PERMITAPPLICATION-000595"",""PF-OBJECTION-000095"",""PF-REVIEW-000095""]"
PF-PERMITAPPLICATION-000595,Application Reopened,2023-04-01T10:52:00Z,wf_task_history,WF-0000008993,USR-089,"[""PF-PERMITAPPLICATION-000595"",""PF-AGENCY-000095""]"
PF-PERMITAPPLICATION-000595,Inspection Failed,2023-04-01T11:14:00Z,wf_message_delivery,WF-0000008994,USR-008,"[""PF-PERMITAPPLICATION-000595"",""PF-DOCUMENT-000095"",""PF-INSPECTION-000095""]"
PF-PERMITAPPLICATION-000595,Reinspection Requested,2023-04-01T11:51:00Z,wf_form_submission,WF-0000008995,USR-009,"[""PF-PERMITAPPLICATION-000595"",""PF-REVIEW-000095""]"
PF-PERMITAPPLICATION-000710,Application Reopened,2023-04-01T12:42:00Z,wf_task_history,WF-0000009001,USR-012,"[""PF-PERMITAPPLICATION-000710"",""PF-AGENCY-000210""]"
PF-PERMITAPPLICATION-000712,Application Reopened,2023-04-01T18:44:00Z,wf_task_history,WF-0000009020,USR-046,"[""PF-PERMITAPPLICATION-000712"",""PF-AGENCY-000212"",""PF-CONDITION-000212""]"
PF-PERMITAPPLICATION-000714,Application Reopened,2023-04-02T00:46:00Z,wf_task_history,WF-0000009047,USR-080,"[""PF-PERMITAPPLICATION-000714"",""PF-AGENCY-000214""]"
PF-PERMITAPPLICATION-000600,Completeness Rejected,2023-04-02T01:00:00Z,wf_external_task,WF-0000009058,USR-055,"[""PF-PERMITAPPLICATION-000600"",""PF-OBJECTION-000100""]"
PF-PERMITAPPLICATION-000600,Application Reopened,2023-04-02T01:52:00Z,wf_task_history,WF-0000009059,USR-047,"[""PF-PERMITAPPLICATION-000600"",""PF-AGENCY-000100"",""PF-CONDITION-000100""]"
PF-PERMITAPPLICATION-000600,Inspection Failed,2023-04-02T02:14:00Z,wf_message_delivery,WF-0000009060,USR-093,"[""PF-PERMITAPPLICATION-000600"",""PF-DOCUMENT-000100""]"
PF-PERMITAPPLICATION-000600,Reinspection Requested,2023-04-02T02:51:00Z,wf_form_submission,WF-0000009061,USR-094,"[""PF-PERMITAPPLICATION-000600"",""PF-REVIEW-000100"",""PF-VIOLATION-000100""]"
PF-PERMITAPPLICATION-000622,Reinspection Requested,2023-04-02T06:39:00Z,wf_form_submission,WF-0000009084,USR-087,"[""PF-PERMITAPPLICATION-000622"",""PF-REVIEW-000122""]"
PF-PERMITAPPLICATION-000716,Application Reopened,2023-04-02T06:48:00Z,wf_task_history,WF-0000009077,USR-114,"[""PF-PERMITAPPLICATION-000716"",""PF-AGENCY-000216"",""PF-CONDITION-000216""]"
PF-PERMITAPPLICATION-000702,Completeness Rejected,2023-04-02T12:27:00Z,wf_external_task,WF-0000009100,USR-011,"[""PF-PERMITAPPLICATION-000702"",""PF-OBJECTION-000202"",""PF-REVIEW-000202""]"
PF-PERMITAPPLICATION-000718,Application Reopened,2023-04-02T12:50:00Z,wf_task_history,WF-0000009103,USR-021,"[""PF-PERMITAPPLICATION-000718"",""PF-AGENCY-000218""]"
PF-PERMITAPPLICATION-000605,Completeness Rejected,2023-04-02T16:00:00Z,wf_external_task,WF-0000009121,USR-013,"[""PF-PERMITAPPLICATION-000605"",""PF-OBJECTION-000105""]"
PF-PERMITAPPLICATION-000605,Application Reopened,2023-04-02T16:52:00Z,wf_task_history,WF-0000009122,USR-005,"[""PF-PERMITAPPLICATION-000605"",""PF-AGENCY-000105""]"
PF-PERMITAPPLICATION-000605,Inspection Failed,2023-04-02T17:14:00Z,wf_message_delivery,WF-0000009123,USR-051,"[""PF-PERMITAPPLICATION-000605"",""PF-DOCUMENT-000105""]"
PF-PERMITAPPLICATION-000605,Reinspection Requested,2023-04-02T17:51:00Z,wf_form_submission,WF-0000009124,USR-052,"[""PF-PERMITAPPLICATION-000605"",""PF-REVIEW-000105"",""PF-VIOLATION-000105""]"
PF-PERMITAPPLICATION-000720,Application Reopened,2023-04-02T18:52:00Z,wf_task_history,WF-0000009129,USR-055,"[""PF-PERMITAPPLICATION-000720"",""PF-AGENCY-000220"",""PF-CONDITION-000220""]"
PF-PERMITAPPLICATION-000722,Application Reopened,2023-04-03T00:54:00Z,wf_task_history,WF-0000009152,USR-089,"[""PF-PERMITAPPLICATION-000722"",""PF-AGENCY-000222""]"
PF-PERMITAPPLICATION-000724,Application Reopened,2023-04-03T06:56:00Z,wf_task_history,WF-0000009179,USR-123,"[""PF-PERMITAPPLICATION-000724"",""PF-AGENCY-000224""]"
PF-PERMITAPPLICATION-000610,Completeness Rejected,2023-04-03T07:00:00Z,wf_external_task,WF-0000009186,USR-098,"[""PF-PERMITAPPLICATION-000610"",""PF-OBJECTION-000110"",""PF-REVIEW-000110""]"
PF-PERMITAPPLICATION-000610,Application Reopened,2023-04-03T07:52:00Z,wf_task_history,WF-0000009187,USR-090,"[""PF-PERMITAPPLICATION-000610"",""PF-AGENCY-000110""]"
PF-PERMITAPPLICATION-000610,Inspection Failed,2023-04-03T08:14:00Z,wf_message_delivery,WF-0000009188,USR-009,"[""PF-PERMITAPPLICATION-000610"",""PF-DOCUMENT-000110"",""PF-INSPECTION-000110""]"
PF-PERMITAPPLICATION-000610,Reinspection Requested,2023-04-03T08:51:00Z,wf_form_submission,WF-0000009189,USR-010,"[""PF-PERMITAPPLICATION-000610"",""PF-REVIEW-000110""]"
PF-PERMITAPPLICATION-000726,Application Reopened,2023-04-03T12:58:00Z,wf_task_history,WF-0000009208,USR-030,"[""PF-PERMITAPPLICATION-000726"",""PF-AGENCY-000226""]"
PF-PERMITAPPLICATION-000635,Inspection Failed,2023-04-03T15:51:00Z,wf_message_delivery,WF-0000009227,USR-053,"[""PF-PERMITAPPLICATION-000635"",""PF-DOCUMENT-000135""]"
PF-PERMITAPPLICATION-000728,Application Reopened,2023-04-03T19:00:00Z,wf_task_history,WF-0000009233,USR-064,"[""PF-PERMITAPPLICATION-000728"",""PF-AGENCY-000228""]"
PF-PERMITAPPLICATION-000615,Completeness Rejected,2023-04-03T22:00:00Z,wf_external_task,WF-0000009252,USR-056,"[""PF-PERMITAPPLICATION-000615"",""PF-OBJECTION-000115"",""PF-REVIEW-000115""]"
PF-PERMITAPPLICATION-000615,Application Reopened,2023-04-03T22:52:00Z,wf_task_history,WF-0000009253,USR-048,"[""PF-PERMITAPPLICATION-000615"",""PF-AGENCY-000115""]"
PF-PERMITAPPLICATION-000615,Inspection Failed,2023-04-03T23:14:00Z,wf_message_delivery,WF-0000009254,USR-094,"[""PF-PERMITAPPLICATION-000615"",""PF-DOCUMENT-000115"",""PF-INSPECTION-000115""]"
PF-PERMITAPPLICATION-000615,Reinspection Requested,2023-04-03T23:51:00Z,wf_form_submission,WF-0000009255,USR-095,"[""PF-PERMITAPPLICATION-000615"",""PF-REVIEW-000115""]"
PF-PERMITAPPLICATION-000730,Application Reopened,2023-04-04T01:02:00Z,wf_task_history,WF-0000009264,USR-098,"[""PF-PERMITAPPLICATION-000730"",""PF-AGENCY-000230"",""PF-CONDITION-000230""]"
PF-PERMITAPPLICATION-000715,Completeness Rejected,2023-04-04T03:40:00Z,wf_external_task,WF-0000009273,USR-105,"[""PF-PERMITAPPLICATION-000715"",""PF-OBJECTION-000215""]"
PF-PERMITAPPLICATION-000732,Application Reopened,2023-04-04T07:04:00Z,wf_task_history,WF-0000009288,USR-005,"[""PF-PERMITAPPLICATION-000732"",""PF-AGENCY-000232""]"
PF-PERMITAPPLICATION-000620,Completeness Rejected,2023-04-04T13:00:00Z,wf_external_task,WF-0000009315,USR-014,"[""PF-PERMITAPPLICATION-000620"",""PF-OBJECTION-000120"",""PF-REVIEW-000120""]"
PF-PERMITAPPLICATION-000734,Application Reopened,2023-04-04T13:06:00Z,wf_task_history,WF-0000009313,USR-039,"[""PF-PERMITAPPLICATION-000734"",""PF-AGENCY-000234""]"
PF-PERMITAPPLICATION-000620,Application Reopened,2023-04-04T13:52:00Z,wf_task_history,WF-0000009316,USR-006,"[""PF-PERMITAPPLICATION-000620"",""PF-AGENCY-000120""]"
PF-PERMITAPPLICATION-000620,Inspection Failed,2023-04-04T14:14:00Z,wf_message_delivery,WF-0000009317,USR-052,"[""PF-PERMITAPPLICATION-000620"",""PF-DOCUMENT-000120"",""PF-INSPECTION-000120""]"
PF-PERMITAPPLICATION-000620,Reinspection Requested,2023-04-04T14:51:00Z,wf_form_submission,WF-0000009318,USR-053,"[""PF-PERMITAPPLICATION-000620"",""PF-REVIEW-000120""]"
PF-PERMITAPPLICATION-000736,Application Reopened,2023-04-04T18:15:00Z,wf_task_history,WF-0000009331,USR-073,"[""PF-PERMITAPPLICATION-000736"",""PF-AGENCY-000236""]"
PF-PERMITAPPLICATION-000738,Application Reopened,2023-04-05T00:17:00Z,wf_task_history,WF-0000009361,USR-107,"[""PF-PERMITAPPLICATION-000738"",""PF-AGENCY-000238""]"
PF-PERMITAPPLICATION-000645,Reinspection Requested,2023-04-05T03:09:00Z,wf_form_submission,WF-0000009379,USR-097,"[""PF-PERMITAPPLICATION-000645"",""PF-REVIEW-000145""]"
PF-PERMITAPPLICATION-000625,Completeness Rejected,2023-04-05T04:00:00Z,wf_external_task,WF-0000009383,USR-099,"[""PF-PERMITAPPLICATION-000625"",""PF-OBJECTION-000125""]"
PF-PERMITAPPLICATION-000625,Application Reopened,2023-04-05T04:52:00Z,wf_task_history,WF-0000009384,USR-091,"[""PF-PERMITAPPLICATION-000625"",""PF-AGENCY-000125"",""PF-CONDITION-000125""]"
PF-PERMITAPPLICATION-000625,Inspection Failed,2023-04-05T05:14:00Z,wf_message_delivery,WF-0000009385,USR-010,"[""PF-PERMITAPPLICATION-000625"",""PF-DOCUMENT-000125""]"
PF-PERMITAPPLICATION-000625,Reinspection Requested,2023-04-05T05:51:00Z,wf_form_submission,WF-0000009386,USR-011,"[""PF-PERMITAPPLICATION-000625"",""PF-REVIEW-000125"",""PF-VIOLATION-000125""]"
PF-PERMITAPPLICATION-000740,Application Reopened,2023-04-05T06:19:00Z,wf_task_history,WF-0000009389,USR-014,"[""PF-PERMITAPPLICATION-000740"",""PF-AGENCY-000240"",""PF-CONDITION-000240""]"
PF-PERMITAPPLICATION-000742,Application Reopened,2023-04-05T12:21:00Z,wf_task_history,WF-0000009415,USR-048,"[""PF-PERMITAPPLICATION-000742"",""PF-AGENCY-000242""]"
PF-PERMITAPPLICATION-000728,Completeness Rejected,2023-04-05T18:00:00Z,wf_external_task,WF-0000009436,USR-072,"[""PF-PERMITAPPLICATION-000728"",""PF-OBJECTION-000228""]"
PF-PERMITAPPLICATION-000744,Application Reopened,2023-04-05T18:23:00Z,wf_task_history,WF-0000009439,USR-082,"[""PF-PERMITAPPLICATION-000744"",""PF-AGENCY-000244""]"
PF-PERMITAPPLICATION-000630,Completeness Rejected,2023-04-05T19:00:00Z,wf_external_task,WF-0000009449,USR-057,"[""PF-PERMITAPPLICATION-000630"",""PF-OBJECTION-000130"",""PF-REVIEW-000130""]"
PF-PERMITAPPLICATION-000630,Application Reopened,2023-04-05T19:52:00Z,wf_task_history,WF-0000009450,USR-049,"[""PF-PERMITAPPLICATION-000630"",""PF-AGENCY-000130""]"
PF-PERMITAPPLICATION-000630,Inspection Failed,2023-04-05T20:14:00Z,wf_message_delivery,WF-0000009451,USR-095,"[""PF-PERMITAPPLICATION-000630"",""PF-DOCUMENT-000130"",""PF-INSPECTION-000130""]"
PF-PERMITAPPLICATION-000630,Reinspection Requested,2023-04-05T20:51:00Z,wf_form_submission,WF-0000009452,USR-096,"[""PF-PERMITAPPLICATION-000630"",""PF-REVIEW-000130""]"
PF-PERMITAPPLICATION-000654,Inspection Failed,2023-04-06T00:17:00Z,wf_message_delivery,WF-0000009472,USR-122,"[""PF-PERMITAPPLICATION-000654"",""PF-DOCUMENT-000154""]"
PF-PERMITAPPLICATION-000746,Application Reopened,2023-04-06T00:25:00Z,wf_task_history,WF-0000009465,USR-116,"[""PF-PERMITAPPLICATION-000746"",""PF-AGENCY-000246"",""PF-CONDITION-000246""]"
PF-PERMITAPPLICATION-000748,Application Reopened,2023-04-06T06:27:00Z,wf_task_history,WF-0000009496,USR-023,"[""PF-PERMITAPPLICATION-000748"",""PF-AGENCY-000248""]"
PF-PERMITAPPLICATION-000635,Completeness Rejected,2023-04-06T10:00:00Z,wf_external_task,WF-0000009515,USR-015,"[""PF-PERMITAPPLICATION-000635"",""PF-OBJECTION-000135"",""PF-REVIEW-000135""]"
PF-PERMITAPPLICATION-000635,Application Reopened,2023-04-06T10:52:00Z,wf_task_history,WF-0000009516,USR-007,"[""PF-PERMITAPPLICATION-000635"",""PF-AGENCY-000135""]"
PF-PERMITAPPLICATION-000635,Inspection Failed,2023-04-06T11:14:00Z,wf_message_delivery,WF-0000009517,USR-053,"[""PF-PERMITAPPLICATION-000635"",""PF-DOCUMENT-000135"",""PF-INSPECTION-000135""]"
PF-PERMITAPPLICATION-000635,Reinspection Requested,2023-04-06T11:51:00Z,wf_form_submission,WF-0000009518,USR-054,"[""PF-PERMITAPPLICATION-000635"",""PF-REVIEW-000135""]"
PF-PERMITAPPLICATION-000750,Application Reopened,2023-04-06T12:29:00Z,wf_task_history,WF-0000009521,USR-057,"[""PF-PERMITAPPLICATION-000750"",""PF-AGENCY-000250""]"
PF-PERMITAPPLICATION-000752,Application Reopened,2023-04-06T18:31:00Z,wf_task_history,WF-0000009545,USR-091,"[""PF-PERMITAPPLICATION-000752"",""PF-AGENCY-000252"",""PF-CONDITION-000252""]"
PF-PERMITAPPLICATION-000754,Application Reopened,2023-04-07T00:33:00Z,wf_task_history,WF-0000009567,USR-125,"[""PF-PERMITAPPLICATION-000754"",""PF-AGENCY-000254"",""PF-CONDITION-000254""]"
PF-PERMITAPPLICATION-000640,Completeness Rejected,2023-04-07T01:00:00Z,wf_external_task,WF-0000009578,USR-100,"[""PF-PERMITAPPLICATION-000640"",""PF-OBJECTION-000140"",""PF-REVIEW-000140""]"
PF-PERMITAPPLICATION-000640,Application Reopened,2023-04-07T01:52:00Z,wf_task_history,WF-0000009579,USR-092,"[""PF-PERMITAPPLICATION-000640"",""PF-AGENCY-000140""]"
PF-PERMITAPPLICATION-000640,Inspection Failed,2023-04-07T02:14:00Z,wf_message_delivery,WF-0000009580,USR-011,"[""PF-PERMITAPPLICATION-000640"",""PF-DOCUMENT-000140"",""PF-INSPECTION-000140""]"
PF-PERMITAPPLICATION-000640,Reinspection Requested,2023-04-07T02:51:00Z,wf_form_submission,WF-0000009581,USR-012,"[""PF-PERMITAPPLICATION-000640"",""PF-REVIEW-000140""]"
PF-PERMITAPPLICATION-000756,Application Reopened,2023-04-07T06:35:00Z,wf_task_history,WF-0000009597,USR-032,"[""PF-PERMITAPPLICATION-000756"",""PF-AGENCY-000256""]"
PF-PERMITAPPLICATION-000741,Completeness Rejected,2023-04-07T09:13:00Z,wf_external_task,WF-0000009605,USR-039,"[""PF-PERMITAPPLICATION-000741"",""PF-OBJECTION-000241"",""PF-REVIEW-000241""]"
PF-PERMITAPPLICATION-000758,Application Reopened,2023-04-07T12:37:00Z,wf_task_history,WF-0000009624,USR-066,"[""PF-PERMITAPPLICATION-000758"",""PF-AGENCY-000258"",""PF-CONDITION-000258""]"
PF-PERMITAPPLICATION-000645,Completeness Rejected,2023-04-07T16:00:00Z,wf_external_task,WF-0000009647,USR-058,"[""PF-PERMITAPPLICATION-000645"",""PF-OBJECTION-000145"",""PF-REVIEW-000145""]"
PF-PERMITAPPLICATION-000645,Application Reopened,2023-04-07T16:52:00Z,wf_task_history,WF-0000009648,USR-050,"[""PF-PERMITAPPLICATION-000645"",""PF-AGENCY-000145""]"
PF-PERMITAPPLICATION-000645,Inspection Failed,2023-04-07T17:14:00Z,wf_message_delivery,WF-0000009649,USR-096,"[""PF-PERMITAPPLICATION-000645"",""PF-DOCUMENT-000145"",""PF-INSPECTION-000145""]"
PF-PERMITAPPLICATION-000645,Reinspection Requested,2023-04-07T17:51:00Z,wf_form_submission,WF-0000009650,USR-097,"[""PF-PERMITAPPLICATION-000645"",""PF-REVIEW-000145""]"
PF-PERMITAPPLICATION-000760,Application Reopened,2023-04-07T18:39:00Z,wf_task_history,WF-0000009654,USR-100,"[""PF-PERMITAPPLICATION-000760"",""PF-AGENCY-000260"",""PF-CONDITION-000260""]"
PF-PERMITAPPLICATION-000668,Reinspection Requested,2023-04-08T00:32:00Z,wf_form_submission,WF-0000009683,USR-107,"[""PF-PERMITAPPLICATION-000668"",""PF-REVIEW-000168""]"
PF-PERMITAPPLICATION-000762,Application Reopened,2023-04-08T00:41:00Z,wf_task_history,WF-0000009677,USR-007,"[""PF-PERMITAPPLICATION-000762"",""PF-AGENCY-000262""]"
PF-PERMITAPPLICATION-000764,Application Reopened,2023-04-08T06:43:00Z,wf_task_history,WF-0000009701,USR-041,"[""PF-PERMITAPPLICATION-000764"",""PF-AGENCY-000264"",""PF-CONDITION-000264""]"
PF-PERMITAPPLICATION-000650,Completeness Rejected,2023-04-08T07:00:00Z,wf_external_task,WF-0000009709,USR-016,"[""PF-PERMITAPPLICATION-000650"",""PF-OBJECTION-000150"",""PF-REVIEW-000150""]"
PF-PERMITAPPLICATION-000650,Application Reopened,2023-04-08T07:52:00Z,wf_task_history,WF-0000009710,USR-008,"[""PF-PERMITAPPLICATION-000650"",""PF-AGENCY-000150""]"
PF-PERMITAPPLICATION-000650,Inspection Failed,2023-04-08T08:14:00Z,wf_message_delivery,WF-0000009711,USR-054,"[""PF-PERMITAPPLICATION-000650"",""PF-DOCUMENT-000150"",""PF-INSPECTION-000150""]"
PF-PERMITAPPLICATION-000650,Reinspection Requested,2023-04-08T08:51:00Z,wf_form_submission,WF-0000009712,USR-055,"[""PF-PERMITAPPLICATION-000650"",""PF-REVIEW-000150""]"
PF-PERMITAPPLICATION-000673,Inspection Failed,2023-04-08T09:36:00Z,wf_message_delivery,WF-0000009724,USR-064,"[""PF-PERMITAPPLICATION-000673"",""PF-DOCUMENT-000173""]"
PF-PERMITAPPLICATION-000766,Application Reopened,2023-04-08T12:45:00Z,wf_task_history,WF-0000009728,USR-075,"[""PF-PERMITAPPLICATION-000766"",""PF-AGENCY-000266"",""PF-CONDITION-000266""]"
PF-PERMITAPPLICATION-000768,Application Reopened,2023-04-08T18:47:00Z,wf_task_history,WF-0000009751,USR-109,"[""PF-PERMITAPPLICATION-000768"",""PF-AGENCY-000268"",""PF-CONDITION-000268""]"
PF-PERMITAPPLICATION-000655,Completeness Rejected,2023-04-08T22:00:00Z,wf_external_task,WF-0000009779,USR-101,"[""PF-PERMITAPPLICATION-000655"",""PF-OBJECTION-000155""]"
PF-PERMITAPPLICATION-000655,Application Reopened,2023-04-08T22:52:00Z,wf_task_history,WF-0000009780,USR-093,"[""PF-PERMITAPPLICATION-000655"",""PF-AGENCY-000155"",""PF-CONDITION-000155""]"
PF-PERMITAPPLICATION-000655,Inspection Failed,2023-04-08T23:14:00Z,wf_message_delivery,WF-0000009781,USR-012,"[""PF-PERMITAPPLICATION-000655"",""PF-DOCUMENT-000155""]"
PF-PERMITAPPLICATION-000655,Reinspection Requested,2023-04-08T23:51:00Z,wf_form_submission,WF-0000009782,USR-013,"[""PF-PERMITAPPLICATION-000655"",""PF-REVIEW-000155""]"
PF-PERMITAPPLICATION-000754,Completeness Rejected,2023-04-09T00:26:00Z,wf_external_task,WF-0000009784,USR-006,"[""PF-PERMITAPPLICATION-000754"",""PF-OBJECTION-000254""]"
PF-PERMITAPPLICATION-000770,Application Reopened,2023-04-09T00:49:00Z,wf_task_history,WF-0000009787,USR-016,"[""PF-PERMITAPPLICATION-000770"",""PF-AGENCY-000270""]"
PF-PERMITAPPLICATION-000772,Application Reopened,2023-04-09T06:51:00Z,wf_task_history,WF-0000009810,USR-050,"[""PF-PERMITAPPLICATION-000772"",""PF-AGENCY-000272"",""PF-CONDITION-000272""]"
PF-PERMITAPPLICATION-000774,Application Reopened,2023-04-09T12:53:00Z,wf_task_history,WF-0000009831,USR-084,"[""PF-PERMITAPPLICATION-000774"",""PF-AGENCY-000274"",""PF-CONDITION-000274""]"
PF-PERMITAPPLICATION-000660,Completeness Rejected,2023-04-09T13:00:00Z,wf_external_task,WF-0000009838,USR-059,"[""PF-PERMITAPPLICATION-000660"",""PF-OBJECTION-000160"",""PF-REVIEW-000160""]"
PF-PERMITAPPLICATION-000660,Application Reopened,2023-04-09T13:52:00Z,wf_task_history,WF-0000009839,USR-051,"[""PF-PERMITAPPLICATION-000660"",""PF-AGENCY-000160""]"
PF-PERMITAPPLICATION-000660,Inspection Failed,2023-04-09T14:14:00Z,wf_message_delivery,WF-0000009840,USR-097,"[""PF-PERMITAPPLICATION-000660"",""PF-DOCUMENT-000160"",""PF-INSPECTION-000160""]"
PF-PERMITAPPLICATION-000660,Reinspection Requested,2023-04-09T14:51:00Z,wf_form_submission,WF-0000009841,USR-098,"[""PF-PERMITAPPLICATION-000660"",""PF-REVIEW-000160""]"
PF-PERMITAPPLICATION-000776,Application Reopened,2023-04-09T18:55:00Z,wf_task_history,WF-0000009858,USR-118,"[""PF-PERMITAPPLICATION-000776"",""PF-AGENCY-000276""]"
PF-PERMITAPPLICATION-000778,Application Reopened,2023-04-10T00:57:00Z,wf_task_history,WF-0000009883,USR-025,"[""PF-PERMITAPPLICATION-000778"",""PF-AGENCY-000278""]"
PF-PERMITAPPLICATION-000665,Completeness Rejected,2023-04-10T04:00:00Z,wf_external_task,WF-0000009903,USR-017,"[""PF-PERMITAPPLICATION-000665"",""PF-OBJECTION-000165""]"
PF-PERMITAPPLICATION-000665,Application Reopened,2023-04-10T04:52:00Z,wf_task_history,WF-0000009904,USR-009,"[""PF-PERMITAPPLICATION-000665"",""PF-AGENCY-000165"",""PF-CONDITION-000165""]"
PF-PERMITAPPLICATION-000665,Inspection Failed,2023-04-10T05:14:00Z,wf_message_delivery,WF-0000009905,USR-055,"[""PF-PERMITAPPLICATION-000665"",""PF-DOCUMENT-000165""]"
PF-PERMITAPPLICATION-000665,Reinspection Requested,2023-04-10T05:51:00Z,wf_form_submission,WF-0000009906,USR-056,"[""PF-PERMITAPPLICATION-000665"",""PF-REVIEW-000165""]"
PF-PERMITAPPLICATION-000780,Application Reopened,2023-04-10T06:59:00Z,wf_task_history,WF-0000009917,USR-059,"[""PF-PERMITAPPLICATION-000780"",""PF-AGENCY-000280""]"
PF-PERMITAPPLICATION-000782,Application Reopened,2023-04-10T13:01:00Z,wf_task_history,WF-0000009940,USR-093,"[""PF-PERMITAPPLICATION-000782"",""PF-AGENCY-000282""]"
PF-PERMITAPPLICATION-000767,Completeness Rejected,2023-04-10T15:39:00Z,wf_external_task,WF-0000009951,USR-100,"[""PF-PERMITAPPLICATION-000767"",""PF-OBJECTION-000267""]"
PF-PERMITAPPLICATION-000692,Inspection Failed,2023-04-10T18:02:00Z,wf_message_delivery,WF-0000009962,USR-006,"[""PF-PERMITAPPLICATION-000692"",""PF-DOCUMENT-000192"",""PF-INSPECTION-000192""]"
PF-PERMITAPPLICATION-000670,Completeness Rejected,2023-04-10T19:00:00Z,wf_external_task,WF-0000009973,USR-102,"[""PF-PERMITAPPLICATION-000670"",""PF-OBJECTION-000170""]"
PF-PERMITAPPLICATION-000784,Application Reopened,2023-04-10T19:03:00Z,wf_task_history,WF-0000009968,USR-127,"[""PF-PERMITAPPLICATION-000784"",""PF-AGENCY-000284""]"
PF-PERMITAPPLICATION-000670,Application Reopened,2023-04-10T19:52:00Z,wf_task_history,WF-0000009974,USR-094,"[""PF-PERMITAPPLICATION-000670"",""PF-AGENCY-000170"",""PF-CONDITION-000170""]"
PF-PERMITAPPLICATION-000670,Inspection Failed,2023-04-10T20:14:00Z,wf_message_delivery,WF-0000009975,USR-013,"[""PF-PERMITAPPLICATION-000670"",""PF-DOCUMENT-000170""]"
PF-PERMITAPPLICATION-000670,Reinspection Requested,2023-04-10T20:51:00Z,wf_form_submission,WF-0000009976,USR-014,"[""PF-PERMITAPPLICATION-000670"",""PF-REVIEW-000170"",""PF-VIOLATION-000170""]"
PF-PERMITAPPLICATION-000691,Reinspection Requested,2023-04-10T21:02:00Z,wf_form_submission,WF-0000009979,USR-117,"[""PF-PERMITAPPLICATION-000691"",""PF-REVIEW-000191"",""PF-VIOLATION-000191""]"
PF-PERMITAPPLICATION-000786,Application Reopened,2023-04-11T01:05:00Z,wf_task_history,WF-0000009997,USR-034,"[""PF-PERMITAPPLICATION-000786"",""PF-AGENCY-000286"",""PF-CONDITION-000286""]"
PF-PERMITAPPLICATION-000788,Application Reopened,2023-04-11T07:07:00Z,wf_task_history,WF-0000010021,USR-068,"[""PF-PERMITAPPLICATION-000788"",""PF-AGENCY-000288""]"
PF-PERMITAPPLICATION-000675,Completeness Rejected,2023-04-11T10:00:00Z,wf_external_task,WF-0000010032,USR-060,"[""PF-PERMITAPPLICATION-000675"",""PF-OBJECTION-000175"",""PF-REVIEW-000175""]"
PF-PERMITAPPLICATION-000675,Application Reopened,2023-04-11T10:52:00Z,wf_task_history,WF-0000010033,USR-052,"[""PF-PERMITAPPLICATION-000675"",""PF-AGENCY-000175""]"
PF-PERMITAPPLICATION-000675,Inspection Failed,2023-04-11T11:14:00Z,wf_message_delivery,WF-0000010034,USR-098,"[""PF-PERMITAPPLICATION-000675"",""PF-DOCUMENT-000175"",""PF-INSPECTION-000175""]"
PF-PERMITAPPLICATION-000675,Reinspection Requested,2023-04-11T11:51:00Z,wf_form_submission,WF-0000010035,USR-099,"[""PF-PERMITAPPLICATION-000675"",""PF-REVIEW-000175""]"
PF-PERMITAPPLICATION-000790,Application Reopened,2023-04-11T12:16:00Z,wf_task_history,WF-0000010037,USR-102,"[""PF-PERMITAPPLICATION-000790"",""PF-AGENCY-000290"",""PF-CONDITION-000290""]"
PF-PERMITAPPLICATION-000792,Application Reopened,2023-04-11T18:18:00Z,wf_task_history,WF-0000010068,USR-009,"[""PF-PERMITAPPLICATION-000792"",""PF-AGENCY-000292""]"
PF-PERMITAPPLICATION-000794,Application Reopened,2023-04-12T00:20:00Z,wf_task_history,WF-0000010094,USR-043,"[""PF-PERMITAPPLICATION-000794"",""PF-AGENCY-000294""]"
PF-PERMITAPPLICATION-000680,Completeness Rejected,2023-04-12T01:00:00Z,wf_external_task,WF-0000010102,USR-018,"[""PF-PERMITAPPLICATION-000680"",""PF-OBJECTION-000180"",""PF-REVIEW-000180""]"
PF-PERMITAPPLICATION-000680,Application Reopened,2023-04-12T01:52:00Z,wf_task_history,WF-0000010103,USR-010,"[""PF-PERMITAPPLICATION-000680"",""PF-AGENCY-000180""]"
PF-PERMITAPPLICATION-000680,Inspection Failed,2023-04-12T02:14:00Z,wf_message_delivery,WF-0000010104,USR-056,"[""PF-PERMITAPPLICATION-000680"",""PF-DOCUMENT-000180"",""PF-INSPECTION-000180""]"
PF-PERMITAPPLICATION-000680,Reinspection Requested,2023-04-12T02:51:00Z,wf_form_submission,WF-0000010105,USR-057,"[""PF-PERMITAPPLICATION-000680"",""PF-REVIEW-000180""]"
PF-PERMITAPPLICATION-000796,Application Reopened,2023-04-12T06:22:00Z,wf_task_history,WF-0000010119,USR-077,"[""PF-PERMITAPPLICATION-000796"",""PF-AGENCY-000296""]"
PF-PERMITAPPLICATION-000780,Completeness Rejected,2023-04-12T06:52:00Z,wf_external_task,WF-0000010129,USR-067,"[""PF-PERMITAPPLICATION-000780"",""PF-OBJECTION-000280""]"
PF-PERMITAPPLICATION-000798,Application Reopened,2023-04-12T12:24:00Z,wf_task_history,WF-0000010142,USR-111,"[""PF-PERMITAPPLICATION-000798"",""PF-AGENCY-000298""]"
PF-PERMITAPPLICATION-000685,Completeness Rejected,2023-04-12T16:00:00Z,wf_external_task,WF-0000010165,USR-103,"[""PF-PERMITAPPLICATION-000685"",""PF-OBJECTION-000185"",""PF-REVIEW-000185""]"
PF-PERMITAPPLICATION-000685,Application Reopened,2023-04-12T16:52:00Z,wf_task_history,WF-0000010166,USR-095,"[""PF-PERMITAPPLICATION-000685"",""PF-AGENCY-000185""]"
PF-PERMITAPPLICATION-000685,Inspection Failed,2023-04-12T17:14:00Z,wf_message_delivery,WF-0000010167,USR-014,"[""PF-PERMITAPPLICATION-000685"",""PF-DOCUMENT-000185"",""PF-INSPECTION-000185""]"
PF-PERMITAPPLICATION-000685,Reinspection Requested,2023-04-12T17:51:00Z,wf_form_submission,WF-0000010168,USR-015,"[""PF-PERMITAPPLICATION-000685"",""PF-REVIEW-000185""]"
PF-PERMITAPPLICATION-000800,Application Reopened,2023-04-12T18:26:00Z,wf_task_history,WF-0000010172,USR-018,"[""PF-PERMITAPPLICATION-000800"",""PF-AGENCY-000300""]"
PF-PERMITAPPLICATION-000802,Application Reopened,2023-04-13T00:28:00Z,wf_task_history,WF-0000010197,USR-052,"[""PF-PERMITAPPLICATION-000802"",""PF-AGENCY-000302""]"
PF-PERMITAPPLICATION-000711,Inspection Failed,2023-04-13T03:21:00Z,wf_message_delivery,WF-0000010219,USR-075,"[""PF-PERMITAPPLICATION-000711"",""PF-DOCUMENT-000211""]"
PF-PERMITAPPLICATION-000804,Application Reopened,2023-04-13T06:30:00Z,wf_task_history,WF-0000010225,USR-086,"[""PF-PERMITAPPLICATION-000804"",""PF-AGENCY-000304"",""PF-CONDITION-000304""]"
PF-PERMITAPPLICATION-000690,Completeness Rejected,2023-04-13T07:00:00Z,wf_external_task,WF-0000010234,USR-061,"[""PF-PERMITAPPLICATION-000690"",""PF-OBJECTION-000190"",""PF-REVIEW-000190""]"
PF-PERMITAPPLICATION-000690,Application Reopened,2023-04-13T07:52:00Z,wf_task_history,WF-0000010235,USR-053,"[""PF-PERMITAPPLICATION-000690"",""PF-AGENCY-000190""]"
PF-PERMITAPPLICATION-000690,Inspection Failed,2023-04-13T08:14:00Z,wf_message_delivery,WF-0000010236,USR-099,"[""PF-PERMITAPPLICATION-000690"",""PF-DOCUMENT-000190"",""PF-INSPECTION-000190""]"
PF-PERMITAPPLICATION-000690,Reinspection Requested,2023-04-13T08:51:00Z,wf_form_submission,WF-0000010237,USR-100,"[""PF-PERMITAPPLICATION-000690"",""PF-REVIEW-000190""]"
PF-PERMITAPPLICATION-000806,Application Reopened,2023-04-13T12:32:00Z,wf_task_history,WF-0000010251,USR-120,"[""PF-PERMITAPPLICATION-000806"",""PF-AGENCY-000306""]"
PF-PERMITAPPLICATION-000714,Reinspection Requested,2023-04-13T18:25:00Z,wf_form_submission,WF-0000010283,USR-127,"[""PF-PERMITAPPLICATION-000714"",""PF-REVIEW-000214""]"
PF-PERMITAPPLICATION-000808,Application Reopened,2023-04-13T18:34:00Z,wf_task_history,WF-0000010277,USR-027,"[""PF-PERMITAPPLICATION-000808"",""PF-AGENCY-000308"",""PF-CONDITION-000308""]"
PF-PERMITAPPLICATION-000793,Completeness Rejected,2023-04-13T21:12:00Z,wf_external_task,WF-0000010286,USR-034,"[""PF-PERMITAPPLICATION-000793"",""PF-OBJECTION-000293"",""PF-REVIEW-000293""]"
PF-PERMITAPPLICATION-000695,Completeness Rejected,2023-04-13T22:00:00Z,wf_external_task,WF-0000010297,USR-019,"[""PF-PERMITAPPLICATION-000695"",""PF-OBJECTION-000195""]"
PF-PERMITAPPLICATION-000695,Application Reopened,2023-04-13T22:52:00Z,wf_task_history,WF-0000010298,USR-011,"[""PF-PERMITAPPLICATION-000695"",""PF-AGENCY-000195"",""PF-CONDITION-000195""]"
PF-PERMITAPPLICATION-000695,Inspection Failed,2023-04-13T23:14:00Z,wf_message_delivery,WF-0000010299,USR-057,"[""PF-PERMITAPPLICATION-000695"",""PF-DOCUMENT-000195""]"
PF-PERMITAPPLICATION-000695,Reinspection Requested,2023-04-13T23:51:00Z,wf_form_submission,WF-0000010300,USR-058,"[""PF-PERMITAPPLICATION-000695"",""PF-REVIEW-000195"",""PF-VIOLATION-000195""]"
PF-PERMITAPPLICATION-000810,Application Reopened,2023-04-14T00:36:00Z,wf_task_history,WF-0000010303,USR-061,"[""PF-PERMITAPPLICATION-000810"",""PF-AGENCY-000310"",""PF-CONDITION-000310""]"
PF-PERMITAPPLICATION-000812,Application Reopened,2023-04-14T06:38:00Z,wf_task_history,WF-0000010327,USR-095,"[""PF-PERMITAPPLICATION-000812"",""PF-AGENCY-000312""]"
PF-PERMITAPPLICATION-000814,Application Reopened,2023-04-14T12:40:00Z,wf_task_history,WF-0000010356,USR-002,"[""PF-PERMITAPPLICATION-000814"",""PF-AGENCY-000314""]"
PF-PERMITAPPLICATION-000700,Completeness Rejected,2023-04-14T13:00:00Z,wf_external_task,WF-0000010363,USR-104,"[""PF-PERMITAPPLICATION-000700"",""PF-OBJECTION-000200"",""PF-REVIEW-000200""]"
PF-PERMITAPPLICATION-000700,Application Reopened,2023-04-14T13:52:00Z,wf_task_history,WF-0000010364,USR-096,"[""PF-PERMITAPPLICATION-000700"",""PF-AGENCY-000200""]"
PF-PERMITAPPLICATION-000700,Inspection Failed,2023-04-14T14:14:00Z,wf_message_delivery,WF-0000010365,USR-015,"[""PF-PERMITAPPLICATION-000700"",""PF-DOCUMENT-000200"",""PF-INSPECTION-000200""]"
PF-PERMITAPPLICATION-000700,Reinspection Requested,2023-04-14T14:51:00Z,wf_form_submission,WF-0000010366,USR-016,"[""PF-PERMITAPPLICATION-000700"",""PF-REVIEW-000200""]"
PF-PERMITAPPLICATION-000816,Application Reopened,2023-04-14T18:42:00Z,wf_task_history,WF-0000010386,USR-036,"[""PF-PERMITAPPLICATION-000816"",""PF-AGENCY-000316""]"
PF-PERMITAPPLICATION-000818,Application Reopened,2023-04-15T00:44:00Z,wf_task_history,WF-0000010407,USR-070,"[""PF-PERMITAPPLICATION-000818"",""PF-AGENCY-000318""]"
PF-PERMITAPPLICATION-000705,Completeness Rejected,2023-04-15T04:00:00Z,wf_external_task,WF-0000010428,USR-062,"[""PF-PERMITAPPLICATION-000705"",""PF-OBJECTION-000205""]"
PF-PERMITAPPLICATION-000705,Application Reopened,2023-04-15T04:52:00Z,wf_task_history,WF-0000010429,USR-054,"[""PF-PERMITAPPLICATION-000705"",""PF-AGENCY-000205"",""PF-CONDITION-000205""]"
PF-PERMITAPPLICATION-000705,Inspection Failed,2023-04-15T05:14:00Z,wf_message_delivery,WF-0000010430,USR-100,"[""PF-PERMITAPPLICATION-000705"",""PF-DOCUMENT-000205""]"
PF-PERMITAPPLICATION-000705,Reinspection Requested,2023-04-15T05:51:00Z,wf_form_submission,WF-0000010431,USR-101,"[""PF-PERMITAPPLICATION-000705"",""PF-REVIEW-000205""]"
PF-PERMITAPPLICATION-000820,Application Reopened,2023-04-15T06:46:00Z,wf_task_history,WF-0000010435,USR-104,"[""PF-PERMITAPPLICATION-000820"",""PF-AGENCY-000320""]"
PF-PERMITAPPLICATION-000806,Completeness Rejected,2023-04-15T12:25:00Z,wf_external_task,WF-0000010457,USR-001,"[""PF-PERMITAPPLICATION-000806"",""PF-OBJECTION-000306""]"
PF-PERMITAPPLICATION-000730,Inspection Failed,2023-04-15T12:40:00Z,wf_message_delivery,WF-0000010468,USR-017,"[""PF-PERMITAPPLICATION-000730"",""PF-DOCUMENT-000230""]"
PF-PERMITAPPLICATION-000822,Application Reopened,2023-04-15T12:48:00Z,wf_task_history,WF-0000010461,USR-011,"[""PF-PERMITAPPLICATION-000822"",""PF-AGENCY-000322""]"
PF-PERMITAPPLICATION-000824,Application Reopened,2023-04-15T18:50:00Z,wf_task_history,WF-0000010487,USR-045,"[""PF-PERMITAPPLICATION-000824"",""PF-AGENCY-000324"",""PF-CONDITION-000324""]"
PF-PERMITAPPLICATION-000710,Completeness Rejected,2023-04-15T19:00:00Z,wf_external_task,WF-0000010497,USR-020,"[""PF-PERMITAPPLICATION-000710"",""PF-OBJECTION-000210"",""PF-REVIEW-000210""]"
PF-PERMITAPPLICATION-000710,Application Reopened,2023-04-15T19:52:00Z,wf_task_history,WF-0000010498,USR-012,"[""PF-PERMITAPPLICATION-000710"",""PF-AGENCY-000210""]"
PF-PERMITAPPLICATION-000710,Inspection Failed,2023-04-15T20:14:00Z,wf_message_delivery,WF-0000010499,USR-058,"[""PF-PERMITAPPLICATION-000710"",""PF-DOCUMENT-000210"",""PF-INSPECTION-000210""]"
PF-PERMITAPPLICATION-000710,Reinspection Requested,2023-04-15T20:51:00Z,wf_form_submission,WF-0000010500,USR-059,"[""PF-PERMITAPPLICATION-000710"",""PF-REVIEW-000210""]"
PF-PERMITAPPLICATION-000826,Application Reopened,2023-04-16T00:52:00Z,wf_task_history,WF-0000010516,USR-079,"[""PF-PERMITAPPLICATION-000826"",""PF-AGENCY-000326""]"
PF-PERMITAPPLICATION-000828,Application Reopened,2023-04-16T06:54:00Z,wf_task_history,WF-0000010540,USR-113,"[""PF-PERMITAPPLICATION-000828"",""PF-AGENCY-000328"",""PF-CONDITION-000328""]"
PF-PERMITAPPLICATION-000715,Completeness Rejected,2023-04-16T10:00:00Z,wf_external_task,WF-0000010560,USR-105,"[""PF-PERMITAPPLICATION-000715"",""PF-OBJECTION-000215""]"
PF-PERMITAPPLICATION-000715,Application Reopened,2023-04-16T10:52:00Z,wf_task_history,WF-0000010561,USR-097,"[""PF-PERMITAPPLICATION-000715"",""PF-AGENCY-000215"",""PF-CONDITION-000215""]"
PF-PERMITAPPLICATION-000715,Inspection Failed,2023-04-16T11:14:00Z,wf_message_delivery,WF-0000010562,USR-016,"[""PF-PERMITAPPLICATION-000715"",""PF-DOCUMENT-000215""]"
PF-PERMITAPPLICATION-000715,Reinspection Requested,2023-04-16T11:51:00Z,wf_form_submission,WF-0000010563,USR-017,"[""PF-PERMITAPPLICATION-000715"",""PF-REVIEW-000215"",""PF-VIOLATION-000215""]"
PF-PERMITAPPLICATION-000830,Application Reopened,2023-04-16T12:56:00Z,wf_task_history,WF-0000010567,USR-020,"[""PF-PERMITAPPLICATION-000830"",""PF-AGENCY-000330"",""PF-CONDITION-000330""]"
PF-PERMITAPPLICATION-000737,Reinspection Requested,2023-04-16T15:48:00Z,wf_form_submission,WF-0000010583,USR-010,"[""PF-PERMITAPPLICATION-000737"",""PF-REVIEW-000237""]"
PF-PERMITAPPLICATION-000832,Application Reopened,2023-04-16T18:58:00Z,wf_task_history,WF-0000010590,USR-054,"[""PF-PERMITAPPLICATION-000832"",""PF-AGENCY-000332""]"
PF-PERMITAPPLICATION-000834,Application Reopened,2023-04-17T01:00:00Z,wf_task_history,WF-0000010614,USR-088,"[""PF-PERMITAPPLICATION-000834"",""PF-AGENCY-000334""]"
PF-PERMITAPPLICATION-000720,Completeness Rejected,2023-04-17T01:00:00Z,wf_external_task,WF-0000010621,USR-063,"[""PF-PERMITAPPLICATION-000720"",""PF-OBJECTION-000220""]"
PF-PERMITAPPLICATION-000720,Application Reopened,2023-04-17T01:52:00Z,wf_task_history,WF-0000010622,USR-055,"[""PF-PERMITAPPLICATION-000720"",""PF-AGENCY-000220"",""PF-CONDITION-000220""]"
PF-PERMITAPPLICATION-000720,Inspection Failed,2023-04-17T02:14:00Z,wf_message_delivery,WF-0000010623,USR-101,"[""PF-PERMITAPPLICATION-000720"",""PF-DOCUMENT-000220""]"
PF-PERMITAPPLICATION-000720,Reinspection Requested,2023-04-17T02:51:00Z,wf_form_submission,WF-0000010624,USR-102,"[""PF-PERMITAPPLICATION-000720"",""PF-REVIEW-000220""]"
PF-PERMITAPPLICATION-000819,Completeness Rejected,2023-04-17T03:38:00Z,wf_external_task,WF-0000010631,USR-095,"[""PF-PERMITAPPLICATION-000819"",""PF-OBJECTION-000319""]"
PF-PERMITAPPLICATION-000836,Application Reopened,2023-04-17T07:02:00Z,wf_task_history,WF-0000010648,USR-122,"[""PF-PERMITAPPLICATION-000836"",""PF-AGENCY-000336""]"
PF-PERMITAPPLICATION-000838,Application Reopened,2023-04-17T13:04:00Z,wf_task_history,WF-0000010673,USR-029,"[""PF-PERMITAPPLICATION-000838"",""PF-AGENCY-000338""]"
PF-PERMITAPPLICATION-000725,Completeness Rejected,2023-04-17T16:00:00Z,wf_external_task,WF-0000010689,USR-021,"[""PF-PERMITAPPLICATION-000725"",""PF-OBJECTION-000225"",""PF-REVIEW-000225""]"
PF-PERMITAPPLICATION-000725,Application Reopened,2023-04-17T16:52:00Z,wf_task_history,WF-0000010690,USR-013,"[""PF-PERMITAPPLICATION-000725"",""PF-AGENCY-000225""]"
PF-PERMITAPPLICATION-000725,Inspection Failed,2023-04-17T17:14:00Z,wf_message_delivery,WF-0000010691,USR-059,"[""PF-PERMITAPPLICATION-000725"",""PF-DOCUMENT-000225"",""PF-INSPECTION-000225""]"
PF-PERMITAPPLICATION-000725,Reinspection Requested,2023-04-17T17:51:00Z,wf_form_submission,WF-0000010692,USR-060,"[""PF-PERMITAPPLICATION-000725"",""PF-REVIEW-000225""]"
PF-PERMITAPPLICATION-000840,Application Reopened,2023-04-17T19:06:00Z,wf_task_history,WF-0000010704,USR-063,"[""PF-PERMITAPPLICATION-000840"",""PF-AGENCY-000340""]"
PF-PERMITAPPLICATION-000749,Inspection Failed,2023-04-17T21:06:00Z,wf_message_delivery,WF-0000010712,USR-086,"[""PF-PERMITAPPLICATION-000749"",""PF-DOCUMENT-000249""]"
PF-PERMITAPPLICATION-000842,Application Reopened,2023-04-18T00:15:00Z,wf_task_history,WF-0000010719,USR-097,"[""PF-PERMITAPPLICATION-000842"",""PF-AGENCY-000342""]"
PF-PERMITAPPLICATION-000844,Application Reopened,2023-04-18T06:17:00Z,wf_task_history,WF-0000010742,USR-004,"[""PF-PERMITAPPLICATION-000844"",""PF-AGENCY-000344"",""PF-CONDITION-000344""]"
PF-PERMITAPPLICATION-000730,Completeness Rejected,2023-04-18T07:00:00Z,wf_external_task,WF-0000010751,USR-106,"[""PF-PERMITAPPLICATION-000730"",""PF-OBJECTION-000230"",""PF-REVIEW-000230""]"
PF-PERMITAPPLICATION-000730,Application Reopened,2023-04-18T07:52:00Z,wf_task_history,WF-0000010752,USR-098,"[""PF-PERMITAPPLICATION-000730"",""PF-AGENCY-000230""]"
PF-PERMITAPPLICATION-000730,Inspection Failed,2023-04-18T08:14:00Z,wf_message_delivery,WF-0000010753,USR-017,"[""PF-PERMITAPPLICATION-000730"",""PF-DOCUMENT-000230"",""PF-INSPECTION-000230""]"
PF-PERMITAPPLICATION-000730,Reinspection Requested,2023-04-18T08:51:00Z,wf_form_submission,WF-0000010754,USR-018,"[""PF-PERMITAPPLICATION-000730"",""PF-REVIEW-000230""]"
PF-PERMITAPPLICATION-000846,Application Reopened,2023-04-18T12:19:00Z,wf_task_history,WF-0000010770,USR-038,"[""PF-PERMITAPPLICATION-000846"",""PF-AGENCY-000346"",""PF-CONDITION-000346""]"
PF-PERMITAPPLICATION-000848,Application Reopened,2023-04-18T18:21:00Z,wf_task_history,WF-0000010800,USR-072,"[""PF-PERMITAPPLICATION-000848"",""PF-AGENCY-000348""]"
PF-PERMITAPPLICATION-000832,Completeness Rejected,2023-04-18T18:51:00Z,wf_external_task,WF-0000010808,USR-062,"[""PF-PERMITAPPLICATION-000832"",""PF-OBJECTION-000332"",""PF-REVIEW-000332""]"
PF-PERMITAPPLICATION-000735,Completeness Rejected,2023-04-18T22:00:00Z,wf_external_task,WF-0000010821,USR-064,"[""PF-PERMITAPPLICATION-000735"",""PF-OBJECTION-000235""]"
PF-PERMITAPPLICATION-000735,Application Reopened,2023-04-18T22:52:00Z,wf_task_history,WF-0000010822,USR-056,"[""PF-PERMITAPPLICATION-000735"",""PF-AGENCY-000235"",""PF-CONDITION-000235""]"
PF-PERMITAPPLICATION-000735,Inspection Failed,2023-04-18T23:14:00Z,wf_message_delivery,WF-0000010823,USR-102,"[""PF-PERMITAPPLICATION-000735"",""PF-DOCUMENT-000235""]"
PF-PERMITAPPLICATION-000735,Reinspection Requested,2023-04-18T23:51:00Z,wf_form_submission,WF-0000010824,USR-103,"[""PF-PERMITAPPLICATION-000735"",""PF-REVIEW-000235""]"
PF-PERMITAPPLICATION-000850,Application Reopened,2023-04-19T00:23:00Z,wf_task_history,WF-0000010828,USR-106,"[""PF-PERMITAPPLICATION-000850"",""PF-AGENCY-000350"",""PF-CONDITION-000350""]"
PF-PERMITAPPLICATION-000852,Application Reopened,2023-04-19T06:25:00Z,wf_task_history,WF-0000010848,USR-013,"[""PF-PERMITAPPLICATION-000852"",""PF-AGENCY-000352""]"
PF-PERMITAPPLICATION-000760,Reinspection Requested,2023-04-19T12:18:00Z,wf_form_submission,WF-0000010881,USR-020,"[""PF-PERMITAPPLICATION-000760"",""PF-REVIEW-000260""]"
PF-PERMITAPPLICATION-000854,Application Reopened,2023-04-19T12:27:00Z,wf_task_history,WF-0000010875,USR-047,"[""PF-PERMITAPPLICATION-000854"",""PF-AGENCY-000354""]"
PF-PERMITAPPLICATION-000740,Completeness Rejected,2023-04-19T13:00:00Z,wf_external_task,WF-0000010884,USR-022,"[""PF-PERMITAPPLICATION-000740"",""PF-OBJECTION-000240""]"
PF-PERMITAPPLICATION-000740,Application Reopened,2023-04-19T13:52:00Z,wf_task_history,WF-0000010885,USR-014,"[""PF-PERMITAPPLICATION-000740"",""PF-AGENCY-000240"",""PF-CONDITION-000240""]"
PF-PERMITAPPLICATION-000740,Inspection Failed,2023-04-19T14:14:00Z,wf_message_delivery,WF-0000010886,USR-060,"[""PF-PERMITAPPLICATION-000740"",""PF-DOCUMENT-000240""]"
PF-PERMITAPPLICATION-000740,Reinspection Requested,2023-04-19T14:51:00Z,wf_form_submission,WF-0000010887,USR-061,"[""PF-PERMITAPPLICATION-000740"",""PF-REVIEW-000240"",""PF-VIOLATION-000240""]"
PF-PERMITAPPLICATION-000856,Application Reopened,2023-04-19T18:29:00Z,wf_task_history,WF-0000010903,USR-081,"[""PF-PERMITAPPLICATION-000856"",""PF-AGENCY-000356"",""PF-CONDITION-000356""]"
PF-PERMITAPPLICATION-000858,Application Reopened,2023-04-20T00:31:00Z,wf_task_history,WF-0000010932,USR-115,"[""PF-PERMITAPPLICATION-000858"",""PF-AGENCY-000358"",""PF-CONDITION-000358""]"
PF-PERMITAPPLICATION-000745,Completeness Rejected,2023-04-20T04:00:00Z,wf_external_task,WF-0000010952,USR-107,"[""PF-PERMITAPPLICATION-000745"",""PF-OBJECTION-000245""]"
PF-PERMITAPPLICATION-000745,Application Reopened,2023-04-20T04:52:00Z,wf_task_history,WF-0000010953,USR-099,"[""PF-PERMITAPPLICATION-000745"",""PF-AGENCY-000245""]"
PF-PERMITAPPLICATION-000745,Inspection Failed,2023-04-20T05:14:00Z,wf_message_delivery,WF-0000010954,USR-018,"[""PF-PERMITAPPLICATION-000745"",""PF-DOCUMENT-000245""]"
PF-PERMITAPPLICATION-000745,Reinspection Requested,2023-04-20T05:51:00Z,wf_form_submission,WF-0000010955,USR-019,"[""PF-PERMITAPPLICATION-000745"",""PF-REVIEW-000245"",""PF-VIOLATION-000245""]"
PF-PERMITAPPLICATION-000768,Inspection Failed,2023-04-20T06:25:00Z,wf_message_delivery,WF-0000010967,USR-028,"[""PF-PERMITAPPLICATION-000768"",""PF-DOCUMENT-000268"",""PF-INSPECTION-000268""]"
PF-PERMITAPPLICATION-000860,Application Reopened,2023-04-20T06:33:00Z,wf_task_history,WF-0000010960,USR-022,"[""PF-PERMITAPPLICATION-000860"",""PF-AGENCY-000360""]"
PF-PERMITAPPLICATION-000845,Completeness Rejected,2023-04-20T09:11:00Z,wf_external_task,WF-0000010969,USR-029,"[""PF-PERMITAPPLICATION-000845"",""PF-OBJECTION-000345"",""PF-REVIEW-000345""]"
PF-PERMITAPPLICATION-000862,Application Reopened,2023-04-20T12:35:00Z,wf_task_history,WF-0000010983,USR-056,"[""PF-PERMITAPPLICATION-000862"",""PF-AGENCY-000362""]"
PF-PERMITAPPLICATION-000864,Application Reopened,2023-04-20T18:37:00Z,wf_task_history,WF-0000011008,USR-090,"[""PF-PERMITAPPLICATION-000864"",""PF-AGENCY-000364""]"
PF-PERMITAPPLICATION-000750,Completeness Rejected,2023-04-20T19:00:00Z,wf_external_task,WF-0000011016,USR-065,"[""PF-PERMITAPPLICATION-000750"",""PF-OBJECTION-000250""]"
PF-PERMITAPPLICATION-000750,Application Reopened,2023-04-20T19:52:00Z,wf_task_history,WF-0000011017,USR-057,"[""PF-PERMITAPPLICATION-000750"",""PF-AGENCY-000250"",""PF-CONDITION-000250""]"
PF-PERMITAPPLICATION-000750,Inspection Failed,2023-04-20T20:14:00Z,wf_message_delivery,WF-0000011018,USR-103,"[""PF-PERMITAPPLICATION-000750"",""PF-DOCUMENT-000250""]"
PF-PERMITAPPLICATION-000750,Reinspection Requested,2023-04-20T20:51:00Z,wf_form_submission,WF-0000011019,USR-104,"[""PF-PERMITAPPLICATION-000750"",""PF-REVIEW-000250"",""PF-VIOLATION-000250""]"
PF-PERMITAPPLICATION-000866,Application Reopened,2023-04-21T00:39:00Z,wf_task_history,WF-0000011033,USR-124,"[""PF-PERMITAPPLICATION-000866"",""PF-AGENCY-000366"",""PF-CONDITION-000366""]"
PF-PERMITAPPLICATION-000868,Application Reopened,2023-04-21T06:41:00Z,wf_task_history,WF-0000011057,USR-031,"[""PF-PERMITAPPLICATION-000868"",""PF-AGENCY-000368""]"
PF-PERMITAPPLICATION-000755,Completeness Rejected,2023-04-21T10:00:00Z,wf_external_task,WF-0000011083,USR-023,"[""PF-PERMITAPPLICATION-000755"",""PF-OBJECTION-000255"",""PF-REVIEW-000255""]"
PF-PERMITAPPLICATION-000755,Application Reopened,2023-04-21T10:52:00Z,wf_task_history,WF-0000011084,USR-015,"[""PF-PERMITAPPLICATION-000755"",""PF-AGENCY-000255""]"
PF-PERMITAPPLICATION-000755,Inspection Failed,2023-04-21T11:14:00Z,wf_message_delivery,WF-0000011085,USR-061,"[""PF-PERMITAPPLICATION-000755"",""PF-DOCUMENT-000255"",""PF-INSPECTION-000255""]"
PF-PERMITAPPLICATION-000755,Reinspection Requested,2023-04-21T11:51:00Z,wf_form_submission,WF-0000011086,USR-062,"[""PF-PERMITAPPLICATION-000755"",""PF-REVIEW-000255""]"
PF-PERMITAPPLICATION-000870,Application Reopened,2023-04-21T12:43:00Z,wf_task_history,WF-0000011091,USR-065,"[""PF-PERMITAPPLICATION-000870"",""PF-AGENCY-000370""]"
PF-PERMITAPPLICATION-000872,Application Reopened,2023-04-21T18:45:00Z,wf_task_history,WF-0000011113,USR-099,"[""PF-PERMITAPPLICATION-000872"",""PF-AGENCY-000372""]"
PF-PERMITAPPLICATION-000858,Completeness Rejected,2023-04-22T00:24:00Z,wf_external_task,WF-0000011133,USR-123,"[""PF-PERMITAPPLICATION-000858"",""PF-OBJECTION-000358""]"
PF-PERMITAPPLICATION-000874,Application Reopened,2023-04-22T00:47:00Z,wf_task_history,WF-0000011136,USR-006,"[""PF-PERMITAPPLICATION-000874"",""PF-AGENCY-000374"",""PF-CONDITION-000374""]"
PF-PERMITAPPLICATION-000760,Completeness Rejected,2023-04-22T01:00:00Z,wf_external_task,WF-0000011144,USR-108,"[""PF-PERMITAPPLICATION-000760"",""PF-OBJECTION-000260""]"
PF-PERMITAPPLICATION-000760,Application Reopened,2023-04-22T01:52:00Z,wf_task_history,WF-0000011145,USR-100,"[""PF-PERMITAPPLICATION-000760"",""PF-AGENCY-000260""]"
PF-PERMITAPPLICATION-000760,Inspection Failed,2023-04-22T02:14:00Z,wf_message_delivery,WF-0000011146,USR-019,"[""PF-PERMITAPPLICATION-000760"",""PF-DOCUMENT-000260""]"
PF-PERMITAPPLICATION-000760,Reinspection Requested,2023-04-22T02:51:00Z,wf_form_submission,WF-0000011147,USR-020,"[""PF-PERMITAPPLICATION-000760"",""PF-REVIEW-000260"",""PF-VIOLATION-000260""]"
PF-PERMITAPPLICATION-000876,Application Reopened,2023-04-22T06:49:00Z,wf_task_history,WF-0000011165,USR-040,"[""PF-PERMITAPPLICATION-000876"",""PF-AGENCY-000376""]"
PF-PERMITAPPLICATION-000783,Reinspection Requested,2023-04-22T09:41:00Z,wf_form_submission,WF-0000011183,USR-030,"[""PF-PERMITAPPLICATION-000783"",""PF-REVIEW-000283""]"
PF-PERMITAPPLICATION-000878,Application Reopened,2023-04-22T12:51:00Z,wf_task_history,WF-0000011191,USR-074,"[""PF-PERMITAPPLICATION-000878"",""PF-AGENCY-000378""]"
PF-PERMITAPPLICATION-000787,Inspection Failed,2023-04-22T15:44:00Z,wf_message_delivery,WF-0000011213,USR-097,"[""PF-PERMITAPPLICATION-000787"",""PF-DOCUMENT-000287"",""PF-INSPECTION-000287""]"
PF-PERMITAPPLICATION-000765,Completeness Rejected,2023-04-22T16:00:00Z,wf_external_task,WF-0000011215,USR-066,"[""PF-PERMITAPPLICATION-000765"",""PF-OBJECTION-000265""]"
PF-PERMITAPPLICATION-000765,Application Reopened,2023-04-22T16:52:00Z,wf_task_history,WF-0000011216,USR-058,"[""PF-PERMITAPPLICATION-000765"",""PF-AGENCY-000265"",""PF-CONDITION-000265""]"
PF-PERMITAPPLICATION-000765,Inspection Failed,2023-04-22T17:14:00Z,wf_message_delivery,WF-0000011217,USR-104,"[""PF-PERMITAPPLICATION-000765"",""PF-DOCUMENT-000265""]"
PF-PERMITAPPLICATION-000765,Reinspection Requested,2023-04-22T17:51:00Z,wf_form_submission,WF-0000011218,USR-105,"[""PF-PERMITAPPLICATION-000765"",""PF-REVIEW-000265"",""PF-VIOLATION-000265""]"
PF-PERMITAPPLICATION-000880,Application Reopened,2023-04-22T18:53:00Z,wf_task_history,WF-0000011223,USR-108,"[""PF-PERMITAPPLICATION-000880"",""PF-AGENCY-000380"",""PF-CONDITION-000380""]"
PF-PERMITAPPLICATION-000882,Application Reopened,2023-04-23T00:55:00Z,wf_task_history,WF-0000011246,USR-015,"[""PF-PERMITAPPLICATION-000882"",""PF-AGENCY-000382"",""PF-CONDITION-000382""]"
PF-PERMITAPPLICATION-000884,Application Reopened,2023-04-23T06:57:00Z,wf_task_history,WF-0000011271,USR-049,"[""PF-PERMITAPPLICATION-000884"",""PF-AGENCY-000384""]"
PF-PERMITAPPLICATION-000770,Completeness Rejected,2023-04-23T07:00:00Z,wf_external_task,WF-0000011278,USR-024,"[""PF-PERMITAPPLICATION-000770"",""PF-OBJECTION-000270"",""PF-REVIEW-000270""]"
PF-PERMITAPPLICATION-000770,Application Reopened,2023-04-23T07:52:00Z,wf_task_history,WF-0000011279,USR-016,"[""PF-PERMITAPPLICATION-000770"",""PF-AGENCY-000270""]"
PF-PERMITAPPLICATION-000770,Inspection Failed,2023-04-23T08:14:00Z,wf_message_delivery,WF-0000011280,USR-062,"[""PF-PERMITAPPLICATION-000770"",""PF-DOCUMENT-000270"",""PF-INSPECTION-000270""]"
PF-PERMITAPPLICATION-000770,Reinspection Requested,2023-04-23T08:51:00Z,wf_form_submission,WF-0000011281,USR-063,"[""PF-PERMITAPPLICATION-000770"",""PF-REVIEW-000270""]"
PF-PERMITAPPLICATION-000886,Application Reopened,2023-04-23T12:59:00Z,wf_task_history,WF-0000011297,USR-083,"[""PF-PERMITAPPLICATION-000886"",""PF-AGENCY-000386""]"
PF-PERMITAPPLICATION-000871,Completeness Rejected,2023-04-23T15:37:00Z,wf_external_task,WF-0000011305,USR-090,"[""PF-PERMITAPPLICATION-000871"",""PF-OBJECTION-000371""]"
PF-PERMITAPPLICATION-000888,Application Reopened,2023-04-23T19:01:00Z,wf_task_history,WF-0000011319,USR-117,"[""PF-PERMITAPPLICATION-000888"",""PF-AGENCY-000388"",""PF-CONDITION-000388""]"
PF-PERMITAPPLICATION-000775,Completeness Rejected,2023-04-23T22:00:00Z,wf_external_task,WF-0000011340,USR-109,"[""PF-PERMITAPPLICATION-000775"",""PF-OBJECTION-000275"",""PF-REVIEW-000275""]"
PF-PERMITAPPLICATION-000775,Application Reopened,2023-04-23T22:52:00Z,wf_task_history,WF-0000011341,USR-101,"[""PF-PERMITAPPLICATION-000775"",""PF-AGENCY-000275""]"
PF-PERMITAPPLICATION-000775,Inspection Failed,2023-04-23T23:14:00Z,wf_message_delivery,WF-0000011342,USR-020,"[""PF-PERMITAPPLICATION-000775"",""PF-DOCUMENT-000275"",""PF-INSPECTION-000275""]"
PF-PERMITAPPLICATION-000775,Reinspection Requested,2023-04-23T23:51:00Z,wf_form_submission,WF-0000011343,USR-021,"[""PF-PERMITAPPLICATION-000775"",""PF-REVIEW-000275""]"
PF-PERMITAPPLICATION-000890,Application Reopened,2023-04-24T01:03:00Z,wf_task_history,WF-0000011355,USR-024,"[""PF-PERMITAPPLICATION-000890"",""PF-AGENCY-000390""]"
PF-PERMITAPPLICATION-000892,Application Reopened,2023-04-24T07:05:00Z,wf_task_history,WF-0000011383,USR-058,"[""PF-PERMITAPPLICATION-000892"",""PF-AGENCY-000392""]"
PF-PERMITAPPLICATION-000780,Completeness Rejected,2023-04-24T13:00:00Z,wf_external_task,WF-0000011409,USR-067,"[""PF-PERMITAPPLICATION-000780"",""PF-OBJECTION-000280""]"
PF-PERMITAPPLICATION-000894,Application Reopened,2023-04-24T13:07:00Z,wf_task_history,WF-0000011408,USR-092,"[""PF-PERMITAPPLICATION-000894"",""PF-AGENCY-000394"",""PF-CONDITION-000394""]"
PF-PERMITAPPLICATION-000780,Application Reopened,2023-04-24T13:52:00Z,wf_task_history,WF-0000011410,USR-059,"[""PF-PERMITAPPLICATION-000780"",""PF-AGENCY-000280"",""PF-CONDITION-000280""]"
PF-PERMITAPPLICATION-000780,Inspection Failed,2023-04-24T14:14:00Z,wf_message_delivery,WF-0000011411,USR-105,"[""PF-PERMITAPPLICATION-000780"",""PF-DOCUMENT-000280""]"
PF-PERMITAPPLICATION-000780,Reinspection Requested,2023-04-24T14:51:00Z,wf_form_submission,WF-0000011412,USR-106,"[""PF-PERMITAPPLICATION-000780"",""PF-REVIEW-000280"",""PF-VIOLATION-000280""]"
PF-PERMITAPPLICATION-000896,Application Reopened,2023-04-24T18:16:00Z,wf_task_history,WF-0000011425,USR-126,"[""PF-PERMITAPPLICATION-000896"",""PF-AGENCY-000396"",""PF-CONDITION-000396""]"
PF-PERMITAPPLICATION-000806,Inspection Failed,2023-04-25T00:10:00Z,wf_message_delivery,WF-0000011456,USR-039,"[""PF-PERMITAPPLICATION-000806"",""PF-DOCUMENT-000306"",""PF-INSPECTION-000306""]"
PF-PERMITAPPLICATION-000898,Application Reopened,2023-04-25T00:18:00Z,wf_task_history,WF-0000011449,USR-033,"[""PF-PERMITAPPLICATION-000898"",""PF-AGENCY-000398""]"
PF-PERMITAPPLICATION-000785,Completeness Rejected,2023-04-25T04:00:00Z,wf_external_task,WF-0000011471,USR-025,"[""PF-PERMITAPPLICATION-000785"",""PF-OBJECTION-000285""]"
PF-PERMITAPPLICATION-000785,Application Reopened,2023-04-25T04:52:00Z,wf_task_history,WF-0000011472,USR-017,"[""PF-PERMITAPPLICATION-000785"",""PF-AGENCY-000285"",""PF-CONDITION-000285""]"
PF-PERMITAPPLICATION-000785,Inspection Failed,2023-04-25T05:14:00Z,wf_message_delivery,WF-0000011473,USR-063,"[""PF-PERMITAPPLICATION-000785"",""PF-DOCUMENT-000285""]"
PF-PERMITAPPLICATION-000785,Reinspection Requested,2023-04-25T05:51:00Z,wf_form_submission,WF-0000011474,USR-064,"[""PF-PERMITAPPLICATION-000785"",""PF-REVIEW-000285"",""PF-VIOLATION-000285""]"
PF-PERMITAPPLICATION-000806,Reinspection Requested,2023-04-25T06:11:00Z,wf_form_submission,WF-0000011483,USR-040,"[""PF-PERMITAPPLICATION-000806"",""PF-REVIEW-000306""]"
PF-PERMITAPPLICATION-000900,Application Reopened,2023-04-25T06:20:00Z,wf_task_history,WF-0000011477,USR-067,"[""PF-PERMITAPPLICATION-000900"",""PF-AGENCY-000400"",""PF-CONDITION-000400""]"
PF-PERMITAPPLICATION-000884,Completeness Rejected,2023-04-25T06:50:00Z,wf_external_task,WF-0000011486,USR-057,"[""PF-PERMITAPPLICATION-000884"",""PF-OBJECTION-000384"",""PF-REVIEW-000384""]"
PF-PERMITAPPLICATION-000902,Application Reopened,2023-04-25T12:22:00Z,wf_task_history,WF-0000011505,USR-101,"[""PF-PERMITAPPLICATION-000902"",""PF-AGENCY-000402"",""PF-CONDITION-000402""]"
PF-PERMITAPPLICATION-000904,Application Reopened,2023-04-25T18:24:00Z,wf_task_history,WF-0000011531,USR-008,"[""PF-PERMITAPPLICATION-000904"",""PF-AGENCY-000404""]"
PF-PERMITAPPLICATION-000790,Completeness Rejected,2023-04-25T19:00:00Z,wf_external_task,WF-0000011539,USR-110,"[""PF-PERMITAPPLICATION-000790"",""PF-OBJECTION-000290"",""PF-REVIEW-000290""]"
PF-PERMITAPPLICATION-000790,Application Reopened,2023-04-25T19:52:00Z,wf_task_history,WF-0000011540,USR-102,"[""PF-PERMITAPPLICATION-000790"",""PF-AGENCY-000290""]"
PF-PERMITAPPLICATION-000790,Inspection Failed,2023-04-25T20:14:00Z,wf_message_delivery,WF-0000011541,USR-021,"[""PF-PERMITAPPLICATION-000790"",""PF-DOCUMENT-000290"",""PF-INSPECTION-000290""]"
PF-PERMITAPPLICATION-000790,Reinspection Requested,2023-04-25T20:51:00Z,wf_form_submission,WF-0000011542,USR-022,"[""PF-PERMITAPPLICATION-000790"",""PF-REVIEW-000290""]"
PF-PERMITAPPLICATION-000906,Application Reopened,2023-04-26T00:26:00Z,wf_task_history,WF-0000011558,USR-042,"[""PF-PERMITAPPLICATION-000906"",""PF-AGENCY-000406"",""PF-CONDITION-000406""]"
PF-PERMITAPPLICATION-000908,Application Reopened,2023-04-26T06:28:00Z,wf_task_history,WF-0000011580,USR-076,"[""PF-PERMITAPPLICATION-000908"",""PF-AGENCY-000408"",""PF-CONDITION-000408""]"
PF-PERMITAPPLICATION-000795,Completeness Rejected,2023-04-26T10:00:00Z,wf_external_task,WF-0000011601,USR-068,"[""PF-PERMITAPPLICATION-000795"",""PF-OBJECTION-000295""]"
PF-PERMITAPPLICATION-000795,Application Reopened,2023-04-26T10:52:00Z,wf_task_history,WF-0000011602,USR-060,"[""PF-PERMITAPPLICATION-000795"",""PF-AGENCY-000295"",""PF-CONDITION-000295""]"
PF-PERMITAPPLICATION-000795,Inspection Failed,2023-04-26T11:14:00Z,wf_message_delivery,WF-0000011603,USR-106,"[""PF-PERMITAPPLICATION-000795"",""PF-DOCUMENT-000295""]"
PF-PERMITAPPLICATION-000795,Reinspection Requested,2023-04-26T11:51:00Z,wf_form_submission,WF-0000011604,USR-107,"[""PF-PERMITAPPLICATION-000795"",""PF-REVIEW-000295""]"
PF-PERMITAPPLICATION-000910,Application Reopened,2023-04-26T12:30:00Z,wf_task_history,WF-0000011607,USR-110,"[""PF-PERMITAPPLICATION-000910"",""PF-AGENCY-000410"",""PF-CONDITION-000410""]"
PF-PERMITAPPLICATION-000912,Application Reopened,2023-04-26T18:32:00Z,wf_task_history,WF-0000011634,USR-017,"[""PF-PERMITAPPLICATION-000912"",""PF-AGENCY-000412""]"
PF-PERMITAPPLICATION-000897,Completeness Rejected,2023-04-26T21:10:00Z,wf_external_task,WF-0000011645,USR-024,"[""PF-PERMITAPPLICATION-000897"",""PF-OBJECTION-000397""]"
PF-PERMITAPPLICATION-000914,Application Reopened,2023-04-27T00:34:00Z,wf_task_history,WF-0000011661,USR-051,"[""PF-PERMITAPPLICATION-000914"",""PF-AGENCY-000414""]"
PF-PERMITAPPLICATION-000800,Completeness Rejected,2023-04-27T01:00:00Z,wf_external_task,WF-0000011672,USR-026,"[""PF-PERMITAPPLICATION-000800"",""PF-OBJECTION-000300"",""PF-REVIEW-000300""]"
PF-PERMITAPPLICATION-000800,Application Reopened,2023-04-27T01:52:00Z,wf_task_history,WF-0000011673,USR-018,"[""PF-PERMITAPPLICATION-000800"",""PF-AGENCY-000300""]"
PF-PERMITAPPLICATION-000800,Inspection Failed,2023-04-27T02:14:00Z,wf_message_delivery,WF-0000011674,USR-064,"[""PF-PERMITAPPLICATION-000800"",""PF-DOCUMENT-000300"",""PF-INSPECTION-000300""]"
PF-PERMITAPPLICATION-000800,Reinspection Requested,2023-04-27T02:51:00Z,wf_form_submission,WF-0000011675,USR-065,"[""PF-PERMITAPPLICATION-000800"",""PF-REVIEW-000300""]"
PF-PERMITAPPLICATION-000916,Application Reopened,2023-04-27T06:36:00Z,wf_task_history,WF-0000011691,USR-085,"[""PF-PERMITAPPLICATION-000916"",""PF-AGENCY-000416""]"
PF-PERMITAPPLICATION-000825,Inspection Failed,2023-04-27T09:29:00Z,wf_message_delivery,WF-0000011708,USR-108,"[""PF-PERMITAPPLICATION-000825"",""PF-DOCUMENT-000325""]"
PF-PERMITAPPLICATION-000918,Application Reopened,2023-04-27T12:38:00Z,wf_task_history,WF-0000011714,USR-119,"[""PF-PERMITAPPLICATION-000918"",""PF-AGENCY-000418""]"
PF-PERMITAPPLICATION-000805,Completeness Rejected,2023-04-27T16:00:00Z,wf_external_task,WF-0000011732,USR-111,"[""PF-PERMITAPPLICATION-000805"",""PF-OBJECTION-000305"",""PF-REVIEW-000305""]"
PF-PERMITAPPLICATION-000805,Application Reopened,2023-04-27T16:52:00Z,wf_task_history,WF-0000011733,USR-103,"[""PF-PERMITAPPLICATION-000805"",""PF-AGENCY-000305""]"
PF-PERMITAPPLICATION-000805,Inspection Failed,2023-04-27T17:14:00Z,wf_message_delivery,WF-0000011734,USR-022,"[""PF-PERMITAPPLICATION-000805"",""PF-DOCUMENT-000305"",""PF-INSPECTION-000305""]"
PF-PERMITAPPLICATION-000805,Reinspection Requested,2023-04-27T17:51:00Z,wf_form_submission,WF-0000011735,USR-023,"[""PF-PERMITAPPLICATION-000805"",""PF-REVIEW-000305""]"
PF-PERMITAPPLICATION-000920,Application Reopened,2023-04-27T18:40:00Z,wf_task_history,WF-0000011740,USR-026,"[""PF-PERMITAPPLICATION-000920"",""PF-AGENCY-000420"",""PF-CONDITION-000420""]"
PF-PERMITAPPLICATION-000922,Application Reopened,2023-04-28T00:42:00Z,wf_task_history,WF-0000011763,USR-060,"[""PF-PERMITAPPLICATION-000922"",""PF-AGENCY-000422"",""PF-CONDITION-000422""]"
PF-PERMITAPPLICATION-000829,Reinspection Requested,2023-04-28T03:34:00Z,wf_form_submission,WF-0000011784,USR-050,"[""PF-PERMITAPPLICATION-000829"",""PF-REVIEW-000329"",""PF-VIOLATION-000329""]"
PF-PERMITAPPLICATION-000924,Application Reopened,2023-04-28T06:44:00Z,wf_task_history,WF-0000011792,USR-094,"[""PF-PERMITAPPLICATION-000924"",""PF-AGENCY-000424"",""PF-CONDITION-000424""]"
PF-PERMITAPPLICATION-000810,Completeness Rejected,2023-04-28T07:00:00Z,wf_external_task,WF-0000011800,USR-069,"[""PF-PERMITAPPLICATION-000810"",""PF-OBJECTION-000310"",""PF-REVIEW-000310""]"
PF-PERMITAPPLICATION-000810,Application Reopened,2023-04-28T07:52:00Z,wf_task_history,WF-0000011801,USR-061,"[""PF-PERMITAPPLICATION-000810"",""PF-AGENCY-000310""]"
PF-PERMITAPPLICATION-000810,Inspection Failed,2023-04-28T08:14:00Z,wf_message_delivery,WF-0000011802,USR-107,"[""PF-PERMITAPPLICATION-000810"",""PF-DOCUMENT-000310"",""PF-INSPECTION-000310""]"
PF-PERMITAPPLICATION-000810,Reinspection Requested,2023-04-28T08:51:00Z,wf_form_submission,WF-0000011803,USR-108,"[""PF-PERMITAPPLICATION-000810"",""PF-REVIEW-000310""]"
PF-PERMITAPPLICATION-000910,Completeness Rejected,2023-04-28T12:23:00Z,wf_external_task,WF-0000011819,USR-118,"[""PF-PERMITAPPLICATION-000910"",""PF-OBJECTION-000410""]"
PF-PERMITAPPLICATION-000926,Application Reopened,2023-04-28T12:46:00Z,wf_task_history,WF-0000011823,USR-001,"[""PF-PERMITAPPLICATION-000926"",""PF-AGENCY-000426"",""PF-CONDITION-000426""]"
PF-PERMITAPPLICATION-000928,Application Reopened,2023-04-28T18:48:00Z,wf_task_history,WF-0000011846,USR-035,"[""PF-PERMITAPPLICATION-000928"",""PF-AGENCY-000428""]"
PF-PERMITAPPLICATION-000815,Completeness Rejected,2023-04-28T22:00:00Z,wf_external_task,WF-0000011865,USR-027,"[""PF-PERMITAPPLICATION-000815"",""PF-OBJECTION-000315"",""PF-REVIEW-000315""]"
PF-PERMITAPPLICATION-000815,Application Reopened,2023-04-28T22:52:00Z,wf_task_history,WF-0000011866,USR-019,"[""PF-PERMITAPPLICATION-000815"",""PF-AGENCY-000315""]"
PF-PERMITAPPLICATION-000815,Inspection Failed,2023-04-28T23:14:00Z,wf_message_delivery,WF-0000011867,USR-065,"[""PF-PERMITAPPLICATION-000815"",""PF-DOCUMENT-000315"",""PF-INSPECTION-000315""]"
PF-PERMITAPPLICATION-000815,Reinspection Requested,2023-04-28T23:51:00Z,wf_form_submission,WF-0000011868,USR-066,"[""PF-PERMITAPPLICATION-000815"",""PF-REVIEW-000315""]"
PF-PERMITAPPLICATION-000930,Application Reopened,2023-04-29T00:50:00Z,wf_task_history,WF-0000011871,USR-069,"[""PF-PERMITAPPLICATION-000930"",""PF-AGENCY-000430""]"
PF-PERMITAPPLICATION-000932,Application Reopened,2023-04-29T06:52:00Z,wf_task_history,WF-0000011897,USR-103,"[""PF-PERMITAPPLICATION-000932"",""PF-AGENCY-000432"",""PF-CONDITION-000432""]"
PF-PERMITAPPLICATION-000934,Application Reopened,2023-04-29T12:54:00Z,wf_task_history,WF-0000011925,USR-010,"[""PF-PERMITAPPLICATION-000934"",""PF-AGENCY-000434""]"
PF-PERMITAPPLICATION-000820,Completeness Rejected,2023-04-29T13:00:00Z,wf_external_task,WF-0000011934,USR-112,"[""PF-PERMITAPPLICATION-000820"",""PF-OBJECTION-000320"",""PF-REVIEW-000320""]"
PF-PERMITAPPLICATION-000820,Application Reopened,2023-04-29T13:52:00Z,wf_task_history,WF-0000011935,USR-104,"[""PF-PERMITAPPLICATION-000820"",""PF-AGENCY-000320""]"
PF-PERMITAPPLICATION-000820,Inspection Failed,2023-04-29T14:14:00Z,wf_message_delivery,WF-0000011936,USR-023,"[""PF-PERMITAPPLICATION-000820"",""PF-DOCUMENT-000320"",""PF-INSPECTION-000320""]"
PF-PERMITAPPLICATION-000820,Reinspection Requested,2023-04-29T14:51:00Z,wf_form_submission,WF-0000011937,USR-024,"[""PF-PERMITAPPLICATION-000820"",""PF-REVIEW-000320""]"
PF-PERMITAPPLICATION-000844,Inspection Failed,2023-04-29T18:48:00Z,wf_message_delivery,WF-0000011958,USR-050,"[""PF-PERMITAPPLICATION-000844"",""PF-DOCUMENT-000344""]"
PF-PERMITAPPLICATION-000936,Application Reopened,2023-04-29T18:56:00Z,wf_task_history,WF-0000011950,USR-044,"[""PF-PERMITAPPLICATION-000936"",""PF-AGENCY-000436""]"
PF-PERMITAPPLICATION-000938,Application Reopened,2023-04-30T00:58:00Z,wf_task_history,WF-0000011976,USR-078,"[""PF-PERMITAPPLICATION-000938"",""PF-AGENCY-000438""]"
PF-PERMITAPPLICATION-000923,Completeness Rejected,2023-04-30T03:36:00Z,wf_external_task,WF-0000011986,USR-085,"[""PF-PERMITAPPLICATION-000923"",""PF-OBJECTION-000423""]"
PF-PERMITAPPLICATION-000825,Completeness Rejected,2023-04-30T04:00:00Z,wf_external_task,WF-0000011997,USR-070,"[""PF-PERMITAPPLICATION-000825"",""PF-OBJECTION-000325"",""PF-REVIEW-000325""]"
PF-PERMITAPPLICATION-000825,Application Reopened,2023-04-30T04:52:00Z,wf_task_history,WF-0000011998,USR-062,"[""PF-PERMITAPPLICATION-000825"",""PF-AGENCY-000325""]"
PF-PERMITAPPLICATION-000825,Inspection Failed,2023-04-30T05:14:00Z,wf_message_delivery,WF-0000011999,USR-108,"[""PF-PERMITAPPLICATION-000825"",""PF-DOCUMENT-000325"",""PF-INSPECTION-000325""]"
PF-PERMITAPPLICATION-000825,Reinspection Requested,2023-04-30T05:51:00Z,wf_form_submission,WF-0000012000,USR-109,"[""PF-PERMITAPPLICATION-000825"",""PF-REVIEW-000325""]"
PF-PERMITAPPLICATION-000940,Application Reopened,2023-04-30T07:00:00Z,wf_task_history,WF-0000012006,USR-112,"[""PF-PERMITAPPLICATION-000940"",""PF-AGENCY-000440""]"
PF-PERMITAPPLICATION-000942,Application Reopened,2023-04-30T13:02:00Z,wf_task_history,WF-0000012027,USR-019,"[""PF-PERMITAPPLICATION-000942"",""PF-AGENCY-000442"",""PF-CONDITION-000442""]"
PF-PERMITAPPLICATION-000830,Completeness Rejected,2023-04-30T19:00:00Z,wf_external_task,WF-0000012058,USR-028,"[""PF-PERMITAPPLICATION-000830"",""PF-OBJECTION-000330""]"
PF-PERMITAPPLICATION-000944,Application Reopened,2023-04-30T19:04:00Z,wf_task_history,WF-0000012054,USR-053,"[""PF-PERMITAPPLICATION-000944"",""PF-AGENCY-000444"",""PF-CONDITION-000444""]"
PF-PERMITAPPLICATION-000830,Application Reopened,2023-04-30T19:52:00Z,wf_task_history,WF-0000012059,USR-020,"[""PF-PERMITAPPLICATION-000830"",""PF-AGENCY-000330"",""PF-CONDITION-000330""]"
PF-PERMITAPPLICATION-000830,Inspection Failed,2023-04-30T20:14:00Z,wf_message_delivery,WF-0000012060,USR-066,"[""PF-PERMITAPPLICATION-000830"",""PF-DOCUMENT-000330""]"
PF-PERMITAPPLICATION-000830,Reinspection Requested,2023-04-30T20:51:00Z,wf_form_submission,WF-0000012061,USR-067,"[""PF-PERMITAPPLICATION-000830"",""PF-REVIEW-000330"",""PF-VIOLATION-000330""]"
PF-PERMITAPPLICATION-000852,Reinspection Requested,2023-05-01T00:04:00Z,wf_form_submission,WF-0000012084,USR-060,"[""PF-PERMITAPPLICATION-000852"",""PF-REVIEW-000352"",""PF-VIOLATION-000352""]"
PF-PERMITAPPLICATION-000946,Application Reopened,2023-05-01T01:06:00Z,wf_task_history,WF-0000012090,USR-087,"[""PF-PERMITAPPLICATION-000946"",""PF-AGENCY-000446""]"
PF-PERMITAPPLICATION-000948,Application Reopened,2023-05-01T06:15:00Z,wf_task_history,WF-0000012102,USR-121,"[""PF-PERMITAPPLICATION-000948"",""PF-AGENCY-000448""]"
PF-PERMITAPPLICATION-000835,Completeness Rejected,2023-05-01T10:00:00Z,wf_external_task,WF-0000012124,USR-113,"[""PF-PERMITAPPLICATION-000835"",""PF-OBJECTION-000335"",""PF-REVIEW-000335""]"
PF-PERMITAPPLICATION-000835,Application Reopened,2023-05-01T10:52:00Z,wf_task_history,WF-0000012125,USR-105,"[""PF-PERMITAPPLICATION-000835"",""PF-AGENCY-000335""]"
PF-PERMITAPPLICATION-000835,Inspection Failed,2023-05-01T11:14:00Z,wf_message_delivery,WF-0000012126,USR-024,"[""PF-PERMITAPPLICATION-000835"",""PF-DOCUMENT-000335"",""PF-INSPECTION-000335""]"
PF-PERMITAPPLICATION-000835,Reinspection Requested,2023-05-01T11:51:00Z,wf_form_submission,WF-0000012127,USR-025,"[""PF-PERMITAPPLICATION-000835"",""PF-REVIEW-000335""]"
PF-PERMITAPPLICATION-000950,Application Reopened,2023-05-01T12:17:00Z,wf_task_history,WF-0000012129,USR-028,"[""PF-PERMITAPPLICATION-000950"",""PF-AGENCY-000450""]"
PF-PERMITAPPLICATION-000952,Application Reopened,2023-05-01T18:19:00Z,wf_task_history,WF-0000012157,USR-062,"[""PF-PERMITAPPLICATION-000952"",""PF-AGENCY-000452""]"
PF-PERMITAPPLICATION-000936,Completeness Rejected,2023-05-01T18:49:00Z,wf_external_task,WF-0000012167,USR-052,"[""PF-PERMITAPPLICATION-000936"",""PF-OBJECTION-000436"",""PF-REVIEW-000436""]"
PF-PERMITAPPLICATION-000954,Application Reopened,2023-05-02T00:21:00Z,wf_task_history,WF-0000012181,USR-096,"[""PF-PERMITAPPLICATION-000954"",""PF-AGENCY-000454""]"
PF-PERMITAPPLICATION-000840,Completeness Rejected,2023-05-02T01:00:00Z,wf_external_task,WF-0000012191,USR-071,"[""PF-PERMITAPPLICATION-000840"",""PF-OBJECTION-000340"",""PF-REVIEW-000340""]"
PF-PERMITAPPLICATION-000840,Application Reopened,2023-05-02T01:52:00Z,wf_task_history,WF-0000012192,USR-063,"[""PF-PERMITAPPLICATION-000840"",""PF-AGENCY-000340""]"
PF-PERMITAPPLICATION-000840,Inspection Failed,2023-05-02T02:14:00Z,wf_message_delivery,WF-0000012193,USR-109,"[""PF-PERMITAPPLICATION-000840"",""PF-DOCUMENT-000340"",""PF-INSPECTION-000340""]"
PF-PERMITAPPLICATION-000840,Reinspection Requested,2023-05-02T02:51:00Z,wf_form_submission,WF-0000012194,USR-110,"[""PF-PERMITAPPLICATION-000840"",""PF-REVIEW-000340""]"
PF-PERMITAPPLICATION-000863,Inspection Failed,2023-05-02T03:14:00Z,wf_message_delivery,WF-0000012205,USR-119,"[""PF-PERMITAPPLICATION-000863"",""PF-DOCUMENT-000363"",""PF-INSPECTION-000363""]"
PF-PERMITAPPLICATION-000956,Application Reopened,2023-05-02T06:23:00Z,wf_task_history,WF-0000012210,USR-003,"[""PF-PERMITAPPLICATION-000956"",""PF-AGENCY-000456""]"
PF-PERMITAPPLICATION-000958,Application Reopened,2023-05-02T12:25:00Z,wf_task_history,WF-0000012237,USR-037,"[""PF-PERMITAPPLICATION-000958"",""PF-AGENCY-000458""]"
PF-PERMITAPPLICATION-000845,Completeness Rejected,2023-05-02T16:00:00Z,wf_external_task,WF-0000012257,USR-029,"[""PF-PERMITAPPLICATION-000845"",""PF-OBJECTION-000345""]"
PF-PERMITAPPLICATION-000845,Application Reopened,2023-05-02T16:52:00Z,wf_task_history,WF-0000012258,USR-021,"[""PF-PERMITAPPLICATION-000845"",""PF-AGENCY-000345"",""PF-CONDITION-000345""]"
PF-PERMITAPPLICATION-000845,Inspection Failed,2023-05-02T17:14:00Z,wf_message_delivery,WF-0000012259,USR-067,"[""PF-PERMITAPPLICATION-000845"",""PF-DOCUMENT-000345""]"
PF-PERMITAPPLICATION-000845,Reinspection Requested,2023-05-02T17:51:00Z,wf_form_submission,WF-0000012260,USR-068,"[""PF-PERMITAPPLICATION-000845"",""PF-REVIEW-000345"",""PF-VIOLATION-000345""]"
PF-PERMITAPPLICATION-000960,Application Reopened,2023-05-02T18:27:00Z,wf_task_history,WF-0000012264,USR-071,"[""PF-PERMITAPPLICATION-000960"",""PF-AGENCY-000460"",""PF-CONDITION-000460""]"
PF-PERMITAPPLICATION-000962,Application Reopened,2023-05-03T00:29:00Z,wf_task_history,WF-0000012289,USR-105,"[""PF-PERMITAPPLICATION-000962"",""PF-AGENCY-000462""]"
PF-PERMITAPPLICATION-000964,Application Reopened,2023-05-03T06:31:00Z,wf_task_history,WF-0000012311,USR-012,"[""PF-PERMITAPPLICATION-000964"",""PF-AGENCY-000464""]"
PF-PERMITAPPLICATION-000850,Completeness Rejected,2023-05-03T07:00:00Z,wf_external_task,WF-0000012321,USR-114,"[""PF-PERMITAPPLICATION-000850"",""PF-OBJECTION-000350"",""PF-REVIEW-000350""]"
PF-PERMITAPPLICATION-000850,Application Reopened,2023-05-03T07:52:00Z,wf_task_history,WF-0000012322,USR-106,"[""PF-PERMITAPPLICATION-000850"",""PF-AGENCY-000350""]"
PF-PERMITAPPLICATION-000850,Inspection Failed,2023-05-03T08:14:00Z,wf_message_delivery,WF-0000012323,USR-025,"[""PF-PERMITAPPLICATION-000850"",""PF-DOCUMENT-000350"",""PF-INSPECTION-000350""]"
PF-PERMITAPPLICATION-000850,Reinspection Requested,2023-05-03T08:51:00Z,wf_form_submission,WF-0000012324,USR-026,"[""PF-PERMITAPPLICATION-000850"",""PF-REVIEW-000350""]"
PF-PERMITAPPLICATION-000949,Completeness Rejected,2023-05-03T09:09:00Z,wf_external_task,WF-0000012325,USR-019,"[""PF-PERMITAPPLICATION-000949"",""PF-OBJECTION-000449"",""PF-REVIEW-000449""]"
PF-PERMITAPPLICATION-000966,Application Reopened,2023-05-03T12:33:00Z,wf_task_history,WF-0000012339,USR-046,"[""PF-PERMITAPPLICATION-000966"",""PF-AGENCY-000466"",""PF-CONDITION-000466""]"
PF-PERMITAPPLICATION-000968,Application Reopened,2023-05-03T18:35:00Z,wf_task_history,WF-0000012370,USR-080,"[""PF-PERMITAPPLICATION-000968"",""PF-AGENCY-000468""]"
PF-PERMITAPPLICATION-000875,Reinspection Requested,2023-05-03T21:27:00Z,wf_form_submission,WF-0000012387,USR-070,"[""PF-PERMITAPPLICATION-000875"",""PF-REVIEW-000375"",""PF-VIOLATION-000375""]"
PF-PERMITAPPLICATION-000855,Completeness Rejected,2023-05-03T22:00:00Z,wf_external_task,WF-0000012389,USR-072,"[""PF-PERMITAPPLICATION-000855"",""PF-OBJECTION-000355""]"
PF-PERMITAPPLICATION-000855,Application Reopened,2023-05-03T22:52:00Z,wf_task_history,WF-0000012390,USR-064,"[""PF-PERMITAPPLICATION-000855"",""PF-AGENCY-000355"",""PF-CONDITION-000355""]"
PF-PERMITAPPLICATION-000855,Inspection Failed,2023-05-03T23:14:00Z,wf_message_delivery,WF-0000012391,USR-110,"[""PF-PERMITAPPLICATION-000855"",""PF-DOCUMENT-000355""]"
PF-PERMITAPPLICATION-000855,Reinspection Requested,2023-05-03T23:51:00Z,wf_form_submission,WF-0000012392,USR-111,"[""PF-PERMITAPPLICATION-000855"",""PF-REVIEW-000355"",""PF-VIOLATION-000355""]"
PF-PERMITAPPLICATION-000970,Application Reopened,2023-05-04T00:37:00Z,wf_task_history,WF-0000012397,USR-114,"[""PF-PERMITAPPLICATION-000970"",""PF-AGENCY-000470""]"
PF-PERMITAPPLICATION-000972,Application Reopened,2023-05-04T06:39:00Z,wf_task_history,WF-0000012419,USR-021,"[""PF-PERMITAPPLICATION-000972"",""PF-AGENCY-000472"",""PF-CONDITION-000472""]"
PF-PERMITAPPLICATION-000882,Inspection Failed,2023-05-04T12:33:00Z,wf_message_delivery,WF-0000012450,USR-061,"[""PF-PERMITAPPLICATION-000882"",""PF-DOCUMENT-000382"",""PF-INSPECTION-000382""]"
PF-PERMITAPPLICATION-000974,Application Reopened,2023-05-04T12:41:00Z,wf_task_history,WF-0000012443,USR-055,"[""PF-PERMITAPPLICATION-000974"",""PF-AGENCY-000474""]"
PF-PERMITAPPLICATION-000860,Completeness Rejected,2023-05-04T13:00:00Z,wf_external_task,WF-0000012452,USR-030,"[""PF-PERMITAPPLICATION-000860"",""PF-OBJECTION-000360"",""PF-REVIEW-000360""]"
PF-PERMITAPPLICATION-000860,Application Reopened,2023-05-04T13:52:00Z,wf_task_history,WF-0000012453,USR-022,"[""PF-PERMITAPPLICATION-000860"",""PF-AGENCY-000360""]"
PF-PERMITAPPLICATION-000860,Inspection Failed,2023-05-04T14:14:00Z,wf_message_delivery,WF-0000012454,USR-068,"[""PF-PERMITAPPLICATION-000860"",""PF-DOCUMENT-000360"",""PF-INSPECTION-000360""]"
PF-PERMITAPPLICATION-000860,Reinspection Requested,2023-05-04T14:51:00Z,wf_form_submission,WF-0000012455,USR-069,"[""PF-PERMITAPPLICATION-000860"",""PF-REVIEW-000360""]"
PF-PERMITAPPLICATION-000976,Application Reopened,2023-05-04T18:43:00Z,wf_task_history,WF-0000012470,USR-089,"[""PF-PERMITAPPLICATION-000976"",""PF-AGENCY-000476""]"
PF-PERMITAPPLICATION-000962,Completeness Rejected,2023-05-05T00:22:00Z,wf_external_task,WF-0000012493,USR-113,"[""PF-PERMITAPPLICATION-000962"",""PF-OBJECTION-000462"",""PF-REVIEW-000462""]"
PF-PERMITAPPLICATION-000978,Application Reopened,2023-05-05T00:45:00Z,wf_task_history,WF-0000012497,USR-123,"[""PF-PERMITAPPLICATION-000978"",""PF-AGENCY-000478""]"
PF-PERMITAPPLICATION-000865,Completeness Rejected,2023-05-05T04:00:00Z,wf_external_task,WF-0000012521,USR-115,"[""PF-PERMITAPPLICATION-000865"",""PF-OBJECTION-000365""]"
PF-PERMITAPPLICATION-000865,Application Reopened,2023-05-05T04:52:00Z,wf_task_history,WF-0000012522,USR-107,"[""PF-PERMITAPPLICATION-000865"",""PF-AGENCY-000365""]"
PF-PERMITAPPLICATION-000865,Inspection Failed,2023-05-05T05:14:00Z,wf_message_delivery,WF-0000012523,USR-026,"[""PF-PERMITAPPLICATION-000865"",""PF-DOCUMENT-000365""]"
PF-PERMITAPPLICATION-000865,Reinspection Requested,2023-05-05T05:51:00Z,wf_form_submission,WF-0000012524,USR-027,"[""PF-PERMITAPPLICATION-000865"",""PF-REVIEW-000365"",""PF-VIOLATION-000365""]"
PF-PERMITAPPLICATION-000980,Application Reopened,2023-05-05T06:47:00Z,wf_task_history,WF-0000012527,USR-030,"[""PF-PERMITAPPLICATION-000980"",""PF-AGENCY-000480"",""PF-CONDITION-000480""]"
PF-PERMITAPPLICATION-000982,Application Reopened,2023-05-05T12:49:00Z,wf_task_history,WF-0000012552,USR-064,"[""PF-PERMITAPPLICATION-000982"",""PF-AGENCY-000482"",""PF-CONDITION-000482""]"
PF-PERMITAPPLICATION-000984,Application Reopened,2023-05-05T18:51:00Z,wf_task_history,WF-0000012574,USR-098,"[""PF-PERMITAPPLICATION-000984"",""PF-AGENCY-000484"",""PF-CONDITION-000484""]"
PF-PERMITAPPLICATION-000870,Completeness Rejected,2023-05-05T19:00:00Z,wf_external_task,WF-0000012581,USR-073,"[""PF-PERMITAPPLICATION-000870"",""PF-OBJECTION-000370"",""PF-REVIEW-000370""]"
PF-PERMITAPPLICATION-000870,Application Reopened,2023-05-05T19:52:00Z,wf_task_history,WF-0000012582,USR-065,"[""PF-PERMITAPPLICATION-000870"",""PF-AGENCY-000370""]"
PF-PERMITAPPLICATION-000870,Inspection Failed,2023-05-05T20:14:00Z,wf_message_delivery,WF-0000012583,USR-111,"[""PF-PERMITAPPLICATION-000870"",""PF-DOCUMENT-000370"",""PF-INSPECTION-000370""]"
PF-PERMITAPPLICATION-000870,Reinspection Requested,2023-05-05T20:51:00Z,wf_form_submission,WF-0000012584,USR-112,"[""PF-PERMITAPPLICATION-000870"",""PF-REVIEW-000370""]"
PF-PERMITAPPLICATION-000986,Application Reopened,2023-05-06T00:53:00Z,wf_task_history,WF-0000012601,USR-005,"[""PF-PERMITAPPLICATION-000986"",""PF-AGENCY-000486""]"
PF-PERMITAPPLICATION-000988,Application Reopened,2023-05-06T06:55:00Z,wf_task_history,WF-0000012625,USR-039,"[""PF-PERMITAPPLICATION-000988"",""PF-AGENCY-000488""]"
PF-PERMITAPPLICATION-000875,Completeness Rejected,2023-05-06T10:00:00Z,wf_external_task,WF-0000012652,USR-031,"[""PF-PERMITAPPLICATION-000875"",""PF-OBJECTION-000375""]"
PF-PERMITAPPLICATION-000875,Application Reopened,2023-05-06T10:52:00Z,wf_task_history,WF-0000012653,USR-023,"[""PF-PERMITAPPLICATION-000875"",""PF-AGENCY-000375"",""PF-CONDITION-000375""]"
PF-PERMITAPPLICATION-000875,Inspection Failed,2023-05-06T11:14:00Z,wf_message_delivery,WF-0000012654,USR-069,"[""PF-PERMITAPPLICATION-000875"",""PF-DOCUMENT-000375""]"
PF-PERMITAPPLICATION-000875,Reinspection Requested,2023-05-06T11:51:00Z,wf_form_submission,WF-0000012655,USR-070,"[""PF-PERMITAPPLICATION-000875"",""PF-REVIEW-000375""]"
PF-PERMITAPPLICATION-000990,Application Reopened,2023-05-06T12:57:00Z,wf_task_history,WF-0000012662,USR-073,"[""PF-PERMITAPPLICATION-000990"",""PF-AGENCY-000490""]"
PF-PERMITAPPLICATION-000975,Completeness Rejected,2023-05-06T15:35:00Z,wf_external_task,WF-0000012669,USR-080,"[""PF-PERMITAPPLICATION-000975"",""PF-OBJECTION-000475""]"
PF-PERMITAPPLICATION-000898,Reinspection Requested,2023-05-06T18:50:00Z,wf_form_submission,WF-0000012689,USR-080,"[""PF-PERMITAPPLICATION-000898"",""PF-REVIEW-000398""]"
PF-PERMITAPPLICATION-000992,Application Reopened,2023-05-06T18:59:00Z,wf_task_history,WF-0000012682,USR-107,"[""PF-PERMITAPPLICATION-000992"",""PF-AGENCY-000492""]"
PF-PERMITAPPLICATION-000901,Inspection Failed,2023-05-06T21:52:00Z,wf_message_delivery,WF-0000012702,USR-003,"[""PF-PERMITAPPLICATION-000901"",""PF-DOCUMENT-000401""]"
PF-PERMITAPPLICATION-000880,Completeness Rejected,2023-05-07T01:00:00Z,wf_external_task,WF-0000012714,USR-116,"[""PF-PERMITAPPLICATION-000880"",""PF-OBJECTION-000380"",""PF-REVIEW-000380""]"
PF-PERMITAPPLICATION-000994,Application Reopened,2023-05-07T01:01:00Z,wf_task_history,WF-0000012707,USR-014,"[""PF-PERMITAPPLICATION-000994"",""PF-AGENCY-000494""]"
PF-PERMITAPPLICATION-000880,Application Reopened,2023-05-07T01:52:00Z,wf_task_history,WF-0000012715,USR-108,"[""PF-PERMITAPPLICATION-000880"",""PF-AGENCY-000380""]"
PF-PERMITAPPLICATION-000880,Inspection Failed,2023-05-07T02:14:00Z,wf_message_delivery,WF-0000012716,USR-027,"[""PF-PERMITAPPLICATION-000880"",""PF-DOCUMENT-000380"",""PF-INSPECTION-000380""]"
PF-PERMITAPPLICATION-000880,Reinspection Requested,2023-05-07T02:51:00Z,wf_form_submission,WF-0000012717,USR-028,"[""PF-PERMITAPPLICATION-000880"",""PF-REVIEW-000380""]"
PF-PERMITAPPLICATION-000996,Application Reopened,2023-05-07T07:03:00Z,wf_task_history,WF-0000012737,USR-048,"[""PF-PERMITAPPLICATION-000996"",""PF-AGENCY-000496"",""PF-CONDITION-000496""]"
PF-PERMITAPPLICATION-000998,Application Reopened,2023-05-07T13:05:00Z,wf_task_history,WF-0000012761,USR-082,"[""PF-PERMITAPPLICATION-000998"",""PF-AGENCY-000498""]"
PF-PERMITAPPLICATION-000885,Completeness Rejected,2023-05-07T16:00:00Z,wf_external_task,WF-0000012776,USR-074,"[""PF-PERMITAPPLICATION-000885"",""PF-OBJECTION-000385"",""PF-REVIEW-000385""]"
PF-PERMITAPPLICATION-000885,Application Reopened,2023-05-07T16:52:00Z,wf_task_history,WF-0000012777,USR-066,"[""PF-PERMITAPPLICATION-000885"",""PF-AGENCY-000385""]"
PF-PERMITAPPLICATION-000885,Inspection Failed,2023-05-07T17:14:00Z,wf_message_delivery,WF-0000012778,USR-112,"[""PF-PERMITAPPLICATION-000885"",""PF-DOCUMENT-000385"",""PF-INSPECTION-000385""]"
PF-PERMITAPPLICATION-000885,Reinspection Requested,2023-05-07T17:51:00Z,wf_form_submission,WF-0000012779,USR-113,"[""PF-PERMITAPPLICATION-000885"",""PF-REVIEW-000385""]"
PF-PERMITAPPLICATION-001000,Application Reopened,2023-05-07T19:07:00Z,wf_task_history,WF-0000012796,USR-116,"[""PF-PERMITAPPLICATION-001000"",""PF-AGENCY-000500""]"
PF-PERMITAPPLICATION-001002,Application Reopened,2023-05-08T00:16:00Z,wf_task_history,WF-0000012812,USR-023,"[""PF-PERMITAPPLICATION-001002"",""PF-AGENCY-000002""]"
PF-PERMITAPPLICATION-001004,Application Reopened,2023-05-08T06:18:00Z,wf_task_history,WF-0000012835,USR-057,"[""PF-PERMITAPPLICATION-001004"",""PF-AGENCY-000004"",""PF-CONDITION-000004""]"
PF-PERMITAPPLICATION-000988,Completeness Rejected,2023-05-08T06:48:00Z,wf_external_task,WF-0000012842,USR-047,"[""PF-PERMITAPPLICATION-000988"",""PF-OBJECTION-000488""]"
PF-PERMITAPPLICATION-000890,Completeness Rejected,2023-05-08T07:00:00Z,wf_external_task,WF-0000012845,USR-032,"[""PF-PERMITAPPLICATION-000890"",""PF-OBJECTION-000390"",""PF-REVIEW-000390""]"
PF-PERMITAPPLICATION-000890,Application Reopened,2023-05-08T07:52:00Z,wf_task_history,WF-0000012846,USR-024,"[""PF-PERMITAPPLICATION-000890"",""PF-AGENCY-000390""]"
PF-PERMITAPPLICATION-000890,Inspection Failed,2023-05-08T08:14:00Z,wf_message_delivery,WF-0000012847,USR-070,"[""PF-PERMITAPPLICATION-000890"",""PF-DOCUMENT-000390"",""PF-INSPECTION-000390""]"
PF-PERMITAPPLICATION-000890,Reinspection Requested,2023-05-08T08:51:00Z,wf_form_submission,WF-0000012848,USR-071,"[""PF-PERMITAPPLICATION-000890"",""PF-REVIEW-000390""]"
PF-PERMITAPPLICATION-001006,Application Reopened,2023-05-08T12:20:00Z,wf_task_history,WF-0000012862,USR-091,"[""PF-PERMITAPPLICATION-001006"",""PF-AGENCY-000006"",""PF-CONDITION-000006""]"
PF-PERMITAPPLICATION-001008,Application Reopened,2023-05-08T18:22:00Z,wf_task_history,WF-0000012887,USR-125,"[""PF-PERMITAPPLICATION-001008"",""PF-AGENCY-000008""]"
PF-PERMITAPPLICATION-000895,Completeness Rejected,2023-05-08T22:00:00Z,wf_external_task,WF-0000012909,USR-117,"[""PF-PERMITAPPLICATION-000895"",""PF-OBJECTION-000395""]"
PF-PERMITAPPLICATION-000895,Application Reopened,2023-05-08T22:52:00Z,wf_task_history,WF-0000012910,USR-109,"[""PF-PERMITAPPLICATION-000895"",""PF-AGENCY-000395"",""PF-CONDITION-000395""]"
PF-PERMITAPPLICATION-000895,Inspection Failed,2023-05-08T23:14:00Z,wf_message_delivery,WF-0000012911,USR-028,"[""PF-PERMITAPPLICATION-000895"",""PF-DOCUMENT-000395""]"
PF-PERMITAPPLICATION-000895,Reinspection Requested,2023-05-08T23:51:00Z,wf_form_submission,WF-0000012912,USR-029,"[""PF-PERMITAPPLICATION-000895"",""PF-REVIEW-000395"",""PF-VIOLATION-000395""]"
PF-PERMITAPPLICATION-001010,Application Reopened,2023-05-09T00:24:00Z,wf_task_history,WF-0000012915,USR-032,"[""PF-PERMITAPPLICATION-001010"",""PF-AGENCY-000010""]"
PF-PERMITAPPLICATION-000920,Inspection Failed,2023-05-09T06:18:00Z,wf_message_delivery,WF-0000012950,USR-072,"[""PF-PERMITAPPLICATION-000920"",""PF-DOCUMENT-000420"",""PF-INSPECTION-000420""]"
PF-PERMITAPPLICATION-001012,Application Reopened,2023-05-09T06:26:00Z,wf_task_history,WF-0000012943,USR-066,"[""PF-PERMITAPPLICATION-001012"",""PF-AGENCY-000012""]"
PF-PERMITAPPLICATION-001014,Application Reopened,2023-05-09T12:28:00Z,wf_task_history,WF-0000012968,USR-100,"[""PF-PERMITAPPLICATION-001014"",""PF-AGENCY-000014"",""PF-CONDITION-000014""]"
PF-PERMITAPPLICATION-000900,Completeness Rejected,2023-05-09T13:00:00Z,wf_external_task,WF-0000012977,USR-075,"[""PF-PERMITAPPLICATION-000900"",""PF-OBJECTION-000400"",""PF-REVIEW-000400""]"
PF-PERMITAPPLICATION-000900,Application Reopened,2023-05-09T13:52:00Z,wf_task_history,WF-0000012978,USR-067,"[""PF-PERMITAPPLICATION-000900"",""PF-AGENCY-000400""]"
PF-PERMITAPPLICATION-000900,Inspection Failed,2023-05-09T14:14:00Z,wf_message_delivery,WF-0000012979,USR-113,"[""PF-PERMITAPPLICATION-000900"",""PF-DOCUMENT-000400"",""PF-INSPECTION-000400""]"
PF-PERMITAPPLICATION-000900,Reinspection Requested,2023-05-09T14:51:00Z,wf_form_submission,WF-0000012980,USR-114,"[""PF-PERMITAPPLICATION-000900"",""PF-REVIEW-000400""]"
PF-PERMITAPPLICATION-000921,Reinspection Requested,2023-05-09T15:20:00Z,wf_form_submission,WF-0000012989,USR-090,"[""PF-PERMITAPPLICATION-000921"",""PF-REVIEW-000421"",""PF-VIOLATION-000421""]"
PF-PERMITAPPLICATION-001016,Application Reopened,2023-05-09T18:30:00Z,wf_task_history,WF-0000012995,USR-007,"[""PF-PERMITAPPLICATION-001016"",""PF-AGENCY-000016"",""PF-CONDITION-000016""]"
PF-PERMITAPPLICATION-001001,Completeness Rejected,2023-05-09T21:08:00Z,wf_external_task,WF-0000013006,USR-014,"[""PF-PERMITAPPLICATION-001001"",""PF-OBJECTION-000001"",""PF-REVIEW-000001""]"
PF-PERMITAPPLICATION-001018,Application Reopened,2023-05-10T00:32:00Z,wf_task_history,WF-0000013019,USR-041,"[""PF-PERMITAPPLICATION-001018"",""PF-AGENCY-000018"",""PF-CONDITION-000018""]"
PF-PERMITAPPLICATION-000905,Completeness Rejected,2023-05-10T04:00:00Z,wf_external_task,WF-0000013039,USR-033,"[""PF-PERMITAPPLICATION-000905"",""PF-OBJECTION-000405""]"
PF-PERMITAPPLICATION-000905,Application Reopened,2023-05-10T04:52:00Z,wf_task_history,WF-0000013040,USR-025,"[""PF-PERMITAPPLICATION-000905"",""PF-AGENCY-000405"",""PF-CONDITION-000405""]"
PF-PERMITAPPLICATION-000905,Inspection Failed,2023-05-10T05:14:00Z,wf_message_delivery,WF-0000013041,USR-071,"[""PF-PERMITAPPLICATION-000905"",""PF-DOCUMENT-000405""]"
PF-PERMITAPPLICATION-000905,Reinspection Requested,2023-05-10T05:51:00Z,wf_form_submission,WF-0000013042,USR-072,"[""PF-PERMITAPPLICATION-000905"",""PF-REVIEW-000405"",""PF-VIOLATION-000405""]"
PF-PERMITAPPLICATION-001020,Application Reopened,2023-05-10T06:34:00Z,wf_task_history,WF-0000013046,USR-075,"[""PF-PERMITAPPLICATION-001020"",""PF-AGENCY-000020""]"
PF-PERMITAPPLICATION-001022,Application Reopened,2023-05-10T12:36:00Z,wf_task_history,WF-0000013070,USR-109,"[""PF-PERMITAPPLICATION-001022"",""PF-AGENCY-000022""]"
PF-PERMITAPPLICATION-001024,Application Reopened,2023-05-10T18:38:00Z,wf_task_history,WF-0000013098,USR-016,"[""PF-PERMITAPPLICATION-001024"",""PF-AGENCY-000024"",""PF-CONDITION-000024""]"
PF-PERMITAPPLICATION-000910,Completeness Rejected,2023-05-10T19:00:00Z,wf_external_task,WF-0000013106,USR-118,"[""PF-PERMITAPPLICATION-000910"",""PF-OBJECTION-000410""]"
PF-PERMITAPPLICATION-000910,Application Reopened,2023-05-10T19:52:00Z,wf_task_history,WF-0000013107,USR-110,"[""PF-PERMITAPPLICATION-000910"",""PF-AGENCY-000410"",""PF-CONDITION-000410""]"
PF-PERMITAPPLICATION-000910,Inspection Failed,2023-05-10T20:14:00Z,wf_message_delivery,WF-0000013108,USR-029,"[""PF-PERMITAPPLICATION-000910"",""PF-DOCUMENT-000410""]"
PF-PERMITAPPLICATION-000910,Reinspection Requested,2023-05-10T20:51:00Z,wf_form_submission,WF-0000013109,USR-030,"[""PF-PERMITAPPLICATION-000910"",""PF-REVIEW-000410""]"
PF-PERMITAPPLICATION-001026,Application Reopened,2023-05-11T00:40:00Z,wf_task_history,WF-0000013126,USR-050,"[""PF-PERMITAPPLICATION-001026"",""PF-AGENCY-000026"",""PF-CONDITION-000026""]"
PF-PERMITAPPLICATION-001028,Application Reopened,2023-05-11T06:42:00Z,wf_task_history,WF-0000013150,USR-084,"[""PF-PERMITAPPLICATION-001028"",""PF-AGENCY-000028""]"
PF-PERMITAPPLICATION-000915,Completeness Rejected,2023-05-11T10:00:00Z,wf_external_task,WF-0000013170,USR-076,"[""PF-PERMITAPPLICATION-000915"",""PF-OBJECTION-000415""]"
PF-PERMITAPPLICATION-000915,Application Reopened,2023-05-11T10:52:00Z,wf_task_history,WF-0000013171,USR-068,"[""PF-PERMITAPPLICATION-000915"",""PF-AGENCY-000415"",""PF-CONDITION-000415""]"
PF-PERMITAPPLICATION-000915,Inspection Failed,2023-05-11T11:14:00Z,wf_message_delivery,WF-0000013172,USR-114,"[""PF-PERMITAPPLICATION-000915"",""PF-DOCUMENT-000415""]"
PF-PERMITAPPLICATION-000915,Reinspection Requested,2023-05-11T11:51:00Z,wf_form_submission,WF-0000013173,USR-115,"[""PF-PERMITAPPLICATION-000915"",""PF-REVIEW-000415""]"
PF-PERMITAPPLICATION-001014,Completeness Rejected,2023-05-11T12:21:00Z,wf_external_task,WF-0000013176,USR-108,"[""PF-PERMITAPPLICATION-001014"",""PF-OBJECTION-000014""]"
PF-PERMITAPPLICATION-001030,Application Reopened,2023-05-11T12:44:00Z,wf_task_history,WF-0000013179,USR-118,"[""PF-PERMITAPPLICATION-001030"",""PF-AGENCY-000030""]"
PF-PERMITAPPLICATION-000939,Inspection Failed,2023-05-11T15:37:00Z,wf_message_delivery,WF-0000013198,USR-014,"[""PF-PERMITAPPLICATION-000939"",""PF-DOCUMENT-000439"",""PF-INSPECTION-000439""]"
PF-PERMITAPPLICATION-001032,Application Reopened,2023-05-11T18:46:00Z,wf_task_history,WF-0000013202,USR-025,"[""PF-PERMITAPPLICATION-001032"",""PF-AGENCY-000032"",""PF-CONDITION-000032""]"
PF-PERMITAPPLICATION-001034,Application Reopened,2023-05-12T00:48:00Z,wf_task_history,WF-0000013229,USR-059,"[""PF-PERMITAPPLICATION-001034"",""PF-AGENCY-000034"",""PF-CONDITION-000034""]"
PF-PERMITAPPLICATION-000920,Completeness Rejected,2023-05-12T01:00:00Z,wf_external_task,WF-0000013237,USR-034,"[""PF-PERMITAPPLICATION-000920"",""PF-OBJECTION-000420"",""PF-REVIEW-000420""]"
PF-PERMITAPPLICATION-000920,Application Reopened,2023-05-12T01:52:00Z,wf_task_history,WF-0000013238,USR-026,"[""PF-PERMITAPPLICATION-000920"",""PF-AGENCY-000420""]"
PF-PERMITAPPLICATION-000920,Inspection Failed,2023-05-12T02:14:00Z,wf_message_delivery,WF-0000013239,USR-072,"[""PF-PERMITAPPLICATION-000920"",""PF-DOCUMENT-000420"",""PF-INSPECTION-000420""]"
PF-PERMITAPPLICATION-000920,Reinspection Requested,2023-05-12T02:51:00Z,wf_form_submission,WF-0000013240,USR-073,"[""PF-PERMITAPPLICATION-000920"",""PF-REVIEW-000420""]"
PF-PERMITAPPLICATION-001036,Application Reopened,2023-05-12T06:50:00Z,wf_task_history,WF-0000013258,USR-093,"[""PF-PERMITAPPLICATION-001036"",""PF-AGENCY-000036"",""PF-CONDITION-000036""]"
PF-PERMITAPPLICATION-000944,Reinspection Requested,2023-05-12T12:43:00Z,wf_form_submission,WF-0000013289,USR-100,"[""PF-PERMITAPPLICATION-000944"",""PF-REVIEW-000444""]"
PF-PERMITAPPLICATION-001038,Application Reopened,2023-05-12T12:52:00Z,wf_task_history,WF-0000013283,USR-127,"[""PF-PERMITAPPLICATION-001038"",""PF-AGENCY-000038""]"
PF-PERMITAPPLICATION-000925,Completeness Rejected,2023-05-12T16:00:00Z,wf_external_task,WF-0000013303,USR-119,"[""PF-PERMITAPPLICATION-000925"",""PF-OBJECTION-000425""]"
PF-PERMITAPPLICATION-000925,Application Reopened,2023-05-12T16:52:00Z,wf_task_history,WF-0000013304,USR-111,"[""PF-PERMITAPPLICATION-000925"",""PF-AGENCY-000425"",""PF-CONDITION-000425""]"
PF-PERMITAPPLICATION-000925,Inspection Failed,2023-05-12T17:14:00Z,wf_message_delivery,WF-0000013305,USR-030,"[""PF-PERMITAPPLICATION-000925"",""PF-DOCUMENT-000425""]"
PF-PERMITAPPLICATION-000925,Reinspection Requested,2023-05-12T17:51:00Z,wf_form_submission,WF-0000013306,USR-031,"[""PF-PERMITAPPLICATION-000925"",""PF-REVIEW-000425"",""PF-VIOLATION-000425""]"
PF-PERMITAPPLICATION-001040,Application Reopened,2023-05-12T18:54:00Z,wf_task_history,WF-0000013310,USR-034,"[""PF-PERMITAPPLICATION-001040"",""PF-AGENCY-000040"",""PF-CONDITION-000040""]"
PF-PERMITAPPLICATION-001042,Application Reopened,2023-05-13T00:56:00Z,wf_task_history,WF-0000013331,USR-068,"[""PF-PERMITAPPLICATION-001042"",""PF-AGENCY-000042"",""PF-CONDITION-000042""]"
PF-PERMITAPPLICATION-001027,Completeness Rejected,2023-05-13T03:34:00Z,wf_external_task,WF-0000013343,USR-075,"[""PF-PERMITAPPLICATION-001027"",""PF-OBJECTION-000027""]"
PF-PERMITAPPLICATION-001044,Application Reopened,2023-05-13T06:58:00Z,wf_task_history,WF-0000013362,USR-102,"[""PF-PERMITAPPLICATION-001044"",""PF-AGENCY-000044""]"
PF-PERMITAPPLICATION-000930,Completeness Rejected,2023-05-13T07:00:00Z,wf_external_task,WF-0000013370,USR-077,"[""PF-PERMITAPPLICATION-000930"",""PF-OBJECTION-000430"",""PF-REVIEW-000430""]"
PF-PERMITAPPLICATION-000930,Application Reopened,2023-05-13T07:52:00Z,wf_task_history,WF-0000013371,USR-069,"[""PF-PERMITAPPLICATION-000930"",""PF-AGENCY-000430""]"
PF-PERMITAPPLICATION-000930,Inspection Failed,2023-05-13T08:14:00Z,wf_message_delivery,WF-0000013372,USR-115,"[""PF-PERMITAPPLICATION-000930"",""PF-DOCUMENT-000430"",""PF-INSPECTION-000430""]"
PF-PERMITAPPLICATION-000930,Reinspection Requested,2023-05-13T08:51:00Z,wf_form_submission,WF-0000013373,USR-116,"[""PF-PERMITAPPLICATION-000930"",""PF-REVIEW-000430""]"
PF-PERMITAPPLICATION-001046,Application Reopened,2023-05-13T13:00:00Z,wf_task_history,WF-0000013391,USR-009,"[""PF-PERMITAPPLICATION-001046"",""PF-AGENCY-000046"",""PF-CONDITION-000046""]"
PF-PERMITAPPLICATION-001048,Application Reopened,2023-05-13T19:02:00Z,wf_task_history,WF-0000013414,USR-043,"[""PF-PERMITAPPLICATION-001048"",""PF-AGENCY-000048""]"
PF-PERMITAPPLICATION-000935,Completeness Rejected,2023-05-13T22:00:00Z,wf_external_task,WF-0000013431,USR-035,"[""PF-PERMITAPPLICATION-000935"",""PF-OBJECTION-000435""]"
PF-PERMITAPPLICATION-000935,Application Reopened,2023-05-13T22:52:00Z,wf_task_history,WF-0000013432,USR-027,"[""PF-PERMITAPPLICATION-000935"",""PF-AGENCY-000435"",""PF-CONDITION-000435""]"
PF-PERMITAPPLICATION-000935,Inspection Failed,2023-05-13T23:14:00Z,wf_message_delivery,WF-0000013433,USR-073,"[""PF-PERMITAPPLICATION-000935"",""PF-DOCUMENT-000435""]"
PF-PERMITAPPLICATION-000935,Reinspection Requested,2023-05-13T23:51:00Z,wf_form_submission,WF-0000013434,USR-074,"[""PF-PERMITAPPLICATION-000935"",""PF-REVIEW-000435""]"
PF-PERMITAPPLICATION-000958,Inspection Failed,2023-05-14T00:03:00Z,wf_message_delivery,WF-0000013438,USR-083,"[""PF-PERMITAPPLICATION-000958"",""PF-DOCUMENT-000458""]"
PF-PERMITAPPLICATION-001050,Application Reopened,2023-05-14T01:04:00Z,wf_task_history,WF-0000013446,USR-077,"[""PF-PERMITAPPLICATION-001050"",""PF-AGENCY-000050"",""PF-CONDITION-000050""]"
PF-PERMITAPPLICATION-001052,Application Reopened,2023-05-14T07:06:00Z,wf_task_history,WF-0000013469,USR-111,"[""PF-PERMITAPPLICATION-001052"",""PF-AGENCY-000052""]"
PF-PERMITAPPLICATION-001054,Application Reopened,2023-05-14T12:15:00Z,wf_task_history,WF-0000013483,USR-018,"[""PF-PERMITAPPLICATION-001054"",""PF-AGENCY-000054""]"
PF-PERMITAPPLICATION-000940,Completeness Rejected,2023-05-14T13:00:00Z,wf_external_task,WF-0000013495,USR-120,"[""PF-PERMITAPPLICATION-000940"",""PF-OBJECTION-000440"",""PF-REVIEW-000440""]"
PF-PERMITAPPLICATION-000940,Application Reopened,2023-05-14T13:52:00Z,wf_task_history,WF-0000013496,USR-112,"[""PF-PERMITAPPLICATION-000940"",""PF-AGENCY-000440""]"
PF-PERMITAPPLICATION-000940,Inspection Failed,2023-05-14T14:14:00Z,wf_message_delivery,WF-0000013497,USR-031,"[""PF-PERMITAPPLICATION-000940"",""PF-DOCUMENT-000440"",""PF-INSPECTION-000440""]"
PF-PERMITAPPLICATION-000940,Reinspection Requested,2023-05-14T14:51:00Z,wf_form_submission,WF-0000013498,USR-032,"[""PF-PERMITAPPLICATION-000940"",""PF-REVIEW-000440""]"
PF-PERMITAPPLICATION-001056,Application Reopened,2023-05-14T18:17:00Z,wf_task_history,WF-0000013517,USR-052,"[""PF-PERMITAPPLICATION-001056"",""PF-AGENCY-000056"",""PF-CONDITION-000056""]"
PF-PERMITAPPLICATION-001040,Completeness Rejected,2023-05-14T18:47:00Z,wf_external_task,WF-0000013526,USR-042,"[""PF-PERMITAPPLICATION-001040"",""PF-OBJECTION-000040"",""PF-REVIEW-000040""]"
PF-PERMITAPPLICATION-001058,Application Reopened,2023-05-15T00:19:00Z,wf_task_history,WF-0000013541,USR-086,"[""PF-PERMITAPPLICATION-001058"",""PF-AGENCY-000058"",""PF-CONDITION-000058""]"
PF-PERMITAPPLICATION-000945,Completeness Rejected,2023-05-15T04:00:00Z,wf_external_task,WF-0000013564,USR-078,"[""PF-PERMITAPPLICATION-000945"",""PF-OBJECTION-000445""]"
PF-PERMITAPPLICATION-000945,Application Reopened,2023-05-15T04:52:00Z,wf_task_history,WF-0000013565,USR-070,"[""PF-PERMITAPPLICATION-000945"",""PF-AGENCY-000445"",""PF-CONDITION-000445""]"
PF-PERMITAPPLICATION-000945,Inspection Failed,2023-05-15T05:14:00Z,wf_message_delivery,WF-0000013566,USR-116,"[""PF-PERMITAPPLICATION-000945"",""PF-DOCUMENT-000445""]"
PF-PERMITAPPLICATION-000945,Reinspection Requested,2023-05-15T05:51:00Z,wf_form_submission,WF-0000013567,USR-117,"[""PF-PERMITAPPLICATION-000945"",""PF-REVIEW-000445""]"
PF-PERMITAPPLICATION-001060,Application Reopened,2023-05-15T06:21:00Z,wf_task_history,WF-0000013571,USR-120,"[""PF-PERMITAPPLICATION-001060"",""PF-AGENCY-000060""]"
PF-PERMITAPPLICATION-000967,Reinspection Requested,2023-05-15T09:13:00Z,wf_form_submission,WF-0000013586,USR-110,"[""PF-PERMITAPPLICATION-000967"",""PF-REVIEW-000467""]"
PF-PERMITAPPLICATION-001062,Application Reopened,2023-05-15T12:23:00Z,wf_task_history,WF-0000013592,USR-027,"[""PF-PERMITAPPLICATION-001062"",""PF-AGENCY-000062""]"
PF-PERMITAPPLICATION-001064,Application Reopened,2023-05-15T18:25:00Z,wf_task_history,WF-0000013618,USR-061,"[""PF-PERMITAPPLICATION-001064"",""PF-AGENCY-000064""]"
PF-PERMITAPPLICATION-000950,Completeness Rejected,2023-05-15T19:00:00Z,wf_external_task,WF-0000013626,USR-036,"[""PF-PERMITAPPLICATION-000950"",""PF-OBJECTION-000450""]"
PF-PERMITAPPLICATION-000950,Application Reopened,2023-05-15T19:52:00Z,wf_task_history,WF-0000013627,USR-028,"[""PF-PERMITAPPLICATION-000950"",""PF-AGENCY-000450"",""PF-CONDITION-000450""]"
PF-PERMITAPPLICATION-000950,Inspection Failed,2023-05-15T20:14:00Z,wf_message_delivery,WF-0000013628,USR-074,"[""PF-PERMITAPPLICATION-000950"",""PF-DOCUMENT-000450""]"
PF-PERMITAPPLICATION-000950,Reinspection Requested,2023-05-15T20:51:00Z,wf_form_submission,WF-0000013629,USR-075,"[""PF-PERMITAPPLICATION-000950"",""PF-REVIEW-000450""]"
PF-PERMITAPPLICATION-001066,Application Reopened,2023-05-16T00:27:00Z,wf_task_history,WF-0000013647,USR-095,"[""PF-PERMITAPPLICATION-001066"",""PF-AGENCY-000066""]"
PF-PERMITAPPLICATION-001068,Application Reopened,2023-05-16T06:29:00Z,wf_task_history,WF-0000013675,USR-002,"[""PF-PERMITAPPLICATION-001068"",""PF-AGENCY-000068""]"
PF-PERMITAPPLICATION-001053,Completeness Rejected,2023-05-16T09:07:00Z,wf_external_task,WF-0000013683,USR-009,"[""PF-PERMITAPPLICATION-001053"",""PF-OBJECTION-000053""]"
PF-PERMITAPPLICATION-000977,Inspection Failed,2023-05-16T09:22:00Z,wf_message_delivery,WF-0000013694,USR-025,"[""PF-PERMITAPPLICATION-000977"",""PF-DOCUMENT-000477""]"
PF-PERMITAPPLICATION-000955,Completeness Rejected,2023-05-16T10:00:00Z,wf_external_task,WF-0000013696,USR-121,"[""PF-PERMITAPPLICATION-000955"",""PF-OBJECTION-000455"",""PF-REVIEW-000455""]"
PF-PERMITAPPLICATION-000955,Application Reopened,2023-05-16T10:52:00Z,wf_task_history,WF-0000013697,USR-113,"[""PF-PERMITAPPLICATION-000955"",""PF-AGENCY-000455""]"
PF-PERMITAPPLICATION-000955,Inspection Failed,2023-05-16T11:14:00Z,wf_message_delivery,WF-0000013698,USR-032,"[""PF-PERMITAPPLICATION-000955"",""PF-DOCUMENT-000455"",""PF-INSPECTION-000455""]"
PF-PERMITAPPLICATION-000955,Reinspection Requested,2023-05-16T11:51:00Z,wf_form_submission,WF-0000013699,USR-033,"[""PF-PERMITAPPLICATION-000955"",""PF-REVIEW-000455""]"
PF-PERMITAPPLICATION-001070,Application Reopened,2023-05-16T12:31:00Z,wf_task_history,WF-0000013702,USR-036,"[""PF-PERMITAPPLICATION-001070"",""PF-AGENCY-000070""]"
PF-PERMITAPPLICATION-001072,Application Reopened,2023-05-16T18:33:00Z,wf_task_history,WF-0000013725,USR-070,"[""PF-PERMITAPPLICATION-001072"",""PF-AGENCY-000072"",""PF-CONDITION-000072""]"
PF-PERMITAPPLICATION-001074,Application Reopened,2023-05-17T00:35:00Z,wf_task_history,WF-0000013749,USR-104,"[""PF-PERMITAPPLICATION-001074"",""PF-AGENCY-000074"",""PF-CONDITION-000074""]"
PF-PERMITAPPLICATION-000960,Completeness Rejected,2023-05-17T01:00:00Z,wf_external_task,WF-0000013757,USR-079,"[""PF-PERMITAPPLICATION-000960"",""PF-OBJECTION-000460""]"
PF-PERMITAPPLICATION-000960,Application Reopened,2023-05-17T01:52:00Z,wf_task_history,WF-0000013758,USR-071,"[""PF-PERMITAPPLICATION-000960"",""PF-AGENCY-000460"",""PF-CONDITION-000460""]"
PF-PERMITAPPLICATION-000960,Inspection Failed,2023-05-17T02:14:00Z,wf_message_delivery,WF-0000013759,USR-117,"[""PF-PERMITAPPLICATION-000960"",""PF-DOCUMENT-000460""]"
PF-PERMITAPPLICATION-000960,Reinspection Requested,2023-05-17T02:51:00Z,wf_form_submission,WF-0000013760,USR-118,"[""PF-PERMITAPPLICATION-000960"",""PF-REVIEW-000460"",""PF-VIOLATION-000460""]"
PF-PERMITAPPLICATION-001076,Application Reopened,2023-05-17T06:37:00Z,wf_task_history,WF-0000013775,USR-011,"[""PF-PERMITAPPLICATION-001076"",""PF-AGENCY-000076"",""PF-CONDITION-000076""]"
PF-PERMITAPPLICATION-001078,Application Reopened,2023-05-17T12:39:00Z,wf_task_history,WF-0000013806,USR-045,"[""PF-PERMITAPPLICATION-001078"",""PF-AGENCY-000078""]"
PF-PERMITAPPLICATION-000965,Completeness Rejected,2023-05-17T16:00:00Z,wf_external_task,WF-0000013826,USR-037,"[""PF-PERMITAPPLICATION-000965"",""PF-OBJECTION-000465""]"
PF-PERMITAPPLICATION-000965,Application Reopened,2023-05-17T16:52:00Z,wf_task_history,WF-0000013827,USR-029,"[""PF-PERMITAPPLICATION-000965"",""PF-AGENCY-000465""]"
PF-PERMITAPPLICATION-000965,Inspection Failed,2023-05-17T17:14:00Z,wf_message_delivery,WF-0000013828,USR-075,"[""PF-PERMITAPPLICATION-000965"",""PF-DOCUMENT-000465""]"
PF-PERMITAPPLICATION-000965,Reinspection Requested,2023-05-17T17:51:00Z,wf_form_submission,WF-0000013829,USR-076,"[""PF-PERMITAPPLICATION-000965"",""PF-REVIEW-000465"",""PF-VIOLATION-000465""]"
PF-PERMITAPPLICATION-001080,Application Reopened,2023-05-17T18:41:00Z,wf_task_history,WF-0000013833,USR-079,"[""PF-PERMITAPPLICATION-001080"",""PF-AGENCY-000080"",""PF-CONDITION-000080""]"
PF-PERMITAPPLICATION-001066,Completeness Rejected,2023-05-18T00:20:00Z,wf_external_task,WF-0000013855,USR-103,"[""PF-PERMITAPPLICATION-001066"",""PF-OBJECTION-000066""]"
PF-PERMITAPPLICATION-001082,Application Reopened,2023-05-18T00:43:00Z,wf_task_history,WF-0000013858,USR-113,"[""PF-PERMITAPPLICATION-001082"",""PF-AGENCY-000082""]"
PF-PERMITAPPLICATION-000990,Reinspection Requested,2023-05-18T06:36:00Z,wf_form_submission,WF-0000013886,USR-120,"[""PF-PERMITAPPLICATION-000990"",""PF-REVIEW-000490""]"
PF-PERMITAPPLICATION-001084,Application Reopened,2023-05-18T06:45:00Z,wf_task_history,WF-0000013880,USR-020,"[""PF-PERMITAPPLICATION-001084"",""PF-AGENCY-000084""]"
PF-PERMITAPPLICATION-000970,Completeness Rejected,2023-05-18T07:00:00Z,wf_external_task,WF-0000013890,USR-122,"[""PF-PERMITAPPLICATION-000970"",""PF-OBJECTION-000470"",""PF-REVIEW-000470""]"
PF-PERMITAPPLICATION-000970,Application Reopened,2023-05-18T07:52:00Z,wf_task_history,WF-0000013891,USR-114,"[""PF-PERMITAPPLICATION-000970"",""PF-AGENCY-000470""]"
PF-PERMITAPPLICATION-000970,Inspection Failed,2023-05-18T08:14:00Z,wf_message_delivery,WF-0000013892,USR-033,"[""PF-PERMITAPPLICATION-000970"",""PF-DOCUMENT-000470"",""PF-INSPECTION-000470""]"
PF-PERMITAPPLICATION-000970,Reinspection Requested,2023-05-18T08:51:00Z,wf_form_submission,WF-0000013893,USR-034,"[""PF-PERMITAPPLICATION-000970"",""PF-REVIEW-000470""]"
PF-PERMITAPPLICATION-001086,Application Reopened,2023-05-18T12:47:00Z,wf_task_history,WF-0000013908,USR-054,"[""PF-PERMITAPPLICATION-001086"",""PF-AGENCY-000086"",""PF-CONDITION-000086""]"
PF-PERMITAPPLICATION-000996,Inspection Failed,2023-05-18T18:41:00Z,wf_message_delivery,WF-0000013944,USR-094,"[""PF-PERMITAPPLICATION-000996"",""PF-DOCUMENT-000496""]"
PF-PERMITAPPLICATION-001088,Application Reopened,2023-05-18T18:49:00Z,wf_task_history,WF-0000013935,USR-088,"[""PF-PERMITAPPLICATION-001088"",""PF-AGENCY-000088"",""PF-CONDITION-000088""]"
PF-PERMITAPPLICATION-000975,Completeness Rejected,2023-05-18T22:00:00Z,wf_external_task,WF-0000013958,USR-080,"[""PF-PERMITAPPLICATION-000975"",""PF-OBJECTION-000475"",""PF-REVIEW-000475""]"
PF-PERMITAPPLICATION-000975,Application Reopened,2023-05-18T22:52:00Z,wf_task_history,WF-0000013959,USR-072,"[""PF-PERMITAPPLICATION-000975"",""PF-AGENCY-000475""]"
PF-PERMITAPPLICATION-000975,Inspection Failed,2023-05-18T23:14:00Z,wf_message_delivery,WF-0000013960,USR-118,"[""PF-PERMITAPPLICATION-000975"",""PF-DOCUMENT-000475"",""PF-INSPECTION-000475""]"
PF-PERMITAPPLICATION-000975,Reinspection Requested,2023-05-18T23:51:00Z,wf_form_submission,WF-0000013961,USR-119,"[""PF-PERMITAPPLICATION-000975"",""PF-REVIEW-000475""]"
PF-PERMITAPPLICATION-001090,Application Reopened,2023-05-19T00:51:00Z,wf_task_history,WF-0000013965,USR-122,"[""PF-PERMITAPPLICATION-001090"",""PF-AGENCY-000090""]"
PF-PERMITAPPLICATION-001092,Application Reopened,2023-05-19T06:53:00Z,wf_task_history,WF-0000013989,USR-029,"[""PF-PERMITAPPLICATION-001092"",""PF-AGENCY-000092""]"
PF-PERMITAPPLICATION-001094,Application Reopened,2023-05-19T12:55:00Z,wf_task_history,WF-0000014012,USR-063,"[""PF-PERMITAPPLICATION-001094"",""PF-AGENCY-000094"",""PF-CONDITION-000094""]"
PF-PERMITAPPLICATION-000980,Completeness Rejected,2023-05-19T13:00:00Z,wf_external_task,WF-0000014019,USR-038,"[""PF-PERMITAPPLICATION-000980"",""PF-OBJECTION-000480""]"
PF-PERMITAPPLICATION-000980,Application Reopened,2023-05-19T13:52:00Z,wf_task_history,WF-0000014020,USR-030,"[""PF-PERMITAPPLICATION-000980"",""PF-AGENCY-000480"",""PF-CONDITION-000480""]"
PF-PERMITAPPLICATION-000980,Inspection Failed,2023-05-19T14:14:00Z,wf_message_delivery,WF-0000014021,USR-076,"[""PF-PERMITAPPLICATION-000980"",""PF-DOCUMENT-000480""]"
PF-PERMITAPPLICATION-000980,Reinspection Requested,2023-05-19T14:51:00Z,wf_form_submission,WF-0000014022,USR-077,"[""PF-PERMITAPPLICATION-000980"",""PF-REVIEW-000480"",""PF-VIOLATION-000480""]"
PF-PERMITAPPLICATION-001079,Completeness Rejected,2023-05-19T15:33:00Z,wf_external_task,WF-0000014024,USR-070,"[""PF-PERMITAPPLICATION-001079"",""PF-OBJECTION-000079"",""PF-REVIEW-000079""]"
PF-PERMITAPPLICATION-001096,Application Reopened,2023-05-19T18:57:00Z,wf_task_history,WF-0000014039,USR-097,"[""PF-PERMITAPPLICATION-001096"",""PF-AGENCY-000096"",""PF-CONDITION-000096""]"
PF-PERMITAPPLICATION-001098,Application Reopened,2023-05-20T00:59:00Z,wf_task_history,WF-0000014062,USR-004,"[""PF-PERMITAPPLICATION-001098"",""PF-AGENCY-000098""]"
PF-PERMITAPPLICATION-000985,Completeness Rejected,2023-05-20T04:00:00Z,wf_external_task,WF-0000014086,USR-123,"[""PF-PERMITAPPLICATION-000985"",""PF-OBJECTION-000485"",""PF-REVIEW-000485""]"
PF-PERMITAPPLICATION-000985,Application Reopened,2023-05-20T04:52:00Z,wf_task_history,WF-0000014087,USR-115,"[""PF-PERMITAPPLICATION-000985"",""PF-AGENCY-000485""]"
PF-PERMITAPPLICATION-000985,Inspection Failed,2023-05-20T05:14:00Z,wf_message_delivery,WF-0000014088,USR-034,"[""PF-PERMITAPPLICATION-000985"",""PF-DOCUMENT-000485"",""PF-INSPECTION-000485""]"
PF-PERMITAPPLICATION-000985,Reinspection Requested,2023-05-20T05:51:00Z,wf_form_submission,WF-0000014089,USR-035,"[""PF-PERMITAPPLICATION-000985"",""PF-REVIEW-000485""]"
PF-PERMITAPPLICATION-001100,Application Reopened,2023-05-20T07:01:00Z,wf_task_history,WF-0000014099,USR-038,"[""PF-PERMITAPPLICATION-001100"",""PF-AGENCY-000100"",""PF-CONDITION-000100""]"
PF-PERMITAPPLICATION-001102,Application Reopened,2023-05-20T13:03:00Z,wf_task_history,WF-0000014123,USR-072,"[""PF-PERMITAPPLICATION-001102"",""PF-AGENCY-000102"",""PF-CONDITION-000102""]"
PF-PERMITAPPLICATION-000990,Completeness Rejected,2023-05-20T19:00:00Z,wf_external_task,WF-0000014150,USR-081,"[""PF-PERMITAPPLICATION-000990"",""PF-OBJECTION-000490"",""PF-REVIEW-000490""]"
PF-PERMITAPPLICATION-001104,Application Reopened,2023-05-20T19:05:00Z,wf_task_history,WF-0000014146,USR-106,"[""PF-PERMITAPPLICATION-001104"",""PF-AGENCY-000104""]"
PF-PERMITAPPLICATION-000990,Application Reopened,2023-05-20T19:52:00Z,wf_task_history,WF-0000014151,USR-073,"[""PF-PERMITAPPLICATION-000990"",""PF-AGENCY-000490""]"
PF-PERMITAPPLICATION-000990,Inspection Failed,2023-05-20T20:14:00Z,wf_message_delivery,WF-0000014152,USR-119,"[""PF-PERMITAPPLICATION-000990"",""PF-DOCUMENT-000490"",""PF-INSPECTION-000490""]"
PF-PERMITAPPLICATION-000990,Reinspection Requested,2023-05-20T20:51:00Z,wf_form_submission,WF-0000014153,USR-120,"[""PF-PERMITAPPLICATION-000990"",""PF-REVIEW-000490""]"
PF-PERMITAPPLICATION-001106,Application Reopened,2023-05-21T01:07:00Z,wf_task_history,WF-0000014177,USR-013,"[""PF-PERMITAPPLICATION-001106"",""PF-AGENCY-000106""]"
PF-PERMITAPPLICATION-001013,Reinspection Requested,2023-05-21T03:06:00Z,wf_form_submission,WF-0000014184,USR-003,"[""PF-PERMITAPPLICATION-001013"",""PF-REVIEW-000013"",""PF-VIOLATION-000013""]"
PF-PERMITAPPLICATION-001015,Inspection Failed,2023-05-21T03:07:00Z,wf_message_delivery,WF-0000014186,USR-036,"[""PF-PERMITAPPLICATION-001015"",""PF-DOCUMENT-000015"",""PF-INSPECTION-000015""]"
PF-PERMITAPPLICATION-001108,Application Reopened,2023-05-21T06:16:00Z,wf_task_history,WF-0000014192,USR-047,"[""PF-PERMITAPPLICATION-001108"",""PF-AGENCY-000108""]"
PF-PERMITAPPLICATION-001092,Completeness Rejected,2023-05-21T06:46:00Z,wf_external_task,WF-0000014200,USR-037,"[""PF-PERMITAPPLICATION-001092"",""PF-OBJECTION-000092""]"
PF-PERMITAPPLICATION-000995,Completeness Rejected,2023-05-21T10:00:00Z,wf_external_task,WF-0000014213,USR-039,"[""PF-PERMITAPPLICATION-000995"",""PF-OBJECTION-000495""]"
PF-PERMITAPPLICATION-000995,Application Reopened,2023-05-21T10:52:00Z,wf_task_history,WF-0000014214,USR-031,"[""PF-PERMITAPPLICATION-000995"",""PF-AGENCY-000495""]"
PF-PERMITAPPLICATION-000995,Inspection Failed,2023-05-21T11:14:00Z,wf_message_delivery,WF-0000014215,USR-077,"[""PF-PERMITAPPLICATION-000995"",""PF-DOCUMENT-000495""]"
PF-PERMITAPPLICATION-000995,Reinspection Requested,2023-05-21T11:51:00Z,wf_form_submission,WF-0000014216,USR-078,"[""PF-PERMITAPPLICATION-000995"",""PF-REVIEW-000495"",""PF-VIOLATION-000495""]"
PF-PERMITAPPLICATION-001110,Application Reopened,2023-05-21T12:18:00Z,wf_task_history,WF-0000014218,USR-081,"[""PF-PERMITAPPLICATION-001110"",""PF-AGENCY-000110""]"
PF-PERMITAPPLICATION-001112,Application Reopened,2023-05-21T18:20:00Z,wf_task_history,WF-0000014248,USR-115,"[""PF-PERMITAPPLICATION-001112"",""PF-AGENCY-000112"",""PF-CONDITION-000112""]"
PF-PERMITAPPLICATION-001114,Application Reopened,2023-05-22T00:22:00Z,wf_task_history,WF-0000014274,USR-022,"[""PF-PERMITAPPLICATION-001114"",""PF-AGENCY-000114""]"
PF-PERMITAPPLICATION-001000,Completeness Rejected,2023-05-22T01:00:00Z,wf_external_task,WF-0000014283,USR-124,"[""PF-PERMITAPPLICATION-001000"",""PF-OBJECTION-000500""]"
PF-PERMITAPPLICATION-001000,Application Reopened,2023-05-22T01:52:00Z,wf_task_history,WF-0000014284,USR-116,"[""PF-PERMITAPPLICATION-001000"",""PF-AGENCY-000500"",""PF-CONDITION-000500""]"
PF-PERMITAPPLICATION-001000,Inspection Failed,2023-05-22T02:14:00Z,wf_message_delivery,WF-0000014285,USR-035,"[""PF-PERMITAPPLICATION-001000"",""PF-DOCUMENT-000500""]"
PF-PERMITAPPLICATION-001000,Reinspection Requested,2023-05-22T02:51:00Z,wf_form_submission,WF-0000014286,USR-036,"[""PF-PERMITAPPLICATION-001000"",""PF-REVIEW-000500""]"
PF-PERMITAPPLICATION-001116,Application Reopened,2023-05-22T06:24:00Z,wf_task_history,WF-0000014303,USR-056,"[""PF-PERMITAPPLICATION-001116"",""PF-AGENCY-000116"",""PF-CONDITION-000116""]"
PF-PERMITAPPLICATION-001118,Application Reopened,2023-05-22T12:26:00Z,wf_task_history,WF-0000014322,USR-090,"[""PF-PERMITAPPLICATION-001118"",""PF-AGENCY-000118""]"
PF-PERMITAPPLICATION-001005,Completeness Rejected,2023-05-22T16:00:00Z,wf_external_task,WF-0000014344,USR-082,"[""PF-PERMITAPPLICATION-001005"",""PF-OBJECTION-000005""]"
PF-PERMITAPPLICATION-001005,Application Reopened,2023-05-22T16:52:00Z,wf_task_history,WF-0000014345,USR-074,"[""PF-PERMITAPPLICATION-001005"",""PF-AGENCY-000005""]"
PF-PERMITAPPLICATION-001005,Inspection Failed,2023-05-22T17:14:00Z,wf_message_delivery,WF-0000014346,USR-120,"[""PF-PERMITAPPLICATION-001005"",""PF-DOCUMENT-000005""]"
PF-PERMITAPPLICATION-001005,Reinspection Requested,2023-05-22T17:51:00Z,wf_form_submission,WF-0000014347,USR-121,"[""PF-PERMITAPPLICATION-001005"",""PF-REVIEW-000005"",""PF-VIOLATION-000005""]"
PF-PERMITAPPLICATION-001120,Application Reopened,2023-05-22T18:28:00Z,wf_task_history,WF-0000014351,USR-124,"[""PF-PERMITAPPLICATION-001120"",""PF-AGENCY-000120""]"
PF-PERMITAPPLICATION-001105,Completeness Rejected,2023-05-22T21:06:00Z,wf_external_task,WF-0000014359,USR-004,"[""PF-PERMITAPPLICATION-001105"",""PF-OBJECTION-000105"",""PF-REVIEW-000105""]"
PF-PERMITAPPLICATION-001122,Application Reopened,2023-05-23T00:30:00Z,wf_task_history,WF-0000014382,USR-031,"[""PF-PERMITAPPLICATION-001122"",""PF-AGENCY-000122""]"
PF-PERMITAPPLICATION-001124,Application Reopened,2023-05-23T06:32:00Z,wf_task_history,WF-0000014405,USR-065,"[""PF-PERMITAPPLICATION-001124"",""PF-AGENCY-000124""]"
PF-PERMITAPPLICATION-001010,Completeness Rejected,2023-05-23T07:00:00Z,wf_external_task,WF-0000014414,USR-040,"[""PF-PERMITAPPLICATION-001010"",""PF-OBJECTION-000010"",""PF-REVIEW-000010""]"
PF-PERMITAPPLICATION-001010,Application Reopened,2023-05-23T07:52:00Z,wf_task_history,WF-0000014415,USR-032,"[""PF-PERMITAPPLICATION-001010"",""PF-AGENCY-000010""]"
PF-PERMITAPPLICATION-001010,Inspection Failed,2023-05-23T08:14:00Z,wf_message_delivery,WF-0000014416,USR-078,"[""PF-PERMITAPPLICATION-001010"",""PF-DOCUMENT-000010"",""PF-INSPECTION-000010""]"
PF-PERMITAPPLICATION-001010,Reinspection Requested,2023-05-23T08:51:00Z,wf_form_submission,WF-0000014417,USR-079,"[""PF-PERMITAPPLICATION-001010"",""PF-REVIEW-000010""]"
PF-PERMITAPPLICATION-001034,Inspection Failed,2023-05-23T12:26:00Z,wf_message_delivery,WF-0000014439,USR-105,"[""PF-PERMITAPPLICATION-001034"",""PF-DOCUMENT-000034""]"
PF-PERMITAPPLICATION-001126,Application Reopened,2023-05-23T12:34:00Z,wf_task_history,WF-0000014432,USR-099,"[""PF-PERMITAPPLICATION-001126"",""PF-AGENCY-000126"",""PF-CONDITION-000126""]"
PF-PERMITAPPLICATION-001128,Application Reopened,2023-05-23T18:36:00Z,wf_task_history,WF-0000014455,USR-006,"[""PF-PERMITAPPLICATION-001128"",""PF-AGENCY-000128"",""PF-CONDITION-000128""]"
PF-PERMITAPPLICATION-001015,Completeness Rejected,2023-05-23T22:00:00Z,wf_external_task,WF-0000014475,USR-125,"[""PF-PERMITAPPLICATION-001015"",""PF-OBJECTION-000015""]"
PF-PERMITAPPLICATION-001015,Application Reopened,2023-05-23T22:52:00Z,wf_task_history,WF-0000014476,USR-117,"[""PF-PERMITAPPLICATION-001015"",""PF-AGENCY-000015"",""PF-CONDITION-000015""]"
PF-PERMITAPPLICATION-001015,Inspection Failed,2023-05-23T23:14:00Z,wf_message_delivery,WF-0000014477,USR-036,"[""PF-PERMITAPPLICATION-001015"",""PF-DOCUMENT-000015""]"
PF-PERMITAPPLICATION-001015,Reinspection Requested,2023-05-23T23:51:00Z,wf_form_submission,WF-0000014478,USR-037,"[""PF-PERMITAPPLICATION-001015"",""PF-REVIEW-000015"",""PF-VIOLATION-000015""]"
PF-PERMITAPPLICATION-001036,Reinspection Requested,2023-05-24T00:29:00Z,wf_form_submission,WF-0000014489,USR-013,"[""PF-PERMITAPPLICATION-001036"",""PF-REVIEW-000036""]"
PF-PERMITAPPLICATION-001130,Application Reopened,2023-05-24T00:38:00Z,wf_task_history,WF-0000014483,USR-040,"[""PF-PERMITAPPLICATION-001130"",""PF-AGENCY-000130""]"
PF-PERMITAPPLICATION-001132,Application Reopened,2023-05-24T06:40:00Z,wf_task_history,WF-0000014509,USR-074,"[""PF-PERMITAPPLICATION-001132"",""PF-AGENCY-000132"",""PF-CONDITION-000132""]"
PF-PERMITAPPLICATION-001118,Completeness Rejected,2023-05-24T12:19:00Z,wf_external_task,WF-0000014531,USR-098,"[""PF-PERMITAPPLICATION-001118"",""PF-OBJECTION-000118""]"
PF-PERMITAPPLICATION-001134,Application Reopened,2023-05-24T12:42:00Z,wf_task_history,WF-0000014534,USR-108,"[""PF-PERMITAPPLICATION-001134"",""PF-AGENCY-000134""]"
PF-PERMITAPPLICATION-001020,Completeness Rejected,2023-05-24T13:00:00Z,wf_external_task,WF-0000014544,USR-083,"[""PF-PERMITAPPLICATION-001020"",""PF-OBJECTION-000020""]"
PF-PERMITAPPLICATION-001020,Application Reopened,2023-05-24T13:52:00Z,wf_task_history,WF-0000014545,USR-075,"[""PF-PERMITAPPLICATION-001020"",""PF-AGENCY-000020"",""PF-CONDITION-000020""]"
PF-PERMITAPPLICATION-001020,Inspection Failed,2023-05-24T14:14:00Z,wf_message_delivery,WF-0000014546,USR-121,"[""PF-PERMITAPPLICATION-001020"",""PF-DOCUMENT-000020""]"
PF-PERMITAPPLICATION-001020,Reinspection Requested,2023-05-24T14:51:00Z,wf_form_submission,WF-0000014547,USR-122,"[""PF-PERMITAPPLICATION-001020"",""PF-REVIEW-000020""]"
PF-PERMITAPPLICATION-001136,Application Reopened,2023-05-24T18:44:00Z,wf_task_history,WF-0000014563,USR-015,"[""PF-PERMITAPPLICATION-001136"",""PF-AGENCY-000136""]"
PF-PERMITAPPLICATION-001138,Application Reopened,2023-05-25T00:46:00Z,wf_task_history,WF-0000014589,USR-049,"[""PF-PERMITAPPLICATION-001138"",""PF-AGENCY-000138"",""PF-CONDITION-000138""]"
PF-PERMITAPPLICATION-001025,Completeness Rejected,2023-05-25T04:00:00Z,wf_external_task,WF-0000014607,USR-041,"[""PF-PERMITAPPLICATION-001025"",""PF-OBJECTION-000025""]"
PF-PERMITAPPLICATION-001025,Application Reopened,2023-05-25T04:52:00Z,wf_task_history,WF-0000014608,USR-033,"[""PF-PERMITAPPLICATION-001025"",""PF-AGENCY-000025""]"
PF-PERMITAPPLICATION-001025,Inspection Failed,2023-05-25T05:14:00Z,wf_message_delivery,WF-0000014609,USR-079,"[""PF-PERMITAPPLICATION-001025"",""PF-DOCUMENT-000025""]"
PF-PERMITAPPLICATION-001025,Reinspection Requested,2023-05-25T05:51:00Z,wf_form_submission,WF-0000014610,USR-080,"[""PF-PERMITAPPLICATION-001025"",""PF-REVIEW-000025"",""PF-VIOLATION-000025""]"
PF-PERMITAPPLICATION-001140,Application Reopened,2023-05-25T06:48:00Z,wf_task_history,WF-0000014613,USR-083,"[""PF-PERMITAPPLICATION-001140"",""PF-AGENCY-000140""]"
PF-PERMITAPPLICATION-001142,Application Reopened,2023-05-25T12:50:00Z,wf_task_history,WF-0000014639,USR-117,"[""PF-PERMITAPPLICATION-001142"",""PF-AGENCY-000142""]"
PF-PERMITAPPLICATION-001144,Application Reopened,2023-05-25T18:52:00Z,wf_task_history,WF-0000014668,USR-024,"[""PF-PERMITAPPLICATION-001144"",""PF-AGENCY-000144""]"
PF-PERMITAPPLICATION-001030,Completeness Rejected,2023-05-25T19:00:00Z,wf_external_task,WF-0000014676,USR-126,"[""PF-PERMITAPPLICATION-001030"",""PF-OBJECTION-000030"",""PF-REVIEW-000030""]"
PF-PERMITAPPLICATION-001030,Application Reopened,2023-05-25T19:52:00Z,wf_task_history,WF-0000014677,USR-118,"[""PF-PERMITAPPLICATION-001030"",""PF-AGENCY-000030""]"
PF-PERMITAPPLICATION-001030,Inspection Failed,2023-05-25T20:14:00Z,wf_message_delivery,WF-0000014678,USR-037,"[""PF-PERMITAPPLICATION-001030"",""PF-DOCUMENT-000030"",""PF-INSPECTION-000030""]"
PF-PERMITAPPLICATION-001030,Reinspection Requested,2023-05-25T20:51:00Z,wf_form_submission,WF-0000014679,USR-038,"[""PF-PERMITAPPLICATION-001030"",""PF-REVIEW-000030""]"
PF-PERMITAPPLICATION-001053,Inspection Failed,2023-05-25T21:45:00Z,wf_message_delivery,WF-0000014689,USR-047,"[""PF-PERMITAPPLICATION-001053"",""PF-DOCUMENT-000053"",""PF-INSPECTION-000053""]"
PF-PERMITAPPLICATION-001146,Application Reopened,2023-05-26T00:54:00Z,wf_task_history,WF-0000014695,USR-058,"[""PF-PERMITAPPLICATION-001146"",""PF-AGENCY-000146"",""PF-CONDITION-000146""]"
PF-PERMITAPPLICATION-001131,Completeness Rejected,2023-05-26T03:32:00Z,wf_external_task,WF-0000014703,USR-065,"[""PF-PERMITAPPLICATION-001131"",""PF-OBJECTION-000131""]"
PF-PERMITAPPLICATION-001148,Application Reopened,2023-05-26T06:56:00Z,wf_task_history,WF-0000014718,USR-092,"[""PF-PERMITAPPLICATION-001148"",""PF-AGENCY-000148""]"
PF-PERMITAPPLICATION-001035,Completeness Rejected,2023-05-26T10:00:00Z,wf_external_task,WF-0000014740,USR-084,"[""PF-PERMITAPPLICATION-001035"",""PF-OBJECTION-000035""]"
PF-PERMITAPPLICATION-001035,Application Reopened,2023-05-26T10:52:00Z,wf_task_history,WF-0000014741,USR-076,"[""PF-PERMITAPPLICATION-001035"",""PF-AGENCY-000035""]"
PF-PERMITAPPLICATION-001035,Inspection Failed,2023-05-26T11:14:00Z,wf_message_delivery,WF-0000014742,USR-122,"[""PF-PERMITAPPLICATION-001035"",""PF-DOCUMENT-000035""]"
PF-PERMITAPPLICATION-001035,Reinspection Requested,2023-05-26T11:51:00Z,wf_form_submission,WF-0000014743,USR-123,"[""PF-PERMITAPPLICATION-001035"",""PF-REVIEW-000035"",""PF-VIOLATION-000035""]"
PF-PERMITAPPLICATION-001150,Application Reopened,2023-05-26T12:58:00Z,wf_task_history,WF-0000014747,USR-126,"[""PF-PERMITAPPLICATION-001150"",""PF-AGENCY-000150""]"
PF-PERMITAPPLICATION-001152,Application Reopened,2023-05-26T19:00:00Z,wf_task_history,WF-0000014770,USR-033,"[""PF-PERMITAPPLICATION-001152"",""PF-AGENCY-000152"",""PF-CONDITION-000152""]"
PF-PERMITAPPLICATION-001059,Reinspection Requested,2023-05-26T21:52:00Z,wf_form_submission,WF-0000014788,USR-023,"[""PF-PERMITAPPLICATION-001059"",""PF-REVIEW-000059""]"
PF-PERMITAPPLICATION-001040,Completeness Rejected,2023-05-27T01:00:00Z,wf_external_task,WF-0000014807,USR-042,"[""PF-PERMITAPPLICATION-001040"",""PF-OBJECTION-000040"",""PF-REVIEW-000040""]"
PF-PERMITAPPLICATION-001154,Application Reopened,2023-05-27T01:02:00Z,wf_task_history,WF-0000014800,USR-067,"[""PF-PERMITAPPLICATION-001154"",""PF-AGENCY-000154""]"
PF-PERMITAPPLICATION-001040,Application Reopened,2023-05-27T01:52:00Z,wf_task_history,WF-0000014808,USR-034,"[""PF-PERMITAPPLICATION-001040"",""PF-AGENCY-000040""]"
PF-PERMITAPPLICATION-001040,Inspection Failed,2023-05-27T02:14:00Z,wf_message_delivery,WF-0000014809,USR-080,"[""PF-PERMITAPPLICATION-001040"",""PF-DOCUMENT-000040"",""PF-INSPECTION-000040""]"
PF-PERMITAPPLICATION-001040,Reinspection Requested,2023-05-27T02:51:00Z,wf_form_submission,WF-0000014810,USR-081,"[""PF-PERMITAPPLICATION-001040"",""PF-REVIEW-000040""]"
PF-PERMITAPPLICATION-001156,Application Reopened,2023-05-27T07:04:00Z,wf_task_history,WF-0000014829,USR-101,"[""PF-PERMITAPPLICATION-001156"",""PF-AGENCY-000156""]"
PF-PERMITAPPLICATION-001158,Application Reopened,2023-05-27T13:06:00Z,wf_task_history,WF-0000014856,USR-008,"[""PF-PERMITAPPLICATION-001158"",""PF-AGENCY-000158"",""PF-CONDITION-000158""]"
PF-PERMITAPPLICATION-001045,Completeness Rejected,2023-05-27T16:00:00Z,wf_external_task,WF-0000014868,USR-127,"[""PF-PERMITAPPLICATION-001045"",""PF-OBJECTION-000045""]"
PF-PERMITAPPLICATION-001045,Application Reopened,2023-05-27T16:52:00Z,wf_task_history,WF-0000014869,USR-119,"[""PF-PERMITAPPLICATION-001045"",""PF-AGENCY-000045""]"
PF-PERMITAPPLICATION-001045,Inspection Failed,2023-05-27T17:14:00Z,wf_message_delivery,WF-0000014870,USR-038,"[""PF-PERMITAPPLICATION-001045"",""PF-DOCUMENT-000045""]"
PF-PERMITAPPLICATION-001045,Reinspection Requested,2023-05-27T17:51:00Z,wf_form_submission,WF-0000014871,USR-039,"[""PF-PERMITAPPLICATION-001045"",""PF-REVIEW-000045"",""PF-VIOLATION-000045""]"
PF-PERMITAPPLICATION-001160,Application Reopened,2023-05-27T18:15:00Z,wf_task_history,WF-0000014872,USR-042,"[""PF-PERMITAPPLICATION-001160"",""PF-AGENCY-000160"",""PF-CONDITION-000160""]"
PF-PERMITAPPLICATION-001144,Completeness Rejected,2023-05-27T18:45:00Z,wf_external_task,WF-0000014881,USR-032,"[""PF-PERMITAPPLICATION-001144"",""PF-OBJECTION-000144""]"
PF-PERMITAPPLICATION-001162,Application Reopened,2023-05-28T00:17:00Z,wf_task_history,WF-0000014899,USR-076,"[""PF-PERMITAPPLICATION-001162"",""PF-AGENCY-000162"",""PF-CONDITION-000162""]"
PF-PERMITAPPLICATION-001072,Inspection Failed,2023-05-28T06:11:00Z,wf_message_delivery,WF-0000014931,USR-116,"[""PF-PERMITAPPLICATION-001072"",""PF-DOCUMENT-000072"",""PF-INSPECTION-000072""]"
PF-PERMITAPPLICATION-001164,Application Reopened,2023-05-28T06:19:00Z,wf_task_history,WF-0000014924,USR-110,"[""PF-PERMITAPPLICATION-001164"",""PF-AGENCY-000164""]"
PF-PERMITAPPLICATION-001050,Completeness Rejected,2023-05-28T07:00:00Z,wf_external_task,WF-0000014933,USR-085,"[""PF-PERMITAPPLICATION-001050"",""PF-OBJECTION-000050"",""PF-REVIEW-000050""]"
PF-PERMITAPPLICATION-001050,Application Reopened,2023-05-28T07:52:00Z,wf_task_history,WF-0000014934,USR-077,"[""PF-PERMITAPPLICATION-001050"",""PF-AGENCY-000050""]"
PF-PERMITAPPLICATION-001050,Inspection Failed,2023-05-28T08:14:00Z,wf_message_delivery,WF-0000014935,USR-123,"[""PF-PERMITAPPLICATION-001050"",""PF-DOCUMENT-000050"",""PF-INSPECTION-000050""]"
PF-PERMITAPPLICATION-001050,Reinspection Requested,2023-05-28T08:51:00Z,wf_form_submission,WF-0000014936,USR-124,"[""PF-PERMITAPPLICATION-001050"",""PF-REVIEW-000050""]"
PF-PERMITAPPLICATION-001166,Application Reopened,2023-05-28T12:21:00Z,wf_task_history,WF-0000014956,USR-017,"[""PF-PERMITAPPLICATION-001166"",""PF-AGENCY-000166"",""PF-CONDITION-000166""]"
PF-PERMITAPPLICATION-001168,Application Reopened,2023-05-28T18:23:00Z,wf_task_history,WF-0000014978,USR-051,"[""PF-PERMITAPPLICATION-001168"",""PF-AGENCY-000168""]"
PF-PERMITAPPLICATION-001055,Completeness Rejected,2023-05-28T22:00:00Z,wf_external_task,WF-0000015000,USR-043,"[""PF-PERMITAPPLICATION-001055"",""PF-OBJECTION-000055""]"
PF-PERMITAPPLICATION-001055,Application Reopened,2023-05-28T22:52:00Z,wf_task_history,WF-0000015001,USR-035,"[""PF-PERMITAPPLICATION-001055"",""PF-AGENCY-000055"",""PF-CONDITION-000055""]"
PF-PERMITAPPLICATION-001055,Inspection Failed,2023-05-28T23:14:00Z,wf_message_delivery,WF-0000015002,USR-081,"[""PF-PERMITAPPLICATION-001055"",""PF-DOCUMENT-000055""]"
PF-PERMITAPPLICATION-001055,Reinspection Requested,2023-05-28T23:51:00Z,wf_form_submission,WF-0000015003,USR-082,"[""PF-PERMITAPPLICATION-001055"",""PF-REVIEW-000055"",""PF-VIOLATION-000055""]"
PF-PERMITAPPLICATION-001170,Application Reopened,2023-05-29T00:25:00Z,wf_task_history,WF-0000015006,USR-085,"[""PF-PERMITAPPLICATION-001170"",""PF-AGENCY-000170"",""PF-CONDITION-000170""]"
PF-PERMITAPPLICATION-001172,Application Reopened,2023-05-29T06:27:00Z,wf_task_history,WF-0000015030,USR-119,"[""PF-PERMITAPPLICATION-001172"",""PF-AGENCY-000172"",""PF-CONDITION-000172""]"
PF-PERMITAPPLICATION-001157,Completeness Rejected,2023-05-29T09:05:00Z,wf_external_task,WF-0000015039,USR-126,"[""PF-PERMITAPPLICATION-001157"",""PF-OBJECTION-000157""]"
PF-PERMITAPPLICATION-001174,Application Reopened,2023-05-29T12:29:00Z,wf_task_history,WF-0000015054,USR-026,"[""PF-PERMITAPPLICATION-001174"",""PF-AGENCY-000174""]"
PF-PERMITAPPLICATION-001060,Completeness Rejected,2023-05-29T13:00:00Z,wf_external_task,WF-0000015063,USR-001,"[""PF-PERMITAPPLICATION-001060"",""PF-OBJECTION-000060"",""PF-REVIEW-000060""]"
PF-PERMITAPPLICATION-001060,Application Reopened,2023-05-29T13:52:00Z,wf_task_history,WF-0000015064,USR-120,"[""PF-PERMITAPPLICATION-001060"",""PF-AGENCY-000060""]"
PF-PERMITAPPLICATION-001060,Inspection Failed,2023-05-29T14:14:00Z,wf_message_delivery,WF-0000015065,USR-039,"[""PF-PERMITAPPLICATION-001060"",""PF-DOCUMENT-000060"",""PF-INSPECTION-000060""]"
PF-PERMITAPPLICATION-001060,Reinspection Requested,2023-05-29T14:51:00Z,wf_form_submission,WF-0000015066,USR-040,"[""PF-PERMITAPPLICATION-001060"",""PF-REVIEW-000060""]"
PF-PERMITAPPLICATION-001082,Reinspection Requested,2023-05-29T18:22:00Z,wf_form_submission,WF-0000015091,USR-033,"[""PF-PERMITAPPLICATION-001082"",""PF-REVIEW-000082"",""PF-VIOLATION-000082""]"
PF-PERMITAPPLICATION-001176,Application Reopened,2023-05-29T18:31:00Z,wf_task_history,WF-0000015084,USR-060,"[""PF-PERMITAPPLICATION-001176"",""PF-AGENCY-000176"",""PF-CONDITION-000176""]"
PF-PERMITAPPLICATION-001178,Application Reopened,2023-05-30T00:33:00Z,wf_task_history,WF-0000015112,USR-094,"[""PF-PERMITAPPLICATION-001178"",""PF-AGENCY-000178"",""PF-CONDITION-000178""]"
PF-PERMITAPPLICATION-001065,Completeness Rejected,2023-05-30T04:00:00Z,wf_external_task,WF-0000015131,USR-086,"[""PF-PERMITAPPLICATION-001065"",""PF-OBJECTION-000065"",""PF-REVIEW-000065""]"
PF-PERMITAPPLICATION-001065,Application Reopened,2023-05-30T04:52:00Z,wf_task_history,WF-0000015132,USR-078,"[""PF-PERMITAPPLICATION-001065"",""PF-AGENCY-000065""]"
PF-PERMITAPPLICATION-001065,Inspection Failed,2023-05-30T05:14:00Z,wf_message_delivery,WF-0000015133,USR-124,"[""PF-PERMITAPPLICATION-001065"",""PF-DOCUMENT-000065"",""PF-INSPECTION-000065""]"
PF-PERMITAPPLICATION-001065,Reinspection Requested,2023-05-30T05:51:00Z,wf_form_submission,WF-0000015134,USR-125,"[""PF-PERMITAPPLICATION-001065"",""PF-REVIEW-000065""]"
PF-PERMITAPPLICATION-001180,Application Reopened,2023-05-30T06:35:00Z,wf_task_history,WF-0000015138,USR-001,"[""PF-PERMITAPPLICATION-001180"",""PF-AGENCY-000180""]"
PF-PERMITAPPLICATION-001182,Application Reopened,2023-05-30T12:37:00Z,wf_task_history,WF-0000015162,USR-035,"[""PF-PERMITAPPLICATION-001182"",""PF-AGENCY-000182"",""PF-CONDITION-000182""]"
PF-PERMITAPPLICATION-001091,Inspection Failed,2023-05-30T15:30:00Z,wf_message_delivery,WF-0000015180,USR-058,"[""PF-PERMITAPPLICATION-001091"",""PF-DOCUMENT-000091"",""PF-INSPECTION-000091""]"
PF-PERMITAPPLICATION-001184,Application Reopened,2023-05-30T18:39:00Z,wf_task_history,WF-0000015187,USR-069,"[""PF-PERMITAPPLICATION-001184"",""PF-AGENCY-000184""]"
PF-PERMITAPPLICATION-001070,Completeness Rejected,2023-05-30T19:00:00Z,wf_external_task,WF-0000015194,USR-044,"[""PF-PERMITAPPLICATION-001070"",""PF-OBJECTION-000070"",""PF-REVIEW-000070""]"
PF-PERMITAPPLICATION-001070,Application Reopened,2023-05-30T19:52:00Z,wf_task_history,WF-0000015195,USR-036,"[""PF-PERMITAPPLICATION-001070"",""PF-AGENCY-000070""]"
PF-PERMITAPPLICATION-001070,Inspection Failed,2023-05-30T20:14:00Z,wf_message_delivery,WF-0000015196,USR-082,"[""PF-PERMITAPPLICATION-001070"",""PF-DOCUMENT-000070"",""PF-INSPECTION-000070""]"
PF-PERMITAPPLICATION-001070,Reinspection Requested,2023-05-30T20:51:00Z,wf_form_submission,WF-0000015197,USR-083,"[""PF-PERMITAPPLICATION-001070"",""PF-REVIEW-000070""]"
PF-PERMITAPPLICATION-001170,Completeness Rejected,2023-05-31T00:18:00Z,wf_external_task,WF-0000015212,USR-093,"[""PF-PERMITAPPLICATION-001170"",""PF-OBJECTION-000170""]"
PF-PERMITAPPLICATION-001186,Application Reopened,2023-05-31T00:41:00Z,wf_task_history,WF-0000015216,USR-103,"[""PF-PERMITAPPLICATION-001186"",""PF-AGENCY-000186"",""PF-CONDITION-000186""]"
PF-PERMITAPPLICATION-001188,Application Reopened,2023-05-31T06:43:00Z,wf_task_history,WF-0000015243,USR-010,"[""PF-PERMITAPPLICATION-001188"",""PF-AGENCY-000188"",""PF-CONDITION-000188""]"
PF-PERMITAPPLICATION-001075,Completeness Rejected,2023-05-31T10:00:00Z,wf_external_task,WF-0000015263,USR-002,"[""PF-PERMITAPPLICATION-001075"",""PF-OBJECTION-000075""]"
PF-PERMITAPPLICATION-001075,Application Reopened,2023-05-31T10:52:00Z,wf_task_history,WF-0000015264,USR-121,"[""PF-PERMITAPPLICATION-001075"",""PF-AGENCY-000075""]"
PF-PERMITAPPLICATION-001075,Inspection Failed,2023-05-31T11:14:00Z,wf_message_delivery,WF-0000015265,USR-040,"[""PF-PERMITAPPLICATION-001075"",""PF-DOCUMENT-000075""]"
PF-PERMITAPPLICATION-001075,Reinspection Requested,2023-05-31T11:51:00Z,wf_form_submission,WF-0000015266,USR-041,"[""PF-PERMITAPPLICATION-001075"",""PF-REVIEW-000075"",""PF-VIOLATION-000075""]"
PF-PERMITAPPLICATION-001190,Application Reopened,2023-05-31T12:45:00Z,wf_task_history,WF-0000015270,USR-044,"[""PF-PERMITAPPLICATION-001190"",""PF-AGENCY-000190""]"
PF-PERMITAPPLICATION-001192,Application Reopened,2023-05-31T18:47:00Z,wf_task_history,WF-0000015294,USR-078,"[""PF-PERMITAPPLICATION-001192"",""PF-AGENCY-000192""]"
PF-PERMITAPPLICATION-001194,Application Reopened,2023-06-01T00:49:00Z,wf_task_history,WF-0000015317,USR-112,"[""PF-PERMITAPPLICATION-001194"",""PF-AGENCY-000194""]"
PF-PERMITAPPLICATION-001080,Completeness Rejected,2023-06-01T01:00:00Z,wf_external_task,WF-0000015324,USR-087,"[""PF-PERMITAPPLICATION-001080"",""PF-OBJECTION-000080"",""PF-REVIEW-000080""]"
PF-PERMITAPPLICATION-001080,Application Reopened,2023-06-01T01:52:00Z,wf_task_history,WF-0000015325,USR-079,"[""PF-PERMITAPPLICATION-001080"",""PF-AGENCY-000080""]"
PF-PERMITAPPLICATION-001080,Inspection Failed,2023-06-01T02:14:00Z,wf_message_delivery,WF-0000015326,USR-125,"[""PF-PERMITAPPLICATION-001080"",""PF-DOCUMENT-000080"",""PF-INSPECTION-000080""]"
PF-PERMITAPPLICATION-001080,Reinspection Requested,2023-06-01T02:51:00Z,wf_form_submission,WF-0000015327,USR-126,"[""PF-PERMITAPPLICATION-001080"",""PF-REVIEW-000080""]"
PF-PERMITAPPLICATION-001196,Application Reopened,2023-06-01T06:51:00Z,wf_task_history,WF-0000015343,USR-019,"[""PF-PERMITAPPLICATION-001196"",""PF-AGENCY-000196"",""PF-CONDITION-000196""]"
PF-PERMITAPPLICATION-001198,Application Reopened,2023-06-01T12:53:00Z,wf_task_history,WF-0000015373,USR-053,"[""PF-PERMITAPPLICATION-001198"",""PF-AGENCY-000198""]"
PF-PERMITAPPLICATION-001183,Completeness Rejected,2023-06-01T15:31:00Z,wf_external_task,WF-0000015386,USR-060,"[""PF-PERMITAPPLICATION-001183"",""PF-OBJECTION-000183""]"
PF-PERMITAPPLICATION-001105,Reinspection Requested,2023-06-01T15:45:00Z,wf_form_submission,WF-0000015395,USR-043,"[""PF-PERMITAPPLICATION-001105"",""PF-REVIEW-000105"",""PF-VIOLATION-000105""]"
PF-PERMITAPPLICATION-001085,Completeness Rejected,2023-06-01T16:00:00Z,wf_external_task,WF-0000015397,USR-045,"[""PF-PERMITAPPLICATION-001085"",""PF-OBJECTION-000085""]"
PF-PERMITAPPLICATION-001085,Application Reopened,2023-06-01T16:52:00Z,wf_task_history,WF-0000015398,USR-037,"[""PF-PERMITAPPLICATION-001085"",""PF-AGENCY-000085""]"
PF-PERMITAPPLICATION-001085,Inspection Failed,2023-06-01T17:14:00Z,wf_message_delivery,WF-0000015399,USR-083,"[""PF-PERMITAPPLICATION-001085"",""PF-DOCUMENT-000085""]"
PF-PERMITAPPLICATION-001085,Reinspection Requested,2023-06-01T17:51:00Z,wf_form_submission,WF-0000015400,USR-084,"[""PF-PERMITAPPLICATION-001085"",""PF-REVIEW-000085"",""PF-VIOLATION-000085""]"
PF-PERMITAPPLICATION-001200,Application Reopened,2023-06-01T18:55:00Z,wf_task_history,WF-0000015405,USR-087,"[""PF-PERMITAPPLICATION-001200"",""PF-AGENCY-000200""]"
PF-PERMITAPPLICATION-001110,Inspection Failed,2023-06-02T00:49:00Z,wf_message_delivery,WF-0000015432,USR-127,"[""PF-PERMITAPPLICATION-001110"",""PF-DOCUMENT-000110""]"
PF-PERMITAPPLICATION-001202,Application Reopened,2023-06-02T00:57:00Z,wf_task_history,WF-0000015424,USR-121,"[""PF-PERMITAPPLICATION-001202"",""PF-AGENCY-000202"",""PF-CONDITION-000202""]"
PF-PERMITAPPLICATION-001204,Application Reopened,2023-06-02T06:59:00Z,wf_task_history,WF-0000015450,USR-028,"[""PF-PERMITAPPLICATION-001204"",""PF-AGENCY-000204"",""PF-CONDITION-000204""]"
PF-PERMITAPPLICATION-001090,Completeness Rejected,2023-06-02T07:00:00Z,wf_external_task,WF-0000015457,USR-003,"[""PF-PERMITAPPLICATION-001090"",""PF-OBJECTION-000090""]"
PF-PERMITAPPLICATION-001090,Application Reopened,2023-06-02T07:52:00Z,wf_task_history,WF-0000015458,USR-122,"[""PF-PERMITAPPLICATION-001090"",""PF-AGENCY-000090"",""PF-CONDITION-000090""]"
PF-PERMITAPPLICATION-001090,Inspection Failed,2023-06-02T08:14:00Z,wf_message_delivery,WF-0000015459,USR-041,"[""PF-PERMITAPPLICATION-001090"",""PF-DOCUMENT-000090""]"
PF-PERMITAPPLICATION-001090,Reinspection Requested,2023-06-02T08:51:00Z,wf_form_submission,WF-0000015460,USR-042,"[""PF-PERMITAPPLICATION-001090"",""PF-REVIEW-000090"",""PF-VIOLATION-000090""]"
PF-PERMITAPPLICATION-001206,Application Reopened,2023-06-02T13:01:00Z,wf_task_history,WF-0000015479,USR-062,"[""PF-PERMITAPPLICATION-001206"",""PF-AGENCY-000206""]"
PF-PERMITAPPLICATION-001208,Application Reopened,2023-06-02T19:03:00Z,wf_task_history,WF-0000015500,USR-096,"[""PF-PERMITAPPLICATION-001208"",""PF-AGENCY-000208"",""PF-CONDITION-000208""]"
PF-PERMITAPPLICATION-001095,Completeness Rejected,2023-06-02T22:00:00Z,wf_external_task,WF-0000015523,USR-088,"[""PF-PERMITAPPLICATION-001095"",""PF-OBJECTION-000095""]"
PF-PERMITAPPLICATION-001095,Application Reopened,2023-06-02T22:52:00Z,wf_task_history,WF-0000015524,USR-080,"[""PF-PERMITAPPLICATION-001095"",""PF-AGENCY-000095"",""PF-CONDITION-000095""]"
PF-PERMITAPPLICATION-001095,Inspection Failed,2023-06-02T23:14:00Z,wf_message_delivery,WF-0000015525,USR-126,"[""PF-PERMITAPPLICATION-001095"",""PF-DOCUMENT-000095""]"
PF-PERMITAPPLICATION-001095,Reinspection Requested,2023-06-02T23:51:00Z,wf_form_submission,WF-0000015526,USR-127,"[""PF-PERMITAPPLICATION-001095"",""PF-REVIEW-000095"",""PF-VIOLATION-000095""]"
PF-PERMITAPPLICATION-001210,Application Reopened,2023-06-03T01:05:00Z,wf_task_history,WF-0000015536,USR-003,"[""PF-PERMITAPPLICATION-001210"",""PF-AGENCY-000210"",""PF-CONDITION-000210""]"
PF-PERMITAPPLICATION-001196,Completeness Rejected,2023-06-03T06:44:00Z,wf_external_task,WF-0000015561,USR-027,"[""PF-PERMITAPPLICATION-001196"",""PF-OBJECTION-000196"",""PF-REVIEW-000196""]"
PF-PERMITAPPLICATION-001212,Application Reopened,2023-06-03T07:07:00Z,wf_task_history,WF-0000015564,USR-037,"[""PF-PERMITAPPLICATION-001212"",""PF-AGENCY-000212""]"
PF-PERMITAPPLICATION-001214,Application Reopened,2023-06-03T12:16:00Z,wf_task_history,WF-0000015576,USR-071,"[""PF-PERMITAPPLICATION-001214"",""PF-AGENCY-000214"",""PF-CONDITION-000214""]"
PF-PERMITAPPLICATION-001100,Completeness Rejected,2023-06-03T13:00:00Z,wf_external_task,WF-0000015588,USR-046,"[""PF-PERMITAPPLICATION-001100"",""PF-OBJECTION-000100"",""PF-REVIEW-000100""]"
PF-PERMITAPPLICATION-001100,Application Reopened,2023-06-03T13:52:00Z,wf_task_history,WF-0000015589,USR-038,"[""PF-PERMITAPPLICATION-001100"",""PF-AGENCY-000100""]"
PF-PERMITAPPLICATION-001100,Inspection Failed,2023-06-03T14:14:00Z,wf_message_delivery,WF-0000015590,USR-084,"[""PF-PERMITAPPLICATION-001100"",""PF-DOCUMENT-000100"",""PF-INSPECTION-000100""]"
PF-PERMITAPPLICATION-001100,Reinspection Requested,2023-06-03T14:51:00Z,wf_form_submission,WF-0000015591,USR-085,"[""PF-PERMITAPPLICATION-001100"",""PF-REVIEW-000100""]"
PF-PERMITAPPLICATION-001216,Application Reopened,2023-06-03T18:18:00Z,wf_task_history,WF-0000015604,USR-105,"[""PF-PERMITAPPLICATION-001216"",""PF-AGENCY-000216""]"
PF-PERMITAPPLICATION-001218,Application Reopened,2023-06-04T00:20:00Z,wf_task_history,WF-0000015629,USR-012,"[""PF-PERMITAPPLICATION-001218"",""PF-AGENCY-000218""]"
PF-PERMITAPPLICATION-001105,Completeness Rejected,2023-06-04T04:00:00Z,wf_external_task,WF-0000015650,USR-004,"[""PF-PERMITAPPLICATION-001105"",""PF-OBJECTION-000105"",""PF-REVIEW-000105""]"
PF-PERMITAPPLICATION-001105,Application Reopened,2023-06-04T04:52:00Z,wf_task_history,WF-0000015651,USR-123,"[""PF-PERMITAPPLICATION-001105"",""PF-AGENCY-000105""]"
PF-PERMITAPPLICATION-001105,Inspection Failed,2023-06-04T05:14:00Z,wf_message_delivery,WF-0000015652,USR-042,"[""PF-PERMITAPPLICATION-001105"",""PF-DOCUMENT-000105"",""PF-INSPECTION-000105""]"
PF-PERMITAPPLICATION-001105,Reinspection Requested,2023-06-04T05:51:00Z,wf_form_submission,WF-0000015653,USR-043,"[""PF-PERMITAPPLICATION-001105"",""PF-REVIEW-000105""]"
PF-PERMITAPPLICATION-001220,Application Reopened,2023-06-04T06:22:00Z,wf_task_history,WF-0000015657,USR-046,"[""PF-PERMITAPPLICATION-001220"",""PF-AGENCY-000220""]"
PF-PERMITAPPLICATION-001129,Inspection Failed,2023-06-04T09:15:00Z,wf_message_delivery,WF-0000015683,USR-069,"[""PF-PERMITAPPLICATION-001129"",""PF-DOCUMENT-000129"",""PF-INSPECTION-000129""]"
PF-PERMITAPPLICATION-001128,Reinspection Requested,2023-06-04T12:15:00Z,wf_form_submission,WF-0000015693,USR-053,"[""PF-PERMITAPPLICATION-001128"",""PF-REVIEW-000128""]"
PF-PERMITAPPLICATION-001222,Application Reopened,2023-06-04T12:24:00Z,wf_task_history,WF-0000015686,USR-080,"[""PF-PERMITAPPLICATION-001222"",""PF-AGENCY-000222"",""PF-CONDITION-000222""]"
PF-PERMITAPPLICATION-001224,Application Reopened,2023-06-04T18:26:00Z,wf_task_history,WF-0000015711,USR-114,"[""PF-PERMITAPPLICATION-001224"",""PF-AGENCY-000224""]"
PF-PERMITAPPLICATION-001110,Completeness Rejected,2023-06-04T19:00:00Z,wf_external_task,WF-0000015720,USR-089,"[""PF-PERMITAPPLICATION-001110"",""PF-OBJECTION-000110""]"
PF-PERMITAPPLICATION-001110,Application Reopened,2023-06-04T19:52:00Z,wf_task_history,WF-0000015721,USR-081,"[""PF-PERMITAPPLICATION-001110"",""PF-AGENCY-000110"",""PF-CONDITION-000110""]"
PF-PERMITAPPLICATION-001110,Inspection Failed,2023-06-04T20:14:00Z,wf_message_delivery,WF-0000015722,USR-127,"[""PF-PERMITAPPLICATION-001110"",""PF-DOCUMENT-000110""]"
PF-PERMITAPPLICATION-001110,Reinspection Requested,2023-06-04T20:51:00Z,wf_form_submission,WF-0000015723,USR-001,"[""PF-PERMITAPPLICATION-001110"",""PF-REVIEW-000110""]"
PF-PERMITAPPLICATION-001209,Completeness Rejected,2023-06-04T21:04:00Z,wf_external_task,WF-0000015724,USR-121,"[""PF-PERMITAPPLICATION-001209"",""PF-OBJECTION-000209"",""PF-REVIEW-000209""]"
PF-PERMITAPPLICATION-001226,Application Reopened,2023-06-05T00:28:00Z,wf_task_history,WF-0000015738,USR-021,"[""PF-PERMITAPPLICATION-001226"",""PF-AGENCY-000226""]"
PF-PERMITAPPLICATION-001228,Application Reopened,2023-06-05T06:30:00Z,wf_task_history,WF-0000015762,USR-055,"[""PF-PERMITAPPLICATION-001228"",""PF-AGENCY-000228""]"
PF-PERMITAPPLICATION-001115,Completeness Rejected,2023-06-05T10:00:00Z,wf_external_task,WF-0000015782,USR-047,"[""PF-PERMITAPPLICATION-001115"",""PF-OBJECTION-000115""]"
PF-PERMITAPPLICATION-001115,Application Reopened,2023-06-05T10:52:00Z,wf_task_history,WF-0000015783,USR-039,"[""PF-PERMITAPPLICATION-001115"",""PF-AGENCY-000115""]"
PF-PERMITAPPLICATION-001115,Inspection Failed,2023-06-05T11:14:00Z,wf_message_delivery,WF-0000015784,USR-085,"[""PF-PERMITAPPLICATION-001115"",""PF-DOCUMENT-000115""]"
PF-PERMITAPPLICATION-001115,Reinspection Requested,2023-06-05T11:51:00Z,wf_form_submission,WF-0000015785,USR-086,"[""PF-PERMITAPPLICATION-001115"",""PF-REVIEW-000115"",""PF-VIOLATION-000115""]"
PF-PERMITAPPLICATION-001230,Application Reopened,2023-06-05T12:32:00Z,wf_task_history,WF-0000015789,USR-089,"[""PF-PERMITAPPLICATION-001230"",""PF-AGENCY-000230""]"
PF-PERMITAPPLICATION-001232,Application Reopened,2023-06-05T18:34:00Z,wf_task_history,WF-0000015817,USR-123,"[""PF-PERMITAPPLICATION-001232"",""PF-AGENCY-000232"",""PF-CONDITION-000232""]"
PF-PERMITAPPLICATION-001234,Application Reopened,2023-06-06T00:36:00Z,wf_task_history,WF-0000015842,USR-030,"[""PF-PERMITAPPLICATION-001234"",""PF-AGENCY-000234"",""PF-CONDITION-000234""]"
PF-PERMITAPPLICATION-001120,Completeness Rejected,2023-06-06T01:00:00Z,wf_external_task,WF-0000015849,USR-005,"[""PF-PERMITAPPLICATION-001120"",""PF-OBJECTION-000120""]"
PF-PERMITAPPLICATION-001120,Application Reopened,2023-06-06T01:52:00Z,wf_task_history,WF-0000015850,USR-124,"[""PF-PERMITAPPLICATION-001120"",""PF-AGENCY-000120"",""PF-CONDITION-000120""]"
PF-PERMITAPPLICATION-001120,Inspection Failed,2023-06-06T02:14:00Z,wf_message_delivery,WF-0000015851,USR-043,"[""PF-PERMITAPPLICATION-001120"",""PF-DOCUMENT-000120""]"
PF-PERMITAPPLICATION-001120,Reinspection Requested,2023-06-06T02:51:00Z,wf_form_submission,WF-0000015852,USR-044,"[""PF-PERMITAPPLICATION-001120"",""PF-REVIEW-000120""]"
PF-PERMITAPPLICATION-001236,Application Reopened,2023-06-06T06:38:00Z,wf_task_history,WF-0000015869,USR-064,"[""PF-PERMITAPPLICATION-001236"",""PF-AGENCY-000236"",""PF-CONDITION-000236""]"
PF-PERMITAPPLICATION-001222,Completeness Rejected,2023-06-06T12:17:00Z,wf_external_task,WF-0000015890,USR-088,"[""PF-PERMITAPPLICATION-001222"",""PF-OBJECTION-000222"",""PF-REVIEW-000222""]"
PF-PERMITAPPLICATION-001238,Application Reopened,2023-06-06T12:40:00Z,wf_task_history,WF-0000015894,USR-098,"[""PF-PERMITAPPLICATION-001238"",""PF-AGENCY-000238""]"
PF-PERMITAPPLICATION-001125,Completeness Rejected,2023-06-06T16:00:00Z,wf_external_task,WF-0000015912,USR-090,"[""PF-PERMITAPPLICATION-001125"",""PF-OBJECTION-000125""]"
PF-PERMITAPPLICATION-001125,Application Reopened,2023-06-06T16:52:00Z,wf_task_history,WF-0000015913,USR-082,"[""PF-PERMITAPPLICATION-001125"",""PF-AGENCY-000125"",""PF-CONDITION-000125""]"
PF-PERMITAPPLICATION-001125,Inspection Failed,2023-06-06T17:14:00Z,wf_message_delivery,WF-0000015914,USR-001,"[""PF-PERMITAPPLICATION-001125"",""PF-DOCUMENT-000125""]"
PF-PERMITAPPLICATION-001125,Reinspection Requested,2023-06-06T17:51:00Z,wf_form_submission,WF-0000015915,USR-002,"[""PF-PERMITAPPLICATION-001125"",""PF-REVIEW-000125"",""PF-VIOLATION-000125""]"
PF-PERMITAPPLICATION-001148,Inspection Failed,2023-06-06T18:34:00Z,wf_message_delivery,WF-0000015928,USR-011,"[""PF-PERMITAPPLICATION-001148"",""PF-DOCUMENT-000148"",""PF-INSPECTION-000148""]"
PF-PERMITAPPLICATION-001240,Application Reopened,2023-06-06T18:42:00Z,wf_task_history,WF-0000015921,USR-005,"[""PF-PERMITAPPLICATION-001240"",""PF-AGENCY-000240""]"
PF-PERMITAPPLICATION-001242,Application Reopened,2023-06-07T00:44:00Z,wf_task_history,WF-0000015946,USR-039,"[""PF-PERMITAPPLICATION-001242"",""PF-AGENCY-000242""]"
PF-PERMITAPPLICATION-001244,Application Reopened,2023-06-07T06:46:00Z,wf_task_history,WF-0000015971,USR-073,"[""PF-PERMITAPPLICATION-001244"",""PF-AGENCY-000244""]"
PF-PERMITAPPLICATION-001130,Completeness Rejected,2023-06-07T07:00:00Z,wf_external_task,WF-0000015980,USR-048,"[""PF-PERMITAPPLICATION-001130"",""PF-OBJECTION-000130"",""PF-REVIEW-000130""]"
PF-PERMITAPPLICATION-001130,Application Reopened,2023-06-07T07:52:00Z,wf_task_history,WF-0000015981,USR-040,"[""PF-PERMITAPPLICATION-001130"",""PF-AGENCY-000130""]"
PF-PERMITAPPLICATION-001130,Inspection Failed,2023-06-07T08:14:00Z,wf_message_delivery,WF-0000015982,USR-086,"[""PF-PERMITAPPLICATION-001130"",""PF-DOCUMENT-000130"",""PF-INSPECTION-000130""]"
PF-PERMITAPPLICATION-001130,Reinspection Requested,2023-06-07T08:51:00Z,wf_form_submission,WF-0000015983,USR-087,"[""PF-PERMITAPPLICATION-001130"",""PF-REVIEW-000130""]"
PF-PERMITAPPLICATION-001151,Reinspection Requested,2023-06-07T09:38:00Z,wf_form_submission,WF-0000015993,USR-063,"[""PF-PERMITAPPLICATION-001151"",""PF-REVIEW-000151"",""PF-VIOLATION-000151""]"
PF-PERMITAPPLICATION-001246,Application Reopened,2023-06-07T12:48:00Z,wf_task_history,WF-0000016000,USR-107,"[""PF-PERMITAPPLICATION-001246"",""PF-AGENCY-000246""]"
PF-PERMITAPPLICATION-001248,Application Reopened,2023-06-07T18:50:00Z,wf_task_history,WF-0000016025,USR-014,"[""PF-PERMITAPPLICATION-001248"",""PF-AGENCY-000248"",""PF-CONDITION-000248""]"
PF-PERMITAPPLICATION-001135,Completeness Rejected,2023-06-07T22:00:00Z,wf_external_task,WF-0000016044,USR-006,"[""PF-PERMITAPPLICATION-001135"",""PF-OBJECTION-000135"",""PF-REVIEW-000135""]"
PF-PERMITAPPLICATION-001135,Application Reopened,2023-06-07T22:52:00Z,wf_task_history,WF-0000016045,USR-125,"[""PF-PERMITAPPLICATION-001135"",""PF-AGENCY-000135""]"
PF-PERMITAPPLICATION-001135,Inspection Failed,2023-06-07T23:14:00Z,wf_message_delivery,WF-0000016046,USR-044,"[""PF-PERMITAPPLICATION-001135"",""PF-DOCUMENT-000135"",""PF-INSPECTION-000135""]"
PF-PERMITAPPLICATION-001135,Reinspection Requested,2023-06-07T23:51:00Z,wf_form_submission,WF-0000016047,USR-045,"[""PF-PERMITAPPLICATION-001135"",""PF-REVIEW-000135""]"
PF-PERMITAPPLICATION-001250,Application Reopened,2023-06-08T00:52:00Z,wf_task_history,WF-0000016052,USR-048,"[""PF-PERMITAPPLICATION-001250"",""PF-AGENCY-000250""]"
PF-PERMITAPPLICATION-001235,Completeness Rejected,2023-06-08T03:30:00Z,wf_external_task,WF-0000016061,USR-055,"[""PF-PERMITAPPLICATION-001235"",""PF-OBJECTION-000235"",""PF-REVIEW-000235""]"
PF-PERMITAPPLICATION-001252,Application Reopened,2023-06-08T06:54:00Z,wf_task_history,WF-0000016076,USR-082,"[""PF-PERMITAPPLICATION-001252"",""PF-AGENCY-000252""]"
PF-PERMITAPPLICATION-001254,Application Reopened,2023-06-08T12:56:00Z,wf_task_history,WF-0000016105,USR-116,"[""PF-PERMITAPPLICATION-001254"",""PF-AGENCY-000254"",""PF-CONDITION-000254""]"
PF-PERMITAPPLICATION-001140,Completeness Rejected,2023-06-08T13:00:00Z,wf_external_task,WF-0000016112,USR-091,"[""PF-PERMITAPPLICATION-001140"",""PF-OBJECTION-000140""]"
PF-PERMITAPPLICATION-001140,Application Reopened,2023-06-08T13:52:00Z,wf_task_history,WF-0000016113,USR-083,"[""PF-PERMITAPPLICATION-001140"",""PF-AGENCY-000140"",""PF-CONDITION-000140""]"
PF-PERMITAPPLICATION-001140,Inspection Failed,2023-06-08T14:14:00Z,wf_message_delivery,WF-0000016114,USR-002,"[""PF-PERMITAPPLICATION-001140"",""PF-DOCUMENT-000140""]"
PF-PERMITAPPLICATION-001140,Reinspection Requested,2023-06-08T14:51:00Z,wf_form_submission,WF-0000016115,USR-003,"[""PF-PERMITAPPLICATION-001140"",""PF-REVIEW-000140"",""PF-VIOLATION-000140""]"
PF-PERMITAPPLICATION-001256,Application Reopened,2023-06-08T18:58:00Z,wf_task_history,WF-0000016133,USR-023,"[""PF-PERMITAPPLICATION-001256"",""PF-AGENCY-000256""]"
PF-PERMITAPPLICATION-001258,Application Reopened,2023-06-09T01:00:00Z,wf_task_history,WF-0000016154,USR-057,"[""PF-PERMITAPPLICATION-001258"",""PF-AGENCY-000258"",""PF-CONDITION-000258""]"
PF-PERMITAPPLICATION-001167,Inspection Failed,2023-06-09T03:00:00Z,wf_message_delivery,WF-0000016162,USR-080,"[""PF-PERMITAPPLICATION-001167"",""PF-DOCUMENT-000167""]"
PF-PERMITAPPLICATION-001145,Completeness Rejected,2023-06-09T04:00:00Z,wf_external_task,WF-0000016175,USR-049,"[""PF-PERMITAPPLICATION-001145"",""PF-OBJECTION-000145""]"
PF-PERMITAPPLICATION-001145,Application Reopened,2023-06-09T04:52:00Z,wf_task_history,WF-0000016176,USR-041,"[""PF-PERMITAPPLICATION-001145"",""PF-AGENCY-000145""]"
PF-PERMITAPPLICATION-001145,Inspection Failed,2023-06-09T05:14:00Z,wf_message_delivery,WF-0000016177,USR-087,"[""PF-PERMITAPPLICATION-001145"",""PF-DOCUMENT-000145""]"
PF-PERMITAPPLICATION-001145,Reinspection Requested,2023-06-09T05:51:00Z,wf_form_submission,WF-0000016178,USR-088,"[""PF-PERMITAPPLICATION-001145"",""PF-REVIEW-000145"",""PF-VIOLATION-000145""]"
PF-PERMITAPPLICATION-001260,Application Reopened,2023-06-09T07:02:00Z,wf_task_history,WF-0000016185,USR-091,"[""PF-PERMITAPPLICATION-001260"",""PF-AGENCY-000260""]"
PF-PERMITAPPLICATION-001262,Application Reopened,2023-06-09T13:04:00Z,wf_task_history,WF-0000016211,USR-125,"[""PF-PERMITAPPLICATION-001262"",""PF-AGENCY-000262"",""PF-CONDITION-000262""]"
PF-PERMITAPPLICATION-001248,Completeness Rejected,2023-06-09T18:43:00Z,wf_external_task,WF-0000016237,USR-022,"[""PF-PERMITAPPLICATION-001248"",""PF-OBJECTION-000248"",""PF-REVIEW-000248""]"
PF-PERMITAPPLICATION-001150,Completeness Rejected,2023-06-09T19:00:00Z,wf_external_task,WF-0000016244,USR-007,"[""PF-PERMITAPPLICATION-001150"",""PF-OBJECTION-000150"",""PF-REVIEW-000150""]"
PF-PERMITAPPLICATION-001264,Application Reopened,2023-06-09T19:06:00Z,wf_task_history,WF-0000016241,USR-032,"[""PF-PERMITAPPLICATION-001264"",""PF-AGENCY-000264""]"
PF-PERMITAPPLICATION-001150,Application Reopened,2023-06-09T19:52:00Z,wf_task_history,WF-0000016245,USR-126,"[""PF-PERMITAPPLICATION-001150"",""PF-AGENCY-000150""]"
PF-PERMITAPPLICATION-001150,Inspection Failed,2023-06-09T20:14:00Z,wf_message_delivery,WF-0000016246,USR-045,"[""PF-PERMITAPPLICATION-001150"",""PF-DOCUMENT-000150"",""PF-INSPECTION-000150""]"
PF-PERMITAPPLICATION-001150,Reinspection Requested,2023-06-09T20:51:00Z,wf_form_submission,WF-0000016247,USR-046,"[""PF-PERMITAPPLICATION-001150"",""PF-REVIEW-000150""]"
PF-PERMITAPPLICATION-001266,Application Reopened,2023-06-10T00:15:00Z,wf_task_history,WF-0000016258,USR-066,"[""PF-PERMITAPPLICATION-001266"",""PF-AGENCY-000266"",""PF-CONDITION-000266""]"
PF-PERMITAPPLICATION-001174,Reinspection Requested,2023-06-10T06:08:00Z,wf_form_submission,WF-0000016290,USR-073,"[""PF-PERMITAPPLICATION-001174"",""PF-REVIEW-000174"",""PF-VIOLATION-000174""]"
PF-PERMITAPPLICATION-001268,Application Reopened,2023-06-10T06:17:00Z,wf_task_history,WF-0000016284,USR-100,"[""PF-PERMITAPPLICATION-001268"",""PF-AGENCY-000268""]"
PF-PERMITAPPLICATION-001155,Completeness Rejected,2023-06-10T10:00:00Z,wf_external_task,WF-0000016307,USR-092,"[""PF-PERMITAPPLICATION-001155"",""PF-OBJECTION-000155""]"
PF-PERMITAPPLICATION-001155,Application Reopened,2023-06-10T10:52:00Z,wf_task_history,WF-0000016308,USR-084,"[""PF-PERMITAPPLICATION-001155"",""PF-AGENCY-000155"",""PF-CONDITION-000155""]"
PF-PERMITAPPLICATION-001155,Inspection Failed,2023-06-10T11:14:00Z,wf_message_delivery,WF-0000016309,USR-003,"[""PF-PERMITAPPLICATION-001155"",""PF-DOCUMENT-000155""]"
PF-PERMITAPPLICATION-001155,Reinspection Requested,2023-06-10T11:51:00Z,wf_form_submission,WF-0000016310,USR-004,"[""PF-PERMITAPPLICATION-001155"",""PF-REVIEW-000155""]"
PF-PERMITAPPLICATION-001270,Application Reopened,2023-06-10T12:19:00Z,wf_task_history,WF-0000016313,USR-007,"[""PF-PERMITAPPLICATION-001270"",""PF-AGENCY-000270""]"
PF-PERMITAPPLICATION-001272,Application Reopened,2023-06-10T18:21:00Z,wf_task_history,WF-0000016335,USR-041,"[""PF-PERMITAPPLICATION-001272"",""PF-AGENCY-000272""]"
PF-PERMITAPPLICATION-001274,Application Reopened,2023-06-11T00:23:00Z,wf_task_history,WF-0000016358,USR-075,"[""PF-PERMITAPPLICATION-001274"",""PF-AGENCY-000274"",""PF-CONDITION-000274""]"
PF-PERMITAPPLICATION-001160,Completeness Rejected,2023-06-11T01:00:00Z,wf_external_task,WF-0000016370,USR-050,"[""PF-PERMITAPPLICATION-001160"",""PF-OBJECTION-000160""]"
PF-PERMITAPPLICATION-001160,Application Reopened,2023-06-11T01:52:00Z,wf_task_history,WF-0000016371,USR-042,"[""PF-PERMITAPPLICATION-001160"",""PF-AGENCY-000160""]"
PF-PERMITAPPLICATION-001160,Inspection Failed,2023-06-11T02:14:00Z,wf_message_delivery,WF-0000016372,USR-088,"[""PF-PERMITAPPLICATION-001160"",""PF-DOCUMENT-000160""]"
PF-PERMITAPPLICATION-001160,Reinspection Requested,2023-06-11T02:51:00Z,wf_form_submission,WF-0000016373,USR-089,"[""PF-PERMITAPPLICATION-001160"",""PF-REVIEW-000160"",""PF-VIOLATION-000160""]"
PF-PERMITAPPLICATION-001276,Application Reopened,2023-06-11T06:25:00Z,wf_task_history,WF-0000016395,USR-109,"[""PF-PERMITAPPLICATION-001276"",""PF-AGENCY-000276""]"
PF-PERMITAPPLICATION-001261,Completeness Rejected,2023-06-11T09:03:00Z,wf_external_task,WF-0000016403,USR-116,"[""PF-PERMITAPPLICATION-001261"",""PF-OBJECTION-000261"",""PF-REVIEW-000261""]"
PF-PERMITAPPLICATION-001186,Inspection Failed,2023-06-11T12:19:00Z,wf_message_delivery,WF-0000016424,USR-022,"[""PF-PERMITAPPLICATION-001186"",""PF-DOCUMENT-000186""]"
PF-PERMITAPPLICATION-001278,Application Reopened,2023-06-11T12:27:00Z,wf_task_history,WF-0000016417,USR-016,"[""PF-PERMITAPPLICATION-001278"",""PF-AGENCY-000278""]"
PF-PERMITAPPLICATION-001165,Completeness Rejected,2023-06-11T16:00:00Z,wf_external_task,WF-0000016437,USR-008,"[""PF-PERMITAPPLICATION-001165"",""PF-OBJECTION-000165""]"
PF-PERMITAPPLICATION-001165,Application Reopened,2023-06-11T16:52:00Z,wf_task_history,WF-0000016438,USR-127,"[""PF-PERMITAPPLICATION-001165"",""PF-AGENCY-000165"",""PF-CONDITION-000165""]"
PF-PERMITAPPLICATION-001165,Inspection Failed,2023-06-11T17:14:00Z,wf_message_delivery,WF-0000016439,USR-046,"[""PF-PERMITAPPLICATION-001165"",""PF-DOCUMENT-000165""]"
PF-PERMITAPPLICATION-001165,Reinspection Requested,2023-06-11T17:51:00Z,wf_form_submission,WF-0000016440,USR-047,"[""PF-PERMITAPPLICATION-001165"",""PF-REVIEW-000165"",""PF-VIOLATION-000165""]"
PF-PERMITAPPLICATION-001280,Application Reopened,2023-06-11T18:29:00Z,wf_task_history,WF-0000016443,USR-050,"[""PF-PERMITAPPLICATION-001280"",""PF-AGENCY-000280""]"
PF-PERMITAPPLICATION-001282,Application Reopened,2023-06-12T00:31:00Z,wf_task_history,WF-0000016465,USR-084,"[""PF-PERMITAPPLICATION-001282"",""PF-AGENCY-000282"",""PF-CONDITION-000282""]"
PF-PERMITAPPLICATION-001284,Application Reopened,2023-06-12T06:33:00Z,wf_task_history,WF-0000016491,USR-118,"[""PF-PERMITAPPLICATION-001284"",""PF-AGENCY-000284""]"
PF-PERMITAPPLICATION-001170,Completeness Rejected,2023-06-12T07:00:00Z,wf_external_task,WF-0000016500,USR-093,"[""PF-PERMITAPPLICATION-001170"",""PF-OBJECTION-000170"",""PF-REVIEW-000170""]"
PF-PERMITAPPLICATION-001170,Application Reopened,2023-06-12T07:52:00Z,wf_task_history,WF-0000016501,USR-085,"[""PF-PERMITAPPLICATION-001170"",""PF-AGENCY-000170""]"
PF-PERMITAPPLICATION-001170,Inspection Failed,2023-06-12T08:14:00Z,wf_message_delivery,WF-0000016502,USR-004,"[""PF-PERMITAPPLICATION-001170"",""PF-DOCUMENT-000170"",""PF-INSPECTION-000170""]"
PF-PERMITAPPLICATION-001170,Reinspection Requested,2023-06-12T08:51:00Z,wf_form_submission,WF-0000016503,USR-005,"[""PF-PERMITAPPLICATION-001170"",""PF-REVIEW-000170""]"
PF-PERMITAPPLICATION-001286,Application Reopened,2023-06-12T12:35:00Z,wf_task_history,WF-0000016519,USR-025,"[""PF-PERMITAPPLICATION-001286"",""PF-AGENCY-000286""]"
PF-PERMITAPPLICATION-001288,Application Reopened,2023-06-12T18:37:00Z,wf_task_history,WF-0000016548,USR-059,"[""PF-PERMITAPPLICATION-001288"",""PF-AGENCY-000288"",""PF-CONDITION-000288""]"
PF-PERMITAPPLICATION-001175,Completeness Rejected,2023-06-12T22:00:00Z,wf_external_task,WF-0000016568,USR-051,"[""PF-PERMITAPPLICATION-001175"",""PF-OBJECTION-000175""]"
PF-PERMITAPPLICATION-001175,Application Reopened,2023-06-12T22:52:00Z,wf_task_history,WF-0000016569,USR-043,"[""PF-PERMITAPPLICATION-001175"",""PF-AGENCY-000175""]"
PF-PERMITAPPLICATION-001175,Inspection Failed,2023-06-12T23:14:00Z,wf_message_delivery,WF-0000016570,USR-089,"[""PF-PERMITAPPLICATION-001175"",""PF-DOCUMENT-000175""]"
PF-PERMITAPPLICATION-001175,Reinspection Requested,2023-06-12T23:51:00Z,wf_form_submission,WF-0000016571,USR-090,"[""PF-PERMITAPPLICATION-001175"",""PF-REVIEW-000175"",""PF-VIOLATION-000175""]"
PF-PERMITAPPLICATION-001274,Completeness Rejected,2023-06-13T00:16:00Z,wf_external_task,WF-0000016574,USR-083,"[""PF-PERMITAPPLICATION-001274"",""PF-OBJECTION-000274"",""PF-REVIEW-000274""]"
PF-PERMITAPPLICATION-001290,Application Reopened,2023-06-13T00:39:00Z,wf_task_history,WF-0000016577,USR-093,"[""PF-PERMITAPPLICATION-001290"",""PF-AGENCY-000290""]"
PF-PERMITAPPLICATION-001197,Reinspection Requested,2023-06-13T03:31:00Z,wf_form_submission,WF-0000016593,USR-083,"[""PF-PERMITAPPLICATION-001197"",""PF-REVIEW-000197""]"
PF-PERMITAPPLICATION-001292,Application Reopened,2023-06-13T06:41:00Z,wf_task_history,WF-0000016600,USR-127,"[""PF-PERMITAPPLICATION-001292"",""PF-AGENCY-000292"",""PF-CONDITION-000292""]"
PF-PERMITAPPLICATION-001294,Application Reopened,2023-06-13T12:43:00Z,wf_task_history,WF-0000016622,USR-034,"[""PF-PERMITAPPLICATION-001294"",""PF-AGENCY-000294"",""PF-CONDITION-000294""]"
PF-PERMITAPPLICATION-001180,Completeness Rejected,2023-06-13T13:00:00Z,wf_external_task,WF-0000016631,USR-009,"[""PF-PERMITAPPLICATION-001180"",""PF-OBJECTION-000180""]"
PF-PERMITAPPLICATION-001180,Application Reopened,2023-06-13T13:52:00Z,wf_task_history,WF-0000016632,USR-001,"[""PF-PERMITAPPLICATION-001180"",""PF-AGENCY-000180"",""PF-CONDITION-000180""]"
PF-PERMITAPPLICATION-001180,Inspection Failed,2023-06-13T14:14:00Z,wf_message_delivery,WF-0000016633,USR-047,"[""PF-PERMITAPPLICATION-001180"",""PF-DOCUMENT-000180""]"
PF-PERMITAPPLICATION-001180,Reinspection Requested,2023-06-13T14:51:00Z,wf_form_submission,WF-0000016634,USR-048,"[""PF-PERMITAPPLICATION-001180"",""PF-REVIEW-000180""]"
PF-PERMITAPPLICATION-001296,Application Reopened,2023-06-13T18:45:00Z,wf_task_history,WF-0000016650,USR-068,"[""PF-PERMITAPPLICATION-001296"",""PF-AGENCY-000296"",""PF-CONDITION-000296""]"
PF-PERMITAPPLICATION-001205,Inspection Failed,2023-06-13T21:38:00Z,wf_message_delivery,WF-0000016673,USR-091,"[""PF-PERMITAPPLICATION-001205"",""PF-DOCUMENT-000205""]"
PF-PERMITAPPLICATION-001298,Application Reopened,2023-06-14T00:47:00Z,wf_task_history,WF-0000016683,USR-102,"[""PF-PERMITAPPLICATION-001298"",""PF-AGENCY-000298""]"
PF-PERMITAPPLICATION-001185,Completeness Rejected,2023-06-14T04:00:00Z,wf_external_task,WF-0000016700,USR-094,"[""PF-PERMITAPPLICATION-001185"",""PF-OBJECTION-000185""]"
PF-PERMITAPPLICATION-001185,Application Reopened,2023-06-14T04:52:00Z,wf_task_history,WF-0000016701,USR-086,"[""PF-PERMITAPPLICATION-001185"",""PF-AGENCY-000185""]"
PF-PERMITAPPLICATION-001185,Inspection Failed,2023-06-14T05:14:00Z,wf_message_delivery,WF-0000016702,USR-005,"[""PF-PERMITAPPLICATION-001185"",""PF-DOCUMENT-000185""]"
PF-PERMITAPPLICATION-001185,Reinspection Requested,2023-06-14T05:51:00Z,wf_form_submission,WF-0000016703,USR-006,"[""PF-PERMITAPPLICATION-001185"",""PF-REVIEW-000185"",""PF-VIOLATION-000185""]"
PF-PERMITAPPLICATION-001300,Application Reopened,2023-06-14T06:49:00Z,wf_task_history,WF-0000016708,USR-009,"[""PF-PERMITAPPLICATION-001300"",""PF-AGENCY-000300""]"
PF-PERMITAPPLICATION-001302,Application Reopened,2023-06-14T12:51:00Z,wf_task_history,WF-0000016732,USR-043,"[""PF-PERMITAPPLICATION-001302"",""PF-AGENCY-000302""]"
PF-PERMITAPPLICATION-001287,Completeness Rejected,2023-06-14T15:29:00Z,wf_external_task,WF-0000016741,USR-050,"[""PF-PERMITAPPLICATION-001287"",""PF-OBJECTION-000287""]"
PF-PERMITAPPLICATION-001304,Application Reopened,2023-06-14T18:53:00Z,wf_task_history,WF-0000016754,USR-077,"[""PF-PERMITAPPLICATION-001304"",""PF-AGENCY-000304"",""PF-CONDITION-000304""]"
PF-PERMITAPPLICATION-001190,Completeness Rejected,2023-06-14T19:00:00Z,wf_external_task,WF-0000016761,USR-052,"[""PF-PERMITAPPLICATION-001190"",""PF-OBJECTION-000190""]"
PF-PERMITAPPLICATION-001190,Application Reopened,2023-06-14T19:52:00Z,wf_task_history,WF-0000016762,USR-044,"[""PF-PERMITAPPLICATION-001190"",""PF-AGENCY-000190"",""PF-CONDITION-000190""]"
PF-PERMITAPPLICATION-001190,Inspection Failed,2023-06-14T20:14:00Z,wf_message_delivery,WF-0000016763,USR-090,"[""PF-PERMITAPPLICATION-001190"",""PF-DOCUMENT-000190""]"
PF-PERMITAPPLICATION-001190,Reinspection Requested,2023-06-14T20:51:00Z,wf_form_submission,WF-0000016764,USR-091,"[""PF-PERMITAPPLICATION-001190"",""PF-REVIEW-000190""]"
PF-PERMITAPPLICATION-001306,Application Reopened,2023-06-15T00:55:00Z,wf_task_history,WF-0000016782,USR-111,"[""PF-PERMITAPPLICATION-001306"",""PF-AGENCY-000306"",""PF-CONDITION-000306""]"
PF-PERMITAPPLICATION-001308,Application Reopened,2023-06-15T06:57:00Z,wf_task_history,WF-0000016809,USR-018,"[""PF-PERMITAPPLICATION-001308"",""PF-AGENCY-000308"",""PF-CONDITION-000308""]"
PF-PERMITAPPLICATION-001195,Completeness Rejected,2023-06-15T10:00:00Z,wf_external_task,WF-0000016831,USR-010,"[""PF-PERMITAPPLICATION-001195"",""PF-OBJECTION-000195""]"
PF-PERMITAPPLICATION-001195,Application Reopened,2023-06-15T10:52:00Z,wf_task_history,WF-0000016832,USR-002,"[""PF-PERMITAPPLICATION-001195"",""PF-AGENCY-000195"",""PF-CONDITION-000195""]"
PF-PERMITAPPLICATION-001195,Inspection Failed,2023-06-15T11:14:00Z,wf_message_delivery,WF-0000016833,USR-048,"[""PF-PERMITAPPLICATION-001195"",""PF-DOCUMENT-000195""]"
PF-PERMITAPPLICATION-001195,Reinspection Requested,2023-06-15T11:51:00Z,wf_form_submission,WF-0000016834,USR-049,"[""PF-PERMITAPPLICATION-001195"",""PF-REVIEW-000195"",""PF-VIOLATION-000195""]"
PF-PERMITAPPLICATION-001310,Application Reopened,2023-06-15T12:59:00Z,wf_task_history,WF-0000016839,USR-052,"[""PF-PERMITAPPLICATION-001310"",""PF-AGENCY-000310""]"
PF-PERMITAPPLICATION-001312,Application Reopened,2023-06-15T19:01:00Z,wf_task_history,WF-0000016863,USR-086,"[""PF-PERMITAPPLICATION-001312"",""PF-AGENCY-000312"",""PF-CONDITION-000312""]"
PF-PERMITAPPLICATION-001220,Reinspection Requested,2023-06-16T00:01:00Z,wf_form_submission,WF-0000016882,USR-093,"[""PF-PERMITAPPLICATION-001220"",""PF-REVIEW-000220"",""PF-VIOLATION-000220""]"
PF-PERMITAPPLICATION-001200,Completeness Rejected,2023-06-16T01:00:00Z,wf_external_task,WF-0000016893,USR-095,"[""PF-PERMITAPPLICATION-001200"",""PF-OBJECTION-000200"",""PF-REVIEW-000200""]"
PF-PERMITAPPLICATION-001314,Application Reopened,2023-06-16T01:03:00Z,wf_task_history,WF-0000016887,USR-120,"[""PF-PERMITAPPLICATION-001314"",""PF-AGENCY-000314"",""PF-CONDITION-000314""]"
PF-PERMITAPPLICATION-001200,Application Reopened,2023-06-16T01:52:00Z,wf_task_history,WF-0000016894,USR-087,"[""PF-PERMITAPPLICATION-001200"",""PF-AGENCY-000200""]"
PF-PERMITAPPLICATION-001200,Inspection Failed,2023-06-16T02:14:00Z,wf_message_delivery,WF-0000016895,USR-006,"[""PF-PERMITAPPLICATION-001200"",""PF-DOCUMENT-000200"",""PF-INSPECTION-000200""]"
PF-PERMITAPPLICATION-001200,Reinspection Requested,2023-06-16T02:51:00Z,wf_form_submission,WF-0000016896,USR-007,"[""PF-PERMITAPPLICATION-001200"",""PF-REVIEW-000200""]"
PF-PERMITAPPLICATION-001224,Inspection Failed,2023-06-16T06:04:00Z,wf_message_delivery,WF-0000016913,USR-033,"[""PF-PERMITAPPLICATION-001224"",""PF-DOCUMENT-000224""]"
PF-PERMITAPPLICATION-001300,Completeness Rejected,2023-06-16T06:42:00Z,wf_external_task,WF-0000016915,USR-017,"[""PF-PERMITAPPLICATION-001300"",""PF-OBJECTION-000300"",""PF-REVIEW-000300""]"
PF-PERMITAPPLICATION-001316,Application Reopened,2023-06-16T07:05:00Z,wf_task_history,WF-0000016918,USR-027,"[""PF-PERMITAPPLICATION-001316"",""PF-AGENCY-000316"",""PF-CONDITION-000316""]"
PF-PERMITAPPLICATION-001318,Application Reopened,2023-06-16T13:07:00Z,wf_task_history,WF-0000016943,USR-061,"[""PF-PERMITAPPLICATION-001318"",""PF-AGENCY-000318"",""PF-CONDITION-000318""]"
PF-PERMITAPPLICATION-001205,Completeness Rejected,2023-06-16T16:00:00Z,wf_external_task,WF-0000016962,USR-053,"[""PF-PERMITAPPLICATION-001205"",""PF-OBJECTION-000205"",""PF-REVIEW-000205""]"
PF-PERMITAPPLICATION-001205,Application Reopened,2023-06-16T16:52:00Z,wf_task_history,WF-0000016963,USR-045,"[""PF-PERMITAPPLICATION-001205"",""PF-AGENCY-000205""]"
PF-PERMITAPPLICATION-001205,Inspection Failed,2023-06-16T17:14:00Z,wf_message_delivery,WF-0000016964,USR-091,"[""PF-PERMITAPPLICATION-001205"",""PF-DOCUMENT-000205"",""PF-INSPECTION-000205""]"
PF-PERMITAPPLICATION-001205,Reinspection Requested,2023-06-16T17:51:00Z,wf_form_submission,WF-0000016965,USR-092,"[""PF-PERMITAPPLICATION-001205"",""PF-REVIEW-000205""]"
PF-PERMITAPPLICATION-001320,Application Reopened,2023-06-16T18:16:00Z,wf_task_history,WF-0000016966,USR-095,"[""PF-PERMITAPPLICATION-001320"",""PF-AGENCY-000320""]"
PF-PERMITAPPLICATION-001322,Application Reopened,2023-06-17T00:18:00Z,wf_task_history,WF-0000016991,USR-002,"[""PF-PERMITAPPLICATION-001322"",""PF-AGENCY-000322""]"
PF-PERMITAPPLICATION-001324,Application Reopened,2023-06-17T06:20:00Z,wf_task_history,WF-0000017016,USR-036,"[""PF-PERMITAPPLICATION-001324"",""PF-AGENCY-000324""]"
PF-PERMITAPPLICATION-001210,Completeness Rejected,2023-06-17T07:00:00Z,wf_external_task,WF-0000017025,USR-011,"[""PF-PERMITAPPLICATION-001210"",""PF-OBJECTION-000210""]"
PF-PERMITAPPLICATION-001210,Application Reopened,2023-06-17T07:52:00Z,wf_task_history,WF-0000017026,USR-003,"[""PF-PERMITAPPLICATION-001210"",""PF-AGENCY-000210""]"
PF-PERMITAPPLICATION-001210,Inspection Failed,2023-06-17T08:14:00Z,wf_message_delivery,WF-0000017027,USR-049,"[""PF-PERMITAPPLICATION-001210"",""PF-DOCUMENT-000210""]"
PF-PERMITAPPLICATION-001210,Reinspection Requested,2023-06-17T08:51:00Z,wf_form_submission,WF-0000017028,USR-050,"[""PF-PERMITAPPLICATION-001210"",""PF-REVIEW-000210"",""PF-VIOLATION-000210""]"
PF-PERMITAPPLICATION-001326,Application Reopened,2023-06-17T12:22:00Z,wf_task_history,WF-0000017043,USR-070,"[""PF-PERMITAPPLICATION-001326"",""PF-AGENCY-000326""]"
PF-PERMITAPPLICATION-001328,Application Reopened,2023-06-17T18:24:00Z,wf_task_history,WF-0000017064,USR-104,"[""PF-PERMITAPPLICATION-001328"",""PF-AGENCY-000328"",""PF-CONDITION-000328""]"
PF-PERMITAPPLICATION-001313,Completeness Rejected,2023-06-17T21:02:00Z,wf_external_task,WF-0000017075,USR-111,"[""PF-PERMITAPPLICATION-001313"",""PF-OBJECTION-000313""]"
PF-PERMITAPPLICATION-001215,Completeness Rejected,2023-06-17T22:00:00Z,wf_external_task,WF-0000017087,USR-096,"[""PF-PERMITAPPLICATION-001215"",""PF-OBJECTION-000215""]"
PF-PERMITAPPLICATION-001215,Application Reopened,2023-06-17T22:52:00Z,wf_task_history,WF-0000017088,USR-088,"[""PF-PERMITAPPLICATION-001215"",""PF-AGENCY-000215"",""PF-CONDITION-000215""]"
PF-PERMITAPPLICATION-001215,Inspection Failed,2023-06-17T23:14:00Z,wf_message_delivery,WF-0000017089,USR-007,"[""PF-PERMITAPPLICATION-001215"",""PF-DOCUMENT-000215""]"
PF-PERMITAPPLICATION-001215,Reinspection Requested,2023-06-17T23:51:00Z,wf_form_submission,WF-0000017090,USR-008,"[""PF-PERMITAPPLICATION-001215"",""PF-REVIEW-000215""]"
PF-PERMITAPPLICATION-001330,Application Reopened,2023-06-18T00:26:00Z,wf_task_history,WF-0000017095,USR-011,"[""PF-PERMITAPPLICATION-001330"",""PF-AGENCY-000330"",""PF-CONDITION-000330""]"
PF-PERMITAPPLICATION-001332,Application Reopened,2023-06-18T06:28:00Z,wf_task_history,WF-0000017124,USR-045,"[""PF-PERMITAPPLICATION-001332"",""PF-AGENCY-000332"",""PF-CONDITION-000332""]"
PF-PERMITAPPLICATION-001334,Application Reopened,2023-06-18T12:30:00Z,wf_task_history,WF-0000017147,USR-079,"[""PF-PERMITAPPLICATION-001334"",""PF-AGENCY-000334""]"
PF-PERMITAPPLICATION-001220,Completeness Rejected,2023-06-18T13:00:00Z,wf_external_task,WF-0000017156,USR-054,"[""PF-PERMITAPPLICATION-001220"",""PF-OBJECTION-000220""]"
PF-PERMITAPPLICATION-001220,Application Reopened,2023-06-18T13:52:00Z,wf_task_history,WF-0000017157,USR-046,"[""PF-PERMITAPPLICATION-001220"",""PF-AGENCY-000220"",""PF-CONDITION-000220""]"
PF-PERMITAPPLICATION-001220,Inspection Failed,2023-06-18T14:14:00Z,wf_message_delivery,WF-0000017158,USR-092,"[""PF-PERMITAPPLICATION-001220"",""PF-DOCUMENT-000220""]"
PF-PERMITAPPLICATION-001220,Reinspection Requested,2023-06-18T14:51:00Z,wf_form_submission,WF-0000017159,USR-093,"[""PF-PERMITAPPLICATION-001220"",""PF-REVIEW-000220""]"
PF-PERMITAPPLICATION-001243,Inspection Failed,2023-06-18T15:23:00Z,wf_message_delivery,WF-0000017170,USR-102,"[""PF-PERMITAPPLICATION-001243"",""PF-DOCUMENT-000243"",""PF-INSPECTION-000243""]"
PF-PERMITAPPLICATION-001336,Application Reopened,2023-06-18T18:32:00Z,wf_task_history,WF-0000017175,USR-113,"[""PF-PERMITAPPLICATION-001336"",""PF-AGENCY-000336""]"
PF-PERMITAPPLICATION-001243,Reinspection Requested,2023-06-18T21:24:00Z,wf_form_submission,WF-0000017194,USR-103,"[""PF-PERMITAPPLICATION-001243"",""PF-REVIEW-000243""]"
PF-PERMITAPPLICATION-001338,Application Reopened,2023-06-19T00:34:00Z,wf_task_history,WF-0000017199,USR-020,"[""PF-PERMITAPPLICATION-001338"",""PF-AGENCY-000338"",""PF-CONDITION-000338""]"
PF-PERMITAPPLICATION-001225,Completeness Rejected,2023-06-19T04:00:00Z,wf_external_task,WF-0000017220,USR-012,"[""PF-PERMITAPPLICATION-001225"",""PF-OBJECTION-000225"",""PF-REVIEW-000225""]"
PF-PERMITAPPLICATION-001225,Application Reopened,2023-06-19T04:52:00Z,wf_task_history,WF-0000017221,USR-004,"[""PF-PERMITAPPLICATION-001225"",""PF-AGENCY-000225""]"
PF-PERMITAPPLICATION-001225,Inspection Failed,2023-06-19T05:14:00Z,wf_message_delivery,WF-0000017222,USR-050,"[""PF-PERMITAPPLICATION-001225"",""PF-DOCUMENT-000225"",""PF-INSPECTION-000225""]"
PF-PERMITAPPLICATION-001225,Reinspection Requested,2023-06-19T05:51:00Z,wf_form_submission,WF-0000017223,USR-051,"[""PF-PERMITAPPLICATION-001225"",""PF-REVIEW-000225""]"
PF-PERMITAPPLICATION-001340,Application Reopened,2023-06-19T06:36:00Z,wf_task_history,WF-0000017227,USR-054,"[""PF-PERMITAPPLICATION-001340"",""PF-AGENCY-000340"",""PF-CONDITION-000340""]"
PF-PERMITAPPLICATION-001326,Completeness Rejected,2023-06-19T12:15:00Z,wf_external_task,WF-0000017251,USR-078,"[""PF-PERMITAPPLICATION-001326"",""PF-OBJECTION-000326"",""PF-REVIEW-000326""]"
PF-PERMITAPPLICATION-001342,Application Reopened,2023-06-19T12:38:00Z,wf_task_history,WF-0000017254,USR-088,"[""PF-PERMITAPPLICATION-001342"",""PF-AGENCY-000342""]"
PF-PERMITAPPLICATION-001344,Application Reopened,2023-06-19T18:40:00Z,wf_task_history,WF-0000017278,USR-122,"[""PF-PERMITAPPLICATION-001344"",""PF-AGENCY-000344""]"
PF-PERMITAPPLICATION-001230,Completeness Rejected,2023-06-19T19:00:00Z,wf_external_task,WF-0000017288,USR-097,"[""PF-PERMITAPPLICATION-001230"",""PF-OBJECTION-000230""]"
PF-PERMITAPPLICATION-001230,Application Reopened,2023-06-19T19:52:00Z,wf_task_history,WF-0000017289,USR-089,"[""PF-PERMITAPPLICATION-001230"",""PF-AGENCY-000230"",""PF-CONDITION-000230""]"
PF-PERMITAPPLICATION-001230,Inspection Failed,2023-06-19T20:14:00Z,wf_message_delivery,WF-0000017290,USR-008,"[""PF-PERMITAPPLICATION-001230"",""PF-DOCUMENT-000230""]"
PF-PERMITAPPLICATION-001230,Reinspection Requested,2023-06-19T20:51:00Z,wf_form_submission,WF-0000017291,USR-009,"[""PF-PERMITAPPLICATION-001230"",""PF-REVIEW-000230""]"
PF-PERMITAPPLICATION-001346,Application Reopened,2023-06-20T00:42:00Z,wf_task_history,WF-0000017306,USR-029,"[""PF-PERMITAPPLICATION-001346"",""PF-AGENCY-000346""]"
PF-PERMITAPPLICATION-001348,Application Reopened,2023-06-20T06:44:00Z,wf_task_history,WF-0000017328,USR-063,"[""PF-PERMITAPPLICATION-001348"",""PF-AGENCY-000348"",""PF-CONDITION-000348""]"
PF-PERMITAPPLICATION-001235,Completeness Rejected,2023-06-20T10:00:00Z,wf_external_task,WF-0000017349,USR-055,"[""PF-PERMITAPPLICATION-001235"",""PF-OBJECTION-000235""]"
PF-PERMITAPPLICATION-001235,Application Reopened,2023-06-20T10:52:00Z,wf_task_history,WF-0000017350,USR-047,"[""PF-PERMITAPPLICATION-001235"",""PF-AGENCY-000235"",""PF-CONDITION-000235""]"
PF-PERMITAPPLICATION-001235,Inspection Failed,2023-06-20T11:14:00Z,wf_message_delivery,WF-0000017351,USR-093,"[""PF-PERMITAPPLICATION-001235"",""PF-DOCUMENT-000235""]"
PF-PERMITAPPLICATION-001235,Reinspection Requested,2023-06-20T11:51:00Z,wf_form_submission,WF-0000017352,USR-094,"[""PF-PERMITAPPLICATION-001235"",""PF-REVIEW-000235"",""PF-VIOLATION-000235""]"
PF-PERMITAPPLICATION-001350,Application Reopened,2023-06-20T12:46:00Z,wf_task_history,WF-0000017356,USR-097,"[""PF-PERMITAPPLICATION-001350"",""PF-AGENCY-000350""]"
PF-PERMITAPPLICATION-001352,Application Reopened,2023-06-20T18:48:00Z,wf_task_history,WF-0000017384,USR-004,"[""PF-PERMITAPPLICATION-001352"",""PF-AGENCY-000352"",""PF-CONDITION-000352""]"
PF-PERMITAPPLICATION-001262,Inspection Failed,2023-06-21T00:42:00Z,wf_message_delivery,WF-0000017418,USR-044,"[""PF-PERMITAPPLICATION-001262"",""PF-DOCUMENT-000262""]"
PF-PERMITAPPLICATION-001354,Application Reopened,2023-06-21T00:50:00Z,wf_task_history,WF-0000017411,USR-038,"[""PF-PERMITAPPLICATION-001354"",""PF-AGENCY-000354""]"
PF-PERMITAPPLICATION-001240,Completeness Rejected,2023-06-21T01:00:00Z,wf_external_task,WF-0000017419,USR-013,"[""PF-PERMITAPPLICATION-001240"",""PF-OBJECTION-000240""]"
PF-PERMITAPPLICATION-001240,Application Reopened,2023-06-21T01:52:00Z,wf_task_history,WF-0000017420,USR-005,"[""PF-PERMITAPPLICATION-001240"",""PF-AGENCY-000240"",""PF-CONDITION-000240""]"
PF-PERMITAPPLICATION-001240,Inspection Failed,2023-06-21T02:14:00Z,wf_message_delivery,WF-0000017421,USR-051,"[""PF-PERMITAPPLICATION-001240"",""PF-DOCUMENT-000240""]"
PF-PERMITAPPLICATION-001240,Reinspection Requested,2023-06-21T02:51:00Z,wf_form_submission,WF-0000017422,USR-052,"[""PF-PERMITAPPLICATION-001240"",""PF-REVIEW-000240""]"
PF-PERMITAPPLICATION-001339,Completeness Rejected,2023-06-21T03:28:00Z,wf_external_task,WF-0000017423,USR-045,"[""PF-PERMITAPPLICATION-001339"",""PF-OBJECTION-000339""]"
PF-PERMITAPPLICATION-001356,Application Reopened,2023-06-21T06:52:00Z,wf_task_history,WF-0000017437,USR-072,"[""PF-PERMITAPPLICATION-001356"",""PF-AGENCY-000356"",""PF-CONDITION-000356""]"
PF-PERMITAPPLICATION-001358,Application Reopened,2023-06-21T12:54:00Z,wf_task_history,WF-0000017461,USR-106,"[""PF-PERMITAPPLICATION-001358"",""PF-AGENCY-000358"",""PF-CONDITION-000358""]"
PF-PERMITAPPLICATION-001245,Completeness Rejected,2023-06-21T16:00:00Z,wf_external_task,WF-0000017481,USR-098,"[""PF-PERMITAPPLICATION-001245"",""PF-OBJECTION-000245"",""PF-REVIEW-000245""]"
PF-PERMITAPPLICATION-001245,Application Reopened,2023-06-21T16:52:00Z,wf_task_history,WF-0000017482,USR-090,"[""PF-PERMITAPPLICATION-001245"",""PF-AGENCY-000245""]"
PF-PERMITAPPLICATION-001245,Inspection Failed,2023-06-21T17:14:00Z,wf_message_delivery,WF-0000017483,USR-009,"[""PF-PERMITAPPLICATION-001245"",""PF-DOCUMENT-000245"",""PF-INSPECTION-000245""]"
PF-PERMITAPPLICATION-001245,Reinspection Requested,2023-06-21T17:51:00Z,wf_form_submission,WF-0000017484,USR-010,"[""PF-PERMITAPPLICATION-001245"",""PF-REVIEW-000245""]"
PF-PERMITAPPLICATION-001266,Reinspection Requested,2023-06-21T18:47:00Z,wf_form_submission,WF-0000017496,USR-113,"[""PF-PERMITAPPLICATION-001266"",""PF-REVIEW-000266""]"
PF-PERMITAPPLICATION-001360,Application Reopened,2023-06-21T18:56:00Z,wf_task_history,WF-0000017490,USR-013,"[""PF-PERMITAPPLICATION-001360"",""PF-AGENCY-000360"",""PF-CONDITION-000360""]"
PF-PERMITAPPLICATION-001362,Application Reopened,2023-06-22T00:58:00Z,wf_task_history,WF-0000017513,USR-047,"[""PF-PERMITAPPLICATION-001362"",""PF-AGENCY-000362"",""PF-CONDITION-000362""]"
PF-PERMITAPPLICATION-001364,Application Reopened,2023-06-22T07:00:00Z,wf_task_history,WF-0000017540,USR-081,"[""PF-PERMITAPPLICATION-001364"",""PF-AGENCY-000364"",""PF-CONDITION-000364""]"
PF-PERMITAPPLICATION-001250,Completeness Rejected,2023-06-22T07:00:00Z,wf_external_task,WF-0000017547,USR-056,"[""PF-PERMITAPPLICATION-001250"",""PF-OBJECTION-000250""]"
PF-PERMITAPPLICATION-001250,Application Reopened,2023-06-22T07:52:00Z,wf_task_history,WF-0000017548,USR-048,"[""PF-PERMITAPPLICATION-001250"",""PF-AGENCY-000250"",""PF-CONDITION-000250""]"
PF-PERMITAPPLICATION-001250,Inspection Failed,2023-06-22T08:14:00Z,wf_message_delivery,WF-0000017549,USR-094,"[""PF-PERMITAPPLICATION-001250"",""PF-DOCUMENT-000250""]"
PF-PERMITAPPLICATION-001250,Reinspection Requested,2023-06-22T08:51:00Z,wf_form_submission,WF-0000017550,USR-095,"[""PF-PERMITAPPLICATION-001250"",""PF-REVIEW-000250"",""PF-VIOLATION-000250""]"
PF-PERMITAPPLICATION-001366,Application Reopened,2023-06-22T13:02:00Z,wf_task_history,WF-0000017569,USR-115,"[""PF-PERMITAPPLICATION-001366"",""PF-AGENCY-000366"",""PF-CONDITION-000366""]"
PF-PERMITAPPLICATION-001352,Completeness Rejected,2023-06-22T18:41:00Z,wf_external_task,WF-0000017592,USR-012,"[""PF-PERMITAPPLICATION-001352"",""PF-OBJECTION-000352"",""PF-REVIEW-000352""]"
PF-PERMITAPPLICATION-001368,Application Reopened,2023-06-22T19:04:00Z,wf_task_history,WF-0000017597,USR-022,"[""PF-PERMITAPPLICATION-001368"",""PF-AGENCY-000368""]"
PF-PERMITAPPLICATION-001255,Completeness Rejected,2023-06-22T22:00:00Z,wf_external_task,WF-0000017611,USR-014,"[""PF-PERMITAPPLICATION-001255"",""PF-OBJECTION-000255""]"
PF-PERMITAPPLICATION-001255,Application Reopened,2023-06-22T22:52:00Z,wf_task_history,WF-0000017612,USR-006,"[""PF-PERMITAPPLICATION-001255"",""PF-AGENCY-000255"",""PF-CONDITION-000255""]"
PF-PERMITAPPLICATION-001255,Inspection Failed,2023-06-22T23:14:00Z,wf_message_delivery,WF-0000017613,USR-052,"[""PF-PERMITAPPLICATION-001255"",""PF-DOCUMENT-000255""]"
PF-PERMITAPPLICATION-001255,Reinspection Requested,2023-06-22T23:51:00Z,wf_form_submission,WF-0000017614,USR-053,"[""PF-PERMITAPPLICATION-001255"",""PF-REVIEW-000255""]"
PF-PERMITAPPLICATION-001370,Application Reopened,2023-06-23T01:06:00Z,wf_task_history,WF-0000017627,USR-056,"[""PF-PERMITAPPLICATION-001370"",""PF-AGENCY-000370"",""PF-CONDITION-000370""]"
PF-PERMITAPPLICATION-001372,Application Reopened,2023-06-23T06:15:00Z,wf_task_history,WF-0000017640,USR-090,"[""PF-PERMITAPPLICATION-001372"",""PF-AGENCY-000372""]"
PF-PERMITAPPLICATION-001281,Inspection Failed,2023-06-23T09:08:00Z,wf_message_delivery,WF-0000017657,USR-113,"[""PF-PERMITAPPLICATION-001281"",""PF-DOCUMENT-000281""]"
PF-PERMITAPPLICATION-001374,Application Reopened,2023-06-23T12:17:00Z,wf_task_history,WF-0000017666,USR-124,"[""PF-PERMITAPPLICATION-001374"",""PF-AGENCY-000374"",""PF-CONDITION-000374""]"
PF-PERMITAPPLICATION-001260,Completeness Rejected,2023-06-23T13:00:00Z,wf_external_task,WF-0000017682,USR-099,"[""PF-PERMITAPPLICATION-001260"",""PF-OBJECTION-000260""]"
PF-PERMITAPPLICATION-001260,Application Reopened,2023-06-23T13:52:00Z,wf_task_history,WF-0000017683,USR-091,"[""PF-PERMITAPPLICATION-001260"",""PF-AGENCY-000260"",""PF-CONDITION-000260""]"
PF-PERMITAPPLICATION-001260,Inspection Failed,2023-06-23T14:14:00Z,wf_message_delivery,WF-0000017684,USR-010,"[""PF-PERMITAPPLICATION-001260"",""PF-DOCUMENT-000260""]"
PF-PERMITAPPLICATION-001260,Reinspection Requested,2023-06-23T14:51:00Z,wf_form_submission,WF-0000017685,USR-011,"[""PF-PERMITAPPLICATION-001260"",""PF-REVIEW-000260""]"
PF-PERMITAPPLICATION-001376,Application Reopened,2023-06-23T18:19:00Z,wf_task_history,WF-0000017700,USR-031,"[""PF-PERMITAPPLICATION-001376"",""PF-AGENCY-000376"",""PF-CONDITION-000376""]"
PF-PERMITAPPLICATION-001378,Application Reopened,2023-06-24T00:21:00Z,wf_task_history,WF-0000017721,USR-065,"[""PF-PERMITAPPLICATION-001378"",""PF-AGENCY-000378""]"
PF-PERMITAPPLICATION-001265,Completeness Rejected,2023-06-24T04:00:00Z,wf_external_task,WF-0000017743,USR-057,"[""PF-PERMITAPPLICATION-001265"",""PF-OBJECTION-000265""]"
PF-PERMITAPPLICATION-001265,Application Reopened,2023-06-24T04:52:00Z,wf_task_history,WF-0000017744,USR-049,"[""PF-PERMITAPPLICATION-001265"",""PF-AGENCY-000265"",""PF-CONDITION-000265""]"
PF-PERMITAPPLICATION-001265,Inspection Failed,2023-06-24T05:14:00Z,wf_message_delivery,WF-0000017745,USR-095,"[""PF-PERMITAPPLICATION-001265"",""PF-DOCUMENT-000265""]"
PF-PERMITAPPLICATION-001265,Reinspection Requested,2023-06-24T05:51:00Z,wf_form_submission,WF-0000017746,USR-096,"[""PF-PERMITAPPLICATION-001265"",""PF-REVIEW-000265"",""PF-VIOLATION-000265""]"
PF-PERMITAPPLICATION-001380,Application Reopened,2023-06-24T06:23:00Z,wf_task_history,WF-0000017750,USR-099,"[""PF-PERMITAPPLICATION-001380"",""PF-AGENCY-000380"",""PF-CONDITION-000380""]"
PF-PERMITAPPLICATION-001365,Completeness Rejected,2023-06-24T09:01:00Z,wf_external_task,WF-0000017758,USR-106,"[""PF-PERMITAPPLICATION-001365"",""PF-OBJECTION-000365""]"
PF-PERMITAPPLICATION-001382,Application Reopened,2023-06-24T12:25:00Z,wf_task_history,WF-0000017774,USR-006,"[""PF-PERMITAPPLICATION-001382"",""PF-AGENCY-000382""]"
PF-PERMITAPPLICATION-001289,Reinspection Requested,2023-06-24T15:17:00Z,wf_form_submission,WF-0000017790,USR-123,"[""PF-PERMITAPPLICATION-001289"",""PF-REVIEW-000289""]"
PF-PERMITAPPLICATION-001384,Application Reopened,2023-06-24T18:27:00Z,wf_task_history,WF-0000017796,USR-040,"[""PF-PERMITAPPLICATION-001384"",""PF-AGENCY-000384"",""PF-CONDITION-000384""]"
PF-PERMITAPPLICATION-001270,Completeness Rejected,2023-06-24T19:00:00Z,wf_external_task,WF-0000017804,USR-015,"[""PF-PERMITAPPLICATION-001270"",""PF-OBJECTION-000270""]"
PF-PERMITAPPLICATION-001270,Application Reopened,2023-06-24T19:52:00Z,wf_task_history,WF-0000017805,USR-007,"[""PF-PERMITAPPLICATION-001270"",""PF-AGENCY-000270"",""PF-CONDITION-000270""]"
PF-PERMITAPPLICATION-001270,Inspection Failed,2023-06-24T20:14:00Z,wf_message_delivery,WF-0000017806,USR-053,"[""PF-PERMITAPPLICATION-001270"",""PF-DOCUMENT-000270""]"
PF-PERMITAPPLICATION-001270,Reinspection Requested,2023-06-24T20:51:00Z,wf_form_submission,WF-0000017807,USR-054,"[""PF-PERMITAPPLICATION-001270"",""PF-REVIEW-000270"",""PF-VIOLATION-000270""]"
PF-PERMITAPPLICATION-001386,Application Reopened,2023-06-25T00:29:00Z,wf_task_history,WF-0000017830,USR-074,"[""PF-PERMITAPPLICATION-001386"",""PF-AGENCY-000386"",""PF-CONDITION-000386""]"
PF-PERMITAPPLICATION-001388,Application Reopened,2023-06-25T06:31:00Z,wf_task_history,WF-0000017855,USR-108,"[""PF-PERMITAPPLICATION-001388"",""PF-AGENCY-000388""]"
PF-PERMITAPPLICATION-001275,Completeness Rejected,2023-06-25T10:00:00Z,wf_external_task,WF-0000017874,USR-100,"[""PF-PERMITAPPLICATION-001275"",""PF-OBJECTION-000275""]"
PF-PERMITAPPLICATION-001275,Application Reopened,2023-06-25T10:52:00Z,wf_task_history,WF-0000017875,USR-092,"[""PF-PERMITAPPLICATION-001275"",""PF-AGENCY-000275"",""PF-CONDITION-000275""]"
PF-PERMITAPPLICATION-001275,Inspection Failed,2023-06-25T11:14:00Z,wf_message_delivery,WF-0000017876,USR-011,"[""PF-PERMITAPPLICATION-001275"",""PF-DOCUMENT-000275""]"
PF-PERMITAPPLICATION-001275,Reinspection Requested,2023-06-25T11:51:00Z,wf_form_submission,WF-0000017877,USR-012,"[""PF-PERMITAPPLICATION-001275"",""PF-REVIEW-000275""]"
PF-PERMITAPPLICATION-001390,Application Reopened,2023-06-25T12:33:00Z,wf_task_history,WF-0000017881,USR-015,"[""PF-PERMITAPPLICATION-001390"",""PF-AGENCY-000390""]"
PF-PERMITAPPLICATION-001300,Inspection Failed,2023-06-25T18:27:00Z,wf_message_delivery,WF-0000017911,USR-055,"[""PF-PERMITAPPLICATION-001300"",""PF-DOCUMENT-000300"",""PF-INSPECTION-000300""]"
PF-PERMITAPPLICATION-001392,Application Reopened,2023-06-25T18:35:00Z,wf_task_history,WF-0000017904,USR-049,"[""PF-PERMITAPPLICATION-001392"",""PF-AGENCY-000392""]"
PF-PERMITAPPLICATION-001378,Completeness Rejected,2023-06-26T00:14:00Z,wf_external_task,WF-0000017925,USR-073,"[""PF-PERMITAPPLICATION-001378"",""PF-OBJECTION-000378"",""PF-REVIEW-000378""]"
PF-PERMITAPPLICATION-001394,Application Reopened,2023-06-26T00:37:00Z,wf_task_history,WF-0000017928,USR-083,"[""PF-PERMITAPPLICATION-001394"",""PF-AGENCY-000394""]"
PF-PERMITAPPLICATION-001280,Completeness Rejected,2023-06-26T01:00:00Z,wf_external_task,WF-0000017936,USR-058,"[""PF-PERMITAPPLICATION-001280"",""PF-OBJECTION-000280""]"
PF-PERMITAPPLICATION-001280,Application Reopened,2023-06-26T01:52:00Z,wf_task_history,WF-0000017937,USR-050,"[""PF-PERMITAPPLICATION-001280"",""PF-AGENCY-000280"",""PF-CONDITION-000280""]"
PF-PERMITAPPLICATION-001280,Inspection Failed,2023-06-26T02:14:00Z,wf_message_delivery,WF-0000017938,USR-096,"[""PF-PERMITAPPLICATION-001280"",""PF-DOCUMENT-000280""]"
PF-PERMITAPPLICATION-001280,Reinspection Requested,2023-06-26T02:51:00Z,wf_form_submission,WF-0000017939,USR-097,"[""PF-PERMITAPPLICATION-001280"",""PF-REVIEW-000280""]"
PF-PERMITAPPLICATION-001396,Application Reopened,2023-06-26T06:39:00Z,wf_task_history,WF-0000017958,USR-117,"[""PF-PERMITAPPLICATION-001396"",""PF-AGENCY-000396""]"
PF-PERMITAPPLICATION-001398,Application Reopened,2023-06-26T12:41:00Z,wf_task_history,WF-0000017984,USR-024,"[""PF-PERMITAPPLICATION-001398"",""PF-AGENCY-000398"",""PF-CONDITION-000398""]"
PF-PERMITAPPLICATION-001285,Completeness Rejected,2023-06-26T16:00:00Z,wf_external_task,WF-0000018006,USR-016,"[""PF-PERMITAPPLICATION-001285"",""PF-OBJECTION-000285""]"
PF-PERMITAPPLICATION-001285,Application Reopened,2023-06-26T16:52:00Z,wf_task_history,WF-0000018007,USR-008,"[""PF-PERMITAPPLICATION-001285"",""PF-AGENCY-000285"",""PF-CONDITION-000285""]"
PF-PERMITAPPLICATION-001285,Inspection Failed,2023-06-26T17:14:00Z,wf_message_delivery,WF-0000018008,USR-054,"[""PF-PERMITAPPLICATION-001285"",""PF-DOCUMENT-000285""]"
PF-PERMITAPPLICATION-001285,Reinspection Requested,2023-06-26T17:51:00Z,wf_form_submission,WF-0000018009,USR-055,"[""PF-PERMITAPPLICATION-001285"",""PF-REVIEW-000285""]"
PF-PERMITAPPLICATION-001400,Application Reopened,2023-06-26T18:43:00Z,wf_task_history,WF-0000018013,USR-058,"[""PF-PERMITAPPLICATION-001400"",""PF-AGENCY-000400""]"
PF-PERMITAPPLICATION-001402,Application Reopened,2023-06-27T00:45:00Z,wf_task_history,WF-0000018037,USR-092,"[""PF-PERMITAPPLICATION-001402"",""PF-AGENCY-000402"",""PF-CONDITION-000402""]"
PF-PERMITAPPLICATION-001404,Application Reopened,2023-06-27T06:47:00Z,wf_task_history,WF-0000018060,USR-126,"[""PF-PERMITAPPLICATION-001404"",""PF-AGENCY-000404""]"
PF-PERMITAPPLICATION-001290,Completeness Rejected,2023-06-27T07:00:00Z,wf_external_task,WF-0000018068,USR-101,"[""PF-PERMITAPPLICATION-001290"",""PF-OBJECTION-000290""]"
PF-PERMITAPPLICATION-001290,Application Reopened,2023-06-27T07:52:00Z,wf_task_history,WF-0000018069,USR-093,"[""PF-PERMITAPPLICATION-001290"",""PF-AGENCY-000290"",""PF-CONDITION-000290""]"
PF-PERMITAPPLICATION-001290,Inspection Failed,2023-06-27T08:14:00Z,wf_message_delivery,WF-0000018070,USR-012,"[""PF-PERMITAPPLICATION-001290"",""PF-DOCUMENT-000290""]"
PF-PERMITAPPLICATION-001290,Reinspection Requested,2023-06-27T08:51:00Z,wf_form_submission,WF-0000018071,USR-013,"[""PF-PERMITAPPLICATION-001290"",""PF-REVIEW-000290"",""PF-VIOLATION-000290""]"
PF-PERMITAPPLICATION-001312,Reinspection Requested,2023-06-27T12:40:00Z,wf_form_submission,WF-0000018091,USR-006,"[""PF-PERMITAPPLICATION-001312"",""PF-REVIEW-000312""]"
PF-PERMITAPPLICATION-001406,Application Reopened,2023-06-27T12:49:00Z,wf_task_history,WF-0000018085,USR-033,"[""PF-PERMITAPPLICATION-001406"",""PF-AGENCY-000406""]"
PF-PERMITAPPLICATION-001391,Completeness Rejected,2023-06-27T15:27:00Z,wf_external_task,WF-0000018099,USR-040,"[""PF-PERMITAPPLICATION-001391"",""PF-OBJECTION-000391""]"
PF-PERMITAPPLICATION-001408,Application Reopened,2023-06-27T18:51:00Z,wf_task_history,WF-0000018120,USR-067,"[""PF-PERMITAPPLICATION-001408"",""PF-AGENCY-000408""]"
PF-PERMITAPPLICATION-001295,Completeness Rejected,2023-06-27T22:00:00Z,wf_external_task,WF-0000018138,USR-059,"[""PF-PERMITAPPLICATION-001295"",""PF-OBJECTION-000295""]"
PF-PERMITAPPLICATION-001295,Application Reopened,2023-06-27T22:52:00Z,wf_task_history,WF-0000018139,USR-051,"[""PF-PERMITAPPLICATION-001295"",""PF-AGENCY-000295"",""PF-CONDITION-000295""]"
PF-PERMITAPPLICATION-001295,Inspection Failed,2023-06-27T23:14:00Z,wf_message_delivery,WF-0000018140,USR-097,"[""PF-PERMITAPPLICATION-001295"",""PF-DOCUMENT-000295""]"
PF-PERMITAPPLICATION-001295,Reinspection Requested,2023-06-27T23:51:00Z,wf_form_submission,WF-0000018141,USR-098,"[""PF-PERMITAPPLICATION-001295"",""PF-REVIEW-000295"",""PF-VIOLATION-000295""]"
PF-PERMITAPPLICATION-001410,Application Reopened,2023-06-28T00:53:00Z,wf_task_history,WF-0000018147,USR-101,"[""PF-PERMITAPPLICATION-001410"",""PF-AGENCY-000410"",""PF-CONDITION-000410""]"
PF-PERMITAPPLICATION-001319,Inspection Failed,2023-06-28T03:46:00Z,wf_message_delivery,WF-0000018164,USR-124,"[""PF-PERMITAPPLICATION-001319"",""PF-DOCUMENT-000319""]"
PF-PERMITAPPLICATION-001412,Application Reopened,2023-06-28T06:55:00Z,wf_task_history,WF-0000018168,USR-008,"[""PF-PERMITAPPLICATION-001412"",""PF-AGENCY-000412""]"
PF-PERMITAPPLICATION-001414,Application Reopened,2023-06-28T12:57:00Z,wf_task_history,WF-0000018192,USR-042,"[""PF-PERMITAPPLICATION-001414"",""PF-AGENCY-000414""]"
PF-PERMITAPPLICATION-001300,Completeness Rejected,2023-06-28T13:00:00Z,wf_external_task,WF-0000018200,USR-017,"[""PF-PERMITAPPLICATION-001300"",""PF-OBJECTION-000300"",""PF-REVIEW-000300""]"
PF-PERMITAPPLICATION-001300,Application Reopened,2023-06-28T13:52:00Z,wf_task_history,WF-0000018201,USR-009,"[""PF-PERMITAPPLICATION-001300"",""PF-AGENCY-000300""]"
PF-PERMITAPPLICATION-001300,Inspection Failed,2023-06-28T14:14:00Z,wf_message_delivery,WF-0000018202,USR-055,"[""PF-PERMITAPPLICATION-001300"",""PF-DOCUMENT-000300"",""PF-INSPECTION-000300""]"
PF-PERMITAPPLICATION-001300,Reinspection Requested,2023-06-28T14:51:00Z,wf_form_submission,WF-0000018203,USR-056,"[""PF-PERMITAPPLICATION-001300"",""PF-REVIEW-000300""]"
PF-PERMITAPPLICATION-001416,Application Reopened,2023-06-28T18:59:00Z,wf_task_history,WF-0000018219,USR-076,"[""PF-PERMITAPPLICATION-001416"",""PF-AGENCY-000416""]"
PF-PERMITAPPLICATION-001418,Application Reopened,2023-06-29T01:01:00Z,wf_task_history,WF-0000018245,USR-110,"[""PF-PERMITAPPLICATION-001418"",""PF-AGENCY-000418""]"
PF-PERMITAPPLICATION-001305,Completeness Rejected,2023-06-29T04:00:00Z,wf_external_task,WF-0000018267,USR-102,"[""PF-PERMITAPPLICATION-001305"",""PF-OBJECTION-000305""]"
PF-PERMITAPPLICATION-001305,Application Reopened,2023-06-29T04:52:00Z,wf_task_history,WF-0000018268,USR-094,"[""PF-PERMITAPPLICATION-001305"",""PF-AGENCY-000305""]"
PF-PERMITAPPLICATION-001305,Inspection Failed,2023-06-29T05:14:00Z,wf_message_delivery,WF-0000018269,USR-013,"[""PF-PERMITAPPLICATION-001305"",""PF-DOCUMENT-000305""]"
PF-PERMITAPPLICATION-001305,Reinspection Requested,2023-06-29T05:51:00Z,wf_form_submission,WF-0000018270,USR-014,"[""PF-PERMITAPPLICATION-001305"",""PF-REVIEW-000305"",""PF-VIOLATION-000305""]"
PF-PERMITAPPLICATION-001404,Completeness Rejected,2023-06-29T06:40:00Z,wf_external_task,WF-0000018276,USR-007,"[""PF-PERMITAPPLICATION-001404"",""PF-OBJECTION-000404"",""PF-REVIEW-000404""]"
PF-PERMITAPPLICATION-001420,Application Reopened,2023-06-29T07:03:00Z,wf_task_history,WF-0000018279,USR-017,"[""PF-PERMITAPPLICATION-001420"",""PF-AGENCY-000420""]"
PF-PERMITAPPLICATION-001422,Application Reopened,2023-06-29T13:05:00Z,wf_task_history,WF-0000018305,USR-051,"[""PF-PERMITAPPLICATION-001422"",""PF-AGENCY-000422"",""PF-CONDITION-000422""]"
PF-PERMITAPPLICATION-001310,Completeness Rejected,2023-06-29T19:00:00Z,wf_external_task,WF-0000018331,USR-060,"[""PF-PERMITAPPLICATION-001310"",""PF-OBJECTION-000310""]"
PF-PERMITAPPLICATION-001424,Application Reopened,2023-06-29T19:07:00Z,wf_task_history,WF-0000018330,USR-085,"[""PF-PERMITAPPLICATION-001424"",""PF-AGENCY-000424""]"
PF-PERMITAPPLICATION-001310,Application Reopened,2023-06-29T19:52:00Z,wf_task_history,WF-0000018332,USR-052,"[""PF-PERMITAPPLICATION-001310"",""PF-AGENCY-000310"",""PF-CONDITION-000310""]"
PF-PERMITAPPLICATION-001310,Inspection Failed,2023-06-29T20:14:00Z,wf_message_delivery,WF-0000018333,USR-098,"[""PF-PERMITAPPLICATION-001310"",""PF-DOCUMENT-000310""]"
PF-PERMITAPPLICATION-001310,Reinspection Requested,2023-06-29T20:51:00Z,wf_form_submission,WF-0000018334,USR-099,"[""PF-PERMITAPPLICATION-001310"",""PF-REVIEW-000310"",""PF-VIOLATION-000310""]"
PF-PERMITAPPLICATION-001426,Application Reopened,2023-06-30T00:16:00Z,wf_task_history,WF-0000018345,USR-119,"[""PF-PERMITAPPLICATION-001426"",""PF-AGENCY-000426"",""PF-CONDITION-000426""]"
PF-PERMITAPPLICATION-001428,Application Reopened,2023-06-30T06:18:00Z,wf_task_history,WF-0000018371,USR-026,"[""PF-PERMITAPPLICATION-001428"",""PF-AGENCY-000428""]"
PF-PERMITAPPLICATION-001335,Reinspection Requested,2023-06-30T09:10:00Z,wf_form_submission,WF-0000018389,USR-016,"[""PF-PERMITAPPLICATION-001335"",""PF-REVIEW-000335""]"
PF-PERMITAPPLICATION-001315,Completeness Rejected,2023-06-30T10:00:00Z,wf_external_task,WF-0000018398,USR-018,"[""PF-PERMITAPPLICATION-001315"",""PF-OBJECTION-000315""]"
PF-PERMITAPPLICATION-001315,Application Reopened,2023-06-30T10:52:00Z,wf_task_history,WF-0000018399,USR-010,"[""PF-PERMITAPPLICATION-001315"",""PF-AGENCY-000315""]"
PF-PERMITAPPLICATION-001315,Inspection Failed,2023-06-30T11:14:00Z,wf_message_delivery,WF-0000018400,USR-056,"[""PF-PERMITAPPLICATION-001315"",""PF-DOCUMENT-000315""]"
PF-PERMITAPPLICATION-001315,Reinspection Requested,2023-06-30T11:51:00Z,wf_form_submission,WF-0000018401,USR-057,"[""PF-PERMITAPPLICATION-001315"",""PF-REVIEW-000315"",""PF-VIOLATION-000315""]"
PF-PERMITAPPLICATION-001338,Inspection Failed,2023-06-30T12:12:00Z,wf_message_delivery,WF-0000018411,USR-066,"[""PF-PERMITAPPLICATION-001338"",""PF-DOCUMENT-000338"",""PF-INSPECTION-000338""]"
PF-PERMITAPPLICATION-001430,Application Reopened,2023-06-30T12:20:00Z,wf_task_history,WF-0000018404,USR-060,"[""PF-PERMITAPPLICATION-001430"",""PF-AGENCY-000430""]"
PF-PERMITAPPLICATION-001432,Application Reopened,2023-06-30T18:22:00Z,wf_task_history,WF-0000018429,USR-094,"[""PF-PERMITAPPLICATION-001432"",""PF-AGENCY-000432""]"
PF-PERMITAPPLICATION-001417,Completeness Rejected,2023-06-30T21:00:00Z,wf_external_task,WF-0000018437,USR-101,"[""PF-PERMITAPPLICATION-001417"",""PF-OBJECTION-000417""]"
PF-PERMITAPPLICATION-001434,Application Reopened,2023-07-01T00:24:00Z,wf_task_history,WF-0000018452,USR-001,"[""PF-PERMITAPPLICATION-001434"",""PF-AGENCY-000434"",""PF-CONDITION-000434""]"
PF-PERMITAPPLICATION-001320,Completeness Rejected,2023-07-01T01:00:00Z,wf_external_task,WF-0000018462,USR-103,"[""PF-PERMITAPPLICATION-001320"",""PF-OBJECTION-000320""]"
PF-PERMITAPPLICATION-001320,Application Reopened,2023-07-01T01:52:00Z,wf_task_history,WF-0000018463,USR-095,"[""PF-PERMITAPPLICATION-001320"",""PF-AGENCY-000320""]"
PF-PERMITAPPLICATION-001320,Inspection Failed,2023-07-01T02:14:00Z,wf_message_delivery,WF-0000018464,USR-014,"[""PF-PERMITAPPLICATION-001320"",""PF-DOCUMENT-000320""]"
PF-PERMITAPPLICATION-001320,Reinspection Requested,2023-07-01T02:51:00Z,wf_form_submission,WF-0000018465,USR-015,"[""PF-PERMITAPPLICATION-001320"",""PF-REVIEW-000320"",""PF-VIOLATION-000320""]"
PF-PERMITAPPLICATION-001436,Application Reopened,2023-07-01T06:26:00Z,wf_task_history,WF-0000018481,USR-035,"[""PF-PERMITAPPLICATION-001436"",""PF-AGENCY-000436""]"
PF-PERMITAPPLICATION-001438,Application Reopened,2023-07-01T12:28:00Z,wf_task_history,WF-0000018505,USR-069,"[""PF-PERMITAPPLICATION-001438"",""PF-AGENCY-000438""]"
PF-PERMITAPPLICATION-001325,Completeness Rejected,2023-07-01T16:00:00Z,wf_external_task,WF-0000018523,USR-061,"[""PF-PERMITAPPLICATION-001325"",""PF-OBJECTION-000325""]"
PF-PERMITAPPLICATION-001325,Application Reopened,2023-07-01T16:52:00Z,wf_task_history,WF-0000018524,USR-053,"[""PF-PERMITAPPLICATION-001325"",""PF-AGENCY-000325"",""PF-CONDITION-000325""]"
PF-PERMITAPPLICATION-001325,Inspection Failed,2023-07-01T17:14:00Z,wf_message_delivery,WF-0000018525,USR-099,"[""PF-PERMITAPPLICATION-001325"",""PF-DOCUMENT-000325""]"
PF-PERMITAPPLICATION-001325,Reinspection Requested,2023-07-01T17:51:00Z,wf_form_submission,WF-0000018526,USR-100,"[""PF-PERMITAPPLICATION-001325"",""PF-REVIEW-000325""]"
PF-PERMITAPPLICATION-001440,Application Reopened,2023-07-01T18:30:00Z,wf_task_history,WF-0000018530,USR-103,"[""PF-PERMITAPPLICATION-001440"",""PF-AGENCY-000440"",""PF-CONDITION-000440""]"
PF-PERMITAPPLICATION-001442,Application Reopened,2023-07-02T00:32:00Z,wf_task_history,WF-0000018558,USR-010,"[""PF-PERMITAPPLICATION-001442"",""PF-AGENCY-000442""]"
PF-PERMITAPPLICATION-001444,Application Reopened,2023-07-02T06:34:00Z,wf_task_history,WF-0000018583,USR-044,"[""PF-PERMITAPPLICATION-001444"",""PF-AGENCY-000444""]"
PF-PERMITAPPLICATION-001330,Completeness Rejected,2023-07-02T07:00:00Z,wf_external_task,WF-0000018592,USR-019,"[""PF-PERMITAPPLICATION-001330"",""PF-OBJECTION-000330""]"
PF-PERMITAPPLICATION-001330,Application Reopened,2023-07-02T07:52:00Z,wf_task_history,WF-0000018593,USR-011,"[""PF-PERMITAPPLICATION-001330"",""PF-AGENCY-000330""]"
PF-PERMITAPPLICATION-001330,Inspection Failed,2023-07-02T08:14:00Z,wf_message_delivery,WF-0000018594,USR-057,"[""PF-PERMITAPPLICATION-001330"",""PF-DOCUMENT-000330""]"
PF-PERMITAPPLICATION-001330,Reinspection Requested,2023-07-02T08:51:00Z,wf_form_submission,WF-0000018595,USR-058,"[""PF-PERMITAPPLICATION-001330"",""PF-REVIEW-000330"",""PF-VIOLATION-000330""]"
PF-PERMITAPPLICATION-001430,Completeness Rejected,2023-07-02T12:13:00Z,wf_external_task,WF-0000018611,USR-068,"[""PF-PERMITAPPLICATION-001430"",""PF-OBJECTION-000430"",""PF-REVIEW-000430""]"
PF-PERMITAPPLICATION-001446,Application Reopened,2023-07-02T12:36:00Z,wf_task_history,WF-0000018614,USR-078,"[""PF-PERMITAPPLICATION-001446"",""PF-AGENCY-000446"",""PF-CONDITION-000446""]"
PF-PERMITAPPLICATION-001448,Application Reopened,2023-07-02T18:38:00Z,wf_task_history,WF-0000018635,USR-112,"[""PF-PERMITAPPLICATION-001448"",""PF-AGENCY-000448""]"
PF-PERMITAPPLICATION-001357,Inspection Failed,2023-07-02T21:31:00Z,wf_message_delivery,WF-0000018654,USR-008,"[""PF-PERMITAPPLICATION-001357"",""PF-DOCUMENT-000357""]"
PF-PERMITAPPLICATION-001335,Completeness Rejected,2023-07-02T22:00:00Z,wf_external_task,WF-0000018656,USR-104,"[""PF-PERMITAPPLICATION-001335"",""PF-OBJECTION-000335"",""PF-REVIEW-000335""]"
PF-PERMITAPPLICATION-001335,Application Reopened,2023-07-02T22:52:00Z,wf_task_history,WF-0000018657,USR-096,"[""PF-PERMITAPPLICATION-001335"",""PF-AGENCY-000335""]"
PF-PERMITAPPLICATION-001335,Inspection Failed,2023-07-02T23:14:00Z,wf_message_delivery,WF-0000018658,USR-015,"[""PF-PERMITAPPLICATION-001335"",""PF-DOCUMENT-000335"",""PF-INSPECTION-000335""]"
PF-PERMITAPPLICATION-001335,Reinspection Requested,2023-07-02T23:51:00Z,wf_form_submission,WF-0000018659,USR-016,"[""PF-PERMITAPPLICATION-001335"",""PF-REVIEW-000335""]"
PF-PERMITAPPLICATION-001450,Application Reopened,2023-07-03T00:40:00Z,wf_task_history,WF-0000018664,USR-019,"[""PF-PERMITAPPLICATION-001450"",""PF-AGENCY-000450"",""PF-CONDITION-000450""]"
PF-PERMITAPPLICATION-001358,Reinspection Requested,2023-07-03T06:33:00Z,wf_form_submission,WF-0000018698,USR-026,"[""PF-PERMITAPPLICATION-001358"",""PF-REVIEW-000358""]"
PF-PERMITAPPLICATION-001452,Application Reopened,2023-07-03T06:42:00Z,wf_task_history,WF-0000018692,USR-053,"[""PF-PERMITAPPLICATION-001452"",""PF-AGENCY-000452"",""PF-CONDITION-000452""]"
PF-PERMITAPPLICATION-001454,Application Reopened,2023-07-03T12:44:00Z,wf_task_history,WF-0000018716,USR-087,"[""PF-PERMITAPPLICATION-001454"",""PF-AGENCY-000454""]"
PF-PERMITAPPLICATION-001340,Completeness Rejected,2023-07-03T13:00:00Z,wf_external_task,WF-0000018724,USR-062,"[""PF-PERMITAPPLICATION-001340"",""PF-OBJECTION-000340""]"
PF-PERMITAPPLICATION-001340,Application Reopened,2023-07-03T13:52:00Z,wf_task_history,WF-0000018725,USR-054,"[""PF-PERMITAPPLICATION-001340"",""PF-AGENCY-000340"",""PF-CONDITION-000340""]"
PF-PERMITAPPLICATION-001340,Inspection Failed,2023-07-03T14:14:00Z,wf_message_delivery,WF-0000018726,USR-100,"[""PF-PERMITAPPLICATION-001340"",""PF-DOCUMENT-000340""]"
PF-PERMITAPPLICATION-001340,Reinspection Requested,2023-07-03T14:51:00Z,wf_form_submission,WF-0000018727,USR-101,"[""PF-PERMITAPPLICATION-001340"",""PF-REVIEW-000340""]"
PF-PERMITAPPLICATION-001456,Application Reopened,2023-07-03T18:46:00Z,wf_task_history,WF-0000018742,USR-121,"[""PF-PERMITAPPLICATION-001456"",""PF-AGENCY-000456""]"
PF-PERMITAPPLICATION-001458,Application Reopened,2023-07-04T00:48:00Z,wf_task_history,WF-0000018768,USR-028,"[""PF-PERMITAPPLICATION-001458"",""PF-AGENCY-000458""]"
PF-PERMITAPPLICATION-001443,Completeness Rejected,2023-07-04T03:26:00Z,wf_external_task,WF-0000018775,USR-035,"[""PF-PERMITAPPLICATION-001443"",""PF-OBJECTION-000443"",""PF-REVIEW-000443""]"
PF-PERMITAPPLICATION-001345,Completeness Rejected,2023-07-04T04:00:00Z,wf_external_task,WF-0000018787,USR-020,"[""PF-PERMITAPPLICATION-001345"",""PF-OBJECTION-000345""]"
PF-PERMITAPPLICATION-001345,Application Reopened,2023-07-04T04:52:00Z,wf_task_history,WF-0000018788,USR-012,"[""PF-PERMITAPPLICATION-001345"",""PF-AGENCY-000345"",""PF-CONDITION-000345""]"
PF-PERMITAPPLICATION-001345,Inspection Failed,2023-07-04T05:14:00Z,wf_message_delivery,WF-0000018789,USR-058,"[""PF-PERMITAPPLICATION-001345"",""PF-DOCUMENT-000345""]"
PF-PERMITAPPLICATION-001345,Reinspection Requested,2023-07-04T05:51:00Z,wf_form_submission,WF-0000018790,USR-059,"[""PF-PERMITAPPLICATION-001345"",""PF-REVIEW-000345""]"
PF-PERMITAPPLICATION-001460,Application Reopened,2023-07-04T06:50:00Z,wf_task_history,WF-0000018794,USR-062,"[""PF-PERMITAPPLICATION-001460"",""PF-AGENCY-000460"",""PF-CONDITION-000460""]"
PF-PERMITAPPLICATION-001462,Application Reopened,2023-07-04T12:52:00Z,wf_task_history,WF-0000018821,USR-096,"[""PF-PERMITAPPLICATION-001462"",""PF-AGENCY-000462""]"
PF-PERMITAPPLICATION-001464,Application Reopened,2023-07-04T18:54:00Z,wf_task_history,WF-0000018847,USR-003,"[""PF-PERMITAPPLICATION-001464"",""PF-AGENCY-000464"",""PF-CONDITION-000464""]"
PF-PERMITAPPLICATION-001350,Completeness Rejected,2023-07-04T19:00:00Z,wf_external_task,WF-0000018854,USR-105,"[""PF-PERMITAPPLICATION-001350"",""PF-OBJECTION-000350""]"
PF-PERMITAPPLICATION-001350,Application Reopened,2023-07-04T19:52:00Z,wf_task_history,WF-0000018855,USR-097,"[""PF-PERMITAPPLICATION-001350"",""PF-AGENCY-000350"",""PF-CONDITION-000350""]"
PF-PERMITAPPLICATION-001350,Inspection Failed,2023-07-04T20:14:00Z,wf_message_delivery,WF-0000018856,USR-016,"[""PF-PERMITAPPLICATION-001350"",""PF-DOCUMENT-000350""]"
PF-PERMITAPPLICATION-001350,Reinspection Requested,2023-07-04T20:51:00Z,wf_form_submission,WF-0000018857,USR-017,"[""PF-PERMITAPPLICATION-001350"",""PF-REVIEW-000350"",""PF-VIOLATION-000350""]"
PF-PERMITAPPLICATION-001466,Application Reopened,2023-07-05T00:56:00Z,wf_task_history,WF-0000018875,USR-037,"[""PF-PERMITAPPLICATION-001466"",""PF-AGENCY-000466""]"
PF-PERMITAPPLICATION-001376,Inspection Failed,2023-07-05T06:50:00Z,wf_message_delivery,WF-0000018904,USR-077,"[""PF-PERMITAPPLICATION-001376"",""PF-DOCUMENT-000376""]"
PF-PERMITAPPLICATION-001468,Application Reopened,2023-07-05T06:58:00Z,wf_task_history,WF-0000018896,USR-071,"[""PF-PERMITAPPLICATION-001468"",""PF-AGENCY-000468"",""PF-CONDITION-000468""]"
PF-PERMITAPPLICATION-001355,Completeness Rejected,2023-07-05T10:00:00Z,wf_external_task,WF-0000018917,USR-063,"[""PF-PERMITAPPLICATION-001355"",""PF-OBJECTION-000355""]"
PF-PERMITAPPLICATION-001355,Application Reopened,2023-07-05T10:52:00Z,wf_task_history,WF-0000018918,USR-055,"[""PF-PERMITAPPLICATION-001355"",""PF-AGENCY-000355"",""PF-CONDITION-000355""]"
PF-PERMITAPPLICATION-001355,Inspection Failed,2023-07-05T11:14:00Z,wf_message_delivery,WF-0000018919,USR-101,"[""PF-PERMITAPPLICATION-001355"",""PF-DOCUMENT-000355""]"
PF-PERMITAPPLICATION-001355,Reinspection Requested,2023-07-05T11:51:00Z,wf_form_submission,WF-0000018920,USR-102,"[""PF-PERMITAPPLICATION-001355"",""PF-REVIEW-000355"",""PF-VIOLATION-000355""]"
PF-PERMITAPPLICATION-001470,Application Reopened,2023-07-05T13:00:00Z,wf_task_history,WF-0000018926,USR-105,"[""PF-PERMITAPPLICATION-001470"",""PF-AGENCY-000470""]"
PF-PERMITAPPLICATION-001456,Completeness Rejected,2023-07-05T18:39:00Z,wf_external_task,WF-0000018950,USR-002,"[""PF-PERMITAPPLICATION-001456"",""PF-OBJECTION-000456""]"
PF-PERMITAPPLICATION-001472,Application Reopened,2023-07-05T19:02:00Z,wf_task_history,WF-0000018953,USR-012,"[""PF-PERMITAPPLICATION-001472"",""PF-AGENCY-000472""]"
PF-PERMITAPPLICATION-001360,Completeness Rejected,2023-07-06T01:00:00Z,wf_external_task,WF-0000018986,USR-021,"[""PF-PERMITAPPLICATION-001360"",""PF-OBJECTION-000360""]"
PF-PERMITAPPLICATION-001474,Application Reopened,2023-07-06T01:04:00Z,wf_task_history,WF-0000018982,USR-046,"[""PF-PERMITAPPLICATION-001474"",""PF-AGENCY-000474"",""PF-CONDITION-000474""]"
PF-PERMITAPPLICATION-001360,Application Reopened,2023-07-06T01:52:00Z,wf_task_history,WF-0000018987,USR-013,"[""PF-PERMITAPPLICATION-001360"",""PF-AGENCY-000360"",""PF-CONDITION-000360""]"
PF-PERMITAPPLICATION-001360,Inspection Failed,2023-07-06T02:14:00Z,wf_message_delivery,WF-0000018988,USR-059,"[""PF-PERMITAPPLICATION-001360"",""PF-DOCUMENT-000360""]"
PF-PERMITAPPLICATION-001360,Reinspection Requested,2023-07-06T02:51:00Z,wf_form_submission,WF-0000018989,USR-060,"[""PF-PERMITAPPLICATION-001360"",""PF-REVIEW-000360"",""PF-VIOLATION-000360""]"
PF-PERMITAPPLICATION-001381,Reinspection Requested,2023-07-06T03:03:00Z,wf_form_submission,WF-0000018993,USR-036,"[""PF-PERMITAPPLICATION-001381"",""PF-REVIEW-000381"",""PF-VIOLATION-000381""]"
PF-PERMITAPPLICATION-001476,Application Reopened,2023-07-06T07:06:00Z,wf_task_history,WF-0000019011,USR-080,"[""PF-PERMITAPPLICATION-001476"",""PF-AGENCY-000476""]"
PF-PERMITAPPLICATION-001478,Application Reopened,2023-07-06T12:15:00Z,wf_task_history,WF-0000019025,USR-114,"[""PF-PERMITAPPLICATION-001478"",""PF-AGENCY-000478""]"
PF-PERMITAPPLICATION-001365,Completeness Rejected,2023-07-06T16:00:00Z,wf_external_task,WF-0000019048,USR-106,"[""PF-PERMITAPPLICATION-001365"",""PF-OBJECTION-000365""]"
PF-PERMITAPPLICATION-001365,Application Reopened,2023-07-06T16:52:00Z,wf_task_history,WF-0000019049,USR-098,"[""PF-PERMITAPPLICATION-001365"",""PF-AGENCY-000365"",""PF-CONDITION-000365""]"
PF-PERMITAPPLICATION-001365,Inspection Failed,2023-07-06T17:14:00Z,wf_message_delivery,WF-0000019050,USR-017,"[""PF-PERMITAPPLICATION-001365"",""PF-DOCUMENT-000365""]"
PF-PERMITAPPLICATION-001365,Reinspection Requested,2023-07-06T17:51:00Z,wf_form_submission,WF-0000019051,USR-018,"[""PF-PERMITAPPLICATION-001365"",""PF-REVIEW-000365"",""PF-VIOLATION-000365""]"
PF-PERMITAPPLICATION-001480,Application Reopened,2023-07-06T18:17:00Z,wf_task_history,WF-0000019053,USR-021,"[""PF-PERMITAPPLICATION-001480"",""PF-AGENCY-000480""]"
PF-PERMITAPPLICATION-001482,Application Reopened,2023-07-07T00:19:00Z,wf_task_history,WF-0000019077,USR-055,"[""PF-PERMITAPPLICATION-001482"",""PF-AGENCY-000482"",""PF-CONDITION-000482""]"
PF-PERMITAPPLICATION-001484,Application Reopened,2023-07-07T06:21:00Z,wf_task_history,WF-0000019103,USR-089,"[""PF-PERMITAPPLICATION-001484"",""PF-AGENCY-000484""]"
PF-PERMITAPPLICATION-001370,Completeness Rejected,2023-07-07T07:00:00Z,wf_external_task,WF-0000019120,USR-064,"[""PF-PERMITAPPLICATION-001370"",""PF-OBJECTION-000370""]"
PF-PERMITAPPLICATION-001370,Application Reopened,2023-07-07T07:52:00Z,wf_task_history,WF-0000019121,USR-056,"[""PF-PERMITAPPLICATION-001370"",""PF-AGENCY-000370"",""PF-CONDITION-000370""]"
PF-PERMITAPPLICATION-001370,Inspection Failed,2023-07-07T08:14:00Z,wf_message_delivery,WF-0000019122,USR-102,"[""PF-PERMITAPPLICATION-001370"",""PF-DOCUMENT-000370""]"
PF-PERMITAPPLICATION-001370,Reinspection Requested,2023-07-07T08:51:00Z,wf_form_submission,WF-0000019123,USR-103,"[""PF-PERMITAPPLICATION-001370"",""PF-REVIEW-000370"",""PF-VIOLATION-000370""]"
PF-PERMITAPPLICATION-001469,Completeness Rejected,2023-07-07T09:52:00Z,wf_external_task,WF-0000019134,USR-096,"[""PF-PERMITAPPLICATION-001469"",""PF-OBJECTION-000469""]"
PF-PERMITAPPLICATION-001486,Application Reopened,2023-07-07T12:23:00Z,wf_task_history,WF-0000019137,USR-123,"[""PF-PERMITAPPLICATION-001486"",""PF-AGENCY-000486""]"
PF-PERMITAPPLICATION-001395,Inspection Failed,2023-07-07T15:16:00Z,wf_message_delivery,WF-0000019156,USR-019,"[""PF-PERMITAPPLICATION-001395"",""PF-DOCUMENT-000395""]"
PF-PERMITAPPLICATION-001488,Application Reopened,2023-07-07T18:25:00Z,wf_task_history,WF-0000019160,USR-030,"[""PF-PERMITAPPLICATION-001488"",""PF-AGENCY-000488"",""PF-CONDITION-000488""]"
PF-PERMITAPPLICATION-001375,Completeness Rejected,2023-07-07T22:00:00Z,wf_external_task,WF-0000019180,USR-022,"[""PF-PERMITAPPLICATION-001375"",""PF-OBJECTION-000375""]"
PF-PERMITAPPLICATION-001375,Application Reopened,2023-07-07T22:52:00Z,wf_task_history,WF-0000019181,USR-014,"[""PF-PERMITAPPLICATION-001375"",""PF-AGENCY-000375""]"
PF-PERMITAPPLICATION-001375,Inspection Failed,2023-07-07T23:14:00Z,wf_message_delivery,WF-0000019182,USR-060,"[""PF-PERMITAPPLICATION-001375"",""PF-DOCUMENT-000375""]"
PF-PERMITAPPLICATION-001375,Reinspection Requested,2023-07-07T23:51:00Z,wf_form_submission,WF-0000019183,USR-061,"[""PF-PERMITAPPLICATION-001375"",""PF-REVIEW-000375"",""PF-VIOLATION-000375""]"
PF-PERMITAPPLICATION-001490,Application Reopened,2023-07-08T00:27:00Z,wf_task_history,WF-0000019186,USR-064,"[""PF-PERMITAPPLICATION-001490"",""PF-AGENCY-000490""]"
PF-PERMITAPPLICATION-001492,Application Reopened,2023-07-08T06:29:00Z,wf_task_history,WF-0000019210,USR-098,"[""PF-PERMITAPPLICATION-001492"",""PF-AGENCY-000492"",""PF-CONDITION-000492""]"
PF-PERMITAPPLICATION-001494,Application Reopened,2023-07-08T12:31:00Z,wf_task_history,WF-0000019233,USR-005,"[""PF-PERMITAPPLICATION-001494"",""PF-AGENCY-000494"",""PF-CONDITION-000494""]"
PF-PERMITAPPLICATION-001380,Completeness Rejected,2023-07-08T13:00:00Z,wf_external_task,WF-0000019242,USR-107,"[""PF-PERMITAPPLICATION-001380"",""PF-OBJECTION-000380""]"
PF-PERMITAPPLICATION-001380,Application Reopened,2023-07-08T13:52:00Z,wf_task_history,WF-0000019243,USR-099,"[""PF-PERMITAPPLICATION-001380"",""PF-AGENCY-000380"",""PF-CONDITION-000380""]"
PF-PERMITAPPLICATION-001380,Inspection Failed,2023-07-08T14:14:00Z,wf_message_delivery,WF-0000019244,USR-018,"[""PF-PERMITAPPLICATION-001380"",""PF-DOCUMENT-000380""]"
PF-PERMITAPPLICATION-001380,Reinspection Requested,2023-07-08T14:51:00Z,wf_form_submission,WF-0000019245,USR-019,"[""PF-PERMITAPPLICATION-001380"",""PF-REVIEW-000380"",""PF-VIOLATION-000380""]"
PF-PERMITAPPLICATION-001496,Application Reopened,2023-07-08T18:33:00Z,wf_task_history,WF-0000019266,USR-039,"[""PF-PERMITAPPLICATION-001496"",""PF-AGENCY-000496"",""PF-CONDITION-000496""]"
PF-PERMITAPPLICATION-001482,Completeness Rejected,2023-07-09T00:12:00Z,wf_external_task,WF-0000019287,USR-063,"[""PF-PERMITAPPLICATION-001482"",""PF-OBJECTION-000482""]"
PF-PERMITAPPLICATION-001404,Reinspection Requested,2023-07-09T00:26:00Z,wf_form_submission,WF-0000019296,USR-046,"[""PF-PERMITAPPLICATION-001404"",""PF-REVIEW-000404"",""PF-VIOLATION-000404""]"
PF-PERMITAPPLICATION-001498,Application Reopened,2023-07-09T00:35:00Z,wf_task_history,WF-0000019290,USR-073,"[""PF-PERMITAPPLICATION-001498"",""PF-AGENCY-000498""]"
PF-PERMITAPPLICATION-001385,Completeness Rejected,2023-07-09T04:00:00Z,wf_external_task,WF-0000019311,USR-065,"[""PF-PERMITAPPLICATION-001385"",""PF-OBJECTION-000385""]"
PF-PERMITAPPLICATION-001385,Application Reopened,2023-07-09T04:52:00Z,wf_task_history,WF-0000019312,USR-057,"[""PF-PERMITAPPLICATION-001385"",""PF-AGENCY-000385""]"
PF-PERMITAPPLICATION-001385,Inspection Failed,2023-07-09T05:14:00Z,wf_message_delivery,WF-0000019313,USR-103,"[""PF-PERMITAPPLICATION-001385"",""PF-DOCUMENT-000385""]"
PF-PERMITAPPLICATION-001385,Reinspection Requested,2023-07-09T05:51:00Z,wf_form_submission,WF-0000019314,USR-104,"[""PF-PERMITAPPLICATION-001385"",""PF-REVIEW-000385"",""PF-VIOLATION-000385""]"
PF-PERMITAPPLICATION-001500,Application Reopened,2023-07-09T06:37:00Z,wf_task_history,WF-0000019318,USR-107,"[""PF-PERMITAPPLICATION-001500"",""PF-AGENCY-000500"",""PF-CONDITION-000500""]"
PF-PERMITAPPLICATION-001502,Application Reopened,2023-07-09T12:39:00Z,wf_task_history,WF-0000019341,USR-014,"[""PF-PERMITAPPLICATION-001502"",""PF-AGENCY-000002""]"
PF-PERMITAPPLICATION-001504,Application Reopened,2023-07-09T18:41:00Z,wf_task_history,WF-0000019365,USR-048,"[""PF-PERMITAPPLICATION-001504"",""PF-AGENCY-000004""]"
PF-PERMITAPPLICATION-001390,Completeness Rejected,2023-07-09T19:00:00Z,wf_external_task,WF-0000019373,USR-023,"[""PF-PERMITAPPLICATION-001390"",""PF-OBJECTION-000390""]"
PF-PERMITAPPLICATION-001390,Application Reopened,2023-07-09T19:52:00Z,wf_task_history,WF-0000019374,USR-015,"[""PF-PERMITAPPLICATION-001390"",""PF-AGENCY-000390"",""PF-CONDITION-000390""]"
PF-PERMITAPPLICATION-001390,Inspection Failed,2023-07-09T20:14:00Z,wf_message_delivery,WF-0000019375,USR-061,"[""PF-PERMITAPPLICATION-001390"",""PF-DOCUMENT-000390""]"
PF-PERMITAPPLICATION-001390,Reinspection Requested,2023-07-09T20:51:00Z,wf_form_submission,WF-0000019376,USR-062,"[""PF-PERMITAPPLICATION-001390"",""PF-REVIEW-000390"",""PF-VIOLATION-000390""]"
PF-PERMITAPPLICATION-001414,Inspection Failed,2023-07-10T00:35:00Z,wf_message_delivery,WF-0000019404,USR-088,"[""PF-PERMITAPPLICATION-001414"",""PF-DOCUMENT-000414""]"
PF-PERMITAPPLICATION-001506,Application Reopened,2023-07-10T00:43:00Z,wf_task_history,WF-0000019396,USR-082,"[""PF-PERMITAPPLICATION-001506"",""PF-AGENCY-000006""]"
PF-PERMITAPPLICATION-001508,Application Reopened,2023-07-10T06:45:00Z,wf_task_history,WF-0000019424,USR-116,"[""PF-PERMITAPPLICATION-001508"",""PF-AGENCY-000008""]"
PF-PERMITAPPLICATION-001395,Completeness Rejected,2023-07-10T10:00:00Z,wf_external_task,WF-0000019442,USR-108,"[""PF-PERMITAPPLICATION-001395"",""PF-OBJECTION-000395""]"
PF-PERMITAPPLICATION-001395,Application Reopened,2023-07-10T10:52:00Z,wf_task_history,WF-0000019443,USR-100,"[""PF-PERMITAPPLICATION-001395"",""PF-AGENCY-000395"",""PF-CONDITION-000395""]"
PF-PERMITAPPLICATION-001395,Inspection Failed,2023-07-10T11:14:00Z,wf_message_delivery,WF-0000019444,USR-019,"[""PF-PERMITAPPLICATION-001395"",""PF-DOCUMENT-000395""]"
PF-PERMITAPPLICATION-001395,Reinspection Requested,2023-07-10T11:51:00Z,wf_form_submission,WF-0000019445,USR-020,"[""PF-PERMITAPPLICATION-001395"",""PF-REVIEW-000395""]"
PF-PERMITAPPLICATION-001510,Application Reopened,2023-07-10T12:47:00Z,wf_task_history,WF-0000019449,USR-023,"[""PF-PERMITAPPLICATION-001510"",""PF-AGENCY-000010"",""PF-CONDITION-000010""]"
PF-PERMITAPPLICATION-001495,Completeness Rejected,2023-07-10T15:25:00Z,wf_external_task,WF-0000019458,USR-030,"[""PF-PERMITAPPLICATION-001495"",""PF-OBJECTION-000495""]"
PF-PERMITAPPLICATION-001512,Application Reopened,2023-07-10T18:49:00Z,wf_task_history,WF-0000019475,USR-057,"[""PF-PERMITAPPLICATION-001512"",""PF-AGENCY-000012""]"
PF-PERMITAPPLICATION-001514,Application Reopened,2023-07-11T00:51:00Z,wf_task_history,WF-0000019498,USR-091,"[""PF-PERMITAPPLICATION-001514"",""PF-AGENCY-000014"",""PF-CONDITION-000014""]"
PF-PERMITAPPLICATION-001400,Completeness Rejected,2023-07-11T01:00:00Z,wf_external_task,WF-0000019505,USR-066,"[""PF-PERMITAPPLICATION-001400"",""PF-OBJECTION-000400"",""PF-REVIEW-000400""]"
PF-PERMITAPPLICATION-001400,Application Reopened,2023-07-11T01:52:00Z,wf_task_history,WF-0000019506,USR-058,"[""PF-PERMITAPPLICATION-001400"",""PF-AGENCY-000400""]"
PF-PERMITAPPLICATION-001400,Inspection Failed,2023-07-11T02:14:00Z,wf_message_delivery,WF-0000019507,USR-104,"[""PF-PERMITAPPLICATION-001400"",""PF-DOCUMENT-000400"",""PF-INSPECTION-000400""]"
PF-PERMITAPPLICATION-001400,Reinspection Requested,2023-07-11T02:51:00Z,wf_form_submission,WF-0000019508,USR-105,"[""PF-PERMITAPPLICATION-001400"",""PF-REVIEW-000400""]"
PF-PERMITAPPLICATION-001516,Application Reopened,2023-07-11T06:53:00Z,wf_task_history,WF-0000019524,USR-125,"[""PF-PERMITAPPLICATION-001516"",""PF-AGENCY-000016""]"
PF-PERMITAPPLICATION-001518,Application Reopened,2023-07-11T12:55:00Z,wf_task_history,WF-0000019551,USR-032,"[""PF-PERMITAPPLICATION-001518"",""PF-AGENCY-000018"",""PF-CONDITION-000018""]"
PF-PERMITAPPLICATION-001405,Completeness Rejected,2023-07-11T16:00:00Z,wf_external_task,WF-0000019574,USR-024,"[""PF-PERMITAPPLICATION-001405"",""PF-OBJECTION-000405""]"
PF-PERMITAPPLICATION-001405,Application Reopened,2023-07-11T16:52:00Z,wf_task_history,WF-0000019575,USR-016,"[""PF-PERMITAPPLICATION-001405"",""PF-AGENCY-000405"",""PF-CONDITION-000405""]"
PF-PERMITAPPLICATION-001405,Inspection Failed,2023-07-11T17:14:00Z,wf_message_delivery,WF-0000019576,USR-062,"[""PF-PERMITAPPLICATION-001405"",""PF-DOCUMENT-000405""]"
PF-PERMITAPPLICATION-001405,Reinspection Requested,2023-07-11T17:51:00Z,wf_form_submission,WF-0000019577,USR-063,"[""PF-PERMITAPPLICATION-001405"",""PF-REVIEW-000405""]"
PF-PERMITAPPLICATION-001520,Application Reopened,2023-07-11T18:57:00Z,wf_task_history,WF-0000019581,USR-066,"[""PF-PERMITAPPLICATION-001520"",""PF-AGENCY-000020"",""PF-CONDITION-000020""]"
PF-PERMITAPPLICATION-001427,Reinspection Requested,2023-07-11T21:49:00Z,wf_form_submission,WF-0000019600,USR-056,"[""PF-PERMITAPPLICATION-001427"",""PF-REVIEW-000427""]"
PF-PERMITAPPLICATION-001522,Application Reopened,2023-07-12T00:59:00Z,wf_task_history,WF-0000019606,USR-100,"[""PF-PERMITAPPLICATION-001522"",""PF-AGENCY-000022""]"
PF-PERMITAPPLICATION-001508,Completeness Rejected,2023-07-12T06:38:00Z,wf_external_task,WF-0000019626,USR-124,"[""PF-PERMITAPPLICATION-001508"",""PF-OBJECTION-000008""]"
PF-PERMITAPPLICATION-001410,Completeness Rejected,2023-07-12T07:00:00Z,wf_external_task,WF-0000019637,USR-109,"[""PF-PERMITAPPLICATION-001410"",""PF-OBJECTION-000410""]"
PF-PERMITAPPLICATION-001524,Application Reopened,2023-07-12T07:01:00Z,wf_task_history,WF-0000019629,USR-007,"[""PF-PERMITAPPLICATION-001524"",""PF-AGENCY-000024"",""PF-CONDITION-000024""]"
PF-PERMITAPPLICATION-001410,Application Reopened,2023-07-12T07:52:00Z,wf_task_history,WF-0000019638,USR-101,"[""PF-PERMITAPPLICATION-001410"",""PF-AGENCY-000410""]"
PF-PERMITAPPLICATION-001410,Inspection Failed,2023-07-12T08:14:00Z,wf_message_delivery,WF-0000019639,USR-020,"[""PF-PERMITAPPLICATION-001410"",""PF-DOCUMENT-000410""]"
PF-PERMITAPPLICATION-001410,Reinspection Requested,2023-07-12T08:51:00Z,wf_form_submission,WF-0000019640,USR-021,"[""PF-PERMITAPPLICATION-001410"",""PF-REVIEW-000410"",""PF-VIOLATION-000410""]"
PF-PERMITAPPLICATION-001433,Inspection Failed,2023-07-12T09:01:00Z,wf_message_delivery,WF-0000019642,USR-030,"[""PF-PERMITAPPLICATION-001433"",""PF-DOCUMENT-000433"",""PF-INSPECTION-000433""]"
PF-PERMITAPPLICATION-001526,Application Reopened,2023-07-12T13:03:00Z,wf_task_history,WF-0000019660,USR-041,"[""PF-PERMITAPPLICATION-001526"",""PF-AGENCY-000026""]"
PF-PERMITAPPLICATION-001528,Application Reopened,2023-07-12T19:05:00Z,wf_task_history,WF-0000019689,USR-075,"[""PF-PERMITAPPLICATION-001528"",""PF-AGENCY-000028""]"
PF-PERMITAPPLICATION-001415,Completeness Rejected,2023-07-12T22:00:00Z,wf_external_task,WF-0000019706,USR-067,"[""PF-PERMITAPPLICATION-001415"",""PF-OBJECTION-000415""]"
PF-PERMITAPPLICATION-001415,Application Reopened,2023-07-12T22:52:00Z,wf_task_history,WF-0000019707,USR-059,"[""PF-PERMITAPPLICATION-001415"",""PF-AGENCY-000415"",""PF-CONDITION-000415""]"
PF-PERMITAPPLICATION-001415,Inspection Failed,2023-07-12T23:14:00Z,wf_message_delivery,WF-0000019708,USR-105,"[""PF-PERMITAPPLICATION-001415"",""PF-DOCUMENT-000415""]"
PF-PERMITAPPLICATION-001415,Reinspection Requested,2023-07-12T23:51:00Z,wf_form_submission,WF-0000019709,USR-106,"[""PF-PERMITAPPLICATION-001415"",""PF-REVIEW-000415""]"
PF-PERMITAPPLICATION-001530,Application Reopened,2023-07-13T01:07:00Z,wf_task_history,WF-0000019719,USR-109,"[""PF-PERMITAPPLICATION-001530"",""PF-AGENCY-000030"",""PF-CONDITION-000030""]"
PF-PERMITAPPLICATION-001532,Application Reopened,2023-07-13T06:16:00Z,wf_task_history,WF-0000019732,USR-016,"[""PF-PERMITAPPLICATION-001532"",""PF-AGENCY-000032""]"
PF-PERMITAPPLICATION-001534,Application Reopened,2023-07-13T12:18:00Z,wf_task_history,WF-0000019755,USR-050,"[""PF-PERMITAPPLICATION-001534"",""PF-AGENCY-000034""]"
PF-PERMITAPPLICATION-001420,Completeness Rejected,2023-07-13T13:00:00Z,wf_external_task,WF-0000019766,USR-025,"[""PF-PERMITAPPLICATION-001420"",""PF-OBJECTION-000420""]"
PF-PERMITAPPLICATION-001420,Application Reopened,2023-07-13T13:52:00Z,wf_task_history,WF-0000019767,USR-017,"[""PF-PERMITAPPLICATION-001420"",""PF-AGENCY-000420"",""PF-CONDITION-000420""]"
PF-PERMITAPPLICATION-001420,Inspection Failed,2023-07-13T14:14:00Z,wf_message_delivery,WF-0000019768,USR-063,"[""PF-PERMITAPPLICATION-001420"",""PF-DOCUMENT-000420""]"
PF-PERMITAPPLICATION-001420,Reinspection Requested,2023-07-13T14:51:00Z,wf_form_submission,WF-0000019769,USR-064,"[""PF-PERMITAPPLICATION-001420"",""PF-REVIEW-000420"",""PF-VIOLATION-000420""]"
PF-PERMITAPPLICATION-001536,Application Reopened,2023-07-13T18:20:00Z,wf_task_history,WF-0000019786,USR-084,"[""PF-PERMITAPPLICATION-001536"",""PF-AGENCY-000036""]"
PF-PERMITAPPLICATION-001521,Completeness Rejected,2023-07-13T21:51:00Z,wf_external_task,WF-0000019805,USR-091,"[""PF-PERMITAPPLICATION-001521"",""PF-OBJECTION-000021"",""PF-REVIEW-000021""]"
PF-PERMITAPPLICATION-001538,Application Reopened,2023-07-14T00:22:00Z,wf_task_history,WF-0000019809,USR-118,"[""PF-PERMITAPPLICATION-001538"",""PF-AGENCY-000038"",""PF-CONDITION-000038""]"
PF-PERMITAPPLICATION-001425,Completeness Rejected,2023-07-14T04:00:00Z,wf_external_task,WF-0000019834,USR-110,"[""PF-PERMITAPPLICATION-001425"",""PF-OBJECTION-000425""]"
PF-PERMITAPPLICATION-001425,Application Reopened,2023-07-14T04:52:00Z,wf_task_history,WF-0000019835,USR-102,"[""PF-PERMITAPPLICATION-001425"",""PF-AGENCY-000425""]"
PF-PERMITAPPLICATION-001425,Inspection Failed,2023-07-14T05:14:00Z,wf_message_delivery,WF-0000019836,USR-021,"[""PF-PERMITAPPLICATION-001425"",""PF-DOCUMENT-000425""]"
PF-PERMITAPPLICATION-001425,Reinspection Requested,2023-07-14T05:51:00Z,wf_form_submission,WF-0000019837,USR-022,"[""PF-PERMITAPPLICATION-001425"",""PF-REVIEW-000425"",""PF-VIOLATION-000425""]"
PF-PERMITAPPLICATION-001540,Application Reopened,2023-07-14T06:24:00Z,wf_task_history,WF-0000019842,USR-025,"[""PF-PERMITAPPLICATION-001540"",""PF-AGENCY-000040""]"
PF-PERMITAPPLICATION-001542,Application Reopened,2023-07-14T12:26:00Z,wf_task_history,WF-0000019865,USR-059,"[""PF-PERMITAPPLICATION-001542"",""PF-AGENCY-000042""]"
PF-PERMITAPPLICATION-001450,Reinspection Requested,2023-07-14T18:19:00Z,wf_form_submission,WF-0000019895,USR-066,"[""PF-PERMITAPPLICATION-001450"",""PF-REVIEW-000450"",""PF-VIOLATION-000450""]"
PF-PERMITAPPLICATION-001452,Inspection Failed,2023-07-14T18:20:00Z,wf_message_delivery,WF-0000019897,USR-099,"[""PF-PERMITAPPLICATION-001452"",""PF-DOCUMENT-000452"",""PF-INSPECTION-000452""]"
PF-PERMITAPPLICATION-001544,Application Reopened,2023-07-14T18:28:00Z,wf_task_history,WF-0000019889,USR-093,"[""PF-PERMITAPPLICATION-001544"",""PF-AGENCY-000044""]"
PF-PERMITAPPLICATION-001430,Completeness Rejected,2023-07-14T19:00:00Z,wf_external_task,WF-0000019900,USR-068,"[""PF-PERMITAPPLICATION-001430"",""PF-OBJECTION-000430"",""PF-REVIEW-000430""]"
PF-PERMITAPPLICATION-001430,Application Reopened,2023-07-14T19:52:00Z,wf_task_history,WF-0000019901,USR-060,"[""PF-PERMITAPPLICATION-001430"",""PF-AGENCY-000430""]"
PF-PERMITAPPLICATION-001430,Inspection Failed,2023-07-14T20:14:00Z,wf_message_delivery,WF-0000019902,USR-106,"[""PF-PERMITAPPLICATION-001430"",""PF-DOCUMENT-000430"",""PF-INSPECTION-000430""]"
PF-PERMITAPPLICATION-001430,Reinspection Requested,2023-07-14T20:51:00Z,wf_form_submission,WF-0000019903,USR-107,"[""PF-PERMITAPPLICATION-001430"",""PF-REVIEW-000430""]"
PF-PERMITAPPLICATION-001546,Application Reopened,2023-07-15T00:30:00Z,wf_task_history,WF-0000019917,USR-127,"[""PF-PERMITAPPLICATION-001546"",""PF-AGENCY-000046""]"
PF-PERMITAPPLICATION-001548,Application Reopened,2023-07-15T06:32:00Z,wf_task_history,WF-0000019940,USR-034,"[""PF-PERMITAPPLICATION-001548"",""PF-AGENCY-000048""]"
PF-PERMITAPPLICATION-001435,Completeness Rejected,2023-07-15T10:00:00Z,wf_external_task,WF-0000019962,USR-026,"[""PF-PERMITAPPLICATION-001435"",""PF-OBJECTION-000435""]"
PF-PERMITAPPLICATION-001435,Application Reopened,2023-07-15T10:52:00Z,wf_task_history,WF-0000019963,USR-018,"[""PF-PERMITAPPLICATION-001435"",""PF-AGENCY-000435"",""PF-CONDITION-000435""]"
PF-PERMITAPPLICATION-001435,Inspection Failed,2023-07-15T11:14:00Z,wf_message_delivery,WF-0000019964,USR-064,"[""PF-PERMITAPPLICATION-001435"",""PF-DOCUMENT-000435""]"
PF-PERMITAPPLICATION-001435,Reinspection Requested,2023-07-15T11:51:00Z,wf_form_submission,WF-0000019965,USR-065,"[""PF-PERMITAPPLICATION-001435"",""PF-REVIEW-000435""]"
PF-PERMITAPPLICATION-001534,Completeness Rejected,2023-07-15T12:11:00Z,wf_external_task,WF-0000019967,USR-058,"[""PF-PERMITAPPLICATION-001534"",""PF-OBJECTION-000034""]"
PF-PERMITAPPLICATION-001550,Application Reopened,2023-07-15T12:34:00Z,wf_task_history,WF-0000019972,USR-068,"[""PF-PERMITAPPLICATION-001550"",""PF-AGENCY-000050""]"
PF-PERMITAPPLICATION-001552,Application Reopened,2023-07-15T18:36:00Z,wf_task_history,WF-0000019995,USR-102,"[""PF-PERMITAPPLICATION-001552"",""PF-AGENCY-000052"",""PF-CONDITION-000052""]"
PF-PERMITAPPLICATION-001554,Application Reopened,2023-07-16T00:38:00Z,wf_task_history,WF-0000020020,USR-009,"[""PF-PERMITAPPLICATION-001554"",""PF-AGENCY-000054""]"
PF-PERMITAPPLICATION-001440,Completeness Rejected,2023-07-16T01:00:00Z,wf_external_task,WF-0000020028,USR-111,"[""PF-PERMITAPPLICATION-001440"",""PF-OBJECTION-000440""]"
PF-PERMITAPPLICATION-001440,Application Reopened,2023-07-16T01:52:00Z,wf_task_history,WF-0000020029,USR-103,"[""PF-PERMITAPPLICATION-001440"",""PF-AGENCY-000440"",""PF-CONDITION-000440""]"
PF-PERMITAPPLICATION-001440,Inspection Failed,2023-07-16T02:14:00Z,wf_message_delivery,WF-0000020030,USR-022,"[""PF-PERMITAPPLICATION-001440"",""PF-DOCUMENT-000440""]"
PF-PERMITAPPLICATION-001440,Reinspection Requested,2023-07-16T02:51:00Z,wf_form_submission,WF-0000020031,USR-023,"[""PF-PERMITAPPLICATION-001440"",""PF-REVIEW-000440""]"
PF-PERMITAPPLICATION-001556,Application Reopened,2023-07-16T06:40:00Z,wf_task_history,WF-0000020050,USR-043,"[""PF-PERMITAPPLICATION-001556"",""PF-AGENCY-000056""]"
PF-PERMITAPPLICATION-001558,Application Reopened,2023-07-16T12:42:00Z,wf_task_history,WF-0000020071,USR-077,"[""PF-PERMITAPPLICATION-001558"",""PF-AGENCY-000058"",""PF-CONDITION-000058""]"
PF-PERMITAPPLICATION-001445,Completeness Rejected,2023-07-16T16:00:00Z,wf_external_task,WF-0000020092,USR-069,"[""PF-PERMITAPPLICATION-001445"",""PF-OBJECTION-000445""]"
PF-PERMITAPPLICATION-001445,Application Reopened,2023-07-16T16:52:00Z,wf_task_history,WF-0000020093,USR-061,"[""PF-PERMITAPPLICATION-001445"",""PF-AGENCY-000445"",""PF-CONDITION-000445""]"
PF-PERMITAPPLICATION-001445,Inspection Failed,2023-07-16T17:14:00Z,wf_message_delivery,WF-0000020094,USR-107,"[""PF-PERMITAPPLICATION-001445"",""PF-DOCUMENT-000445""]"
PF-PERMITAPPLICATION-001445,Reinspection Requested,2023-07-16T17:51:00Z,wf_form_submission,WF-0000020095,USR-108,"[""PF-PERMITAPPLICATION-001445"",""PF-REVIEW-000445"",""PF-VIOLATION-000445""]"
PF-PERMITAPPLICATION-001560,Application Reopened,2023-07-16T18:44:00Z,wf_task_history,WF-0000020102,USR-111,"[""PF-PERMITAPPLICATION-001560"",""PF-AGENCY-000060"",""PF-CONDITION-000060""]"
PF-PERMITAPPLICATION-001562,Application Reopened,2023-07-17T00:46:00Z,wf_task_history,WF-0000020130,USR-018,"[""PF-PERMITAPPLICATION-001562"",""PF-AGENCY-000062""]"
PF-PERMITAPPLICATION-001547,Completeness Rejected,2023-07-17T03:24:00Z,wf_external_task,WF-0000020139,USR-025,"[""PF-PERMITAPPLICATION-001547"",""PF-OBJECTION-000047"",""PF-REVIEW-000047""]"
PF-PERMITAPPLICATION-001471,Inspection Failed,2023-07-17T03:39:00Z,wf_message_delivery,WF-0000020149,USR-041,"[""PF-PERMITAPPLICATION-001471"",""PF-DOCUMENT-000471""]"
PF-PERMITAPPLICATION-001564,Application Reopened,2023-07-17T06:48:00Z,wf_task_history,WF-0000020154,USR-052,"[""PF-PERMITAPPLICATION-001564"",""PF-AGENCY-000064"",""PF-CONDITION-000064""]"
PF-PERMITAPPLICATION-001450,Completeness Rejected,2023-07-17T07:00:00Z,wf_external_task,WF-0000020161,USR-027,"[""PF-PERMITAPPLICATION-001450"",""PF-OBJECTION-000450""]"
PF-PERMITAPPLICATION-001450,Application Reopened,2023-07-17T07:52:00Z,wf_task_history,WF-0000020162,USR-019,"[""PF-PERMITAPPLICATION-001450"",""PF-AGENCY-000450"",""PF-CONDITION-000450""]"
PF-PERMITAPPLICATION-001450,Inspection Failed,2023-07-17T08:14:00Z,wf_message_delivery,WF-0000020163,USR-065,"[""PF-PERMITAPPLICATION-001450"",""PF-DOCUMENT-000450""]"
PF-PERMITAPPLICATION-001450,Reinspection Requested,2023-07-17T08:51:00Z,wf_form_submission,WF-0000020164,USR-066,"[""PF-PERMITAPPLICATION-001450"",""PF-REVIEW-000450"",""PF-VIOLATION-000450""]"
PF-PERMITAPPLICATION-001566,Application Reopened,2023-07-17T12:50:00Z,wf_task_history,WF-0000020179,USR-086,"[""PF-PERMITAPPLICATION-001566"",""PF-AGENCY-000066""]"
PF-PERMITAPPLICATION-001473,Reinspection Requested,2023-07-17T15:42:00Z,wf_form_submission,WF-0000020196,USR-076,"[""PF-PERMITAPPLICATION-001473"",""PF-REVIEW-000473"",""PF-VIOLATION-000473""]"
PF-PERMITAPPLICATION-001568,Application Reopened,2023-07-17T18:52:00Z,wf_task_history,WF-0000020205,USR-120,"[""PF-PERMITAPPLICATION-001568"",""PF-AGENCY-000068""]"
PF-PERMITAPPLICATION-001455,Completeness Rejected,2023-07-17T22:00:00Z,wf_external_task,WF-0000020224,USR-112,"[""PF-PERMITAPPLICATION-001455"",""PF-OBJECTION-000455"",""PF-REVIEW-000455""]"
PF-PERMITAPPLICATION-001455,Application Reopened,2023-07-17T22:52:00Z,wf_task_history,WF-0000020225,USR-104,"[""PF-PERMITAPPLICATION-001455"",""PF-AGENCY-000455""]"
PF-PERMITAPPLICATION-001455,Inspection Failed,2023-07-17T23:14:00Z,wf_message_delivery,WF-0000020226,USR-023,"[""PF-PERMITAPPLICATION-001455"",""PF-DOCUMENT-000455"",""PF-INSPECTION-000455""]"
PF-PERMITAPPLICATION-001455,Reinspection Requested,2023-07-17T23:51:00Z,wf_form_submission,WF-0000020227,USR-024,"[""PF-PERMITAPPLICATION-001455"",""PF-REVIEW-000455""]"
PF-PERMITAPPLICATION-001570,Application Reopened,2023-07-18T00:54:00Z,wf_task_history,WF-0000020231,USR-027,"[""PF-PERMITAPPLICATION-001570"",""PF-AGENCY-000070"",""PF-CONDITION-000070""]"
PF-PERMITAPPLICATION-001572,Application Reopened,2023-07-18T06:56:00Z,wf_task_history,WF-0000020259,USR-061,"[""PF-PERMITAPPLICATION-001572"",""PF-AGENCY-000072"",""PF-CONDITION-000072""]"
PF-PERMITAPPLICATION-001574,Application Reopened,2023-07-18T12:58:00Z,wf_task_history,WF-0000020284,USR-095,"[""PF-PERMITAPPLICATION-001574"",""PF-AGENCY-000074""]"
PF-PERMITAPPLICATION-001460,Completeness Rejected,2023-07-18T13:00:00Z,wf_external_task,WF-0000020291,USR-070,"[""PF-PERMITAPPLICATION-001460"",""PF-OBJECTION-000460"",""PF-REVIEW-000460""]"
PF-PERMITAPPLICATION-001460,Application Reopened,2023-07-18T13:52:00Z,wf_task_history,WF-0000020292,USR-062,"[""PF-PERMITAPPLICATION-001460"",""PF-AGENCY-000460""]"
PF-PERMITAPPLICATION-001460,Inspection Failed,2023-07-18T14:14:00Z,wf_message_delivery,WF-0000020293,USR-108,"[""PF-PERMITAPPLICATION-001460"",""PF-DOCUMENT-000460"",""PF-INSPECTION-000460""]"
PF-PERMITAPPLICATION-001460,Reinspection Requested,2023-07-18T14:51:00Z,wf_form_submission,WF-0000020294,USR-109,"[""PF-PERMITAPPLICATION-001460"",""PF-REVIEW-000460""]"
PF-PERMITAPPLICATION-001560,Completeness Rejected,2023-07-18T18:37:00Z,wf_external_task,WF-0000020309,USR-119,"[""PF-PERMITAPPLICATION-001560"",""PF-OBJECTION-000060"",""PF-REVIEW-000060""]"
PF-PERMITAPPLICATION-001576,Application Reopened,2023-07-18T19:00:00Z,wf_task_history,WF-0000020312,USR-002,"[""PF-PERMITAPPLICATION-001576"",""PF-AGENCY-000076"",""PF-CONDITION-000076""]"
PF-PERMITAPPLICATION-001578,Application Reopened,2023-07-19T01:02:00Z,wf_task_history,WF-0000020337,USR-036,"[""PF-PERMITAPPLICATION-001578"",""PF-AGENCY-000078""]"
PF-PERMITAPPLICATION-001465,Completeness Rejected,2023-07-19T04:00:00Z,wf_external_task,WF-0000020353,USR-028,"[""PF-PERMITAPPLICATION-001465"",""PF-OBJECTION-000465""]"
PF-PERMITAPPLICATION-001465,Application Reopened,2023-07-19T04:52:00Z,wf_task_history,WF-0000020354,USR-020,"[""PF-PERMITAPPLICATION-001465"",""PF-AGENCY-000465"",""PF-CONDITION-000465""]"
PF-PERMITAPPLICATION-001465,Inspection Failed,2023-07-19T05:14:00Z,wf_message_delivery,WF-0000020355,USR-066,"[""PF-PERMITAPPLICATION-001465"",""PF-DOCUMENT-000465""]"
PF-PERMITAPPLICATION-001465,Reinspection Requested,2023-07-19T05:51:00Z,wf_form_submission,WF-0000020356,USR-067,"[""PF-PERMITAPPLICATION-001465"",""PF-REVIEW-000465""]"
PF-PERMITAPPLICATION-001580,Application Reopened,2023-07-19T07:04:00Z,wf_task_history,WF-0000020364,USR-070,"[""PF-PERMITAPPLICATION-001580"",""PF-AGENCY-000080"",""PF-CONDITION-000080""]"
PF-PERMITAPPLICATION-001490,Inspection Failed,2023-07-19T12:05:00Z,wf_message_delivery,WF-0000020388,USR-110,"[""PF-PERMITAPPLICATION-001490"",""PF-DOCUMENT-000490""]"
PF-PERMITAPPLICATION-001582,Application Reopened,2023-07-19T13:06:00Z,wf_task_history,WF-0000020392,USR-104,"[""PF-PERMITAPPLICATION-001582"",""PF-AGENCY-000082""]"
PF-PERMITAPPLICATION-001584,Application Reopened,2023-07-19T18:15:00Z,wf_task_history,WF-0000020413,USR-011,"[""PF-PERMITAPPLICATION-001584"",""PF-AGENCY-000084"",""PF-CONDITION-000084""]"
PF-PERMITAPPLICATION-001470,Completeness Rejected,2023-07-19T19:00:00Z,wf_external_task,WF-0000020424,USR-113,"[""PF-PERMITAPPLICATION-001470"",""PF-OBJECTION-000470"",""PF-REVIEW-000470""]"
PF-PERMITAPPLICATION-001470,Application Reopened,2023-07-19T19:52:00Z,wf_task_history,WF-0000020425,USR-105,"[""PF-PERMITAPPLICATION-001470"",""PF-AGENCY-000470""]"
PF-PERMITAPPLICATION-001470,Inspection Failed,2023-07-19T20:14:00Z,wf_message_delivery,WF-0000020426,USR-024,"[""PF-PERMITAPPLICATION-001470"",""PF-DOCUMENT-000470"",""PF-INSPECTION-000470""]"
PF-PERMITAPPLICATION-001470,Reinspection Requested,2023-07-19T20:51:00Z,wf_form_submission,WF-0000020427,USR-025,"[""PF-PERMITAPPLICATION-001470"",""PF-REVIEW-000470""]"
PF-PERMITAPPLICATION-001586,Application Reopened,2023-07-20T00:17:00Z,wf_task_history,WF-0000020439,USR-045,"[""PF-PERMITAPPLICATION-001586"",""PF-AGENCY-000086""]"
PF-PERMITAPPLICATION-001588,Application Reopened,2023-07-20T06:19:00Z,wf_task_history,WF-0000020463,USR-079,"[""PF-PERMITAPPLICATION-001588"",""PF-AGENCY-000088"",""PF-CONDITION-000088""]"
PF-PERMITAPPLICATION-001573,Completeness Rejected,2023-07-20T09:50:00Z,wf_external_task,WF-0000020484,USR-086,"[""PF-PERMITAPPLICATION-001573"",""PF-OBJECTION-000073"",""PF-REVIEW-000073""]"
PF-PERMITAPPLICATION-001475,Completeness Rejected,2023-07-20T10:00:00Z,wf_external_task,WF-0000020485,USR-071,"[""PF-PERMITAPPLICATION-001475"",""PF-OBJECTION-000475"",""PF-REVIEW-000475""]"
PF-PERMITAPPLICATION-001475,Application Reopened,2023-07-20T10:52:00Z,wf_task_history,WF-0000020486,USR-063,"[""PF-PERMITAPPLICATION-001475"",""PF-AGENCY-000475""]"
PF-PERMITAPPLICATION-001475,Inspection Failed,2023-07-20T11:14:00Z,wf_message_delivery,WF-0000020487,USR-109,"[""PF-PERMITAPPLICATION-001475"",""PF-DOCUMENT-000475"",""PF-INSPECTION-000475""]"
PF-PERMITAPPLICATION-001475,Reinspection Requested,2023-07-20T11:51:00Z,wf_form_submission,WF-0000020488,USR-110,"[""PF-PERMITAPPLICATION-001475"",""PF-REVIEW-000475""]"
PF-PERMITAPPLICATION-001496,Reinspection Requested,2023-07-20T12:12:00Z,wf_form_submission,WF-0000020497,USR-086,"[""PF-PERMITAPPLICATION-001496"",""PF-REVIEW-000496"",""PF-VIOLATION-000496""]"
PF-PERMITAPPLICATION-001590,Application Reopened,2023-07-20T12:21:00Z,wf_task_history,WF-0000020491,USR-113,"[""PF-PERMITAPPLICATION-001590"",""PF-AGENCY-000090"",""PF-CONDITION-000090""]"
PF-PERMITAPPLICATION-001592,Application Reopened,2023-07-20T18:23:00Z,wf_task_history,WF-0000020517,USR-020,"[""PF-PERMITAPPLICATION-001592"",""PF-AGENCY-000092""]"
PF-PERMITAPPLICATION-001594,Application Reopened,2023-07-21T00:25:00Z,wf_task_history,WF-0000020539,USR-054,"[""PF-PERMITAPPLICATION-001594"",""PF-AGENCY-000094"",""PF-CONDITION-000094""]"
PF-PERMITAPPLICATION-001480,Completeness Rejected,2023-07-21T01:00:00Z,wf_external_task,WF-0000020555,USR-029,"[""PF-PERMITAPPLICATION-001480"",""PF-OBJECTION-000480"",""PF-REVIEW-000480""]"
PF-PERMITAPPLICATION-001480,Application Reopened,2023-07-21T01:52:00Z,wf_task_history,WF-0000020556,USR-021,"[""PF-PERMITAPPLICATION-001480"",""PF-AGENCY-000480""]"
PF-PERMITAPPLICATION-001480,Inspection Failed,2023-07-21T02:14:00Z,wf_message_delivery,WF-0000020557,USR-067,"[""PF-PERMITAPPLICATION-001480"",""PF-DOCUMENT-000480"",""PF-INSPECTION-000480""]"
PF-PERMITAPPLICATION-001480,Reinspection Requested,2023-07-21T02:51:00Z,wf_form_submission,WF-0000020558,USR-068,"[""PF-PERMITAPPLICATION-001480"",""PF-REVIEW-000480""]"
PF-PERMITAPPLICATION-001596,Application Reopened,2023-07-21T06:27:00Z,wf_task_history,WF-0000020572,USR-088,"[""PF-PERMITAPPLICATION-001596"",""PF-AGENCY-000096""]"
PF-PERMITAPPLICATION-001598,Application Reopened,2023-07-21T12:29:00Z,wf_task_history,WF-0000020598,USR-122,"[""PF-PERMITAPPLICATION-001598"",""PF-AGENCY-000098""]"
PF-PERMITAPPLICATION-001485,Completeness Rejected,2023-07-21T16:00:00Z,wf_external_task,WF-0000020618,USR-114,"[""PF-PERMITAPPLICATION-001485"",""PF-OBJECTION-000485"",""PF-REVIEW-000485""]"
PF-PERMITAPPLICATION-001485,Application Reopened,2023-07-21T16:52:00Z,wf_task_history,WF-0000020619,USR-106,"[""PF-PERMITAPPLICATION-001485"",""PF-AGENCY-000485""]"
PF-PERMITAPPLICATION-001485,Inspection Failed,2023-07-21T17:14:00Z,wf_message_delivery,WF-0000020620,USR-025,"[""PF-PERMITAPPLICATION-001485"",""PF-DOCUMENT-000485"",""PF-INSPECTION-000485""]"
PF-PERMITAPPLICATION-001485,Reinspection Requested,2023-07-21T17:51:00Z,wf_form_submission,WF-0000020621,USR-026,"[""PF-PERMITAPPLICATION-001485"",""PF-REVIEW-000485""]"
PF-PERMITAPPLICATION-001600,Application Reopened,2023-07-21T18:31:00Z,wf_task_history,WF-0000020624,USR-029,"[""PF-PERMITAPPLICATION-001600"",""PF-AGENCY-000100"",""PF-CONDITION-000100""]"
PF-PERMITAPPLICATION-001509,Inspection Failed,2023-07-21T21:24:00Z,wf_message_delivery,WF-0000020643,USR-052,"[""PF-PERMITAPPLICATION-001509"",""PF-DOCUMENT-000009""]"
PF-PERMITAPPLICATION-001586,Completeness Rejected,2023-07-22T00:10:00Z,wf_external_task,WF-0000020644,USR-053,"[""PF-PERMITAPPLICATION-001586"",""PF-OBJECTION-000086""]"
PF-PERMITAPPLICATION-001602,Application Reopened,2023-07-22T00:33:00Z,wf_task_history,WF-0000020647,USR-063,"[""PF-PERMITAPPLICATION-001602"",""PF-AGENCY-000102""]"
PF-PERMITAPPLICATION-001604,Application Reopened,2023-07-22T06:35:00Z,wf_task_history,WF-0000020669,USR-097,"[""PF-PERMITAPPLICATION-001604"",""PF-AGENCY-000104""]"
PF-PERMITAPPLICATION-001490,Completeness Rejected,2023-07-22T07:00:00Z,wf_external_task,WF-0000020679,USR-072,"[""PF-PERMITAPPLICATION-001490"",""PF-OBJECTION-000490""]"
PF-PERMITAPPLICATION-001490,Application Reopened,2023-07-22T07:52:00Z,wf_task_history,WF-0000020680,USR-064,"[""PF-PERMITAPPLICATION-001490"",""PF-AGENCY-000490"",""PF-CONDITION-000490""]"
PF-PERMITAPPLICATION-001490,Inspection Failed,2023-07-22T08:14:00Z,wf_message_delivery,WF-0000020681,USR-110,"[""PF-PERMITAPPLICATION-001490"",""PF-DOCUMENT-000490""]"
PF-PERMITAPPLICATION-001490,Reinspection Requested,2023-07-22T08:51:00Z,wf_form_submission,WF-0000020682,USR-111,"[""PF-PERMITAPPLICATION-001490"",""PF-REVIEW-000490"",""PF-VIOLATION-000490""]"
PF-PERMITAPPLICATION-001606,Application Reopened,2023-07-22T12:37:00Z,wf_task_history,WF-0000020707,USR-004,"[""PF-PERMITAPPLICATION-001606"",""PF-AGENCY-000106""]"
PF-PERMITAPPLICATION-001608,Application Reopened,2023-07-22T18:39:00Z,wf_task_history,WF-0000020728,USR-038,"[""PF-PERMITAPPLICATION-001608"",""PF-AGENCY-000108"",""PF-CONDITION-000108""]"
PF-PERMITAPPLICATION-001495,Completeness Rejected,2023-07-22T22:00:00Z,wf_external_task,WF-0000020748,USR-030,"[""PF-PERMITAPPLICATION-001495"",""PF-OBJECTION-000495""]"
PF-PERMITAPPLICATION-001495,Application Reopened,2023-07-22T22:52:00Z,wf_task_history,WF-0000020749,USR-022,"[""PF-PERMITAPPLICATION-001495"",""PF-AGENCY-000495""]"
PF-PERMITAPPLICATION-001495,Inspection Failed,2023-07-22T23:14:00Z,wf_message_delivery,WF-0000020750,USR-068,"[""PF-PERMITAPPLICATION-001495"",""PF-DOCUMENT-000495""]"
PF-PERMITAPPLICATION-001495,Reinspection Requested,2023-07-22T23:51:00Z,wf_form_submission,WF-0000020751,USR-069,"[""PF-PERMITAPPLICATION-001495"",""PF-REVIEW-000495"",""PF-VIOLATION-000495""]"
PF-PERMITAPPLICATION-001610,Application Reopened,2023-07-23T00:41:00Z,wf_task_history,WF-0000020754,USR-072,"[""PF-PERMITAPPLICATION-001610"",""PF-AGENCY-000110""]"
PF-PERMITAPPLICATION-001612,Application Reopened,2023-07-23T06:43:00Z,wf_task_history,WF-0000020779,USR-106,"[""PF-PERMITAPPLICATION-001612"",""PF-AGENCY-000112""]"
PF-PERMITAPPLICATION-001519,Reinspection Requested,2023-07-23T09:35:00Z,wf_form_submission,WF-0000020796,USR-096,"[""PF-PERMITAPPLICATION-001519"",""PF-REVIEW-000019"",""PF-VIOLATION-000019""]"
PF-PERMITAPPLICATION-001614,Application Reopened,2023-07-23T12:45:00Z,wf_task_history,WF-0000020802,USR-013,"[""PF-PERMITAPPLICATION-001614"",""PF-AGENCY-000114""]"
PF-PERMITAPPLICATION-001500,Completeness Rejected,2023-07-23T13:00:00Z,wf_external_task,WF-0000020809,USR-115,"[""PF-PERMITAPPLICATION-001500"",""PF-OBJECTION-000500"",""PF-REVIEW-000500""]"
PF-PERMITAPPLICATION-001500,Application Reopened,2023-07-23T13:52:00Z,wf_task_history,WF-0000020810,USR-107,"[""PF-PERMITAPPLICATION-001500"",""PF-AGENCY-000500""]"
PF-PERMITAPPLICATION-001500,Inspection Failed,2023-07-23T14:14:00Z,wf_message_delivery,WF-0000020811,USR-026,"[""PF-PERMITAPPLICATION-001500"",""PF-DOCUMENT-000500"",""PF-INSPECTION-000500""]"
PF-PERMITAPPLICATION-001500,Reinspection Requested,2023-07-23T14:51:00Z,wf_form_submission,WF-0000020812,USR-027,"[""PF-PERMITAPPLICATION-001500"",""PF-REVIEW-000500""]"
PF-PERMITAPPLICATION-001599,Completeness Rejected,2023-07-23T15:23:00Z,wf_external_task,WF-0000020813,USR-020,"[""PF-PERMITAPPLICATION-001599"",""PF-OBJECTION-000099"",""PF-REVIEW-000099""]"
PF-PERMITAPPLICATION-001616,Application Reopened,2023-07-23T18:47:00Z,wf_task_history,WF-0000020831,USR-047,"[""PF-PERMITAPPLICATION-001616"",""PF-AGENCY-000116"",""PF-CONDITION-000116""]"
PF-PERMITAPPLICATION-001618,Application Reopened,2023-07-24T00:49:00Z,wf_task_history,WF-0000020862,USR-081,"[""PF-PERMITAPPLICATION-001618"",""PF-AGENCY-000118"",""PF-CONDITION-000118""]"
PF-PERMITAPPLICATION-001505,Completeness Rejected,2023-07-24T04:00:00Z,wf_external_task,WF-0000020879,USR-073,"[""PF-PERMITAPPLICATION-001505"",""PF-OBJECTION-000005"",""PF-REVIEW-000005""]"
PF-PERMITAPPLICATION-001505,Application Reopened,2023-07-24T04:52:00Z,wf_task_history,WF-0000020880,USR-065,"[""PF-PERMITAPPLICATION-001505"",""PF-AGENCY-000005""]"
PF-PERMITAPPLICATION-001505,Inspection Failed,2023-07-24T05:14:00Z,wf_message_delivery,WF-0000020881,USR-111,"[""PF-PERMITAPPLICATION-001505"",""PF-DOCUMENT-000005"",""PF-INSPECTION-000005""]"
PF-PERMITAPPLICATION-001505,Reinspection Requested,2023-07-24T05:51:00Z,wf_form_submission,WF-0000020882,USR-112,"[""PF-PERMITAPPLICATION-001505"",""PF-REVIEW-000005""]"
PF-PERMITAPPLICATION-001528,Inspection Failed,2023-07-24T06:43:00Z,wf_message_delivery,WF-0000020894,USR-121,"[""PF-PERMITAPPLICATION-001528"",""PF-DOCUMENT-000028""]"
PF-PERMITAPPLICATION-001620,Application Reopened,2023-07-24T06:51:00Z,wf_task_history,WF-0000020887,USR-115,"[""PF-PERMITAPPLICATION-001620"",""PF-AGENCY-000120""]"
PF-PERMITAPPLICATION-001622,Application Reopened,2023-07-24T12:53:00Z,wf_task_history,WF-0000020910,USR-022,"[""PF-PERMITAPPLICATION-001622"",""PF-AGENCY-000122""]"
PF-PERMITAPPLICATION-001624,Application Reopened,2023-07-24T18:55:00Z,wf_task_history,WF-0000020934,USR-056,"[""PF-PERMITAPPLICATION-001624"",""PF-AGENCY-000124"",""PF-CONDITION-000124""]"
PF-PERMITAPPLICATION-001510,Completeness Rejected,2023-07-24T19:00:00Z,wf_external_task,WF-0000020941,USR-031,"[""PF-PERMITAPPLICATION-001510"",""PF-OBJECTION-000010""]"
PF-PERMITAPPLICATION-001510,Application Reopened,2023-07-24T19:52:00Z,wf_task_history,WF-0000020942,USR-023,"[""PF-PERMITAPPLICATION-001510"",""PF-AGENCY-000010""]"
PF-PERMITAPPLICATION-001510,Inspection Failed,2023-07-24T20:14:00Z,wf_message_delivery,WF-0000020943,USR-069,"[""PF-PERMITAPPLICATION-001510"",""PF-DOCUMENT-000010""]"
PF-PERMITAPPLICATION-001510,Reinspection Requested,2023-07-24T20:51:00Z,wf_form_submission,WF-0000020944,USR-070,"[""PF-PERMITAPPLICATION-001510"",""PF-REVIEW-000010"",""PF-VIOLATION-000010""]"
PF-PERMITAPPLICATION-001626,Application Reopened,2023-07-25T00:57:00Z,wf_task_history,WF-0000020960,USR-090,"[""PF-PERMITAPPLICATION-001626"",""PF-AGENCY-000126""]"
PF-PERMITAPPLICATION-001612,Completeness Rejected,2023-07-25T06:36:00Z,wf_external_task,WF-0000020989,USR-114,"[""PF-PERMITAPPLICATION-001612"",""PF-OBJECTION-000112""]"
PF-PERMITAPPLICATION-001628,Application Reopened,2023-07-25T06:59:00Z,wf_task_history,WF-0000020992,USR-124,"[""PF-PERMITAPPLICATION-001628"",""PF-AGENCY-000128""]"
PF-PERMITAPPLICATION-001515,Completeness Rejected,2023-07-25T10:00:00Z,wf_external_task,WF-0000021011,USR-116,"[""PF-PERMITAPPLICATION-001515"",""PF-OBJECTION-000015"",""PF-REVIEW-000015""]"
PF-PERMITAPPLICATION-001515,Application Reopened,2023-07-25T10:52:00Z,wf_task_history,WF-0000021012,USR-108,"[""PF-PERMITAPPLICATION-001515"",""PF-AGENCY-000015""]"
PF-PERMITAPPLICATION-001515,Inspection Failed,2023-07-25T11:14:00Z,wf_message_delivery,WF-0000021013,USR-027,"[""PF-PERMITAPPLICATION-001515"",""PF-DOCUMENT-000015"",""PF-INSPECTION-000015""]"
PF-PERMITAPPLICATION-001515,Reinspection Requested,2023-07-25T11:51:00Z,wf_form_submission,WF-0000021014,USR-028,"[""PF-PERMITAPPLICATION-001515"",""PF-REVIEW-000015""]"
PF-PERMITAPPLICATION-001630,Application Reopened,2023-07-25T13:01:00Z,wf_task_history,WF-0000021020,USR-031,"[""PF-PERMITAPPLICATION-001630"",""PF-AGENCY-000130"",""PF-CONDITION-000130""]"
PF-PERMITAPPLICATION-001632,Application Reopened,2023-07-25T19:03:00Z,wf_task_history,WF-0000021044,USR-065,"[""PF-PERMITAPPLICATION-001632"",""PF-AGENCY-000132"",""PF-CONDITION-000132""]"
PF-PERMITAPPLICATION-001520,Completeness Rejected,2023-07-26T01:00:00Z,wf_external_task,WF-0000021074,USR-074,"[""PF-PERMITAPPLICATION-001520"",""PF-OBJECTION-000020""]"
PF-PERMITAPPLICATION-001634,Application Reopened,2023-07-26T01:05:00Z,wf_task_history,WF-0000021071,USR-099,"[""PF-PERMITAPPLICATION-001634"",""PF-AGENCY-000134"",""PF-CONDITION-000134""]"
PF-PERMITAPPLICATION-001520,Application Reopened,2023-07-26T01:52:00Z,wf_task_history,WF-0000021075,USR-066,"[""PF-PERMITAPPLICATION-001520"",""PF-AGENCY-000020"",""PF-CONDITION-000020""]"
PF-PERMITAPPLICATION-001520,Inspection Failed,2023-07-26T02:14:00Z,wf_message_delivery,WF-0000021076,USR-112,"[""PF-PERMITAPPLICATION-001520"",""PF-DOCUMENT-000020""]"
PF-PERMITAPPLICATION-001520,Reinspection Requested,2023-07-26T02:51:00Z,wf_form_submission,WF-0000021077,USR-113,"[""PF-PERMITAPPLICATION-001520"",""PF-REVIEW-000020"",""PF-VIOLATION-000020""]"
PF-PERMITAPPLICATION-001542,Reinspection Requested,2023-07-26T06:05:00Z,wf_form_submission,WF-0000021095,USR-106,"[""PF-PERMITAPPLICATION-001542"",""PF-REVIEW-000042""]"
PF-PERMITAPPLICATION-001636,Application Reopened,2023-07-26T07:07:00Z,wf_task_history,WF-0000021100,USR-006,"[""PF-PERMITAPPLICATION-001636"",""PF-AGENCY-000136""]"
PF-PERMITAPPLICATION-001638,Application Reopened,2023-07-26T12:16:00Z,wf_task_history,WF-0000021112,USR-040,"[""PF-PERMITAPPLICATION-001638"",""PF-AGENCY-000138"",""PF-CONDITION-000138""]"
PF-PERMITAPPLICATION-001547,Inspection Failed,2023-07-26T15:09:00Z,wf_message_delivery,WF-0000021136,USR-063,"[""PF-PERMITAPPLICATION-001547"",""PF-DOCUMENT-000047""]"
PF-PERMITAPPLICATION-001525,Completeness Rejected,2023-07-26T16:00:00Z,wf_external_task,WF-0000021142,USR-032,"[""PF-PERMITAPPLICATION-001525"",""PF-OBJECTION-000025""]"
PF-PERMITAPPLICATION-001525,Application Reopened,2023-07-26T16:52:00Z,wf_task_history,WF-0000021143,USR-024,"[""PF-PERMITAPPLICATION-001525"",""PF-AGENCY-000025"",""PF-CONDITION-000025""]"
PF-PERMITAPPLICATION-001525,Inspection Failed,2023-07-26T17:14:00Z,wf_message_delivery,WF-0000021144,USR-070,"[""PF-PERMITAPPLICATION-001525"",""PF-DOCUMENT-000025""]"
PF-PERMITAPPLICATION-001525,Reinspection Requested,2023-07-26T17:51:00Z,wf_form_submission,WF-0000021145,USR-071,"[""PF-PERMITAPPLICATION-001525"",""PF-REVIEW-000025""]"
PF-PERMITAPPLICATION-001640,Application Reopened,2023-07-26T18:18:00Z,wf_task_history,WF-0000021149,USR-074,"[""PF-PERMITAPPLICATION-001640"",""PF-AGENCY-000140"",""PF-CONDITION-000140""]"
PF-PERMITAPPLICATION-001625,Completeness Rejected,2023-07-26T21:49:00Z,wf_external_task,WF-0000021167,USR-081,"[""PF-PERMITAPPLICATION-001625"",""PF-OBJECTION-000125""]"
PF-PERMITAPPLICATION-001642,Application Reopened,2023-07-27T00:20:00Z,wf_task_history,WF-0000021172,USR-108,"[""PF-PERMITAPPLICATION-001642"",""PF-AGENCY-000142""]"
PF-PERMITAPPLICATION-001644,Application Reopened,2023-07-27T06:22:00Z,wf_task_history,WF-0000021196,USR-015,"[""PF-PERMITAPPLICATION-001644"",""PF-AGENCY-000144""]"
PF-PERMITAPPLICATION-001530,Completeness Rejected,2023-07-27T07:00:00Z,wf_external_task,WF-0000021204,USR-117,"[""PF-PERMITAPPLICATION-001530"",""PF-OBJECTION-000030"",""PF-REVIEW-000030""]"
PF-PERMITAPPLICATION-001530,Application Reopened,2023-07-27T07:52:00Z,wf_task_history,WF-0000021205,USR-109,"[""PF-PERMITAPPLICATION-001530"",""PF-AGENCY-000030""]"
PF-PERMITAPPLICATION-001530,Inspection Failed,2023-07-27T08:14:00Z,wf_message_delivery,WF-0000021206,USR-028,"[""PF-PERMITAPPLICATION-001530"",""PF-DOCUMENT-000030"",""PF-INSPECTION-000030""]"
PF-PERMITAPPLICATION-001530,Reinspection Requested,2023-07-27T08:51:00Z,wf_form_submission,WF-0000021207,USR-029,"[""PF-PERMITAPPLICATION-001530"",""PF-REVIEW-000030""]"
PF-PERMITAPPLICATION-001646,Application Reopened,2023-07-27T12:24:00Z,wf_task_history,WF-0000021221,USR-049,"[""PF-PERMITAPPLICATION-001646"",""PF-AGENCY-000146"",""PF-CONDITION-000146""]"
PF-PERMITAPPLICATION-001648,Application Reopened,2023-07-27T18:26:00Z,wf_task_history,WF-0000021246,USR-083,"[""PF-PERMITAPPLICATION-001648"",""PF-AGENCY-000148"",""PF-CONDITION-000148""]"
PF-PERMITAPPLICATION-001535,Completeness Rejected,2023-07-27T22:00:00Z,wf_external_task,WF-0000021270,USR-075,"[""PF-PERMITAPPLICATION-001535"",""PF-OBJECTION-000035""]"
PF-PERMITAPPLICATION-001535,Application Reopened,2023-07-27T22:52:00Z,wf_task_history,WF-0000021271,USR-067,"[""PF-PERMITAPPLICATION-001535"",""PF-AGENCY-000035"",""PF-CONDITION-000035""]"
PF-PERMITAPPLICATION-001535,Inspection Failed,2023-07-27T23:14:00Z,wf_message_delivery,WF-0000021272,USR-113,"[""PF-PERMITAPPLICATION-001535"",""PF-DOCUMENT-000035""]"
PF-PERMITAPPLICATION-001535,Reinspection Requested,2023-07-27T23:51:00Z,wf_form_submission,WF-0000021273,USR-114,"[""PF-PERMITAPPLICATION-001535"",""PF-REVIEW-000035""]"
PF-PERMITAPPLICATION-001650,Application Reopened,2023-07-28T00:28:00Z,wf_task_history,WF-0000021276,USR-117,"[""PF-PERMITAPPLICATION-001650"",""PF-AGENCY-000150""]"
PF-PERMITAPPLICATION-001652,Application Reopened,2023-07-28T06:30:00Z,wf_task_history,WF-0000021302,USR-024,"[""PF-PERMITAPPLICATION-001652"",""PF-AGENCY-000152"",""PF-CONDITION-000152""]"
PF-PERMITAPPLICATION-001638,Completeness Rejected,2023-07-28T12:09:00Z,wf_external_task,WF-0000021323,USR-048,"[""PF-PERMITAPPLICATION-001638"",""PF-OBJECTION-000138""]"
PF-PERMITAPPLICATION-001654,Application Reopened,2023-07-28T12:32:00Z,wf_task_history,WF-0000021327,USR-058,"[""PF-PERMITAPPLICATION-001654"",""PF-AGENCY-000154"",""PF-CONDITION-000154""]"
PF-PERMITAPPLICATION-001540,Completeness Rejected,2023-07-28T13:00:00Z,wf_external_task,WF-0000021336,USR-033,"[""PF-PERMITAPPLICATION-001540"",""PF-OBJECTION-000040""]"
PF-PERMITAPPLICATION-001540,Application Reopened,2023-07-28T13:52:00Z,wf_task_history,WF-0000021337,USR-025,"[""PF-PERMITAPPLICATION-001540"",""PF-AGENCY-000040"",""PF-CONDITION-000040""]"
PF-PERMITAPPLICATION-001540,Inspection Failed,2023-07-28T14:14:00Z,wf_message_delivery,WF-0000021338,USR-071,"[""PF-PERMITAPPLICATION-001540"",""PF-DOCUMENT-000040""]"
PF-PERMITAPPLICATION-001540,Reinspection Requested,2023-07-28T14:51:00Z,wf_form_submission,WF-0000021339,USR-072,"[""PF-PERMITAPPLICATION-001540"",""PF-REVIEW-000040""]"
PF-PERMITAPPLICATION-001656,Application Reopened,2023-07-28T18:34:00Z,wf_task_history,WF-0000021354,USR-092,"[""PF-PERMITAPPLICATION-001656"",""PF-AGENCY-000156""]"
PF-PERMITAPPLICATION-001566,Inspection Failed,2023-07-29T00:28:00Z,wf_message_delivery,WF-0000021384,USR-005,"[""PF-PERMITAPPLICATION-001566"",""PF-DOCUMENT-000066""]"
PF-PERMITAPPLICATION-001658,Application Reopened,2023-07-29T00:36:00Z,wf_task_history,WF-0000021377,USR-126,"[""PF-PERMITAPPLICATION-001658"",""PF-AGENCY-000158"",""PF-CONDITION-000158""]"
PF-PERMITAPPLICATION-001565,Reinspection Requested,2023-07-29T03:28:00Z,wf_form_submission,WF-0000021397,USR-116,"[""PF-PERMITAPPLICATION-001565"",""PF-REVIEW-000065""]"
PF-PERMITAPPLICATION-001545,Completeness Rejected,2023-07-29T04:00:00Z,wf_external_task,WF-0000021400,USR-118,"[""PF-PERMITAPPLICATION-001545"",""PF-OBJECTION-000045"",""PF-REVIEW-000045""]"
PF-PERMITAPPLICATION-001545,Application Reopened,2023-07-29T04:52:00Z,wf_task_history,WF-0000021401,USR-110,"[""PF-PERMITAPPLICATION-001545"",""PF-AGENCY-000045""]"
PF-PERMITAPPLICATION-001545,Inspection Failed,2023-07-29T05:14:00Z,wf_message_delivery,WF-0000021402,USR-029,"[""PF-PERMITAPPLICATION-001545"",""PF-DOCUMENT-000045"",""PF-INSPECTION-000045""]"
PF-PERMITAPPLICATION-001545,Reinspection Requested,2023-07-29T05:51:00Z,wf_form_submission,WF-0000021403,USR-030,"[""PF-PERMITAPPLICATION-001545"",""PF-REVIEW-000045""]"
PF-PERMITAPPLICATION-001660,Application Reopened,2023-07-29T06:38:00Z,wf_task_history,WF-0000021408,USR-033,"[""PF-PERMITAPPLICATION-001660"",""PF-AGENCY-000160"",""PF-CONDITION-000160""]"
PF-PERMITAPPLICATION-001662,Application Reopened,2023-07-29T12:40:00Z,wf_task_history,WF-0000021435,USR-067,"[""PF-PERMITAPPLICATION-001662"",""PF-AGENCY-000162""]"
PF-PERMITAPPLICATION-001664,Application Reopened,2023-07-29T18:42:00Z,wf_task_history,WF-0000021458,USR-101,"[""PF-PERMITAPPLICATION-001664"",""PF-AGENCY-000164"",""PF-CONDITION-000164""]"
PF-PERMITAPPLICATION-001550,Completeness Rejected,2023-07-29T19:00:00Z,wf_external_task,WF-0000021466,USR-076,"[""PF-PERMITAPPLICATION-001550"",""PF-OBJECTION-000050"",""PF-REVIEW-000050""]"
PF-PERMITAPPLICATION-001550,Application Reopened,2023-07-29T19:52:00Z,wf_task_history,WF-0000021467,USR-068,"[""PF-PERMITAPPLICATION-001550"",""PF-AGENCY-000050""]"
PF-PERMITAPPLICATION-001550,Inspection Failed,2023-07-29T20:14:00Z,wf_message_delivery,WF-0000021468,USR-114,"[""PF-PERMITAPPLICATION-001550"",""PF-DOCUMENT-000050"",""PF-INSPECTION-000050""]"
PF-PERMITAPPLICATION-001550,Reinspection Requested,2023-07-29T20:51:00Z,wf_form_submission,WF-0000021469,USR-115,"[""PF-PERMITAPPLICATION-001550"",""PF-REVIEW-000050""]"
PF-PERMITAPPLICATION-001666,Application Reopened,2023-07-30T00:44:00Z,wf_task_history,WF-0000021485,USR-008,"[""PF-PERMITAPPLICATION-001666"",""PF-AGENCY-000166""]"
PF-PERMITAPPLICATION-001651,Completeness Rejected,2023-07-30T03:22:00Z,wf_external_task,WF-0000021497,USR-015,"[""PF-PERMITAPPLICATION-001651"",""PF-OBJECTION-000151"",""PF-REVIEW-000151""]"
PF-PERMITAPPLICATION-001668,Application Reopened,2023-07-30T06:46:00Z,wf_task_history,WF-0000021510,USR-042,"[""PF-PERMITAPPLICATION-001668"",""PF-AGENCY-000168"",""PF-CONDITION-000168""]"
PF-PERMITAPPLICATION-001555,Completeness Rejected,2023-07-30T10:00:00Z,wf_external_task,WF-0000021530,USR-034,"[""PF-PERMITAPPLICATION-001555"",""PF-OBJECTION-000055"",""PF-REVIEW-000055""]"
PF-PERMITAPPLICATION-001555,Application Reopened,2023-07-30T10:52:00Z,wf_task_history,WF-0000021531,USR-026,"[""PF-PERMITAPPLICATION-001555"",""PF-AGENCY-000055""]"
PF-PERMITAPPLICATION-001555,Inspection Failed,2023-07-30T11:14:00Z,wf_message_delivery,WF-0000021532,USR-072,"[""PF-PERMITAPPLICATION-001555"",""PF-DOCUMENT-000055"",""PF-INSPECTION-000055""]"
PF-PERMITAPPLICATION-001555,Reinspection Requested,2023-07-30T11:51:00Z,wf_form_submission,WF-0000021533,USR-073,"[""PF-PERMITAPPLICATION-001555"",""PF-REVIEW-000055""]"
PF-PERMITAPPLICATION-001670,Application Reopened,2023-07-30T12:48:00Z,wf_task_history,WF-0000021538,USR-076,"[""PF-PERMITAPPLICATION-001670"",""PF-AGENCY-000170""]"
PF-PERMITAPPLICATION-001672,Application Reopened,2023-07-30T18:50:00Z,wf_task_history,WF-0000021565,USR-110,"[""PF-PERMITAPPLICATION-001672"",""PF-AGENCY-000172""]"
PF-PERMITAPPLICATION-001674,Application Reopened,2023-07-31T00:52:00Z,wf_task_history,WF-0000021590,USR-017,"[""PF-PERMITAPPLICATION-001674"",""PF-AGENCY-000174"",""PF-CONDITION-000174""]"
PF-PERMITAPPLICATION-001560,Completeness Rejected,2023-07-31T01:00:00Z,wf_external_task,WF-0000021598,USR-119,"[""PF-PERMITAPPLICATION-001560"",""PF-OBJECTION-000060"",""PF-REVIEW-000060""]"
PF-PERMITAPPLICATION-001560,Application Reopened,2023-07-31T01:52:00Z,wf_task_history,WF-0000021599,USR-111,"[""PF-PERMITAPPLICATION-001560"",""PF-AGENCY-000060""]"
PF-PERMITAPPLICATION-001560,Inspection Failed,2023-07-31T02:14:00Z,wf_message_delivery,WF-0000021600,USR-030,"[""PF-PERMITAPPLICATION-001560"",""PF-DOCUMENT-000060"",""PF-INSPECTION-000060""]"
PF-PERMITAPPLICATION-001560,Reinspection Requested,2023-07-31T02:51:00Z,wf_form_submission,WF-0000021601,USR-031,"[""PF-PERMITAPPLICATION-001560"",""PF-REVIEW-000060""]"
PF-PERMITAPPLICATION-001676,Application Reopened,2023-07-31T06:54:00Z,wf_task_history,WF-0000021618,USR-051,"[""PF-PERMITAPPLICATION-001676"",""PF-AGENCY-000176""]"
PF-PERMITAPPLICATION-001585,Inspection Failed,2023-07-31T09:47:00Z,wf_message_delivery,WF-0000021636,USR-074,"[""PF-PERMITAPPLICATION-001585"",""PF-DOCUMENT-000085""]"
PF-PERMITAPPLICATION-001678,Application Reopened,2023-07-31T12:56:00Z,wf_task_history,WF-0000021639,USR-085,"[""PF-PERMITAPPLICATION-001678"",""PF-AGENCY-000178""]"
PF-PERMITAPPLICATION-001565,Completeness Rejected,2023-07-31T16:00:00Z,wf_external_task,WF-0000021660,USR-077,"[""PF-PERMITAPPLICATION-001565"",""PF-OBJECTION-000065"",""PF-REVIEW-000065""]"
PF-PERMITAPPLICATION-001565,Application Reopened,2023-07-31T16:52:00Z,wf_task_history,WF-0000021661,USR-069,"[""PF-PERMITAPPLICATION-001565"",""PF-AGENCY-000065""]"
PF-PERMITAPPLICATION-001565,Inspection Failed,2023-07-31T17:14:00Z,wf_message_delivery,WF-0000021662,USR-115,"[""PF-PERMITAPPLICATION-001565"",""PF-DOCUMENT-000065"",""PF-INSPECTION-000065""]"
PF-PERMITAPPLICATION-001565,Reinspection Requested,2023-07-31T17:51:00Z,wf_form_submission,WF-0000021663,USR-116,"[""PF-PERMITAPPLICATION-001565"",""PF-REVIEW-000065""]"
PF-PERMITAPPLICATION-001664,Completeness Rejected,2023-07-31T18:35:00Z,wf_external_task,WF-0000021667,USR-109,"[""PF-PERMITAPPLICATION-001664"",""PF-OBJECTION-000164""]"
PF-PERMITAPPLICATION-001680,Application Reopened,2023-07-31T18:58:00Z,wf_task_history,WF-0000021670,USR-119,"[""PF-PERMITAPPLICATION-001680"",""PF-AGENCY-000180""]"
PF-PERMITAPPLICATION-001588,Reinspection Requested,2023-08-01T00:51:00Z,wf_form_submission,WF-0000021705,USR-126,"[""PF-PERMITAPPLICATION-001588"",""PF-REVIEW-000088""]"
PF-PERMITAPPLICATION-001682,Application Reopened,2023-08-01T01:00:00Z,wf_task_history,WF-0000021698,USR-026,"[""PF-PERMITAPPLICATION-001682"",""PF-AGENCY-000182""]"
PF-PERMITAPPLICATION-001570,Completeness Rejected,2023-08-01T07:00:00Z,wf_external_task,WF-0000021727,USR-035,"[""PF-PERMITAPPLICATION-001570"",""PF-OBJECTION-000070""]"
PF-PERMITAPPLICATION-001684,Application Reopened,2023-08-01T07:02:00Z,wf_task_history,WF-0000021721,USR-060,"[""PF-PERMITAPPLICATION-001684"",""PF-AGENCY-000184""]"
PF-PERMITAPPLICATION-001570,Application Reopened,2023-08-01T07:52:00Z,wf_task_history,WF-0000021728,USR-027,"[""PF-PERMITAPPLICATION-001570"",""PF-AGENCY-000070""]"
PF-PERMITAPPLICATION-001570,Inspection Failed,2023-08-01T08:14:00Z,wf_message_delivery,WF-0000021729,USR-073,"[""PF-PERMITAPPLICATION-001570"",""PF-DOCUMENT-000070""]"
PF-PERMITAPPLICATION-001570,Reinspection Requested,2023-08-01T08:51:00Z,wf_form_submission,WF-0000021730,USR-074,"[""PF-PERMITAPPLICATION-001570"",""PF-REVIEW-000070"",""PF-VIOLATION-000070""]"
PF-PERMITAPPLICATION-001686,Application Reopened,2023-08-01T13:04:00Z,wf_task_history,WF-0000021751,USR-094,"[""PF-PERMITAPPLICATION-001686"",""PF-AGENCY-000186"",""PF-CONDITION-000186""]"
PF-PERMITAPPLICATION-001688,Application Reopened,2023-08-01T19:06:00Z,wf_task_history,WF-0000021776,USR-001,"[""PF-PERMITAPPLICATION-001688"",""PF-AGENCY-000188""]"
PF-PERMITAPPLICATION-001575,Completeness Rejected,2023-08-01T22:00:00Z,wf_external_task,WF-0000021791,USR-120,"[""PF-PERMITAPPLICATION-001575"",""PF-OBJECTION-000075""]"
PF-PERMITAPPLICATION-001575,Application Reopened,2023-08-01T22:52:00Z,wf_task_history,WF-0000021792,USR-112,"[""PF-PERMITAPPLICATION-001575"",""PF-AGENCY-000075"",""PF-CONDITION-000075""]"
PF-PERMITAPPLICATION-001575,Inspection Failed,2023-08-01T23:14:00Z,wf_message_delivery,WF-0000021793,USR-031,"[""PF-PERMITAPPLICATION-001575"",""PF-DOCUMENT-000075""]"
PF-PERMITAPPLICATION-001575,Reinspection Requested,2023-08-01T23:51:00Z,wf_form_submission,WF-0000021794,USR-032,"[""PF-PERMITAPPLICATION-001575"",""PF-REVIEW-000075"",""PF-VIOLATION-000075""]"
PF-PERMITAPPLICATION-001690,Application Reopened,2023-08-02T00:15:00Z,wf_task_history,WF-0000021795,USR-035,"[""PF-PERMITAPPLICATION-001690"",""PF-AGENCY-000190""]"
PF-PERMITAPPLICATION-001692,Application Reopened,2023-08-02T06:17:00Z,wf_task_history,WF-0000021820,USR-069,"[""PF-PERMITAPPLICATION-001692"",""PF-AGENCY-000192""]"
PF-PERMITAPPLICATION-001677,Completeness Rejected,2023-08-02T09:48:00Z,wf_external_task,WF-0000021847,USR-076,"[""PF-PERMITAPPLICATION-001677"",""PF-OBJECTION-000177""]"
PF-PERMITAPPLICATION-001694,Application Reopened,2023-08-02T12:19:00Z,wf_task_history,WF-0000021852,USR-103,"[""PF-PERMITAPPLICATION-001694"",""PF-AGENCY-000194"",""PF-CONDITION-000194""]"
PF-PERMITAPPLICATION-001580,Completeness Rejected,2023-08-02T13:00:00Z,wf_external_task,WF-0000021860,USR-078,"[""PF-PERMITAPPLICATION-001580"",""PF-OBJECTION-000080""]"
PF-PERMITAPPLICATION-001580,Application Reopened,2023-08-02T13:52:00Z,wf_task_history,WF-0000021861,USR-070,"[""PF-PERMITAPPLICATION-001580"",""PF-AGENCY-000080""]"
PF-PERMITAPPLICATION-001580,Inspection Failed,2023-08-02T14:14:00Z,wf_message_delivery,WF-0000021862,USR-116,"[""PF-PERMITAPPLICATION-001580"",""PF-DOCUMENT-000080""]"
PF-PERMITAPPLICATION-001580,Reinspection Requested,2023-08-02T14:51:00Z,wf_form_submission,WF-0000021863,USR-117,"[""PF-PERMITAPPLICATION-001580"",""PF-REVIEW-000080"",""PF-VIOLATION-000080""]"
PF-PERMITAPPLICATION-001604,Inspection Failed,2023-08-02T18:13:00Z,wf_message_delivery,WF-0000021885,USR-016,"[""PF-PERMITAPPLICATION-001604"",""PF-DOCUMENT-000104"",""PF-INSPECTION-000104""]"
PF-PERMITAPPLICATION-001696,Application Reopened,2023-08-02T18:21:00Z,wf_task_history,WF-0000021878,USR-010,"[""PF-PERMITAPPLICATION-001696"",""PF-AGENCY-000196""]"
PF-PERMITAPPLICATION-001698,Application Reopened,2023-08-03T00:23:00Z,wf_task_history,WF-0000021903,USR-044,"[""PF-PERMITAPPLICATION-001698"",""PF-AGENCY-000198"",""PF-CONDITION-000198""]"
PF-PERMITAPPLICATION-001585,Completeness Rejected,2023-08-03T04:00:00Z,wf_external_task,WF-0000021922,USR-036,"[""PF-PERMITAPPLICATION-001585"",""PF-OBJECTION-000085"",""PF-REVIEW-000085""]"
PF-PERMITAPPLICATION-001585,Application Reopened,2023-08-03T04:52:00Z,wf_task_history,WF-0000021923,USR-028,"[""PF-PERMITAPPLICATION-001585"",""PF-AGENCY-000085""]"
PF-PERMITAPPLICATION-001585,Inspection Failed,2023-08-03T05:14:00Z,wf_message_delivery,WF-0000021924,USR-074,"[""PF-PERMITAPPLICATION-001585"",""PF-DOCUMENT-000085"",""PF-INSPECTION-000085""]"
PF-PERMITAPPLICATION-001585,Reinspection Requested,2023-08-03T05:51:00Z,wf_form_submission,WF-0000021925,USR-075,"[""PF-PERMITAPPLICATION-001585"",""PF-REVIEW-000085""]"
PF-PERMITAPPLICATION-001700,Application Reopened,2023-08-03T06:25:00Z,wf_task_history,WF-0000021928,USR-078,"[""PF-PERMITAPPLICATION-001700"",""PF-AGENCY-000200"",""PF-CONDITION-000200""]"
PF-PERMITAPPLICATION-001702,Application Reopened,2023-08-03T12:27:00Z,wf_task_history,WF-0000021951,USR-112,"[""PF-PERMITAPPLICATION-001702"",""PF-AGENCY-000202""]"
PF-PERMITAPPLICATION-001704,Application Reopened,2023-08-03T18:29:00Z,wf_task_history,WF-0000021978,USR-019,"[""PF-PERMITAPPLICATION-001704"",""PF-AGENCY-000204""]"
PF-PERMITAPPLICATION-001590,Completeness Rejected,2023-08-03T19:00:00Z,wf_external_task,WF-0000021992,USR-121,"[""PF-PERMITAPPLICATION-001590"",""PF-OBJECTION-000090""]"
PF-PERMITAPPLICATION-001590,Application Reopened,2023-08-03T19:52:00Z,wf_task_history,WF-0000021993,USR-113,"[""PF-PERMITAPPLICATION-001590"",""PF-AGENCY-000090"",""PF-CONDITION-000090""]"
PF-PERMITAPPLICATION-001590,Inspection Failed,2023-08-03T20:14:00Z,wf_message_delivery,WF-0000021994,USR-032,"[""PF-PERMITAPPLICATION-001590"",""PF-DOCUMENT-000090""]"
PF-PERMITAPPLICATION-001590,Reinspection Requested,2023-08-03T20:51:00Z,wf_form_submission,WF-0000021995,USR-033,"[""PF-PERMITAPPLICATION-001590"",""PF-REVIEW-000090""]"
PF-PERMITAPPLICATION-001611,Reinspection Requested,2023-08-03T21:21:00Z,wf_form_submission,WF-0000022005,USR-009,"[""PF-PERMITAPPLICATION-001611"",""PF-REVIEW-000111"",""PF-VIOLATION-000111""]"
PF-PERMITAPPLICATION-001690,Completeness Rejected,2023-08-04T00:08:00Z,wf_external_task,WF-0000022008,USR-043,"[""PF-PERMITAPPLICATION-001690"",""PF-OBJECTION-000190"",""PF-REVIEW-000190""]"
PF-PERMITAPPLICATION-001706,Application Reopened,2023-08-04T00:31:00Z,wf_task_history,WF-0000022011,USR-053,"[""PF-PERMITAPPLICATION-001706"",""PF-AGENCY-000206"",""PF-CONDITION-000206""]"
PF-PERMITAPPLICATION-001708,Application Reopened,2023-08-04T06:33:00Z,wf_task_history,WF-0000022032,USR-087,"[""PF-PERMITAPPLICATION-001708"",""PF-AGENCY-000208"",""PF-CONDITION-000208""]"
PF-PERMITAPPLICATION-001595,Completeness Rejected,2023-08-04T10:00:00Z,wf_external_task,WF-0000022054,USR-079,"[""PF-PERMITAPPLICATION-001595"",""PF-OBJECTION-000095""]"
PF-PERMITAPPLICATION-001595,Application Reopened,2023-08-04T10:52:00Z,wf_task_history,WF-0000022055,USR-071,"[""PF-PERMITAPPLICATION-001595"",""PF-AGENCY-000095"",""PF-CONDITION-000095""]"
PF-PERMITAPPLICATION-001595,Inspection Failed,2023-08-04T11:14:00Z,wf_message_delivery,WF-0000022056,USR-117,"[""PF-PERMITAPPLICATION-001595"",""PF-DOCUMENT-000095""]"
PF-PERMITAPPLICATION-001595,Reinspection Requested,2023-08-04T11:51:00Z,wf_form_submission,WF-0000022057,USR-118,"[""PF-PERMITAPPLICATION-001595"",""PF-REVIEW-000095""]"
PF-PERMITAPPLICATION-001710,Application Reopened,2023-08-04T12:35:00Z,wf_task_history,WF-0000022063,USR-121,"[""PF-PERMITAPPLICATION-001710"",""PF-AGENCY-000210""]"
PF-PERMITAPPLICATION-001712,Application Reopened,2023-08-04T18:37:00Z,wf_task_history,WF-0000022085,USR-028,"[""PF-PERMITAPPLICATION-001712"",""PF-AGENCY-000212""]"
PF-PERMITAPPLICATION-001714,Application Reopened,2023-08-05T00:39:00Z,wf_task_history,WF-0000022107,USR-062,"[""PF-PERMITAPPLICATION-001714"",""PF-AGENCY-000214""]"
PF-PERMITAPPLICATION-001600,Completeness Rejected,2023-08-05T01:00:00Z,wf_external_task,WF-0000022117,USR-037,"[""PF-PERMITAPPLICATION-001600"",""PF-OBJECTION-000100"",""PF-REVIEW-000100""]"
PF-PERMITAPPLICATION-001600,Application Reopened,2023-08-05T01:52:00Z,wf_task_history,WF-0000022118,USR-029,"[""PF-PERMITAPPLICATION-001600"",""PF-AGENCY-000100""]"
PF-PERMITAPPLICATION-001600,Inspection Failed,2023-08-05T02:14:00Z,wf_message_delivery,WF-0000022119,USR-075,"[""PF-PERMITAPPLICATION-001600"",""PF-DOCUMENT-000100"",""PF-INSPECTION-000100""]"
PF-PERMITAPPLICATION-001600,Reinspection Requested,2023-08-05T02:51:00Z,wf_form_submission,WF-0000022120,USR-076,"[""PF-PERMITAPPLICATION-001600"",""PF-REVIEW-000100""]"
PF-PERMITAPPLICATION-001623,Inspection Failed,2023-08-05T03:32:00Z,wf_message_delivery,WF-0000022134,USR-085,"[""PF-PERMITAPPLICATION-001623"",""PF-DOCUMENT-000123"",""PF-INSPECTION-000123""]"
PF-PERMITAPPLICATION-001716,Application Reopened,2023-08-05T06:41:00Z,wf_task_history,WF-0000022142,USR-096,"[""PF-PERMITAPPLICATION-001716"",""PF-AGENCY-000216"",""PF-CONDITION-000216""]"
PF-PERMITAPPLICATION-001718,Application Reopened,2023-08-05T12:43:00Z,wf_task_history,WF-0000022165,USR-003,"[""PF-PERMITAPPLICATION-001718"",""PF-AGENCY-000218""]"
PF-PERMITAPPLICATION-001703,Completeness Rejected,2023-08-05T15:21:00Z,wf_external_task,WF-0000022173,USR-010,"[""PF-PERMITAPPLICATION-001703"",""PF-OBJECTION-000203""]"
PF-PERMITAPPLICATION-001605,Completeness Rejected,2023-08-05T16:00:00Z,wf_external_task,WF-0000022185,USR-122,"[""PF-PERMITAPPLICATION-001605"",""PF-OBJECTION-000105"",""PF-REVIEW-000105""]"
PF-PERMITAPPLICATION-001605,Application Reopened,2023-08-05T16:52:00Z,wf_task_history,WF-0000022186,USR-114,"[""PF-PERMITAPPLICATION-001605"",""PF-AGENCY-000105""]"
PF-PERMITAPPLICATION-001605,Inspection Failed,2023-08-05T17:14:00Z,wf_message_delivery,WF-0000022187,USR-033,"[""PF-PERMITAPPLICATION-001605"",""PF-DOCUMENT-000105"",""PF-INSPECTION-000105""]"
PF-PERMITAPPLICATION-001605,Reinspection Requested,2023-08-05T17:51:00Z,wf_form_submission,WF-0000022188,USR-034,"[""PF-PERMITAPPLICATION-001605"",""PF-REVIEW-000105""]"
PF-PERMITAPPLICATION-001720,Application Reopened,2023-08-05T18:45:00Z,wf_task_history,WF-0000022191,USR-037,"[""PF-PERMITAPPLICATION-001720"",""PF-AGENCY-000220"",""PF-CONDITION-000220""]"
PF-PERMITAPPLICATION-001722,Application Reopened,2023-08-06T00:47:00Z,wf_task_history,WF-0000022215,USR-071,"[""PF-PERMITAPPLICATION-001722"",""PF-AGENCY-000222""]"
PF-PERMITAPPLICATION-001724,Application Reopened,2023-08-06T06:49:00Z,wf_task_history,WF-0000022239,USR-105,"[""PF-PERMITAPPLICATION-001724"",""PF-AGENCY-000224"",""PF-CONDITION-000224""]"
PF-PERMITAPPLICATION-001610,Completeness Rejected,2023-08-06T07:00:00Z,wf_external_task,WF-0000022246,USR-080,"[""PF-PERMITAPPLICATION-001610"",""PF-OBJECTION-000110""]"
PF-PERMITAPPLICATION-001610,Application Reopened,2023-08-06T07:52:00Z,wf_task_history,WF-0000022247,USR-072,"[""PF-PERMITAPPLICATION-001610"",""PF-AGENCY-000110"",""PF-CONDITION-000110""]"
PF-PERMITAPPLICATION-001610,Inspection Failed,2023-08-06T08:14:00Z,wf_message_delivery,WF-0000022248,USR-118,"[""PF-PERMITAPPLICATION-001610"",""PF-DOCUMENT-000110""]"
PF-PERMITAPPLICATION-001610,Reinspection Requested,2023-08-06T08:51:00Z,wf_form_submission,WF-0000022249,USR-119,"[""PF-PERMITAPPLICATION-001610"",""PF-REVIEW-000110"",""PF-VIOLATION-000110""]"
PF-PERMITAPPLICATION-001726,Application Reopened,2023-08-06T12:51:00Z,wf_task_history,WF-0000022269,USR-012,"[""PF-PERMITAPPLICATION-001726"",""PF-AGENCY-000226"",""PF-CONDITION-000226""]"
PF-PERMITAPPLICATION-001634,Reinspection Requested,2023-08-06T18:44:00Z,wf_form_submission,WF-0000022300,USR-019,"[""PF-PERMITAPPLICATION-001634"",""PF-REVIEW-000134""]"
PF-PERMITAPPLICATION-001728,Application Reopened,2023-08-06T18:53:00Z,wf_task_history,WF-0000022294,USR-046,"[""PF-PERMITAPPLICATION-001728"",""PF-AGENCY-000228""]"
PF-PERMITAPPLICATION-001615,Completeness Rejected,2023-08-06T22:00:00Z,wf_external_task,WF-0000022316,USR-038,"[""PF-PERMITAPPLICATION-001615"",""PF-OBJECTION-000115""]"
PF-PERMITAPPLICATION-001615,Application Reopened,2023-08-06T22:52:00Z,wf_task_history,WF-0000022317,USR-030,"[""PF-PERMITAPPLICATION-001615"",""PF-AGENCY-000115""]"
PF-PERMITAPPLICATION-001615,Inspection Failed,2023-08-06T23:14:00Z,wf_message_delivery,WF-0000022318,USR-076,"[""PF-PERMITAPPLICATION-001615"",""PF-DOCUMENT-000115""]"
PF-PERMITAPPLICATION-001615,Reinspection Requested,2023-08-06T23:51:00Z,wf_form_submission,WF-0000022319,USR-077,"[""PF-PERMITAPPLICATION-001615"",""PF-REVIEW-000115"",""PF-VIOLATION-000115""]"
PF-PERMITAPPLICATION-001730,Application Reopened,2023-08-07T00:55:00Z,wf_task_history,WF-0000022325,USR-080,"[""PF-PERMITAPPLICATION-001730"",""PF-AGENCY-000230"",""PF-CONDITION-000230""]"
PF-PERMITAPPLICATION-001716,Completeness Rejected,2023-08-07T06:34:00Z,wf_external_task,WF-0000022345,USR-104,"[""PF-PERMITAPPLICATION-001716"",""PF-OBJECTION-000216"",""PF-REVIEW-000216""]"
PF-PERMITAPPLICATION-001732,Application Reopened,2023-08-07T06:57:00Z,wf_task_history,WF-0000022349,USR-114,"[""PF-PERMITAPPLICATION-001732"",""PF-AGENCY-000232""]"
PF-PERMITAPPLICATION-001642,Inspection Failed,2023-08-07T12:51:00Z,wf_message_delivery,WF-0000022379,USR-027,"[""PF-PERMITAPPLICATION-001642"",""PF-DOCUMENT-000142""]"
PF-PERMITAPPLICATION-001734,Application Reopened,2023-08-07T12:59:00Z,wf_task_history,WF-0000022371,USR-021,"[""PF-PERMITAPPLICATION-001734"",""PF-AGENCY-000234""]"
PF-PERMITAPPLICATION-001620,Completeness Rejected,2023-08-07T13:00:00Z,wf_external_task,WF-0000022380,USR-123,"[""PF-PERMITAPPLICATION-001620"",""PF-OBJECTION-000120""]"
PF-PERMITAPPLICATION-001620,Application Reopened,2023-08-07T13:52:00Z,wf_task_history,WF-0000022381,USR-115,"[""PF-PERMITAPPLICATION-001620"",""PF-AGENCY-000120"",""PF-CONDITION-000120""]"
PF-PERMITAPPLICATION-001620,Inspection Failed,2023-08-07T14:14:00Z,wf_message_delivery,WF-0000022382,USR-034,"[""PF-PERMITAPPLICATION-001620"",""PF-DOCUMENT-000120""]"
PF-PERMITAPPLICATION-001620,Reinspection Requested,2023-08-07T14:51:00Z,wf_form_submission,WF-0000022383,USR-035,"[""PF-PERMITAPPLICATION-001620"",""PF-REVIEW-000120"",""PF-VIOLATION-000120""]"
PF-PERMITAPPLICATION-001736,Application Reopened,2023-08-07T19:01:00Z,wf_task_history,WF-0000022399,USR-055,"[""PF-PERMITAPPLICATION-001736"",""PF-AGENCY-000236""]"
PF-PERMITAPPLICATION-001738,Application Reopened,2023-08-08T01:03:00Z,wf_task_history,WF-0000022430,USR-089,"[""PF-PERMITAPPLICATION-001738"",""PF-AGENCY-000238""]"
PF-PERMITAPPLICATION-001625,Completeness Rejected,2023-08-08T04:00:00Z,wf_external_task,WF-0000022448,USR-081,"[""PF-PERMITAPPLICATION-001625"",""PF-OBJECTION-000125""]"
PF-PERMITAPPLICATION-001625,Application Reopened,2023-08-08T04:52:00Z,wf_task_history,WF-0000022449,USR-073,"[""PF-PERMITAPPLICATION-001625"",""PF-AGENCY-000125"",""PF-CONDITION-000125""]"
PF-PERMITAPPLICATION-001625,Inspection Failed,2023-08-08T05:14:00Z,wf_message_delivery,WF-0000022450,USR-119,"[""PF-PERMITAPPLICATION-001625"",""PF-DOCUMENT-000125""]"
PF-PERMITAPPLICATION-001625,Reinspection Requested,2023-08-08T05:51:00Z,wf_form_submission,WF-0000022451,USR-120,"[""PF-PERMITAPPLICATION-001625"",""PF-REVIEW-000125""]"
PF-PERMITAPPLICATION-001740,Application Reopened,2023-08-08T07:05:00Z,wf_task_history,WF-0000022459,USR-123,"[""PF-PERMITAPPLICATION-001740"",""PF-AGENCY-000240""]"
PF-PERMITAPPLICATION-001742,Application Reopened,2023-08-08T13:07:00Z,wf_task_history,WF-0000022486,USR-030,"[""PF-PERMITAPPLICATION-001742"",""PF-AGENCY-000242""]"
PF-PERMITAPPLICATION-001744,Application Reopened,2023-08-08T18:16:00Z,wf_task_history,WF-0000022499,USR-064,"[""PF-PERMITAPPLICATION-001744"",""PF-AGENCY-000244""]"
PF-PERMITAPPLICATION-001630,Completeness Rejected,2023-08-08T19:00:00Z,wf_external_task,WF-0000022511,USR-039,"[""PF-PERMITAPPLICATION-001630"",""PF-OBJECTION-000130""]"
PF-PERMITAPPLICATION-001630,Application Reopened,2023-08-08T19:52:00Z,wf_task_history,WF-0000022512,USR-031,"[""PF-PERMITAPPLICATION-001630"",""PF-AGENCY-000130""]"
PF-PERMITAPPLICATION-001630,Inspection Failed,2023-08-08T20:14:00Z,wf_message_delivery,WF-0000022513,USR-077,"[""PF-PERMITAPPLICATION-001630"",""PF-DOCUMENT-000130""]"
PF-PERMITAPPLICATION-001630,Reinspection Requested,2023-08-08T20:51:00Z,wf_form_submission,WF-0000022514,USR-078,"[""PF-PERMITAPPLICATION-001630"",""PF-REVIEW-000130"",""PF-VIOLATION-000130""]"
PF-PERMITAPPLICATION-001729,Completeness Rejected,2023-08-08T21:47:00Z,wf_external_task,WF-0000022524,USR-071,"[""PF-PERMITAPPLICATION-001729"",""PF-OBJECTION-000229"",""PF-REVIEW-000229""]"
PF-PERMITAPPLICATION-001746,Application Reopened,2023-08-09T00:18:00Z,wf_task_history,WF-0000022528,USR-098,"[""PF-PERMITAPPLICATION-001746"",""PF-AGENCY-000246""]"
PF-PERMITAPPLICATION-001748,Application Reopened,2023-08-09T06:20:00Z,wf_task_history,WF-0000022551,USR-005,"[""PF-PERMITAPPLICATION-001748"",""PF-AGENCY-000248""]"
PF-PERMITAPPLICATION-001635,Completeness Rejected,2023-08-09T10:00:00Z,wf_external_task,WF-0000022577,USR-124,"[""PF-PERMITAPPLICATION-001635"",""PF-OBJECTION-000135""]"
PF-PERMITAPPLICATION-001635,Application Reopened,2023-08-09T10:52:00Z,wf_task_history,WF-0000022578,USR-116,"[""PF-PERMITAPPLICATION-001635"",""PF-AGENCY-000135"",""PF-CONDITION-000135""]"
PF-PERMITAPPLICATION-001635,Inspection Failed,2023-08-09T11:14:00Z,wf_message_delivery,WF-0000022579,USR-035,"[""PF-PERMITAPPLICATION-001635"",""PF-DOCUMENT-000135""]"
PF-PERMITAPPLICATION-001635,Reinspection Requested,2023-08-09T11:51:00Z,wf_form_submission,WF-0000022580,USR-036,"[""PF-PERMITAPPLICATION-001635"",""PF-REVIEW-000135""]"
PF-PERMITAPPLICATION-001750,Application Reopened,2023-08-09T12:22:00Z,wf_task_history,WF-0000022583,USR-039,"[""PF-PERMITAPPLICATION-001750"",""PF-AGENCY-000250"",""PF-CONDITION-000250""]"
PF-PERMITAPPLICATION-001657,Reinspection Requested,2023-08-09T15:14:00Z,wf_form_submission,WF-0000022603,USR-029,"[""PF-PERMITAPPLICATION-001657"",""PF-REVIEW-000157"",""PF-VIOLATION-000157""]"
PF-PERMITAPPLICATION-001752,Application Reopened,2023-08-09T18:24:00Z,wf_task_history,WF-0000022609,USR-073,"[""PF-PERMITAPPLICATION-001752"",""PF-AGENCY-000252"",""PF-CONDITION-000252""]"
PF-PERMITAPPLICATION-001661,Inspection Failed,2023-08-09T21:17:00Z,wf_message_delivery,WF-0000022628,USR-096,"[""PF-PERMITAPPLICATION-001661"",""PF-DOCUMENT-000161""]"
PF-PERMITAPPLICATION-001754,Application Reopened,2023-08-10T00:26:00Z,wf_task_history,WF-0000022633,USR-107,"[""PF-PERMITAPPLICATION-001754"",""PF-AGENCY-000254""]"
PF-PERMITAPPLICATION-001640,Completeness Rejected,2023-08-10T01:00:00Z,wf_external_task,WF-0000022640,USR-082,"[""PF-PERMITAPPLICATION-001640"",""PF-OBJECTION-000140"",""PF-REVIEW-000140""]"
PF-PERMITAPPLICATION-001640,Application Reopened,2023-08-10T01:52:00Z,wf_task_history,WF-0000022641,USR-074,"[""PF-PERMITAPPLICATION-001640"",""PF-AGENCY-000140""]"
PF-PERMITAPPLICATION-001640,Inspection Failed,2023-08-10T02:14:00Z,wf_message_delivery,WF-0000022642,USR-120,"[""PF-PERMITAPPLICATION-001640"",""PF-DOCUMENT-000140"",""PF-INSPECTION-000140""]"
PF-PERMITAPPLICATION-001640,Reinspection Requested,2023-08-10T02:51:00Z,wf_form_submission,WF-0000022643,USR-121,"[""PF-PERMITAPPLICATION-001640"",""PF-REVIEW-000140""]"
PF-PERMITAPPLICATION-001756,Application Reopened,2023-08-10T06:28:00Z,wf_task_history,WF-0000022659,USR-014,"[""PF-PERMITAPPLICATION-001756"",""PF-AGENCY-000256"",""PF-CONDITION-000256""]"
PF-PERMITAPPLICATION-001742,Completeness Rejected,2023-08-10T12:07:00Z,wf_external_task,WF-0000022681,USR-038,"[""PF-PERMITAPPLICATION-001742"",""PF-OBJECTION-000242""]"
PF-PERMITAPPLICATION-001758,Application Reopened,2023-08-10T12:30:00Z,wf_task_history,WF-0000022684,USR-048,"[""PF-PERMITAPPLICATION-001758"",""PF-AGENCY-000258"",""PF-CONDITION-000258""]"
PF-PERMITAPPLICATION-001645,Completeness Rejected,2023-08-10T16:00:00Z,wf_external_task,WF-0000022710,USR-040,"[""PF-PERMITAPPLICATION-001645"",""PF-OBJECTION-000145""]"
PF-PERMITAPPLICATION-001645,Application Reopened,2023-08-10T16:52:00Z,wf_task_history,WF-0000022711,USR-032,"[""PF-PERMITAPPLICATION-001645"",""PF-AGENCY-000145"",""PF-CONDITION-000145""]"
PF-PERMITAPPLICATION-001645,Inspection Failed,2023-08-10T17:14:00Z,wf_message_delivery,WF-0000022712,USR-078,"[""PF-PERMITAPPLICATION-001645"",""PF-DOCUMENT-000145""]"
PF-PERMITAPPLICATION-001645,Reinspection Requested,2023-08-10T17:51:00Z,wf_form_submission,WF-0000022713,USR-079,"[""PF-PERMITAPPLICATION-001645"",""PF-REVIEW-000145"",""PF-VIOLATION-000145""]"
PF-PERMITAPPLICATION-001760,Application Reopened,2023-08-10T18:32:00Z,wf_task_history,WF-0000022717,USR-082,"[""PF-PERMITAPPLICATION-001760"",""PF-AGENCY-000260""]"
PF-PERMITAPPLICATION-001762,Application Reopened,2023-08-11T00:34:00Z,wf_task_history,WF-0000022739,USR-116,"[""PF-PERMITAPPLICATION-001762"",""PF-AGENCY-000262""]"
PF-PERMITAPPLICATION-001764,Application Reopened,2023-08-11T06:36:00Z,wf_task_history,WF-0000022762,USR-023,"[""PF-PERMITAPPLICATION-001764"",""PF-AGENCY-000264""]"
PF-PERMITAPPLICATION-001650,Completeness Rejected,2023-08-11T07:00:00Z,wf_external_task,WF-0000022770,USR-125,"[""PF-PERMITAPPLICATION-001650"",""PF-OBJECTION-000150""]"
PF-PERMITAPPLICATION-001650,Application Reopened,2023-08-11T07:52:00Z,wf_task_history,WF-0000022771,USR-117,"[""PF-PERMITAPPLICATION-001650"",""PF-AGENCY-000150"",""PF-CONDITION-000150""]"
PF-PERMITAPPLICATION-001650,Inspection Failed,2023-08-11T08:14:00Z,wf_message_delivery,WF-0000022772,USR-036,"[""PF-PERMITAPPLICATION-001650"",""PF-DOCUMENT-000150""]"
PF-PERMITAPPLICATION-001650,Reinspection Requested,2023-08-11T08:51:00Z,wf_form_submission,WF-0000022773,USR-037,"[""PF-PERMITAPPLICATION-001650"",""PF-REVIEW-000150""]"
PF-PERMITAPPLICATION-001766,Application Reopened,2023-08-11T12:38:00Z,wf_task_history,WF-0000022792,USR-057,"[""PF-PERMITAPPLICATION-001766"",""PF-AGENCY-000266""]"
PF-PERMITAPPLICATION-001768,Application Reopened,2023-08-11T18:40:00Z,wf_task_history,WF-0000022815,USR-091,"[""PF-PERMITAPPLICATION-001768"",""PF-AGENCY-000268"",""PF-CONDITION-000268""]"
PF-PERMITAPPLICATION-001655,Completeness Rejected,2023-08-11T22:00:00Z,wf_external_task,WF-0000022834,USR-083,"[""PF-PERMITAPPLICATION-001655"",""PF-OBJECTION-000155"",""PF-REVIEW-000155""]"
PF-PERMITAPPLICATION-001655,Application Reopened,2023-08-11T22:52:00Z,wf_task_history,WF-0000022835,USR-075,"[""PF-PERMITAPPLICATION-001655"",""PF-AGENCY-000155""]"
PF-PERMITAPPLICATION-001655,Inspection Failed,2023-08-11T23:14:00Z,wf_message_delivery,WF-0000022836,USR-121,"[""PF-PERMITAPPLICATION-001655"",""PF-DOCUMENT-000155"",""PF-INSPECTION-000155""]"
PF-PERMITAPPLICATION-001655,Reinspection Requested,2023-08-11T23:51:00Z,wf_form_submission,WF-0000022837,USR-122,"[""PF-PERMITAPPLICATION-001655"",""PF-REVIEW-000155""]"
PF-PERMITAPPLICATION-001770,Application Reopened,2023-08-12T00:42:00Z,wf_task_history,WF-0000022844,USR-125,"[""PF-PERMITAPPLICATION-001770"",""PF-AGENCY-000270""]"
PF-PERMITAPPLICATION-001755,Completeness Rejected,2023-08-12T03:20:00Z,wf_external_task,WF-0000022857,USR-005,"[""PF-PERMITAPPLICATION-001755"",""PF-OBJECTION-000255"",""PF-REVIEW-000255""]"
PF-PERMITAPPLICATION-001680,Inspection Failed,2023-08-12T06:36:00Z,wf_message_delivery,WF-0000022880,USR-038,"[""PF-PERMITAPPLICATION-001680"",""PF-DOCUMENT-000180"",""PF-INSPECTION-000180""]"
PF-PERMITAPPLICATION-001772,Application Reopened,2023-08-12T06:44:00Z,wf_task_history,WF-0000022872,USR-032,"[""PF-PERMITAPPLICATION-001772"",""PF-AGENCY-000272""]"
PF-PERMITAPPLICATION-001680,Reinspection Requested,2023-08-12T12:37:00Z,wf_form_submission,WF-0000022902,USR-039,"[""PF-PERMITAPPLICATION-001680"",""PF-REVIEW-000180""]"
PF-PERMITAPPLICATION-001774,Application Reopened,2023-08-12T12:46:00Z,wf_task_history,WF-0000022896,USR-066,"[""PF-PERMITAPPLICATION-001774"",""PF-AGENCY-000274""]"
PF-PERMITAPPLICATION-001660,Completeness Rejected,2023-08-12T13:00:00Z,wf_external_task,WF-0000022904,USR-041,"[""PF-PERMITAPPLICATION-001660"",""PF-OBJECTION-000160""]"
PF-PERMITAPPLICATION-001660,Application Reopened,2023-08-12T13:52:00Z,wf_task_history,WF-0000022905,USR-033,"[""PF-PERMITAPPLICATION-001660"",""PF-AGENCY-000160""]"
PF-PERMITAPPLICATION-001660,Inspection Failed,2023-08-12T14:14:00Z,wf_message_delivery,WF-0000022906,USR-079,"[""PF-PERMITAPPLICATION-001660"",""PF-DOCUMENT-000160""]"
PF-PERMITAPPLICATION-001660,Reinspection Requested,2023-08-12T14:51:00Z,wf_form_submission,WF-0000022907,USR-080,"[""PF-PERMITAPPLICATION-001660"",""PF-REVIEW-000160"",""PF-VIOLATION-000160""]"
PF-PERMITAPPLICATION-001776,Application Reopened,2023-08-12T18:48:00Z,wf_task_history,WF-0000022921,USR-100,"[""PF-PERMITAPPLICATION-001776"",""PF-AGENCY-000276"",""PF-CONDITION-000276""]"
PF-PERMITAPPLICATION-001778,Application Reopened,2023-08-13T00:50:00Z,wf_task_history,WF-0000022947,USR-007,"[""PF-PERMITAPPLICATION-001778"",""PF-AGENCY-000278""]"
PF-PERMITAPPLICATION-001665,Completeness Rejected,2023-08-13T04:00:00Z,wf_external_task,WF-0000022967,USR-126,"[""PF-PERMITAPPLICATION-001665"",""PF-OBJECTION-000165"",""PF-REVIEW-000165""]"
PF-PERMITAPPLICATION-001665,Application Reopened,2023-08-13T04:52:00Z,wf_task_history,WF-0000022968,USR-118,"[""PF-PERMITAPPLICATION-001665"",""PF-AGENCY-000165""]"
PF-PERMITAPPLICATION-001665,Inspection Failed,2023-08-13T05:14:00Z,wf_message_delivery,WF-0000022969,USR-037,"[""PF-PERMITAPPLICATION-001665"",""PF-DOCUMENT-000165"",""PF-INSPECTION-000165""]"
PF-PERMITAPPLICATION-001665,Reinspection Requested,2023-08-13T05:51:00Z,wf_form_submission,WF-0000022970,USR-038,"[""PF-PERMITAPPLICATION-001665"",""PF-REVIEW-000165""]"
PF-PERMITAPPLICATION-001780,Application Reopened,2023-08-13T06:52:00Z,wf_task_history,WF-0000022975,USR-041,"[""PF-PERMITAPPLICATION-001780"",""PF-AGENCY-000280""]"
PF-PERMITAPPLICATION-001782,Application Reopened,2023-08-13T12:54:00Z,wf_task_history,WF-0000023004,USR-075,"[""PF-PERMITAPPLICATION-001782"",""PF-AGENCY-000282"",""PF-CONDITION-000282""]"
PF-PERMITAPPLICATION-001768,Completeness Rejected,2023-08-13T18:33:00Z,wf_external_task,WF-0000023025,USR-099,"[""PF-PERMITAPPLICATION-001768"",""PF-OBJECTION-000268""]"
PF-PERMITAPPLICATION-001784,Application Reopened,2023-08-13T18:56:00Z,wf_task_history,WF-0000023028,USR-109,"[""PF-PERMITAPPLICATION-001784"",""PF-AGENCY-000284""]"
PF-PERMITAPPLICATION-001670,Completeness Rejected,2023-08-13T19:00:00Z,wf_external_task,WF-0000023036,USR-084,"[""PF-PERMITAPPLICATION-001670"",""PF-OBJECTION-000170"",""PF-REVIEW-000170""]"
PF-PERMITAPPLICATION-001670,Application Reopened,2023-08-13T19:52:00Z,wf_task_history,WF-0000023037,USR-076,"[""PF-PERMITAPPLICATION-001670"",""PF-AGENCY-000170""]"
PF-PERMITAPPLICATION-001670,Inspection Failed,2023-08-13T20:14:00Z,wf_message_delivery,WF-0000023038,USR-122,"[""PF-PERMITAPPLICATION-001670"",""PF-DOCUMENT-000170"",""PF-INSPECTION-000170""]"
PF-PERMITAPPLICATION-001670,Reinspection Requested,2023-08-13T20:51:00Z,wf_form_submission,WF-0000023039,USR-123,"[""PF-PERMITAPPLICATION-001670"",""PF-REVIEW-000170""]"
PF-PERMITAPPLICATION-001786,Application Reopened,2023-08-14T00:58:00Z,wf_task_history,WF-0000023054,USR-016,"[""PF-PERMITAPPLICATION-001786"",""PF-AGENCY-000286"",""PF-CONDITION-000286""]"
PF-PERMITAPPLICATION-001788,Application Reopened,2023-08-14T07:00:00Z,wf_task_history,WF-0000023079,USR-050,"[""PF-PERMITAPPLICATION-001788"",""PF-AGENCY-000288""]"
PF-PERMITAPPLICATION-001675,Completeness Rejected,2023-08-14T10:00:00Z,wf_external_task,WF-0000023096,USR-042,"[""PF-PERMITAPPLICATION-001675"",""PF-OBJECTION-000175"",""PF-REVIEW-000175""]"
PF-PERMITAPPLICATION-001675,Application Reopened,2023-08-14T10:52:00Z,wf_task_history,WF-0000023097,USR-034,"[""PF-PERMITAPPLICATION-001675"",""PF-AGENCY-000175""]"
PF-PERMITAPPLICATION-001675,Inspection Failed,2023-08-14T11:14:00Z,wf_message_delivery,WF-0000023098,USR-080,"[""PF-PERMITAPPLICATION-001675"",""PF-DOCUMENT-000175"",""PF-INSPECTION-000175""]"
PF-PERMITAPPLICATION-001675,Reinspection Requested,2023-08-14T11:51:00Z,wf_form_submission,WF-0000023099,USR-081,"[""PF-PERMITAPPLICATION-001675"",""PF-REVIEW-000175""]"
PF-PERMITAPPLICATION-001790,Application Reopened,2023-08-14T13:02:00Z,wf_task_history,WF-0000023106,USR-084,"[""PF-PERMITAPPLICATION-001790"",""PF-AGENCY-000290"",""PF-CONDITION-000290""]"
PF-PERMITAPPLICATION-001699,Inspection Failed,2023-08-14T15:02:00Z,wf_message_delivery,WF-0000023115,USR-107,"[""PF-PERMITAPPLICATION-001699"",""PF-DOCUMENT-000199""]"
PF-PERMITAPPLICATION-001792,Application Reopened,2023-08-14T19:04:00Z,wf_task_history,WF-0000023137,USR-118,"[""PF-PERMITAPPLICATION-001792"",""PF-AGENCY-000292""]"
PF-PERMITAPPLICATION-001680,Completeness Rejected,2023-08-15T01:00:00Z,wf_external_task,WF-0000023165,USR-127,"[""PF-PERMITAPPLICATION-001680"",""PF-OBJECTION-000180"",""PF-REVIEW-000180""]"
PF-PERMITAPPLICATION-001794,Application Reopened,2023-08-15T01:06:00Z,wf_task_history,WF-0000023163,USR-025,"[""PF-PERMITAPPLICATION-001794"",""PF-AGENCY-000294"",""PF-CONDITION-000294""]"
PF-PERMITAPPLICATION-001680,Application Reopened,2023-08-15T01:52:00Z,wf_task_history,WF-0000023166,USR-119,"[""PF-PERMITAPPLICATION-001680"",""PF-AGENCY-000180""]"
PF-PERMITAPPLICATION-001680,Inspection Failed,2023-08-15T02:14:00Z,wf_message_delivery,WF-0000023167,USR-038,"[""PF-PERMITAPPLICATION-001680"",""PF-DOCUMENT-000180"",""PF-INSPECTION-000180""]"
PF-PERMITAPPLICATION-001680,Reinspection Requested,2023-08-15T02:51:00Z,wf_form_submission,WF-0000023168,USR-039,"[""PF-PERMITAPPLICATION-001680"",""PF-REVIEW-000180""]"
PF-PERMITAPPLICATION-001796,Application Reopened,2023-08-15T06:15:00Z,wf_task_history,WF-0000023183,USR-059,"[""PF-PERMITAPPLICATION-001796"",""PF-AGENCY-000296""]"
PF-PERMITAPPLICATION-001703,Reinspection Requested,2023-08-15T09:07:00Z,wf_form_submission,WF-0000023200,USR-049,"[""PF-PERMITAPPLICATION-001703"",""PF-REVIEW-000203""]"
PF-PERMITAPPLICATION-001781,Completeness Rejected,2023-08-15T09:46:00Z,wf_external_task,WF-0000023202,USR-066,"[""PF-PERMITAPPLICATION-001781"",""PF-OBJECTION-000281""]"
PF-PERMITAPPLICATION-001798,Application Reopened,2023-08-15T12:17:00Z,wf_task_history,WF-0000023206,USR-093,"[""PF-PERMITAPPLICATION-001798"",""PF-AGENCY-000298""]"
PF-PERMITAPPLICATION-001685,Completeness Rejected,2023-08-15T16:00:00Z,wf_external_task,WF-0000023228,USR-085,"[""PF-PERMITAPPLICATION-001685"",""PF-OBJECTION-000185""]"
PF-PERMITAPPLICATION-001685,Application Reopened,2023-08-15T16:52:00Z,wf_task_history,WF-0000023229,USR-077,"[""PF-PERMITAPPLICATION-001685"",""PF-AGENCY-000185"",""PF-CONDITION-000185""]"
PF-PERMITAPPLICATION-001685,Inspection Failed,2023-08-15T17:14:00Z,wf_message_delivery,WF-0000023230,USR-123,"[""PF-PERMITAPPLICATION-001685"",""PF-DOCUMENT-000185""]"
PF-PERMITAPPLICATION-001685,Reinspection Requested,2023-08-15T17:51:00Z,wf_form_submission,WF-0000023231,USR-124,"[""PF-PERMITAPPLICATION-001685"",""PF-REVIEW-000185"",""PF-VIOLATION-000185""]"
PF-PERMITAPPLICATION-001800,Application Reopened,2023-08-15T18:19:00Z,wf_task_history,WF-0000023234,USR-127,"[""PF-PERMITAPPLICATION-001800"",""PF-AGENCY-000300""]"
PF-PERMITAPPLICATION-001802,Application Reopened,2023-08-16T00:21:00Z,wf_task_history,WF-0000023258,USR-034,"[""PF-PERMITAPPLICATION-001802"",""PF-AGENCY-000302""]"
PF-PERMITAPPLICATION-001804,Application Reopened,2023-08-16T06:23:00Z,wf_task_history,WF-0000023287,USR-068,"[""PF-PERMITAPPLICATION-001804"",""PF-AGENCY-000304""]"
PF-PERMITAPPLICATION-001690,Completeness Rejected,2023-08-16T07:00:00Z,wf_external_task,WF-0000023298,USR-043,"[""PF-PERMITAPPLICATION-001690"",""PF-OBJECTION-000190"",""PF-REVIEW-000190""]"
PF-PERMITAPPLICATION-001690,Application Reopened,2023-08-16T07:52:00Z,wf_task_history,WF-0000023299,USR-035,"[""PF-PERMITAPPLICATION-001690"",""PF-AGENCY-000190""]"
PF-PERMITAPPLICATION-001690,Inspection Failed,2023-08-16T08:14:00Z,wf_message_delivery,WF-0000023300,USR-081,"[""PF-PERMITAPPLICATION-001690"",""PF-DOCUMENT-000190"",""PF-INSPECTION-000190""]"
PF-PERMITAPPLICATION-001690,Reinspection Requested,2023-08-16T08:51:00Z,wf_form_submission,WF-0000023301,USR-082,"[""PF-PERMITAPPLICATION-001690"",""PF-REVIEW-000190""]"
PF-PERMITAPPLICATION-001806,Application Reopened,2023-08-16T12:25:00Z,wf_task_history,WF-0000023315,USR-102,"[""PF-PERMITAPPLICATION-001806"",""PF-AGENCY-000306"",""PF-CONDITION-000306""]"
PF-PERMITAPPLICATION-001808,Application Reopened,2023-08-16T18:27:00Z,wf_task_history,WF-0000023339,USR-009,"[""PF-PERMITAPPLICATION-001808"",""PF-AGENCY-000308"",""PF-CONDITION-000308""]"
PF-PERMITAPPLICATION-001695,Completeness Rejected,2023-08-16T22:00:00Z,wf_external_task,WF-0000023359,USR-001,"[""PF-PERMITAPPLICATION-001695"",""PF-OBJECTION-000195""]"
PF-PERMITAPPLICATION-001695,Application Reopened,2023-08-16T22:52:00Z,wf_task_history,WF-0000023360,USR-120,"[""PF-PERMITAPPLICATION-001695"",""PF-AGENCY-000195"",""PF-CONDITION-000195""]"
PF-PERMITAPPLICATION-001695,Inspection Failed,2023-08-16T23:14:00Z,wf_message_delivery,WF-0000023361,USR-039,"[""PF-PERMITAPPLICATION-001695"",""PF-DOCUMENT-000195""]"
PF-PERMITAPPLICATION-001695,Reinspection Requested,2023-08-16T23:51:00Z,wf_form_submission,WF-0000023362,USR-040,"[""PF-PERMITAPPLICATION-001695"",""PF-REVIEW-000195""]"
PF-PERMITAPPLICATION-001794,Completeness Rejected,2023-08-17T00:06:00Z,wf_external_task,WF-0000023363,USR-033,"[""PF-PERMITAPPLICATION-001794"",""PF-OBJECTION-000294""]"
PF-PERMITAPPLICATION-001718,Inspection Failed,2023-08-17T00:21:00Z,wf_message_delivery,WF-0000023374,USR-049,"[""PF-PERMITAPPLICATION-001718"",""PF-DOCUMENT-000218""]"
PF-PERMITAPPLICATION-001810,Application Reopened,2023-08-17T00:29:00Z,wf_task_history,WF-0000023367,USR-043,"[""PF-PERMITAPPLICATION-001810"",""PF-AGENCY-000310"",""PF-CONDITION-000310""]"
PF-PERMITAPPLICATION-001812,Application Reopened,2023-08-17T06:31:00Z,wf_task_history,WF-0000023389,USR-077,"[""PF-PERMITAPPLICATION-001812"",""PF-AGENCY-000312""]"
PF-PERMITAPPLICATION-001814,Application Reopened,2023-08-17T12:33:00Z,wf_task_history,WF-0000023415,USR-111,"[""PF-PERMITAPPLICATION-001814"",""PF-AGENCY-000314""]"
PF-PERMITAPPLICATION-001700,Completeness Rejected,2023-08-17T13:00:00Z,wf_external_task,WF-0000023429,USR-086,"[""PF-PERMITAPPLICATION-001700"",""PF-OBJECTION-000200""]"
PF-PERMITAPPLICATION-001700,Application Reopened,2023-08-17T13:52:00Z,wf_task_history,WF-0000023430,USR-078,"[""PF-PERMITAPPLICATION-001700"",""PF-AGENCY-000200"",""PF-CONDITION-000200""]"
PF-PERMITAPPLICATION-001700,Inspection Failed,2023-08-17T14:14:00Z,wf_message_delivery,WF-0000023431,USR-124,"[""PF-PERMITAPPLICATION-001700"",""PF-DOCUMENT-000200""]"
PF-PERMITAPPLICATION-001700,Reinspection Requested,2023-08-17T14:51:00Z,wf_form_submission,WF-0000023432,USR-125,"[""PF-PERMITAPPLICATION-001700"",""PF-REVIEW-000200"",""PF-VIOLATION-000200""]"
PF-PERMITAPPLICATION-001816,Application Reopened,2023-08-17T18:35:00Z,wf_task_history,WF-0000023449,USR-018,"[""PF-PERMITAPPLICATION-001816"",""PF-AGENCY-000316""]"
PF-PERMITAPPLICATION-001818,Application Reopened,2023-08-18T00:37:00Z,wf_task_history,WF-0000023469,USR-052,"[""PF-PERMITAPPLICATION-001818"",""PF-AGENCY-000318""]"
PF-PERMITAPPLICATION-001705,Completeness Rejected,2023-08-18T04:00:00Z,wf_external_task,WF-0000023490,USR-044,"[""PF-PERMITAPPLICATION-001705"",""PF-OBJECTION-000205""]"
PF-PERMITAPPLICATION-001705,Application Reopened,2023-08-18T04:52:00Z,wf_task_history,WF-0000023491,USR-036,"[""PF-PERMITAPPLICATION-001705"",""PF-AGENCY-000205""]"
PF-PERMITAPPLICATION-001705,Inspection Failed,2023-08-18T05:14:00Z,wf_message_delivery,WF-0000023492,USR-082,"[""PF-PERMITAPPLICATION-001705"",""PF-DOCUMENT-000205""]"
PF-PERMITAPPLICATION-001705,Reinspection Requested,2023-08-18T05:51:00Z,wf_form_submission,WF-0000023493,USR-083,"[""PF-PERMITAPPLICATION-001705"",""PF-REVIEW-000205"",""PF-VIOLATION-000205""]"
PF-PERMITAPPLICATION-001726,Reinspection Requested,2023-08-18T06:30:00Z,wf_form_submission,WF-0000023503,USR-059,"[""PF-PERMITAPPLICATION-001726"",""PF-REVIEW-000226""]"
PF-PERMITAPPLICATION-001820,Application Reopened,2023-08-18T06:39:00Z,wf_task_history,WF-0000023497,USR-086,"[""PF-PERMITAPPLICATION-001820"",""PF-AGENCY-000320"",""PF-CONDITION-000320""]"
PF-PERMITAPPLICATION-001822,Application Reopened,2023-08-18T12:41:00Z,wf_task_history,WF-0000023523,USR-120,"[""PF-PERMITAPPLICATION-001822"",""PF-AGENCY-000322"",""PF-CONDITION-000322""]"
PF-PERMITAPPLICATION-001807,Completeness Rejected,2023-08-18T15:19:00Z,wf_external_task,WF-0000023530,USR-127,"[""PF-PERMITAPPLICATION-001807"",""PF-OBJECTION-000307"",""PF-REVIEW-000307""]"
PF-PERMITAPPLICATION-001824,Application Reopened,2023-08-18T18:43:00Z,wf_task_history,WF-0000023543,USR-027,"[""PF-PERMITAPPLICATION-001824"",""PF-AGENCY-000324"",""PF-CONDITION-000324""]"
PF-PERMITAPPLICATION-001710,Completeness Rejected,2023-08-18T19:00:00Z,wf_external_task,WF-0000023551,USR-002,"[""PF-PERMITAPPLICATION-001710"",""PF-OBJECTION-000210"",""PF-REVIEW-000210""]"
PF-PERMITAPPLICATION-001710,Application Reopened,2023-08-18T19:52:00Z,wf_task_history,WF-0000023552,USR-121,"[""PF-PERMITAPPLICATION-001710"",""PF-AGENCY-000210""]"
PF-PERMITAPPLICATION-001710,Inspection Failed,2023-08-18T20:14:00Z,wf_message_delivery,WF-0000023553,USR-040,"[""PF-PERMITAPPLICATION-001710"",""PF-DOCUMENT-000210"",""PF-INSPECTION-000210""]"
PF-PERMITAPPLICATION-001710,Reinspection Requested,2023-08-18T20:51:00Z,wf_form_submission,WF-0000023554,USR-041,"[""PF-PERMITAPPLICATION-001710"",""PF-REVIEW-000210""]"
PF-PERMITAPPLICATION-001826,Application Reopened,2023-08-19T00:45:00Z,wf_task_history,WF-0000023579,USR-061,"[""PF-PERMITAPPLICATION-001826"",""PF-AGENCY-000326"",""PF-CONDITION-000326""]"
PF-PERMITAPPLICATION-001828,Application Reopened,2023-08-19T06:47:00Z,wf_task_history,WF-0000023604,USR-095,"[""PF-PERMITAPPLICATION-001828"",""PF-AGENCY-000328""]"
PF-PERMITAPPLICATION-001737,Inspection Failed,2023-08-19T09:40:00Z,wf_message_delivery,WF-0000023622,USR-118,"[""PF-PERMITAPPLICATION-001737"",""PF-DOCUMENT-000237""]"
PF-PERMITAPPLICATION-001715,Completeness Rejected,2023-08-19T10:00:00Z,wf_external_task,WF-0000023623,USR-087,"[""PF-PERMITAPPLICATION-001715"",""PF-OBJECTION-000215""]"
PF-PERMITAPPLICATION-001715,Application Reopened,2023-08-19T10:52:00Z,wf_task_history,WF-0000023624,USR-079,"[""PF-PERMITAPPLICATION-001715"",""PF-AGENCY-000215"",""PF-CONDITION-000215""]"
PF-PERMITAPPLICATION-001715,Inspection Failed,2023-08-19T11:14:00Z,wf_message_delivery,WF-0000023625,USR-125,"[""PF-PERMITAPPLICATION-001715"",""PF-DOCUMENT-000215""]"
PF-PERMITAPPLICATION-001715,Reinspection Requested,2023-08-19T11:51:00Z,wf_form_submission,WF-0000023626,USR-126,"[""PF-PERMITAPPLICATION-001715"",""PF-REVIEW-000215"",""PF-VIOLATION-000215""]"
PF-PERMITAPPLICATION-001830,Application Reopened,2023-08-19T12:49:00Z,wf_task_history,WF-0000023630,USR-002,"[""PF-PERMITAPPLICATION-001830"",""PF-AGENCY-000330"",""PF-CONDITION-000330""]"
PF-PERMITAPPLICATION-001832,Application Reopened,2023-08-19T18:51:00Z,wf_task_history,WF-0000023651,USR-036,"[""PF-PERMITAPPLICATION-001832"",""PF-AGENCY-000332""]"
PF-PERMITAPPLICATION-001834,Application Reopened,2023-08-20T00:53:00Z,wf_task_history,WF-0000023676,USR-070,"[""PF-PERMITAPPLICATION-001834"",""PF-AGENCY-000334""]"
PF-PERMITAPPLICATION-001720,Completeness Rejected,2023-08-20T01:00:00Z,wf_external_task,WF-0000023683,USR-045,"[""PF-PERMITAPPLICATION-001720"",""PF-OBJECTION-000220"",""PF-REVIEW-000220""]"
PF-PERMITAPPLICATION-001720,Application Reopened,2023-08-20T01:52:00Z,wf_task_history,WF-0000023684,USR-037,"[""PF-PERMITAPPLICATION-001720"",""PF-AGENCY-000220""]"
PF-PERMITAPPLICATION-001720,Inspection Failed,2023-08-20T02:14:00Z,wf_message_delivery,WF-0000023685,USR-083,"[""PF-PERMITAPPLICATION-001720"",""PF-DOCUMENT-000220"",""PF-INSPECTION-000220""]"
PF-PERMITAPPLICATION-001720,Reinspection Requested,2023-08-20T02:51:00Z,wf_form_submission,WF-0000023686,USR-084,"[""PF-PERMITAPPLICATION-001720"",""PF-REVIEW-000220""]"
PF-PERMITAPPLICATION-001820,Completeness Rejected,2023-08-20T06:32:00Z,wf_external_task,WF-0000023703,USR-094,"[""PF-PERMITAPPLICATION-001820"",""PF-OBJECTION-000320""]"
PF-PERMITAPPLICATION-001836,Application Reopened,2023-08-20T06:55:00Z,wf_task_history,WF-0000023708,USR-104,"[""PF-PERMITAPPLICATION-001836"",""PF-AGENCY-000336"",""PF-CONDITION-000336""]"
PF-PERMITAPPLICATION-001838,Application Reopened,2023-08-20T12:57:00Z,wf_task_history,WF-0000023734,USR-011,"[""PF-PERMITAPPLICATION-001838"",""PF-AGENCY-000338""]"
PF-PERMITAPPLICATION-001725,Completeness Rejected,2023-08-20T16:00:00Z,wf_external_task,WF-0000023752,USR-003,"[""PF-PERMITAPPLICATION-001725"",""PF-OBJECTION-000225""]"
PF-PERMITAPPLICATION-001725,Application Reopened,2023-08-20T16:52:00Z,wf_task_history,WF-0000023753,USR-122,"[""PF-PERMITAPPLICATION-001725"",""PF-AGENCY-000225""]"
PF-PERMITAPPLICATION-001725,Inspection Failed,2023-08-20T17:14:00Z,wf_message_delivery,WF-0000023754,USR-041,"[""PF-PERMITAPPLICATION-001725"",""PF-DOCUMENT-000225""]"
PF-PERMITAPPLICATION-001725,Reinspection Requested,2023-08-20T17:51:00Z,wf_form_submission,WF-0000023755,USR-042,"[""PF-PERMITAPPLICATION-001725"",""PF-REVIEW-000225"",""PF-VIOLATION-000225""]"
PF-PERMITAPPLICATION-001840,Application Reopened,2023-08-20T18:59:00Z,wf_task_history,WF-0000023760,USR-045,"[""PF-PERMITAPPLICATION-001840"",""PF-AGENCY-000340""]"
PF-PERMITAPPLICATION-001842,Application Reopened,2023-08-21T01:01:00Z,wf_task_history,WF-0000023785,USR-079,"[""PF-PERMITAPPLICATION-001842"",""PF-AGENCY-000342""]"
PF-PERMITAPPLICATION-001749,Reinspection Requested,2023-08-21T03:00:00Z,wf_form_submission,WF-0000023792,USR-069,"[""PF-PERMITAPPLICATION-001749"",""PF-REVIEW-000249"",""PF-VIOLATION-000249""]"
PF-PERMITAPPLICATION-001730,Completeness Rejected,2023-08-21T07:00:00Z,wf_external_task,WF-0000023817,USR-088,"[""PF-PERMITAPPLICATION-001730"",""PF-OBJECTION-000230"",""PF-REVIEW-000230""]"
PF-PERMITAPPLICATION-001844,Application Reopened,2023-08-21T07:03:00Z,wf_task_history,WF-0000023812,USR-113,"[""PF-PERMITAPPLICATION-001844"",""PF-AGENCY-000344""]"
PF-PERMITAPPLICATION-001730,Application Reopened,2023-08-21T07:52:00Z,wf_task_history,WF-0000023818,USR-080,"[""PF-PERMITAPPLICATION-001730"",""PF-AGENCY-000230""]"
PF-PERMITAPPLICATION-001730,Inspection Failed,2023-08-21T08:14:00Z,wf_message_delivery,WF-0000023819,USR-126,"[""PF-PERMITAPPLICATION-001730"",""PF-DOCUMENT-000230"",""PF-INSPECTION-000230""]"
PF-PERMITAPPLICATION-001730,Reinspection Requested,2023-08-21T08:51:00Z,wf_form_submission,WF-0000023820,USR-127,"[""PF-PERMITAPPLICATION-001730"",""PF-REVIEW-000230""]"
PF-PERMITAPPLICATION-001846,Application Reopened,2023-08-21T13:05:00Z,wf_task_history,WF-0000023839,USR-020,"[""PF-PERMITAPPLICATION-001846"",""PF-AGENCY-000346"",""PF-CONDITION-000346""]"
PF-PERMITAPPLICATION-001756,Inspection Failed,2023-08-21T18:06:00Z,wf_message_delivery,WF-0000023865,USR-060,"[""PF-PERMITAPPLICATION-001756"",""PF-DOCUMENT-000256"",""PF-INSPECTION-000256""]"
PF-PERMITAPPLICATION-001848,Application Reopened,2023-08-21T19:07:00Z,wf_task_history,WF-0000023871,USR-054,"[""PF-PERMITAPPLICATION-001848"",""PF-AGENCY-000348""]"
PF-PERMITAPPLICATION-001833,Completeness Rejected,2023-08-21T21:45:00Z,wf_external_task,WF-0000023881,USR-061,"[""PF-PERMITAPPLICATION-001833"",""PF-OBJECTION-000333""]"
PF-PERMITAPPLICATION-001735,Completeness Rejected,2023-08-21T22:00:00Z,wf_external_task,WF-0000023885,USR-046,"[""PF-PERMITAPPLICATION-001735"",""PF-OBJECTION-000235""]"
PF-PERMITAPPLICATION-001735,Application Reopened,2023-08-21T22:52:00Z,wf_task_history,WF-0000023886,USR-038,"[""PF-PERMITAPPLICATION-001735"",""PF-AGENCY-000235"",""PF-CONDITION-000235""]"
PF-PERMITAPPLICATION-001735,Inspection Failed,2023-08-21T23:14:00Z,wf_message_delivery,WF-0000023887,USR-084,"[""PF-PERMITAPPLICATION-001735"",""PF-DOCUMENT-000235""]"
PF-PERMITAPPLICATION-001735,Reinspection Requested,2023-08-21T23:51:00Z,wf_form_submission,WF-0000023888,USR-085,"[""PF-PERMITAPPLICATION-001735"",""PF-REVIEW-000235""]"
PF-PERMITAPPLICATION-001850,Application Reopened,2023-08-22T00:16:00Z,wf_task_history,WF-0000023889,USR-088,"[""PF-PERMITAPPLICATION-001850"",""PF-AGENCY-000350"",""PF-CONDITION-000350""]"
PF-PERMITAPPLICATION-001852,Application Reopened,2023-08-22T06:18:00Z,wf_task_history,WF-0000023914,USR-122,"[""PF-PERMITAPPLICATION-001852"",""PF-AGENCY-000352""]"
PF-PERMITAPPLICATION-001854,Application Reopened,2023-08-22T12:20:00Z,wf_task_history,WF-0000023937,USR-029,"[""PF-PERMITAPPLICATION-001854"",""PF-AGENCY-000354""]"
PF-PERMITAPPLICATION-001740,Completeness Rejected,2023-08-22T13:00:00Z,wf_external_task,WF-0000023947,USR-004,"[""PF-PERMITAPPLICATION-001740"",""PF-OBJECTION-000240"",""PF-REVIEW-000240""]"
PF-PERMITAPPLICATION-001740,Application Reopened,2023-08-22T13:52:00Z,wf_task_history,WF-0000023948,USR-123,"[""PF-PERMITAPPLICATION-001740"",""PF-AGENCY-000240""]"
PF-PERMITAPPLICATION-001740,Inspection Failed,2023-08-22T14:14:00Z,wf_message_delivery,WF-0000023949,USR-042,"[""PF-PERMITAPPLICATION-001740"",""PF-DOCUMENT-000240"",""PF-INSPECTION-000240""]"
PF-PERMITAPPLICATION-001740,Reinspection Requested,2023-08-22T14:51:00Z,wf_form_submission,WF-0000023950,USR-043,"[""PF-PERMITAPPLICATION-001740"",""PF-REVIEW-000240""]"
PF-PERMITAPPLICATION-001856,Application Reopened,2023-08-22T18:22:00Z,wf_task_history,WF-0000023964,USR-063,"[""PF-PERMITAPPLICATION-001856"",""PF-AGENCY-000356"",""PF-CONDITION-000356""]"
PF-PERMITAPPLICATION-001858,Application Reopened,2023-08-23T00:24:00Z,wf_task_history,WF-0000023990,USR-097,"[""PF-PERMITAPPLICATION-001858"",""PF-AGENCY-000358""]"
PF-PERMITAPPLICATION-001745,Completeness Rejected,2023-08-23T04:00:00Z,wf_external_task,WF-0000024015,USR-089,"[""PF-PERMITAPPLICATION-001745"",""PF-OBJECTION-000245""]"
PF-PERMITAPPLICATION-001745,Application Reopened,2023-08-23T04:52:00Z,wf_task_history,WF-0000024016,USR-081,"[""PF-PERMITAPPLICATION-001745"",""PF-AGENCY-000245"",""PF-CONDITION-000245""]"
PF-PERMITAPPLICATION-001745,Inspection Failed,2023-08-23T05:14:00Z,wf_message_delivery,WF-0000024017,USR-127,"[""PF-PERMITAPPLICATION-001745"",""PF-DOCUMENT-000245""]"
PF-PERMITAPPLICATION-001745,Reinspection Requested,2023-08-23T05:51:00Z,wf_form_submission,WF-0000024018,USR-001,"[""PF-PERMITAPPLICATION-001745"",""PF-REVIEW-000245""]"
PF-PERMITAPPLICATION-001860,Application Reopened,2023-08-23T06:26:00Z,wf_task_history,WF-0000024021,USR-004,"[""PF-PERMITAPPLICATION-001860"",""PF-AGENCY-000360"",""PF-CONDITION-000360""]"
PF-PERMITAPPLICATION-001846,Completeness Rejected,2023-08-23T12:05:00Z,wf_external_task,WF-0000024042,USR-028,"[""PF-PERMITAPPLICATION-001846"",""PF-OBJECTION-000346""]"
PF-PERMITAPPLICATION-001862,Application Reopened,2023-08-23T12:28:00Z,wf_task_history,WF-0000024045,USR-038,"[""PF-PERMITAPPLICATION-001862"",""PF-AGENCY-000362""]"
PF-PERMITAPPLICATION-001864,Application Reopened,2023-08-23T18:30:00Z,wf_task_history,WF-0000024070,USR-072,"[""PF-PERMITAPPLICATION-001864"",""PF-AGENCY-000364""]"
PF-PERMITAPPLICATION-001750,Completeness Rejected,2023-08-23T19:00:00Z,wf_external_task,WF-0000024080,USR-047,"[""PF-PERMITAPPLICATION-001750"",""PF-OBJECTION-000250""]"
PF-PERMITAPPLICATION-001750,Application Reopened,2023-08-23T19:52:00Z,wf_task_history,WF-0000024081,USR-039,"[""PF-PERMITAPPLICATION-001750"",""PF-AGENCY-000250""]"
PF-PERMITAPPLICATION-001750,Inspection Failed,2023-08-23T20:14:00Z,wf_message_delivery,WF-0000024082,USR-085,"[""PF-PERMITAPPLICATION-001750"",""PF-DOCUMENT-000250""]"
PF-PERMITAPPLICATION-001750,Reinspection Requested,2023-08-23T20:51:00Z,wf_form_submission,WF-0000024083,USR-086,"[""PF-PERMITAPPLICATION-001750"",""PF-REVIEW-000250"",""PF-VIOLATION-000250""]"
PF-PERMITAPPLICATION-001772,Reinspection Requested,2023-08-24T00:23:00Z,wf_form_submission,WF-0000024102,USR-079,"[""PF-PERMITAPPLICATION-001772"",""PF-REVIEW-000272"",""PF-VIOLATION-000272""]"
PF-PERMITAPPLICATION-001866,Application Reopened,2023-08-24T00:32:00Z,wf_task_history,WF-0000024096,USR-106,"[""PF-PERMITAPPLICATION-001866"",""PF-AGENCY-000366""]"
PF-PERMITAPPLICATION-001775,Inspection Failed,2023-08-24T03:25:00Z,wf_message_delivery,WF-0000024117,USR-002,"[""PF-PERMITAPPLICATION-001775"",""PF-DOCUMENT-000275"",""PF-INSPECTION-000275""]"
PF-PERMITAPPLICATION-001868,Application Reopened,2023-08-24T06:34:00Z,wf_task_history,WF-0000024120,USR-013,"[""PF-PERMITAPPLICATION-001868"",""PF-AGENCY-000368""]"
PF-PERMITAPPLICATION-001755,Completeness Rejected,2023-08-24T10:00:00Z,wf_external_task,WF-0000024147,USR-005,"[""PF-PERMITAPPLICATION-001755"",""PF-OBJECTION-000255""]"
PF-PERMITAPPLICATION-001755,Application Reopened,2023-08-24T10:52:00Z,wf_task_history,WF-0000024148,USR-124,"[""PF-PERMITAPPLICATION-001755"",""PF-AGENCY-000255"",""PF-CONDITION-000255""]"
PF-PERMITAPPLICATION-001755,Inspection Failed,2023-08-24T11:14:00Z,wf_message_delivery,WF-0000024149,USR-043,"[""PF-PERMITAPPLICATION-001755"",""PF-DOCUMENT-000255""]"
PF-PERMITAPPLICATION-001755,Reinspection Requested,2023-08-24T11:51:00Z,wf_form_submission,WF-0000024150,USR-044,"[""PF-PERMITAPPLICATION-001755"",""PF-REVIEW-000255"",""PF-VIOLATION-000255""]"
PF-PERMITAPPLICATION-001870,Application Reopened,2023-08-24T12:36:00Z,wf_task_history,WF-0000024153,USR-047,"[""PF-PERMITAPPLICATION-001870"",""PF-AGENCY-000370""]"
PF-PERMITAPPLICATION-001872,Application Reopened,2023-08-24T18:38:00Z,wf_task_history,WF-0000024177,USR-081,"[""PF-PERMITAPPLICATION-001872"",""PF-AGENCY-000372"",""PF-CONDITION-000372""]"
PF-PERMITAPPLICATION-001874,Application Reopened,2023-08-25T00:40:00Z,wf_task_history,WF-0000024199,USR-115,"[""PF-PERMITAPPLICATION-001874"",""PF-AGENCY-000374""]"
PF-PERMITAPPLICATION-001760,Completeness Rejected,2023-08-25T01:00:00Z,wf_external_task,WF-0000024207,USR-090,"[""PF-PERMITAPPLICATION-001760"",""PF-OBJECTION-000260"",""PF-REVIEW-000260""]"
PF-PERMITAPPLICATION-001760,Application Reopened,2023-08-25T01:52:00Z,wf_task_history,WF-0000024208,USR-082,"[""PF-PERMITAPPLICATION-001760"",""PF-AGENCY-000260""]"
PF-PERMITAPPLICATION-001760,Inspection Failed,2023-08-25T02:14:00Z,wf_message_delivery,WF-0000024209,USR-001,"[""PF-PERMITAPPLICATION-001760"",""PF-DOCUMENT-000260"",""PF-INSPECTION-000260""]"
PF-PERMITAPPLICATION-001760,Reinspection Requested,2023-08-25T02:51:00Z,wf_form_submission,WF-0000024210,USR-002,"[""PF-PERMITAPPLICATION-001760"",""PF-REVIEW-000260""]"
PF-PERMITAPPLICATION-001859,Completeness Rejected,2023-08-25T03:18:00Z,wf_external_task,WF-0000024211,USR-122,"[""PF-PERMITAPPLICATION-001859"",""PF-OBJECTION-000359""]"
PF-PERMITAPPLICATION-001876,Application Reopened,2023-08-25T06:42:00Z,wf_task_history,WF-0000024227,USR-022,"[""PF-PERMITAPPLICATION-001876"",""PF-AGENCY-000376""]"
PF-PERMITAPPLICATION-001878,Application Reopened,2023-08-25T12:44:00Z,wf_task_history,WF-0000024253,USR-056,"[""PF-PERMITAPPLICATION-001878"",""PF-AGENCY-000378""]"
PF-PERMITAPPLICATION-001765,Completeness Rejected,2023-08-25T16:00:00Z,wf_external_task,WF-0000024271,USR-048,"[""PF-PERMITAPPLICATION-001765"",""PF-OBJECTION-000265"",""PF-REVIEW-000265""]"
PF-PERMITAPPLICATION-001765,Application Reopened,2023-08-25T16:52:00Z,wf_task_history,WF-0000024272,USR-040,"[""PF-PERMITAPPLICATION-001765"",""PF-AGENCY-000265""]"
PF-PERMITAPPLICATION-001765,Inspection Failed,2023-08-25T17:14:00Z,wf_message_delivery,WF-0000024273,USR-086,"[""PF-PERMITAPPLICATION-001765"",""PF-DOCUMENT-000265"",""PF-INSPECTION-000265""]"
PF-PERMITAPPLICATION-001765,Reinspection Requested,2023-08-25T17:51:00Z,wf_form_submission,WF-0000024274,USR-087,"[""PF-PERMITAPPLICATION-001765"",""PF-REVIEW-000265""]"
PF-PERMITAPPLICATION-001880,Application Reopened,2023-08-25T18:46:00Z,wf_task_history,WF-0000024283,USR-090,"[""PF-PERMITAPPLICATION-001880"",""PF-AGENCY-000380""]"
PF-PERMITAPPLICATION-001882,Application Reopened,2023-08-26T00:48:00Z,wf_task_history,WF-0000024308,USR-124,"[""PF-PERMITAPPLICATION-001882"",""PF-AGENCY-000382"",""PF-CONDITION-000382""]"
PF-PERMITAPPLICATION-001884,Application Reopened,2023-08-26T06:50:00Z,wf_task_history,WF-0000024333,USR-031,"[""PF-PERMITAPPLICATION-001884"",""PF-AGENCY-000384""]"
PF-PERMITAPPLICATION-001770,Completeness Rejected,2023-08-26T07:00:00Z,wf_external_task,WF-0000024340,USR-006,"[""PF-PERMITAPPLICATION-001770"",""PF-OBJECTION-000270"",""PF-REVIEW-000270""]"
PF-PERMITAPPLICATION-001770,Application Reopened,2023-08-26T07:52:00Z,wf_task_history,WF-0000024341,USR-125,"[""PF-PERMITAPPLICATION-001770"",""PF-AGENCY-000270""]"
PF-PERMITAPPLICATION-001770,Inspection Failed,2023-08-26T08:14:00Z,wf_message_delivery,WF-0000024342,USR-044,"[""PF-PERMITAPPLICATION-001770"",""PF-DOCUMENT-000270"",""PF-INSPECTION-000270""]"
PF-PERMITAPPLICATION-001770,Reinspection Requested,2023-08-26T08:51:00Z,wf_form_submission,WF-0000024343,USR-045,"[""PF-PERMITAPPLICATION-001770"",""PF-REVIEW-000270""]"
PF-PERMITAPPLICATION-001794,Inspection Failed,2023-08-26T12:44:00Z,wf_message_delivery,WF-0000024366,USR-071,"[""PF-PERMITAPPLICATION-001794"",""PF-DOCUMENT-000294"",""PF-INSPECTION-000294""]"
PF-PERMITAPPLICATION-001886,Application Reopened,2023-08-26T12:52:00Z,wf_task_history,WF-0000024359,USR-065,"[""PF-PERMITAPPLICATION-001886"",""PF-AGENCY-000386"",""PF-CONDITION-000386""]"
PF-PERMITAPPLICATION-001872,Completeness Rejected,2023-08-26T18:31:00Z,wf_external_task,WF-0000024379,USR-089,"[""PF-PERMITAPPLICATION-001872"",""PF-OBJECTION-000372""]"
PF-PERMITAPPLICATION-001888,Application Reopened,2023-08-26T18:54:00Z,wf_task_history,WF-0000024382,USR-099,"[""PF-PERMITAPPLICATION-001888"",""PF-AGENCY-000388""]"
PF-PERMITAPPLICATION-001795,Reinspection Requested,2023-08-26T21:46:00Z,wf_form_submission,WF-0000024402,USR-089,"[""PF-PERMITAPPLICATION-001795"",""PF-REVIEW-000295""]"
PF-PERMITAPPLICATION-001775,Completeness Rejected,2023-08-26T22:00:00Z,wf_external_task,WF-0000024405,USR-091,"[""PF-PERMITAPPLICATION-001775"",""PF-OBJECTION-000275""]"
PF-PERMITAPPLICATION-001775,Application Reopened,2023-08-26T22:52:00Z,wf_task_history,WF-0000024406,USR-083,"[""PF-PERMITAPPLICATION-001775"",""PF-AGENCY-000275"",""PF-CONDITION-000275""]"
PF-PERMITAPPLICATION-001775,Inspection Failed,2023-08-26T23:14:00Z,wf_message_delivery,WF-0000024407,USR-002,"[""PF-PERMITAPPLICATION-001775"",""PF-DOCUMENT-000275""]"
PF-PERMITAPPLICATION-001775,Reinspection Requested,2023-08-26T23:51:00Z,wf_form_submission,WF-0000024408,USR-003,"[""PF-PERMITAPPLICATION-001775"",""PF-REVIEW-000275"",""PF-VIOLATION-000275""]"
PF-PERMITAPPLICATION-001890,Application Reopened,2023-08-27T00:56:00Z,wf_task_history,WF-0000024414,USR-006,"[""PF-PERMITAPPLICATION-001890"",""PF-AGENCY-000390"",""PF-CONDITION-000390""]"
PF-PERMITAPPLICATION-001892,Application Reopened,2023-08-27T06:58:00Z,wf_task_history,WF-0000024440,USR-040,"[""PF-PERMITAPPLICATION-001892"",""PF-AGENCY-000392"",""PF-CONDITION-000392""]"
PF-PERMITAPPLICATION-001894,Application Reopened,2023-08-27T13:00:00Z,wf_task_history,WF-0000024463,USR-074,"[""PF-PERMITAPPLICATION-001894"",""PF-AGENCY-000394""]"
PF-PERMITAPPLICATION-001780,Completeness Rejected,2023-08-27T13:00:00Z,wf_external_task,WF-0000024471,USR-049,"[""PF-PERMITAPPLICATION-001780"",""PF-OBJECTION-000280"",""PF-REVIEW-000280""]"
PF-PERMITAPPLICATION-001780,Application Reopened,2023-08-27T13:52:00Z,wf_task_history,WF-0000024472,USR-041,"[""PF-PERMITAPPLICATION-001780"",""PF-AGENCY-000280""]"
PF-PERMITAPPLICATION-001780,Inspection Failed,2023-08-27T14:14:00Z,wf_message_delivery,WF-0000024473,USR-087,"[""PF-PERMITAPPLICATION-001780"",""PF-DOCUMENT-000280"",""PF-INSPECTION-000280""]"
PF-PERMITAPPLICATION-001780,Reinspection Requested,2023-08-27T14:51:00Z,wf_form_submission,WF-0000024474,USR-088,"[""PF-PERMITAPPLICATION-001780"",""PF-REVIEW-000280""]"
PF-PERMITAPPLICATION-001896,Application Reopened,2023-08-27T19:02:00Z,wf_task_history,WF-0000024493,USR-108,"[""PF-PERMITAPPLICATION-001896"",""PF-AGENCY-000396"",""PF-CONDITION-000396""]"
PF-PERMITAPPLICATION-001898,Application Reopened,2023-08-28T01:04:00Z,wf_task_history,WF-0000024518,USR-015,"[""PF-PERMITAPPLICATION-001898"",""PF-AGENCY-000398""]"
PF-PERMITAPPLICATION-001785,Completeness Rejected,2023-08-28T04:00:00Z,wf_external_task,WF-0000024532,USR-007,"[""PF-PERMITAPPLICATION-001785"",""PF-OBJECTION-000285""]"
PF-PERMITAPPLICATION-001785,Application Reopened,2023-08-28T04:52:00Z,wf_task_history,WF-0000024533,USR-126,"[""PF-PERMITAPPLICATION-001785"",""PF-AGENCY-000285"",""PF-CONDITION-000285""]"
PF-PERMITAPPLICATION-001785,Inspection Failed,2023-08-28T05:14:00Z,wf_message_delivery,WF-0000024534,USR-045,"[""PF-PERMITAPPLICATION-001785"",""PF-DOCUMENT-000285""]"
PF-PERMITAPPLICATION-001785,Reinspection Requested,2023-08-28T05:51:00Z,wf_form_submission,WF-0000024535,USR-046,"[""PF-PERMITAPPLICATION-001785"",""PF-REVIEW-000285"",""PF-VIOLATION-000285""]"
PF-PERMITAPPLICATION-001900,Application Reopened,2023-08-28T07:06:00Z,wf_task_history,WF-0000024548,USR-049,"[""PF-PERMITAPPLICATION-001900"",""PF-AGENCY-000400""]"
PF-PERMITAPPLICATION-001885,Completeness Rejected,2023-08-28T09:44:00Z,wf_external_task,WF-0000024557,USR-056,"[""PF-PERMITAPPLICATION-001885"",""PF-OBJECTION-000385""]"
PF-PERMITAPPLICATION-001902,Application Reopened,2023-08-28T12:15:00Z,wf_task_history,WF-0000024562,USR-083,"[""PF-PERMITAPPLICATION-001902"",""PF-AGENCY-000402"",""PF-CONDITION-000402""]"
PF-PERMITAPPLICATION-001904,Application Reopened,2023-08-28T18:17:00Z,wf_task_history,WF-0000024593,USR-117,"[""PF-PERMITAPPLICATION-001904"",""PF-AGENCY-000404""]"
PF-PERMITAPPLICATION-001790,Completeness Rejected,2023-08-28T19:00:00Z,wf_external_task,WF-0000024602,USR-092,"[""PF-PERMITAPPLICATION-001790"",""PF-OBJECTION-000290""]"
PF-PERMITAPPLICATION-001790,Application Reopened,2023-08-28T19:52:00Z,wf_task_history,WF-0000024603,USR-084,"[""PF-PERMITAPPLICATION-001790"",""PF-AGENCY-000290""]"
PF-PERMITAPPLICATION-001790,Inspection Failed,2023-08-28T20:14:00Z,wf_message_delivery,WF-0000024604,USR-003,"[""PF-PERMITAPPLICATION-001790"",""PF-DOCUMENT-000290""]"
PF-PERMITAPPLICATION-001790,Reinspection Requested,2023-08-28T20:51:00Z,wf_form_submission,WF-0000024605,USR-004,"[""PF-PERMITAPPLICATION-001790"",""PF-REVIEW-000290"",""PF-VIOLATION-000290""]"
PF-PERMITAPPLICATION-001813,Inspection Failed,2023-08-28T21:10:00Z,wf_message_delivery,WF-0000024615,USR-013,"[""PF-PERMITAPPLICATION-001813"",""PF-DOCUMENT-000313""]"
PF-PERMITAPPLICATION-001906,Application Reopened,2023-08-29T00:19:00Z,wf_task_history,WF-0000024620,USR-024,"[""PF-PERMITAPPLICATION-001906"",""PF-AGENCY-000406"",""PF-CONDITION-000406""]"
PF-PERMITAPPLICATION-001908,Application Reopened,2023-08-29T06:21:00Z,wf_task_history,WF-0000024644,USR-058,"[""PF-PERMITAPPLICATION-001908"",""PF-AGENCY-000408""]"
PF-PERMITAPPLICATION-001795,Completeness Rejected,2023-08-29T10:00:00Z,wf_external_task,WF-0000024664,USR-050,"[""PF-PERMITAPPLICATION-001795"",""PF-OBJECTION-000295"",""PF-REVIEW-000295""]"
PF-PERMITAPPLICATION-001795,Application Reopened,2023-08-29T10:52:00Z,wf_task_history,WF-0000024665,USR-042,"[""PF-PERMITAPPLICATION-001795"",""PF-AGENCY-000295""]"
PF-PERMITAPPLICATION-001795,Inspection Failed,2023-08-29T11:14:00Z,wf_message_delivery,WF-0000024666,USR-088,"[""PF-PERMITAPPLICATION-001795"",""PF-DOCUMENT-000295"",""PF-INSPECTION-000295""]"
PF-PERMITAPPLICATION-001795,Reinspection Requested,2023-08-29T11:51:00Z,wf_form_submission,WF-0000024667,USR-089,"[""PF-PERMITAPPLICATION-001795"",""PF-REVIEW-000295""]"
PF-PERMITAPPLICATION-001910,Application Reopened,2023-08-29T12:23:00Z,wf_task_history,WF-0000024670,USR-092,"[""PF-PERMITAPPLICATION-001910"",""PF-AGENCY-000410""]"
PF-PERMITAPPLICATION-001818,Reinspection Requested,2023-08-29T18:16:00Z,wf_form_submission,WF-0000024699,USR-099,"[""PF-PERMITAPPLICATION-001818"",""PF-REVIEW-000318""]"
PF-PERMITAPPLICATION-001912,Application Reopened,2023-08-29T18:25:00Z,wf_task_history,WF-0000024693,USR-126,"[""PF-PERMITAPPLICATION-001912"",""PF-AGENCY-000412""]"
PF-PERMITAPPLICATION-001898,Completeness Rejected,2023-08-30T00:04:00Z,wf_external_task,WF-0000024724,USR-023,"[""PF-PERMITAPPLICATION-001898"",""PF-OBJECTION-000398""]"
PF-PERMITAPPLICATION-001914,Application Reopened,2023-08-30T00:27:00Z,wf_task_history,WF-0000024728,USR-033,"[""PF-PERMITAPPLICATION-001914"",""PF-AGENCY-000414""]"
PF-PERMITAPPLICATION-001800,Completeness Rejected,2023-08-30T01:00:00Z,wf_external_task,WF-0000024736,USR-008,"[""PF-PERMITAPPLICATION-001800"",""PF-OBJECTION-000300""]"
PF-PERMITAPPLICATION-001800,Application Reopened,2023-08-30T01:52:00Z,wf_task_history,WF-0000024737,USR-127,"[""PF-PERMITAPPLICATION-001800"",""PF-AGENCY-000300"",""PF-CONDITION-000300""]"
PF-PERMITAPPLICATION-001800,Inspection Failed,2023-08-30T02:14:00Z,wf_message_delivery,WF-0000024738,USR-046,"[""PF-PERMITAPPLICATION-001800"",""PF-DOCUMENT-000300""]"
PF-PERMITAPPLICATION-001800,Reinspection Requested,2023-08-30T02:51:00Z,wf_form_submission,WF-0000024739,USR-047,"[""PF-PERMITAPPLICATION-001800"",""PF-REVIEW-000300"",""PF-VIOLATION-000300""]"
PF-PERMITAPPLICATION-001916,Application Reopened,2023-08-30T06:29:00Z,wf_task_history,WF-0000024751,USR-067,"[""PF-PERMITAPPLICATION-001916"",""PF-AGENCY-000416"",""PF-CONDITION-000416""]"
PF-PERMITAPPLICATION-001918,Application Reopened,2023-08-30T12:31:00Z,wf_task_history,WF-0000024777,USR-101,"[""PF-PERMITAPPLICATION-001918"",""PF-AGENCY-000418"",""PF-CONDITION-000418""]"
PF-PERMITAPPLICATION-001805,Completeness Rejected,2023-08-30T16:00:00Z,wf_external_task,WF-0000024797,USR-093,"[""PF-PERMITAPPLICATION-001805"",""PF-OBJECTION-000305""]"
PF-PERMITAPPLICATION-001805,Application Reopened,2023-08-30T16:52:00Z,wf_task_history,WF-0000024798,USR-085,"[""PF-PERMITAPPLICATION-001805"",""PF-AGENCY-000305""]"
PF-PERMITAPPLICATION-001805,Inspection Failed,2023-08-30T17:14:00Z,wf_message_delivery,WF-0000024799,USR-004,"[""PF-PERMITAPPLICATION-001805"",""PF-DOCUMENT-000305""]"
PF-PERMITAPPLICATION-001805,Reinspection Requested,2023-08-30T17:51:00Z,wf_form_submission,WF-0000024800,USR-005,"[""PF-PERMITAPPLICATION-001805"",""PF-REVIEW-000305"",""PF-VIOLATION-000305""]"
PF-PERMITAPPLICATION-001920,Application Reopened,2023-08-30T18:33:00Z,wf_task_history,WF-0000024805,USR-008,"[""PF-PERMITAPPLICATION-001920"",""PF-AGENCY-000420""]"
PF-PERMITAPPLICATION-001922,Application Reopened,2023-08-31T00:35:00Z,wf_task_history,WF-0000024827,USR-042,"[""PF-PERMITAPPLICATION-001922"",""PF-AGENCY-000422"",""PF-CONDITION-000422""]"
PF-PERMITAPPLICATION-001832,Inspection Failed,2023-08-31T06:29:00Z,wf_message_delivery,WF-0000024858,USR-082,"[""PF-PERMITAPPLICATION-001832"",""PF-DOCUMENT-000332"",""PF-INSPECTION-000332""]"
PF-PERMITAPPLICATION-001924,Application Reopened,2023-08-31T06:37:00Z,wf_task_history,WF-0000024850,USR-076,"[""PF-PERMITAPPLICATION-001924"",""PF-AGENCY-000424"",""PF-CONDITION-000424""]"
PF-PERMITAPPLICATION-001810,Completeness Rejected,2023-08-31T07:00:00Z,wf_external_task,WF-0000024864,USR-051,"[""PF-PERMITAPPLICATION-001810"",""PF-OBJECTION-000310""]"
PF-PERMITAPPLICATION-001810,Application Reopened,2023-08-31T07:52:00Z,wf_task_history,WF-0000024865,USR-043,"[""PF-PERMITAPPLICATION-001810"",""PF-AGENCY-000310""]"
PF-PERMITAPPLICATION-001810,Inspection Failed,2023-08-31T08:14:00Z,wf_message_delivery,WF-0000024866,USR-089,"[""PF-PERMITAPPLICATION-001810"",""PF-DOCUMENT-000310""]"
PF-PERMITAPPLICATION-001810,Reinspection Requested,2023-08-31T08:51:00Z,wf_form_submission,WF-0000024867,USR-090,"[""PF-PERMITAPPLICATION-001810"",""PF-REVIEW-000310"",""PF-VIOLATION-000310""]"
PF-PERMITAPPLICATION-001926,Application Reopened,2023-08-31T12:39:00Z,wf_task_history,WF-0000024885,USR-110,"[""PF-PERMITAPPLICATION-001926"",""PF-AGENCY-000426""]"
PF-PERMITAPPLICATION-001911,Completeness Rejected,2023-08-31T15:17:00Z,wf_external_task,WF-0000024895,USR-117,"[""PF-PERMITAPPLICATION-001911"",""PF-OBJECTION-000411"",""PF-REVIEW-000411""]"
PF-PERMITAPPLICATION-001928,Application Reopened,2023-08-31T18:41:00Z,wf_task_history,WF-0000024909,USR-017,"[""PF-PERMITAPPLICATION-001928"",""PF-AGENCY-000428""]"
PF-PERMITAPPLICATION-001815,Completeness Rejected,2023-08-31T22:00:00Z,wf_external_task,WF-0000024929,USR-009,"[""PF-PERMITAPPLICATION-001815"",""PF-OBJECTION-000315""]"
PF-PERMITAPPLICATION-001815,Application Reopened,2023-08-31T22:52:00Z,wf_task_history,WF-0000024930,USR-001,"[""PF-PERMITAPPLICATION-001815"",""PF-AGENCY-000315"",""PF-CONDITION-000315""]"
PF-PERMITAPPLICATION-001815,Inspection Failed,2023-08-31T23:14:00Z,wf_message_delivery,WF-0000024931,USR-047,"[""PF-PERMITAPPLICATION-001815"",""PF-DOCUMENT-000315""]"
PF-PERMITAPPLICATION-001815,Reinspection Requested,2023-08-31T23:51:00Z,wf_form_submission,WF-0000024932,USR-048,"[""PF-PERMITAPPLICATION-001815"",""PF-REVIEW-000315""]"
PF-PERMITAPPLICATION-001930,Application Reopened,2023-09-01T00:43:00Z,wf_task_history,WF-0000024935,USR-051,"[""PF-PERMITAPPLICATION-001930"",""PF-AGENCY-000430""]"
PF-PERMITAPPLICATION-001932,Application Reopened,2023-09-01T06:45:00Z,wf_task_history,WF-0000024959,USR-085,"[""PF-PERMITAPPLICATION-001932"",""PF-AGENCY-000432""]"
PF-PERMITAPPLICATION-001934,Application Reopened,2023-09-01T12:47:00Z,wf_task_history,WF-0000024982,USR-119,"[""PF-PERMITAPPLICATION-001934"",""PF-AGENCY-000434""]"
PF-PERMITAPPLICATION-001820,Completeness Rejected,2023-09-01T13:00:00Z,wf_external_task,WF-0000024990,USR-094,"[""PF-PERMITAPPLICATION-001820"",""PF-OBJECTION-000320""]"
PF-PERMITAPPLICATION-001820,Application Reopened,2023-09-01T13:52:00Z,wf_task_history,WF-0000024991,USR-086,"[""PF-PERMITAPPLICATION-001820"",""PF-AGENCY-000320"",""PF-CONDITION-000320""]"
PF-PERMITAPPLICATION-001820,Inspection Failed,2023-09-01T14:14:00Z,wf_message_delivery,WF-0000024992,USR-005,"[""PF-PERMITAPPLICATION-001820"",""PF-DOCUMENT-000320""]"
PF-PERMITAPPLICATION-001820,Reinspection Requested,2023-09-01T14:51:00Z,wf_form_submission,WF-0000024993,USR-006,"[""PF-PERMITAPPLICATION-001820"",""PF-REVIEW-000320""]"
PF-PERMITAPPLICATION-001841,Reinspection Requested,2023-09-01T15:39:00Z,wf_form_submission,WF-0000025007,USR-109,"[""PF-PERMITAPPLICATION-001841"",""PF-REVIEW-000341""]"
PF-PERMITAPPLICATION-001936,Application Reopened,2023-09-01T18:49:00Z,wf_task_history,WF-0000025015,USR-026,"[""PF-PERMITAPPLICATION-001936"",""PF-AGENCY-000436""]"
PF-PERMITAPPLICATION-001938,Application Reopened,2023-09-02T00:51:00Z,wf_task_history,WF-0000025038,USR-060,"[""PF-PERMITAPPLICATION-001938"",""PF-AGENCY-000438""]"
PF-PERMITAPPLICATION-001825,Completeness Rejected,2023-09-02T04:00:00Z,wf_external_task,WF-0000025058,USR-052,"[""PF-PERMITAPPLICATION-001825"",""PF-OBJECTION-000325""]"
PF-PERMITAPPLICATION-001825,Application Reopened,2023-09-02T04:52:00Z,wf_task_history,WF-0000025059,USR-044,"[""PF-PERMITAPPLICATION-001825"",""PF-AGENCY-000325"",""PF-CONDITION-000325""]"
PF-PERMITAPPLICATION-001825,Inspection Failed,2023-09-02T05:14:00Z,wf_message_delivery,WF-0000025060,USR-090,"[""PF-PERMITAPPLICATION-001825"",""PF-DOCUMENT-000325""]"
PF-PERMITAPPLICATION-001825,Reinspection Requested,2023-09-02T05:51:00Z,wf_form_submission,WF-0000025061,USR-091,"[""PF-PERMITAPPLICATION-001825"",""PF-REVIEW-000325"",""PF-VIOLATION-000325""]"
PF-PERMITAPPLICATION-001924,Completeness Rejected,2023-09-02T06:30:00Z,wf_external_task,WF-0000025066,USR-084,"[""PF-PERMITAPPLICATION-001924"",""PF-OBJECTION-000424"",""PF-REVIEW-000424""]"
PF-PERMITAPPLICATION-001940,Application Reopened,2023-09-02T06:53:00Z,wf_task_history,WF-0000025069,USR-094,"[""PF-PERMITAPPLICATION-001940"",""PF-AGENCY-000440""]"
PF-PERMITAPPLICATION-001942,Application Reopened,2023-09-02T12:55:00Z,wf_task_history,WF-0000025092,USR-001,"[""PF-PERMITAPPLICATION-001942"",""PF-AGENCY-000442""]"
PF-PERMITAPPLICATION-001851,Inspection Failed,2023-09-02T15:48:00Z,wf_message_delivery,WF-0000025109,USR-024,"[""PF-PERMITAPPLICATION-001851"",""PF-DOCUMENT-000351""]"
PF-PERMITAPPLICATION-001944,Application Reopened,2023-09-02T18:57:00Z,wf_task_history,WF-0000025113,USR-035,"[""PF-PERMITAPPLICATION-001944"",""PF-AGENCY-000444""]"
PF-PERMITAPPLICATION-001830,Completeness Rejected,2023-09-02T19:00:00Z,wf_external_task,WF-0000025121,USR-010,"[""PF-PERMITAPPLICATION-001830"",""PF-OBJECTION-000330"",""PF-REVIEW-000330""]"
PF-PERMITAPPLICATION-001830,Application Reopened,2023-09-02T19:52:00Z,wf_task_history,WF-0000025122,USR-002,"[""PF-PERMITAPPLICATION-001830"",""PF-AGENCY-000330""]"
PF-PERMITAPPLICATION-001830,Inspection Failed,2023-09-02T20:14:00Z,wf_message_delivery,WF-0000025123,USR-048,"[""PF-PERMITAPPLICATION-001830"",""PF-DOCUMENT-000330"",""PF-INSPECTION-000330""]"
PF-PERMITAPPLICATION-001830,Reinspection Requested,2023-09-02T20:51:00Z,wf_form_submission,WF-0000025124,USR-049,"[""PF-PERMITAPPLICATION-001830"",""PF-REVIEW-000330""]"
PF-PERMITAPPLICATION-001946,Application Reopened,2023-09-03T00:59:00Z,wf_task_history,WF-0000025145,USR-069,"[""PF-PERMITAPPLICATION-001946"",""PF-AGENCY-000446"",""PF-CONDITION-000446""]"
PF-PERMITAPPLICATION-001948,Application Reopened,2023-09-03T07:01:00Z,wf_task_history,WF-0000025170,USR-103,"[""PF-PERMITAPPLICATION-001948"",""PF-AGENCY-000448""]"
PF-PERMITAPPLICATION-001835,Completeness Rejected,2023-09-03T10:00:00Z,wf_external_task,WF-0000025189,USR-095,"[""PF-PERMITAPPLICATION-001835"",""PF-OBJECTION-000335""]"
PF-PERMITAPPLICATION-001835,Application Reopened,2023-09-03T10:52:00Z,wf_task_history,WF-0000025190,USR-087,"[""PF-PERMITAPPLICATION-001835"",""PF-AGENCY-000335"",""PF-CONDITION-000335""]"
PF-PERMITAPPLICATION-001835,Inspection Failed,2023-09-03T11:14:00Z,wf_message_delivery,WF-0000025191,USR-006,"[""PF-PERMITAPPLICATION-001835"",""PF-DOCUMENT-000335""]"
PF-PERMITAPPLICATION-001835,Reinspection Requested,2023-09-03T11:51:00Z,wf_form_submission,WF-0000025192,USR-007,"[""PF-PERMITAPPLICATION-001835"",""PF-REVIEW-000335"",""PF-VIOLATION-000335""]"
PF-PERMITAPPLICATION-001950,Application Reopened,2023-09-03T13:03:00Z,wf_task_history,WF-0000025199,USR-010,"[""PF-PERMITAPPLICATION-001950"",""PF-AGENCY-000450"",""PF-CONDITION-000450""]"
PF-PERMITAPPLICATION-001952,Application Reopened,2023-09-03T19:05:00Z,wf_task_history,WF-0000025226,USR-044,"[""PF-PERMITAPPLICATION-001952"",""PF-AGENCY-000452""]"
PF-PERMITAPPLICATION-001937,Completeness Rejected,2023-09-03T21:43:00Z,wf_external_task,WF-0000025236,USR-051,"[""PF-PERMITAPPLICATION-001937"",""PF-OBJECTION-000437""]"
PF-PERMITAPPLICATION-001840,Completeness Rejected,2023-09-04T01:00:00Z,wf_external_task,WF-0000025252,USR-053,"[""PF-PERMITAPPLICATION-001840"",""PF-OBJECTION-000340""]"
PF-PERMITAPPLICATION-001954,Application Reopened,2023-09-04T01:07:00Z,wf_task_history,WF-0000025251,USR-078,"[""PF-PERMITAPPLICATION-001954"",""PF-AGENCY-000454""]"
PF-PERMITAPPLICATION-001840,Application Reopened,2023-09-04T01:52:00Z,wf_task_history,WF-0000025253,USR-045,"[""PF-PERMITAPPLICATION-001840"",""PF-AGENCY-000340""]"
PF-PERMITAPPLICATION-001840,Inspection Failed,2023-09-04T02:14:00Z,wf_message_delivery,WF-0000025254,USR-091,"[""PF-PERMITAPPLICATION-001840"",""PF-DOCUMENT-000340""]"
PF-PERMITAPPLICATION-001840,Reinspection Requested,2023-09-04T02:51:00Z,wf_form_submission,WF-0000025255,USR-092,"[""PF-PERMITAPPLICATION-001840"",""PF-REVIEW-000340"",""PF-VIOLATION-000340""]"
PF-PERMITAPPLICATION-001956,Application Reopened,2023-09-04T06:16:00Z,wf_task_history,WF-0000025268,USR-112,"[""PF-PERMITAPPLICATION-001956"",""PF-AGENCY-000456""]"
PF-PERMITAPPLICATION-001864,Reinspection Requested,2023-09-04T12:09:00Z,wf_form_submission,WF-0000025305,USR-119,"[""PF-PERMITAPPLICATION-001864"",""PF-REVIEW-000364""]"
PF-PERMITAPPLICATION-001958,Application Reopened,2023-09-04T12:18:00Z,wf_task_history,WF-0000025298,USR-019,"[""PF-PERMITAPPLICATION-001958"",""PF-AGENCY-000458""]"
PF-PERMITAPPLICATION-001845,Completeness Rejected,2023-09-04T16:00:00Z,wf_external_task,WF-0000025321,USR-011,"[""PF-PERMITAPPLICATION-001845"",""PF-OBJECTION-000345""]"
PF-PERMITAPPLICATION-001845,Application Reopened,2023-09-04T16:52:00Z,wf_task_history,WF-0000025322,USR-003,"[""PF-PERMITAPPLICATION-001845"",""PF-AGENCY-000345""]"
PF-PERMITAPPLICATION-001845,Inspection Failed,2023-09-04T17:14:00Z,wf_message_delivery,WF-0000025323,USR-049,"[""PF-PERMITAPPLICATION-001845"",""PF-DOCUMENT-000345""]"
PF-PERMITAPPLICATION-001845,Reinspection Requested,2023-09-04T17:51:00Z,wf_form_submission,WF-0000025324,USR-050,"[""PF-PERMITAPPLICATION-001845"",""PF-REVIEW-000345"",""PF-VIOLATION-000345""]"
PF-PERMITAPPLICATION-001960,Application Reopened,2023-09-04T18:20:00Z,wf_task_history,WF-0000025327,USR-053,"[""PF-PERMITAPPLICATION-001960"",""PF-AGENCY-000460""]"
PF-PERMITAPPLICATION-001870,Inspection Failed,2023-09-05T00:14:00Z,wf_message_delivery,WF-0000025357,USR-093,"[""PF-PERMITAPPLICATION-001870"",""PF-DOCUMENT-000370""]"
PF-PERMITAPPLICATION-001962,Application Reopened,2023-09-05T00:22:00Z,wf_task_history,WF-0000025349,USR-087,"[""PF-PERMITAPPLICATION-001962"",""PF-AGENCY-000462"",""PF-CONDITION-000462""]"
PF-PERMITAPPLICATION-001964,Application Reopened,2023-09-05T06:24:00Z,wf_task_history,WF-0000025376,USR-121,"[""PF-PERMITAPPLICATION-001964"",""PF-AGENCY-000464""]"
PF-PERMITAPPLICATION-001850,Completeness Rejected,2023-09-05T07:00:00Z,wf_external_task,WF-0000025383,USR-096,"[""PF-PERMITAPPLICATION-001850"",""PF-OBJECTION-000350""]"
PF-PERMITAPPLICATION-001850,Application Reopened,2023-09-05T07:52:00Z,wf_task_history,WF-0000025384,USR-088,"[""PF-PERMITAPPLICATION-001850"",""PF-AGENCY-000350"",""PF-CONDITION-000350""]"
PF-PERMITAPPLICATION-001850,Inspection Failed,2023-09-05T08:14:00Z,wf_message_delivery,WF-0000025385,USR-007,"[""PF-PERMITAPPLICATION-001850"",""PF-DOCUMENT-000350""]"
PF-PERMITAPPLICATION-001850,Reinspection Requested,2023-09-05T08:51:00Z,wf_form_submission,WF-0000025386,USR-008,"[""PF-PERMITAPPLICATION-001850"",""PF-REVIEW-000350"",""PF-VIOLATION-000350""]"
PF-PERMITAPPLICATION-001950,Completeness Rejected,2023-09-05T12:03:00Z,wf_external_task,WF-0000025401,USR-018,"[""PF-PERMITAPPLICATION-001950"",""PF-OBJECTION-000450""]"
PF-PERMITAPPLICATION-001966,Application Reopened,2023-09-05T12:26:00Z,wf_task_history,WF-0000025404,USR-028,"[""PF-PERMITAPPLICATION-001966"",""PF-AGENCY-000466""]"
PF-PERMITAPPLICATION-001968,Application Reopened,2023-09-05T18:28:00Z,wf_task_history,WF-0000025426,USR-062,"[""PF-PERMITAPPLICATION-001968"",""PF-AGENCY-000468"",""PF-CONDITION-000468""]"
PF-PERMITAPPLICATION-001855,Completeness Rejected,2023-09-05T22:00:00Z,wf_external_task,WF-0000025452,USR-054,"[""PF-PERMITAPPLICATION-001855"",""PF-OBJECTION-000355""]"
PF-PERMITAPPLICATION-001855,Application Reopened,2023-09-05T22:52:00Z,wf_task_history,WF-0000025453,USR-046,"[""PF-PERMITAPPLICATION-001855"",""PF-AGENCY-000355""]"
PF-PERMITAPPLICATION-001855,Inspection Failed,2023-09-05T23:14:00Z,wf_message_delivery,WF-0000025454,USR-092,"[""PF-PERMITAPPLICATION-001855"",""PF-DOCUMENT-000355""]"
PF-PERMITAPPLICATION-001855,Reinspection Requested,2023-09-05T23:51:00Z,wf_form_submission,WF-0000025455,USR-093,"[""PF-PERMITAPPLICATION-001855"",""PF-REVIEW-000355"",""PF-VIOLATION-000355""]"
PF-PERMITAPPLICATION-001970,Application Reopened,2023-09-06T00:30:00Z,wf_task_history,WF-0000025459,USR-096,"[""PF-PERMITAPPLICATION-001970"",""PF-AGENCY-000470""]"
PF-PERMITAPPLICATION-001972,Application Reopened,2023-09-06T06:32:00Z,wf_task_history,WF-0000025481,USR-003,"[""PF-PERMITAPPLICATION-001972"",""PF-AGENCY-000472""]"
PF-PERMITAPPLICATION-001974,Application Reopened,2023-09-06T12:34:00Z,wf_task_history,WF-0000025505,USR-037,"[""PF-PERMITAPPLICATION-001974"",""PF-AGENCY-000474""]"
PF-PERMITAPPLICATION-001860,Completeness Rejected,2023-09-06T13:00:00Z,wf_external_task,WF-0000025515,USR-012,"[""PF-PERMITAPPLICATION-001860"",""PF-OBJECTION-000360""]"
PF-PERMITAPPLICATION-001860,Application Reopened,2023-09-06T13:52:00Z,wf_task_history,WF-0000025516,USR-004,"[""PF-PERMITAPPLICATION-001860"",""PF-AGENCY-000360""]"
PF-PERMITAPPLICATION-001860,Inspection Failed,2023-09-06T14:14:00Z,wf_message_delivery,WF-0000025517,USR-050,"[""PF-PERMITAPPLICATION-001860"",""PF-DOCUMENT-000360""]"
PF-PERMITAPPLICATION-001860,Reinspection Requested,2023-09-06T14:51:00Z,wf_form_submission,WF-0000025518,USR-051,"[""PF-PERMITAPPLICATION-001860"",""PF-REVIEW-000360"",""PF-VIOLATION-000360""]"
PF-PERMITAPPLICATION-001976,Application Reopened,2023-09-06T18:36:00Z,wf_task_history,WF-0000025534,USR-071,"[""PF-PERMITAPPLICATION-001976"",""PF-AGENCY-000476"",""PF-CONDITION-000476""]"
PF-PERMITAPPLICATION-001978,Application Reopened,2023-09-07T00:38:00Z,wf_task_history,WF-0000025558,USR-105,"[""PF-PERMITAPPLICATION-001978"",""PF-AGENCY-000478""]"
PF-PERMITAPPLICATION-001963,Completeness Rejected,2023-09-07T03:16:00Z,wf_external_task,WF-0000025567,USR-112,"[""PF-PERMITAPPLICATION-001963"",""PF-OBJECTION-000463""]"
PF-PERMITAPPLICATION-001865,Completeness Rejected,2023-09-07T04:00:00Z,wf_external_task,WF-0000025583,USR-097,"[""PF-PERMITAPPLICATION-001865"",""PF-OBJECTION-000365"",""PF-REVIEW-000365""]"
PF-PERMITAPPLICATION-001865,Application Reopened,2023-09-07T04:52:00Z,wf_task_history,WF-0000025584,USR-089,"[""PF-PERMITAPPLICATION-001865"",""PF-AGENCY-000365""]"
PF-PERMITAPPLICATION-001865,Inspection Failed,2023-09-07T05:14:00Z,wf_message_delivery,WF-0000025585,USR-008,"[""PF-PERMITAPPLICATION-001865"",""PF-DOCUMENT-000365"",""PF-INSPECTION-000365""]"
PF-PERMITAPPLICATION-001865,Reinspection Requested,2023-09-07T05:51:00Z,wf_form_submission,WF-0000025586,USR-009,"[""PF-PERMITAPPLICATION-001865"",""PF-REVIEW-000365""]"
PF-PERMITAPPLICATION-001980,Application Reopened,2023-09-07T06:40:00Z,wf_task_history,WF-0000025591,USR-012,"[""PF-PERMITAPPLICATION-001980"",""PF-AGENCY-000480"",""PF-CONDITION-000480""]"
PF-PERMITAPPLICATION-001887,Reinspection Requested,2023-09-07T09:32:00Z,wf_form_submission,WF-0000025607,USR-002,"[""PF-PERMITAPPLICATION-001887"",""PF-REVIEW-000387""]"
PF-PERMITAPPLICATION-001889,Inspection Failed,2023-09-07T09:33:00Z,wf_message_delivery,WF-0000025609,USR-035,"[""PF-PERMITAPPLICATION-001889"",""PF-DOCUMENT-000389""]"
PF-PERMITAPPLICATION-001982,Application Reopened,2023-09-07T12:42:00Z,wf_task_history,WF-0000025617,USR-046,"[""PF-PERMITAPPLICATION-001982"",""PF-AGENCY-000482"",""PF-CONDITION-000482""]"
PF-PERMITAPPLICATION-001984,Application Reopened,2023-09-07T18:44:00Z,wf_task_history,WF-0000025638,USR-080,"[""PF-PERMITAPPLICATION-001984"",""PF-AGENCY-000484""]"
PF-PERMITAPPLICATION-001870,Completeness Rejected,2023-09-07T19:00:00Z,wf_external_task,WF-0000025645,USR-055,"[""PF-PERMITAPPLICATION-001870"",""PF-OBJECTION-000370""]"
PF-PERMITAPPLICATION-001870,Application Reopened,2023-09-07T19:52:00Z,wf_task_history,WF-0000025646,USR-047,"[""PF-PERMITAPPLICATION-001870"",""PF-AGENCY-000370"",""PF-CONDITION-000370""]"
PF-PERMITAPPLICATION-001870,Inspection Failed,2023-09-07T20:14:00Z,wf_message_delivery,WF-0000025647,USR-093,"[""PF-PERMITAPPLICATION-001870"",""PF-DOCUMENT-000370""]"
PF-PERMITAPPLICATION-001870,Reinspection Requested,2023-09-07T20:51:00Z,wf_form_submission,WF-0000025648,USR-094,"[""PF-PERMITAPPLICATION-001870"",""PF-REVIEW-000370"",""PF-VIOLATION-000370""]"
PF-PERMITAPPLICATION-001986,Application Reopened,2023-09-08T00:46:00Z,wf_task_history,WF-0000025663,USR-114,"[""PF-PERMITAPPLICATION-001986"",""PF-AGENCY-000486""]"
PF-PERMITAPPLICATION-001988,Application Reopened,2023-09-08T06:48:00Z,wf_task_history,WF-0000025690,USR-021,"[""PF-PERMITAPPLICATION-001988"",""PF-AGENCY-000488""]"
PF-PERMITAPPLICATION-001875,Completeness Rejected,2023-09-08T10:00:00Z,wf_external_task,WF-0000025710,USR-013,"[""PF-PERMITAPPLICATION-001875"",""PF-OBJECTION-000375"",""PF-REVIEW-000375""]"
PF-PERMITAPPLICATION-001875,Application Reopened,2023-09-08T10:52:00Z,wf_task_history,WF-0000025711,USR-005,"[""PF-PERMITAPPLICATION-001875"",""PF-AGENCY-000375""]"
PF-PERMITAPPLICATION-001875,Inspection Failed,2023-09-08T11:14:00Z,wf_message_delivery,WF-0000025712,USR-051,"[""PF-PERMITAPPLICATION-001875"",""PF-DOCUMENT-000375"",""PF-INSPECTION-000375""]"
PF-PERMITAPPLICATION-001875,Reinspection Requested,2023-09-08T11:51:00Z,wf_form_submission,WF-0000025713,USR-052,"[""PF-PERMITAPPLICATION-001875"",""PF-REVIEW-000375""]"
PF-PERMITAPPLICATION-001990,Application Reopened,2023-09-08T12:50:00Z,wf_task_history,WF-0000025721,USR-055,"[""PF-PERMITAPPLICATION-001990"",""PF-AGENCY-000490"",""PF-CONDITION-000490""]"
PF-PERMITAPPLICATION-001976,Completeness Rejected,2023-09-08T18:29:00Z,wf_external_task,WF-0000025742,USR-079,"[""PF-PERMITAPPLICATION-001976"",""PF-OBJECTION-000476""]"
PF-PERMITAPPLICATION-001992,Application Reopened,2023-09-08T18:52:00Z,wf_task_history,WF-0000025745,USR-089,"[""PF-PERMITAPPLICATION-001992"",""PF-AGENCY-000492""]"
PF-PERMITAPPLICATION-001994,Application Reopened,2023-09-09T00:54:00Z,wf_task_history,WF-0000025768,USR-123,"[""PF-PERMITAPPLICATION-001994"",""PF-AGENCY-000494"",""PF-CONDITION-000494""]"
PF-PERMITAPPLICATION-001880,Completeness Rejected,2023-09-09T01:00:00Z,wf_external_task,WF-0000025777,USR-098,"[""PF-PERMITAPPLICATION-001880"",""PF-OBJECTION-000380"",""PF-REVIEW-000380""]"
PF-PERMITAPPLICATION-001880,Application Reopened,2023-09-09T01:52:00Z,wf_task_history,WF-0000025778,USR-090,"[""PF-PERMITAPPLICATION-001880"",""PF-AGENCY-000380""]"
PF-PERMITAPPLICATION-001880,Inspection Failed,2023-09-09T02:14:00Z,wf_message_delivery,WF-0000025779,USR-009,"[""PF-PERMITAPPLICATION-001880"",""PF-DOCUMENT-000380"",""PF-INSPECTION-000380""]"
PF-PERMITAPPLICATION-001880,Reinspection Requested,2023-09-09T02:51:00Z,wf_form_submission,WF-0000025780,USR-010,"[""PF-PERMITAPPLICATION-001880"",""PF-REVIEW-000380""]"
PF-PERMITAPPLICATION-001996,Application Reopened,2023-09-09T06:56:00Z,wf_task_history,WF-0000025796,USR-030,"[""PF-PERMITAPPLICATION-001996"",""PF-AGENCY-000496"",""PF-CONDITION-000496""]"
PF-PERMITAPPLICATION-001998,Application Reopened,2023-09-09T12:58:00Z,wf_task_history,WF-0000025820,USR-064,"[""PF-PERMITAPPLICATION-001998"",""PF-AGENCY-000498"",""PF-CONDITION-000498""]"
PF-PERMITAPPLICATION-001885,Completeness Rejected,2023-09-09T16:00:00Z,wf_external_task,WF-0000025841,USR-056,"[""PF-PERMITAPPLICATION-001885"",""PF-OBJECTION-000385""]"
PF-PERMITAPPLICATION-001885,Application Reopened,2023-09-09T16:52:00Z,wf_task_history,WF-0000025842,USR-048,"[""PF-PERMITAPPLICATION-001885"",""PF-AGENCY-000385"",""PF-CONDITION-000385""]"
PF-PERMITAPPLICATION-001885,Inspection Failed,2023-09-09T17:14:00Z,wf_message_delivery,WF-0000025843,USR-094,"[""PF-PERMITAPPLICATION-001885"",""PF-DOCUMENT-000385""]"
PF-PERMITAPPLICATION-001885,Reinspection Requested,2023-09-09T17:51:00Z,wf_form_submission,WF-0000025844,USR-095,"[""PF-PERMITAPPLICATION-001885"",""PF-REVIEW-000385"",""PF-VIOLATION-000385""]"
PF-PERMITAPPLICATION-001908,Inspection Failed,2023-09-09T18:52:00Z,wf_message_delivery,WF-0000025856,USR-104,"[""PF-PERMITAPPLICATION-001908"",""PF-DOCUMENT-000408""]"
PF-PERMITAPPLICATION-002000,Application Reopened,2023-09-09T19:00:00Z,wf_task_history,WF-0000025848,USR-098,"[""PF-PERMITAPPLICATION-002000"",""PF-AGENCY-000500"",""PF-CONDITION-000500""]"
PF-PERMITAPPLICATION-002002,Application Reopened,2023-09-10T01:02:00Z,wf_task_history,WF-0000025880,USR-005,"[""PF-PERMITAPPLICATION-002002"",""PF-AGENCY-000002""]"
PF-PERMITAPPLICATION-001910,Reinspection Requested,2023-09-10T06:02:00Z,wf_form_submission,WF-0000025899,USR-012,"[""PF-PERMITAPPLICATION-001910"",""PF-REVIEW-000410"",""PF-VIOLATION-000410""]"
PF-PERMITAPPLICATION-001890,Completeness Rejected,2023-09-10T07:00:00Z,wf_external_task,WF-0000025910,USR-014,"[""PF-PERMITAPPLICATION-001890"",""PF-OBJECTION-000390""]"
PF-PERMITAPPLICATION-002004,Application Reopened,2023-09-10T07:04:00Z,wf_task_history,WF-0000025906,USR-039,"[""PF-PERMITAPPLICATION-002004"",""PF-AGENCY-000004""]"
PF-PERMITAPPLICATION-001890,Application Reopened,2023-09-10T07:52:00Z,wf_task_history,WF-0000025911,USR-006,"[""PF-PERMITAPPLICATION-001890"",""PF-AGENCY-000390"",""PF-CONDITION-000390""]"
PF-PERMITAPPLICATION-001890,Inspection Failed,2023-09-10T08:14:00Z,wf_message_delivery,WF-0000025912,USR-052,"[""PF-PERMITAPPLICATION-001890"",""PF-DOCUMENT-000390""]"
PF-PERMITAPPLICATION-001890,Reinspection Requested,2023-09-10T08:51:00Z,wf_form_submission,WF-0000025913,USR-053,"[""PF-PERMITAPPLICATION-001890"",""PF-REVIEW-000390""]"
PF-PERMITAPPLICATION-001989,Completeness Rejected,2023-09-10T09:42:00Z,wf_external_task,WF-0000025920,USR-046,"[""PF-PERMITAPPLICATION-001989"",""PF-OBJECTION-000489""]"
PF-PERMITAPPLICATION-002006,Application Reopened,2023-09-10T13:06:00Z,wf_task_history,WF-0000025934,USR-073,"[""PF-PERMITAPPLICATION-002006"",""PF-AGENCY-000006""]"
PF-PERMITAPPLICATION-002008,Application Reopened,2023-09-10T18:15:00Z,wf_task_history,WF-0000025947,USR-107,"[""PF-PERMITAPPLICATION-002008"",""PF-AGENCY-000008"",""PF-CONDITION-000008""]"
PF-PERMITAPPLICATION-001895,Completeness Rejected,2023-09-10T22:00:00Z,wf_external_task,WF-0000025970,USR-099,"[""PF-PERMITAPPLICATION-001895"",""PF-OBJECTION-000395""]"
PF-PERMITAPPLICATION-001895,Application Reopened,2023-09-10T22:52:00Z,wf_task_history,WF-0000025971,USR-091,"[""PF-PERMITAPPLICATION-001895"",""PF-AGENCY-000395"",""PF-CONDITION-000395""]"
PF-PERMITAPPLICATION-001895,Inspection Failed,2023-09-10T23:14:00Z,wf_message_delivery,WF-0000025972,USR-010,"[""PF-PERMITAPPLICATION-001895"",""PF-DOCUMENT-000395""]"
PF-PERMITAPPLICATION-001895,Reinspection Requested,2023-09-10T23:51:00Z,wf_form_submission,WF-0000025973,USR-011,"[""PF-PERMITAPPLICATION-001895"",""PF-REVIEW-000395"",""PF-VIOLATION-000395""]"
PF-PERMITAPPLICATION-002010,Application Reopened,2023-09-11T00:17:00Z,wf_task_history,WF-0000025975,USR-014,"[""PF-PERMITAPPLICATION-002010"",""PF-AGENCY-000010""]"
PF-PERMITAPPLICATION-002012,Application Reopened,2023-09-11T06:19:00Z,wf_task_history,WF-0000026001,USR-048,"[""PF-PERMITAPPLICATION-002012"",""PF-AGENCY-000012"",""PF-CONDITION-000012""]"
PF-PERMITAPPLICATION-002014,Application Reopened,2023-09-11T12:21:00Z,wf_task_history,WF-0000026030,USR-082,"[""PF-PERMITAPPLICATION-002014"",""PF-AGENCY-000014""]"
PF-PERMITAPPLICATION-001900,Completeness Rejected,2023-09-11T13:00:00Z,wf_external_task,WF-0000026038,USR-057,"[""PF-PERMITAPPLICATION-001900"",""PF-OBJECTION-000400""]"
PF-PERMITAPPLICATION-001900,Application Reopened,2023-09-11T13:52:00Z,wf_task_history,WF-0000026039,USR-049,"[""PF-PERMITAPPLICATION-001900"",""PF-AGENCY-000400"",""PF-CONDITION-000400""]"
PF-PERMITAPPLICATION-001900,Inspection Failed,2023-09-11T14:14:00Z,wf_message_delivery,WF-0000026040,USR-095,"[""PF-PERMITAPPLICATION-001900"",""PF-DOCUMENT-000400""]"
PF-PERMITAPPLICATION-001900,Reinspection Requested,2023-09-11T14:51:00Z,wf_form_submission,WF-0000026041,USR-096,"[""PF-PERMITAPPLICATION-001900"",""PF-REVIEW-000400""]"
PF-PERMITAPPLICATION-002016,Application Reopened,2023-09-11T18:23:00Z,wf_task_history,WF-0000026056,USR-116,"[""PF-PERMITAPPLICATION-002016"",""PF-AGENCY-000016"",""PF-CONDITION-000016""]"
PF-PERMITAPPLICATION-002002,Completeness Rejected,2023-09-12T00:02:00Z,wf_external_task,WF-0000026078,USR-013,"[""PF-PERMITAPPLICATION-002002"",""PF-OBJECTION-000002""]"
PF-PERMITAPPLICATION-002018,Application Reopened,2023-09-12T00:25:00Z,wf_task_history,WF-0000026081,USR-023,"[""PF-PERMITAPPLICATION-002018"",""PF-AGENCY-000018"",""PF-CONDITION-000018""]"
PF-PERMITAPPLICATION-001927,Inspection Failed,2023-09-12T03:18:00Z,wf_message_delivery,WF-0000026101,USR-046,"[""PF-PERMITAPPLICATION-001927"",""PF-DOCUMENT-000427""]"
PF-PERMITAPPLICATION-001905,Completeness Rejected,2023-09-12T04:00:00Z,wf_external_task,WF-0000026103,USR-015,"[""PF-PERMITAPPLICATION-001905"",""PF-OBJECTION-000405""]"
PF-PERMITAPPLICATION-001905,Application Reopened,2023-09-12T04:52:00Z,wf_task_history,WF-0000026104,USR-007,"[""PF-PERMITAPPLICATION-001905"",""PF-AGENCY-000405"",""PF-CONDITION-000405""]"
PF-PERMITAPPLICATION-001905,Inspection Failed,2023-09-12T05:14:00Z,wf_message_delivery,WF-0000026105,USR-053,"[""PF-PERMITAPPLICATION-001905"",""PF-DOCUMENT-000405""]"
PF-PERMITAPPLICATION-001905,Reinspection Requested,2023-09-12T05:51:00Z,wf_form_submission,WF-0000026106,USR-054,"[""PF-PERMITAPPLICATION-001905"",""PF-REVIEW-000405"",""PF-VIOLATION-000405""]"
PF-PERMITAPPLICATION-002020,Application Reopened,2023-09-12T06:27:00Z,wf_task_history,WF-0000026110,USR-057,"[""PF-PERMITAPPLICATION-002020"",""PF-AGENCY-000020""]"
PF-PERMITAPPLICATION-002022,Application Reopened,2023-09-12T12:29:00Z,wf_task_history,WF-0000026130,USR-091,"[""PF-PERMITAPPLICATION-002022"",""PF-AGENCY-000022""]"
PF-PERMITAPPLICATION-002024,Application Reopened,2023-09-12T18:31:00Z,wf_task_history,WF-0000026160,USR-125,"[""PF-PERMITAPPLICATION-002024"",""PF-AGENCY-000024""]"
PF-PERMITAPPLICATION-001910,Completeness Rejected,2023-09-12T19:00:00Z,wf_external_task,WF-0000026170,USR-100,"[""PF-PERMITAPPLICATION-001910"",""PF-OBJECTION-000410""]"
PF-PERMITAPPLICATION-001910,Application Reopened,2023-09-12T19:52:00Z,wf_task_history,WF-0000026171,USR-092,"[""PF-PERMITAPPLICATION-001910"",""PF-AGENCY-000410"",""PF-CONDITION-000410""]"
PF-PERMITAPPLICATION-001910,Inspection Failed,2023-09-12T20:14:00Z,wf_message_delivery,WF-0000026172,USR-011,"[""PF-PERMITAPPLICATION-001910"",""PF-DOCUMENT-000410""]"
PF-PERMITAPPLICATION-001910,Reinspection Requested,2023-09-12T20:51:00Z,wf_form_submission,WF-0000026173,USR-012,"[""PF-PERMITAPPLICATION-001910"",""PF-REVIEW-000410""]"
PF-PERMITAPPLICATION-002026,Application Reopened,2023-09-13T00:33:00Z,wf_task_history,WF-0000026191,USR-032,"[""PF-PERMITAPPLICATION-002026"",""PF-AGENCY-000026"",""PF-CONDITION-000026""]"
PF-PERMITAPPLICATION-001933,Reinspection Requested,2023-09-13T03:25:00Z,wf_form_submission,WF-0000026206,USR-022,"[""PF-PERMITAPPLICATION-001933"",""PF-REVIEW-000433""]"
PF-PERMITAPPLICATION-002028,Application Reopened,2023-09-13T06:35:00Z,wf_task_history,WF-0000026211,USR-066,"[""PF-PERMITAPPLICATION-002028"",""PF-AGENCY-000028""]"
PF-PERMITAPPLICATION-001915,Completeness Rejected,2023-09-13T10:00:00Z,wf_external_task,WF-0000026232,USR-058,"[""PF-PERMITAPPLICATION-001915"",""PF-OBJECTION-000415""]"
PF-PERMITAPPLICATION-001915,Application Reopened,2023-09-13T10:52:00Z,wf_task_history,WF-0000026233,USR-050,"[""PF-PERMITAPPLICATION-001915"",""PF-AGENCY-000415""]"
PF-PERMITAPPLICATION-001915,Inspection Failed,2023-09-13T11:14:00Z,wf_message_delivery,WF-0000026234,USR-096,"[""PF-PERMITAPPLICATION-001915"",""PF-DOCUMENT-000415""]"
PF-PERMITAPPLICATION-001915,Reinspection Requested,2023-09-13T11:51:00Z,wf_form_submission,WF-0000026235,USR-097,"[""PF-PERMITAPPLICATION-001915"",""PF-REVIEW-000415"",""PF-VIOLATION-000415""]"
PF-PERMITAPPLICATION-002030,Application Reopened,2023-09-13T12:37:00Z,wf_task_history,WF-0000026239,USR-100,"[""PF-PERMITAPPLICATION-002030"",""PF-AGENCY-000030""]"
PF-PERMITAPPLICATION-002015,Completeness Rejected,2023-09-13T15:15:00Z,wf_external_task,WF-0000026249,USR-107,"[""PF-PERMITAPPLICATION-002015"",""PF-OBJECTION-000015"",""PF-REVIEW-000015""]"
PF-PERMITAPPLICATION-002032,Application Reopened,2023-09-13T18:39:00Z,wf_task_history,WF-0000026265,USR-007,"[""PF-PERMITAPPLICATION-002032"",""PF-AGENCY-000032""]"
PF-PERMITAPPLICATION-002034,Application Reopened,2023-09-14T00:41:00Z,wf_task_history,WF-0000026291,USR-041,"[""PF-PERMITAPPLICATION-002034"",""PF-AGENCY-000034""]"
PF-PERMITAPPLICATION-001920,Completeness Rejected,2023-09-14T01:00:00Z,wf_external_task,WF-0000026302,USR-016,"[""PF-PERMITAPPLICATION-001920"",""PF-OBJECTION-000420""]"
PF-PERMITAPPLICATION-001920,Application Reopened,2023-09-14T01:52:00Z,wf_task_history,WF-0000026303,USR-008,"[""PF-PERMITAPPLICATION-001920"",""PF-AGENCY-000420"",""PF-CONDITION-000420""]"
PF-PERMITAPPLICATION-001920,Inspection Failed,2023-09-14T02:14:00Z,wf_message_delivery,WF-0000026304,USR-054,"[""PF-PERMITAPPLICATION-001920"",""PF-DOCUMENT-000420""]"
PF-PERMITAPPLICATION-001920,Reinspection Requested,2023-09-14T02:51:00Z,wf_form_submission,WF-0000026305,USR-055,"[""PF-PERMITAPPLICATION-001920"",""PF-REVIEW-000420"",""PF-VIOLATION-000420""]"
PF-PERMITAPPLICATION-002036,Application Reopened,2023-09-14T06:43:00Z,wf_task_history,WF-0000026322,USR-075,"[""PF-PERMITAPPLICATION-002036"",""PF-AGENCY-000036""]"
PF-PERMITAPPLICATION-001946,Inspection Failed,2023-09-14T12:37:00Z,wf_message_delivery,WF-0000026352,USR-115,"[""PF-PERMITAPPLICATION-001946"",""PF-DOCUMENT-000446"",""PF-INSPECTION-000446""]"
PF-PERMITAPPLICATION-002038,Application Reopened,2023-09-14T12:45:00Z,wf_task_history,WF-0000026345,USR-109,"[""PF-PERMITAPPLICATION-002038"",""PF-AGENCY-000038"",""PF-CONDITION-000038""]"
PF-PERMITAPPLICATION-001925,Completeness Rejected,2023-09-14T16:00:00Z,wf_external_task,WF-0000026365,USR-101,"[""PF-PERMITAPPLICATION-001925"",""PF-OBJECTION-000425"",""PF-REVIEW-000425""]"
PF-PERMITAPPLICATION-001925,Application Reopened,2023-09-14T16:52:00Z,wf_task_history,WF-0000026366,USR-093,"[""PF-PERMITAPPLICATION-001925"",""PF-AGENCY-000425""]"
PF-PERMITAPPLICATION-001925,Inspection Failed,2023-09-14T17:14:00Z,wf_message_delivery,WF-0000026367,USR-012,"[""PF-PERMITAPPLICATION-001925"",""PF-DOCUMENT-000425"",""PF-INSPECTION-000425""]"
PF-PERMITAPPLICATION-001925,Reinspection Requested,2023-09-14T17:51:00Z,wf_form_submission,WF-0000026368,USR-013,"[""PF-PERMITAPPLICATION-001925"",""PF-REVIEW-000425""]"
PF-PERMITAPPLICATION-002040,Application Reopened,2023-09-14T18:47:00Z,wf_task_history,WF-0000026373,USR-016,"[""PF-PERMITAPPLICATION-002040"",""PF-AGENCY-000040""]"
PF-PERMITAPPLICATION-002042,Application Reopened,2023-09-15T00:49:00Z,wf_task_history,WF-0000026394,USR-050,"[""PF-PERMITAPPLICATION-002042"",""PF-AGENCY-000042"",""PF-CONDITION-000042""]"
PF-PERMITAPPLICATION-002028,Completeness Rejected,2023-09-15T06:28:00Z,wf_external_task,WF-0000026417,USR-074,"[""PF-PERMITAPPLICATION-002028"",""PF-OBJECTION-000028""]"
PF-PERMITAPPLICATION-002044,Application Reopened,2023-09-15T06:51:00Z,wf_task_history,WF-0000026420,USR-084,"[""PF-PERMITAPPLICATION-002044"",""PF-AGENCY-000044""]"
PF-PERMITAPPLICATION-001930,Completeness Rejected,2023-09-15T07:00:00Z,wf_external_task,WF-0000026427,USR-059,"[""PF-PERMITAPPLICATION-001930"",""PF-OBJECTION-000430"",""PF-REVIEW-000430""]"
PF-PERMITAPPLICATION-001930,Application Reopened,2023-09-15T07:52:00Z,wf_task_history,WF-0000026428,USR-051,"[""PF-PERMITAPPLICATION-001930"",""PF-AGENCY-000430""]"
PF-PERMITAPPLICATION-001930,Inspection Failed,2023-09-15T08:14:00Z,wf_message_delivery,WF-0000026429,USR-097,"[""PF-PERMITAPPLICATION-001930"",""PF-DOCUMENT-000430"",""PF-INSPECTION-000430""]"
PF-PERMITAPPLICATION-001930,Reinspection Requested,2023-09-15T08:51:00Z,wf_form_submission,WF-0000026430,USR-098,"[""PF-PERMITAPPLICATION-001930"",""PF-REVIEW-000430""]"
PF-PERMITAPPLICATION-002046,Application Reopened,2023-09-15T12:53:00Z,wf_task_history,WF-0000026454,USR-118,"[""PF-PERMITAPPLICATION-002046"",""PF-AGENCY-000046""]"
PF-PERMITAPPLICATION-002048,Application Reopened,2023-09-15T18:55:00Z,wf_task_history,WF-0000026475,USR-025,"[""PF-PERMITAPPLICATION-002048"",""PF-AGENCY-000048""]"
PF-PERMITAPPLICATION-001935,Completeness Rejected,2023-09-15T22:00:00Z,wf_external_task,WF-0000026495,USR-017,"[""PF-PERMITAPPLICATION-001935"",""PF-OBJECTION-000435"",""PF-REVIEW-000435""]"
PF-PERMITAPPLICATION-001935,Application Reopened,2023-09-15T22:52:00Z,wf_task_history,WF-0000026496,USR-009,"[""PF-PERMITAPPLICATION-001935"",""PF-AGENCY-000435""]"
PF-PERMITAPPLICATION-001935,Inspection Failed,2023-09-15T23:14:00Z,wf_message_delivery,WF-0000026497,USR-055,"[""PF-PERMITAPPLICATION-001935"",""PF-DOCUMENT-000435"",""PF-INSPECTION-000435""]"
PF-PERMITAPPLICATION-001935,Reinspection Requested,2023-09-15T23:51:00Z,wf_form_submission,WF-0000026498,USR-056,"[""PF-PERMITAPPLICATION-001935"",""PF-REVIEW-000435""]"
PF-PERMITAPPLICATION-001956,Reinspection Requested,2023-09-16T00:48:00Z,wf_form_submission,WF-0000026510,USR-032,"[""PF-PERMITAPPLICATION-001956"",""PF-REVIEW-000456""]"
PF-PERMITAPPLICATION-002050,Application Reopened,2023-09-16T00:57:00Z,wf_task_history,WF-0000026504,USR-059,"[""PF-PERMITAPPLICATION-002050"",""PF-AGENCY-000050"",""PF-CONDITION-000050""]"
PF-PERMITAPPLICATION-002052,Application Reopened,2023-09-16T06:59:00Z,wf_task_history,WF-0000026527,USR-093,"[""PF-PERMITAPPLICATION-002052"",""PF-AGENCY-000052"",""PF-CONDITION-000052""]"
PF-PERMITAPPLICATION-001940,Completeness Rejected,2023-09-16T13:00:00Z,wf_external_task,WF-0000026558,USR-102,"[""PF-PERMITAPPLICATION-001940"",""PF-OBJECTION-000440""]"
PF-PERMITAPPLICATION-002054,Application Reopened,2023-09-16T13:01:00Z,wf_task_history,WF-0000026551,USR-127,"[""PF-PERMITAPPLICATION-002054"",""PF-AGENCY-000054"",""PF-CONDITION-000054""]"
PF-PERMITAPPLICATION-001940,Application Reopened,2023-09-16T13:52:00Z,wf_task_history,WF-0000026559,USR-094,"[""PF-PERMITAPPLICATION-001940"",""PF-AGENCY-000440"",""PF-CONDITION-000440""]"
PF-PERMITAPPLICATION-001940,Inspection Failed,2023-09-16T14:14:00Z,wf_message_delivery,WF-0000026560,USR-013,"[""PF-PERMITAPPLICATION-001940"",""PF-DOCUMENT-000440""]"
PF-PERMITAPPLICATION-001940,Reinspection Requested,2023-09-16T14:51:00Z,wf_form_submission,WF-0000026561,USR-014,"[""PF-PERMITAPPLICATION-001940"",""PF-REVIEW-000440""]"
PF-PERMITAPPLICATION-002056,Application Reopened,2023-09-16T19:03:00Z,wf_task_history,WF-0000026584,USR-034,"[""PF-PERMITAPPLICATION-002056"",""PF-AGENCY-000056"",""PF-CONDITION-000056""]"
PF-PERMITAPPLICATION-001965,Inspection Failed,2023-09-16T21:03:00Z,wf_message_delivery,WF-0000026594,USR-057,"[""PF-PERMITAPPLICATION-001965"",""PF-DOCUMENT-000465""]"
PF-PERMITAPPLICATION-002041,Completeness Rejected,2023-09-16T21:41:00Z,wf_external_task,WF-0000026598,USR-041,"[""PF-PERMITAPPLICATION-002041"",""PF-OBJECTION-000041""]"
PF-PERMITAPPLICATION-002058,Application Reopened,2023-09-17T01:05:00Z,wf_task_history,WF-0000026612,USR-068,"[""PF-PERMITAPPLICATION-002058"",""PF-AGENCY-000058""]"
PF-PERMITAPPLICATION-001945,Completeness Rejected,2023-09-17T04:00:00Z,wf_external_task,WF-0000026627,USR-060,"[""PF-PERMITAPPLICATION-001945"",""PF-OBJECTION-000445""]"
PF-PERMITAPPLICATION-001945,Application Reopened,2023-09-17T04:52:00Z,wf_task_history,WF-0000026628,USR-052,"[""PF-PERMITAPPLICATION-001945"",""PF-AGENCY-000445"",""PF-CONDITION-000445""]"
PF-PERMITAPPLICATION-001945,Inspection Failed,2023-09-17T05:14:00Z,wf_message_delivery,WF-0000026629,USR-098,"[""PF-PERMITAPPLICATION-001945"",""PF-DOCUMENT-000445""]"
PF-PERMITAPPLICATION-001945,Reinspection Requested,2023-09-17T05:51:00Z,wf_form_submission,WF-0000026630,USR-099,"[""PF-PERMITAPPLICATION-001945"",""PF-REVIEW-000445"",""PF-VIOLATION-000445""]"
PF-PERMITAPPLICATION-002060,Application Reopened,2023-09-17T07:07:00Z,wf_task_history,WF-0000026640,USR-102,"[""PF-PERMITAPPLICATION-002060"",""PF-AGENCY-000060"",""PF-CONDITION-000060""]"
PF-PERMITAPPLICATION-002062,Application Reopened,2023-09-17T12:16:00Z,wf_task_history,WF-0000026654,USR-009,"[""PF-PERMITAPPLICATION-002062"",""PF-AGENCY-000062"",""PF-CONDITION-000062""]"
PF-PERMITAPPLICATION-002064,Application Reopened,2023-09-17T18:18:00Z,wf_task_history,WF-0000026678,USR-043,"[""PF-PERMITAPPLICATION-002064"",""PF-AGENCY-000064""]"
PF-PERMITAPPLICATION-001950,Completeness Rejected,2023-09-17T19:00:00Z,wf_external_task,WF-0000026689,USR-018,"[""PF-PERMITAPPLICATION-001950"",""PF-OBJECTION-000450""]"
PF-PERMITAPPLICATION-001950,Application Reopened,2023-09-17T19:52:00Z,wf_task_history,WF-0000026690,USR-010,"[""PF-PERMITAPPLICATION-001950"",""PF-AGENCY-000450""]"
PF-PERMITAPPLICATION-001950,Inspection Failed,2023-09-17T20:14:00Z,wf_message_delivery,WF-0000026691,USR-056,"[""PF-PERMITAPPLICATION-001950"",""PF-DOCUMENT-000450""]"
PF-PERMITAPPLICATION-001950,Reinspection Requested,2023-09-17T20:51:00Z,wf_form_submission,WF-0000026692,USR-057,"[""PF-PERMITAPPLICATION-001950"",""PF-REVIEW-000450"",""PF-VIOLATION-000450""]"
PF-PERMITAPPLICATION-002066,Application Reopened,2023-09-18T00:20:00Z,wf_task_history,WF-0000026708,USR-077,"[""PF-PERMITAPPLICATION-002066"",""PF-AGENCY-000066"",""PF-CONDITION-000066""]"
PF-PERMITAPPLICATION-002068,Application Reopened,2023-09-18T06:22:00Z,wf_task_history,WF-0000026738,USR-111,"[""PF-PERMITAPPLICATION-002068"",""PF-AGENCY-000068""]"
PF-PERMITAPPLICATION-001955,Completeness Rejected,2023-09-18T10:00:00Z,wf_external_task,WF-0000026757,USR-103,"[""PF-PERMITAPPLICATION-001955"",""PF-OBJECTION-000455"",""PF-REVIEW-000455""]"
PF-PERMITAPPLICATION-001955,Application Reopened,2023-09-18T10:52:00Z,wf_task_history,WF-0000026758,USR-095,"[""PF-PERMITAPPLICATION-001955"",""PF-AGENCY-000455""]"
PF-PERMITAPPLICATION-001955,Inspection Failed,2023-09-18T11:14:00Z,wf_message_delivery,WF-0000026759,USR-014,"[""PF-PERMITAPPLICATION-001955"",""PF-DOCUMENT-000455"",""PF-INSPECTION-000455""]"
PF-PERMITAPPLICATION-001955,Reinspection Requested,2023-09-18T11:51:00Z,wf_form_submission,WF-0000026760,USR-015,"[""PF-PERMITAPPLICATION-001955"",""PF-REVIEW-000455""]"
PF-PERMITAPPLICATION-002054,Completeness Rejected,2023-09-18T12:01:00Z,wf_external_task,WF-0000026761,USR-008,"[""PF-PERMITAPPLICATION-002054"",""PF-OBJECTION-000054""]"
PF-PERMITAPPLICATION-002070,Application Reopened,2023-09-18T12:24:00Z,wf_task_history,WF-0000026764,USR-018,"[""PF-PERMITAPPLICATION-002070"",""PF-AGENCY-000070""]"
PF-PERMITAPPLICATION-002072,Application Reopened,2023-09-18T18:26:00Z,wf_task_history,WF-0000026787,USR-052,"[""PF-PERMITAPPLICATION-002072"",""PF-AGENCY-000072"",""PF-CONDITION-000072""]"
PF-PERMITAPPLICATION-001979,Reinspection Requested,2023-09-18T21:18:00Z,wf_form_submission,WF-0000026806,USR-042,"[""PF-PERMITAPPLICATION-001979"",""PF-REVIEW-000479"",""PF-VIOLATION-000479""]"
PF-PERMITAPPLICATION-002074,Application Reopened,2023-09-19T00:28:00Z,wf_task_history,WF-0000026813,USR-086,"[""PF-PERMITAPPLICATION-002074"",""PF-AGENCY-000074"",""PF-CONDITION-000074""]"
PF-PERMITAPPLICATION-001960,Completeness Rejected,2023-09-19T01:00:00Z,wf_external_task,WF-0000026823,USR-061,"[""PF-PERMITAPPLICATION-001960"",""PF-OBJECTION-000460""]"
PF-PERMITAPPLICATION-001960,Application Reopened,2023-09-19T01:52:00Z,wf_task_history,WF-0000026824,USR-053,"[""PF-PERMITAPPLICATION-001960"",""PF-AGENCY-000460"",""PF-CONDITION-000460""]"
PF-PERMITAPPLICATION-001960,Inspection Failed,2023-09-19T02:14:00Z,wf_message_delivery,WF-0000026825,USR-099,"[""PF-PERMITAPPLICATION-001960"",""PF-DOCUMENT-000460""]"
PF-PERMITAPPLICATION-001960,Reinspection Requested,2023-09-19T02:51:00Z,wf_form_submission,WF-0000026826,USR-100,"[""PF-PERMITAPPLICATION-001960"",""PF-REVIEW-000460""]"
PF-PERMITAPPLICATION-001984,Inspection Failed,2023-09-19T06:22:00Z,wf_message_delivery,WF-0000026847,USR-126,"[""PF-PERMITAPPLICATION-001984"",""PF-DOCUMENT-000484""]"
PF-PERMITAPPLICATION-002076,Application Reopened,2023-09-19T06:30:00Z,wf_task_history,WF-0000026840,USR-120,"[""PF-PERMITAPPLICATION-002076"",""PF-AGENCY-000076""]"
PF-PERMITAPPLICATION-002078,Application Reopened,2023-09-19T12:32:00Z,wf_task_history,WF-0000026865,USR-027,"[""PF-PERMITAPPLICATION-002078"",""PF-AGENCY-000078"",""PF-CONDITION-000078""]"
PF-PERMITAPPLICATION-001965,Completeness Rejected,2023-09-19T16:00:00Z,wf_external_task,WF-0000026888,USR-019,"[""PF-PERMITAPPLICATION-001965"",""PF-OBJECTION-000465"",""PF-REVIEW-000465""]"
PF-PERMITAPPLICATION-001965,Application Reopened,2023-09-19T16:52:00Z,wf_task_history,WF-0000026889,USR-011,"[""PF-PERMITAPPLICATION-001965"",""PF-AGENCY-000465""]"
PF-PERMITAPPLICATION-001965,Inspection Failed,2023-09-19T17:14:00Z,wf_message_delivery,WF-0000026890,USR-057,"[""PF-PERMITAPPLICATION-001965"",""PF-DOCUMENT-000465"",""PF-INSPECTION-000465""]"
PF-PERMITAPPLICATION-001965,Reinspection Requested,2023-09-19T17:51:00Z,wf_form_submission,WF-0000026891,USR-058,"[""PF-PERMITAPPLICATION-001965"",""PF-REVIEW-000465""]"
PF-PERMITAPPLICATION-002080,Application Reopened,2023-09-19T18:34:00Z,wf_task_history,WF-0000026894,USR-061,"[""PF-PERMITAPPLICATION-002080"",""PF-AGENCY-000080"",""PF-CONDITION-000080""]"
PF-PERMITAPPLICATION-002082,Application Reopened,2023-09-20T00:36:00Z,wf_task_history,WF-0000026922,USR-095,"[""PF-PERMITAPPLICATION-002082"",""PF-AGENCY-000082"",""PF-CONDITION-000082""]"
PF-PERMITAPPLICATION-002067,Completeness Rejected,2023-09-20T03:14:00Z,wf_external_task,WF-0000026929,USR-102,"[""PF-PERMITAPPLICATION-002067"",""PF-OBJECTION-000067""]"
PF-PERMITAPPLICATION-002084,Application Reopened,2023-09-20T06:38:00Z,wf_task_history,WF-0000026942,USR-002,"[""PF-PERMITAPPLICATION-002084"",""PF-AGENCY-000084"",""PF-CONDITION-000084""]"
PF-PERMITAPPLICATION-001970,Completeness Rejected,2023-09-20T07:00:00Z,wf_external_task,WF-0000026951,USR-104,"[""PF-PERMITAPPLICATION-001970"",""PF-OBJECTION-000470"",""PF-REVIEW-000470""]"
PF-PERMITAPPLICATION-001970,Application Reopened,2023-09-20T07:52:00Z,wf_task_history,WF-0000026952,USR-096,"[""PF-PERMITAPPLICATION-001970"",""PF-AGENCY-000470""]"
PF-PERMITAPPLICATION-001970,Inspection Failed,2023-09-20T08:14:00Z,wf_message_delivery,WF-0000026953,USR-015,"[""PF-PERMITAPPLICATION-001970"",""PF-DOCUMENT-000470"",""PF-INSPECTION-000470""]"
PF-PERMITAPPLICATION-001970,Reinspection Requested,2023-09-20T08:51:00Z,wf_form_submission,WF-0000026954,USR-016,"[""PF-PERMITAPPLICATION-001970"",""PF-REVIEW-000470""]"
PF-PERMITAPPLICATION-002086,Application Reopened,2023-09-20T12:40:00Z,wf_task_history,WF-0000026968,USR-036,"[""PF-PERMITAPPLICATION-002086"",""PF-AGENCY-000086"",""PF-CONDITION-000086""]"
PF-PERMITAPPLICATION-002088,Application Reopened,2023-09-20T18:42:00Z,wf_task_history,WF-0000026996,USR-070,"[""PF-PERMITAPPLICATION-002088"",""PF-AGENCY-000088"",""PF-CONDITION-000088""]"
PF-PERMITAPPLICATION-001975,Completeness Rejected,2023-09-20T22:00:00Z,wf_external_task,WF-0000027020,USR-062,"[""PF-PERMITAPPLICATION-001975"",""PF-OBJECTION-000475""]"
PF-PERMITAPPLICATION-001975,Application Reopened,2023-09-20T22:52:00Z,wf_task_history,WF-0000027021,USR-054,"[""PF-PERMITAPPLICATION-001975"",""PF-AGENCY-000475"",""PF-CONDITION-000475""]"
PF-PERMITAPPLICATION-001975,Inspection Failed,2023-09-20T23:14:00Z,wf_message_delivery,WF-0000027022,USR-100,"[""PF-PERMITAPPLICATION-001975"",""PF-DOCUMENT-000475""]"
PF-PERMITAPPLICATION-001975,Reinspection Requested,2023-09-20T23:51:00Z,wf_form_submission,WF-0000027023,USR-101,"[""PF-PERMITAPPLICATION-001975"",""PF-REVIEW-000475"",""PF-VIOLATION-000475""]"
PF-PERMITAPPLICATION-002090,Application Reopened,2023-09-21T00:44:00Z,wf_task_history,WF-0000027027,USR-104,"[""PF-PERMITAPPLICATION-002090"",""PF-AGENCY-000090"",""PF-CONDITION-000090""]"
PF-PERMITAPPLICATION-002092,Application Reopened,2023-09-21T06:46:00Z,wf_task_history,WF-0000027051,USR-011,"[""PF-PERMITAPPLICATION-002092"",""PF-AGENCY-000092"",""PF-CONDITION-000092""]"
PF-PERMITAPPLICATION-002094,Application Reopened,2023-09-21T12:48:00Z,wf_task_history,WF-0000027075,USR-045,"[""PF-PERMITAPPLICATION-002094"",""PF-AGENCY-000094""]"
PF-PERMITAPPLICATION-001980,Completeness Rejected,2023-09-21T13:00:00Z,wf_external_task,WF-0000027082,USR-020,"[""PF-PERMITAPPLICATION-001980"",""PF-OBJECTION-000480""]"
PF-PERMITAPPLICATION-001980,Application Reopened,2023-09-21T13:52:00Z,wf_task_history,WF-0000027083,USR-012,"[""PF-PERMITAPPLICATION-001980"",""PF-AGENCY-000480""]"
PF-PERMITAPPLICATION-001980,Inspection Failed,2023-09-21T14:14:00Z,wf_message_delivery,WF-0000027084,USR-058,"[""PF-PERMITAPPLICATION-001980"",""PF-DOCUMENT-000480""]"
PF-PERMITAPPLICATION-001980,Reinspection Requested,2023-09-21T14:51:00Z,wf_form_submission,WF-0000027085,USR-059,"[""PF-PERMITAPPLICATION-001980"",""PF-REVIEW-000480"",""PF-VIOLATION-000480""]"
PF-PERMITAPPLICATION-002003,Inspection Failed,2023-09-21T15:41:00Z,wf_message_delivery,WF-0000027097,USR-068,"[""PF-PERMITAPPLICATION-002003"",""PF-DOCUMENT-000003""]"
PF-PERMITAPPLICATION-002080,Completeness Rejected,2023-09-21T18:27:00Z,wf_external_task,WF-0000027098,USR-069,"[""PF-PERMITAPPLICATION-002080"",""PF-OBJECTION-000080"",""PF-REVIEW-000080""]"
PF-PERMITAPPLICATION-002002,Reinspection Requested,2023-09-21T18:41:00Z,wf_form_submission,WF-0000027108,USR-052,"[""PF-PERMITAPPLICATION-002002"",""PF-REVIEW-000002"",""PF-VIOLATION-000002""]"
PF-PERMITAPPLICATION-002096,Application Reopened,2023-09-21T18:50:00Z,wf_task_history,WF-0000027102,USR-079,"[""PF-PERMITAPPLICATION-002096"",""PF-AGENCY-000096""]"
PF-PERMITAPPLICATION-002098,Application Reopened,2023-09-22T00:52:00Z,wf_task_history,WF-0000027125,USR-113,"[""PF-PERMITAPPLICATION-002098"",""PF-AGENCY-000098""]"
PF-PERMITAPPLICATION-001985,Completeness Rejected,2023-09-22T04:00:00Z,wf_external_task,WF-0000027147,USR-105,"[""PF-PERMITAPPLICATION-001985"",""PF-OBJECTION-000485"",""PF-REVIEW-000485""]"
PF-PERMITAPPLICATION-001985,Application Reopened,2023-09-22T04:52:00Z,wf_task_history,WF-0000027148,USR-097,"[""PF-PERMITAPPLICATION-001985"",""PF-AGENCY-000485""]"
PF-PERMITAPPLICATION-001985,Inspection Failed,2023-09-22T05:14:00Z,wf_message_delivery,WF-0000027149,USR-016,"[""PF-PERMITAPPLICATION-001985"",""PF-DOCUMENT-000485"",""PF-INSPECTION-000485""]"
PF-PERMITAPPLICATION-001985,Reinspection Requested,2023-09-22T05:51:00Z,wf_form_submission,WF-0000027150,USR-017,"[""PF-PERMITAPPLICATION-001985"",""PF-REVIEW-000485""]"
PF-PERMITAPPLICATION-002100,Application Reopened,2023-09-22T06:54:00Z,wf_task_history,WF-0000027158,USR-020,"[""PF-PERMITAPPLICATION-002100"",""PF-AGENCY-000100""]"
PF-PERMITAPPLICATION-002102,Application Reopened,2023-09-22T12:56:00Z,wf_task_history,WF-0000027183,USR-054,"[""PF-PERMITAPPLICATION-002102"",""PF-AGENCY-000102"",""PF-CONDITION-000102""]"
PF-PERMITAPPLICATION-002104,Application Reopened,2023-09-22T18:58:00Z,wf_task_history,WF-0000027208,USR-088,"[""PF-PERMITAPPLICATION-002104"",""PF-AGENCY-000104""]"
PF-PERMITAPPLICATION-001990,Completeness Rejected,2023-09-22T19:00:00Z,wf_external_task,WF-0000027215,USR-063,"[""PF-PERMITAPPLICATION-001990"",""PF-OBJECTION-000490""]"
PF-PERMITAPPLICATION-001990,Application Reopened,2023-09-22T19:52:00Z,wf_task_history,WF-0000027216,USR-055,"[""PF-PERMITAPPLICATION-001990"",""PF-AGENCY-000490"",""PF-CONDITION-000490""]"
PF-PERMITAPPLICATION-001990,Inspection Failed,2023-09-22T20:14:00Z,wf_message_delivery,WF-0000027217,USR-101,"[""PF-PERMITAPPLICATION-001990"",""PF-DOCUMENT-000490""]"
PF-PERMITAPPLICATION-001990,Reinspection Requested,2023-09-22T20:51:00Z,wf_form_submission,WF-0000027218,USR-102,"[""PF-PERMITAPPLICATION-001990"",""PF-REVIEW-000490"",""PF-VIOLATION-000490""]"
PF-PERMITAPPLICATION-002106,Application Reopened,2023-09-23T01:00:00Z,wf_task_history,WF-0000027233,USR-122,"[""PF-PERMITAPPLICATION-002106"",""PF-AGENCY-000106"",""PF-CONDITION-000106""]"
PF-PERMITAPPLICATION-002108,Application Reopened,2023-09-23T07:02:00Z,wf_task_history,WF-0000027257,USR-029,"[""PF-PERMITAPPLICATION-002108"",""PF-AGENCY-000108"",""PF-CONDITION-000108""]"
PF-PERMITAPPLICATION-002093,Completeness Rejected,2023-09-23T09:40:00Z,wf_external_task,WF-0000027266,USR-036,"[""PF-PERMITAPPLICATION-002093"",""PF-OBJECTION-000093""]"
PF-PERMITAPPLICATION-001995,Completeness Rejected,2023-09-23T10:00:00Z,wf_external_task,WF-0000027274,USR-021,"[""PF-PERMITAPPLICATION-001995"",""PF-OBJECTION-000495""]"
PF-PERMITAPPLICATION-001995,Application Reopened,2023-09-23T10:52:00Z,wf_task_history,WF-0000027275,USR-013,"[""PF-PERMITAPPLICATION-001995"",""PF-AGENCY-000495""]"
PF-PERMITAPPLICATION-001995,Inspection Failed,2023-09-23T11:14:00Z,wf_message_delivery,WF-0000027276,USR-059,"[""PF-PERMITAPPLICATION-001995"",""PF-DOCUMENT-000495""]"
PF-PERMITAPPLICATION-001995,Reinspection Requested,2023-09-23T11:51:00Z,wf_form_submission,WF-0000027277,USR-060,"[""PF-PERMITAPPLICATION-001995"",""PF-REVIEW-000495"",""PF-VIOLATION-000495""]"
PF-PERMITAPPLICATION-002110,Application Reopened,2023-09-23T13:04:00Z,wf_task_history,WF-0000027288,USR-063,"[""PF-PERMITAPPLICATION-002110"",""PF-AGENCY-000110"",""PF-CONDITION-000110""]"
PF-PERMITAPPLICATION-002112,Application Reopened,2023-09-23T19:06:00Z,wf_task_history,WF-0000027321,USR-097,"[""PF-PERMITAPPLICATION-002112"",""PF-AGENCY-000112""]"
PF-PERMITAPPLICATION-002022,Inspection Failed,2023-09-24T00:07:00Z,wf_message_delivery,WF-0000027341,USR-010,"[""PF-PERMITAPPLICATION-002022"",""PF-DOCUMENT-000022"",""PF-INSPECTION-000022""]"
PF-PERMITAPPLICATION-002114,Application Reopened,2023-09-24T00:15:00Z,wf_task_history,WF-0000027334,USR-004,"[""PF-PERMITAPPLICATION-002114"",""PF-AGENCY-000114"",""PF-CONDITION-000114""]"
PF-PERMITAPPLICATION-002000,Completeness Rejected,2023-09-24T01:00:00Z,wf_external_task,WF-0000027346,USR-106,"[""PF-PERMITAPPLICATION-002000"",""PF-OBJECTION-000500"",""PF-REVIEW-000500""]"
PF-PERMITAPPLICATION-002000,Application Reopened,2023-09-24T01:52:00Z,wf_task_history,WF-0000027347,USR-098,"[""PF-PERMITAPPLICATION-002000"",""PF-AGENCY-000500""]"
PF-PERMITAPPLICATION-002000,Inspection Failed,2023-09-24T02:14:00Z,wf_message_delivery,WF-0000027348,USR-017,"[""PF-PERMITAPPLICATION-002000"",""PF-DOCUMENT-000500"",""PF-INSPECTION-000500""]"
PF-PERMITAPPLICATION-002000,Reinspection Requested,2023-09-24T02:51:00Z,wf_form_submission,WF-0000027349,USR-018,"[""PF-PERMITAPPLICATION-002000"",""PF-REVIEW-000500""]"
PF-PERMITAPPLICATION-002116,Application Reopened,2023-09-24T06:17:00Z,wf_task_history,WF-0000027363,USR-038,"[""PF-PERMITAPPLICATION-002116"",""PF-AGENCY-000116""]"
PF-PERMITAPPLICATION-002118,Application Reopened,2023-09-24T12:19:00Z,wf_task_history,WF-0000027387,USR-072,"[""PF-PERMITAPPLICATION-002118"",""PF-AGENCY-000118""]"
PF-PERMITAPPLICATION-002025,Reinspection Requested,2023-09-24T15:11:00Z,wf_form_submission,WF-0000027405,USR-062,"[""PF-PERMITAPPLICATION-002025"",""PF-REVIEW-000025"",""PF-VIOLATION-000025""]"
PF-PERMITAPPLICATION-002005,Completeness Rejected,2023-09-24T16:00:00Z,wf_external_task,WF-0000027408,USR-064,"[""PF-PERMITAPPLICATION-002005"",""PF-OBJECTION-000005""]"
PF-PERMITAPPLICATION-002005,Application Reopened,2023-09-24T16:52:00Z,wf_task_history,WF-0000027409,USR-056,"[""PF-PERMITAPPLICATION-002005"",""PF-AGENCY-000005"",""PF-CONDITION-000005""]"
PF-PERMITAPPLICATION-002005,Inspection Failed,2023-09-24T17:14:00Z,wf_message_delivery,WF-0000027410,USR-102,"[""PF-PERMITAPPLICATION-002005"",""PF-DOCUMENT-000005""]"
PF-PERMITAPPLICATION-002005,Reinspection Requested,2023-09-24T17:51:00Z,wf_form_submission,WF-0000027411,USR-103,"[""PF-PERMITAPPLICATION-002005"",""PF-REVIEW-000005""]"
PF-PERMITAPPLICATION-002120,Application Reopened,2023-09-24T18:21:00Z,wf_task_history,WF-0000027414,USR-106,"[""PF-PERMITAPPLICATION-002120"",""PF-AGENCY-000120""]"
PF-PERMITAPPLICATION-002106,Completeness Rejected,2023-09-25T00:00:00Z,wf_external_task,WF-0000027435,USR-003,"[""PF-PERMITAPPLICATION-002106"",""PF-OBJECTION-000106""]"
PF-PERMITAPPLICATION-002122,Application Reopened,2023-09-25T00:23:00Z,wf_task_history,WF-0000027439,USR-013,"[""PF-PERMITAPPLICATION-002122"",""PF-AGENCY-000122""]"
PF-PERMITAPPLICATION-002124,Application Reopened,2023-09-25T06:25:00Z,wf_task_history,WF-0000027468,USR-047,"[""PF-PERMITAPPLICATION-002124"",""PF-AGENCY-000124""]"
PF-PERMITAPPLICATION-002010,Completeness Rejected,2023-09-25T07:00:00Z,wf_external_task,WF-0000027478,USR-022,"[""PF-PERMITAPPLICATION-002010"",""PF-OBJECTION-000010""]"
PF-PERMITAPPLICATION-002010,Application Reopened,2023-09-25T07:52:00Z,wf_task_history,WF-0000027479,USR-014,"[""PF-PERMITAPPLICATION-002010"",""PF-AGENCY-000010""]"
PF-PERMITAPPLICATION-002010,Inspection Failed,2023-09-25T08:14:00Z,wf_message_delivery,WF-0000027480,USR-060,"[""PF-PERMITAPPLICATION-002010"",""PF-DOCUMENT-000010""]"
PF-PERMITAPPLICATION-002010,Reinspection Requested,2023-09-25T08:51:00Z,wf_form_submission,WF-0000027481,USR-061,"[""PF-PERMITAPPLICATION-002010"",""PF-REVIEW-000010"",""PF-VIOLATION-000010""]"
PF-PERMITAPPLICATION-002126,Application Reopened,2023-09-25T12:27:00Z,wf_task_history,WF-0000027493,USR-081,"[""PF-PERMITAPPLICATION-002126"",""PF-AGENCY-000126""]"
PF-PERMITAPPLICATION-002128,Application Reopened,2023-09-25T18:29:00Z,wf_task_history,WF-0000027518,USR-115,"[""PF-PERMITAPPLICATION-002128"",""PF-AGENCY-000128""]"
PF-PERMITAPPLICATION-002015,Completeness Rejected,2023-09-25T22:00:00Z,wf_external_task,WF-0000027539,USR-107,"[""PF-PERMITAPPLICATION-002015"",""PF-OBJECTION-000015""]"
PF-PERMITAPPLICATION-002015,Application Reopened,2023-09-25T22:52:00Z,wf_task_history,WF-0000027540,USR-099,"[""PF-PERMITAPPLICATION-002015"",""PF-AGENCY-000015""]"
PF-PERMITAPPLICATION-002015,Inspection Failed,2023-09-25T23:14:00Z,wf_message_delivery,WF-0000027541,USR-018,"[""PF-PERMITAPPLICATION-002015"",""PF-DOCUMENT-000015""]"
PF-PERMITAPPLICATION-002015,Reinspection Requested,2023-09-25T23:51:00Z,wf_form_submission,WF-0000027542,USR-019,"[""PF-PERMITAPPLICATION-002015"",""PF-REVIEW-000015"",""PF-VIOLATION-000015""]"
PF-PERMITAPPLICATION-002130,Application Reopened,2023-09-26T00:31:00Z,wf_task_history,WF-0000027547,USR-022,"[""PF-PERMITAPPLICATION-002130"",""PF-AGENCY-000130""]"
PF-PERMITAPPLICATION-002132,Application Reopened,2023-09-26T06:33:00Z,wf_task_history,WF-0000027567,USR-056,"[""PF-PERMITAPPLICATION-002132"",""PF-AGENCY-000132"",""PF-CONDITION-000132""]"
PF-PERMITAPPLICATION-002041,Inspection Failed,2023-09-26T09:26:00Z,wf_message_delivery,WF-0000027590,USR-079,"[""PF-PERMITAPPLICATION-002041"",""PF-DOCUMENT-000041""]"
PF-PERMITAPPLICATION-002134,Application Reopened,2023-09-26T12:35:00Z,wf_task_history,WF-0000027598,USR-090,"[""PF-PERMITAPPLICATION-002134"",""PF-AGENCY-000134""]"
PF-PERMITAPPLICATION-002020,Completeness Rejected,2023-09-26T13:00:00Z,wf_external_task,WF-0000027606,USR-065,"[""PF-PERMITAPPLICATION-002020"",""PF-OBJECTION-000020"",""PF-REVIEW-000020""]"
PF-PERMITAPPLICATION-002020,Application Reopened,2023-09-26T13:52:00Z,wf_task_history,WF-0000027607,USR-057,"[""PF-PERMITAPPLICATION-002020"",""PF-AGENCY-000020""]"
PF-PERMITAPPLICATION-002020,Inspection Failed,2023-09-26T14:14:00Z,wf_message_delivery,WF-0000027608,USR-103,"[""PF-PERMITAPPLICATION-002020"",""PF-DOCUMENT-000020"",""PF-INSPECTION-000020""]"
PF-PERMITAPPLICATION-002020,Reinspection Requested,2023-09-26T14:51:00Z,wf_form_submission,WF-0000027609,USR-104,"[""PF-PERMITAPPLICATION-002020"",""PF-REVIEW-000020""]"
PF-PERMITAPPLICATION-002119,Completeness Rejected,2023-09-26T15:13:00Z,wf_external_task,WF-0000027612,USR-097,"[""PF-PERMITAPPLICATION-002119"",""PF-OBJECTION-000119""]"
PF-PERMITAPPLICATION-002136,Application Reopened,2023-09-26T18:37:00Z,wf_task_history,WF-0000027628,USR-124,"[""PF-PERMITAPPLICATION-002136"",""PF-AGENCY-000136"",""PF-CONDITION-000136""]"
PF-PERMITAPPLICATION-002138,Application Reopened,2023-09-27T00:39:00Z,wf_task_history,WF-0000027652,USR-031,"[""PF-PERMITAPPLICATION-002138"",""PF-AGENCY-000138""]"
PF-PERMITAPPLICATION-002025,Completeness Rejected,2023-09-27T04:00:00Z,wf_external_task,WF-0000027669,USR-023,"[""PF-PERMITAPPLICATION-002025"",""PF-OBJECTION-000025""]"
PF-PERMITAPPLICATION-002025,Application Reopened,2023-09-27T04:52:00Z,wf_task_history,WF-0000027670,USR-015,"[""PF-PERMITAPPLICATION-002025"",""PF-AGENCY-000025"",""PF-CONDITION-000025""]"
PF-PERMITAPPLICATION-002025,Inspection Failed,2023-09-27T05:14:00Z,wf_message_delivery,WF-0000027671,USR-061,"[""PF-PERMITAPPLICATION-002025"",""PF-DOCUMENT-000025""]"
PF-PERMITAPPLICATION-002025,Reinspection Requested,2023-09-27T05:51:00Z,wf_form_submission,WF-0000027672,USR-062,"[""PF-PERMITAPPLICATION-002025"",""PF-REVIEW-000025"",""PF-VIOLATION-000025""]"
PF-PERMITAPPLICATION-002140,Application Reopened,2023-09-27T06:41:00Z,wf_task_history,WF-0000027677,USR-065,"[""PF-PERMITAPPLICATION-002140"",""PF-AGENCY-000140""]"
PF-PERMITAPPLICATION-002048,Reinspection Requested,2023-09-27T12:34:00Z,wf_form_submission,WF-0000027706,USR-072,"[""PF-PERMITAPPLICATION-002048"",""PF-REVIEW-000048"",""PF-VIOLATION-000048""]"
PF-PERMITAPPLICATION-002142,Application Reopened,2023-09-27T12:43:00Z,wf_task_history,WF-0000027699,USR-099,"[""PF-PERMITAPPLICATION-002142"",""PF-AGENCY-000142""]"
PF-PERMITAPPLICATION-002144,Application Reopened,2023-09-27T18:45:00Z,wf_task_history,WF-0000027727,USR-006,"[""PF-PERMITAPPLICATION-002144"",""PF-AGENCY-000144""]"
PF-PERMITAPPLICATION-002030,Completeness Rejected,2023-09-27T19:00:00Z,wf_external_task,WF-0000027738,USR-108,"[""PF-PERMITAPPLICATION-002030"",""PF-OBJECTION-000030""]"
PF-PERMITAPPLICATION-002030,Application Reopened,2023-09-27T19:52:00Z,wf_task_history,WF-0000027739,USR-100,"[""PF-PERMITAPPLICATION-002030"",""PF-AGENCY-000030"",""PF-CONDITION-000030""]"
PF-PERMITAPPLICATION-002030,Inspection Failed,2023-09-27T20:14:00Z,wf_message_delivery,WF-0000027740,USR-019,"[""PF-PERMITAPPLICATION-002030"",""PF-DOCUMENT-000030""]"
PF-PERMITAPPLICATION-002030,Reinspection Requested,2023-09-27T20:51:00Z,wf_form_submission,WF-0000027741,USR-020,"[""PF-PERMITAPPLICATION-002030"",""PF-REVIEW-000030""]"
PF-PERMITAPPLICATION-002146,Application Reopened,2023-09-28T00:47:00Z,wf_task_history,WF-0000027756,USR-040,"[""PF-PERMITAPPLICATION-002146"",""PF-AGENCY-000146""]"
PF-PERMITAPPLICATION-002132,Completeness Rejected,2023-09-28T06:26:00Z,wf_external_task,WF-0000027778,USR-064,"[""PF-PERMITAPPLICATION-002132"",""PF-OBJECTION-000132"",""PF-REVIEW-000132""]"
PF-PERMITAPPLICATION-002148,Application Reopened,2023-09-28T06:49:00Z,wf_task_history,WF-0000027782,USR-074,"[""PF-PERMITAPPLICATION-002148"",""PF-AGENCY-000148""]"
PF-PERMITAPPLICATION-002035,Completeness Rejected,2023-09-28T10:00:00Z,wf_external_task,WF-0000027804,USR-066,"[""PF-PERMITAPPLICATION-002035"",""PF-OBJECTION-000035"",""PF-REVIEW-000035""]"
PF-PERMITAPPLICATION-002035,Application Reopened,2023-09-28T10:52:00Z,wf_task_history,WF-0000027805,USR-058,"[""PF-PERMITAPPLICATION-002035"",""PF-AGENCY-000035""]"
PF-PERMITAPPLICATION-002035,Inspection Failed,2023-09-28T11:14:00Z,wf_message_delivery,WF-0000027806,USR-104,"[""PF-PERMITAPPLICATION-002035"",""PF-DOCUMENT-000035"",""PF-INSPECTION-000035""]"
PF-PERMITAPPLICATION-002035,Reinspection Requested,2023-09-28T11:51:00Z,wf_form_submission,WF-0000027807,USR-105,"[""PF-PERMITAPPLICATION-002035"",""PF-REVIEW-000035""]"
PF-PERMITAPPLICATION-002150,Application Reopened,2023-09-28T12:51:00Z,wf_task_history,WF-0000027813,USR-108,"[""PF-PERMITAPPLICATION-002150"",""PF-AGENCY-000150"",""PF-CONDITION-000150""]"
PF-PERMITAPPLICATION-002060,Inspection Failed,2023-09-28T18:45:00Z,wf_message_delivery,WF-0000027841,USR-021,"[""PF-PERMITAPPLICATION-002060"",""PF-DOCUMENT-000060"",""PF-INSPECTION-000060""]"
PF-PERMITAPPLICATION-002152,Application Reopened,2023-09-28T18:53:00Z,wf_task_history,WF-0000027834,USR-015,"[""PF-PERMITAPPLICATION-002152"",""PF-AGENCY-000152"",""PF-CONDITION-000152""]"
PF-PERMITAPPLICATION-002154,Application Reopened,2023-09-29T00:55:00Z,wf_task_history,WF-0000027855,USR-049,"[""PF-PERMITAPPLICATION-002154"",""PF-AGENCY-000154""]"
PF-PERMITAPPLICATION-002040,Completeness Rejected,2023-09-29T01:00:00Z,wf_external_task,WF-0000027863,USR-024,"[""PF-PERMITAPPLICATION-002040"",""PF-OBJECTION-000040"",""PF-REVIEW-000040""]"
PF-PERMITAPPLICATION-002040,Application Reopened,2023-09-29T01:52:00Z,wf_task_history,WF-0000027864,USR-016,"[""PF-PERMITAPPLICATION-002040"",""PF-AGENCY-000040""]"
PF-PERMITAPPLICATION-002040,Inspection Failed,2023-09-29T02:14:00Z,wf_message_delivery,WF-0000027865,USR-062,"[""PF-PERMITAPPLICATION-002040"",""PF-DOCUMENT-000040"",""PF-INSPECTION-000040""]"
PF-PERMITAPPLICATION-002040,Reinspection Requested,2023-09-29T02:51:00Z,wf_form_submission,WF-0000027866,USR-063,"[""PF-PERMITAPPLICATION-002040"",""PF-REVIEW-000040""]"
PF-PERMITAPPLICATION-002156,Application Reopened,2023-09-29T06:57:00Z,wf_task_history,WF-0000027891,USR-083,"[""PF-PERMITAPPLICATION-002156"",""PF-AGENCY-000156"",""PF-CONDITION-000156""]"
PF-PERMITAPPLICATION-002158,Application Reopened,2023-09-29T12:59:00Z,wf_task_history,WF-0000027914,USR-117,"[""PF-PERMITAPPLICATION-002158"",""PF-AGENCY-000158""]"
PF-PERMITAPPLICATION-002045,Completeness Rejected,2023-09-29T16:00:00Z,wf_external_task,WF-0000027931,USR-109,"[""PF-PERMITAPPLICATION-002045"",""PF-OBJECTION-000045""]"
PF-PERMITAPPLICATION-002045,Application Reopened,2023-09-29T16:52:00Z,wf_task_history,WF-0000027932,USR-101,"[""PF-PERMITAPPLICATION-002045"",""PF-AGENCY-000045"",""PF-CONDITION-000045""]"
PF-PERMITAPPLICATION-002045,Inspection Failed,2023-09-29T17:14:00Z,wf_message_delivery,WF-0000027933,USR-020,"[""PF-PERMITAPPLICATION-002045"",""PF-DOCUMENT-000045""]"
PF-PERMITAPPLICATION-002045,Reinspection Requested,2023-09-29T17:51:00Z,wf_form_submission,WF-0000027934,USR-021,"[""PF-PERMITAPPLICATION-002045"",""PF-REVIEW-000045""]"
PF-PERMITAPPLICATION-002160,Application Reopened,2023-09-29T19:01:00Z,wf_task_history,WF-0000027941,USR-024,"[""PF-PERMITAPPLICATION-002160"",""PF-AGENCY-000160""]"
PF-PERMITAPPLICATION-002145,Completeness Rejected,2023-09-29T21:39:00Z,wf_external_task,WF-0000027951,USR-031,"[""PF-PERMITAPPLICATION-002145"",""PF-OBJECTION-000145""]"
PF-PERMITAPPLICATION-002162,Application Reopened,2023-09-30T01:03:00Z,wf_task_history,WF-0000027966,USR-058,"[""PF-PERMITAPPLICATION-002162"",""PF-AGENCY-000162""]"
PF-PERMITAPPLICATION-002050,Completeness Rejected,2023-09-30T07:00:00Z,wf_external_task,WF-0000027995,USR-067,"[""PF-PERMITAPPLICATION-002050"",""PF-OBJECTION-000050"",""PF-REVIEW-000050""]"
PF-PERMITAPPLICATION-002164,Application Reopened,2023-09-30T07:05:00Z,wf_task_history,WF-0000027992,USR-092,"[""PF-PERMITAPPLICATION-002164"",""PF-AGENCY-000164""]"
PF-PERMITAPPLICATION-002050,Application Reopened,2023-09-30T07:52:00Z,wf_task_history,WF-0000027996,USR-059,"[""PF-PERMITAPPLICATION-002050"",""PF-AGENCY-000050""]"
PF-PERMITAPPLICATION-002050,Inspection Failed,2023-09-30T08:14:00Z,wf_message_delivery,WF-0000027997,USR-105,"[""PF-PERMITAPPLICATION-002050"",""PF-DOCUMENT-000050"",""PF-INSPECTION-000050""]"
PF-PERMITAPPLICATION-002050,Reinspection Requested,2023-09-30T08:51:00Z,wf_form_submission,WF-0000027998,USR-106,"[""PF-PERMITAPPLICATION-002050"",""PF-REVIEW-000050""]"
PF-PERMITAPPLICATION-002071,Reinspection Requested,2023-09-30T09:04:00Z,wf_form_submission,WF-0000028003,USR-082,"[""PF-PERMITAPPLICATION-002071"",""PF-REVIEW-000071"",""PF-VIOLATION-000071""]"
PF-PERMITAPPLICATION-002166,Application Reopened,2023-09-30T13:07:00Z,wf_task_history,WF-0000028027,USR-126,"[""PF-PERMITAPPLICATION-002166"",""PF-AGENCY-000166""]"
PF-PERMITAPPLICATION-002168,Application Reopened,2023-09-30T18:16:00Z,wf_task_history,WF-0000028039,USR-033,"[""PF-PERMITAPPLICATION-002168"",""PF-AGENCY-000168""]"
PF-PERMITAPPLICATION-002055,Completeness Rejected,2023-09-30T22:00:00Z,wf_external_task,WF-0000028063,USR-025,"[""PF-PERMITAPPLICATION-002055"",""PF-OBJECTION-000055""]"
PF-PERMITAPPLICATION-002055,Application Reopened,2023-09-30T22:52:00Z,wf_task_history,WF-0000028064,USR-017,"[""PF-PERMITAPPLICATION-002055"",""PF-AGENCY-000055""]"
PF-PERMITAPPLICATION-002055,Inspection Failed,2023-09-30T23:14:00Z,wf_message_delivery,WF-0000028065,USR-063,"[""PF-PERMITAPPLICATION-002055"",""PF-DOCUMENT-000055""]"
PF-PERMITAPPLICATION-002055,Reinspection Requested,2023-09-30T23:51:00Z,wf_form_submission,WF-0000028066,USR-064,"[""PF-PERMITAPPLICATION-002055"",""PF-REVIEW-000055"",""PF-VIOLATION-000055""]"
PF-PERMITAPPLICATION-002170,Application Reopened,2023-10-01T00:18:00Z,wf_task_history,WF-0000028068,USR-067,"[""PF-PERMITAPPLICATION-002170"",""PF-AGENCY-000170""]"
PF-PERMITAPPLICATION-002079,Inspection Failed,2023-10-01T03:11:00Z,wf_message_delivery,WF-0000028086,USR-090,"[""PF-PERMITAPPLICATION-002079"",""PF-DOCUMENT-000079""]"
PF-PERMITAPPLICATION-002172,Application Reopened,2023-10-01T06:20:00Z,wf_task_history,WF-0000028092,USR-101,"[""PF-PERMITAPPLICATION-002172"",""PF-AGENCY-000172""]"
PF-PERMITAPPLICATION-002174,Application Reopened,2023-10-01T12:22:00Z,wf_task_history,WF-0000028119,USR-008,"[""PF-PERMITAPPLICATION-002174"",""PF-AGENCY-000174"",""PF-CONDITION-000174""]"
PF-PERMITAPPLICATION-002158,Completeness Rejected,2023-10-01T12:52:00Z,wf_external_task,WF-0000028126,USR-125,"[""PF-PERMITAPPLICATION-002158"",""PF-OBJECTION-000158"",""PF-REVIEW-000158""]"
PF-PERMITAPPLICATION-002060,Completeness Rejected,2023-10-01T13:00:00Z,wf_external_task,WF-0000028127,USR-110,"[""PF-PERMITAPPLICATION-002060"",""PF-OBJECTION-000060""]"
PF-PERMITAPPLICATION-002060,Application Reopened,2023-10-01T13:52:00Z,wf_task_history,WF-0000028128,USR-102,"[""PF-PERMITAPPLICATION-002060"",""PF-AGENCY-000060"",""PF-CONDITION-000060""]"
PF-PERMITAPPLICATION-002060,Inspection Failed,2023-10-01T14:14:00Z,wf_message_delivery,WF-0000028129,USR-021,"[""PF-PERMITAPPLICATION-002060"",""PF-DOCUMENT-000060""]"
PF-PERMITAPPLICATION-002060,Reinspection Requested,2023-10-01T14:51:00Z,wf_form_submission,WF-0000028130,USR-022,"[""PF-PERMITAPPLICATION-002060"",""PF-REVIEW-000060"",""PF-VIOLATION-000060""]"
PF-PERMITAPPLICATION-002176,Application Reopened,2023-10-01T18:24:00Z,wf_task_history,WF-0000028145,USR-042,"[""PF-PERMITAPPLICATION-002176"",""PF-AGENCY-000176""]"
PF-PERMITAPPLICATION-002178,Application Reopened,2023-10-02T00:26:00Z,wf_task_history,WF-0000028172,USR-076,"[""PF-PERMITAPPLICATION-002178"",""PF-AGENCY-000178"",""PF-CONDITION-000178""]"
PF-PERMITAPPLICATION-002065,Completeness Rejected,2023-10-02T04:00:00Z,wf_external_task,WF-0000028196,USR-068,"[""PF-PERMITAPPLICATION-002065"",""PF-OBJECTION-000065""]"
PF-PERMITAPPLICATION-002065,Application Reopened,2023-10-02T04:52:00Z,wf_task_history,WF-0000028197,USR-060,"[""PF-PERMITAPPLICATION-002065"",""PF-AGENCY-000065"",""PF-CONDITION-000065""]"
PF-PERMITAPPLICATION-002065,Inspection Failed,2023-10-02T05:14:00Z,wf_message_delivery,WF-0000028198,USR-106,"[""PF-PERMITAPPLICATION-002065"",""PF-DOCUMENT-000065""]"
PF-PERMITAPPLICATION-002065,Reinspection Requested,2023-10-02T05:51:00Z,wf_form_submission,WF-0000028199,USR-107,"[""PF-PERMITAPPLICATION-002065"",""PF-REVIEW-000065"",""PF-VIOLATION-000065""]"
PF-PERMITAPPLICATION-002180,Application Reopened,2023-10-02T06:28:00Z,wf_task_history,WF-0000028203,USR-110,"[""PF-PERMITAPPLICATION-002180"",""PF-AGENCY-000180"",""PF-CONDITION-000180""]"
PF-PERMITAPPLICATION-002182,Application Reopened,2023-10-02T12:30:00Z,wf_task_history,WF-0000028224,USR-017,"[""PF-PERMITAPPLICATION-002182"",""PF-AGENCY-000182""]"
PF-PERMITAPPLICATION-002184,Application Reopened,2023-10-02T18:32:00Z,wf_task_history,WF-0000028246,USR-051,"[""PF-PERMITAPPLICATION-002184"",""PF-AGENCY-000184""]"
PF-PERMITAPPLICATION-002070,Completeness Rejected,2023-10-02T19:00:00Z,wf_external_task,WF-0000028256,USR-026,"[""PF-PERMITAPPLICATION-002070"",""PF-OBJECTION-000070"",""PF-REVIEW-000070""]"
PF-PERMITAPPLICATION-002070,Application Reopened,2023-10-02T19:52:00Z,wf_task_history,WF-0000028257,USR-018,"[""PF-PERMITAPPLICATION-002070"",""PF-AGENCY-000070""]"
PF-PERMITAPPLICATION-002070,Inspection Failed,2023-10-02T20:14:00Z,wf_message_delivery,WF-0000028258,USR-064,"[""PF-PERMITAPPLICATION-002070"",""PF-DOCUMENT-000070"",""PF-INSPECTION-000070""]"
PF-PERMITAPPLICATION-002070,Reinspection Requested,2023-10-02T20:51:00Z,wf_form_submission,WF-0000028259,USR-065,"[""PF-PERMITAPPLICATION-002070"",""PF-REVIEW-000070""]"
PF-PERMITAPPLICATION-002186,Application Reopened,2023-10-03T00:34:00Z,wf_task_history,WF-0000028279,USR-085,"[""PF-PERMITAPPLICATION-002186"",""PF-AGENCY-000186""]"
PF-PERMITAPPLICATION-002171,Completeness Rejected,2023-10-03T03:12:00Z,wf_external_task,WF-0000028288,USR-092,"[""PF-PERMITAPPLICATION-002171"",""PF-OBJECTION-000171""]"
PF-PERMITAPPLICATION-002094,Reinspection Requested,2023-10-03T06:27:00Z,wf_form_submission,WF-0000028310,USR-092,"[""PF-PERMITAPPLICATION-002094"",""PF-REVIEW-000094"",""PF-VIOLATION-000094""]"
PF-PERMITAPPLICATION-002188,Application Reopened,2023-10-03T06:36:00Z,wf_task_history,WF-0000028303,USR-119,"[""PF-PERMITAPPLICATION-002188"",""PF-AGENCY-000188"",""PF-CONDITION-000188""]"
PF-PERMITAPPLICATION-002075,Completeness Rejected,2023-10-03T10:00:00Z,wf_external_task,WF-0000028327,USR-111,"[""PF-PERMITAPPLICATION-002075"",""PF-OBJECTION-000075"",""PF-REVIEW-000075""]"
PF-PERMITAPPLICATION-002075,Application Reopened,2023-10-03T10:52:00Z,wf_task_history,WF-0000028328,USR-103,"[""PF-PERMITAPPLICATION-002075"",""PF-AGENCY-000075""]"
PF-PERMITAPPLICATION-002075,Inspection Failed,2023-10-03T11:14:00Z,wf_message_delivery,WF-0000028329,USR-022,"[""PF-PERMITAPPLICATION-002075"",""PF-DOCUMENT-000075"",""PF-INSPECTION-000075""]"
PF-PERMITAPPLICATION-002075,Reinspection Requested,2023-10-03T11:51:00Z,wf_form_submission,WF-0000028330,USR-023,"[""PF-PERMITAPPLICATION-002075"",""PF-REVIEW-000075""]"
PF-PERMITAPPLICATION-002098,Inspection Failed,2023-10-03T12:30:00Z,wf_message_delivery,WF-0000028340,USR-032,"[""PF-PERMITAPPLICATION-002098"",""PF-DOCUMENT-000098"",""PF-INSPECTION-000098""]"
PF-PERMITAPPLICATION-002190,Application Reopened,2023-10-03T12:38:00Z,wf_task_history,WF-0000028333,USR-026,"[""PF-PERMITAPPLICATION-002190"",""PF-AGENCY-000190""]"
PF-PERMITAPPLICATION-002192,Application Reopened,2023-10-03T18:40:00Z,wf_task_history,WF-0000028358,USR-060,"[""PF-PERMITAPPLICATION-002192"",""PF-AGENCY-000192"",""PF-CONDITION-000192""]"
PF-PERMITAPPLICATION-002194,Application Reopened,2023-10-04T00:42:00Z,wf_task_history,WF-0000028380,USR-094,"[""PF-PERMITAPPLICATION-002194"",""PF-AGENCY-000194"",""PF-CONDITION-000194""]"
PF-PERMITAPPLICATION-002080,Completeness Rejected,2023-10-04T01:00:00Z,wf_external_task,WF-0000028389,USR-069,"[""PF-PERMITAPPLICATION-002080"",""PF-OBJECTION-000080""]"
PF-PERMITAPPLICATION-002080,Application Reopened,2023-10-04T01:52:00Z,wf_task_history,WF-0000028390,USR-061,"[""PF-PERMITAPPLICATION-002080"",""PF-AGENCY-000080""]"
PF-PERMITAPPLICATION-002080,Inspection Failed,2023-10-04T02:14:00Z,wf_message_delivery,WF-0000028391,USR-107,"[""PF-PERMITAPPLICATION-002080"",""PF-DOCUMENT-000080""]"
PF-PERMITAPPLICATION-002080,Reinspection Requested,2023-10-04T02:51:00Z,wf_form_submission,WF-0000028392,USR-108,"[""PF-PERMITAPPLICATION-002080"",""PF-REVIEW-000080"",""PF-VIOLATION-000080""]"
PF-PERMITAPPLICATION-002196,Application Reopened,2023-10-04T06:44:00Z,wf_task_history,WF-0000028406,USR-001,"[""PF-PERMITAPPLICATION-002196"",""PF-AGENCY-000196""]"
PF-PERMITAPPLICATION-002198,Application Reopened,2023-10-04T12:46:00Z,wf_task_history,WF-0000028431,USR-035,"[""PF-PERMITAPPLICATION-002198"",""PF-AGENCY-000198""]"
PF-PERMITAPPLICATION-002085,Completeness Rejected,2023-10-04T16:00:00Z,wf_external_task,WF-0000028457,USR-027,"[""PF-PERMITAPPLICATION-002085"",""PF-OBJECTION-000085""]"
PF-PERMITAPPLICATION-002085,Application Reopened,2023-10-04T16:52:00Z,wf_task_history,WF-0000028458,USR-019,"[""PF-PERMITAPPLICATION-002085"",""PF-AGENCY-000085""]"
PF-PERMITAPPLICATION-002085,Inspection Failed,2023-10-04T17:14:00Z,wf_message_delivery,WF-0000028459,USR-065,"[""PF-PERMITAPPLICATION-002085"",""PF-DOCUMENT-000085""]"
PF-PERMITAPPLICATION-002085,Reinspection Requested,2023-10-04T17:51:00Z,wf_form_submission,WF-0000028460,USR-066,"[""PF-PERMITAPPLICATION-002085"",""PF-REVIEW-000085"",""PF-VIOLATION-000085""]"
PF-PERMITAPPLICATION-002184,Completeness Rejected,2023-10-04T18:25:00Z,wf_external_task,WF-0000028462,USR-059,"[""PF-PERMITAPPLICATION-002184"",""PF-OBJECTION-000184""]"
PF-PERMITAPPLICATION-002200,Application Reopened,2023-10-04T18:48:00Z,wf_task_history,WF-0000028465,USR-069,"[""PF-PERMITAPPLICATION-002200"",""PF-AGENCY-000200"",""PF-CONDITION-000200""]"
PF-PERMITAPPLICATION-002202,Application Reopened,2023-10-05T00:50:00Z,wf_task_history,WF-0000028489,USR-103,"[""PF-PERMITAPPLICATION-002202"",""PF-AGENCY-000202""]"
PF-PERMITAPPLICATION-002204,Application Reopened,2023-10-05T06:52:00Z,wf_task_history,WF-0000028510,USR-010,"[""PF-PERMITAPPLICATION-002204"",""PF-AGENCY-000204""]"
PF-PERMITAPPLICATION-002090,Completeness Rejected,2023-10-05T07:00:00Z,wf_external_task,WF-0000028519,USR-112,"[""PF-PERMITAPPLICATION-002090"",""PF-OBJECTION-000090"",""PF-REVIEW-000090""]"
PF-PERMITAPPLICATION-002090,Application Reopened,2023-10-05T07:52:00Z,wf_task_history,WF-0000028520,USR-104,"[""PF-PERMITAPPLICATION-002090"",""PF-AGENCY-000090""]"
PF-PERMITAPPLICATION-002090,Inspection Failed,2023-10-05T08:14:00Z,wf_message_delivery,WF-0000028521,USR-023,"[""PF-PERMITAPPLICATION-002090"",""PF-DOCUMENT-000090"",""PF-INSPECTION-000090""]"
PF-PERMITAPPLICATION-002090,Reinspection Requested,2023-10-05T08:51:00Z,wf_form_submission,WF-0000028522,USR-024,"[""PF-PERMITAPPLICATION-002090"",""PF-REVIEW-000090""]"
PF-PERMITAPPLICATION-002206,Application Reopened,2023-10-05T12:54:00Z,wf_task_history,WF-0000028540,USR-044,"[""PF-PERMITAPPLICATION-002206"",""PF-AGENCY-000206"",""PF-CONDITION-000206""]"
PF-PERMITAPPLICATION-002208,Application Reopened,2023-10-05T18:56:00Z,wf_task_history,WF-0000028562,USR-078,"[""PF-PERMITAPPLICATION-002208"",""PF-AGENCY-000208"",""PF-CONDITION-000208""]"
PF-PERMITAPPLICATION-002117,Inspection Failed,2023-10-05T21:49:00Z,wf_message_delivery,WF-0000028581,USR-101,"[""PF-PERMITAPPLICATION-002117"",""PF-DOCUMENT-000117"",""PF-INSPECTION-000117""]"
PF-PERMITAPPLICATION-002095,Completeness Rejected,2023-10-05T22:00:00Z,wf_external_task,WF-0000028582,USR-070,"[""PF-PERMITAPPLICATION-002095"",""PF-OBJECTION-000095"",""PF-REVIEW-000095""]"
PF-PERMITAPPLICATION-002095,Application Reopened,2023-10-05T22:52:00Z,wf_task_history,WF-0000028583,USR-062,"[""PF-PERMITAPPLICATION-002095"",""PF-AGENCY-000095""]"
PF-PERMITAPPLICATION-002095,Inspection Failed,2023-10-05T23:14:00Z,wf_message_delivery,WF-0000028584,USR-108,"[""PF-PERMITAPPLICATION-002095"",""PF-DOCUMENT-000095"",""PF-INSPECTION-000095""]"
PF-PERMITAPPLICATION-002095,Reinspection Requested,2023-10-05T23:51:00Z,wf_form_submission,WF-0000028585,USR-109,"[""PF-PERMITAPPLICATION-002095"",""PF-REVIEW-000095""]"
PF-PERMITAPPLICATION-002210,Application Reopened,2023-10-06T00:58:00Z,wf_task_history,WF-0000028596,USR-112,"[""PF-PERMITAPPLICATION-002210"",""PF-AGENCY-000210""]"
PF-PERMITAPPLICATION-002117,Reinspection Requested,2023-10-06T03:50:00Z,wf_form_submission,WF-0000028614,USR-102,"[""PF-PERMITAPPLICATION-002117"",""PF-REVIEW-000117""]"
PF-PERMITAPPLICATION-002212,Application Reopened,2023-10-06T07:00:00Z,wf_task_history,WF-0000028621,USR-019,"[""PF-PERMITAPPLICATION-002212"",""PF-AGENCY-000212""]"
PF-PERMITAPPLICATION-002197,Completeness Rejected,2023-10-06T09:38:00Z,wf_external_task,WF-0000028630,USR-026,"[""PF-PERMITAPPLICATION-002197"",""PF-OBJECTION-000197"",""PF-REVIEW-000197""]"
PF-PERMITAPPLICATION-002100,Completeness Rejected,2023-10-06T13:00:00Z,wf_external_task,WF-0000028651,USR-028,"[""PF-PERMITAPPLICATION-002100"",""PF-OBJECTION-000100""]"
PF-PERMITAPPLICATION-002214,Application Reopened,2023-10-06T13:02:00Z,wf_task_history,WF-0000028645,USR-053,"[""PF-PERMITAPPLICATION-002214"",""PF-AGENCY-000214""]"
PF-PERMITAPPLICATION-002100,Application Reopened,2023-10-06T13:52:00Z,wf_task_history,WF-0000028652,USR-020,"[""PF-PERMITAPPLICATION-002100"",""PF-AGENCY-000100"",""PF-CONDITION-000100""]"
PF-PERMITAPPLICATION-002100,Inspection Failed,2023-10-06T14:14:00Z,wf_message_delivery,WF-0000028653,USR-066,"[""PF-PERMITAPPLICATION-002100"",""PF-DOCUMENT-000100""]"
PF-PERMITAPPLICATION-002100,Reinspection Requested,2023-10-06T14:51:00Z,wf_form_submission,WF-0000028654,USR-067,"[""PF-PERMITAPPLICATION-002100"",""PF-REVIEW-000100""]"
PF-PERMITAPPLICATION-002216,Application Reopened,2023-10-06T19:04:00Z,wf_task_history,WF-0000028674,USR-087,"[""PF-PERMITAPPLICATION-002216"",""PF-AGENCY-000216""]"
PF-PERMITAPPLICATION-002218,Application Reopened,2023-10-07T01:06:00Z,wf_task_history,WF-0000028700,USR-121,"[""PF-PERMITAPPLICATION-002218"",""PF-AGENCY-000218"",""PF-CONDITION-000218""]"
PF-PERMITAPPLICATION-002105,Completeness Rejected,2023-10-07T04:00:00Z,wf_external_task,WF-0000028713,USR-113,"[""PF-PERMITAPPLICATION-002105"",""PF-OBJECTION-000105""]"
PF-PERMITAPPLICATION-002105,Application Reopened,2023-10-07T04:52:00Z,wf_task_history,WF-0000028714,USR-105,"[""PF-PERMITAPPLICATION-002105"",""PF-AGENCY-000105""]"
PF-PERMITAPPLICATION-002105,Inspection Failed,2023-10-07T05:14:00Z,wf_message_delivery,WF-0000028715,USR-024,"[""PF-PERMITAPPLICATION-002105"",""PF-DOCUMENT-000105""]"
PF-PERMITAPPLICATION-002105,Reinspection Requested,2023-10-07T05:51:00Z,wf_form_submission,WF-0000028716,USR-025,"[""PF-PERMITAPPLICATION-002105"",""PF-REVIEW-000105"",""PF-VIOLATION-000105""]"
PF-PERMITAPPLICATION-002220,Application Reopened,2023-10-07T06:15:00Z,wf_task_history,WF-0000028717,USR-028,"[""PF-PERMITAPPLICATION-002220"",""PF-AGENCY-000220"",""PF-CONDITION-000220""]"
PF-PERMITAPPLICATION-002222,Application Reopened,2023-10-07T12:17:00Z,wf_task_history,WF-0000028748,USR-062,"[""PF-PERMITAPPLICATION-002222"",""PF-AGENCY-000222""]"
PF-PERMITAPPLICATION-002224,Application Reopened,2023-10-07T18:19:00Z,wf_task_history,WF-0000028773,USR-096,"[""PF-PERMITAPPLICATION-002224"",""PF-AGENCY-000224"",""PF-CONDITION-000224""]"
PF-PERMITAPPLICATION-002110,Completeness Rejected,2023-10-07T19:00:00Z,wf_external_task,WF-0000028781,USR-071,"[""PF-PERMITAPPLICATION-002110"",""PF-OBJECTION-000110""]"
PF-PERMITAPPLICATION-002110,Application Reopened,2023-10-07T19:52:00Z,wf_task_history,WF-0000028782,USR-063,"[""PF-PERMITAPPLICATION-002110"",""PF-AGENCY-000110""]"
PF-PERMITAPPLICATION-002110,Inspection Failed,2023-10-07T20:14:00Z,wf_message_delivery,WF-0000028783,USR-109,"[""PF-PERMITAPPLICATION-002110"",""PF-DOCUMENT-000110""]"
PF-PERMITAPPLICATION-002110,Reinspection Requested,2023-10-07T20:51:00Z,wf_form_submission,WF-0000028784,USR-110,"[""PF-PERMITAPPLICATION-002110"",""PF-REVIEW-000110"",""PF-VIOLATION-000110""]"
PF-PERMITAPPLICATION-002226,Application Reopened,2023-10-08T00:21:00Z,wf_task_history,WF-0000028800,USR-003,"[""PF-PERMITAPPLICATION-002226"",""PF-AGENCY-000226""]"
PF-PERMITAPPLICATION-002210,Completeness Rejected,2023-10-08T00:51:00Z,wf_external_task,WF-0000028810,USR-120,"[""PF-PERMITAPPLICATION-002210"",""PF-OBJECTION-000210"",""PF-REVIEW-000210""]"
PF-PERMITAPPLICATION-002136,Inspection Failed,2023-10-08T06:15:00Z,wf_message_delivery,WF-0000028831,USR-043,"[""PF-PERMITAPPLICATION-002136"",""PF-DOCUMENT-000136"",""PF-INSPECTION-000136""]"
PF-PERMITAPPLICATION-002228,Application Reopened,2023-10-08T06:23:00Z,wf_task_history,WF-0000028824,USR-037,"[""PF-PERMITAPPLICATION-002228"",""PF-AGENCY-000228"",""PF-CONDITION-000228""]"
PF-PERMITAPPLICATION-002115,Completeness Rejected,2023-10-08T10:00:00Z,wf_external_task,WF-0000028846,USR-029,"[""PF-PERMITAPPLICATION-002115"",""PF-OBJECTION-000115""]"
PF-PERMITAPPLICATION-002115,Application Reopened,2023-10-08T10:52:00Z,wf_task_history,WF-0000028847,USR-021,"[""PF-PERMITAPPLICATION-002115"",""PF-AGENCY-000115"",""PF-CONDITION-000115""]"
PF-PERMITAPPLICATION-002115,Inspection Failed,2023-10-08T11:14:00Z,wf_message_delivery,WF-0000028848,USR-067,"[""PF-PERMITAPPLICATION-002115"",""PF-DOCUMENT-000115""]"
PF-PERMITAPPLICATION-002115,Reinspection Requested,2023-10-08T11:51:00Z,wf_form_submission,WF-0000028849,USR-068,"[""PF-PERMITAPPLICATION-002115"",""PF-REVIEW-000115""]"
PF-PERMITAPPLICATION-002230,Application Reopened,2023-10-08T12:25:00Z,wf_task_history,WF-0000028852,USR-071,"[""PF-PERMITAPPLICATION-002230"",""PF-AGENCY-000230"",""PF-CONDITION-000230""]"
PF-PERMITAPPLICATION-002232,Application Reopened,2023-10-08T18:27:00Z,wf_task_history,WF-0000028874,USR-105,"[""PF-PERMITAPPLICATION-002232"",""PF-AGENCY-000232"",""PF-CONDITION-000232""]"
PF-PERMITAPPLICATION-002140,Reinspection Requested,2023-10-09T00:20:00Z,wf_form_submission,WF-0000028909,USR-112,"[""PF-PERMITAPPLICATION-002140"",""PF-REVIEW-000140"",""PF-VIOLATION-000140""]"
PF-PERMITAPPLICATION-002234,Application Reopened,2023-10-09T00:29:00Z,wf_task_history,WF-0000028903,USR-012,"[""PF-PERMITAPPLICATION-002234"",""PF-AGENCY-000234""]"
PF-PERMITAPPLICATION-002120,Completeness Rejected,2023-10-09T01:00:00Z,wf_external_task,WF-0000028913,USR-114,"[""PF-PERMITAPPLICATION-002120"",""PF-OBJECTION-000120""]"
PF-PERMITAPPLICATION-002120,Application Reopened,2023-10-09T01:52:00Z,wf_task_history,WF-0000028914,USR-106,"[""PF-PERMITAPPLICATION-002120"",""PF-AGENCY-000120"",""PF-CONDITION-000120""]"
PF-PERMITAPPLICATION-002120,Inspection Failed,2023-10-09T02:14:00Z,wf_message_delivery,WF-0000028915,USR-025,"[""PF-PERMITAPPLICATION-002120"",""PF-DOCUMENT-000120""]"
PF-PERMITAPPLICATION-002120,Reinspection Requested,2023-10-09T02:51:00Z,wf_form_submission,WF-0000028916,USR-026,"[""PF-PERMITAPPLICATION-002120"",""PF-REVIEW-000120""]"
PF-PERMITAPPLICATION-002236,Application Reopened,2023-10-09T06:31:00Z,wf_task_history,WF-0000028932,USR-046,"[""PF-PERMITAPPLICATION-002236"",""PF-AGENCY-000236"",""PF-CONDITION-000236""]"
PF-PERMITAPPLICATION-002238,Application Reopened,2023-10-09T12:33:00Z,wf_task_history,WF-0000028955,USR-080,"[""PF-PERMITAPPLICATION-002238"",""PF-AGENCY-000238"",""PF-CONDITION-000238""]"
PF-PERMITAPPLICATION-002223,Completeness Rejected,2023-10-09T15:11:00Z,wf_external_task,WF-0000028964,USR-087,"[""PF-PERMITAPPLICATION-002223"",""PF-OBJECTION-000223""]"
PF-PERMITAPPLICATION-002125,Completeness Rejected,2023-10-09T16:00:00Z,wf_external_task,WF-0000028975,USR-072,"[""PF-PERMITAPPLICATION-002125"",""PF-OBJECTION-000125"",""PF-REVIEW-000125""]"
PF-PERMITAPPLICATION-002125,Application Reopened,2023-10-09T16:52:00Z,wf_task_history,WF-0000028976,USR-064,"[""PF-PERMITAPPLICATION-002125"",""PF-AGENCY-000125""]"
PF-PERMITAPPLICATION-002125,Inspection Failed,2023-10-09T17:14:00Z,wf_message_delivery,WF-0000028977,USR-110,"[""PF-PERMITAPPLICATION-002125"",""PF-DOCUMENT-000125"",""PF-INSPECTION-000125""]"
PF-PERMITAPPLICATION-002125,Reinspection Requested,2023-10-09T17:51:00Z,wf_form_submission,WF-0000028978,USR-111,"[""PF-PERMITAPPLICATION-002125"",""PF-REVIEW-000125""]"
PF-PERMITAPPLICATION-002240,Application Reopened,2023-10-09T18:35:00Z,wf_task_history,WF-0000028983,USR-114,"[""PF-PERMITAPPLICATION-002240"",""PF-AGENCY-000240""]"
PF-PERMITAPPLICATION-002242,Application Reopened,2023-10-10T00:37:00Z,wf_task_history,WF-0000029007,USR-021,"[""PF-PERMITAPPLICATION-002242"",""PF-AGENCY-000242""]"
PF-PERMITAPPLICATION-002244,Application Reopened,2023-10-10T06:39:00Z,wf_task_history,WF-0000029037,USR-055,"[""PF-PERMITAPPLICATION-002244"",""PF-AGENCY-000244"",""PF-CONDITION-000244""]"
PF-PERMITAPPLICATION-002130,Completeness Rejected,2023-10-10T07:00:00Z,wf_external_task,WF-0000029044,USR-030,"[""PF-PERMITAPPLICATION-002130"",""PF-OBJECTION-000130""]"
PF-PERMITAPPLICATION-002130,Application Reopened,2023-10-10T07:52:00Z,wf_task_history,WF-0000029045,USR-022,"[""PF-PERMITAPPLICATION-002130"",""PF-AGENCY-000130"",""PF-CONDITION-000130""]"
PF-PERMITAPPLICATION-002130,Inspection Failed,2023-10-10T08:14:00Z,wf_message_delivery,WF-0000029046,USR-068,"[""PF-PERMITAPPLICATION-002130"",""PF-DOCUMENT-000130""]"
PF-PERMITAPPLICATION-002130,Reinspection Requested,2023-10-10T08:51:00Z,wf_form_submission,WF-0000029047,USR-069,"[""PF-PERMITAPPLICATION-002130"",""PF-REVIEW-000130"",""PF-VIOLATION-000130""]"
PF-PERMITAPPLICATION-002246,Application Reopened,2023-10-10T12:41:00Z,wf_task_history,WF-0000029060,USR-089,"[""PF-PERMITAPPLICATION-002246"",""PF-AGENCY-000246""]"
PF-PERMITAPPLICATION-002155,Inspection Failed,2023-10-10T15:34:00Z,wf_message_delivery,WF-0000029081,USR-112,"[""PF-PERMITAPPLICATION-002155"",""PF-DOCUMENT-000155"",""PF-INSPECTION-000155""]"
PF-PERMITAPPLICATION-002248,Application Reopened,2023-10-10T18:43:00Z,wf_task_history,WF-0000029087,USR-123,"[""PF-PERMITAPPLICATION-002248"",""PF-AGENCY-000248"",""PF-CONDITION-000248""]"
PF-PERMITAPPLICATION-002135,Completeness Rejected,2023-10-10T22:00:00Z,wf_external_task,WF-0000029108,USR-115,"[""PF-PERMITAPPLICATION-002135"",""PF-OBJECTION-000135""]"
PF-PERMITAPPLICATION-002135,Application Reopened,2023-10-10T22:52:00Z,wf_task_history,WF-0000029109,USR-107,"[""PF-PERMITAPPLICATION-002135"",""PF-AGENCY-000135"",""PF-CONDITION-000135""]"
PF-PERMITAPPLICATION-002135,Inspection Failed,2023-10-10T23:14:00Z,wf_message_delivery,WF-0000029110,USR-026,"[""PF-PERMITAPPLICATION-002135"",""PF-DOCUMENT-000135""]"
PF-PERMITAPPLICATION-002135,Reinspection Requested,2023-10-10T23:51:00Z,wf_form_submission,WF-0000029111,USR-027,"[""PF-PERMITAPPLICATION-002135"",""PF-REVIEW-000135"",""PF-VIOLATION-000135""]"
PF-PERMITAPPLICATION-002250,Application Reopened,2023-10-11T00:45:00Z,wf_task_history,WF-0000029116,USR-030,"[""PF-PERMITAPPLICATION-002250"",""PF-AGENCY-000250""]"
PF-PERMITAPPLICATION-002236,Completeness Rejected,2023-10-11T06:24:00Z,wf_external_task,WF-0000029134,USR-054,"[""PF-PERMITAPPLICATION-002236"",""PF-OBJECTION-000236""]"
PF-PERMITAPPLICATION-002252,Application Reopened,2023-10-11T06:47:00Z,wf_task_history,WF-0000029138,USR-064,"[""PF-PERMITAPPLICATION-002252"",""PF-AGENCY-000252"",""PF-CONDITION-000252""]"
PF-PERMITAPPLICATION-002254,Application Reopened,2023-10-11T12:49:00Z,wf_task_history,WF-0000029165,USR-098,"[""PF-PERMITAPPLICATION-002254"",""PF-AGENCY-000254""]"
PF-PERMITAPPLICATION-002140,Completeness Rejected,2023-10-11T13:00:00Z,wf_external_task,WF-0000029175,USR-073,"[""PF-PERMITAPPLICATION-002140"",""PF-OBJECTION-000140""]"
PF-PERMITAPPLICATION-002140,Application Reopened,2023-10-11T13:52:00Z,wf_task_history,WF-0000029176,USR-065,"[""PF-PERMITAPPLICATION-002140"",""PF-AGENCY-000140""]"
PF-PERMITAPPLICATION-002140,Inspection Failed,2023-10-11T14:14:00Z,wf_message_delivery,WF-0000029177,USR-111,"[""PF-PERMITAPPLICATION-002140"",""PF-DOCUMENT-000140""]"
PF-PERMITAPPLICATION-002140,Reinspection Requested,2023-10-11T14:51:00Z,wf_form_submission,WF-0000029178,USR-112,"[""PF-PERMITAPPLICATION-002140"",""PF-REVIEW-000140"",""PF-VIOLATION-000140""]"
PF-PERMITAPPLICATION-002256,Application Reopened,2023-10-11T18:51:00Z,wf_task_history,WF-0000029195,USR-005,"[""PF-PERMITAPPLICATION-002256"",""PF-AGENCY-000256""]"
PF-PERMITAPPLICATION-002163,Reinspection Requested,2023-10-11T21:43:00Z,wf_form_submission,WF-0000029213,USR-122,"[""PF-PERMITAPPLICATION-002163"",""PF-REVIEW-000163""]"
PF-PERMITAPPLICATION-002258,Application Reopened,2023-10-12T00:53:00Z,wf_task_history,WF-0000029217,USR-039,"[""PF-PERMITAPPLICATION-002258"",""PF-AGENCY-000258""]"
PF-PERMITAPPLICATION-002145,Completeness Rejected,2023-10-12T04:00:00Z,wf_external_task,WF-0000029239,USR-031,"[""PF-PERMITAPPLICATION-002145"",""PF-OBJECTION-000145""]"
PF-PERMITAPPLICATION-002145,Application Reopened,2023-10-12T04:52:00Z,wf_task_history,WF-0000029240,USR-023,"[""PF-PERMITAPPLICATION-002145"",""PF-AGENCY-000145"",""PF-CONDITION-000145""]"
PF-PERMITAPPLICATION-002145,Inspection Failed,2023-10-12T05:14:00Z,wf_message_delivery,WF-0000029241,USR-069,"[""PF-PERMITAPPLICATION-002145"",""PF-DOCUMENT-000145""]"
PF-PERMITAPPLICATION-002145,Reinspection Requested,2023-10-12T05:51:00Z,wf_form_submission,WF-0000029242,USR-070,"[""PF-PERMITAPPLICATION-002145"",""PF-REVIEW-000145""]"
PF-PERMITAPPLICATION-002260,Application Reopened,2023-10-12T06:55:00Z,wf_task_history,WF-0000029247,USR-073,"[""PF-PERMITAPPLICATION-002260"",""PF-AGENCY-000260""]"
PF-PERMITAPPLICATION-002262,Application Reopened,2023-10-12T12:57:00Z,wf_task_history,WF-0000029271,USR-107,"[""PF-PERMITAPPLICATION-002262"",""PF-AGENCY-000262""]"
PF-PERMITAPPLICATION-002264,Application Reopened,2023-10-12T18:59:00Z,wf_task_history,WF-0000029295,USR-014,"[""PF-PERMITAPPLICATION-002264"",""PF-AGENCY-000264""]"
PF-PERMITAPPLICATION-002150,Completeness Rejected,2023-10-12T19:00:00Z,wf_external_task,WF-0000029302,USR-116,"[""PF-PERMITAPPLICATION-002150"",""PF-OBJECTION-000150""]"
PF-PERMITAPPLICATION-002150,Application Reopened,2023-10-12T19:52:00Z,wf_task_history,WF-0000029303,USR-108,"[""PF-PERMITAPPLICATION-002150"",""PF-AGENCY-000150"",""PF-CONDITION-000150""]"
PF-PERMITAPPLICATION-002150,Inspection Failed,2023-10-12T20:14:00Z,wf_message_delivery,WF-0000029304,USR-027,"[""PF-PERMITAPPLICATION-002150"",""PF-DOCUMENT-000150""]"
PF-PERMITAPPLICATION-002150,Reinspection Requested,2023-10-12T20:51:00Z,wf_form_submission,WF-0000029305,USR-028,"[""PF-PERMITAPPLICATION-002150"",""PF-REVIEW-000150"",""PF-VIOLATION-000150""]"
PF-PERMITAPPLICATION-002249,Completeness Rejected,2023-10-12T21:37:00Z,wf_external_task,WF-0000029310,USR-021,"[""PF-PERMITAPPLICATION-002249"",""PF-OBJECTION-000249""]"
PF-PERMITAPPLICATION-002174,Inspection Failed,2023-10-13T00:00:00Z,wf_message_delivery,WF-0000029323,USR-054,"[""PF-PERMITAPPLICATION-002174"",""PF-DOCUMENT-000174""]"
PF-PERMITAPPLICATION-002266,Application Reopened,2023-10-13T01:01:00Z,wf_task_history,WF-0000029327,USR-048,"[""PF-PERMITAPPLICATION-002266"",""PF-AGENCY-000266""]"
PF-PERMITAPPLICATION-002268,Application Reopened,2023-10-13T07:03:00Z,wf_task_history,WF-0000029352,USR-082,"[""PF-PERMITAPPLICATION-002268"",""PF-AGENCY-000268"",""PF-CONDITION-000268""]"
PF-PERMITAPPLICATION-002155,Completeness Rejected,2023-10-13T10:00:00Z,wf_external_task,WF-0000029368,USR-074,"[""PF-PERMITAPPLICATION-002155"",""PF-OBJECTION-000155""]"
PF-PERMITAPPLICATION-002155,Application Reopened,2023-10-13T10:52:00Z,wf_task_history,WF-0000029369,USR-066,"[""PF-PERMITAPPLICATION-002155"",""PF-AGENCY-000155""]"
PF-PERMITAPPLICATION-002155,Inspection Failed,2023-10-13T11:14:00Z,wf_message_delivery,WF-0000029370,USR-112,"[""PF-PERMITAPPLICATION-002155"",""PF-DOCUMENT-000155""]"
PF-PERMITAPPLICATION-002155,Reinspection Requested,2023-10-13T11:51:00Z,wf_form_submission,WF-0000029371,USR-113,"[""PF-PERMITAPPLICATION-002155"",""PF-REVIEW-000155"",""PF-VIOLATION-000155""]"
PF-PERMITAPPLICATION-002270,Application Reopened,2023-10-13T13:05:00Z,wf_task_history,WF-0000029381,USR-116,"[""PF-PERMITAPPLICATION-002270"",""PF-AGENCY-000270""]"
PF-PERMITAPPLICATION-002272,Application Reopened,2023-10-13T19:07:00Z,wf_task_history,WF-0000029408,USR-023,"[""PF-PERMITAPPLICATION-002272"",""PF-AGENCY-000272"",""PF-CONDITION-000272""]"
PF-PERMITAPPLICATION-002274,Application Reopened,2023-10-14T00:16:00Z,wf_task_history,WF-0000029420,USR-057,"[""PF-PERMITAPPLICATION-002274"",""PF-AGENCY-000274""]"
PF-PERMITAPPLICATION-002160,Completeness Rejected,2023-10-14T01:00:00Z,wf_external_task,WF-0000029432,USR-032,"[""PF-PERMITAPPLICATION-002160"",""PF-OBJECTION-000160"",""PF-REVIEW-000160""]"
PF-PERMITAPPLICATION-002160,Application Reopened,2023-10-14T01:52:00Z,wf_task_history,WF-0000029433,USR-024,"[""PF-PERMITAPPLICATION-002160"",""PF-AGENCY-000160""]"
PF-PERMITAPPLICATION-002160,Inspection Failed,2023-10-14T02:14:00Z,wf_message_delivery,WF-0000029434,USR-070,"[""PF-PERMITAPPLICATION-002160"",""PF-DOCUMENT-000160"",""PF-INSPECTION-000160""]"
PF-PERMITAPPLICATION-002160,Reinspection Requested,2023-10-14T02:51:00Z,wf_form_submission,WF-0000029435,USR-071,"[""PF-PERMITAPPLICATION-002160"",""PF-REVIEW-000160""]"
PF-PERMITAPPLICATION-002276,Application Reopened,2023-10-14T06:18:00Z,wf_task_history,WF-0000029448,USR-091,"[""PF-PERMITAPPLICATION-002276"",""PF-AGENCY-000276""]"
PF-PERMITAPPLICATION-002278,Application Reopened,2023-10-14T12:20:00Z,wf_task_history,WF-0000029478,USR-125,"[""PF-PERMITAPPLICATION-002278"",""PF-AGENCY-000278"",""PF-CONDITION-000278""]"
PF-PERMITAPPLICATION-002262,Completeness Rejected,2023-10-14T12:50:00Z,wf_external_task,WF-0000029488,USR-115,"[""PF-PERMITAPPLICATION-002262"",""PF-OBJECTION-000262"",""PF-REVIEW-000262""]"
PF-PERMITAPPLICATION-002165,Completeness Rejected,2023-10-14T16:00:00Z,wf_external_task,WF-0000029499,USR-117,"[""PF-PERMITAPPLICATION-002165"",""PF-OBJECTION-000165"",""PF-REVIEW-000165""]"
PF-PERMITAPPLICATION-002165,Application Reopened,2023-10-14T16:52:00Z,wf_task_history,WF-0000029500,USR-109,"[""PF-PERMITAPPLICATION-002165"",""PF-AGENCY-000165""]"
PF-PERMITAPPLICATION-002165,Inspection Failed,2023-10-14T17:14:00Z,wf_message_delivery,WF-0000029501,USR-028,"[""PF-PERMITAPPLICATION-002165"",""PF-DOCUMENT-000165"",""PF-INSPECTION-000165""]"
PF-PERMITAPPLICATION-002165,Reinspection Requested,2023-10-14T17:51:00Z,wf_form_submission,WF-0000029502,USR-029,"[""PF-PERMITAPPLICATION-002165"",""PF-REVIEW-000165""]"
PF-PERMITAPPLICATION-002186,Reinspection Requested,2023-10-14T18:13:00Z,wf_form_submission,WF-0000029512,USR-005,"[""PF-PERMITAPPLICATION-002186"",""PF-REVIEW-000186"",""PF-VIOLATION-000186""]"
PF-PERMITAPPLICATION-002280,Application Reopened,2023-10-14T18:22:00Z,wf_task_history,WF-0000029505,USR-032,"[""PF-PERMITAPPLICATION-002280"",""PF-AGENCY-000280""]"
PF-PERMITAPPLICATION-002282,Application Reopened,2023-10-15T00:24:00Z,wf_task_history,WF-0000029529,USR-066,"[""PF-PERMITAPPLICATION-002282"",""PF-AGENCY-000282""]"
PF-PERMITAPPLICATION-002284,Application Reopened,2023-10-15T06:26:00Z,wf_task_history,WF-0000029553,USR-100,"[""PF-PERMITAPPLICATION-002284"",""PF-AGENCY-000284"",""PF-CONDITION-000284""]"
PF-PERMITAPPLICATION-002170,Completeness Rejected,2023-10-15T07:00:00Z,wf_external_task,WF-0000029564,USR-075,"[""PF-PERMITAPPLICATION-002170"",""PF-OBJECTION-000170""]"
PF-PERMITAPPLICATION-002170,Application Reopened,2023-10-15T07:52:00Z,wf_task_history,WF-0000029565,USR-067,"[""PF-PERMITAPPLICATION-002170"",""PF-AGENCY-000170""]"
PF-PERMITAPPLICATION-002170,Inspection Failed,2023-10-15T08:14:00Z,wf_message_delivery,WF-0000029566,USR-113,"[""PF-PERMITAPPLICATION-002170"",""PF-DOCUMENT-000170""]"
PF-PERMITAPPLICATION-002170,Reinspection Requested,2023-10-15T08:51:00Z,wf_form_submission,WF-0000029567,USR-114,"[""PF-PERMITAPPLICATION-002170"",""PF-REVIEW-000170"",""PF-VIOLATION-000170""]"
PF-PERMITAPPLICATION-002193,Inspection Failed,2023-10-15T09:19:00Z,wf_message_delivery,WF-0000029579,USR-123,"[""PF-PERMITAPPLICATION-002193"",""PF-DOCUMENT-000193"",""PF-INSPECTION-000193""]"
PF-PERMITAPPLICATION-002286,Application Reopened,2023-10-15T12:28:00Z,wf_task_history,WF-0000029584,USR-007,"[""PF-PERMITAPPLICATION-002286"",""PF-AGENCY-000286""]"
PF-PERMITAPPLICATION-002288,Application Reopened,2023-10-15T18:30:00Z,wf_task_history,WF-0000029611,USR-041,"[""PF-PERMITAPPLICATION-002288"",""PF-AGENCY-000288""]"
PF-PERMITAPPLICATION-002175,Completeness Rejected,2023-10-15T22:00:00Z,wf_external_task,WF-0000029632,USR-033,"[""PF-PERMITAPPLICATION-002175"",""PF-OBJECTION-000175"",""PF-REVIEW-000175""]"
PF-PERMITAPPLICATION-002175,Application Reopened,2023-10-15T22:52:00Z,wf_task_history,WF-0000029633,USR-025,"[""PF-PERMITAPPLICATION-002175"",""PF-AGENCY-000175""]"
PF-PERMITAPPLICATION-002175,Inspection Failed,2023-10-15T23:14:00Z,wf_message_delivery,WF-0000029634,USR-071,"[""PF-PERMITAPPLICATION-002175"",""PF-DOCUMENT-000175"",""PF-INSPECTION-000175""]"
PF-PERMITAPPLICATION-002175,Reinspection Requested,2023-10-15T23:51:00Z,wf_form_submission,WF-0000029635,USR-072,"[""PF-PERMITAPPLICATION-002175"",""PF-REVIEW-000175""]"
PF-PERMITAPPLICATION-002290,Application Reopened,2023-10-16T00:32:00Z,wf_task_history,WF-0000029640,USR-075,"[""PF-PERMITAPPLICATION-002290"",""PF-AGENCY-000290"",""PF-CONDITION-000290""]"
PF-PERMITAPPLICATION-002275,Completeness Rejected,2023-10-16T03:10:00Z,wf_external_task,WF-0000029650,USR-082,"[""PF-PERMITAPPLICATION-002275"",""PF-OBJECTION-000275"",""PF-REVIEW-000275""]"
PF-PERMITAPPLICATION-002292,Application Reopened,2023-10-16T06:34:00Z,wf_task_history,WF-0000029663,USR-109,"[""PF-PERMITAPPLICATION-002292"",""PF-AGENCY-000292""]"
PF-PERMITAPPLICATION-002294,Application Reopened,2023-10-16T12:36:00Z,wf_task_history,WF-0000029683,USR-016,"[""PF-PERMITAPPLICATION-002294"",""PF-AGENCY-000294"",""PF-CONDITION-000294""]"
PF-PERMITAPPLICATION-002180,Completeness Rejected,2023-10-16T13:00:00Z,wf_external_task,WF-0000029694,USR-118,"[""PF-PERMITAPPLICATION-002180"",""PF-OBJECTION-000180""]"
PF-PERMITAPPLICATION-002180,Application Reopened,2023-10-16T13:52:00Z,wf_task_history,WF-0000029695,USR-110,"[""PF-PERMITAPPLICATION-002180"",""PF-AGENCY-000180"",""PF-CONDITION-000180""]"
PF-PERMITAPPLICATION-002180,Inspection Failed,2023-10-16T14:14:00Z,wf_message_delivery,WF-0000029696,USR-029,"[""PF-PERMITAPPLICATION-002180"",""PF-DOCUMENT-000180""]"
PF-PERMITAPPLICATION-002180,Reinspection Requested,2023-10-16T14:51:00Z,wf_form_submission,WF-0000029697,USR-030,"[""PF-PERMITAPPLICATION-002180"",""PF-REVIEW-000180""]"
PF-PERMITAPPLICATION-002296,Application Reopened,2023-10-16T18:38:00Z,wf_task_history,WF-0000029714,USR-050,"[""PF-PERMITAPPLICATION-002296"",""PF-AGENCY-000296""]"
PF-PERMITAPPLICATION-002298,Application Reopened,2023-10-17T00:40:00Z,wf_task_history,WF-0000029741,USR-084,"[""PF-PERMITAPPLICATION-002298"",""PF-AGENCY-000298""]"
PF-PERMITAPPLICATION-002185,Completeness Rejected,2023-10-17T04:00:00Z,wf_external_task,WF-0000029762,USR-076,"[""PF-PERMITAPPLICATION-002185"",""PF-OBJECTION-000185"",""PF-REVIEW-000185""]"
PF-PERMITAPPLICATION-002185,Application Reopened,2023-10-17T04:52:00Z,wf_task_history,WF-0000029763,USR-068,"[""PF-PERMITAPPLICATION-002185"",""PF-AGENCY-000185""]"
PF-PERMITAPPLICATION-002185,Inspection Failed,2023-10-17T05:14:00Z,wf_message_delivery,WF-0000029764,USR-114,"[""PF-PERMITAPPLICATION-002185"",""PF-DOCUMENT-000185"",""PF-INSPECTION-000185""]"
PF-PERMITAPPLICATION-002185,Reinspection Requested,2023-10-17T05:51:00Z,wf_form_submission,WF-0000029765,USR-115,"[""PF-PERMITAPPLICATION-002185"",""PF-REVIEW-000185""]"
PF-PERMITAPPLICATION-002300,Application Reopened,2023-10-17T06:42:00Z,wf_task_history,WF-0000029769,USR-118,"[""PF-PERMITAPPLICATION-002300"",""PF-AGENCY-000300""]"
PF-PERMITAPPLICATION-002302,Application Reopened,2023-10-17T12:44:00Z,wf_task_history,WF-0000029793,USR-025,"[""PF-PERMITAPPLICATION-002302"",""PF-AGENCY-000302"",""PF-CONDITION-000302""]"
PF-PERMITAPPLICATION-002209,Reinspection Requested,2023-10-17T15:36:00Z,wf_form_submission,WF-0000029811,USR-015,"[""PF-PERMITAPPLICATION-002209"",""PF-REVIEW-000209""]"
PF-PERMITAPPLICATION-002288,Completeness Rejected,2023-10-17T18:23:00Z,wf_external_task,WF-0000029816,USR-049,"[""PF-PERMITAPPLICATION-002288"",""PF-OBJECTION-000288"",""PF-REVIEW-000288""]"
PF-PERMITAPPLICATION-002212,Inspection Failed,2023-10-17T18:38:00Z,wf_message_delivery,WF-0000029826,USR-065,"[""PF-PERMITAPPLICATION-002212"",""PF-DOCUMENT-000212""]"
PF-PERMITAPPLICATION-002304,Application Reopened,2023-10-17T18:46:00Z,wf_task_history,WF-0000029819,USR-059,"[""PF-PERMITAPPLICATION-002304"",""PF-AGENCY-000304""]"
PF-PERMITAPPLICATION-002190,Completeness Rejected,2023-10-17T19:00:00Z,wf_external_task,WF-0000029827,USR-034,"[""PF-PERMITAPPLICATION-002190"",""PF-OBJECTION-000190""]"
PF-PERMITAPPLICATION-002190,Application Reopened,2023-10-17T19:52:00Z,wf_task_history,WF-0000029828,USR-026,"[""PF-PERMITAPPLICATION-002190"",""PF-AGENCY-000190"",""PF-CONDITION-000190""]"
PF-PERMITAPPLICATION-002190,Inspection Failed,2023-10-17T20:14:00Z,wf_message_delivery,WF-0000029829,USR-072,"[""PF-PERMITAPPLICATION-002190"",""PF-DOCUMENT-000190""]"
PF-PERMITAPPLICATION-002190,Reinspection Requested,2023-10-17T20:51:00Z,wf_form_submission,WF-0000029830,USR-073,"[""PF-PERMITAPPLICATION-002190"",""PF-REVIEW-000190"",""PF-VIOLATION-000190""]"
PF-PERMITAPPLICATION-002306,Application Reopened,2023-10-18T00:48:00Z,wf_task_history,WF-0000029845,USR-093,"[""PF-PERMITAPPLICATION-002306"",""PF-AGENCY-000306""]"
PF-PERMITAPPLICATION-002308,Application Reopened,2023-10-18T06:50:00Z,wf_task_history,WF-0000029868,USR-127,"[""PF-PERMITAPPLICATION-002308"",""PF-AGENCY-000308""]"
PF-PERMITAPPLICATION-002195,Completeness Rejected,2023-10-18T10:00:00Z,wf_external_task,WF-0000029895,USR-119,"[""PF-PERMITAPPLICATION-002195"",""PF-OBJECTION-000195"",""PF-REVIEW-000195""]"
PF-PERMITAPPLICATION-002195,Application Reopened,2023-10-18T10:52:00Z,wf_task_history,WF-0000029896,USR-111,"[""PF-PERMITAPPLICATION-002195"",""PF-AGENCY-000195""]"
PF-PERMITAPPLICATION-002195,Inspection Failed,2023-10-18T11:14:00Z,wf_message_delivery,WF-0000029897,USR-030,"[""PF-PERMITAPPLICATION-002195"",""PF-DOCUMENT-000195"",""PF-INSPECTION-000195""]"
PF-PERMITAPPLICATION-002195,Reinspection Requested,2023-10-18T11:51:00Z,wf_form_submission,WF-0000029898,USR-031,"[""PF-PERMITAPPLICATION-002195"",""PF-REVIEW-000195""]"
PF-PERMITAPPLICATION-002310,Application Reopened,2023-10-18T12:52:00Z,wf_task_history,WF-0000029902,USR-034,"[""PF-PERMITAPPLICATION-002310"",""PF-AGENCY-000310"",""PF-CONDITION-000310""]"
PF-PERMITAPPLICATION-002312,Application Reopened,2023-10-18T18:54:00Z,wf_task_history,WF-0000029926,USR-068,"[""PF-PERMITAPPLICATION-002312"",""PF-AGENCY-000312""]"
PF-PERMITAPPLICATION-002314,Application Reopened,2023-10-19T00:56:00Z,wf_task_history,WF-0000029948,USR-102,"[""PF-PERMITAPPLICATION-002314"",""PF-AGENCY-000314"",""PF-CONDITION-000314""]"
PF-PERMITAPPLICATION-002200,Completeness Rejected,2023-10-19T01:00:00Z,wf_external_task,WF-0000029955,USR-077,"[""PF-PERMITAPPLICATION-002200"",""PF-OBJECTION-000200"",""PF-REVIEW-000200""]"
PF-PERMITAPPLICATION-002200,Application Reopened,2023-10-19T01:52:00Z,wf_task_history,WF-0000029956,USR-069,"[""PF-PERMITAPPLICATION-002200"",""PF-AGENCY-000200""]"
PF-PERMITAPPLICATION-002200,Inspection Failed,2023-10-19T02:14:00Z,wf_message_delivery,WF-0000029957,USR-115,"[""PF-PERMITAPPLICATION-002200"",""PF-DOCUMENT-000200"",""PF-INSPECTION-000200""]"
PF-PERMITAPPLICATION-002200,Reinspection Requested,2023-10-19T02:51:00Z,wf_form_submission,WF-0000029958,USR-116,"[""PF-PERMITAPPLICATION-002200"",""PF-REVIEW-000200""]"
PF-PERMITAPPLICATION-002316,Application Reopened,2023-10-19T06:58:00Z,wf_task_history,WF-0000029975,USR-009,"[""PF-PERMITAPPLICATION-002316"",""PF-AGENCY-000316"",""PF-CONDITION-000316""]"
PF-PERMITAPPLICATION-002301,Completeness Rejected,2023-10-19T09:36:00Z,wf_external_task,WF-0000029984,USR-016,"[""PF-PERMITAPPLICATION-002301"",""PF-OBJECTION-000301"",""PF-REVIEW-000301""]"
PF-PERMITAPPLICATION-002318,Application Reopened,2023-10-19T13:00:00Z,wf_task_history,WF-0000029999,USR-043,"[""PF-PERMITAPPLICATION-002318"",""PF-AGENCY-000318"",""PF-CONDITION-000318""]"
PF-PERMITAPPLICATION-002205,Completeness Rejected,2023-10-19T16:00:00Z,wf_external_task,WF-0000030019,USR-035,"[""PF-PERMITAPPLICATION-002205"",""PF-OBJECTION-000205""]"
PF-PERMITAPPLICATION-002205,Application Reopened,2023-10-19T16:52:00Z,wf_task_history,WF-0000030020,USR-027,"[""PF-PERMITAPPLICATION-002205"",""PF-AGENCY-000205""]"
PF-PERMITAPPLICATION-002205,Inspection Failed,2023-10-19T17:14:00Z,wf_message_delivery,WF-0000030021,USR-073,"[""PF-PERMITAPPLICATION-002205"",""PF-DOCUMENT-000205""]"
PF-PERMITAPPLICATION-002205,Reinspection Requested,2023-10-19T17:51:00Z,wf_form_submission,WF-0000030022,USR-074,"[""PF-PERMITAPPLICATION-002205"",""PF-REVIEW-000205"",""PF-VIOLATION-000205""]"
PF-PERMITAPPLICATION-002320,Application Reopened,2023-10-19T19:02:00Z,wf_task_history,WF-0000030035,USR-077,"[""PF-PERMITAPPLICATION-002320"",""PF-AGENCY-000320""]"
PF-PERMITAPPLICATION-002322,Application Reopened,2023-10-20T01:04:00Z,wf_task_history,WF-0000030060,USR-111,"[""PF-PERMITAPPLICATION-002322"",""PF-AGENCY-000322""]"
PF-PERMITAPPLICATION-002231,Inspection Failed,2023-10-20T03:04:00Z,wf_message_delivery,WF-0000030070,USR-007,"[""PF-PERMITAPPLICATION-002231"",""PF-DOCUMENT-000231""]"
PF-PERMITAPPLICATION-002210,Completeness Rejected,2023-10-20T07:00:00Z,wf_external_task,WF-0000030089,USR-120,"[""PF-PERMITAPPLICATION-002210"",""PF-OBJECTION-000210""]"
PF-PERMITAPPLICATION-002324,Application Reopened,2023-10-20T07:06:00Z,wf_task_history,WF-0000030087,USR-018,"[""PF-PERMITAPPLICATION-002324"",""PF-AGENCY-000324""]"
PF-PERMITAPPLICATION-002210,Application Reopened,2023-10-20T07:52:00Z,wf_task_history,WF-0000030090,USR-112,"[""PF-PERMITAPPLICATION-002210"",""PF-AGENCY-000210"",""PF-CONDITION-000210""]"
PF-PERMITAPPLICATION-002210,Inspection Failed,2023-10-20T08:14:00Z,wf_message_delivery,WF-0000030091,USR-031,"[""PF-PERMITAPPLICATION-002210"",""PF-DOCUMENT-000210""]"
PF-PERMITAPPLICATION-002210,Reinspection Requested,2023-10-20T08:51:00Z,wf_form_submission,WF-0000030092,USR-032,"[""PF-PERMITAPPLICATION-002210"",""PF-REVIEW-000210"",""PF-VIOLATION-000210""]"
PF-PERMITAPPLICATION-002232,Reinspection Requested,2023-10-20T12:06:00Z,wf_form_submission,WF-0000030110,USR-025,"[""PF-PERMITAPPLICATION-002232"",""PF-REVIEW-000232"",""PF-VIOLATION-000232""]"
PF-PERMITAPPLICATION-002326,Application Reopened,2023-10-20T12:15:00Z,wf_task_history,WF-0000030104,USR-052,"[""PF-PERMITAPPLICATION-002326"",""PF-AGENCY-000326""]"
PF-PERMITAPPLICATION-002328,Application Reopened,2023-10-20T18:17:00Z,wf_task_history,WF-0000030128,USR-086,"[""PF-PERMITAPPLICATION-002328"",""PF-AGENCY-000328""]"
PF-PERMITAPPLICATION-002215,Completeness Rejected,2023-10-20T22:00:00Z,wf_external_task,WF-0000030149,USR-078,"[""PF-PERMITAPPLICATION-002215"",""PF-OBJECTION-000215"",""PF-REVIEW-000215""]"
PF-PERMITAPPLICATION-002215,Application Reopened,2023-10-20T22:52:00Z,wf_task_history,WF-0000030150,USR-070,"[""PF-PERMITAPPLICATION-002215"",""PF-AGENCY-000215""]"
PF-PERMITAPPLICATION-002215,Inspection Failed,2023-10-20T23:14:00Z,wf_message_delivery,WF-0000030151,USR-116,"[""PF-PERMITAPPLICATION-002215"",""PF-DOCUMENT-000215"",""PF-INSPECTION-000215""]"
PF-PERMITAPPLICATION-002215,Reinspection Requested,2023-10-20T23:51:00Z,wf_form_submission,WF-0000030152,USR-117,"[""PF-PERMITAPPLICATION-002215"",""PF-REVIEW-000215""]"
PF-PERMITAPPLICATION-002330,Application Reopened,2023-10-21T00:19:00Z,wf_task_history,WF-0000030155,USR-120,"[""PF-PERMITAPPLICATION-002330"",""PF-AGENCY-000330""]"
PF-PERMITAPPLICATION-002314,Completeness Rejected,2023-10-21T00:49:00Z,wf_external_task,WF-0000030164,USR-110,"[""PF-PERMITAPPLICATION-002314"",""PF-OBJECTION-000314"",""PF-REVIEW-000314""]"
PF-PERMITAPPLICATION-002332,Application Reopened,2023-10-21T06:21:00Z,wf_task_history,WF-0000030186,USR-027,"[""PF-PERMITAPPLICATION-002332"",""PF-AGENCY-000332""]"
PF-PERMITAPPLICATION-002334,Application Reopened,2023-10-21T12:23:00Z,wf_task_history,WF-0000030211,USR-061,"[""PF-PERMITAPPLICATION-002334"",""PF-AGENCY-000334""]"
PF-PERMITAPPLICATION-002220,Completeness Rejected,2023-10-21T13:00:00Z,wf_external_task,WF-0000030220,USR-036,"[""PF-PERMITAPPLICATION-002220"",""PF-OBJECTION-000220""]"
PF-PERMITAPPLICATION-002220,Application Reopened,2023-10-21T13:52:00Z,wf_task_history,WF-0000030221,USR-028,"[""PF-PERMITAPPLICATION-002220"",""PF-AGENCY-000220"",""PF-CONDITION-000220""]"
PF-PERMITAPPLICATION-002220,Inspection Failed,2023-10-21T14:14:00Z,wf_message_delivery,WF-0000030222,USR-074,"[""PF-PERMITAPPLICATION-002220"",""PF-DOCUMENT-000220""]"
PF-PERMITAPPLICATION-002220,Reinspection Requested,2023-10-21T14:51:00Z,wf_form_submission,WF-0000030223,USR-075,"[""PF-PERMITAPPLICATION-002220"",""PF-REVIEW-000220"",""PF-VIOLATION-000220""]"
PF-PERMITAPPLICATION-002336,Application Reopened,2023-10-21T18:25:00Z,wf_task_history,WF-0000030238,USR-095,"[""PF-PERMITAPPLICATION-002336"",""PF-AGENCY-000336""]"
PF-PERMITAPPLICATION-002338,Application Reopened,2023-10-22T00:27:00Z,wf_task_history,WF-0000030261,USR-002,"[""PF-PERMITAPPLICATION-002338"",""PF-AGENCY-000338"",""PF-CONDITION-000338""]"
PF-PERMITAPPLICATION-002225,Completeness Rejected,2023-10-22T04:00:00Z,wf_external_task,WF-0000030281,USR-121,"[""PF-PERMITAPPLICATION-002225"",""PF-OBJECTION-000225"",""PF-REVIEW-000225""]"
PF-PERMITAPPLICATION-002225,Application Reopened,2023-10-22T04:52:00Z,wf_task_history,WF-0000030282,USR-113,"[""PF-PERMITAPPLICATION-002225"",""PF-AGENCY-000225""]"
PF-PERMITAPPLICATION-002225,Inspection Failed,2023-10-22T05:14:00Z,wf_message_delivery,WF-0000030283,USR-032,"[""PF-PERMITAPPLICATION-002225"",""PF-DOCUMENT-000225"",""PF-INSPECTION-000225""]"
PF-PERMITAPPLICATION-002225,Reinspection Requested,2023-10-22T05:51:00Z,wf_form_submission,WF-0000030284,USR-033,"[""PF-PERMITAPPLICATION-002225"",""PF-REVIEW-000225""]"
PF-PERMITAPPLICATION-002340,Application Reopened,2023-10-22T06:29:00Z,wf_task_history,WF-0000030287,USR-036,"[""PF-PERMITAPPLICATION-002340"",""PF-AGENCY-000340""]"
PF-PERMITAPPLICATION-002250,Inspection Failed,2023-10-22T12:23:00Z,wf_message_delivery,WF-0000030323,USR-076,"[""PF-PERMITAPPLICATION-002250"",""PF-DOCUMENT-000250""]"
PF-PERMITAPPLICATION-002342,Application Reopened,2023-10-22T12:31:00Z,wf_task_history,WF-0000030315,USR-070,"[""PF-PERMITAPPLICATION-002342"",""PF-AGENCY-000342"",""PF-CONDITION-000342""]"
PF-PERMITAPPLICATION-002327,Completeness Rejected,2023-10-22T15:09:00Z,wf_external_task,WF-0000030328,USR-077,"[""PF-PERMITAPPLICATION-002327"",""PF-OBJECTION-000327""]"
PF-PERMITAPPLICATION-002344,Application Reopened,2023-10-22T18:33:00Z,wf_task_history,WF-0000030341,USR-104,"[""PF-PERMITAPPLICATION-002344"",""PF-AGENCY-000344"",""PF-CONDITION-000344""]"
PF-PERMITAPPLICATION-002230,Completeness Rejected,2023-10-22T19:00:00Z,wf_external_task,WF-0000030349,USR-079,"[""PF-PERMITAPPLICATION-002230"",""PF-OBJECTION-000230"",""PF-REVIEW-000230""]"
PF-PERMITAPPLICATION-002230,Application Reopened,2023-10-22T19:52:00Z,wf_task_history,WF-0000030350,USR-071,"[""PF-PERMITAPPLICATION-002230"",""PF-AGENCY-000230""]"
PF-PERMITAPPLICATION-002230,Inspection Failed,2023-10-22T20:14:00Z,wf_message_delivery,WF-0000030351,USR-117,"[""PF-PERMITAPPLICATION-002230"",""PF-DOCUMENT-000230"",""PF-INSPECTION-000230""]"
PF-PERMITAPPLICATION-002230,Reinspection Requested,2023-10-22T20:51:00Z,wf_form_submission,WF-0000030352,USR-118,"[""PF-PERMITAPPLICATION-002230"",""PF-REVIEW-000230""]"
PF-PERMITAPPLICATION-002346,Application Reopened,2023-10-23T00:35:00Z,wf_task_history,WF-0000030368,USR-011,"[""PF-PERMITAPPLICATION-002346"",""PF-AGENCY-000346"",""PF-CONDITION-000346""]"
PF-PERMITAPPLICATION-002348,Application Reopened,2023-10-23T06:37:00Z,wf_task_history,WF-0000030394,USR-045,"[""PF-PERMITAPPLICATION-002348"",""PF-AGENCY-000348"",""PF-CONDITION-000348""]"
PF-PERMITAPPLICATION-002255,Reinspection Requested,2023-10-23T09:29:00Z,wf_form_submission,WF-0000030410,USR-035,"[""PF-PERMITAPPLICATION-002255"",""PF-REVIEW-000255""]"
PF-PERMITAPPLICATION-002235,Completeness Rejected,2023-10-23T10:00:00Z,wf_external_task,WF-0000030412,USR-037,"[""PF-PERMITAPPLICATION-002235"",""PF-OBJECTION-000235""]"
PF-PERMITAPPLICATION-002235,Application Reopened,2023-10-23T10:52:00Z,wf_task_history,WF-0000030413,USR-029,"[""PF-PERMITAPPLICATION-002235"",""PF-AGENCY-000235""]"
PF-PERMITAPPLICATION-002235,Inspection Failed,2023-10-23T11:14:00Z,wf_message_delivery,WF-0000030414,USR-075,"[""PF-PERMITAPPLICATION-002235"",""PF-DOCUMENT-000235""]"
PF-PERMITAPPLICATION-002235,Reinspection Requested,2023-10-23T11:51:00Z,wf_form_submission,WF-0000030415,USR-076,"[""PF-PERMITAPPLICATION-002235"",""PF-REVIEW-000235"",""PF-VIOLATION-000235""]"
PF-PERMITAPPLICATION-002350,Application Reopened,2023-10-23T12:39:00Z,wf_task_history,WF-0000030418,USR-079,"[""PF-PERMITAPPLICATION-002350"",""PF-AGENCY-000350"",""PF-CONDITION-000350""]"
PF-PERMITAPPLICATION-002352,Application Reopened,2023-10-23T18:41:00Z,wf_task_history,WF-0000030442,USR-113,"[""PF-PERMITAPPLICATION-002352"",""PF-AGENCY-000352""]"
PF-PERMITAPPLICATION-002354,Application Reopened,2023-10-24T00:43:00Z,wf_task_history,WF-0000030474,USR-020,"[""PF-PERMITAPPLICATION-002354"",""PF-AGENCY-000354"",""PF-CONDITION-000354""]"
PF-PERMITAPPLICATION-002240,Completeness Rejected,2023-10-24T01:00:00Z,wf_external_task,WF-0000030481,USR-122,"[""PF-PERMITAPPLICATION-002240"",""PF-OBJECTION-000240"",""PF-REVIEW-000240""]"
PF-PERMITAPPLICATION-002240,Application Reopened,2023-10-24T01:52:00Z,wf_task_history,WF-0000030482,USR-114,"[""PF-PERMITAPPLICATION-002240"",""PF-AGENCY-000240""]"
PF-PERMITAPPLICATION-002240,Inspection Failed,2023-10-24T02:14:00Z,wf_message_delivery,WF-0000030483,USR-033,"[""PF-PERMITAPPLICATION-002240"",""PF-DOCUMENT-000240"",""PF-INSPECTION-000240""]"
PF-PERMITAPPLICATION-002240,Reinspection Requested,2023-10-24T02:51:00Z,wf_form_submission,WF-0000030484,USR-034,"[""PF-PERMITAPPLICATION-002240"",""PF-REVIEW-000240""]"
PF-PERMITAPPLICATION-002340,Completeness Rejected,2023-10-24T06:22:00Z,wf_external_task,WF-0000030497,USR-044,"[""PF-PERMITAPPLICATION-002340"",""PF-OBJECTION-000340""]"
PF-PERMITAPPLICATION-002356,Application Reopened,2023-10-24T06:45:00Z,wf_task_history,WF-0000030500,USR-054,"[""PF-PERMITAPPLICATION-002356"",""PF-AGENCY-000356"",""PF-CONDITION-000356""]"
PF-PERMITAPPLICATION-002358,Application Reopened,2023-10-24T12:47:00Z,wf_task_history,WF-0000030524,USR-088,"[""PF-PERMITAPPLICATION-002358"",""PF-AGENCY-000358""]"
PF-PERMITAPPLICATION-002245,Completeness Rejected,2023-10-24T16:00:00Z,wf_external_task,WF-0000030546,USR-080,"[""PF-PERMITAPPLICATION-002245"",""PF-OBJECTION-000245"",""PF-REVIEW-000245""]"
PF-PERMITAPPLICATION-002245,Application Reopened,2023-10-24T16:52:00Z,wf_task_history,WF-0000030547,USR-072,"[""PF-PERMITAPPLICATION-002245"",""PF-AGENCY-000245""]"
PF-PERMITAPPLICATION-002245,Inspection Failed,2023-10-24T17:14:00Z,wf_message_delivery,WF-0000030548,USR-118,"[""PF-PERMITAPPLICATION-002245"",""PF-DOCUMENT-000245"",""PF-INSPECTION-000245""]"
PF-PERMITAPPLICATION-002245,Reinspection Requested,2023-10-24T17:51:00Z,wf_form_submission,WF-0000030549,USR-119,"[""PF-PERMITAPPLICATION-002245"",""PF-REVIEW-000245""]"
PF-PERMITAPPLICATION-002360,Application Reopened,2023-10-24T18:49:00Z,wf_task_history,WF-0000030553,USR-122,"[""PF-PERMITAPPLICATION-002360"",""PF-AGENCY-000360"",""PF-CONDITION-000360""]"
PF-PERMITAPPLICATION-002269,Inspection Failed,2023-10-24T21:42:00Z,wf_message_delivery,WF-0000030571,USR-018,"[""PF-PERMITAPPLICATION-002269"",""PF-DOCUMENT-000269"",""PF-INSPECTION-000269""]"
PF-PERMITAPPLICATION-002362,Application Reopened,2023-10-25T00:51:00Z,wf_task_history,WF-0000030576,USR-029,"[""PF-PERMITAPPLICATION-002362"",""PF-AGENCY-000362""]"
PF-PERMITAPPLICATION-002364,Application Reopened,2023-10-25T06:53:00Z,wf_task_history,WF-0000030600,USR-063,"[""PF-PERMITAPPLICATION-002364"",""PF-AGENCY-000364"",""PF-CONDITION-000364""]"
PF-PERMITAPPLICATION-002250,Completeness Rejected,2023-10-25T07:00:00Z,wf_external_task,WF-0000030611,USR-038,"[""PF-PERMITAPPLICATION-002250"",""PF-OBJECTION-000250""]"
PF-PERMITAPPLICATION-002250,Application Reopened,2023-10-25T07:52:00Z,wf_task_history,WF-0000030612,USR-030,"[""PF-PERMITAPPLICATION-002250"",""PF-AGENCY-000250"",""PF-CONDITION-000250""]"
PF-PERMITAPPLICATION-002250,Inspection Failed,2023-10-25T08:14:00Z,wf_message_delivery,WF-0000030613,USR-076,"[""PF-PERMITAPPLICATION-002250"",""PF-DOCUMENT-000250""]"
PF-PERMITAPPLICATION-002250,Reinspection Requested,2023-10-25T08:51:00Z,wf_form_submission,WF-0000030614,USR-077,"[""PF-PERMITAPPLICATION-002250"",""PF-REVIEW-000250""]"
PF-PERMITAPPLICATION-002366,Application Reopened,2023-10-25T12:55:00Z,wf_task_history,WF-0000030633,USR-097,"[""PF-PERMITAPPLICATION-002366"",""PF-AGENCY-000366""]"
PF-PERMITAPPLICATION-002368,Application Reopened,2023-10-25T18:57:00Z,wf_task_history,WF-0000030654,USR-004,"[""PF-PERMITAPPLICATION-002368"",""PF-AGENCY-000368""]"
PF-PERMITAPPLICATION-002353,Completeness Rejected,2023-10-25T21:35:00Z,wf_external_task,WF-0000030663,USR-011,"[""PF-PERMITAPPLICATION-002353"",""PF-OBJECTION-000353""]"
PF-PERMITAPPLICATION-002255,Completeness Rejected,2023-10-25T22:00:00Z,wf_external_task,WF-0000030675,USR-123,"[""PF-PERMITAPPLICATION-002255"",""PF-OBJECTION-000255"",""PF-REVIEW-000255""]"
PF-PERMITAPPLICATION-002255,Application Reopened,2023-10-25T22:52:00Z,wf_task_history,WF-0000030676,USR-115,"[""PF-PERMITAPPLICATION-002255"",""PF-AGENCY-000255""]"
PF-PERMITAPPLICATION-002255,Inspection Failed,2023-10-25T23:14:00Z,wf_message_delivery,WF-0000030677,USR-034,"[""PF-PERMITAPPLICATION-002255"",""PF-DOCUMENT-000255"",""PF-INSPECTION-000255""]"
PF-PERMITAPPLICATION-002255,Reinspection Requested,2023-10-25T23:51:00Z,wf_form_submission,WF-0000030678,USR-035,"[""PF-PERMITAPPLICATION-002255"",""PF-REVIEW-000255""]"
PF-PERMITAPPLICATION-002370,Application Reopened,2023-10-26T00:59:00Z,wf_task_history,WF-0000030683,USR-038,"[""PF-PERMITAPPLICATION-002370"",""PF-AGENCY-000370""]"
PF-PERMITAPPLICATION-002278,Reinspection Requested,2023-10-26T06:52:00Z,wf_form_submission,WF-0000030713,USR-045,"[""PF-PERMITAPPLICATION-002278"",""PF-REVIEW-000278""]"
PF-PERMITAPPLICATION-002372,Application Reopened,2023-10-26T07:01:00Z,wf_task_history,WF-0000030707,USR-072,"[""PF-PERMITAPPLICATION-002372"",""PF-AGENCY-000372"",""PF-CONDITION-000372""]"
PF-PERMITAPPLICATION-002260,Completeness Rejected,2023-10-26T13:00:00Z,wf_external_task,WF-0000030738,USR-081,"[""PF-PERMITAPPLICATION-002260"",""PF-OBJECTION-000260""]"
PF-PERMITAPPLICATION-002374,Application Reopened,2023-10-26T13:03:00Z,wf_task_history,WF-0000030733,USR-106,"[""PF-PERMITAPPLICATION-002374"",""PF-AGENCY-000374""]"
PF-PERMITAPPLICATION-002260,Application Reopened,2023-10-26T13:52:00Z,wf_task_history,WF-0000030739,USR-073,"[""PF-PERMITAPPLICATION-002260"",""PF-AGENCY-000260"",""PF-CONDITION-000260""]"
PF-PERMITAPPLICATION-002260,Inspection Failed,2023-10-26T14:14:00Z,wf_message_delivery,WF-0000030740,USR-119,"[""PF-PERMITAPPLICATION-002260"",""PF-DOCUMENT-000260""]"
PF-PERMITAPPLICATION-002260,Reinspection Requested,2023-10-26T14:51:00Z,wf_form_submission,WF-0000030741,USR-120,"[""PF-PERMITAPPLICATION-002260"",""PF-REVIEW-000260"",""PF-VIOLATION-000260""]"
PF-PERMITAPPLICATION-002376,Application Reopened,2023-10-26T19:05:00Z,wf_task_history,WF-0000030769,USR-013,"[""PF-PERMITAPPLICATION-002376"",""PF-AGENCY-000376"",""PF-CONDITION-000376""]"
PF-PERMITAPPLICATION-002378,Application Reopened,2023-10-27T01:07:00Z,wf_task_history,WF-0000030793,USR-047,"[""PF-PERMITAPPLICATION-002378"",""PF-AGENCY-000378"",""PF-CONDITION-000378""]"
PF-PERMITAPPLICATION-002265,Completeness Rejected,2023-10-27T04:00:00Z,wf_external_task,WF-0000030807,USR-039,"[""PF-PERMITAPPLICATION-002265"",""PF-OBJECTION-000265"",""PF-REVIEW-000265""]"
PF-PERMITAPPLICATION-002265,Application Reopened,2023-10-27T04:52:00Z,wf_task_history,WF-0000030808,USR-031,"[""PF-PERMITAPPLICATION-002265"",""PF-AGENCY-000265""]"
PF-PERMITAPPLICATION-002265,Inspection Failed,2023-10-27T05:14:00Z,wf_message_delivery,WF-0000030809,USR-077,"[""PF-PERMITAPPLICATION-002265"",""PF-DOCUMENT-000265"",""PF-INSPECTION-000265""]"
PF-PERMITAPPLICATION-002265,Reinspection Requested,2023-10-27T05:51:00Z,wf_form_submission,WF-0000030810,USR-078,"[""PF-PERMITAPPLICATION-002265"",""PF-REVIEW-000265""]"
PF-PERMITAPPLICATION-002288,Inspection Failed,2023-10-27T06:08:00Z,wf_message_delivery,WF-0000030818,USR-087,"[""PF-PERMITAPPLICATION-002288"",""PF-DOCUMENT-000288"",""PF-INSPECTION-000288""]"
PF-PERMITAPPLICATION-002380,Application Reopened,2023-10-27T06:16:00Z,wf_task_history,WF-0000030811,USR-081,"[""PF-PERMITAPPLICATION-002380"",""PF-AGENCY-000380"",""PF-CONDITION-000380""]"
PF-PERMITAPPLICATION-002382,Application Reopened,2023-10-27T12:18:00Z,wf_task_history,WF-0000030835,USR-115,"[""PF-PERMITAPPLICATION-002382"",""PF-AGENCY-000382""]"
PF-PERMITAPPLICATION-002366,Completeness Rejected,2023-10-27T12:48:00Z,wf_external_task,WF-0000030845,USR-105,"[""PF-PERMITAPPLICATION-002366"",""PF-OBJECTION-000366""]"
PF-PERMITAPPLICATION-002384,Application Reopened,2023-10-27T18:20:00Z,wf_task_history,WF-0000030860,USR-022,"[""PF-PERMITAPPLICATION-002384"",""PF-AGENCY-000384"",""PF-CONDITION-000384""]"
PF-PERMITAPPLICATION-002270,Completeness Rejected,2023-10-27T19:00:00Z,wf_external_task,WF-0000030869,USR-124,"[""PF-PERMITAPPLICATION-002270"",""PF-OBJECTION-000270""]"
PF-PERMITAPPLICATION-002270,Application Reopened,2023-10-27T19:52:00Z,wf_task_history,WF-0000030870,USR-116,"[""PF-PERMITAPPLICATION-002270"",""PF-AGENCY-000270"",""PF-CONDITION-000270""]"
PF-PERMITAPPLICATION-002270,Inspection Failed,2023-10-27T20:14:00Z,wf_message_delivery,WF-0000030871,USR-035,"[""PF-PERMITAPPLICATION-002270"",""PF-DOCUMENT-000270""]"
PF-PERMITAPPLICATION-002270,Reinspection Requested,2023-10-27T20:51:00Z,wf_form_submission,WF-0000030872,USR-036,"[""PF-PERMITAPPLICATION-002270"",""PF-REVIEW-000270""]"
PF-PERMITAPPLICATION-002386,Application Reopened,2023-10-28T00:22:00Z,wf_task_history,WF-0000030887,USR-056,"[""PF-PERMITAPPLICATION-002386"",""PF-AGENCY-000386""]"
PF-PERMITAPPLICATION-002388,Application Reopened,2023-10-28T06:24:00Z,wf_task_history,WF-0000030916,USR-090,"[""PF-PERMITAPPLICATION-002388"",""PF-AGENCY-000388"",""PF-CONDITION-000388""]"
PF-PERMITAPPLICATION-002275,Completeness Rejected,2023-10-28T10:00:00Z,wf_external_task,WF-0000030937,USR-082,"[""PF-PERMITAPPLICATION-002275"",""PF-OBJECTION-000275"",""PF-REVIEW-000275""]"
PF-PERMITAPPLICATION-002275,Application Reopened,2023-10-28T10:52:00Z,wf_task_history,WF-0000030938,USR-074,"[""PF-PERMITAPPLICATION-002275"",""PF-AGENCY-000275""]"
PF-PERMITAPPLICATION-002275,Inspection Failed,2023-10-28T11:14:00Z,wf_message_delivery,WF-0000030939,USR-120,"[""PF-PERMITAPPLICATION-002275"",""PF-DOCUMENT-000275"",""PF-INSPECTION-000275""]"
PF-PERMITAPPLICATION-002275,Reinspection Requested,2023-10-28T11:51:00Z,wf_form_submission,WF-0000030940,USR-121,"[""PF-PERMITAPPLICATION-002275"",""PF-REVIEW-000275""]"
PF-PERMITAPPLICATION-002390,Application Reopened,2023-10-28T12:26:00Z,wf_task_history,WF-0000030945,USR-124,"[""PF-PERMITAPPLICATION-002390"",""PF-AGENCY-000390""]"
PF-PERMITAPPLICATION-002392,Application Reopened,2023-10-28T18:28:00Z,wf_task_history,WF-0000030964,USR-031,"[""PF-PERMITAPPLICATION-002392"",""PF-AGENCY-000392"",""PF-CONDITION-000392""]"
PF-PERMITAPPLICATION-002394,Application Reopened,2023-10-29T00:30:00Z,wf_task_history,WF-0000030990,USR-065,"[""PF-PERMITAPPLICATION-002394"",""PF-AGENCY-000394"",""PF-CONDITION-000394""]"
PF-PERMITAPPLICATION-002280,Completeness Rejected,2023-10-29T01:00:00Z,wf_external_task,WF-0000030999,USR-040,"[""PF-PERMITAPPLICATION-002280"",""PF-OBJECTION-000280""]"
PF-PERMITAPPLICATION-002280,Application Reopened,2023-10-29T01:52:00Z,wf_task_history,WF-0000031000,USR-032,"[""PF-PERMITAPPLICATION-002280"",""PF-AGENCY-000280"",""PF-CONDITION-000280""]"
PF-PERMITAPPLICATION-002280,Inspection Failed,2023-10-29T02:14:00Z,wf_message_delivery,WF-0000031001,USR-078,"[""PF-PERMITAPPLICATION-002280"",""PF-DOCUMENT-000280""]"
PF-PERMITAPPLICATION-002280,Reinspection Requested,2023-10-29T02:51:00Z,wf_form_submission,WF-0000031002,USR-079,"[""PF-PERMITAPPLICATION-002280"",""PF-REVIEW-000280"",""PF-VIOLATION-000280""]"
PF-PERMITAPPLICATION-002379,Completeness Rejected,2023-10-29T03:08:00Z,wf_external_task,WF-0000031004,USR-072,"[""PF-PERMITAPPLICATION-002379"",""PF-OBJECTION-000379"",""PF-REVIEW-000379""]"
PF-PERMITAPPLICATION-002301,Reinspection Requested,2023-10-29T03:22:00Z,wf_form_submission,WF-0000031014,USR-055,"[""PF-PERMITAPPLICATION-002301"",""PF-REVIEW-000301"",""PF-VIOLATION-000301""]"
PF-PERMITAPPLICATION-002396,Application Reopened,2023-10-29T06:32:00Z,wf_task_history,WF-0000031021,USR-099,"[""PF-PERMITAPPLICATION-002396"",""PF-AGENCY-000396"",""PF-CONDITION-000396""]"
PF-PERMITAPPLICATION-002398,Application Reopened,2023-10-29T12:34:00Z,wf_task_history,WF-0000031049,USR-006,"[""PF-PERMITAPPLICATION-002398"",""PF-AGENCY-000398""]"
PF-PERMITAPPLICATION-002307,Inspection Failed,2023-10-29T15:27:00Z,wf_message_delivery,WF-0000031066,USR-029,"[""PF-PERMITAPPLICATION-002307"",""PF-DOCUMENT-000307"",""PF-INSPECTION-000307""]"
PF-PERMITAPPLICATION-002285,Completeness Rejected,2023-10-29T16:00:00Z,wf_external_task,WF-0000031068,USR-125,"[""PF-PERMITAPPLICATION-002285"",""PF-OBJECTION-000285""]"
PF-PERMITAPPLICATION-002285,Application Reopened,2023-10-29T16:52:00Z,wf_task_history,WF-0000031069,USR-117,"[""PF-PERMITAPPLICATION-002285"",""PF-AGENCY-000285"",""PF-CONDITION-000285""]"
PF-PERMITAPPLICATION-002285,Inspection Failed,2023-10-29T17:14:00Z,wf_message_delivery,WF-0000031070,USR-036,"[""PF-PERMITAPPLICATION-002285"",""PF-DOCUMENT-000285""]"
PF-PERMITAPPLICATION-002285,Reinspection Requested,2023-10-29T17:51:00Z,wf_form_submission,WF-0000031071,USR-037,"[""PF-PERMITAPPLICATION-002285"",""PF-REVIEW-000285""]"
PF-PERMITAPPLICATION-002400,Application Reopened,2023-10-29T18:36:00Z,wf_task_history,WF-0000031077,USR-040,"[""PF-PERMITAPPLICATION-002400"",""PF-AGENCY-000400""]"
PF-PERMITAPPLICATION-002402,Application Reopened,2023-10-30T00:38:00Z,wf_task_history,WF-0000031097,USR-074,"[""PF-PERMITAPPLICATION-002402"",""PF-AGENCY-000402""]"
PF-PERMITAPPLICATION-002404,Application Reopened,2023-10-30T06:40:00Z,wf_task_history,WF-0000031123,USR-108,"[""PF-PERMITAPPLICATION-002404"",""PF-AGENCY-000404"",""PF-CONDITION-000404""]"
PF-PERMITAPPLICATION-002290,Completeness Rejected,2023-10-30T07:00:00Z,wf_external_task,WF-0000031130,USR-083,"[""PF-PERMITAPPLICATION-002290"",""PF-OBJECTION-000290""]"
PF-PERMITAPPLICATION-002290,Application Reopened,2023-10-30T07:52:00Z,wf_task_history,WF-0000031131,USR-075,"[""PF-PERMITAPPLICATION-002290"",""PF-AGENCY-000290"",""PF-CONDITION-000290""]"
PF-PERMITAPPLICATION-002290,Inspection Failed,2023-10-30T08:14:00Z,wf_message_delivery,WF-0000031132,USR-121,"[""PF-PERMITAPPLICATION-002290"",""PF-DOCUMENT-000290""]"
PF-PERMITAPPLICATION-002290,Reinspection Requested,2023-10-30T08:51:00Z,wf_form_submission,WF-0000031133,USR-122,"[""PF-PERMITAPPLICATION-002290"",""PF-REVIEW-000290"",""PF-VIOLATION-000290""]"
PF-PERMITAPPLICATION-002406,Application Reopened,2023-10-30T12:42:00Z,wf_task_history,WF-0000031148,USR-015,"[""PF-PERMITAPPLICATION-002406"",""PF-AGENCY-000406""]"
PF-PERMITAPPLICATION-002392,Completeness Rejected,2023-10-30T18:21:00Z,wf_external_task,WF-0000031174,USR-039,"[""PF-PERMITAPPLICATION-002392"",""PF-OBJECTION-000392""]"
PF-PERMITAPPLICATION-002408,Application Reopened,2023-10-30T18:44:00Z,wf_task_history,WF-0000031178,USR-049,"[""PF-PERMITAPPLICATION-002408"",""PF-AGENCY-000408"",""PF-CONDITION-000408""]"
PF-PERMITAPPLICATION-002295,Completeness Rejected,2023-10-30T22:00:00Z,wf_external_task,WF-0000031200,USR-041,"[""PF-PERMITAPPLICATION-002295"",""PF-OBJECTION-000295""]"
PF-PERMITAPPLICATION-002295,Application Reopened,2023-10-30T22:52:00Z,wf_task_history,WF-0000031201,USR-033,"[""PF-PERMITAPPLICATION-002295"",""PF-AGENCY-000295"",""PF-CONDITION-000295""]"
PF-PERMITAPPLICATION-002295,Inspection Failed,2023-10-30T23:14:00Z,wf_message_delivery,WF-0000031202,USR-079,"[""PF-PERMITAPPLICATION-002295"",""PF-DOCUMENT-000295""]"
PF-PERMITAPPLICATION-002295,Reinspection Requested,2023-10-30T23:51:00Z,wf_form_submission,WF-0000031203,USR-080,"[""PF-PERMITAPPLICATION-002295"",""PF-REVIEW-000295""]"
PF-PERMITAPPLICATION-002410,Application Reopened,2023-10-31T00:46:00Z,wf_task_history,WF-0000031208,USR-083,"[""PF-PERMITAPPLICATION-002410"",""PF-AGENCY-000410"",""PF-CONDITION-000410""]"
PF-PERMITAPPLICATION-002412,Application Reopened,2023-10-31T06:48:00Z,wf_task_history,WF-0000031231,USR-117,"[""PF-PERMITAPPLICATION-002412"",""PF-AGENCY-000412"",""PF-CONDITION-000412""]"
PF-PERMITAPPLICATION-002414,Application Reopened,2023-10-31T12:50:00Z,wf_task_history,WF-0000031254,USR-024,"[""PF-PERMITAPPLICATION-002414"",""PF-AGENCY-000414""]"
PF-PERMITAPPLICATION-002300,Completeness Rejected,2023-10-31T13:00:00Z,wf_external_task,WF-0000031262,USR-126,"[""PF-PERMITAPPLICATION-002300"",""PF-OBJECTION-000300""]"
PF-PERMITAPPLICATION-002300,Application Reopened,2023-10-31T13:52:00Z,wf_task_history,WF-0000031263,USR-118,"[""PF-PERMITAPPLICATION-002300"",""PF-AGENCY-000300"",""PF-CONDITION-000300""]"
PF-PERMITAPPLICATION-002300,Inspection Failed,2023-10-31T14:14:00Z,wf_message_delivery,WF-0000031264,USR-037,"[""PF-PERMITAPPLICATION-002300"",""PF-DOCUMENT-000300""]"
PF-PERMITAPPLICATION-002300,Reinspection Requested,2023-10-31T14:51:00Z,wf_form_submission,WF-0000031265,USR-038,"[""PF-PERMITAPPLICATION-002300"",""PF-REVIEW-000300""]"
PF-PERMITAPPLICATION-002416,Application Reopened,2023-10-31T18:52:00Z,wf_task_history,WF-0000031283,USR-058,"[""PF-PERMITAPPLICATION-002416"",""PF-AGENCY-000416"",""PF-CONDITION-000416""]"
PF-PERMITAPPLICATION-002324,Reinspection Requested,2023-11-01T00:45:00Z,wf_form_submission,WF-0000031311,USR-065,"[""PF-PERMITAPPLICATION-002324"",""PF-REVIEW-000324"",""PF-VIOLATION-000324""]"
PF-PERMITAPPLICATION-002326,Inspection Failed,2023-11-01T00:46:00Z,wf_message_delivery,WF-0000031313,USR-098,"[""PF-PERMITAPPLICATION-002326"",""PF-DOCUMENT-000326""]"
PF-PERMITAPPLICATION-002418,Application Reopened,2023-11-01T00:54:00Z,wf_task_history,WF-0000031305,USR-092,"[""PF-PERMITAPPLICATION-002418"",""PF-AGENCY-000418""]"
PF-PERMITAPPLICATION-002305,Completeness Rejected,2023-11-01T04:00:00Z,wf_external_task,WF-0000031331,USR-084,"[""PF-PERMITAPPLICATION-002305"",""PF-OBJECTION-000305"",""PF-REVIEW-000305""]"
PF-PERMITAPPLICATION-002305,Application Reopened,2023-11-01T04:52:00Z,wf_task_history,WF-0000031332,USR-076,"[""PF-PERMITAPPLICATION-002305"",""PF-AGENCY-000305""]"
PF-PERMITAPPLICATION-002305,Inspection Failed,2023-11-01T05:14:00Z,wf_message_delivery,WF-0000031333,USR-122,"[""PF-PERMITAPPLICATION-002305"",""PF-DOCUMENT-000305"",""PF-INSPECTION-000305""]"
PF-PERMITAPPLICATION-002305,Reinspection Requested,2023-11-01T05:51:00Z,wf_form_submission,WF-0000031334,USR-123,"[""PF-PERMITAPPLICATION-002305"",""PF-REVIEW-000305""]"
PF-PERMITAPPLICATION-002420,Application Reopened,2023-11-01T06:56:00Z,wf_task_history,WF-0000031338,USR-126,"[""PF-PERMITAPPLICATION-002420"",""PF-AGENCY-000420"",""PF-CONDITION-000420""]"
PF-PERMITAPPLICATION-002405,Completeness Rejected,2023-11-01T09:34:00Z,wf_external_task,WF-0000031347,USR-006,"[""PF-PERMITAPPLICATION-002405"",""PF-OBJECTION-000405""]"
PF-PERMITAPPLICATION-002422,Application Reopened,2023-11-01T12:58:00Z,wf_task_history,WF-0000031364,USR-033,"[""PF-PERMITAPPLICATION-002422"",""PF-AGENCY-000422""]"
PF-PERMITAPPLICATION-002424,Application Reopened,2023-11-01T19:00:00Z,wf_task_history,WF-0000031387,USR-067,"[""PF-PERMITAPPLICATION-002424"",""PF-AGENCY-000424"",""PF-CONDITION-000424""]"
PF-PERMITAPPLICATION-002310,Completeness Rejected,2023-11-01T19:00:00Z,wf_external_task,WF-0000031394,USR-042,"[""PF-PERMITAPPLICATION-002310"",""PF-OBJECTION-000310"",""PF-REVIEW-000310""]"
PF-PERMITAPPLICATION-002310,Application Reopened,2023-11-01T19:52:00Z,wf_task_history,WF-0000031395,USR-034,"[""PF-PERMITAPPLICATION-002310"",""PF-AGENCY-000310""]"
PF-PERMITAPPLICATION-002310,Inspection Failed,2023-11-01T20:14:00Z,wf_message_delivery,WF-0000031396,USR-080,"[""PF-PERMITAPPLICATION-002310"",""PF-DOCUMENT-000310"",""PF-INSPECTION-000310""]"
PF-PERMITAPPLICATION-002310,Reinspection Requested,2023-11-01T20:51:00Z,wf_form_submission,WF-0000031397,USR-081,"[""PF-PERMITAPPLICATION-002310"",""PF-REVIEW-000310""]"
PF-PERMITAPPLICATION-002426,Application Reopened,2023-11-02T01:02:00Z,wf_task_history,WF-0000031414,USR-101,"[""PF-PERMITAPPLICATION-002426"",""PF-AGENCY-000426""]"
PF-PERMITAPPLICATION-002428,Application Reopened,2023-11-02T07:04:00Z,wf_task_history,WF-0000031439,USR-008,"[""PF-PERMITAPPLICATION-002428"",""PF-AGENCY-000428""]"
PF-PERMITAPPLICATION-002315,Completeness Rejected,2023-11-02T10:00:00Z,wf_external_task,WF-0000031454,USR-127,"[""PF-PERMITAPPLICATION-002315"",""PF-OBJECTION-000315""]"
PF-PERMITAPPLICATION-002315,Application Reopened,2023-11-02T10:52:00Z,wf_task_history,WF-0000031455,USR-119,"[""PF-PERMITAPPLICATION-002315"",""PF-AGENCY-000315"",""PF-CONDITION-000315""]"
PF-PERMITAPPLICATION-002315,Inspection Failed,2023-11-02T11:14:00Z,wf_message_delivery,WF-0000031456,USR-038,"[""PF-PERMITAPPLICATION-002315"",""PF-DOCUMENT-000315""]"
PF-PERMITAPPLICATION-002315,Reinspection Requested,2023-11-02T11:51:00Z,wf_form_submission,WF-0000031457,USR-039,"[""PF-PERMITAPPLICATION-002315"",""PF-REVIEW-000315"",""PF-VIOLATION-000315""]"
PF-PERMITAPPLICATION-002430,Application Reopened,2023-11-02T13:06:00Z,wf_task_history,WF-0000031473,USR-042,"[""PF-PERMITAPPLICATION-002430"",""PF-AGENCY-000430"",""PF-CONDITION-000430""]"
PF-PERMITAPPLICATION-002432,Application Reopened,2023-11-02T18:15:00Z,wf_task_history,WF-0000031488,USR-076,"[""PF-PERMITAPPLICATION-002432"",""PF-AGENCY-000432"",""PF-CONDITION-000432""]"
PF-PERMITAPPLICATION-002434,Application Reopened,2023-11-03T00:17:00Z,wf_task_history,WF-0000031514,USR-110,"[""PF-PERMITAPPLICATION-002434"",""PF-AGENCY-000434"",""PF-CONDITION-000434""]"
PF-PERMITAPPLICATION-002418,Completeness Rejected,2023-11-03T00:47:00Z,wf_external_task,WF-0000031524,USR-100,"[""PF-PERMITAPPLICATION-002418"",""PF-OBJECTION-000418""]"
PF-PERMITAPPLICATION-002320,Completeness Rejected,2023-11-03T01:00:00Z,wf_external_task,WF-0000031527,USR-085,"[""PF-PERMITAPPLICATION-002320"",""PF-OBJECTION-000320"",""PF-REVIEW-000320""]"
PF-PERMITAPPLICATION-002320,Application Reopened,2023-11-03T01:52:00Z,wf_task_history,WF-0000031528,USR-077,"[""PF-PERMITAPPLICATION-002320"",""PF-AGENCY-000320""]"
PF-PERMITAPPLICATION-002320,Inspection Failed,2023-11-03T02:14:00Z,wf_message_delivery,WF-0000031529,USR-123,"[""PF-PERMITAPPLICATION-002320"",""PF-DOCUMENT-000320"",""PF-INSPECTION-000320""]"
PF-PERMITAPPLICATION-002320,Reinspection Requested,2023-11-03T02:51:00Z,wf_form_submission,WF-0000031530,USR-124,"[""PF-PERMITAPPLICATION-002320"",""PF-REVIEW-000320""]"
PF-PERMITAPPLICATION-002436,Application Reopened,2023-11-03T06:19:00Z,wf_task_history,WF-0000031543,USR-017,"[""PF-PERMITAPPLICATION-002436"",""PF-AGENCY-000436""]"
PF-PERMITAPPLICATION-002345,Inspection Failed,2023-11-03T09:12:00Z,wf_message_delivery,WF-0000031562,USR-040,"[""PF-PERMITAPPLICATION-002345"",""PF-DOCUMENT-000345""]"
PF-PERMITAPPLICATION-002438,Application Reopened,2023-11-03T12:21:00Z,wf_task_history,WF-0000031566,USR-051,"[""PF-PERMITAPPLICATION-002438"",""PF-AGENCY-000438"",""PF-CONDITION-000438""]"
PF-PERMITAPPLICATION-002325,Completeness Rejected,2023-11-03T16:00:00Z,wf_external_task,WF-0000031589,USR-043,"[""PF-PERMITAPPLICATION-002325"",""PF-OBJECTION-000325"",""PF-REVIEW-000325""]"
PF-PERMITAPPLICATION-002325,Application Reopened,2023-11-03T16:52:00Z,wf_task_history,WF-0000031590,USR-035,"[""PF-PERMITAPPLICATION-002325"",""PF-AGENCY-000325""]"
PF-PERMITAPPLICATION-002325,Inspection Failed,2023-11-03T17:14:00Z,wf_message_delivery,WF-0000031591,USR-081,"[""PF-PERMITAPPLICATION-002325"",""PF-DOCUMENT-000325"",""PF-INSPECTION-000325""]"
PF-PERMITAPPLICATION-002325,Reinspection Requested,2023-11-03T17:51:00Z,wf_form_submission,WF-0000031592,USR-082,"[""PF-PERMITAPPLICATION-002325"",""PF-REVIEW-000325""]"
PF-PERMITAPPLICATION-002440,Application Reopened,2023-11-03T18:23:00Z,wf_task_history,WF-0000031595,USR-085,"[""PF-PERMITAPPLICATION-002440"",""PF-AGENCY-000440""]"
PF-PERMITAPPLICATION-002347,Reinspection Requested,2023-11-03T21:15:00Z,wf_form_submission,WF-0000031614,USR-075,"[""PF-PERMITAPPLICATION-002347"",""PF-REVIEW-000347"",""PF-VIOLATION-000347""]"
PF-PERMITAPPLICATION-002442,Application Reopened,2023-11-04T00:25:00Z,wf_task_history,WF-0000031624,USR-119,"[""PF-PERMITAPPLICATION-002442"",""PF-AGENCY-000442""]"
PF-PERMITAPPLICATION-002444,Application Reopened,2023-11-04T06:27:00Z,wf_task_history,WF-0000031645,USR-026,"[""PF-PERMITAPPLICATION-002444"",""PF-AGENCY-000444""]"
PF-PERMITAPPLICATION-002330,Completeness Rejected,2023-11-04T07:00:00Z,wf_external_task,WF-0000031656,USR-001,"[""PF-PERMITAPPLICATION-002330"",""PF-OBJECTION-000330"",""PF-REVIEW-000330""]"
PF-PERMITAPPLICATION-002330,Application Reopened,2023-11-04T07:52:00Z,wf_task_history,WF-0000031657,USR-120,"[""PF-PERMITAPPLICATION-002330"",""PF-AGENCY-000330""]"
PF-PERMITAPPLICATION-002330,Inspection Failed,2023-11-04T08:14:00Z,wf_message_delivery,WF-0000031658,USR-039,"[""PF-PERMITAPPLICATION-002330"",""PF-DOCUMENT-000330"",""PF-INSPECTION-000330""]"
PF-PERMITAPPLICATION-002330,Reinspection Requested,2023-11-04T08:51:00Z,wf_form_submission,WF-0000031659,USR-040,"[""PF-PERMITAPPLICATION-002330"",""PF-REVIEW-000330""]"
PF-PERMITAPPLICATION-002446,Application Reopened,2023-11-04T12:29:00Z,wf_task_history,WF-0000031677,USR-060,"[""PF-PERMITAPPLICATION-002446"",""PF-AGENCY-000446""]"
PF-PERMITAPPLICATION-002431,Completeness Rejected,2023-11-04T15:07:00Z,wf_external_task,WF-0000031685,USR-067,"[""PF-PERMITAPPLICATION-002431"",""PF-OBJECTION-000431""]"
PF-PERMITAPPLICATION-002448,Application Reopened,2023-11-04T18:31:00Z,wf_task_history,WF-0000031698,USR-094,"[""PF-PERMITAPPLICATION-002448"",""PF-AGENCY-000448""]"
PF-PERMITAPPLICATION-002335,Completeness Rejected,2023-11-04T22:00:00Z,wf_external_task,WF-0000031719,USR-086,"[""PF-PERMITAPPLICATION-002335"",""PF-OBJECTION-000335"",""PF-REVIEW-000335""]"
PF-PERMITAPPLICATION-002335,Application Reopened,2023-11-04T22:52:00Z,wf_task_history,WF-0000031720,USR-078,"[""PF-PERMITAPPLICATION-002335"",""PF-AGENCY-000335""]"
PF-PERMITAPPLICATION-002335,Inspection Failed,2023-11-04T23:14:00Z,wf_message_delivery,WF-0000031721,USR-124,"[""PF-PERMITAPPLICATION-002335"",""PF-DOCUMENT-000335"",""PF-INSPECTION-000335""]"
PF-PERMITAPPLICATION-002335,Reinspection Requested,2023-11-04T23:51:00Z,wf_form_submission,WF-0000031722,USR-125,"[""PF-PERMITAPPLICATION-002335"",""PF-REVIEW-000335""]"
PF-PERMITAPPLICATION-002450,Application Reopened,2023-11-05T00:33:00Z,wf_task_history,WF-0000031725,USR-001,"[""PF-PERMITAPPLICATION-002450"",""PF-AGENCY-000450""]"
PF-PERMITAPPLICATION-002452,Application Reopened,2023-11-05T06:35:00Z,wf_task_history,WF-0000031752,USR-035,"[""PF-PERMITAPPLICATION-002452"",""PF-AGENCY-000452""]"
PF-PERMITAPPLICATION-002454,Application Reopened,2023-11-05T12:37:00Z,wf_task_history,WF-0000031778,USR-069,"[""PF-PERMITAPPLICATION-002454"",""PF-AGENCY-000454"",""PF-CONDITION-000454""]"
PF-PERMITAPPLICATION-002340,Completeness Rejected,2023-11-05T13:00:00Z,wf_external_task,WF-0000031786,USR-044,"[""PF-PERMITAPPLICATION-002340"",""PF-OBJECTION-000340""]"
PF-PERMITAPPLICATION-002340,Application Reopened,2023-11-05T13:52:00Z,wf_task_history,WF-0000031787,USR-036,"[""PF-PERMITAPPLICATION-002340"",""PF-AGENCY-000340""]"
PF-PERMITAPPLICATION-002340,Inspection Failed,2023-11-05T14:14:00Z,wf_message_delivery,WF-0000031788,USR-082,"[""PF-PERMITAPPLICATION-002340"",""PF-DOCUMENT-000340""]"
PF-PERMITAPPLICATION-002340,Reinspection Requested,2023-11-05T14:51:00Z,wf_form_submission,WF-0000031789,USR-083,"[""PF-PERMITAPPLICATION-002340"",""PF-REVIEW-000340"",""PF-VIOLATION-000340""]"
PF-PERMITAPPLICATION-002364,Inspection Failed,2023-11-05T18:31:00Z,wf_message_delivery,WF-0000031811,USR-109,"[""PF-PERMITAPPLICATION-002364"",""PF-DOCUMENT-000364"",""PF-INSPECTION-000364""]"
PF-PERMITAPPLICATION-002456,Application Reopened,2023-11-05T18:39:00Z,wf_task_history,WF-0000031804,USR-103,"[""PF-PERMITAPPLICATION-002456"",""PF-AGENCY-000456"",""PF-CONDITION-000456""]"
PF-PERMITAPPLICATION-002458,Application Reopened,2023-11-06T00:41:00Z,wf_task_history,WF-0000031831,USR-010,"[""PF-PERMITAPPLICATION-002458"",""PF-AGENCY-000458"",""PF-CONDITION-000458""]"
PF-PERMITAPPLICATION-002345,Completeness Rejected,2023-11-06T04:00:00Z,wf_external_task,WF-0000031850,USR-002,"[""PF-PERMITAPPLICATION-002345"",""PF-OBJECTION-000345""]"
PF-PERMITAPPLICATION-002345,Application Reopened,2023-11-06T04:52:00Z,wf_task_history,WF-0000031851,USR-121,"[""PF-PERMITAPPLICATION-002345"",""PF-AGENCY-000345"",""PF-CONDITION-000345""]"
PF-PERMITAPPLICATION-002345,Inspection Failed,2023-11-06T05:14:00Z,wf_message_delivery,WF-0000031852,USR-040,"[""PF-PERMITAPPLICATION-002345"",""PF-DOCUMENT-000345""]"
PF-PERMITAPPLICATION-002345,Reinspection Requested,2023-11-06T05:51:00Z,wf_form_submission,WF-0000031853,USR-041,"[""PF-PERMITAPPLICATION-002345"",""PF-REVIEW-000345"",""PF-VIOLATION-000345""]"
PF-PERMITAPPLICATION-002444,Completeness Rejected,2023-11-06T06:20:00Z,wf_external_task,WF-0000031854,USR-034,"[""PF-PERMITAPPLICATION-002444"",""PF-OBJECTION-000444""]"
PF-PERMITAPPLICATION-002460,Application Reopened,2023-11-06T06:43:00Z,wf_task_history,WF-0000031858,USR-044,"[""PF-PERMITAPPLICATION-002460"",""PF-AGENCY-000460"",""PF-CONDITION-000460""]"
PF-PERMITAPPLICATION-002462,Application Reopened,2023-11-06T12:45:00Z,wf_task_history,WF-0000031879,USR-078,"[""PF-PERMITAPPLICATION-002462"",""PF-AGENCY-000462"",""PF-CONDITION-000462""]"
PF-PERMITAPPLICATION-002370,Reinspection Requested,2023-11-06T18:38:00Z,wf_form_submission,WF-0000031916,USR-085,"[""PF-PERMITAPPLICATION-002370"",""PF-REVIEW-000370"",""PF-VIOLATION-000370""]"
PF-PERMITAPPLICATION-002464,Application Reopened,2023-11-06T18:47:00Z,wf_task_history,WF-0000031910,USR-112,"[""PF-PERMITAPPLICATION-002464"",""PF-AGENCY-000464"",""PF-CONDITION-000464""]"
PF-PERMITAPPLICATION-002350,Completeness Rejected,2023-11-06T19:00:00Z,wf_external_task,WF-0000031919,USR-087,"[""PF-PERMITAPPLICATION-002350"",""PF-OBJECTION-000350""]"
PF-PERMITAPPLICATION-002350,Application Reopened,2023-11-06T19:52:00Z,wf_task_history,WF-0000031920,USR-079,"[""PF-PERMITAPPLICATION-002350"",""PF-AGENCY-000350"",""PF-CONDITION-000350""]"
PF-PERMITAPPLICATION-002350,Inspection Failed,2023-11-06T20:14:00Z,wf_message_delivery,WF-0000031921,USR-125,"[""PF-PERMITAPPLICATION-002350"",""PF-DOCUMENT-000350""]"
PF-PERMITAPPLICATION-002350,Reinspection Requested,2023-11-06T20:51:00Z,wf_form_submission,WF-0000031922,USR-126,"[""PF-PERMITAPPLICATION-002350"",""PF-REVIEW-000350"",""PF-VIOLATION-000350""]"
PF-PERMITAPPLICATION-002466,Application Reopened,2023-11-07T00:49:00Z,wf_task_history,WF-0000031937,USR-019,"[""PF-PERMITAPPLICATION-002466"",""PF-AGENCY-000466"",""PF-CONDITION-000466""]"
PF-PERMITAPPLICATION-002468,Application Reopened,2023-11-07T06:51:00Z,wf_task_history,WF-0000031959,USR-053,"[""PF-PERMITAPPLICATION-002468"",""PF-AGENCY-000468""]"
PF-PERMITAPPLICATION-002355,Completeness Rejected,2023-11-07T10:00:00Z,wf_external_task,WF-0000031980,USR-045,"[""PF-PERMITAPPLICATION-002355"",""PF-OBJECTION-000355""]"
PF-PERMITAPPLICATION-002355,Application Reopened,2023-11-07T10:52:00Z,wf_task_history,WF-0000031981,USR-037,"[""PF-PERMITAPPLICATION-002355"",""PF-AGENCY-000355"",""PF-CONDITION-000355""]"
PF-PERMITAPPLICATION-002355,Inspection Failed,2023-11-07T11:14:00Z,wf_message_delivery,WF-0000031982,USR-083,"[""PF-PERMITAPPLICATION-002355"",""PF-DOCUMENT-000355""]"
PF-PERMITAPPLICATION-002355,Reinspection Requested,2023-11-07T11:51:00Z,wf_form_submission,WF-0000031983,USR-084,"[""PF-PERMITAPPLICATION-002355"",""PF-REVIEW-000355"",""PF-VIOLATION-000355""]"
PF-PERMITAPPLICATION-002470,Application Reopened,2023-11-07T12:53:00Z,wf_task_history,WF-0000031988,USR-087,"[""PF-PERMITAPPLICATION-002470"",""PF-AGENCY-000470"",""PF-CONDITION-000470""]"
PF-PERMITAPPLICATION-002472,Application Reopened,2023-11-07T18:55:00Z,wf_task_history,WF-0000032014,USR-121,"[""PF-PERMITAPPLICATION-002472"",""PF-AGENCY-000472"",""PF-CONDITION-000472""]"
PF-PERMITAPPLICATION-002457,Completeness Rejected,2023-11-07T21:33:00Z,wf_external_task,WF-0000032022,USR-001,"[""PF-PERMITAPPLICATION-002457"",""PF-OBJECTION-000457""]"
PF-PERMITAPPLICATION-002474,Application Reopened,2023-11-08T00:57:00Z,wf_task_history,WF-0000032040,USR-028,"[""PF-PERMITAPPLICATION-002474"",""PF-AGENCY-000474""]"
PF-PERMITAPPLICATION-002360,Completeness Rejected,2023-11-08T01:00:00Z,wf_external_task,WF-0000032049,USR-003,"[""PF-PERMITAPPLICATION-002360"",""PF-OBJECTION-000360""]"
PF-PERMITAPPLICATION-002360,Application Reopened,2023-11-08T01:52:00Z,wf_task_history,WF-0000032050,USR-122,"[""PF-PERMITAPPLICATION-002360"",""PF-AGENCY-000360"",""PF-CONDITION-000360""]"
PF-PERMITAPPLICATION-002360,Inspection Failed,2023-11-08T02:14:00Z,wf_message_delivery,WF-0000032051,USR-041,"[""PF-PERMITAPPLICATION-002360"",""PF-DOCUMENT-000360""]"
PF-PERMITAPPLICATION-002360,Reinspection Requested,2023-11-08T02:51:00Z,wf_form_submission,WF-0000032052,USR-042,"[""PF-PERMITAPPLICATION-002360"",""PF-REVIEW-000360"",""PF-VIOLATION-000360""]"
PF-PERMITAPPLICATION-002383,Inspection Failed,2023-11-08T03:50:00Z,wf_message_delivery,WF-0000032065,USR-051,"[""PF-PERMITAPPLICATION-002383"",""PF-DOCUMENT-000383"",""PF-INSPECTION-000383""]"
PF-PERMITAPPLICATION-002476,Application Reopened,2023-11-08T06:59:00Z,wf_task_history,WF-0000032069,USR-062,"[""PF-PERMITAPPLICATION-002476"",""PF-AGENCY-000476""]"
PF-PERMITAPPLICATION-002478,Application Reopened,2023-11-08T13:01:00Z,wf_task_history,WF-0000032093,USR-096,"[""PF-PERMITAPPLICATION-002478"",""PF-AGENCY-000478"",""PF-CONDITION-000478""]"
PF-PERMITAPPLICATION-002365,Completeness Rejected,2023-11-08T16:00:00Z,wf_external_task,WF-0000032111,USR-088,"[""PF-PERMITAPPLICATION-002365"",""PF-OBJECTION-000365"",""PF-REVIEW-000365""]"
PF-PERMITAPPLICATION-002365,Application Reopened,2023-11-08T16:52:00Z,wf_task_history,WF-0000032112,USR-080,"[""PF-PERMITAPPLICATION-002365"",""PF-AGENCY-000365""]"
PF-PERMITAPPLICATION-002365,Inspection Failed,2023-11-08T17:14:00Z,wf_message_delivery,WF-0000032113,USR-126,"[""PF-PERMITAPPLICATION-002365"",""PF-DOCUMENT-000365"",""PF-INSPECTION-000365""]"
PF-PERMITAPPLICATION-002365,Reinspection Requested,2023-11-08T17:51:00Z,wf_form_submission,WF-0000032114,USR-127,"[""PF-PERMITAPPLICATION-002365"",""PF-REVIEW-000365""]"
PF-PERMITAPPLICATION-002480,Application Reopened,2023-11-08T19:03:00Z,wf_task_history,WF-0000032123,USR-003,"[""PF-PERMITAPPLICATION-002480"",""PF-AGENCY-000480"",""PF-CONDITION-000480""]"
PF-PERMITAPPLICATION-002482,Application Reopened,2023-11-09T01:05:00Z,wf_task_history,WF-0000032147,USR-037,"[""PF-PERMITAPPLICATION-002482"",""PF-AGENCY-000482""]"
PF-PERMITAPPLICATION-002370,Completeness Rejected,2023-11-09T07:00:00Z,wf_external_task,WF-0000032174,USR-046,"[""PF-PERMITAPPLICATION-002370"",""PF-OBJECTION-000370""]"
PF-PERMITAPPLICATION-002484,Application Reopened,2023-11-09T07:07:00Z,wf_task_history,WF-0000032173,USR-071,"[""PF-PERMITAPPLICATION-002484"",""PF-AGENCY-000484""]"
PF-PERMITAPPLICATION-002370,Application Reopened,2023-11-09T07:52:00Z,wf_task_history,WF-0000032175,USR-038,"[""PF-PERMITAPPLICATION-002370"",""PF-AGENCY-000370"",""PF-CONDITION-000370""]"
PF-PERMITAPPLICATION-002370,Inspection Failed,2023-11-09T08:14:00Z,wf_message_delivery,WF-0000032176,USR-084,"[""PF-PERMITAPPLICATION-002370"",""PF-DOCUMENT-000370""]"
PF-PERMITAPPLICATION-002370,Reinspection Requested,2023-11-09T08:51:00Z,wf_form_submission,WF-0000032177,USR-085,"[""PF-PERMITAPPLICATION-002370"",""PF-REVIEW-000370"",""PF-VIOLATION-000370""]"
PF-PERMITAPPLICATION-002486,Application Reopened,2023-11-09T12:16:00Z,wf_task_history,WF-0000032196,USR-105,"[""PF-PERMITAPPLICATION-002486"",""PF-AGENCY-000486""]"
PF-PERMITAPPLICATION-002470,Completeness Rejected,2023-11-09T12:46:00Z,wf_external_task,WF-0000032204,USR-095,"[""PF-PERMITAPPLICATION-002470"",""PF-OBJECTION-000470""]"
PF-PERMITAPPLICATION-002393,Reinspection Requested,2023-11-09T15:08:00Z,wf_form_submission,WF-0000032213,USR-095,"[""PF-PERMITAPPLICATION-002393"",""PF-REVIEW-000393"",""PF-VIOLATION-000393""]"
PF-PERMITAPPLICATION-002488,Application Reopened,2023-11-09T18:18:00Z,wf_task_history,WF-0000032222,USR-012,"[""PF-PERMITAPPLICATION-002488"",""PF-AGENCY-000488""]"
PF-PERMITAPPLICATION-002375,Completeness Rejected,2023-11-09T22:00:00Z,wf_external_task,WF-0000032242,USR-004,"[""PF-PERMITAPPLICATION-002375"",""PF-OBJECTION-000375""]"
PF-PERMITAPPLICATION-002375,Application Reopened,2023-11-09T22:52:00Z,wf_task_history,WF-0000032243,USR-123,"[""PF-PERMITAPPLICATION-002375"",""PF-AGENCY-000375""]"
PF-PERMITAPPLICATION-002375,Inspection Failed,2023-11-09T23:14:00Z,wf_message_delivery,WF-0000032244,USR-042,"[""PF-PERMITAPPLICATION-002375"",""PF-DOCUMENT-000375""]"
PF-PERMITAPPLICATION-002375,Reinspection Requested,2023-11-09T23:51:00Z,wf_form_submission,WF-0000032245,USR-043,"[""PF-PERMITAPPLICATION-002375"",""PF-REVIEW-000375"",""PF-VIOLATION-000375""]"
PF-PERMITAPPLICATION-002490,Application Reopened,2023-11-10T00:20:00Z,wf_task_history,WF-0000032250,USR-046,"[""PF-PERMITAPPLICATION-002490"",""PF-AGENCY-000490"",""PF-CONDITION-000490""]"
PF-PERMITAPPLICATION-002492,Application Reopened,2023-11-10T06:22:00Z,wf_task_history,WF-0000032272,USR-080,"[""PF-PERMITAPPLICATION-002492"",""PF-AGENCY-000492""]"
PF-PERMITAPPLICATION-002402,Inspection Failed,2023-11-10T12:16:00Z,wf_message_delivery,WF-0000032304,USR-120,"[""PF-PERMITAPPLICATION-002402"",""PF-DOCUMENT-000402"",""PF-INSPECTION-000402""]"
PF-PERMITAPPLICATION-002494,Application Reopened,2023-11-10T12:24:00Z,wf_task_history,WF-0000032297,USR-114,"[""PF-PERMITAPPLICATION-002494"",""PF-AGENCY-000494""]"
PF-PERMITAPPLICATION-002380,Completeness Rejected,2023-11-10T13:00:00Z,wf_external_task,WF-0000032307,USR-089,"[""PF-PERMITAPPLICATION-002380"",""PF-OBJECTION-000380"",""PF-REVIEW-000380""]"
PF-PERMITAPPLICATION-002380,Application Reopened,2023-11-10T13:52:00Z,wf_task_history,WF-0000032308,USR-081,"[""PF-PERMITAPPLICATION-002380"",""PF-AGENCY-000380""]"
PF-PERMITAPPLICATION-002380,Inspection Failed,2023-11-10T14:14:00Z,wf_message_delivery,WF-0000032309,USR-127,"[""PF-PERMITAPPLICATION-002380"",""PF-DOCUMENT-000380"",""PF-INSPECTION-000380""]"
PF-PERMITAPPLICATION-002380,Reinspection Requested,2023-11-10T14:51:00Z,wf_form_submission,WF-0000032310,USR-001,"[""PF-PERMITAPPLICATION-002380"",""PF-REVIEW-000380""]"
PF-PERMITAPPLICATION-002496,Application Reopened,2023-11-10T18:26:00Z,wf_task_history,WF-0000032326,USR-021,"[""PF-PERMITAPPLICATION-002496"",""PF-AGENCY-000496""]"
PF-PERMITAPPLICATION-002498,Application Reopened,2023-11-11T00:28:00Z,wf_task_history,WF-0000032353,USR-055,"[""PF-PERMITAPPLICATION-002498"",""PF-AGENCY-000498""]"
PF-PERMITAPPLICATION-002483,Completeness Rejected,2023-11-11T03:06:00Z,wf_external_task,WF-0000032363,USR-062,"[""PF-PERMITAPPLICATION-002483"",""PF-OBJECTION-000483"",""PF-REVIEW-000483""]"
PF-PERMITAPPLICATION-002385,Completeness Rejected,2023-11-11T04:00:00Z,wf_external_task,WF-0000032374,USR-047,"[""PF-PERMITAPPLICATION-002385"",""PF-OBJECTION-000385"",""PF-REVIEW-000385""]"
PF-PERMITAPPLICATION-002385,Application Reopened,2023-11-11T04:52:00Z,wf_task_history,WF-0000032375,USR-039,"[""PF-PERMITAPPLICATION-002385"",""PF-AGENCY-000385""]"
PF-PERMITAPPLICATION-002385,Inspection Failed,2023-11-11T05:14:00Z,wf_message_delivery,WF-0000032376,USR-085,"[""PF-PERMITAPPLICATION-002385"",""PF-DOCUMENT-000385"",""PF-INSPECTION-000385""]"
PF-PERMITAPPLICATION-002385,Reinspection Requested,2023-11-11T05:51:00Z,wf_form_submission,WF-0000032377,USR-086,"[""PF-PERMITAPPLICATION-002385"",""PF-REVIEW-000385""]"
PF-PERMITAPPLICATION-002500,Application Reopened,2023-11-11T06:30:00Z,wf_task_history,WF-0000032380,USR-089,"[""PF-PERMITAPPLICATION-002500"",""PF-AGENCY-000500"",""PF-CONDITION-000500""]"
PF-PERMITAPPLICATION-002502,Application Reopened,2023-11-11T12:32:00Z,wf_task_history,WF-0000032405,USR-123,"[""PF-PERMITAPPLICATION-002502"",""PF-AGENCY-000002""]"
PF-PERMITAPPLICATION-002504,Application Reopened,2023-11-11T18:34:00Z,wf_task_history,WF-0000032426,USR-030,"[""PF-PERMITAPPLICATION-002504"",""PF-AGENCY-000004"",""PF-CONDITION-000004""]"
PF-PERMITAPPLICATION-002390,Completeness Rejected,2023-11-11T19:00:00Z,wf_external_task,WF-0000032436,USR-005,"[""PF-PERMITAPPLICATION-002390"",""PF-OBJECTION-000390"",""PF-REVIEW-000390""]"
PF-PERMITAPPLICATION-002390,Application Reopened,2023-11-11T19:52:00Z,wf_task_history,WF-0000032437,USR-124,"[""PF-PERMITAPPLICATION-002390"",""PF-AGENCY-000390""]"
PF-PERMITAPPLICATION-002390,Inspection Failed,2023-11-11T20:14:00Z,wf_message_delivery,WF-0000032438,USR-043,"[""PF-PERMITAPPLICATION-002390"",""PF-DOCUMENT-000390"",""PF-INSPECTION-000390""]"
PF-PERMITAPPLICATION-002390,Reinspection Requested,2023-11-11T20:51:00Z,wf_form_submission,WF-0000032439,USR-044,"[""PF-PERMITAPPLICATION-002390"",""PF-REVIEW-000390""]"
PF-PERMITAPPLICATION-002506,Application Reopened,2023-11-12T00:36:00Z,wf_task_history,WF-0000032455,USR-064,"[""PF-PERMITAPPLICATION-002506"",""PF-AGENCY-000006""]"
PF-PERMITAPPLICATION-002508,Application Reopened,2023-11-12T06:38:00Z,wf_task_history,WF-0000032486,USR-098,"[""PF-PERMITAPPLICATION-002508"",""PF-AGENCY-000008""]"
PF-PERMITAPPLICATION-002395,Completeness Rejected,2023-11-12T10:00:00Z,wf_external_task,WF-0000032507,USR-090,"[""PF-PERMITAPPLICATION-002395"",""PF-OBJECTION-000395""]"
PF-PERMITAPPLICATION-002395,Application Reopened,2023-11-12T10:52:00Z,wf_task_history,WF-0000032508,USR-082,"[""PF-PERMITAPPLICATION-002395"",""PF-AGENCY-000395""]"
PF-PERMITAPPLICATION-002395,Inspection Failed,2023-11-12T11:14:00Z,wf_message_delivery,WF-0000032509,USR-001,"[""PF-PERMITAPPLICATION-002395"",""PF-DOCUMENT-000395""]"
PF-PERMITAPPLICATION-002395,Reinspection Requested,2023-11-12T11:51:00Z,wf_form_submission,WF-0000032510,USR-002,"[""PF-PERMITAPPLICATION-002395"",""PF-REVIEW-000395"",""PF-VIOLATION-000395""]"
PF-PERMITAPPLICATION-002416,Reinspection Requested,2023-11-12T12:31:00Z,wf_form_submission,WF-0000032520,USR-105,"[""PF-PERMITAPPLICATION-002416"",""PF-REVIEW-000416""]"
PF-PERMITAPPLICATION-002510,Application Reopened,2023-11-12T12:40:00Z,wf_task_history,WF-0000032514,USR-005,"[""PF-PERMITAPPLICATION-002510"",""PF-AGENCY-000010"",""PF-CONDITION-000010""]"
PF-PERMITAPPLICATION-002496,Completeness Rejected,2023-11-12T18:19:00Z,wf_external_task,WF-0000032534,USR-029,"[""PF-PERMITAPPLICATION-002496"",""PF-OBJECTION-000496"",""PF-REVIEW-000496""]"
PF-PERMITAPPLICATION-002512,Application Reopened,2023-11-12T18:42:00Z,wf_task_history,WF-0000032537,USR-039,"[""PF-PERMITAPPLICATION-002512"",""PF-AGENCY-000012""]"
PF-PERMITAPPLICATION-002421,Inspection Failed,2023-11-12T21:35:00Z,wf_message_delivery,WF-0000032554,USR-062,"[""PF-PERMITAPPLICATION-002421"",""PF-DOCUMENT-000421""]"
PF-PERMITAPPLICATION-002514,Application Reopened,2023-11-13T00:44:00Z,wf_task_history,WF-0000032559,USR-073,"[""PF-PERMITAPPLICATION-002514"",""PF-AGENCY-000014""]"
PF-PERMITAPPLICATION-002400,Completeness Rejected,2023-11-13T01:00:00Z,wf_external_task,WF-0000032568,USR-048,"[""PF-PERMITAPPLICATION-002400"",""PF-OBJECTION-000400"",""PF-REVIEW-000400""]"
PF-PERMITAPPLICATION-002400,Application Reopened,2023-11-13T01:52:00Z,wf_task_history,WF-0000032569,USR-040,"[""PF-PERMITAPPLICATION-002400"",""PF-AGENCY-000400""]"
PF-PERMITAPPLICATION-002400,Inspection Failed,2023-11-13T02:14:00Z,wf_message_delivery,WF-0000032570,USR-086,"[""PF-PERMITAPPLICATION-002400"",""PF-DOCUMENT-000400"",""PF-INSPECTION-000400""]"
PF-PERMITAPPLICATION-002400,Reinspection Requested,2023-11-13T02:51:00Z,wf_form_submission,WF-0000032571,USR-087,"[""PF-PERMITAPPLICATION-002400"",""PF-REVIEW-000400""]"
PF-PERMITAPPLICATION-002516,Application Reopened,2023-11-13T06:46:00Z,wf_task_history,WF-0000032588,USR-107,"[""PF-PERMITAPPLICATION-002516"",""PF-AGENCY-000016"",""PF-CONDITION-000016""]"
PF-PERMITAPPLICATION-002518,Application Reopened,2023-11-13T12:48:00Z,wf_task_history,WF-0000032614,USR-014,"[""PF-PERMITAPPLICATION-002518"",""PF-AGENCY-000018"",""PF-CONDITION-000018""]"
PF-PERMITAPPLICATION-002405,Completeness Rejected,2023-11-13T16:00:00Z,wf_external_task,WF-0000032637,USR-006,"[""PF-PERMITAPPLICATION-002405"",""PF-OBJECTION-000405""]"
PF-PERMITAPPLICATION-002405,Application Reopened,2023-11-13T16:52:00Z,wf_task_history,WF-0000032638,USR-125,"[""PF-PERMITAPPLICATION-002405"",""PF-AGENCY-000405"",""PF-CONDITION-000405""]"
PF-PERMITAPPLICATION-002405,Inspection Failed,2023-11-13T17:14:00Z,wf_message_delivery,WF-0000032639,USR-044,"[""PF-PERMITAPPLICATION-002405"",""PF-DOCUMENT-000405""]"
PF-PERMITAPPLICATION-002405,Reinspection Requested,2023-11-13T17:51:00Z,wf_form_submission,WF-0000032640,USR-045,"[""PF-PERMITAPPLICATION-002405"",""PF-REVIEW-000405""]"
PF-PERMITAPPLICATION-002520,Application Reopened,2023-11-13T18:50:00Z,wf_task_history,WF-0000032644,USR-048,"[""PF-PERMITAPPLICATION-002520"",""PF-AGENCY-000020"",""PF-CONDITION-000020""]"
PF-PERMITAPPLICATION-002522,Application Reopened,2023-11-14T00:52:00Z,wf_task_history,WF-0000032669,USR-082,"[""PF-PERMITAPPLICATION-002522"",""PF-AGENCY-000022""]"
PF-PERMITAPPLICATION-002524,Application Reopened,2023-11-14T06:54:00Z,wf_task_history,WF-0000032691,USR-116,"[""PF-PERMITAPPLICATION-002524"",""PF-AGENCY-000024"",""PF-CONDITION-000024""]"
PF-PERMITAPPLICATION-002410,Completeness Rejected,2023-11-14T07:00:00Z,wf_external_task,WF-0000032698,USR-091,"[""PF-PERMITAPPLICATION-002410"",""PF-OBJECTION-000410""]"
PF-PERMITAPPLICATION-002410,Application Reopened,2023-11-14T07:52:00Z,wf_task_history,WF-0000032699,USR-083,"[""PF-PERMITAPPLICATION-002410"",""PF-AGENCY-000410""]"
PF-PERMITAPPLICATION-002410,Inspection Failed,2023-11-14T08:14:00Z,wf_message_delivery,WF-0000032700,USR-002,"[""PF-PERMITAPPLICATION-002410"",""PF-DOCUMENT-000410""]"
PF-PERMITAPPLICATION-002410,Reinspection Requested,2023-11-14T08:51:00Z,wf_form_submission,WF-0000032701,USR-003,"[""PF-PERMITAPPLICATION-002410"",""PF-REVIEW-000410"",""PF-VIOLATION-000410""]"
PF-PERMITAPPLICATION-002509,Completeness Rejected,2023-11-14T09:32:00Z,wf_external_task,WF-0000032703,USR-123,"[""PF-PERMITAPPLICATION-002509"",""PF-OBJECTION-000009""]"
PF-PERMITAPPLICATION-002526,Application Reopened,2023-11-14T12:56:00Z,wf_task_history,WF-0000032719,USR-023,"[""PF-PERMITAPPLICATION-002526"",""PF-AGENCY-000026""]"
PF-PERMITAPPLICATION-002528,Application Reopened,2023-11-14T18:58:00Z,wf_task_history,WF-0000032743,USR-057,"[""PF-PERMITAPPLICATION-002528"",""PF-AGENCY-000028"",""PF-CONDITION-000028""]"
PF-PERMITAPPLICATION-002415,Completeness Rejected,2023-11-14T22:00:00Z,wf_external_task,WF-0000032768,USR-049,"[""PF-PERMITAPPLICATION-002415"",""PF-OBJECTION-000415""]"
PF-PERMITAPPLICATION-002415,Application Reopened,2023-11-14T22:52:00Z,wf_task_history,WF-0000032769,USR-041,"[""PF-PERMITAPPLICATION-002415"",""PF-AGENCY-000415""]"
PF-PERMITAPPLICATION-002415,Inspection Failed,2023-11-14T23:14:00Z,wf_message_delivery,WF-0000032770,USR-087,"[""PF-PERMITAPPLICATION-002415"",""PF-DOCUMENT-000415""]"
PF-PERMITAPPLICATION-002415,Reinspection Requested,2023-11-14T23:51:00Z,wf_form_submission,WF-0000032771,USR-088,"[""PF-PERMITAPPLICATION-002415"",""PF-REVIEW-000415"",""PF-VIOLATION-000415""]"
PF-PERMITAPPLICATION-002530,Application Reopened,2023-11-15T01:00:00Z,wf_task_history,WF-0000032777,USR-091,"[""PF-PERMITAPPLICATION-002530"",""PF-AGENCY-000030"",""PF-CONDITION-000030""]"
PF-PERMITAPPLICATION-002440,Inspection Failed,2023-11-15T06:01:00Z,wf_message_delivery,WF-0000032795,USR-004,"[""PF-PERMITAPPLICATION-002440"",""PF-DOCUMENT-000440"",""PF-INSPECTION-000440""]"
PF-PERMITAPPLICATION-002532,Application Reopened,2023-11-15T07:02:00Z,wf_task_history,WF-0000032801,USR-125,"[""PF-PERMITAPPLICATION-002532"",""PF-AGENCY-000032""]"
PF-PERMITAPPLICATION-002439,Reinspection Requested,2023-11-15T09:01:00Z,wf_form_submission,WF-0000032809,USR-115,"[""PF-PERMITAPPLICATION-002439"",""PF-REVIEW-000439""]"
PF-PERMITAPPLICATION-002420,Completeness Rejected,2023-11-15T13:00:00Z,wf_external_task,WF-0000032830,USR-007,"[""PF-PERMITAPPLICATION-002420"",""PF-OBJECTION-000420""]"
PF-PERMITAPPLICATION-002534,Application Reopened,2023-11-15T13:04:00Z,wf_task_history,WF-0000032826,USR-032,"[""PF-PERMITAPPLICATION-002534"",""PF-AGENCY-000034"",""PF-CONDITION-000034""]"
PF-PERMITAPPLICATION-002420,Application Reopened,2023-11-15T13:52:00Z,wf_task_history,WF-0000032831,USR-126,"[""PF-PERMITAPPLICATION-002420"",""PF-AGENCY-000420""]"
PF-PERMITAPPLICATION-002420,Inspection Failed,2023-11-15T14:14:00Z,wf_message_delivery,WF-0000032832,USR-045,"[""PF-PERMITAPPLICATION-002420"",""PF-DOCUMENT-000420""]"
PF-PERMITAPPLICATION-002420,Reinspection Requested,2023-11-15T14:51:00Z,wf_form_submission,WF-0000032833,USR-046,"[""PF-PERMITAPPLICATION-002420"",""PF-REVIEW-000420"",""PF-VIOLATION-000420""]"
PF-PERMITAPPLICATION-002536,Application Reopened,2023-11-15T19:06:00Z,wf_task_history,WF-0000032855,USR-066,"[""PF-PERMITAPPLICATION-002536"",""PF-AGENCY-000036""]"
PF-PERMITAPPLICATION-002538,Application Reopened,2023-11-16T00:15:00Z,wf_task_history,WF-0000032868,USR-100,"[""PF-PERMITAPPLICATION-002538"",""PF-AGENCY-000038""]"
PF-PERMITAPPLICATION-002522,Completeness Rejected,2023-11-16T00:45:00Z,wf_external_task,WF-0000032879,USR-090,"[""PF-PERMITAPPLICATION-002522"",""PF-OBJECTION-000022""]"
PF-PERMITAPPLICATION-002425,Completeness Rejected,2023-11-16T04:00:00Z,wf_external_task,WF-0000032892,USR-092,"[""PF-PERMITAPPLICATION-002425"",""PF-OBJECTION-000425""]"
PF-PERMITAPPLICATION-002425,Application Reopened,2023-11-16T04:52:00Z,wf_task_history,WF-0000032893,USR-084,"[""PF-PERMITAPPLICATION-002425"",""PF-AGENCY-000425"",""PF-CONDITION-000425""]"
PF-PERMITAPPLICATION-002425,Inspection Failed,2023-11-16T05:14:00Z,wf_message_delivery,WF-0000032894,USR-003,"[""PF-PERMITAPPLICATION-002425"",""PF-DOCUMENT-000425""]"
PF-PERMITAPPLICATION-002425,Reinspection Requested,2023-11-16T05:51:00Z,wf_form_submission,WF-0000032895,USR-004,"[""PF-PERMITAPPLICATION-002425"",""PF-REVIEW-000425""]"
PF-PERMITAPPLICATION-002540,Application Reopened,2023-11-16T06:17:00Z,wf_task_history,WF-0000032897,USR-007,"[""PF-PERMITAPPLICATION-002540"",""PF-AGENCY-000040"",""PF-CONDITION-000040""]"
PF-PERMITAPPLICATION-002542,Application Reopened,2023-11-16T12:19:00Z,wf_task_history,WF-0000032928,USR-041,"[""PF-PERMITAPPLICATION-002542"",""PF-AGENCY-000042""]"
PF-PERMITAPPLICATION-002544,Application Reopened,2023-11-16T18:21:00Z,wf_task_history,WF-0000032953,USR-075,"[""PF-PERMITAPPLICATION-002544"",""PF-AGENCY-000044""]"
PF-PERMITAPPLICATION-002430,Completeness Rejected,2023-11-16T19:00:00Z,wf_external_task,WF-0000032961,USR-050,"[""PF-PERMITAPPLICATION-002430"",""PF-OBJECTION-000430"",""PF-REVIEW-000430""]"
PF-PERMITAPPLICATION-002430,Application Reopened,2023-11-16T19:52:00Z,wf_task_history,WF-0000032962,USR-042,"[""PF-PERMITAPPLICATION-002430"",""PF-AGENCY-000430""]"
PF-PERMITAPPLICATION-002430,Inspection Failed,2023-11-16T20:14:00Z,wf_message_delivery,WF-0000032963,USR-088,"[""PF-PERMITAPPLICATION-002430"",""PF-DOCUMENT-000430"",""PF-INSPECTION-000430""]"
PF-PERMITAPPLICATION-002430,Reinspection Requested,2023-11-16T20:51:00Z,wf_form_submission,WF-0000032964,USR-089,"[""PF-PERMITAPPLICATION-002430"",""PF-REVIEW-000430""]"
PF-PERMITAPPLICATION-002546,Application Reopened,2023-11-17T00:23:00Z,wf_task_history,WF-0000032979,USR-109,"[""PF-PERMITAPPLICATION-002546"",""PF-AGENCY-000046""]"
PF-PERMITAPPLICATION-002548,Application Reopened,2023-11-17T06:25:00Z,wf_task_history,WF-0000033003,USR-016,"[""PF-PERMITAPPLICATION-002548"",""PF-AGENCY-000048""]"
PF-PERMITAPPLICATION-002435,Completeness Rejected,2023-11-17T10:00:00Z,wf_external_task,WF-0000033024,USR-008,"[""PF-PERMITAPPLICATION-002435"",""PF-OBJECTION-000435"",""PF-REVIEW-000435""]"
PF-PERMITAPPLICATION-002435,Application Reopened,2023-11-17T10:52:00Z,wf_task_history,WF-0000033025,USR-127,"[""PF-PERMITAPPLICATION-002435"",""PF-AGENCY-000435""]"
PF-PERMITAPPLICATION-002435,Inspection Failed,2023-11-17T11:14:00Z,wf_message_delivery,WF-0000033026,USR-046,"[""PF-PERMITAPPLICATION-002435"",""PF-DOCUMENT-000435"",""PF-INSPECTION-000435""]"
PF-PERMITAPPLICATION-002435,Reinspection Requested,2023-11-17T11:51:00Z,wf_form_submission,WF-0000033027,USR-047,"[""PF-PERMITAPPLICATION-002435"",""PF-REVIEW-000435""]"
PF-PERMITAPPLICATION-002550,Application Reopened,2023-11-17T12:27:00Z,wf_task_history,WF-0000033031,USR-050,"[""PF-PERMITAPPLICATION-002550"",""PF-AGENCY-000050"",""PF-CONDITION-000050""]"
PF-PERMITAPPLICATION-002535,Completeness Rejected,2023-11-17T15:05:00Z,wf_external_task,WF-0000033040,USR-057,"[""PF-PERMITAPPLICATION-002535"",""PF-OBJECTION-000035""]"
PF-PERMITAPPLICATION-002459,Inspection Failed,2023-11-17T15:20:00Z,wf_message_delivery,WF-0000033053,USR-073,"[""PF-PERMITAPPLICATION-002459"",""PF-DOCUMENT-000459""]"
PF-PERMITAPPLICATION-002552,Application Reopened,2023-11-17T18:29:00Z,wf_task_history,WF-0000033061,USR-084,"[""PF-PERMITAPPLICATION-002552"",""PF-AGENCY-000052""]"
PF-PERMITAPPLICATION-002554,Application Reopened,2023-11-18T00:31:00Z,wf_task_history,WF-0000033082,USR-118,"[""PF-PERMITAPPLICATION-002554"",""PF-AGENCY-000054""]"
PF-PERMITAPPLICATION-002440,Completeness Rejected,2023-11-18T01:00:00Z,wf_external_task,WF-0000033092,USR-093,"[""PF-PERMITAPPLICATION-002440"",""PF-OBJECTION-000440""]"
PF-PERMITAPPLICATION-002440,Application Reopened,2023-11-18T01:52:00Z,wf_task_history,WF-0000033093,USR-085,"[""PF-PERMITAPPLICATION-002440"",""PF-AGENCY-000440"",""PF-CONDITION-000440""]"
PF-PERMITAPPLICATION-002440,Inspection Failed,2023-11-18T02:14:00Z,wf_message_delivery,WF-0000033094,USR-004,"[""PF-PERMITAPPLICATION-002440"",""PF-DOCUMENT-000440""]"
PF-PERMITAPPLICATION-002440,Reinspection Requested,2023-11-18T02:51:00Z,wf_form_submission,WF-0000033095,USR-005,"[""PF-PERMITAPPLICATION-002440"",""PF-REVIEW-000440"",""PF-VIOLATION-000440""]"
PF-PERMITAPPLICATION-002462,Reinspection Requested,2023-11-18T06:24:00Z,wf_form_submission,WF-0000033119,USR-125,"[""PF-PERMITAPPLICATION-002462"",""PF-REVIEW-000462""]"
PF-PERMITAPPLICATION-002556,Application Reopened,2023-11-18T06:33:00Z,wf_task_history,WF-0000033113,USR-025,"[""PF-PERMITAPPLICATION-002556"",""PF-AGENCY-000056""]"
PF-PERMITAPPLICATION-002558,Application Reopened,2023-11-18T12:35:00Z,wf_task_history,WF-0000033137,USR-059,"[""PF-PERMITAPPLICATION-002558"",""PF-AGENCY-000058""]"
PF-PERMITAPPLICATION-002445,Completeness Rejected,2023-11-18T16:00:00Z,wf_external_task,WF-0000033155,USR-051,"[""PF-PERMITAPPLICATION-002445"",""PF-OBJECTION-000445""]"
PF-PERMITAPPLICATION-002445,Application Reopened,2023-11-18T16:52:00Z,wf_task_history,WF-0000033156,USR-043,"[""PF-PERMITAPPLICATION-002445"",""PF-AGENCY-000445"",""PF-CONDITION-000445""]"
PF-PERMITAPPLICATION-002445,Inspection Failed,2023-11-18T17:14:00Z,wf_message_delivery,WF-0000033157,USR-089,"[""PF-PERMITAPPLICATION-002445"",""PF-DOCUMENT-000445""]"
PF-PERMITAPPLICATION-002445,Reinspection Requested,2023-11-18T17:51:00Z,wf_form_submission,WF-0000033158,USR-090,"[""PF-PERMITAPPLICATION-002445"",""PF-REVIEW-000445""]"
PF-PERMITAPPLICATION-002560,Application Reopened,2023-11-18T18:37:00Z,wf_task_history,WF-0000033162,USR-093,"[""PF-PERMITAPPLICATION-002560"",""PF-AGENCY-000060"",""PF-CONDITION-000060""]"
PF-PERMITAPPLICATION-002562,Application Reopened,2023-11-19T00:39:00Z,wf_task_history,WF-0000033187,USR-127,"[""PF-PERMITAPPLICATION-002562"",""PF-AGENCY-000062""]"
PF-PERMITAPPLICATION-002548,Completeness Rejected,2023-11-19T06:18:00Z,wf_external_task,WF-0000033215,USR-024,"[""PF-PERMITAPPLICATION-002548"",""PF-OBJECTION-000048"",""PF-REVIEW-000048""]"
PF-PERMITAPPLICATION-002564,Application Reopened,2023-11-19T06:41:00Z,wf_task_history,WF-0000033218,USR-034,"[""PF-PERMITAPPLICATION-002564"",""PF-AGENCY-000064""]"
PF-PERMITAPPLICATION-002450,Completeness Rejected,2023-11-19T07:00:00Z,wf_external_task,WF-0000033225,USR-009,"[""PF-PERMITAPPLICATION-002450"",""PF-OBJECTION-000450""]"
PF-PERMITAPPLICATION-002450,Application Reopened,2023-11-19T07:52:00Z,wf_task_history,WF-0000033226,USR-001,"[""PF-PERMITAPPLICATION-002450"",""PF-AGENCY-000450"",""PF-CONDITION-000450""]"
PF-PERMITAPPLICATION-002450,Inspection Failed,2023-11-19T08:14:00Z,wf_message_delivery,WF-0000033227,USR-047,"[""PF-PERMITAPPLICATION-002450"",""PF-DOCUMENT-000450""]"
PF-PERMITAPPLICATION-002450,Reinspection Requested,2023-11-19T08:51:00Z,wf_form_submission,WF-0000033228,USR-048,"[""PF-PERMITAPPLICATION-002450"",""PF-REVIEW-000450""]"
PF-PERMITAPPLICATION-002566,Application Reopened,2023-11-19T12:43:00Z,wf_task_history,WF-0000033243,USR-068,"[""PF-PERMITAPPLICATION-002566"",""PF-AGENCY-000066"",""PF-CONDITION-000066""]"
PF-PERMITAPPLICATION-002568,Application Reopened,2023-11-19T18:45:00Z,wf_task_history,WF-0000033266,USR-102,"[""PF-PERMITAPPLICATION-002568"",""PF-AGENCY-000068""]"
PF-PERMITAPPLICATION-002455,Completeness Rejected,2023-11-19T22:00:00Z,wf_external_task,WF-0000033287,USR-094,"[""PF-PERMITAPPLICATION-002455"",""PF-OBJECTION-000455""]"
PF-PERMITAPPLICATION-002455,Application Reopened,2023-11-19T22:52:00Z,wf_task_history,WF-0000033288,USR-086,"[""PF-PERMITAPPLICATION-002455"",""PF-AGENCY-000455""]"
PF-PERMITAPPLICATION-002455,Inspection Failed,2023-11-19T23:14:00Z,wf_message_delivery,WF-0000033289,USR-005,"[""PF-PERMITAPPLICATION-002455"",""PF-DOCUMENT-000455""]"
PF-PERMITAPPLICATION-002455,Reinspection Requested,2023-11-19T23:51:00Z,wf_form_submission,WF-0000033290,USR-006,"[""PF-PERMITAPPLICATION-002455"",""PF-REVIEW-000455"",""PF-VIOLATION-000455""]"
PF-PERMITAPPLICATION-002478,Inspection Failed,2023-11-20T00:39:00Z,wf_message_delivery,WF-0000033302,USR-015,"[""PF-PERMITAPPLICATION-002478"",""PF-DOCUMENT-000478""]"
PF-PERMITAPPLICATION-002570,Application Reopened,2023-11-20T00:47:00Z,wf_task_history,WF-0000033295,USR-009,"[""PF-PERMITAPPLICATION-002570"",""PF-AGENCY-000070"",""PF-CONDITION-000070""]"
PF-PERMITAPPLICATION-002572,Application Reopened,2023-11-20T06:49:00Z,wf_task_history,WF-0000033318,USR-043,"[""PF-PERMITAPPLICATION-002572"",""PF-AGENCY-000072""]"
PF-PERMITAPPLICATION-002574,Application Reopened,2023-11-20T12:51:00Z,wf_task_history,WF-0000033345,USR-077,"[""PF-PERMITAPPLICATION-002574"",""PF-AGENCY-000074""]"
PF-PERMITAPPLICATION-002460,Completeness Rejected,2023-11-20T13:00:00Z,wf_external_task,WF-0000033354,USR-052,"[""PF-PERMITAPPLICATION-002460"",""PF-OBJECTION-000460"",""PF-REVIEW-000460""]"
PF-PERMITAPPLICATION-002460,Application Reopened,2023-11-20T13:52:00Z,wf_task_history,WF-0000033355,USR-044,"[""PF-PERMITAPPLICATION-002460"",""PF-AGENCY-000460""]"
PF-PERMITAPPLICATION-002460,Inspection Failed,2023-11-20T14:14:00Z,wf_message_delivery,WF-0000033356,USR-090,"[""PF-PERMITAPPLICATION-002460"",""PF-DOCUMENT-000460"",""PF-INSPECTION-000460""]"
PF-PERMITAPPLICATION-002460,Reinspection Requested,2023-11-20T14:51:00Z,wf_form_submission,WF-0000033357,USR-091,"[""PF-PERMITAPPLICATION-002460"",""PF-REVIEW-000460""]"
PF-PERMITAPPLICATION-002576,Application Reopened,2023-11-20T18:53:00Z,wf_task_history,WF-0000033373,USR-111,"[""PF-PERMITAPPLICATION-002576"",""PF-AGENCY-000076""]"
PF-PERMITAPPLICATION-002561,Completeness Rejected,2023-11-20T21:31:00Z,wf_external_task,WF-0000033384,USR-118,"[""PF-PERMITAPPLICATION-002561"",""PF-OBJECTION-000061""]"
PF-PERMITAPPLICATION-002578,Application Reopened,2023-11-21T00:55:00Z,wf_task_history,WF-0000033398,USR-018,"[""PF-PERMITAPPLICATION-002578"",""PF-AGENCY-000078"",""PF-CONDITION-000078""]"
PF-PERMITAPPLICATION-002485,Reinspection Requested,2023-11-21T03:47:00Z,wf_form_submission,WF-0000033417,USR-008,"[""PF-PERMITAPPLICATION-002485"",""PF-REVIEW-000485"",""PF-VIOLATION-000485""]"
PF-PERMITAPPLICATION-002465,Completeness Rejected,2023-11-21T04:00:00Z,wf_external_task,WF-0000033419,USR-010,"[""PF-PERMITAPPLICATION-002465"",""PF-OBJECTION-000465""]"
PF-PERMITAPPLICATION-002465,Application Reopened,2023-11-21T04:52:00Z,wf_task_history,WF-0000033420,USR-002,"[""PF-PERMITAPPLICATION-002465"",""PF-AGENCY-000465"",""PF-CONDITION-000465""]"
PF-PERMITAPPLICATION-002465,Inspection Failed,2023-11-21T05:14:00Z,wf_message_delivery,WF-0000033421,USR-048,"[""PF-PERMITAPPLICATION-002465"",""PF-DOCUMENT-000465""]"
PF-PERMITAPPLICATION-002465,Reinspection Requested,2023-11-21T05:51:00Z,wf_form_submission,WF-0000033422,USR-049,"[""PF-PERMITAPPLICATION-002465"",""PF-REVIEW-000465"",""PF-VIOLATION-000465""]"
PF-PERMITAPPLICATION-002580,Application Reopened,2023-11-21T06:57:00Z,wf_task_history,WF-0000033427,USR-052,"[""PF-PERMITAPPLICATION-002580"",""PF-AGENCY-000080"",""PF-CONDITION-000080""]"
PF-PERMITAPPLICATION-002582,Application Reopened,2023-11-21T12:59:00Z,wf_task_history,WF-0000033450,USR-086,"[""PF-PERMITAPPLICATION-002582"",""PF-AGENCY-000082""]"
PF-PERMITAPPLICATION-002470,Completeness Rejected,2023-11-21T19:00:00Z,wf_external_task,WF-0000033487,USR-095,"[""PF-PERMITAPPLICATION-002470"",""PF-OBJECTION-000470"",""PF-REVIEW-000470""]"
PF-PERMITAPPLICATION-002584,Application Reopened,2023-11-21T19:01:00Z,wf_task_history,WF-0000033478,USR-120,"[""PF-PERMITAPPLICATION-002584"",""PF-AGENCY-000084""]"
PF-PERMITAPPLICATION-002470,Application Reopened,2023-11-21T19:52:00Z,wf_task_history,WF-0000033488,USR-087,"[""PF-PERMITAPPLICATION-002470"",""PF-AGENCY-000470""]"
PF-PERMITAPPLICATION-002470,Inspection Failed,2023-11-21T20:14:00Z,wf_message_delivery,WF-0000033489,USR-006,"[""PF-PERMITAPPLICATION-002470"",""PF-DOCUMENT-000470"",""PF-INSPECTION-000470""]"
PF-PERMITAPPLICATION-002470,Reinspection Requested,2023-11-21T20:51:00Z,wf_form_submission,WF-0000033490,USR-007,"[""PF-PERMITAPPLICATION-002470"",""PF-REVIEW-000470""]"
PF-PERMITAPPLICATION-002586,Application Reopened,2023-11-22T01:03:00Z,wf_task_history,WF-0000033510,USR-027,"[""PF-PERMITAPPLICATION-002586"",""PF-AGENCY-000086""]"
PF-PERMITAPPLICATION-002588,Application Reopened,2023-11-22T07:05:00Z,wf_task_history,WF-0000033532,USR-061,"[""PF-PERMITAPPLICATION-002588"",""PF-AGENCY-000088""]"
PF-PERMITAPPLICATION-002497,Inspection Failed,2023-11-22T09:05:00Z,wf_message_delivery,WF-0000033541,USR-084,"[""PF-PERMITAPPLICATION-002497"",""PF-DOCUMENT-000497""]"
PF-PERMITAPPLICATION-002475,Completeness Rejected,2023-11-22T10:00:00Z,wf_external_task,WF-0000033549,USR-053,"[""PF-PERMITAPPLICATION-002475"",""PF-OBJECTION-000475"",""PF-REVIEW-000475""]"
PF-PERMITAPPLICATION-002475,Application Reopened,2023-11-22T10:52:00Z,wf_task_history,WF-0000033550,USR-045,"[""PF-PERMITAPPLICATION-002475"",""PF-AGENCY-000475""]"
PF-PERMITAPPLICATION-002475,Inspection Failed,2023-11-22T11:14:00Z,wf_message_delivery,WF-0000033551,USR-091,"[""PF-PERMITAPPLICATION-002475"",""PF-DOCUMENT-000475"",""PF-INSPECTION-000475""]"
PF-PERMITAPPLICATION-002475,Reinspection Requested,2023-11-22T11:51:00Z,wf_form_submission,WF-0000033552,USR-092,"[""PF-PERMITAPPLICATION-002475"",""PF-REVIEW-000475""]"
PF-PERMITAPPLICATION-002574,Completeness Rejected,2023-11-22T12:44:00Z,wf_external_task,WF-0000033560,USR-085,"[""PF-PERMITAPPLICATION-002574"",""PF-OBJECTION-000074"",""PF-REVIEW-000074""]"
PF-PERMITAPPLICATION-002590,Application Reopened,2023-11-22T13:07:00Z,wf_task_history,WF-0000033563,USR-095,"[""PF-PERMITAPPLICATION-002590"",""PF-AGENCY-000090""]"
PF-PERMITAPPLICATION-002592,Application Reopened,2023-11-22T18:16:00Z,wf_task_history,WF-0000033577,USR-002,"[""PF-PERMITAPPLICATION-002592"",""PF-AGENCY-000092""]"
PF-PERMITAPPLICATION-002594,Application Reopened,2023-11-23T00:18:00Z,wf_task_history,WF-0000033602,USR-036,"[""PF-PERMITAPPLICATION-002594"",""PF-AGENCY-000094"",""PF-CONDITION-000094""]"
PF-PERMITAPPLICATION-002480,Completeness Rejected,2023-11-23T01:00:00Z,wf_external_task,WF-0000033612,USR-011,"[""PF-PERMITAPPLICATION-002480"",""PF-OBJECTION-000480""]"
PF-PERMITAPPLICATION-002480,Application Reopened,2023-11-23T01:52:00Z,wf_task_history,WF-0000033613,USR-003,"[""PF-PERMITAPPLICATION-002480"",""PF-AGENCY-000480""]"
PF-PERMITAPPLICATION-002480,Inspection Failed,2023-11-23T02:14:00Z,wf_message_delivery,WF-0000033614,USR-049,"[""PF-PERMITAPPLICATION-002480"",""PF-DOCUMENT-000480""]"
PF-PERMITAPPLICATION-002480,Reinspection Requested,2023-11-23T02:51:00Z,wf_form_submission,WF-0000033615,USR-050,"[""PF-PERMITAPPLICATION-002480"",""PF-REVIEW-000480"",""PF-VIOLATION-000480""]"
PF-PERMITAPPLICATION-002596,Application Reopened,2023-11-23T06:20:00Z,wf_task_history,WF-0000033636,USR-070,"[""PF-PERMITAPPLICATION-002596"",""PF-AGENCY-000096""]"
PF-PERMITAPPLICATION-002598,Application Reopened,2023-11-23T12:22:00Z,wf_task_history,WF-0000033660,USR-104,"[""PF-PERMITAPPLICATION-002598"",""PF-AGENCY-000098"",""PF-CONDITION-000098""]"
PF-PERMITAPPLICATION-002485,Completeness Rejected,2023-11-23T16:00:00Z,wf_external_task,WF-0000033678,USR-096,"[""PF-PERMITAPPLICATION-002485"",""PF-OBJECTION-000485""]"
PF-PERMITAPPLICATION-002485,Application Reopened,2023-11-23T16:52:00Z,wf_task_history,WF-0000033679,USR-088,"[""PF-PERMITAPPLICATION-002485"",""PF-AGENCY-000485"",""PF-CONDITION-000485""]"
PF-PERMITAPPLICATION-002485,Inspection Failed,2023-11-23T17:14:00Z,wf_message_delivery,WF-0000033680,USR-007,"[""PF-PERMITAPPLICATION-002485"",""PF-DOCUMENT-000485""]"
PF-PERMITAPPLICATION-002485,Reinspection Requested,2023-11-23T17:51:00Z,wf_form_submission,WF-0000033681,USR-008,"[""PF-PERMITAPPLICATION-002485"",""PF-REVIEW-000485""]"
PF-PERMITAPPLICATION-002600,Application Reopened,2023-11-23T18:24:00Z,wf_task_history,WF-0000033685,USR-011,"[""PF-PERMITAPPLICATION-002600"",""PF-AGENCY-000100""]"
PF-PERMITAPPLICATION-002508,Reinspection Requested,2023-11-24T00:17:00Z,wf_form_submission,WF-0000033716,USR-018,"[""PF-PERMITAPPLICATION-002508"",""PF-REVIEW-000008""]"
PF-PERMITAPPLICATION-002602,Application Reopened,2023-11-24T00:26:00Z,wf_task_history,WF-0000033709,USR-045,"[""PF-PERMITAPPLICATION-002602"",""PF-AGENCY-000102""]"
PF-PERMITAPPLICATION-002587,Completeness Rejected,2023-11-24T03:04:00Z,wf_external_task,WF-0000033719,USR-052,"[""PF-PERMITAPPLICATION-002587"",""PF-OBJECTION-000087""]"
PF-PERMITAPPLICATION-002604,Application Reopened,2023-11-24T06:28:00Z,wf_task_history,WF-0000033734,USR-079,"[""PF-PERMITAPPLICATION-002604"",""PF-AGENCY-000104""]"
PF-PERMITAPPLICATION-002490,Completeness Rejected,2023-11-24T07:00:00Z,wf_external_task,WF-0000033743,USR-054,"[""PF-PERMITAPPLICATION-002490"",""PF-OBJECTION-000490"",""PF-REVIEW-000490""]"
PF-PERMITAPPLICATION-002490,Application Reopened,2023-11-24T07:52:00Z,wf_task_history,WF-0000033744,USR-046,"[""PF-PERMITAPPLICATION-002490"",""PF-AGENCY-000490""]"
PF-PERMITAPPLICATION-002490,Inspection Failed,2023-11-24T08:14:00Z,wf_message_delivery,WF-0000033745,USR-092,"[""PF-PERMITAPPLICATION-002490"",""PF-DOCUMENT-000490"",""PF-INSPECTION-000490""]"
PF-PERMITAPPLICATION-002490,Reinspection Requested,2023-11-24T08:51:00Z,wf_form_submission,WF-0000033746,USR-093,"[""PF-PERMITAPPLICATION-002490"",""PF-REVIEW-000490""]"
PF-PERMITAPPLICATION-002606,Application Reopened,2023-11-24T12:30:00Z,wf_task_history,WF-0000033763,USR-113,"[""PF-PERMITAPPLICATION-002606"",""PF-AGENCY-000106""]"
PF-PERMITAPPLICATION-002516,Inspection Failed,2023-11-24T18:24:00Z,wf_message_delivery,WF-0000033798,USR-026,"[""PF-PERMITAPPLICATION-002516"",""PF-DOCUMENT-000016""]"
PF-PERMITAPPLICATION-002608,Application Reopened,2023-11-24T18:32:00Z,wf_task_history,WF-0000033791,USR-020,"[""PF-PERMITAPPLICATION-002608"",""PF-AGENCY-000108"",""PF-CONDITION-000108""]"
PF-PERMITAPPLICATION-002495,Completeness Rejected,2023-11-24T22:00:00Z,wf_external_task,WF-0000033812,USR-012,"[""PF-PERMITAPPLICATION-002495"",""PF-OBJECTION-000495""]"
PF-PERMITAPPLICATION-002495,Application Reopened,2023-11-24T22:52:00Z,wf_task_history,WF-0000033813,USR-004,"[""PF-PERMITAPPLICATION-002495"",""PF-AGENCY-000495"",""PF-CONDITION-000495""]"
PF-PERMITAPPLICATION-002495,Inspection Failed,2023-11-24T23:14:00Z,wf_message_delivery,WF-0000033814,USR-050,"[""PF-PERMITAPPLICATION-002495"",""PF-DOCUMENT-000495""]"
PF-PERMITAPPLICATION-002495,Reinspection Requested,2023-11-24T23:51:00Z,wf_form_submission,WF-0000033815,USR-051,"[""PF-PERMITAPPLICATION-002495"",""PF-REVIEW-000495""]"
PF-PERMITAPPLICATION-002610,Application Reopened,2023-11-25T00:34:00Z,wf_task_history,WF-0000033818,USR-054,"[""PF-PERMITAPPLICATION-002610"",""PF-AGENCY-000110"",""PF-CONDITION-000110""]"
PF-PERMITAPPLICATION-002612,Application Reopened,2023-11-25T06:36:00Z,wf_task_history,WF-0000033840,USR-088,"[""PF-PERMITAPPLICATION-002612"",""PF-AGENCY-000112""]"
PF-PERMITAPPLICATION-002614,Application Reopened,2023-11-25T12:38:00Z,wf_task_history,WF-0000033866,USR-122,"[""PF-PERMITAPPLICATION-002614"",""PF-AGENCY-000114""]"
PF-PERMITAPPLICATION-002500,Completeness Rejected,2023-11-25T13:00:00Z,wf_external_task,WF-0000033873,USR-097,"[""PF-PERMITAPPLICATION-002500"",""PF-OBJECTION-000500""]"
PF-PERMITAPPLICATION-002500,Application Reopened,2023-11-25T13:52:00Z,wf_task_history,WF-0000033874,USR-089,"[""PF-PERMITAPPLICATION-002500"",""PF-AGENCY-000500""]"
PF-PERMITAPPLICATION-002500,Inspection Failed,2023-11-25T14:14:00Z,wf_message_delivery,WF-0000033875,USR-008,"[""PF-PERMITAPPLICATION-002500"",""PF-DOCUMENT-000500""]"
PF-PERMITAPPLICATION-002500,Reinspection Requested,2023-11-25T14:51:00Z,wf_form_submission,WF-0000033876,USR-009,"[""PF-PERMITAPPLICATION-002500"",""PF-REVIEW-000500"",""PF-VIOLATION-000500""]"
PF-PERMITAPPLICATION-002600,Completeness Rejected,2023-11-25T18:17:00Z,wf_external_task,WF-0000033887,USR-019,"[""PF-PERMITAPPLICATION-002600"",""PF-OBJECTION-000100"",""PF-REVIEW-000100""]"
PF-PERMITAPPLICATION-002616,Application Reopened,2023-11-25T18:40:00Z,wf_task_history,WF-0000033890,USR-029,"[""PF-PERMITAPPLICATION-002616"",""PF-AGENCY-000116"",""PF-CONDITION-000116""]"
PF-PERMITAPPLICATION-002618,Application Reopened,2023-11-26T00:42:00Z,wf_task_history,WF-0000033922,USR-063,"[""PF-PERMITAPPLICATION-002618"",""PF-AGENCY-000118""]"
PF-PERMITAPPLICATION-002505,Completeness Rejected,2023-11-26T04:00:00Z,wf_external_task,WF-0000033942,USR-055,"[""PF-PERMITAPPLICATION-002505"",""PF-OBJECTION-000005"",""PF-REVIEW-000005""]"
PF-PERMITAPPLICATION-002505,Application Reopened,2023-11-26T04:52:00Z,wf_task_history,WF-0000033943,USR-047,"[""PF-PERMITAPPLICATION-002505"",""PF-AGENCY-000005""]"
PF-PERMITAPPLICATION-002505,Inspection Failed,2023-11-26T05:14:00Z,wf_message_delivery,WF-0000033944,USR-093,"[""PF-PERMITAPPLICATION-002505"",""PF-DOCUMENT-000005"",""PF-INSPECTION-000005""]"
PF-PERMITAPPLICATION-002505,Reinspection Requested,2023-11-26T05:51:00Z,wf_form_submission,WF-0000033945,USR-094,"[""PF-PERMITAPPLICATION-002505"",""PF-REVIEW-000005""]"
PF-PERMITAPPLICATION-002620,Application Reopened,2023-11-26T06:44:00Z,wf_task_history,WF-0000033951,USR-097,"[""PF-PERMITAPPLICATION-002620"",""PF-AGENCY-000120"",""PF-CONDITION-000120""]"
PF-PERMITAPPLICATION-002622,Application Reopened,2023-11-26T12:46:00Z,wf_task_history,WF-0000033972,USR-004,"[""PF-PERMITAPPLICATION-002622"",""PF-AGENCY-000122""]"
PF-PERMITAPPLICATION-002624,Application Reopened,2023-11-26T18:48:00Z,wf_task_history,WF-0000033996,USR-038,"[""PF-PERMITAPPLICATION-002624"",""PF-AGENCY-000124""]"
PF-PERMITAPPLICATION-002510,Completeness Rejected,2023-11-26T19:00:00Z,wf_external_task,WF-0000034004,USR-013,"[""PF-PERMITAPPLICATION-002510"",""PF-OBJECTION-000010"",""PF-REVIEW-000010""]"
PF-PERMITAPPLICATION-002510,Application Reopened,2023-11-26T19:52:00Z,wf_task_history,WF-0000034005,USR-005,"[""PF-PERMITAPPLICATION-002510"",""PF-AGENCY-000010""]"
PF-PERMITAPPLICATION-002510,Inspection Failed,2023-11-26T20:14:00Z,wf_message_delivery,WF-0000034006,USR-051,"[""PF-PERMITAPPLICATION-002510"",""PF-DOCUMENT-000010"",""PF-INSPECTION-000010""]"
PF-PERMITAPPLICATION-002510,Reinspection Requested,2023-11-26T20:51:00Z,wf_form_submission,WF-0000034007,USR-052,"[""PF-PERMITAPPLICATION-002510"",""PF-REVIEW-000010""]"
PF-PERMITAPPLICATION-002531,Reinspection Requested,2023-11-26T21:40:00Z,wf_form_submission,WF-0000034018,USR-028,"[""PF-PERMITAPPLICATION-002531"",""PF-REVIEW-000031""]"
PF-PERMITAPPLICATION-002626,Application Reopened,2023-11-27T00:50:00Z,wf_task_history,WF-0000034026,USR-072,"[""PF-PERMITAPPLICATION-002626"",""PF-AGENCY-000126""]"
PF-PERMITAPPLICATION-002535,Inspection Failed,2023-11-27T03:43:00Z,wf_message_delivery,WF-0000034043,USR-095,"[""PF-PERMITAPPLICATION-002535"",""PF-DOCUMENT-000035""]"
PF-PERMITAPPLICATION-002628,Application Reopened,2023-11-27T06:52:00Z,wf_task_history,WF-0000034053,USR-106,"[""PF-PERMITAPPLICATION-002628"",""PF-AGENCY-000128"",""PF-CONDITION-000128""]"
PF-PERMITAPPLICATION-002613,Completeness Rejected,2023-11-27T09:30:00Z,wf_external_task,WF-0000034064,USR-113,"[""PF-PERMITAPPLICATION-002613"",""PF-OBJECTION-000113""]"
PF-PERMITAPPLICATION-002515,Completeness Rejected,2023-11-27T10:00:00Z,wf_external_task,WF-0000034074,USR-098,"[""PF-PERMITAPPLICATION-002515"",""PF-OBJECTION-000015""]"
PF-PERMITAPPLICATION-002515,Application Reopened,2023-11-27T10:52:00Z,wf_task_history,WF-0000034075,USR-090,"[""PF-PERMITAPPLICATION-002515"",""PF-AGENCY-000015""]"
PF-PERMITAPPLICATION-002515,Inspection Failed,2023-11-27T11:14:00Z,wf_message_delivery,WF-0000034076,USR-009,"[""PF-PERMITAPPLICATION-002515"",""PF-DOCUMENT-000015""]"
PF-PERMITAPPLICATION-002515,Reinspection Requested,2023-11-27T11:51:00Z,wf_form_submission,WF-0000034077,USR-010,"[""PF-PERMITAPPLICATION-002515"",""PF-REVIEW-000015"",""PF-VIOLATION-000015""]"
PF-PERMITAPPLICATION-002630,Application Reopened,2023-11-27T12:54:00Z,wf_task_history,WF-0000034081,USR-013,"[""PF-PERMITAPPLICATION-002630"",""PF-AGENCY-000130""]"
PF-PERMITAPPLICATION-002632,Application Reopened,2023-11-27T18:56:00Z,wf_task_history,WF-0000034108,USR-047,"[""PF-PERMITAPPLICATION-002632"",""PF-AGENCY-000132"",""PF-CONDITION-000132""]"
PF-PERMITAPPLICATION-002634,Application Reopened,2023-11-28T00:58:00Z,wf_task_history,WF-0000034130,USR-081,"[""PF-PERMITAPPLICATION-002634"",""PF-AGENCY-000134"",""PF-CONDITION-000134""]"
PF-PERMITAPPLICATION-002520,Completeness Rejected,2023-11-28T01:00:00Z,wf_external_task,WF-0000034137,USR-056,"[""PF-PERMITAPPLICATION-002520"",""PF-OBJECTION-000020"",""PF-REVIEW-000020""]"
PF-PERMITAPPLICATION-002520,Application Reopened,2023-11-28T01:52:00Z,wf_task_history,WF-0000034138,USR-048,"[""PF-PERMITAPPLICATION-002520"",""PF-AGENCY-000020""]"
PF-PERMITAPPLICATION-002520,Inspection Failed,2023-11-28T02:14:00Z,wf_message_delivery,WF-0000034139,USR-094,"[""PF-PERMITAPPLICATION-002520"",""PF-DOCUMENT-000020"",""PF-INSPECTION-000020""]"
PF-PERMITAPPLICATION-002520,Reinspection Requested,2023-11-28T02:51:00Z,wf_form_submission,WF-0000034140,USR-095,"[""PF-PERMITAPPLICATION-002520"",""PF-REVIEW-000020""]"
PF-PERMITAPPLICATION-002636,Application Reopened,2023-11-28T07:00:00Z,wf_task_history,WF-0000034155,USR-115,"[""PF-PERMITAPPLICATION-002636"",""PF-AGENCY-000136""]"
PF-PERMITAPPLICATION-002638,Application Reopened,2023-11-28T13:02:00Z,wf_task_history,WF-0000034178,USR-022,"[""PF-PERMITAPPLICATION-002638"",""PF-AGENCY-000138""]"
PF-PERMITAPPLICATION-002525,Completeness Rejected,2023-11-28T16:00:00Z,wf_external_task,WF-0000034204,USR-014,"[""PF-PERMITAPPLICATION-002525"",""PF-OBJECTION-000025"",""PF-REVIEW-000025""]"
PF-PERMITAPPLICATION-002525,Application Reopened,2023-11-28T16:52:00Z,wf_task_history,WF-0000034205,USR-006,"[""PF-PERMITAPPLICATION-002525"",""PF-AGENCY-000025""]"
PF-PERMITAPPLICATION-002525,Inspection Failed,2023-11-28T17:14:00Z,wf_message_delivery,WF-0000034206,USR-052,"[""PF-PERMITAPPLICATION-002525"",""PF-DOCUMENT-000025"",""PF-INSPECTION-000025""]"
PF-PERMITAPPLICATION-002525,Reinspection Requested,2023-11-28T17:51:00Z,wf_form_submission,WF-0000034207,USR-053,"[""PF-PERMITAPPLICATION-002525"",""PF-REVIEW-000025""]"
PF-PERMITAPPLICATION-002640,Application Reopened,2023-11-28T19:04:00Z,wf_task_history,WF-0000034215,USR-056,"[""PF-PERMITAPPLICATION-002640"",""PF-AGENCY-000140""]"
PF-PERMITAPPLICATION-002626,Completeness Rejected,2023-11-29T00:43:00Z,wf_external_task,WF-0000034238,USR-080,"[""PF-PERMITAPPLICATION-002626"",""PF-OBJECTION-000126""]"
PF-PERMITAPPLICATION-002642,Application Reopened,2023-11-29T01:06:00Z,wf_task_history,WF-0000034243,USR-090,"[""PF-PERMITAPPLICATION-002642"",""PF-AGENCY-000142""]"
PF-PERMITAPPLICATION-002644,Application Reopened,2023-11-29T06:15:00Z,wf_task_history,WF-0000034256,USR-124,"[""PF-PERMITAPPLICATION-002644"",""PF-AGENCY-000144""]"
PF-PERMITAPPLICATION-002530,Completeness Rejected,2023-11-29T07:00:00Z,wf_external_task,WF-0000034268,USR-099,"[""PF-PERMITAPPLICATION-002530"",""PF-OBJECTION-000030""]"
PF-PERMITAPPLICATION-002530,Application Reopened,2023-11-29T07:52:00Z,wf_task_history,WF-0000034269,USR-091,"[""PF-PERMITAPPLICATION-002530"",""PF-AGENCY-000030"",""PF-CONDITION-000030""]"
PF-PERMITAPPLICATION-002530,Inspection Failed,2023-11-29T08:14:00Z,wf_message_delivery,WF-0000034270,USR-010,"[""PF-PERMITAPPLICATION-002530"",""PF-DOCUMENT-000030""]"
PF-PERMITAPPLICATION-002530,Reinspection Requested,2023-11-29T08:51:00Z,wf_form_submission,WF-0000034271,USR-011,"[""PF-PERMITAPPLICATION-002530"",""PF-REVIEW-000030""]"
PF-PERMITAPPLICATION-002554,Inspection Failed,2023-11-29T12:09:00Z,wf_message_delivery,WF-0000034291,USR-037,"[""PF-PERMITAPPLICATION-002554"",""PF-DOCUMENT-000054""]"
PF-PERMITAPPLICATION-002646,Application Reopened,2023-11-29T12:17:00Z,wf_task_history,WF-0000034284,USR-031,"[""PF-PERMITAPPLICATION-002646"",""PF-AGENCY-000146""]"
PF-PERMITAPPLICATION-002554,Reinspection Requested,2023-11-29T18:10:00Z,wf_form_submission,WF-0000034314,USR-038,"[""PF-PERMITAPPLICATION-002554"",""PF-REVIEW-000054""]"
PF-PERMITAPPLICATION-002648,Application Reopened,2023-11-29T18:19:00Z,wf_task_history,WF-0000034308,USR-065,"[""PF-PERMITAPPLICATION-002648"",""PF-AGENCY-000148""]"
PF-PERMITAPPLICATION-002535,Completeness Rejected,2023-11-29T22:00:00Z,wf_external_task,WF-0000034330,USR-057,"[""PF-PERMITAPPLICATION-002535"",""PF-OBJECTION-000035"",""PF-REVIEW-000035""]"
PF-PERMITAPPLICATION-002535,Application Reopened,2023-11-29T22:52:00Z,wf_task_history,WF-0000034331,USR-049,"[""PF-PERMITAPPLICATION-002535"",""PF-AGENCY-000035""]"
PF-PERMITAPPLICATION-002535,Inspection Failed,2023-11-29T23:14:00Z,wf_message_delivery,WF-0000034332,USR-095,"[""PF-PERMITAPPLICATION-002535"",""PF-DOCUMENT-000035"",""PF-INSPECTION-000035""]"
PF-PERMITAPPLICATION-002535,Reinspection Requested,2023-11-29T23:51:00Z,wf_form_submission,WF-0000034333,USR-096,"[""PF-PERMITAPPLICATION-002535"",""PF-REVIEW-000035""]"
PF-PERMITAPPLICATION-002650,Application Reopened,2023-11-30T00:21:00Z,wf_task_history,WF-0000034336,USR-099,"[""PF-PERMITAPPLICATION-002650"",""PF-AGENCY-000150"",""PF-CONDITION-000150""]"
PF-PERMITAPPLICATION-002652,Application Reopened,2023-11-30T06:23:00Z,wf_task_history,WF-0000034364,USR-006,"[""PF-PERMITAPPLICATION-002652"",""PF-AGENCY-000152""]"
PF-PERMITAPPLICATION-002654,Application Reopened,2023-11-30T12:25:00Z,wf_task_history,WF-0000034388,USR-040,"[""PF-PERMITAPPLICATION-002654"",""PF-AGENCY-000154""]"
PF-PERMITAPPLICATION-002540,Completeness Rejected,2023-11-30T13:00:00Z,wf_external_task,WF-0000034400,USR-015,"[""PF-PERMITAPPLICATION-002540"",""PF-OBJECTION-000040"",""PF-REVIEW-000040""]"
PF-PERMITAPPLICATION-002540,Application Reopened,2023-11-30T13:52:00Z,wf_task_history,WF-0000034401,USR-007,"[""PF-PERMITAPPLICATION-002540"",""PF-AGENCY-000040""]"
PF-PERMITAPPLICATION-002540,Inspection Failed,2023-11-30T14:14:00Z,wf_message_delivery,WF-0000034402,USR-053,"[""PF-PERMITAPPLICATION-002540"",""PF-DOCUMENT-000040"",""PF-INSPECTION-000040""]"
PF-PERMITAPPLICATION-002540,Reinspection Requested,2023-11-30T14:51:00Z,wf_form_submission,WF-0000034403,USR-054,"[""PF-PERMITAPPLICATION-002540"",""PF-REVIEW-000040""]"
PF-PERMITAPPLICATION-002639,Completeness Rejected,2023-11-30T15:03:00Z,wf_external_task,WF-0000034404,USR-047,"[""PF-PERMITAPPLICATION-002639"",""PF-OBJECTION-000139"",""PF-REVIEW-000139""]"
PF-PERMITAPPLICATION-002656,Application Reopened,2023-11-30T18:27:00Z,wf_task_history,WF-0000034419,USR-074,"[""PF-PERMITAPPLICATION-002656"",""PF-AGENCY-000156""]"
PF-PERMITAPPLICATION-002658,Application Reopened,2023-12-01T00:29:00Z,wf_task_history,WF-0000034440,USR-108,"[""PF-PERMITAPPLICATION-002658"",""PF-AGENCY-000158""]"
PF-PERMITAPPLICATION-002545,Completeness Rejected,2023-12-01T04:00:00Z,wf_external_task,WF-0000034459,USR-100,"[""PF-PERMITAPPLICATION-002545"",""PF-OBJECTION-000045"",""PF-REVIEW-000045""]"
PF-PERMITAPPLICATION-002545,Application Reopened,2023-12-01T04:52:00Z,wf_task_history,WF-0000034460,USR-092,"[""PF-PERMITAPPLICATION-002545"",""PF-AGENCY-000045""]"
PF-PERMITAPPLICATION-002545,Inspection Failed,2023-12-01T05:14:00Z,wf_message_delivery,WF-0000034461,USR-011,"[""PF-PERMITAPPLICATION-002545"",""PF-DOCUMENT-000045"",""PF-INSPECTION-000045""]"
PF-PERMITAPPLICATION-002545,Reinspection Requested,2023-12-01T05:51:00Z,wf_form_submission,WF-0000034462,USR-012,"[""PF-PERMITAPPLICATION-002545"",""PF-REVIEW-000045""]"
PF-PERMITAPPLICATION-002660,Application Reopened,2023-12-01T06:31:00Z,wf_task_history,WF-0000034466,USR-015,"[""PF-PERMITAPPLICATION-002660"",""PF-AGENCY-000160""]"
PF-PERMITAPPLICATION-002662,Application Reopened,2023-12-01T12:33:00Z,wf_task_history,WF-0000034499,USR-049,"[""PF-PERMITAPPLICATION-002662"",""PF-AGENCY-000162""]"
PF-PERMITAPPLICATION-002664,Application Reopened,2023-12-01T18:35:00Z,wf_task_history,WF-0000034521,USR-083,"[""PF-PERMITAPPLICATION-002664"",""PF-AGENCY-000164""]"
PF-PERMITAPPLICATION-002550,Completeness Rejected,2023-12-01T19:00:00Z,wf_external_task,WF-0000034528,USR-058,"[""PF-PERMITAPPLICATION-002550"",""PF-OBJECTION-000050"",""PF-REVIEW-000050""]"
PF-PERMITAPPLICATION-002550,Application Reopened,2023-12-01T19:52:00Z,wf_task_history,WF-0000034529,USR-050,"[""PF-PERMITAPPLICATION-002550"",""PF-AGENCY-000050""]"
PF-PERMITAPPLICATION-002550,Inspection Failed,2023-12-01T20:14:00Z,wf_message_delivery,WF-0000034530,USR-096,"[""PF-PERMITAPPLICATION-002550"",""PF-DOCUMENT-000050"",""PF-INSPECTION-000050""]"
PF-PERMITAPPLICATION-002550,Reinspection Requested,2023-12-01T20:51:00Z,wf_form_submission,WF-0000034531,USR-097,"[""PF-PERMITAPPLICATION-002550"",""PF-REVIEW-000050""]"
PF-PERMITAPPLICATION-002573,Inspection Failed,2023-12-01T21:28:00Z,wf_message_delivery,WF-0000034544,USR-106,"[""PF-PERMITAPPLICATION-002573"",""PF-DOCUMENT-000073""]"
PF-PERMITAPPLICATION-002666,Application Reopened,2023-12-02T00:37:00Z,wf_task_history,WF-0000034548,USR-117,"[""PF-PERMITAPPLICATION-002666"",""PF-AGENCY-000166""]"
PF-PERMITAPPLICATION-002652,Completeness Rejected,2023-12-02T06:16:00Z,wf_external_task,WF-0000034570,USR-014,"[""PF-PERMITAPPLICATION-002652"",""PF-OBJECTION-000152"",""PF-REVIEW-000152""]"
PF-PERMITAPPLICATION-002668,Application Reopened,2023-12-02T06:39:00Z,wf_task_history,WF-0000034573,USR-024,"[""PF-PERMITAPPLICATION-002668"",""PF-AGENCY-000168""]"
PF-PERMITAPPLICATION-002555,Completeness Rejected,2023-12-02T10:00:00Z,wf_external_task,WF-0000034594,USR-016,"[""PF-PERMITAPPLICATION-002555"",""PF-OBJECTION-000055"",""PF-REVIEW-000055""]"
PF-PERMITAPPLICATION-002555,Application Reopened,2023-12-02T10:52:00Z,wf_task_history,WF-0000034595,USR-008,"[""PF-PERMITAPPLICATION-002555"",""PF-AGENCY-000055""]"
PF-PERMITAPPLICATION-002555,Inspection Failed,2023-12-02T11:14:00Z,wf_message_delivery,WF-0000034596,USR-054,"[""PF-PERMITAPPLICATION-002555"",""PF-DOCUMENT-000055"",""PF-INSPECTION-000055""]"
PF-PERMITAPPLICATION-002555,Reinspection Requested,2023-12-02T11:51:00Z,wf_form_submission,WF-0000034597,USR-055,"[""PF-PERMITAPPLICATION-002555"",""PF-REVIEW-000055""]"
PF-PERMITAPPLICATION-002670,Application Reopened,2023-12-02T12:41:00Z,wf_task_history,WF-0000034601,USR-058,"[""PF-PERMITAPPLICATION-002670"",""PF-AGENCY-000170""]"
PF-PERMITAPPLICATION-002577,Reinspection Requested,2023-12-02T15:33:00Z,wf_form_submission,WF-0000034618,USR-048,"[""PF-PERMITAPPLICATION-002577"",""PF-REVIEW-000077""]"
PF-PERMITAPPLICATION-002672,Application Reopened,2023-12-02T18:43:00Z,wf_task_history,WF-0000034626,USR-092,"[""PF-PERMITAPPLICATION-002672"",""PF-AGENCY-000172"",""PF-CONDITION-000172""]"
PF-PERMITAPPLICATION-002674,Application Reopened,2023-12-03T00:45:00Z,wf_task_history,WF-0000034651,USR-126,"[""PF-PERMITAPPLICATION-002674"",""PF-AGENCY-000174""]"
PF-PERMITAPPLICATION-002560,Completeness Rejected,2023-12-03T01:00:00Z,wf_external_task,WF-0000034660,USR-101,"[""PF-PERMITAPPLICATION-002560"",""PF-OBJECTION-000060"",""PF-REVIEW-000060""]"
PF-PERMITAPPLICATION-002560,Application Reopened,2023-12-03T01:52:00Z,wf_task_history,WF-0000034661,USR-093,"[""PF-PERMITAPPLICATION-002560"",""PF-AGENCY-000060""]"
PF-PERMITAPPLICATION-002560,Inspection Failed,2023-12-03T02:14:00Z,wf_message_delivery,WF-0000034662,USR-012,"[""PF-PERMITAPPLICATION-002560"",""PF-DOCUMENT-000060"",""PF-INSPECTION-000060""]"
PF-PERMITAPPLICATION-002560,Reinspection Requested,2023-12-03T02:51:00Z,wf_form_submission,WF-0000034663,USR-013,"[""PF-PERMITAPPLICATION-002560"",""PF-REVIEW-000060""]"
PF-PERMITAPPLICATION-002676,Application Reopened,2023-12-03T06:47:00Z,wf_task_history,WF-0000034680,USR-033,"[""PF-PERMITAPPLICATION-002676"",""PF-AGENCY-000176"",""PF-CONDITION-000176""]"
PF-PERMITAPPLICATION-002678,Application Reopened,2023-12-03T12:49:00Z,wf_task_history,WF-0000034704,USR-067,"[""PF-PERMITAPPLICATION-002678"",""PF-AGENCY-000178""]"
PF-PERMITAPPLICATION-002565,Completeness Rejected,2023-12-03T16:00:00Z,wf_external_task,WF-0000034723,USR-059,"[""PF-PERMITAPPLICATION-002565"",""PF-OBJECTION-000065""]"
PF-PERMITAPPLICATION-002565,Application Reopened,2023-12-03T16:52:00Z,wf_task_history,WF-0000034724,USR-051,"[""PF-PERMITAPPLICATION-002565"",""PF-AGENCY-000065"",""PF-CONDITION-000065""]"
PF-PERMITAPPLICATION-002565,Inspection Failed,2023-12-03T17:14:00Z,wf_message_delivery,WF-0000034725,USR-097,"[""PF-PERMITAPPLICATION-002565"",""PF-DOCUMENT-000065""]"
PF-PERMITAPPLICATION-002565,Reinspection Requested,2023-12-03T17:51:00Z,wf_form_submission,WF-0000034726,USR-098,"[""PF-PERMITAPPLICATION-002565"",""PF-REVIEW-000065"",""PF-VIOLATION-000065""]"
PF-PERMITAPPLICATION-002680,Application Reopened,2023-12-03T18:51:00Z,wf_task_history,WF-0000034731,USR-101,"[""PF-PERMITAPPLICATION-002680"",""PF-AGENCY-000180"",""PF-CONDITION-000180""]"
PF-PERMITAPPLICATION-002665,Completeness Rejected,2023-12-03T21:29:00Z,wf_external_task,WF-0000034742,USR-108,"[""PF-PERMITAPPLICATION-002665"",""PF-OBJECTION-000165""]"
PF-PERMITAPPLICATION-002682,Application Reopened,2023-12-04T00:53:00Z,wf_task_history,WF-0000034756,USR-008,"[""PF-PERMITAPPLICATION-002682"",""PF-AGENCY-000182"",""PF-CONDITION-000182""]"
PF-PERMITAPPLICATION-002592,Inspection Failed,2023-12-04T06:47:00Z,wf_message_delivery,WF-0000034791,USR-048,"[""PF-PERMITAPPLICATION-002592"",""PF-DOCUMENT-000092""]"
PF-PERMITAPPLICATION-002684,Application Reopened,2023-12-04T06:55:00Z,wf_task_history,WF-0000034784,USR-042,"[""PF-PERMITAPPLICATION-002684"",""PF-AGENCY-000184""]"
PF-PERMITAPPLICATION-002570,Completeness Rejected,2023-12-04T07:00:00Z,wf_external_task,WF-0000034792,USR-017,"[""PF-PERMITAPPLICATION-002570"",""PF-OBJECTION-000070""]"
PF-PERMITAPPLICATION-002570,Application Reopened,2023-12-04T07:52:00Z,wf_task_history,WF-0000034793,USR-009,"[""PF-PERMITAPPLICATION-002570"",""PF-AGENCY-000070""]"
PF-PERMITAPPLICATION-002570,Inspection Failed,2023-12-04T08:14:00Z,wf_message_delivery,WF-0000034794,USR-055,"[""PF-PERMITAPPLICATION-002570"",""PF-DOCUMENT-000070""]"
PF-PERMITAPPLICATION-002570,Reinspection Requested,2023-12-04T08:51:00Z,wf_form_submission,WF-0000034795,USR-056,"[""PF-PERMITAPPLICATION-002570"",""PF-REVIEW-000070"",""PF-VIOLATION-000070""]"
PF-PERMITAPPLICATION-002686,Application Reopened,2023-12-04T12:57:00Z,wf_task_history,WF-0000034810,USR-076,"[""PF-PERMITAPPLICATION-002686"",""PF-AGENCY-000186""]"
PF-PERMITAPPLICATION-002688,Application Reopened,2023-12-04T18:59:00Z,wf_task_history,WF-0000034836,USR-110,"[""PF-PERMITAPPLICATION-002688"",""PF-AGENCY-000188"",""PF-CONDITION-000188""]"
PF-PERMITAPPLICATION-002575,Completeness Rejected,2023-12-04T22:00:00Z,wf_external_task,WF-0000034853,USR-102,"[""PF-PERMITAPPLICATION-002575"",""PF-OBJECTION-000075""]"
PF-PERMITAPPLICATION-002575,Application Reopened,2023-12-04T22:52:00Z,wf_task_history,WF-0000034854,USR-094,"[""PF-PERMITAPPLICATION-002575"",""PF-AGENCY-000075"",""PF-CONDITION-000075""]"
PF-PERMITAPPLICATION-002575,Inspection Failed,2023-12-04T23:14:00Z,wf_message_delivery,WF-0000034855,USR-013,"[""PF-PERMITAPPLICATION-002575"",""PF-DOCUMENT-000075""]"
PF-PERMITAPPLICATION-002575,Reinspection Requested,2023-12-04T23:51:00Z,wf_form_submission,WF-0000034856,USR-014,"[""PF-PERMITAPPLICATION-002575"",""PF-REVIEW-000075""]"
PF-PERMITAPPLICATION-002690,Application Reopened,2023-12-05T01:01:00Z,wf_task_history,WF-0000034862,USR-017,"[""PF-PERMITAPPLICATION-002690"",""PF-AGENCY-000190"",""PF-CONDITION-000190""]"
PF-PERMITAPPLICATION-002692,Application Reopened,2023-12-05T07:03:00Z,wf_task_history,WF-0000034888,USR-051,"[""PF-PERMITAPPLICATION-002692"",""PF-AGENCY-000192""]"
PF-PERMITAPPLICATION-002600,Reinspection Requested,2023-12-05T12:03:00Z,wf_form_submission,WF-0000034908,USR-058,"[""PF-PERMITAPPLICATION-002600"",""PF-REVIEW-000100"",""PF-VIOLATION-000100""]"
PF-PERMITAPPLICATION-002678,Completeness Rejected,2023-12-05T12:42:00Z,wf_external_task,WF-0000034915,USR-075,"[""PF-PERMITAPPLICATION-002678"",""PF-OBJECTION-000178""]"
PF-PERMITAPPLICATION-002580,Completeness Rejected,2023-12-05T13:00:00Z,wf_external_task,WF-0000034924,USR-060,"[""PF-PERMITAPPLICATION-002580"",""PF-OBJECTION-000080""]"
PF-PERMITAPPLICATION-002694,Application Reopened,2023-12-05T13:05:00Z,wf_task_history,WF-0000034920,USR-085,"[""PF-PERMITAPPLICATION-002694"",""PF-AGENCY-000194""]"
PF-PERMITAPPLICATION-002580,Application Reopened,2023-12-05T13:52:00Z,wf_task_history,WF-0000034925,USR-052,"[""PF-PERMITAPPLICATION-002580"",""PF-AGENCY-000080""]"
PF-PERMITAPPLICATION-002580,Inspection Failed,2023-12-05T14:14:00Z,wf_message_delivery,WF-0000034926,USR-098,"[""PF-PERMITAPPLICATION-002580"",""PF-DOCUMENT-000080""]"
PF-PERMITAPPLICATION-002580,Reinspection Requested,2023-12-05T14:51:00Z,wf_form_submission,WF-0000034927,USR-099,"[""PF-PERMITAPPLICATION-002580"",""PF-REVIEW-000080"",""PF-VIOLATION-000080""]"
PF-PERMITAPPLICATION-002696,Application Reopened,2023-12-05T19:07:00Z,wf_task_history,WF-0000034951,USR-119,"[""PF-PERMITAPPLICATION-002696"",""PF-AGENCY-000196"",""PF-CONDITION-000196""]"
PF-PERMITAPPLICATION-002698,Application Reopened,2023-12-06T00:16:00Z,wf_task_history,WF-0000034962,USR-026,"[""PF-PERMITAPPLICATION-002698"",""PF-AGENCY-000198""]"
PF-PERMITAPPLICATION-002585,Completeness Rejected,2023-12-06T04:00:00Z,wf_external_task,WF-0000034985,USR-018,"[""PF-PERMITAPPLICATION-002585"",""PF-OBJECTION-000085"",""PF-REVIEW-000085""]"
PF-PERMITAPPLICATION-002585,Application Reopened,2023-12-06T04:52:00Z,wf_task_history,WF-0000034986,USR-010,"[""PF-PERMITAPPLICATION-002585"",""PF-AGENCY-000085""]"
PF-PERMITAPPLICATION-002585,Inspection Failed,2023-12-06T05:14:00Z,wf_message_delivery,WF-0000034987,USR-056,"[""PF-PERMITAPPLICATION-002585"",""PF-DOCUMENT-000085"",""PF-INSPECTION-000085""]"
PF-PERMITAPPLICATION-002585,Reinspection Requested,2023-12-06T05:51:00Z,wf_form_submission,WF-0000034988,USR-057,"[""PF-PERMITAPPLICATION-002585"",""PF-REVIEW-000085""]"
PF-PERMITAPPLICATION-002700,Application Reopened,2023-12-06T06:18:00Z,wf_task_history,WF-0000034990,USR-060,"[""PF-PERMITAPPLICATION-002700"",""PF-AGENCY-000200""]"
PF-PERMITAPPLICATION-002702,Application Reopened,2023-12-06T12:20:00Z,wf_task_history,WF-0000035016,USR-094,"[""PF-PERMITAPPLICATION-002702"",""PF-AGENCY-000202"",""PF-CONDITION-000202""]"
PF-PERMITAPPLICATION-002611,Inspection Failed,2023-12-06T15:13:00Z,wf_message_delivery,WF-0000035035,USR-117,"[""PF-PERMITAPPLICATION-002611"",""PF-DOCUMENT-000111""]"
PF-PERMITAPPLICATION-002704,Application Reopened,2023-12-06T18:22:00Z,wf_task_history,WF-0000035040,USR-001,"[""PF-PERMITAPPLICATION-002704"",""PF-AGENCY-000204"",""PF-CONDITION-000204""]"
PF-PERMITAPPLICATION-002590,Completeness Rejected,2023-12-06T19:00:00Z,wf_external_task,WF-0000035049,USR-103,"[""PF-PERMITAPPLICATION-002590"",""PF-OBJECTION-000090"",""PF-REVIEW-000090""]"
PF-PERMITAPPLICATION-002590,Application Reopened,2023-12-06T19:52:00Z,wf_task_history,WF-0000035050,USR-095,"[""PF-PERMITAPPLICATION-002590"",""PF-AGENCY-000090""]"
PF-PERMITAPPLICATION-002590,Inspection Failed,2023-12-06T20:14:00Z,wf_message_delivery,WF-0000035051,USR-014,"[""PF-PERMITAPPLICATION-002590"",""PF-DOCUMENT-000090"",""PF-INSPECTION-000090""]"
PF-PERMITAPPLICATION-002590,Reinspection Requested,2023-12-06T20:51:00Z,wf_form_submission,WF-0000035052,USR-015,"[""PF-PERMITAPPLICATION-002590"",""PF-REVIEW-000090""]"
PF-PERMITAPPLICATION-002706,Application Reopened,2023-12-07T00:24:00Z,wf_task_history,WF-0000035073,USR-035,"[""PF-PERMITAPPLICATION-002706"",""PF-AGENCY-000206"",""PF-CONDITION-000206""]"
PF-PERMITAPPLICATION-002691,Completeness Rejected,2023-12-07T03:02:00Z,wf_external_task,WF-0000035081,USR-042,"[""PF-PERMITAPPLICATION-002691"",""PF-OBJECTION-000191""]"
PF-PERMITAPPLICATION-002708,Application Reopened,2023-12-07T06:26:00Z,wf_task_history,WF-0000035096,USR-069,"[""PF-PERMITAPPLICATION-002708"",""PF-AGENCY-000208""]"
PF-PERMITAPPLICATION-002595,Completeness Rejected,2023-12-07T10:00:00Z,wf_external_task,WF-0000035117,USR-061,"[""PF-PERMITAPPLICATION-002595"",""PF-OBJECTION-000095"",""PF-REVIEW-000095""]"
PF-PERMITAPPLICATION-002595,Application Reopened,2023-12-07T10:52:00Z,wf_task_history,WF-0000035118,USR-053,"[""PF-PERMITAPPLICATION-002595"",""PF-AGENCY-000095""]"
PF-PERMITAPPLICATION-002595,Inspection Failed,2023-12-07T11:14:00Z,wf_message_delivery,WF-0000035119,USR-099,"[""PF-PERMITAPPLICATION-002595"",""PF-DOCUMENT-000095"",""PF-INSPECTION-000095""]"
PF-PERMITAPPLICATION-002595,Reinspection Requested,2023-12-07T11:51:00Z,wf_form_submission,WF-0000035120,USR-100,"[""PF-PERMITAPPLICATION-002595"",""PF-REVIEW-000095""]"
PF-PERMITAPPLICATION-002710,Application Reopened,2023-12-07T12:28:00Z,wf_task_history,WF-0000035124,USR-103,"[""PF-PERMITAPPLICATION-002710"",""PF-AGENCY-000210"",""PF-CONDITION-000210""]"
PF-PERMITAPPLICATION-002712,Application Reopened,2023-12-07T18:30:00Z,wf_task_history,WF-0000035147,USR-010,"[""PF-PERMITAPPLICATION-002712"",""PF-AGENCY-000212"",""PF-CONDITION-000212""]"
PF-PERMITAPPLICATION-002714,Application Reopened,2023-12-08T00:32:00Z,wf_task_history,WF-0000035169,USR-044,"[""PF-PERMITAPPLICATION-002714"",""PF-AGENCY-000214"",""PF-CONDITION-000214""]"
PF-PERMITAPPLICATION-002600,Completeness Rejected,2023-12-08T01:00:00Z,wf_external_task,WF-0000035178,USR-019,"[""PF-PERMITAPPLICATION-002600"",""PF-OBJECTION-000100""]"
PF-PERMITAPPLICATION-002600,Application Reopened,2023-12-08T01:52:00Z,wf_task_history,WF-0000035179,USR-011,"[""PF-PERMITAPPLICATION-002600"",""PF-AGENCY-000100"",""PF-CONDITION-000100""]"
PF-PERMITAPPLICATION-002600,Inspection Failed,2023-12-08T02:14:00Z,wf_message_delivery,WF-0000035180,USR-057,"[""PF-PERMITAPPLICATION-002600"",""PF-DOCUMENT-000100""]"
PF-PERMITAPPLICATION-002600,Reinspection Requested,2023-12-08T02:51:00Z,wf_form_submission,WF-0000035181,USR-058,"[""PF-PERMITAPPLICATION-002600"",""PF-REVIEW-000100"",""PF-VIOLATION-000100""]"
PF-PERMITAPPLICATION-002716,Application Reopened,2023-12-08T06:34:00Z,wf_task_history,WF-0000035200,USR-078,"[""PF-PERMITAPPLICATION-002716"",""PF-AGENCY-000216""]"
PF-PERMITAPPLICATION-002623,Reinspection Requested,2023-12-08T09:26:00Z,wf_form_submission,WF-0000035220,USR-068,"[""PF-PERMITAPPLICATION-002623"",""PF-REVIEW-000123"",""PF-VIOLATION-000123""]"
PF-PERMITAPPLICATION-002718,Application Reopened,2023-12-08T12:36:00Z,wf_task_history,WF-0000035228,USR-112,"[""PF-PERMITAPPLICATION-002718"",""PF-AGENCY-000218""]"
PF-PERMITAPPLICATION-002605,Completeness Rejected,2023-12-08T16:00:00Z,wf_external_task,WF-0000035250,USR-104,"[""PF-PERMITAPPLICATION-002605"",""PF-OBJECTION-000105"",""PF-REVIEW-000105""]"
PF-PERMITAPPLICATION-002605,Application Reopened,2023-12-08T16:52:00Z,wf_task_history,WF-0000035251,USR-096,"[""PF-PERMITAPPLICATION-002605"",""PF-AGENCY-000105""]"
PF-PERMITAPPLICATION-002605,Inspection Failed,2023-12-08T17:14:00Z,wf_message_delivery,WF-0000035252,USR-015,"[""PF-PERMITAPPLICATION-002605"",""PF-DOCUMENT-000105"",""PF-INSPECTION-000105""]"
PF-PERMITAPPLICATION-002605,Reinspection Requested,2023-12-08T17:51:00Z,wf_form_submission,WF-0000035253,USR-016,"[""PF-PERMITAPPLICATION-002605"",""PF-REVIEW-000105""]"
PF-PERMITAPPLICATION-002704,Completeness Rejected,2023-12-08T18:15:00Z,wf_external_task,WF-0000035254,USR-009,"[""PF-PERMITAPPLICATION-002704"",""PF-OBJECTION-000204"",""PF-REVIEW-000204""]"
PF-PERMITAPPLICATION-002720,Application Reopened,2023-12-08T18:38:00Z,wf_task_history,WF-0000035257,USR-019,"[""PF-PERMITAPPLICATION-002720"",""PF-AGENCY-000220""]"
PF-PERMITAPPLICATION-002630,Inspection Failed,2023-12-09T00:32:00Z,wf_message_delivery,WF-0000035284,USR-059,"[""PF-PERMITAPPLICATION-002630"",""PF-DOCUMENT-000130""]"
PF-PERMITAPPLICATION-002722,Application Reopened,2023-12-09T00:40:00Z,wf_task_history,WF-0000035277,USR-053,"[""PF-PERMITAPPLICATION-002722"",""PF-AGENCY-000222""]"
PF-PERMITAPPLICATION-002724,Application Reopened,2023-12-09T06:42:00Z,wf_task_history,WF-0000035302,USR-087,"[""PF-PERMITAPPLICATION-002724"",""PF-AGENCY-000224""]"
PF-PERMITAPPLICATION-002610,Completeness Rejected,2023-12-09T07:00:00Z,wf_external_task,WF-0000035311,USR-062,"[""PF-PERMITAPPLICATION-002610"",""PF-OBJECTION-000110""]"
PF-PERMITAPPLICATION-002610,Application Reopened,2023-12-09T07:52:00Z,wf_task_history,WF-0000035312,USR-054,"[""PF-PERMITAPPLICATION-002610"",""PF-AGENCY-000110""]"
PF-PERMITAPPLICATION-002610,Inspection Failed,2023-12-09T08:14:00Z,wf_message_delivery,WF-0000035313,USR-100,"[""PF-PERMITAPPLICATION-002610"",""PF-DOCUMENT-000110""]"
PF-PERMITAPPLICATION-002610,Reinspection Requested,2023-12-09T08:51:00Z,wf_form_submission,WF-0000035314,USR-101,"[""PF-PERMITAPPLICATION-002610"",""PF-REVIEW-000110"",""PF-VIOLATION-000110""]"
PF-PERMITAPPLICATION-002726,Application Reopened,2023-12-09T12:44:00Z,wf_task_history,WF-0000035330,USR-121,"[""PF-PERMITAPPLICATION-002726"",""PF-AGENCY-000226""]"
PF-PERMITAPPLICATION-002728,Application Reopened,2023-12-09T18:46:00Z,wf_task_history,WF-0000035359,USR-028,"[""PF-PERMITAPPLICATION-002728"",""PF-AGENCY-000228""]"
PF-PERMITAPPLICATION-002615,Completeness Rejected,2023-12-09T22:00:00Z,wf_external_task,WF-0000035378,USR-020,"[""PF-PERMITAPPLICATION-002615"",""PF-OBJECTION-000115""]"
PF-PERMITAPPLICATION-002615,Application Reopened,2023-12-09T22:52:00Z,wf_task_history,WF-0000035379,USR-012,"[""PF-PERMITAPPLICATION-002615"",""PF-AGENCY-000115"",""PF-CONDITION-000115""]"
PF-PERMITAPPLICATION-002615,Inspection Failed,2023-12-09T23:14:00Z,wf_message_delivery,WF-0000035380,USR-058,"[""PF-PERMITAPPLICATION-002615"",""PF-DOCUMENT-000115""]"
PF-PERMITAPPLICATION-002615,Reinspection Requested,2023-12-09T23:51:00Z,wf_form_submission,WF-0000035381,USR-059,"[""PF-PERMITAPPLICATION-002615"",""PF-REVIEW-000115"",""PF-VIOLATION-000115""]"
PF-PERMITAPPLICATION-002730,Application Reopened,2023-12-10T00:48:00Z,wf_task_history,WF-0000035388,USR-062,"[""PF-PERMITAPPLICATION-002730"",""PF-AGENCY-000230""]"
PF-PERMITAPPLICATION-002732,Application Reopened,2023-12-10T06:50:00Z,wf_task_history,WF-0000035411,USR-096,"[""PF-PERMITAPPLICATION-002732"",""PF-AGENCY-000232"",""PF-CONDITION-000232""]"
PF-PERMITAPPLICATION-002717,Completeness Rejected,2023-12-10T09:28:00Z,wf_external_task,WF-0000035419,USR-103,"[""PF-PERMITAPPLICATION-002717"",""PF-OBJECTION-000217"",""PF-REVIEW-000217""]"
PF-PERMITAPPLICATION-002734,Application Reopened,2023-12-10T12:52:00Z,wf_task_history,WF-0000035434,USR-003,"[""PF-PERMITAPPLICATION-002734"",""PF-AGENCY-000234""]"
PF-PERMITAPPLICATION-002620,Completeness Rejected,2023-12-10T13:00:00Z,wf_external_task,WF-0000035441,USR-105,"[""PF-PERMITAPPLICATION-002620"",""PF-OBJECTION-000120"",""PF-REVIEW-000120""]"
PF-PERMITAPPLICATION-002620,Application Reopened,2023-12-10T13:52:00Z,wf_task_history,WF-0000035442,USR-097,"[""PF-PERMITAPPLICATION-002620"",""PF-AGENCY-000120""]"
PF-PERMITAPPLICATION-002620,Inspection Failed,2023-12-10T14:14:00Z,wf_message_delivery,WF-0000035443,USR-016,"[""PF-PERMITAPPLICATION-002620"",""PF-DOCUMENT-000120"",""PF-INSPECTION-000120""]"
PF-PERMITAPPLICATION-002620,Reinspection Requested,2023-12-10T14:51:00Z,wf_form_submission,WF-0000035444,USR-017,"[""PF-PERMITAPPLICATION-002620"",""PF-REVIEW-000120""]"
PF-PERMITAPPLICATION-002736,Application Reopened,2023-12-10T18:54:00Z,wf_task_history,WF-0000035460,USR-037,"[""PF-PERMITAPPLICATION-002736"",""PF-AGENCY-000236""]"
PF-PERMITAPPLICATION-002738,Application Reopened,2023-12-11T00:56:00Z,wf_task_history,WF-0000035490,USR-071,"[""PF-PERMITAPPLICATION-002738"",""PF-AGENCY-000238"",""PF-CONDITION-000238""]"
PF-PERMITAPPLICATION-002625,Completeness Rejected,2023-12-11T04:00:00Z,wf_external_task,WF-0000035511,USR-063,"[""PF-PERMITAPPLICATION-002625"",""PF-OBJECTION-000125"",""PF-REVIEW-000125""]"
PF-PERMITAPPLICATION-002625,Application Reopened,2023-12-11T04:52:00Z,wf_task_history,WF-0000035512,USR-055,"[""PF-PERMITAPPLICATION-002625"",""PF-AGENCY-000125""]"
PF-PERMITAPPLICATION-002625,Inspection Failed,2023-12-11T05:14:00Z,wf_message_delivery,WF-0000035513,USR-101,"[""PF-PERMITAPPLICATION-002625"",""PF-DOCUMENT-000125"",""PF-INSPECTION-000125""]"
PF-PERMITAPPLICATION-002625,Reinspection Requested,2023-12-11T05:51:00Z,wf_form_submission,WF-0000035514,USR-102,"[""PF-PERMITAPPLICATION-002625"",""PF-REVIEW-000125""]"
PF-PERMITAPPLICATION-002646,Reinspection Requested,2023-12-11T06:49:00Z,wf_form_submission,WF-0000035525,USR-078,"[""PF-PERMITAPPLICATION-002646"",""PF-REVIEW-000146"",""PF-VIOLATION-000146""]"
PF-PERMITAPPLICATION-002740,Application Reopened,2023-12-11T06:58:00Z,wf_task_history,WF-0000035519,USR-105,"[""PF-PERMITAPPLICATION-002740"",""PF-AGENCY-000240""]"
PF-PERMITAPPLICATION-002649,Inspection Failed,2023-12-11T09:51:00Z,wf_message_delivery,WF-0000035538,USR-001,"[""PF-PERMITAPPLICATION-002649"",""PF-DOCUMENT-000149""]"
PF-PERMITAPPLICATION-002742,Application Reopened,2023-12-11T13:00:00Z,wf_task_history,WF-0000035542,USR-012,"[""PF-PERMITAPPLICATION-002742"",""PF-AGENCY-000242""]"
PF-PERMITAPPLICATION-002630,Completeness Rejected,2023-12-11T19:00:00Z,wf_external_task,WF-0000035572,USR-021,"[""PF-PERMITAPPLICATION-002630"",""PF-OBJECTION-000130"",""PF-REVIEW-000130""]"
PF-PERMITAPPLICATION-002744,Application Reopened,2023-12-11T19:02:00Z,wf_task_history,WF-0000035566,USR-046,"[""PF-PERMITAPPLICATION-002744"",""PF-AGENCY-000244""]"
PF-PERMITAPPLICATION-002630,Application Reopened,2023-12-11T19:52:00Z,wf_task_history,WF-0000035573,USR-013,"[""PF-PERMITAPPLICATION-002630"",""PF-AGENCY-000130""]"
PF-PERMITAPPLICATION-002630,Inspection Failed,2023-12-11T20:14:00Z,wf_message_delivery,WF-0000035574,USR-059,"[""PF-PERMITAPPLICATION-002630"",""PF-DOCUMENT-000130"",""PF-INSPECTION-000130""]"
PF-PERMITAPPLICATION-002630,Reinspection Requested,2023-12-11T20:51:00Z,wf_form_submission,WF-0000035575,USR-060,"[""PF-PERMITAPPLICATION-002630"",""PF-REVIEW-000130""]"
PF-PERMITAPPLICATION-002730,Completeness Rejected,2023-12-12T00:41:00Z,wf_external_task,WF-0000035594,USR-070,"[""PF-PERMITAPPLICATION-002730"",""PF-OBJECTION-000230""]"
PF-PERMITAPPLICATION-002746,Application Reopened,2023-12-12T01:04:00Z,wf_task_history,WF-0000035597,USR-080,"[""PF-PERMITAPPLICATION-002746"",""PF-AGENCY-000246"",""PF-CONDITION-000246""]"
PF-PERMITAPPLICATION-002748,Application Reopened,2023-12-12T07:06:00Z,wf_task_history,WF-0000035622,USR-114,"[""PF-PERMITAPPLICATION-002748"",""PF-AGENCY-000248""]"
PF-PERMITAPPLICATION-002635,Completeness Rejected,2023-12-12T10:00:00Z,wf_external_task,WF-0000035642,USR-106,"[""PF-PERMITAPPLICATION-002635"",""PF-OBJECTION-000135"",""PF-REVIEW-000135""]"
PF-PERMITAPPLICATION-002635,Application Reopened,2023-12-12T10:52:00Z,wf_task_history,WF-0000035643,USR-098,"[""PF-PERMITAPPLICATION-002635"",""PF-AGENCY-000135""]"
PF-PERMITAPPLICATION-002635,Inspection Failed,2023-12-12T11:14:00Z,wf_message_delivery,WF-0000035644,USR-017,"[""PF-PERMITAPPLICATION-002635"",""PF-DOCUMENT-000135"",""PF-INSPECTION-000135""]"
PF-PERMITAPPLICATION-002635,Reinspection Requested,2023-12-12T11:51:00Z,wf_form_submission,WF-0000035645,USR-018,"[""PF-PERMITAPPLICATION-002635"",""PF-REVIEW-000135""]"
PF-PERMITAPPLICATION-002750,Application Reopened,2023-12-12T12:15:00Z,wf_task_history,WF-0000035646,USR-021,"[""PF-PERMITAPPLICATION-002750"",""PF-AGENCY-000250"",""PF-CONDITION-000250""]"
PF-PERMITAPPLICATION-002752,Application Reopened,2023-12-12T18:17:00Z,wf_task_history,WF-0000035669,USR-055,"[""PF-PERMITAPPLICATION-002752"",""PF-AGENCY-000252""]"
PF-PERMITAPPLICATION-002754,Application Reopened,2023-12-13T00:19:00Z,wf_task_history,WF-0000035695,USR-089,"[""PF-PERMITAPPLICATION-002754"",""PF-AGENCY-000254""]"
PF-PERMITAPPLICATION-002640,Completeness Rejected,2023-12-13T01:00:00Z,wf_external_task,WF-0000035704,USR-064,"[""PF-PERMITAPPLICATION-002640"",""PF-OBJECTION-000140"",""PF-REVIEW-000140""]"
PF-PERMITAPPLICATION-002640,Application Reopened,2023-12-13T01:52:00Z,wf_task_history,WF-0000035705,USR-056,"[""PF-PERMITAPPLICATION-002640"",""PF-AGENCY-000140""]"
PF-PERMITAPPLICATION-002640,Inspection Failed,2023-12-13T02:14:00Z,wf_message_delivery,WF-0000035706,USR-102,"[""PF-PERMITAPPLICATION-002640"",""PF-DOCUMENT-000140"",""PF-INSPECTION-000140""]"
PF-PERMITAPPLICATION-002640,Reinspection Requested,2023-12-13T02:51:00Z,wf_form_submission,WF-0000035707,USR-103,"[""PF-PERMITAPPLICATION-002640"",""PF-REVIEW-000140""]"
PF-PERMITAPPLICATION-002756,Application Reopened,2023-12-13T06:21:00Z,wf_task_history,WF-0000035722,USR-123,"[""PF-PERMITAPPLICATION-002756"",""PF-AGENCY-000256""]"
PF-PERMITAPPLICATION-002758,Application Reopened,2023-12-13T12:23:00Z,wf_task_history,WF-0000035746,USR-030,"[""PF-PERMITAPPLICATION-002758"",""PF-AGENCY-000258""]"
PF-PERMITAPPLICATION-002743,Completeness Rejected,2023-12-13T15:01:00Z,wf_external_task,WF-0000035755,USR-037,"[""PF-PERMITAPPLICATION-002743"",""PF-OBJECTION-000243"",""PF-REVIEW-000243""]"
PF-PERMITAPPLICATION-002645,Completeness Rejected,2023-12-13T16:00:00Z,wf_external_task,WF-0000035767,USR-022,"[""PF-PERMITAPPLICATION-002645"",""PF-OBJECTION-000145"",""PF-REVIEW-000145""]"
PF-PERMITAPPLICATION-002645,Application Reopened,2023-12-13T16:52:00Z,wf_task_history,WF-0000035768,USR-014,"[""PF-PERMITAPPLICATION-002645"",""PF-AGENCY-000145""]"
PF-PERMITAPPLICATION-002645,Inspection Failed,2023-12-13T17:14:00Z,wf_message_delivery,WF-0000035769,USR-060,"[""PF-PERMITAPPLICATION-002645"",""PF-DOCUMENT-000145"",""PF-INSPECTION-000145""]"
PF-PERMITAPPLICATION-002645,Reinspection Requested,2023-12-13T17:51:00Z,wf_form_submission,WF-0000035770,USR-061,"[""PF-PERMITAPPLICATION-002645"",""PF-REVIEW-000145""]"
PF-PERMITAPPLICATION-002668,Inspection Failed,2023-12-13T18:17:00Z,wf_message_delivery,WF-0000035782,USR-070,"[""PF-PERMITAPPLICATION-002668"",""PF-DOCUMENT-000168""]"
PF-PERMITAPPLICATION-002760,Application Reopened,2023-12-13T18:25:00Z,wf_task_history,WF-0000035774,USR-064,"[""PF-PERMITAPPLICATION-002760"",""PF-AGENCY-000260"",""PF-CONDITION-000260""]"
PF-PERMITAPPLICATION-002762,Application Reopened,2023-12-14T00:27:00Z,wf_task_history,WF-0000035803,USR-098,"[""PF-PERMITAPPLICATION-002762"",""PF-AGENCY-000262""]"
PF-PERMITAPPLICATION-002669,Reinspection Requested,2023-12-14T03:19:00Z,wf_form_submission,WF-0000035820,USR-088,"[""PF-PERMITAPPLICATION-002669"",""PF-REVIEW-000169""]"
PF-PERMITAPPLICATION-002764,Application Reopened,2023-12-14T06:29:00Z,wf_task_history,WF-0000035825,USR-005,"[""PF-PERMITAPPLICATION-002764"",""PF-AGENCY-000264""]"
PF-PERMITAPPLICATION-002650,Completeness Rejected,2023-12-14T07:00:00Z,wf_external_task,WF-0000035836,USR-107,"[""PF-PERMITAPPLICATION-002650"",""PF-OBJECTION-000150"",""PF-REVIEW-000150""]"
PF-PERMITAPPLICATION-002650,Application Reopened,2023-12-14T07:52:00Z,wf_task_history,WF-0000035837,USR-099,"[""PF-PERMITAPPLICATION-002650"",""PF-AGENCY-000150""]"
PF-PERMITAPPLICATION-002650,Inspection Failed,2023-12-14T08:14:00Z,wf_message_delivery,WF-0000035838,USR-018,"[""PF-PERMITAPPLICATION-002650"",""PF-DOCUMENT-000150"",""PF-INSPECTION-000150""]"
PF-PERMITAPPLICATION-002650,Reinspection Requested,2023-12-14T08:51:00Z,wf_form_submission,WF-0000035839,USR-019,"[""PF-PERMITAPPLICATION-002650"",""PF-REVIEW-000150""]"
PF-PERMITAPPLICATION-002766,Application Reopened,2023-12-14T12:31:00Z,wf_task_history,WF-0000035854,USR-039,"[""PF-PERMITAPPLICATION-002766"",""PF-AGENCY-000266"",""PF-CONDITION-000266""]"
PF-PERMITAPPLICATION-002768,Application Reopened,2023-12-14T18:33:00Z,wf_task_history,WF-0000035878,USR-073,"[""PF-PERMITAPPLICATION-002768"",""PF-AGENCY-000268"",""PF-CONDITION-000268""]"
PF-PERMITAPPLICATION-002655,Completeness Rejected,2023-12-14T22:00:00Z,wf_external_task,WF-0000035897,USR-065,"[""PF-PERMITAPPLICATION-002655"",""PF-OBJECTION-000155"",""PF-REVIEW-000155""]"
PF-PERMITAPPLICATION-002655,Application Reopened,2023-12-14T22:52:00Z,wf_task_history,WF-0000035898,USR-057,"[""PF-PERMITAPPLICATION-002655"",""PF-AGENCY-000155""]"
PF-PERMITAPPLICATION-002655,Inspection Failed,2023-12-14T23:14:00Z,wf_message_delivery,WF-0000035899,USR-103,"[""PF-PERMITAPPLICATION-002655"",""PF-DOCUMENT-000155"",""PF-INSPECTION-000155""]"
PF-PERMITAPPLICATION-002655,Reinspection Requested,2023-12-14T23:51:00Z,wf_form_submission,WF-0000035900,USR-104,"[""PF-PERMITAPPLICATION-002655"",""PF-REVIEW-000155""]"
PF-PERMITAPPLICATION-002770,Application Reopened,2023-12-15T00:35:00Z,wf_task_history,WF-0000035903,USR-107,"[""PF-PERMITAPPLICATION-002770"",""PF-AGENCY-000270"",""PF-CONDITION-000270""]"
PF-PERMITAPPLICATION-002756,Completeness Rejected,2023-12-15T06:14:00Z,wf_external_task,WF-0000035932,USR-004,"[""PF-PERMITAPPLICATION-002756"",""PF-OBJECTION-000256"",""PF-REVIEW-000256""]"
PF-PERMITAPPLICATION-002772,Application Reopened,2023-12-15T06:37:00Z,wf_task_history,WF-0000035935,USR-014,"[""PF-PERMITAPPLICATION-002772"",""PF-AGENCY-000272"",""PF-CONDITION-000272""]"
PF-PERMITAPPLICATION-002774,Application Reopened,2023-12-15T12:39:00Z,wf_task_history,WF-0000035957,USR-048,"[""PF-PERMITAPPLICATION-002774"",""PF-AGENCY-000274"",""PF-CONDITION-000274""]"
PF-PERMITAPPLICATION-002660,Completeness Rejected,2023-12-15T13:00:00Z,wf_external_task,WF-0000035966,USR-023,"[""PF-PERMITAPPLICATION-002660"",""PF-OBJECTION-000160""]"
PF-PERMITAPPLICATION-002660,Application Reopened,2023-12-15T13:52:00Z,wf_task_history,WF-0000035967,USR-015,"[""PF-PERMITAPPLICATION-002660"",""PF-AGENCY-000160""]"
PF-PERMITAPPLICATION-002660,Inspection Failed,2023-12-15T14:14:00Z,wf_message_delivery,WF-0000035968,USR-061,"[""PF-PERMITAPPLICATION-002660"",""PF-DOCUMENT-000160""]"
PF-PERMITAPPLICATION-002660,Reinspection Requested,2023-12-15T14:51:00Z,wf_form_submission,WF-0000035969,USR-062,"[""PF-PERMITAPPLICATION-002660"",""PF-REVIEW-000160"",""PF-VIOLATION-000160""]"
PF-PERMITAPPLICATION-002776,Application Reopened,2023-12-15T18:41:00Z,wf_task_history,WF-0000035984,USR-082,"[""PF-PERMITAPPLICATION-002776"",""PF-AGENCY-000276"",""PF-CONDITION-000276""]"
PF-PERMITAPPLICATION-002778,Application Reopened,2023-12-16T00:43:00Z,wf_task_history,WF-0000036009,USR-116,"[""PF-PERMITAPPLICATION-002778"",""PF-AGENCY-000278""]"
PF-PERMITAPPLICATION-002687,Inspection Failed,2023-12-16T03:36:00Z,wf_message_delivery,WF-0000036028,USR-012,"[""PF-PERMITAPPLICATION-002687"",""PF-DOCUMENT-000187"",""PF-INSPECTION-000187""]"
PF-PERMITAPPLICATION-002665,Completeness Rejected,2023-12-16T04:00:00Z,wf_external_task,WF-0000036031,USR-108,"[""PF-PERMITAPPLICATION-002665"",""PF-OBJECTION-000165"",""PF-REVIEW-000165""]"
PF-PERMITAPPLICATION-002665,Application Reopened,2023-12-16T04:52:00Z,wf_task_history,WF-0000036032,USR-100,"[""PF-PERMITAPPLICATION-002665"",""PF-AGENCY-000165""]"
PF-PERMITAPPLICATION-002665,Inspection Failed,2023-12-16T05:14:00Z,wf_message_delivery,WF-0000036033,USR-019,"[""PF-PERMITAPPLICATION-002665"",""PF-DOCUMENT-000165"",""PF-INSPECTION-000165""]"
PF-PERMITAPPLICATION-002665,Reinspection Requested,2023-12-16T05:51:00Z,wf_form_submission,WF-0000036034,USR-020,"[""PF-PERMITAPPLICATION-002665"",""PF-REVIEW-000165""]"
PF-PERMITAPPLICATION-002780,Application Reopened,2023-12-16T06:45:00Z,wf_task_history,WF-0000036039,USR-023,"[""PF-PERMITAPPLICATION-002780"",""PF-AGENCY-000280""]"
PF-PERMITAPPLICATION-002782,Application Reopened,2023-12-16T12:47:00Z,wf_task_history,WF-0000036065,USR-057,"[""PF-PERMITAPPLICATION-002782"",""PF-AGENCY-000282"",""PF-CONDITION-000282""]"
PF-PERMITAPPLICATION-002784,Application Reopened,2023-12-16T18:49:00Z,wf_task_history,WF-0000036090,USR-091,"[""PF-PERMITAPPLICATION-002784"",""PF-AGENCY-000284"",""PF-CONDITION-000284""]"
PF-PERMITAPPLICATION-002670,Completeness Rejected,2023-12-16T19:00:00Z,wf_external_task,WF-0000036098,USR-066,"[""PF-PERMITAPPLICATION-002670"",""PF-OBJECTION-000170"",""PF-REVIEW-000170""]"
PF-PERMITAPPLICATION-002670,Application Reopened,2023-12-16T19:52:00Z,wf_task_history,WF-0000036099,USR-058,"[""PF-PERMITAPPLICATION-002670"",""PF-AGENCY-000170""]"
PF-PERMITAPPLICATION-002670,Inspection Failed,2023-12-16T20:14:00Z,wf_message_delivery,WF-0000036100,USR-104,"[""PF-PERMITAPPLICATION-002670"",""PF-DOCUMENT-000170"",""PF-INSPECTION-000170""]"
PF-PERMITAPPLICATION-002670,Reinspection Requested,2023-12-16T20:51:00Z,wf_form_submission,WF-0000036101,USR-105,"[""PF-PERMITAPPLICATION-002670"",""PF-REVIEW-000170""]"
PF-PERMITAPPLICATION-002769,Completeness Rejected,2023-12-16T21:27:00Z,wf_external_task,WF-0000036102,USR-098,"[""PF-PERMITAPPLICATION-002769"",""PF-OBJECTION-000269""]"
PF-PERMITAPPLICATION-002692,Reinspection Requested,2023-12-17T00:42:00Z,wf_form_submission,WF-0000036123,USR-098,"[""PF-PERMITAPPLICATION-002692"",""PF-REVIEW-000192""]"
PF-PERMITAPPLICATION-002786,Application Reopened,2023-12-17T00:51:00Z,wf_task_history,WF-0000036117,USR-125,"[""PF-PERMITAPPLICATION-002786"",""PF-AGENCY-000286""]"
PF-PERMITAPPLICATION-002788,Application Reopened,2023-12-17T06:53:00Z,wf_task_history,WF-0000036142,USR-032,"[""PF-PERMITAPPLICATION-002788"",""PF-AGENCY-000288""]"
PF-PERMITAPPLICATION-002675,Completeness Rejected,2023-12-17T10:00:00Z,wf_external_task,WF-0000036160,USR-024,"[""PF-PERMITAPPLICATION-002675"",""PF-OBJECTION-000175""]"
PF-PERMITAPPLICATION-002675,Application Reopened,2023-12-17T10:52:00Z,wf_task_history,WF-0000036161,USR-016,"[""PF-PERMITAPPLICATION-002675"",""PF-AGENCY-000175"",""PF-CONDITION-000175""]"
PF-PERMITAPPLICATION-002675,Inspection Failed,2023-12-17T11:14:00Z,wf_message_delivery,WF-0000036162,USR-062,"[""PF-PERMITAPPLICATION-002675"",""PF-DOCUMENT-000175""]"
PF-PERMITAPPLICATION-002675,Reinspection Requested,2023-12-17T11:51:00Z,wf_form_submission,WF-0000036163,USR-063,"[""PF-PERMITAPPLICATION-002675"",""PF-REVIEW-000175"",""PF-VIOLATION-000175""]"
PF-PERMITAPPLICATION-002790,Application Reopened,2023-12-17T12:55:00Z,wf_task_history,WF-0000036168,USR-066,"[""PF-PERMITAPPLICATION-002790"",""PF-AGENCY-000290""]"
PF-PERMITAPPLICATION-002792,Application Reopened,2023-12-17T18:57:00Z,wf_task_history,WF-0000036190,USR-100,"[""PF-PERMITAPPLICATION-002792"",""PF-AGENCY-000292""]"
PF-PERMITAPPLICATION-002794,Application Reopened,2023-12-18T00:59:00Z,wf_task_history,WF-0000036222,USR-007,"[""PF-PERMITAPPLICATION-002794"",""PF-AGENCY-000294""]"
PF-PERMITAPPLICATION-002680,Completeness Rejected,2023-12-18T01:00:00Z,wf_external_task,WF-0000036229,USR-109,"[""PF-PERMITAPPLICATION-002680"",""PF-OBJECTION-000180"",""PF-REVIEW-000180""]"
PF-PERMITAPPLICATION-002680,Application Reopened,2023-12-18T01:52:00Z,wf_task_history,WF-0000036230,USR-101,"[""PF-PERMITAPPLICATION-002680"",""PF-AGENCY-000180""]"
PF-PERMITAPPLICATION-002680,Inspection Failed,2023-12-18T02:14:00Z,wf_message_delivery,WF-0000036231,USR-020,"[""PF-PERMITAPPLICATION-002680"",""PF-DOCUMENT-000180"",""PF-INSPECTION-000180""]"
PF-PERMITAPPLICATION-002680,Reinspection Requested,2023-12-18T02:51:00Z,wf_form_submission,WF-0000036232,USR-021,"[""PF-PERMITAPPLICATION-002680"",""PF-REVIEW-000180""]"
PF-PERMITAPPLICATION-002796,Application Reopened,2023-12-18T07:01:00Z,wf_task_history,WF-0000036249,USR-041,"[""PF-PERMITAPPLICATION-002796"",""PF-AGENCY-000296""]"
PF-PERMITAPPLICATION-002706,Inspection Failed,2023-12-18T12:02:00Z,wf_message_delivery,WF-0000036268,USR-081,"[""PF-PERMITAPPLICATION-002706"",""PF-DOCUMENT-000206""]"
PF-PERMITAPPLICATION-002782,Completeness Rejected,2023-12-18T12:40:00Z,wf_external_task,WF-0000036270,USR-065,"[""PF-PERMITAPPLICATION-002782"",""PF-OBJECTION-000282""]"
PF-PERMITAPPLICATION-002798,Application Reopened,2023-12-18T13:03:00Z,wf_task_history,WF-0000036273,USR-075,"[""PF-PERMITAPPLICATION-002798"",""PF-AGENCY-000298""]"
PF-PERMITAPPLICATION-002685,Completeness Rejected,2023-12-18T16:00:00Z,wf_external_task,WF-0000036291,USR-067,"[""PF-PERMITAPPLICATION-002685"",""PF-OBJECTION-000185""]"
PF-PERMITAPPLICATION-002685,Application Reopened,2023-12-18T16:52:00Z,wf_task_history,WF-0000036292,USR-059,"[""PF-PERMITAPPLICATION-002685"",""PF-AGENCY-000185"",""PF-CONDITION-000185""]"
PF-PERMITAPPLICATION-002685,Inspection Failed,2023-12-18T17:14:00Z,wf_message_delivery,WF-0000036293,USR-105,"[""PF-PERMITAPPLICATION-002685"",""PF-DOCUMENT-000185""]"
PF-PERMITAPPLICATION-002685,Reinspection Requested,2023-12-18T17:51:00Z,wf_form_submission,WF-0000036294,USR-106,"[""PF-PERMITAPPLICATION-002685"",""PF-REVIEW-000185""]"
PF-PERMITAPPLICATION-002800,Application Reopened,2023-12-18T19:05:00Z,wf_task_history,WF-0000036304,USR-109,"[""PF-PERMITAPPLICATION-002800"",""PF-AGENCY-000300""]"
PF-PERMITAPPLICATION-002802,Application Reopened,2023-12-19T01:07:00Z,wf_task_history,WF-0000036331,USR-016,"[""PF-PERMITAPPLICATION-002802"",""PF-AGENCY-000302"",""PF-CONDITION-000302""]"
PF-PERMITAPPLICATION-002804,Application Reopened,2023-12-19T06:16:00Z,wf_task_history,WF-0000036343,USR-050,"[""PF-PERMITAPPLICATION-002804"",""PF-AGENCY-000304"",""PF-CONDITION-000304""]"
PF-PERMITAPPLICATION-002690,Completeness Rejected,2023-12-19T07:00:00Z,wf_external_task,WF-0000036359,USR-025,"[""PF-PERMITAPPLICATION-002690"",""PF-OBJECTION-000190"",""PF-REVIEW-000190""]"
PF-PERMITAPPLICATION-002690,Application Reopened,2023-12-19T07:52:00Z,wf_task_history,WF-0000036360,USR-017,"[""PF-PERMITAPPLICATION-002690"",""PF-AGENCY-000190""]"
PF-PERMITAPPLICATION-002690,Inspection Failed,2023-12-19T08:14:00Z,wf_message_delivery,WF-0000036361,USR-063,"[""PF-PERMITAPPLICATION-002690"",""PF-DOCUMENT-000190"",""PF-INSPECTION-000190""]"
PF-PERMITAPPLICATION-002690,Reinspection Requested,2023-12-19T08:51:00Z,wf_form_submission,WF-0000036362,USR-064,"[""PF-PERMITAPPLICATION-002690"",""PF-REVIEW-000190""]"
PF-PERMITAPPLICATION-002806,Application Reopened,2023-12-19T12:18:00Z,wf_task_history,WF-0000036376,USR-084,"[""PF-PERMITAPPLICATION-002806"",""PF-AGENCY-000306"",""PF-CONDITION-000306""]"
PF-PERMITAPPLICATION-002808,Application Reopened,2023-12-19T18:20:00Z,wf_task_history,WF-0000036401,USR-118,"[""PF-PERMITAPPLICATION-002808"",""PF-AGENCY-000308"",""PF-CONDITION-000308""]"
PF-PERMITAPPLICATION-002715,Reinspection Requested,2023-12-19T21:12:00Z,wf_form_submission,WF-0000036418,USR-108,"[""PF-PERMITAPPLICATION-002715"",""PF-REVIEW-000215"",""PF-VIOLATION-000215""]"
PF-PERMITAPPLICATION-002695,Completeness Rejected,2023-12-19T22:00:00Z,wf_external_task,WF-0000036421,USR-110,"[""PF-PERMITAPPLICATION-002695"",""PF-OBJECTION-000195""]"
PF-PERMITAPPLICATION-002695,Application Reopened,2023-12-19T22:52:00Z,wf_task_history,WF-0000036422,USR-102,"[""PF-PERMITAPPLICATION-002695"",""PF-AGENCY-000195"",""PF-CONDITION-000195""]"
PF-PERMITAPPLICATION-002695,Inspection Failed,2023-12-19T23:14:00Z,wf_message_delivery,WF-0000036423,USR-021,"[""PF-PERMITAPPLICATION-002695"",""PF-DOCUMENT-000195""]"
PF-PERMITAPPLICATION-002695,Reinspection Requested,2023-12-19T23:51:00Z,wf_form_submission,WF-0000036424,USR-022,"[""PF-PERMITAPPLICATION-002695"",""PF-REVIEW-000195"",""PF-VIOLATION-000195""]"
PF-PERMITAPPLICATION-002810,Application Reopened,2023-12-20T00:22:00Z,wf_task_history,WF-0000036429,USR-025,"[""PF-PERMITAPPLICATION-002810"",""PF-AGENCY-000310"",""PF-CONDITION-000310""]"
PF-PERMITAPPLICATION-002795,Completeness Rejected,2023-12-20T03:00:00Z,wf_external_task,WF-0000036438,USR-032,"[""PF-PERMITAPPLICATION-002795"",""PF-OBJECTION-000295""]"
PF-PERMITAPPLICATION-002812,Application Reopened,2023-12-20T06:24:00Z,wf_task_history,WF-0000036452,USR-059,"[""PF-PERMITAPPLICATION-002812"",""PF-AGENCY-000312"",""PF-CONDITION-000312""]"
PF-PERMITAPPLICATION-002814,Application Reopened,2023-12-20T12:26:00Z,wf_task_history,WF-0000036478,USR-093,"[""PF-PERMITAPPLICATION-002814"",""PF-AGENCY-000314"",""PF-CONDITION-000314""]"
PF-PERMITAPPLICATION-002700,Completeness Rejected,2023-12-20T13:00:00Z,wf_external_task,WF-0000036487,USR-068,"[""PF-PERMITAPPLICATION-002700"",""PF-OBJECTION-000200""]"
PF-PERMITAPPLICATION-002700,Application Reopened,2023-12-20T13:52:00Z,wf_task_history,WF-0000036488,USR-060,"[""PF-PERMITAPPLICATION-002700"",""PF-AGENCY-000200"",""PF-CONDITION-000200""]"
PF-PERMITAPPLICATION-002700,Inspection Failed,2023-12-20T14:14:00Z,wf_message_delivery,WF-0000036489,USR-106,"[""PF-PERMITAPPLICATION-002700"",""PF-DOCUMENT-000200""]"
PF-PERMITAPPLICATION-002700,Reinspection Requested,2023-12-20T14:51:00Z,wf_form_submission,WF-0000036490,USR-107,"[""PF-PERMITAPPLICATION-002700"",""PF-REVIEW-000200"",""PF-VIOLATION-000200""]"
PF-PERMITAPPLICATION-002816,Application Reopened,2023-12-20T18:28:00Z,wf_task_history,WF-0000036510,USR-127,"[""PF-PERMITAPPLICATION-002816"",""PF-AGENCY-000316"",""PF-CONDITION-000316""]"
PF-PERMITAPPLICATION-002725,Inspection Failed,2023-12-20T21:21:00Z,wf_message_delivery,WF-0000036532,USR-023,"[""PF-PERMITAPPLICATION-002725"",""PF-DOCUMENT-000225""]"
PF-PERMITAPPLICATION-002818,Application Reopened,2023-12-21T00:30:00Z,wf_task_history,WF-0000036535,USR-034,"[""PF-PERMITAPPLICATION-002818"",""PF-AGENCY-000318""]"
PF-PERMITAPPLICATION-002705,Completeness Rejected,2023-12-21T04:00:00Z,wf_external_task,WF-0000036554,USR-026,"[""PF-PERMITAPPLICATION-002705"",""PF-OBJECTION-000205""]"
PF-PERMITAPPLICATION-002705,Application Reopened,2023-12-21T04:52:00Z,wf_task_history,WF-0000036555,USR-018,"[""PF-PERMITAPPLICATION-002705"",""PF-AGENCY-000205""]"
PF-PERMITAPPLICATION-002705,Inspection Failed,2023-12-21T05:14:00Z,wf_message_delivery,WF-0000036556,USR-064,"[""PF-PERMITAPPLICATION-002705"",""PF-DOCUMENT-000205""]"
PF-PERMITAPPLICATION-002705,Reinspection Requested,2023-12-21T05:51:00Z,wf_form_submission,WF-0000036557,USR-065,"[""PF-PERMITAPPLICATION-002705"",""PF-REVIEW-000205"",""PF-VIOLATION-000205""]"
PF-PERMITAPPLICATION-002820,Application Reopened,2023-12-21T06:32:00Z,wf_task_history,WF-0000036560,USR-068,"[""PF-PERMITAPPLICATION-002820"",""PF-AGENCY-000320"",""PF-CONDITION-000320""]"
PF-PERMITAPPLICATION-002822,Application Reopened,2023-12-21T12:34:00Z,wf_task_history,WF-0000036583,USR-102,"[""PF-PERMITAPPLICATION-002822"",""PF-AGENCY-000322"",""PF-CONDITION-000322""]"
PF-PERMITAPPLICATION-002808,Completeness Rejected,2023-12-21T18:13:00Z,wf_external_task,WF-0000036604,USR-126,"[""PF-PERMITAPPLICATION-002808"",""PF-OBJECTION-000308""]"
PF-PERMITAPPLICATION-002824,Application Reopened,2023-12-21T18:36:00Z,wf_task_history,WF-0000036608,USR-009,"[""PF-PERMITAPPLICATION-002824"",""PF-AGENCY-000324""]"
PF-PERMITAPPLICATION-002710,Completeness Rejected,2023-12-21T19:00:00Z,wf_external_task,WF-0000036617,USR-111,"[""PF-PERMITAPPLICATION-002710"",""PF-OBJECTION-000210""]"
PF-PERMITAPPLICATION-002710,Application Reopened,2023-12-21T19:52:00Z,wf_task_history,WF-0000036618,USR-103,"[""PF-PERMITAPPLICATION-002710"",""PF-AGENCY-000210"",""PF-CONDITION-000210""]"
PF-PERMITAPPLICATION-002710,Inspection Failed,2023-12-21T20:14:00Z,wf_message_delivery,WF-0000036619,USR-022,"[""PF-PERMITAPPLICATION-002710"",""PF-DOCUMENT-000210""]"
PF-PERMITAPPLICATION-002710,Reinspection Requested,2023-12-21T20:51:00Z,wf_form_submission,WF-0000036620,USR-023,"[""PF-PERMITAPPLICATION-002710"",""PF-REVIEW-000210"",""PF-VIOLATION-000210""]"
PF-PERMITAPPLICATION-002826,Application Reopened,2023-12-22T00:38:00Z,wf_task_history,WF-0000036636,USR-043,"[""PF-PERMITAPPLICATION-002826"",""PF-AGENCY-000326"",""PF-CONDITION-000326""]"
PF-PERMITAPPLICATION-002828,Application Reopened,2023-12-22T06:40:00Z,wf_task_history,WF-0000036663,USR-077,"[""PF-PERMITAPPLICATION-002828"",""PF-AGENCY-000328""]"
PF-PERMITAPPLICATION-002715,Completeness Rejected,2023-12-22T10:00:00Z,wf_external_task,WF-0000036684,USR-069,"[""PF-PERMITAPPLICATION-002715"",""PF-OBJECTION-000215""]"
PF-PERMITAPPLICATION-002715,Application Reopened,2023-12-22T10:52:00Z,wf_task_history,WF-0000036685,USR-061,"[""PF-PERMITAPPLICATION-002715"",""PF-AGENCY-000215"",""PF-CONDITION-000215""]"
PF-PERMITAPPLICATION-002715,Inspection Failed,2023-12-22T11:14:00Z,wf_message_delivery,WF-0000036686,USR-107,"[""PF-PERMITAPPLICATION-002715"",""PF-DOCUMENT-000215""]"
PF-PERMITAPPLICATION-002715,Reinspection Requested,2023-12-22T11:51:00Z,wf_form_submission,WF-0000036687,USR-108,"[""PF-PERMITAPPLICATION-002715"",""PF-REVIEW-000215""]"
PF-PERMITAPPLICATION-002830,Application Reopened,2023-12-22T12:42:00Z,wf_task_history,WF-0000036693,USR-111,"[""PF-PERMITAPPLICATION-002830"",""PF-AGENCY-000330"",""PF-CONDITION-000330""]"
PF-PERMITAPPLICATION-002738,Reinspection Requested,2023-12-22T18:35:00Z,wf_form_submission,WF-0000036722,USR-118,"[""PF-PERMITAPPLICATION-002738"",""PF-REVIEW-000238"",""PF-VIOLATION-000238""]"
PF-PERMITAPPLICATION-002832,Application Reopened,2023-12-22T18:44:00Z,wf_task_history,WF-0000036716,USR-018,"[""PF-PERMITAPPLICATION-002832"",""PF-AGENCY-000332""]"
PF-PERMITAPPLICATION-002834,Application Reopened,2023-12-23T00:46:00Z,wf_task_history,WF-0000036738,USR-052,"[""PF-PERMITAPPLICATION-002834"",""PF-AGENCY-000334""]"
PF-PERMITAPPLICATION-002720,Completeness Rejected,2023-12-23T01:00:00Z,wf_external_task,WF-0000036746,USR-027,"[""PF-PERMITAPPLICATION-002720"",""PF-OBJECTION-000220""]"
PF-PERMITAPPLICATION-002720,Application Reopened,2023-12-23T01:52:00Z,wf_task_history,WF-0000036747,USR-019,"[""PF-PERMITAPPLICATION-002720"",""PF-AGENCY-000220"",""PF-CONDITION-000220""]"
PF-PERMITAPPLICATION-002720,Inspection Failed,2023-12-23T02:14:00Z,wf_message_delivery,WF-0000036748,USR-065,"[""PF-PERMITAPPLICATION-002720"",""PF-DOCUMENT-000220""]"
PF-PERMITAPPLICATION-002720,Reinspection Requested,2023-12-23T02:51:00Z,wf_form_submission,WF-0000036749,USR-066,"[""PF-PERMITAPPLICATION-002720"",""PF-REVIEW-000220""]"
PF-PERMITAPPLICATION-002744,Inspection Failed,2023-12-23T06:40:00Z,wf_message_delivery,WF-0000036774,USR-092,"[""PF-PERMITAPPLICATION-002744"",""PF-DOCUMENT-000244""]"
PF-PERMITAPPLICATION-002836,Application Reopened,2023-12-23T06:48:00Z,wf_task_history,WF-0000036767,USR-086,"[""PF-PERMITAPPLICATION-002836"",""PF-AGENCY-000336"",""PF-CONDITION-000336""]"
PF-PERMITAPPLICATION-002821,Completeness Rejected,2023-12-23T09:26:00Z,wf_external_task,WF-0000036780,USR-093,"[""PF-PERMITAPPLICATION-002821"",""PF-OBJECTION-000321""]"
PF-PERMITAPPLICATION-002838,Application Reopened,2023-12-23T12:50:00Z,wf_task_history,WF-0000036797,USR-120,"[""PF-PERMITAPPLICATION-002838"",""PF-AGENCY-000338""]"
PF-PERMITAPPLICATION-002725,Completeness Rejected,2023-12-23T16:00:00Z,wf_external_task,WF-0000036817,USR-112,"[""PF-PERMITAPPLICATION-002725"",""PF-OBJECTION-000225"",""PF-REVIEW-000225""]"
PF-PERMITAPPLICATION-002725,Application Reopened,2023-12-23T16:52:00Z,wf_task_history,WF-0000036818,USR-104,"[""PF-PERMITAPPLICATION-002725"",""PF-AGENCY-000225""]"
PF-PERMITAPPLICATION-002725,Inspection Failed,2023-12-23T17:14:00Z,wf_message_delivery,WF-0000036819,USR-023,"[""PF-PERMITAPPLICATION-002725"",""PF-DOCUMENT-000225"",""PF-INSPECTION-000225""]"
PF-PERMITAPPLICATION-002725,Reinspection Requested,2023-12-23T17:51:00Z,wf_form_submission,WF-0000036820,USR-024,"[""PF-PERMITAPPLICATION-002725"",""PF-REVIEW-000225""]"
PF-PERMITAPPLICATION-002840,Application Reopened,2023-12-23T18:52:00Z,wf_task_history,WF-0000036825,USR-027,"[""PF-PERMITAPPLICATION-002840"",""PF-AGENCY-000340""]"
PF-PERMITAPPLICATION-002842,Application Reopened,2023-12-24T00:54:00Z,wf_task_history,WF-0000036849,USR-061,"[""PF-PERMITAPPLICATION-002842"",""PF-AGENCY-000342"",""PF-CONDITION-000342""]"
PF-PERMITAPPLICATION-002844,Application Reopened,2023-12-24T06:56:00Z,wf_task_history,WF-0000036870,USR-095,"[""PF-PERMITAPPLICATION-002844"",""PF-AGENCY-000344"",""PF-CONDITION-000344""]"
PF-PERMITAPPLICATION-002730,Completeness Rejected,2023-12-24T07:00:00Z,wf_external_task,WF-0000036879,USR-070,"[""PF-PERMITAPPLICATION-002730"",""PF-OBJECTION-000230"",""PF-REVIEW-000230""]"
PF-PERMITAPPLICATION-002730,Application Reopened,2023-12-24T07:52:00Z,wf_task_history,WF-0000036880,USR-062,"[""PF-PERMITAPPLICATION-002730"",""PF-AGENCY-000230""]"
PF-PERMITAPPLICATION-002730,Inspection Failed,2023-12-24T08:14:00Z,wf_message_delivery,WF-0000036881,USR-108,"[""PF-PERMITAPPLICATION-002730"",""PF-DOCUMENT-000230"",""PF-INSPECTION-000230""]"
PF-PERMITAPPLICATION-002730,Reinspection Requested,2023-12-24T08:51:00Z,wf_form_submission,WF-0000036882,USR-109,"[""PF-PERMITAPPLICATION-002730"",""PF-REVIEW-000230""]"
PF-PERMITAPPLICATION-002846,Application Reopened,2023-12-24T12:58:00Z,wf_task_history,WF-0000036897,USR-002,"[""PF-PERMITAPPLICATION-002846"",""PF-AGENCY-000346"",""PF-CONDITION-000346""]"
PF-PERMITAPPLICATION-002848,Application Reopened,2023-12-24T19:00:00Z,wf_task_history,WF-0000036927,USR-036,"[""PF-PERMITAPPLICATION-002848"",""PF-AGENCY-000348""]"
PF-PERMITAPPLICATION-002735,Completeness Rejected,2023-12-24T22:00:00Z,wf_external_task,WF-0000036947,USR-028,"[""PF-PERMITAPPLICATION-002735"",""PF-OBJECTION-000235""]"
PF-PERMITAPPLICATION-002735,Application Reopened,2023-12-24T22:52:00Z,wf_task_history,WF-0000036948,USR-020,"[""PF-PERMITAPPLICATION-002735"",""PF-AGENCY-000235"",""PF-CONDITION-000235""]"
PF-PERMITAPPLICATION-002735,Inspection Failed,2023-12-24T23:14:00Z,wf_message_delivery,WF-0000036949,USR-066,"[""PF-PERMITAPPLICATION-002735"",""PF-DOCUMENT-000235""]"
PF-PERMITAPPLICATION-002735,Reinspection Requested,2023-12-24T23:51:00Z,wf_form_submission,WF-0000036950,USR-067,"[""PF-PERMITAPPLICATION-002735"",""PF-REVIEW-000235""]"
PF-PERMITAPPLICATION-002834,Completeness Rejected,2023-12-25T00:39:00Z,wf_external_task,WF-0000036953,USR-060,"[""PF-PERMITAPPLICATION-002834"",""PF-OBJECTION-000334""]"
PF-PERMITAPPLICATION-002850,Application Reopened,2023-12-25T01:02:00Z,wf_task_history,WF-0000036956,USR-070,"[""PF-PERMITAPPLICATION-002850"",""PF-AGENCY-000350"",""PF-CONDITION-000350""]"
PF-PERMITAPPLICATION-002852,Application Reopened,2023-12-25T07:04:00Z,wf_task_history,WF-0000036985,USR-104,"[""PF-PERMITAPPLICATION-002852"",""PF-AGENCY-000352"",""PF-CONDITION-000352""]"
PF-PERMITAPPLICATION-002740,Completeness Rejected,2023-12-25T13:00:00Z,wf_external_task,WF-0000037009,USR-113,"[""PF-PERMITAPPLICATION-002740"",""PF-OBJECTION-000240"",""PF-REVIEW-000240""]"
PF-PERMITAPPLICATION-002854,Application Reopened,2023-12-25T13:06:00Z,wf_task_history,WF-0000037007,USR-011,"[""PF-PERMITAPPLICATION-002854"",""PF-AGENCY-000354""]"
PF-PERMITAPPLICATION-002740,Application Reopened,2023-12-25T13:52:00Z,wf_task_history,WF-0000037010,USR-105,"[""PF-PERMITAPPLICATION-002740"",""PF-AGENCY-000240""]"
PF-PERMITAPPLICATION-002740,Inspection Failed,2023-12-25T14:14:00Z,wf_message_delivery,WF-0000037011,USR-024,"[""PF-PERMITAPPLICATION-002740"",""PF-DOCUMENT-000240"",""PF-INSPECTION-000240""]"
PF-PERMITAPPLICATION-002740,Reinspection Requested,2023-12-25T14:51:00Z,wf_form_submission,WF-0000037012,USR-025,"[""PF-PERMITAPPLICATION-002740"",""PF-REVIEW-000240""]"
PF-PERMITAPPLICATION-002761,Reinspection Requested,2023-12-25T15:05:00Z,wf_form_submission,WF-0000037019,USR-001,"[""PF-PERMITAPPLICATION-002761"",""PF-REVIEW-000261""]"
PF-PERMITAPPLICATION-002763,Inspection Failed,2023-12-25T15:06:00Z,wf_message_delivery,WF-0000037021,USR-034,"[""PF-PERMITAPPLICATION-002763"",""PF-DOCUMENT-000263""]"
PF-PERMITAPPLICATION-002856,Application Reopened,2023-12-25T18:15:00Z,wf_task_history,WF-0000037028,USR-045,"[""PF-PERMITAPPLICATION-002856"",""PF-AGENCY-000356"",""PF-CONDITION-000356""]"
PF-PERMITAPPLICATION-002858,Application Reopened,2023-12-26T00:17:00Z,wf_task_history,WF-0000037051,USR-079,"[""PF-PERMITAPPLICATION-002858"",""PF-AGENCY-000358"",""PF-CONDITION-000358""]"
PF-PERMITAPPLICATION-002745,Completeness Rejected,2023-12-26T04:00:00Z,wf_external_task,WF-0000037078,USR-071,"[""PF-PERMITAPPLICATION-002745"",""PF-OBJECTION-000245""]"
PF-PERMITAPPLICATION-002745,Application Reopened,2023-12-26T04:52:00Z,wf_task_history,WF-0000037079,USR-063,"[""PF-PERMITAPPLICATION-002745"",""PF-AGENCY-000245"",""PF-CONDITION-000245""]"
PF-PERMITAPPLICATION-002745,Inspection Failed,2023-12-26T05:14:00Z,wf_message_delivery,WF-0000037080,USR-109,"[""PF-PERMITAPPLICATION-002745"",""PF-DOCUMENT-000245""]"
PF-PERMITAPPLICATION-002745,Reinspection Requested,2023-12-26T05:51:00Z,wf_form_submission,WF-0000037081,USR-110,"[""PF-PERMITAPPLICATION-002745"",""PF-REVIEW-000245"",""PF-VIOLATION-000245""]"
PF-PERMITAPPLICATION-002860,Application Reopened,2023-12-26T06:19:00Z,wf_task_history,WF-0000037084,USR-113,"[""PF-PERMITAPPLICATION-002860"",""PF-AGENCY-000360""]"
PF-PERMITAPPLICATION-002862,Application Reopened,2023-12-26T12:21:00Z,wf_task_history,WF-0000037108,USR-020,"[""PF-PERMITAPPLICATION-002862"",""PF-AGENCY-000362""]"
PF-PERMITAPPLICATION-002847,Completeness Rejected,2023-12-26T15:52:00Z,wf_external_task,WF-0000037129,USR-027,"[""PF-PERMITAPPLICATION-002847"",""PF-OBJECTION-000347""]"
PF-PERMITAPPLICATION-002864,Application Reopened,2023-12-26T18:23:00Z,wf_task_history,WF-0000037133,USR-054,"[""PF-PERMITAPPLICATION-002864"",""PF-AGENCY-000364""]"
PF-PERMITAPPLICATION-002750,Completeness Rejected,2023-12-26T19:00:00Z,wf_external_task,WF-0000037142,USR-029,"[""PF-PERMITAPPLICATION-002750"",""PF-OBJECTION-000250""]"
PF-PERMITAPPLICATION-002750,Application Reopened,2023-12-26T19:52:00Z,wf_task_history,WF-0000037143,USR-021,"[""PF-PERMITAPPLICATION-002750"",""PF-AGENCY-000250""]"
PF-PERMITAPPLICATION-002750,Inspection Failed,2023-12-26T20:14:00Z,wf_message_delivery,WF-0000037144,USR-067,"[""PF-PERMITAPPLICATION-002750"",""PF-DOCUMENT-000250""]"
PF-PERMITAPPLICATION-002750,Reinspection Requested,2023-12-26T20:51:00Z,wf_form_submission,WF-0000037145,USR-068,"[""PF-PERMITAPPLICATION-002750"",""PF-REVIEW-000250"",""PF-VIOLATION-000250""]"
PF-PERMITAPPLICATION-002866,Application Reopened,2023-12-27T00:25:00Z,wf_task_history,WF-0000037161,USR-088,"[""PF-PERMITAPPLICATION-002866"",""PF-AGENCY-000366""]"
PF-PERMITAPPLICATION-002868,Application Reopened,2023-12-27T06:27:00Z,wf_task_history,WF-0000037181,USR-122,"[""PF-PERMITAPPLICATION-002868"",""PF-AGENCY-000368""]"
PF-PERMITAPPLICATION-002755,Completeness Rejected,2023-12-27T10:00:00Z,wf_external_task,WF-0000037203,USR-114,"[""PF-PERMITAPPLICATION-002755"",""PF-OBJECTION-000255"",""PF-REVIEW-000255""]"
PF-PERMITAPPLICATION-002755,Application Reopened,2023-12-27T10:52:00Z,wf_task_history,WF-0000037204,USR-106,"[""PF-PERMITAPPLICATION-002755"",""PF-AGENCY-000255""]"
PF-PERMITAPPLICATION-002755,Inspection Failed,2023-12-27T11:14:00Z,wf_message_delivery,WF-0000037205,USR-025,"[""PF-PERMITAPPLICATION-002755"",""PF-DOCUMENT-000255"",""PF-INSPECTION-000255""]"
PF-PERMITAPPLICATION-002755,Reinspection Requested,2023-12-27T11:51:00Z,wf_form_submission,WF-0000037206,USR-026,"[""PF-PERMITAPPLICATION-002755"",""PF-REVIEW-000255""]"
PF-PERMITAPPLICATION-002870,Application Reopened,2023-12-27T12:29:00Z,wf_task_history,WF-0000037211,USR-029,"[""PF-PERMITAPPLICATION-002870"",""PF-AGENCY-000370""]"
PF-PERMITAPPLICATION-002872,Application Reopened,2023-12-27T18:31:00Z,wf_task_history,WF-0000037240,USR-063,"[""PF-PERMITAPPLICATION-002872"",""PF-AGENCY-000372""]"
PF-PERMITAPPLICATION-002782,Inspection Failed,2023-12-28T00:25:00Z,wf_message_delivery,WF-0000037270,USR-103,"[""PF-PERMITAPPLICATION-002782"",""PF-DOCUMENT-000282""]"
PF-PERMITAPPLICATION-002874,Application Reopened,2023-12-28T00:33:00Z,wf_task_history,WF-0000037262,USR-097,"[""PF-PERMITAPPLICATION-002874"",""PF-AGENCY-000374""]"
PF-PERMITAPPLICATION-002760,Completeness Rejected,2023-12-28T01:00:00Z,wf_external_task,WF-0000037271,USR-072,"[""PF-PERMITAPPLICATION-002760"",""PF-OBJECTION-000260"",""PF-REVIEW-000260""]"
PF-PERMITAPPLICATION-002760,Application Reopened,2023-12-28T01:52:00Z,wf_task_history,WF-0000037272,USR-064,"[""PF-PERMITAPPLICATION-002760"",""PF-AGENCY-000260""]"
PF-PERMITAPPLICATION-002760,Inspection Failed,2023-12-28T02:14:00Z,wf_message_delivery,WF-0000037273,USR-110,"[""PF-PERMITAPPLICATION-002760"",""PF-DOCUMENT-000260"",""PF-INSPECTION-000260""]"
PF-PERMITAPPLICATION-002760,Reinspection Requested,2023-12-28T02:51:00Z,wf_form_submission,WF-0000037274,USR-111,"[""PF-PERMITAPPLICATION-002760"",""PF-REVIEW-000260""]"
PF-PERMITAPPLICATION-002860,Completeness Rejected,2023-12-28T06:12:00Z,wf_external_task,WF-0000037290,USR-121,"[""PF-PERMITAPPLICATION-002860"",""PF-OBJECTION-000360""]"
PF-PERMITAPPLICATION-002876,Application Reopened,2023-12-28T06:35:00Z,wf_task_history,WF-0000037293,USR-004,"[""PF-PERMITAPPLICATION-002876"",""PF-AGENCY-000376"",""PF-CONDITION-000376""]"
PF-PERMITAPPLICATION-002784,Reinspection Requested,2023-12-28T12:28:00Z,wf_form_submission,WF-0000037319,USR-011,"[""PF-PERMITAPPLICATION-002784"",""PF-REVIEW-000284""]"
PF-PERMITAPPLICATION-002878,Application Reopened,2023-12-28T12:37:00Z,wf_task_history,WF-0000037313,USR-038,"[""PF-PERMITAPPLICATION-002878"",""PF-AGENCY-000378""]"
PF-PERMITAPPLICATION-002765,Completeness Rejected,2023-12-28T16:00:00Z,wf_external_task,WF-0000037336,USR-030,"[""PF-PERMITAPPLICATION-002765"",""PF-OBJECTION-000265""]"
PF-PERMITAPPLICATION-002765,Application Reopened,2023-12-28T16:52:00Z,wf_task_history,WF-0000037337,USR-022,"[""PF-PERMITAPPLICATION-002765"",""PF-AGENCY-000265"",""PF-CONDITION-000265""]"
PF-PERMITAPPLICATION-002765,Inspection Failed,2023-12-28T17:14:00Z,wf_message_delivery,WF-0000037338,USR-068,"[""PF-PERMITAPPLICATION-002765"",""PF-DOCUMENT-000265""]"
PF-PERMITAPPLICATION-002765,Reinspection Requested,2023-12-28T17:51:00Z,wf_form_submission,WF-0000037339,USR-069,"[""PF-PERMITAPPLICATION-002765"",""PF-REVIEW-000265"",""PF-VIOLATION-000265""]"
PF-PERMITAPPLICATION-002880,Application Reopened,2023-12-28T18:39:00Z,wf_task_history,WF-0000037343,USR-072,"[""PF-PERMITAPPLICATION-002880"",""PF-AGENCY-000380""]"
PF-PERMITAPPLICATION-002882,Application Reopened,2023-12-29T00:41:00Z,wf_task_history,WF-0000037370,USR-106,"[""PF-PERMITAPPLICATION-002882"",""PF-AGENCY-000382""]"
PF-PERMITAPPLICATION-002884,Application Reopened,2023-12-29T06:43:00Z,wf_task_history,WF-0000037394,USR-013,"[""PF-PERMITAPPLICATION-002884"",""PF-AGENCY-000384""]"
PF-PERMITAPPLICATION-002770,Completeness Rejected,2023-12-29T07:00:00Z,wf_external_task,WF-0000037402,USR-115,"[""PF-PERMITAPPLICATION-002770"",""PF-OBJECTION-000270""]"
PF-PERMITAPPLICATION-002770,Application Reopened,2023-12-29T07:52:00Z,wf_task_history,WF-0000037403,USR-107,"[""PF-PERMITAPPLICATION-002770"",""PF-AGENCY-000270"",""PF-CONDITION-000270""]"
PF-PERMITAPPLICATION-002770,Inspection Failed,2023-12-29T08:14:00Z,wf_message_delivery,WF-0000037404,USR-026,"[""PF-PERMITAPPLICATION-002770"",""PF-DOCUMENT-000270""]"
PF-PERMITAPPLICATION-002770,Reinspection Requested,2023-12-29T08:51:00Z,wf_form_submission,WF-0000037405,USR-027,"[""PF-PERMITAPPLICATION-002770"",""PF-REVIEW-000270"",""PF-VIOLATION-000270""]"
PF-PERMITAPPLICATION-002886,Application Reopened,2023-12-29T12:45:00Z,wf_task_history,WF-0000037423,USR-047,"[""PF-PERMITAPPLICATION-002886"",""PF-AGENCY-000386""]"
PF-PERMITAPPLICATION-002888,Application Reopened,2023-12-29T18:47:00Z,wf_task_history,WF-0000037447,USR-081,"[""PF-PERMITAPPLICATION-002888"",""PF-AGENCY-000388"",""PF-CONDITION-000388""]"
PF-PERMITAPPLICATION-002873,Completeness Rejected,2023-12-29T21:25:00Z,wf_external_task,WF-0000037455,USR-088,"[""PF-PERMITAPPLICATION-002873"",""PF-OBJECTION-000373"",""PF-REVIEW-000373""]"
PF-PERMITAPPLICATION-002775,Completeness Rejected,2023-12-29T22:00:00Z,wf_external_task,WF-0000037467,USR-073,"[""PF-PERMITAPPLICATION-002775"",""PF-OBJECTION-000275""]"
PF-PERMITAPPLICATION-002775,Application Reopened,2023-12-29T22:52:00Z,wf_task_history,WF-0000037468,USR-065,"[""PF-PERMITAPPLICATION-002775"",""PF-AGENCY-000275""]"
PF-PERMITAPPLICATION-002775,Inspection Failed,2023-12-29T23:14:00Z,wf_message_delivery,WF-0000037469,USR-111,"[""PF-PERMITAPPLICATION-002775"",""PF-DOCUMENT-000275""]"
PF-PERMITAPPLICATION-002775,Reinspection Requested,2023-12-29T23:51:00Z,wf_form_submission,WF-0000037470,USR-112,"[""PF-PERMITAPPLICATION-002775"",""PF-REVIEW-000275"",""PF-VIOLATION-000275""]"
PF-PERMITAPPLICATION-002890,Application Reopened,2023-12-30T00:49:00Z,wf_task_history,WF-0000037474,USR-115,"[""PF-PERMITAPPLICATION-002890"",""PF-AGENCY-000390""]"
PF-PERMITAPPLICATION-002892,Application Reopened,2023-12-30T06:51:00Z,wf_task_history,WF-0000037502,USR-022,"[""PF-PERMITAPPLICATION-002892"",""PF-AGENCY-000392"",""PF-CONDITION-000392""]"
PF-PERMITAPPLICATION-002801,Inspection Failed,2023-12-30T09:44:00Z,wf_message_delivery,WF-0000037523,USR-045,"[""PF-PERMITAPPLICATION-002801"",""PF-DOCUMENT-000301""]"
PF-PERMITAPPLICATION-002894,Application Reopened,2023-12-30T12:53:00Z,wf_task_history,WF-0000037529,USR-056,"[""PF-PERMITAPPLICATION-002894"",""PF-AGENCY-000394""]"
PF-PERMITAPPLICATION-002780,Completeness Rejected,2023-12-30T13:00:00Z,wf_external_task,WF-0000037536,USR-031,"[""PF-PERMITAPPLICATION-002780"",""PF-OBJECTION-000280""]"
PF-PERMITAPPLICATION-002780,Application Reopened,2023-12-30T13:52:00Z,wf_task_history,WF-0000037537,USR-023,"[""PF-PERMITAPPLICATION-002780"",""PF-AGENCY-000280"",""PF-CONDITION-000280""]"
PF-PERMITAPPLICATION-002780,Inspection Failed,2023-12-30T14:14:00Z,wf_message_delivery,WF-0000037538,USR-069,"[""PF-PERMITAPPLICATION-002780"",""PF-DOCUMENT-000280""]"
PF-PERMITAPPLICATION-002780,Reinspection Requested,2023-12-30T14:51:00Z,wf_form_submission,WF-0000037539,USR-070,"[""PF-PERMITAPPLICATION-002780"",""PF-REVIEW-000280""]"
PF-PERMITAPPLICATION-002896,Application Reopened,2023-12-30T18:55:00Z,wf_task_history,WF-0000037552,USR-090,"[""PF-PERMITAPPLICATION-002896"",""PF-AGENCY-000396"",""PF-CONDITION-000396""]"
PF-PERMITAPPLICATION-002898,Application Reopened,2023-12-31T00:57:00Z,wf_task_history,WF-0000037578,USR-124,"[""PF-PERMITAPPLICATION-002898"",""PF-AGENCY-000398"",""PF-CONDITION-000398""]"
PF-PERMITAPPLICATION-002785,Completeness Rejected,2023-12-31T04:00:00Z,wf_external_task,WF-0000037597,USR-116,"[""PF-PERMITAPPLICATION-002785"",""PF-OBJECTION-000285""]"
PF-PERMITAPPLICATION-002785,Application Reopened,2023-12-31T04:52:00Z,wf_task_history,WF-0000037598,USR-108,"[""PF-PERMITAPPLICATION-002785"",""PF-AGENCY-000285"",""PF-CONDITION-000285""]"
PF-PERMITAPPLICATION-002785,Inspection Failed,2023-12-31T05:14:00Z,wf_message_delivery,WF-0000037599,USR-027,"[""PF-PERMITAPPLICATION-002785"",""PF-DOCUMENT-000285""]"
PF-PERMITAPPLICATION-002785,Reinspection Requested,2023-12-31T05:51:00Z,wf_form_submission,WF-0000037600,USR-028,"[""PF-PERMITAPPLICATION-002785"",""PF-REVIEW-000285""]"
PF-PERMITAPPLICATION-002900,Application Reopened,2023-12-31T06:59:00Z,wf_task_history,WF-0000037606,USR-031,"[""PF-PERMITAPPLICATION-002900"",""PF-AGENCY-000400""]"
PF-PERMITAPPLICATION-002807,Reinspection Requested,2023-12-31T09:51:00Z,wf_form_submission,WF-0000037624,USR-021,"[""PF-PERMITAPPLICATION-002807"",""PF-REVIEW-000307""]"
PF-PERMITAPPLICATION-002886,Completeness Rejected,2023-12-31T12:38:00Z,wf_external_task,WF-0000037626,USR-055,"[""PF-PERMITAPPLICATION-002886"",""PF-OBJECTION-000386""]"
PF-PERMITAPPLICATION-002902,Application Reopened,2023-12-31T13:01:00Z,wf_task_history,WF-0000037629,USR-065,"[""PF-PERMITAPPLICATION-002902"",""PF-AGENCY-000402"",""PF-CONDITION-000402""]"
PF-PERMITAPPLICATION-002790,Completeness Rejected,2023-12-31T19:00:00Z,wf_external_task,WF-0000037666,USR-074,"[""PF-PERMITAPPLICATION-002790"",""PF-OBJECTION-000290""]"
PF-PERMITAPPLICATION-002904,Application Reopened,2023-12-31T19:03:00Z,wf_task_history,WF-0000037661,USR-099,"[""PF-PERMITAPPLICATION-002904"",""PF-AGENCY-000404""]"
PF-PERMITAPPLICATION-002790,Application Reopened,2023-12-31T19:52:00Z,wf_task_history,WF-0000037667,USR-066,"[""PF-PERMITAPPLICATION-002790"",""PF-AGENCY-000290"",""PF-CONDITION-000290""]"
PF-PERMITAPPLICATION-002790,Inspection Failed,2023-12-31T20:14:00Z,wf_message_delivery,WF-0000037668,USR-112,"[""PF-PERMITAPPLICATION-002790"",""PF-DOCUMENT-000290""]"
PF-PERMITAPPLICATION-002790,Reinspection Requested,2023-12-31T20:51:00Z,wf_form_submission,WF-0000037669,USR-113,"[""PF-PERMITAPPLICATION-002790"",""PF-REVIEW-000290""]"
PF-PERMITAPPLICATION-002906,Application Reopened,2024-01-01T01:05:00Z,wf_task_history,WF-0000037690,USR-006,"[""PF-PERMITAPPLICATION-002906"",""PF-AGENCY-000406""]"
PF-PERMITAPPLICATION-002908,Application Reopened,2024-01-01T07:07:00Z,wf_task_history,WF-0000037715,USR-040,"[""PF-PERMITAPPLICATION-002908"",""PF-AGENCY-000408"",""PF-CONDITION-000408""]"
PF-PERMITAPPLICATION-002795,Completeness Rejected,2024-01-01T10:00:00Z,wf_external_task,WF-0000037728,USR-032,"[""PF-PERMITAPPLICATION-002795"",""PF-OBJECTION-000295"",""PF-REVIEW-000295""]"
PF-PERMITAPPLICATION-002795,Application Reopened,2024-01-01T10:52:00Z,wf_task_history,WF-0000037729,USR-024,"[""PF-PERMITAPPLICATION-002795"",""PF-AGENCY-000295""]"
PF-PERMITAPPLICATION-002795,Inspection Failed,2024-01-01T11:14:00Z,wf_message_delivery,WF-0000037730,USR-070,"[""PF-PERMITAPPLICATION-002795"",""PF-DOCUMENT-000295"",""PF-INSPECTION-000295""]"
PF-PERMITAPPLICATION-002795,Reinspection Requested,2024-01-01T11:51:00Z,wf_form_submission,WF-0000037731,USR-071,"[""PF-PERMITAPPLICATION-002795"",""PF-REVIEW-000295""]"
PF-PERMITAPPLICATION-002910,Application Reopened,2024-01-01T12:16:00Z,wf_task_history,WF-0000037732,USR-074,"[""PF-PERMITAPPLICATION-002910"",""PF-AGENCY-000410""]"
PF-PERMITAPPLICATION-002820,Inspection Failed,2024-01-01T18:10:00Z,wf_message_delivery,WF-0000037762,USR-114,"[""PF-PERMITAPPLICATION-002820"",""PF-DOCUMENT-000320""]"
PF-PERMITAPPLICATION-002912,Application Reopened,2024-01-01T18:18:00Z,wf_task_history,WF-0000037755,USR-108,"[""PF-PERMITAPPLICATION-002912"",""PF-AGENCY-000412"",""PF-CONDITION-000412""]"
PF-PERMITAPPLICATION-002914,Application Reopened,2024-01-02T00:20:00Z,wf_task_history,WF-0000037782,USR-015,"[""PF-PERMITAPPLICATION-002914"",""PF-AGENCY-000414""]"
PF-PERMITAPPLICATION-002800,Completeness Rejected,2024-01-02T01:00:00Z,wf_external_task,WF-0000037796,USR-117,"[""PF-PERMITAPPLICATION-002800"",""PF-OBJECTION-000300"",""PF-REVIEW-000300""]"
PF-PERMITAPPLICATION-002800,Application Reopened,2024-01-02T01:52:00Z,wf_task_history,WF-0000037797,USR-109,"[""PF-PERMITAPPLICATION-002800"",""PF-AGENCY-000300""]"
PF-PERMITAPPLICATION-002800,Inspection Failed,2024-01-02T02:14:00Z,wf_message_delivery,WF-0000037798,USR-028,"[""PF-PERMITAPPLICATION-002800"",""PF-DOCUMENT-000300"",""PF-INSPECTION-000300""]"
PF-PERMITAPPLICATION-002800,Reinspection Requested,2024-01-02T02:51:00Z,wf_form_submission,WF-0000037799,USR-029,"[""PF-PERMITAPPLICATION-002800"",""PF-REVIEW-000300""]"
PF-PERMITAPPLICATION-002899,Completeness Rejected,2024-01-02T03:51:00Z,wf_external_task,WF-0000037813,USR-022,"[""PF-PERMITAPPLICATION-002899"",""PF-OBJECTION-000399"",""PF-REVIEW-000399""]"
PF-PERMITAPPLICATION-002916,Application Reopened,2024-01-02T06:22:00Z,wf_task_history,WF-0000037816,USR-049,"[""PF-PERMITAPPLICATION-002916"",""PF-AGENCY-000416"",""PF-CONDITION-000416""]"
PF-PERMITAPPLICATION-002918,Application Reopened,2024-01-02T12:24:00Z,wf_task_history,WF-0000037840,USR-083,"[""PF-PERMITAPPLICATION-002918"",""PF-AGENCY-000418""]"
PF-PERMITAPPLICATION-002805,Completeness Rejected,2024-01-02T16:00:00Z,wf_external_task,WF-0000037858,USR-075,"[""PF-PERMITAPPLICATION-002805"",""PF-OBJECTION-000305""]"
PF-PERMITAPPLICATION-002805,Application Reopened,2024-01-02T16:52:00Z,wf_task_history,WF-0000037859,USR-067,"[""PF-PERMITAPPLICATION-002805"",""PF-AGENCY-000305""]"
PF-PERMITAPPLICATION-002805,Inspection Failed,2024-01-02T17:14:00Z,wf_message_delivery,WF-0000037860,USR-113,"[""PF-PERMITAPPLICATION-002805"",""PF-DOCUMENT-000305""]"
PF-PERMITAPPLICATION-002805,Reinspection Requested,2024-01-02T17:51:00Z,wf_form_submission,WF-0000037861,USR-114,"[""PF-PERMITAPPLICATION-002805"",""PF-REVIEW-000305"",""PF-VIOLATION-000305""]"
PF-PERMITAPPLICATION-002920,Application Reopened,2024-01-02T18:26:00Z,wf_task_history,WF-0000037864,USR-117,"[""PF-PERMITAPPLICATION-002920"",""PF-AGENCY-000420"",""PF-CONDITION-000420""]"
PF-PERMITAPPLICATION-002922,Application Reopened,2024-01-03T00:28:00Z,wf_task_history,WF-0000037889,USR-024,"[""PF-PERMITAPPLICATION-002922"",""PF-AGENCY-000422""]"
PF-PERMITAPPLICATION-002830,Reinspection Requested,2024-01-03T06:21:00Z,wf_form_submission,WF-0000037919,USR-031,"[""PF-PERMITAPPLICATION-002830"",""PF-REVIEW-000330""]"
PF-PERMITAPPLICATION-002924,Application Reopened,2024-01-03T06:30:00Z,wf_task_history,WF-0000037911,USR-058,"[""PF-PERMITAPPLICATION-002924"",""PF-AGENCY-000424"",""PF-CONDITION-000424""]"
PF-PERMITAPPLICATION-002810,Completeness Rejected,2024-01-03T07:00:00Z,wf_external_task,WF-0000037922,USR-033,"[""PF-PERMITAPPLICATION-002810"",""PF-OBJECTION-000310"",""PF-REVIEW-000310""]"
PF-PERMITAPPLICATION-002810,Application Reopened,2024-01-03T07:52:00Z,wf_task_history,WF-0000037923,USR-025,"[""PF-PERMITAPPLICATION-002810"",""PF-AGENCY-000310""]"
PF-PERMITAPPLICATION-002810,Inspection Failed,2024-01-03T08:14:00Z,wf_message_delivery,WF-0000037924,USR-071,"[""PF-PERMITAPPLICATION-002810"",""PF-DOCUMENT-000310"",""PF-INSPECTION-000310""]"
PF-PERMITAPPLICATION-002810,Reinspection Requested,2024-01-03T08:51:00Z,wf_form_submission,WF-0000037925,USR-072,"[""PF-PERMITAPPLICATION-002810"",""PF-REVIEW-000310""]"
PF-PERMITAPPLICATION-002926,Application Reopened,2024-01-03T12:32:00Z,wf_task_history,WF-0000037946,USR-092,"[""PF-PERMITAPPLICATION-002926"",""PF-AGENCY-000426"",""PF-CONDITION-000426""]"
PF-PERMITAPPLICATION-002912,Completeness Rejected,2024-01-03T18:11:00Z,wf_external_task,WF-0000037970,USR-116,"[""PF-PERMITAPPLICATION-002912"",""PF-OBJECTION-000412"",""PF-REVIEW-000412""]"
PF-PERMITAPPLICATION-002928,Application Reopened,2024-01-03T18:34:00Z,wf_task_history,WF-0000037973,USR-126,"[""PF-PERMITAPPLICATION-002928"",""PF-AGENCY-000428""]"
PF-PERMITAPPLICATION-002815,Completeness Rejected,2024-01-03T22:00:00Z,wf_external_task,WF-0000037993,USR-118,"[""PF-PERMITAPPLICATION-002815"",""PF-OBJECTION-000315""]"
PF-PERMITAPPLICATION-002815,Application Reopened,2024-01-03T22:52:00Z,wf_task_history,WF-0000037994,USR-110,"[""PF-PERMITAPPLICATION-002815"",""PF-AGENCY-000315""]"
PF-PERMITAPPLICATION-002815,Inspection Failed,2024-01-03T23:14:00Z,wf_message_delivery,WF-0000037995,USR-029,"[""PF-PERMITAPPLICATION-002815"",""PF-DOCUMENT-000315""]"
PF-PERMITAPPLICATION-002815,Reinspection Requested,2024-01-03T23:51:00Z,wf_form_submission,WF-0000037996,USR-030,"[""PF-PERMITAPPLICATION-002815"",""PF-REVIEW-000315"",""PF-VIOLATION-000315""]"
PF-PERMITAPPLICATION-002930,Application Reopened,2024-01-04T00:36:00Z,wf_task_history,WF-0000037999,USR-033,"[""PF-PERMITAPPLICATION-002930"",""PF-AGENCY-000430""]"
PF-PERMITAPPLICATION-002839,Inspection Failed,2024-01-04T03:29:00Z,wf_message_delivery,WF-0000038017,USR-056,"[""PF-PERMITAPPLICATION-002839"",""PF-DOCUMENT-000339""]"
PF-PERMITAPPLICATION-002932,Application Reopened,2024-01-04T06:38:00Z,wf_task_history,WF-0000038022,USR-067,"[""PF-PERMITAPPLICATION-002932"",""PF-AGENCY-000432"",""PF-CONDITION-000432""]"
PF-PERMITAPPLICATION-002934,Application Reopened,2024-01-04T12:40:00Z,wf_task_history,WF-0000038046,USR-101,"[""PF-PERMITAPPLICATION-002934"",""PF-AGENCY-000434""]"
PF-PERMITAPPLICATION-002820,Completeness Rejected,2024-01-04T13:00:00Z,wf_external_task,WF-0000038053,USR-076,"[""PF-PERMITAPPLICATION-002820"",""PF-OBJECTION-000320"",""PF-REVIEW-000320""]"
PF-PERMITAPPLICATION-002820,Application Reopened,2024-01-04T13:52:00Z,wf_task_history,WF-0000038054,USR-068,"[""PF-PERMITAPPLICATION-002820"",""PF-AGENCY-000320""]"
PF-PERMITAPPLICATION-002820,Inspection Failed,2024-01-04T14:14:00Z,wf_message_delivery,WF-0000038055,USR-114,"[""PF-PERMITAPPLICATION-002820"",""PF-DOCUMENT-000320"",""PF-INSPECTION-000320""]"
PF-PERMITAPPLICATION-002820,Reinspection Requested,2024-01-04T14:51:00Z,wf_form_submission,WF-0000038056,USR-115,"[""PF-PERMITAPPLICATION-002820"",""PF-REVIEW-000320""]"
PF-PERMITAPPLICATION-002936,Application Reopened,2024-01-04T18:42:00Z,wf_task_history,WF-0000038076,USR-008,"[""PF-PERMITAPPLICATION-002936"",""PF-AGENCY-000436"",""PF-CONDITION-000436""]"
PF-PERMITAPPLICATION-002938,Application Reopened,2024-01-05T00:44:00Z,wf_task_history,WF-0000038101,USR-042,"[""PF-PERMITAPPLICATION-002938"",""PF-AGENCY-000438""]"
PF-PERMITAPPLICATION-002825,Completeness Rejected,2024-01-05T04:00:00Z,wf_external_task,WF-0000038121,USR-034,"[""PF-PERMITAPPLICATION-002825"",""PF-OBJECTION-000325""]"
PF-PERMITAPPLICATION-002825,Application Reopened,2024-01-05T04:52:00Z,wf_task_history,WF-0000038122,USR-026,"[""PF-PERMITAPPLICATION-002825"",""PF-AGENCY-000325"",""PF-CONDITION-000325""]"
PF-PERMITAPPLICATION-002825,Inspection Failed,2024-01-05T05:14:00Z,wf_message_delivery,WF-0000038123,USR-072,"[""PF-PERMITAPPLICATION-002825"",""PF-DOCUMENT-000325""]"
PF-PERMITAPPLICATION-002825,Reinspection Requested,2024-01-05T05:51:00Z,wf_form_submission,WF-0000038124,USR-073,"[""PF-PERMITAPPLICATION-002825"",""PF-REVIEW-000325"",""PF-VIOLATION-000325""]"
PF-PERMITAPPLICATION-002940,Application Reopened,2024-01-05T06:46:00Z,wf_task_history,WF-0000038130,USR-076,"[""PF-PERMITAPPLICATION-002940"",""PF-AGENCY-000440""]"
PF-PERMITAPPLICATION-002925,Completeness Rejected,2024-01-05T09:24:00Z,wf_external_task,WF-0000038140,USR-083,"[""PF-PERMITAPPLICATION-002925"",""PF-OBJECTION-000425"",""PF-REVIEW-000425""]"
PF-PERMITAPPLICATION-002942,Application Reopened,2024-01-05T12:48:00Z,wf_task_history,WF-0000038153,USR-110,"[""PF-PERMITAPPLICATION-002942"",""PF-AGENCY-000442"",""PF-CONDITION-000442""]"
PF-PERMITAPPLICATION-002944,Application Reopened,2024-01-05T18:50:00Z,wf_task_history,WF-0000038175,USR-017,"[""PF-PERMITAPPLICATION-002944"",""PF-AGENCY-000444""]"
PF-PERMITAPPLICATION-002830,Completeness Rejected,2024-01-05T19:00:00Z,wf_external_task,WF-0000038183,USR-119,"[""PF-PERMITAPPLICATION-002830"",""PF-OBJECTION-000330"",""PF-REVIEW-000330""]"
PF-PERMITAPPLICATION-002830,Application Reopened,2024-01-05T19:52:00Z,wf_task_history,WF-0000038184,USR-111,"[""PF-PERMITAPPLICATION-002830"",""PF-AGENCY-000330""]"
PF-PERMITAPPLICATION-002830,Inspection Failed,2024-01-05T20:14:00Z,wf_message_delivery,WF-0000038185,USR-030,"[""PF-PERMITAPPLICATION-002830"",""PF-DOCUMENT-000330"",""PF-INSPECTION-000330""]"
PF-PERMITAPPLICATION-002830,Reinspection Requested,2024-01-05T20:51:00Z,wf_form_submission,WF-0000038186,USR-031,"[""PF-PERMITAPPLICATION-002830"",""PF-REVIEW-000330""]"
PF-PERMITAPPLICATION-002946,Application Reopened,2024-01-06T00:52:00Z,wf_task_history,WF-0000038202,USR-051,"[""PF-PERMITAPPLICATION-002946"",""PF-AGENCY-000446"",""PF-CONDITION-000446""]"
PF-PERMITAPPLICATION-002853,Reinspection Requested,2024-01-06T03:44:00Z,wf_form_submission,WF-0000038226,USR-041,"[""PF-PERMITAPPLICATION-002853"",""PF-REVIEW-000353""]"
PF-PERMITAPPLICATION-002948,Application Reopened,2024-01-06T06:54:00Z,wf_task_history,WF-0000038232,USR-085,"[""PF-PERMITAPPLICATION-002948"",""PF-AGENCY-000448"",""PF-CONDITION-000448""]"
PF-PERMITAPPLICATION-002835,Completeness Rejected,2024-01-06T10:00:00Z,wf_external_task,WF-0000038253,USR-077,"[""PF-PERMITAPPLICATION-002835"",""PF-OBJECTION-000335""]"
PF-PERMITAPPLICATION-002835,Application Reopened,2024-01-06T10:52:00Z,wf_task_history,WF-0000038254,USR-069,"[""PF-PERMITAPPLICATION-002835"",""PF-AGENCY-000335""]"
PF-PERMITAPPLICATION-002835,Inspection Failed,2024-01-06T11:14:00Z,wf_message_delivery,WF-0000038255,USR-115,"[""PF-PERMITAPPLICATION-002835"",""PF-DOCUMENT-000335""]"
PF-PERMITAPPLICATION-002835,Reinspection Requested,2024-01-06T11:51:00Z,wf_form_submission,WF-0000038256,USR-116,"[""PF-PERMITAPPLICATION-002835"",""PF-REVIEW-000335"",""PF-VIOLATION-000335""]"
PF-PERMITAPPLICATION-002858,Inspection Failed,2024-01-06T12:48:00Z,wf_message_delivery,WF-0000038268,USR-125,"[""PF-PERMITAPPLICATION-002858"",""PF-DOCUMENT-000358"",""PF-INSPECTION-000358""]"
PF-PERMITAPPLICATION-002950,Application Reopened,2024-01-06T12:56:00Z,wf_task_history,WF-0000038261,USR-119,"[""PF-PERMITAPPLICATION-002950"",""PF-AGENCY-000450""]"
PF-PERMITAPPLICATION-002952,Application Reopened,2024-01-06T18:58:00Z,wf_task_history,WF-0000038284,USR-026,"[""PF-PERMITAPPLICATION-002952"",""PF-AGENCY-000452"",""PF-CONDITION-000452""]"
PF-PERMITAPPLICATION-002938,Completeness Rejected,2024-01-07T00:37:00Z,wf_external_task,WF-0000038308,USR-050,"[""PF-PERMITAPPLICATION-002938"",""PF-OBJECTION-000438"",""PF-REVIEW-000438""]"
PF-PERMITAPPLICATION-002954,Application Reopened,2024-01-07T01:00:00Z,wf_task_history,WF-0000038311,USR-060,"[""PF-PERMITAPPLICATION-002954"",""PF-AGENCY-000454""]"
PF-PERMITAPPLICATION-002840,Completeness Rejected,2024-01-07T01:00:00Z,wf_external_task,WF-0000038318,USR-035,"[""PF-PERMITAPPLICATION-002840"",""PF-OBJECTION-000340""]"
PF-PERMITAPPLICATION-002840,Application Reopened,2024-01-07T01:52:00Z,wf_task_history,WF-0000038319,USR-027,"[""PF-PERMITAPPLICATION-002840"",""PF-AGENCY-000340"",""PF-CONDITION-000340""]"
PF-PERMITAPPLICATION-002840,Inspection Failed,2024-01-07T02:14:00Z,wf_message_delivery,WF-0000038320,USR-073,"[""PF-PERMITAPPLICATION-002840"",""PF-DOCUMENT-000340""]"
PF-PERMITAPPLICATION-002840,Reinspection Requested,2024-01-07T02:51:00Z,wf_form_submission,WF-0000038321,USR-074,"[""PF-PERMITAPPLICATION-002840"",""PF-REVIEW-000340""]"
PF-PERMITAPPLICATION-002956,Application Reopened,2024-01-07T07:02:00Z,wf_task_history,WF-0000038338,USR-094,"[""PF-PERMITAPPLICATION-002956"",""PF-AGENCY-000456""]"
PF-PERMITAPPLICATION-002958,Application Reopened,2024-01-07T13:04:00Z,wf_task_history,WF-0000038366,USR-001,"[""PF-PERMITAPPLICATION-002958"",""PF-AGENCY-000458"",""PF-CONDITION-000458""]"
PF-PERMITAPPLICATION-002845,Completeness Rejected,2024-01-07T16:00:00Z,wf_external_task,WF-0000038382,USR-120,"[""PF-PERMITAPPLICATION-002845"",""PF-OBJECTION-000345""]"
PF-PERMITAPPLICATION-002845,Application Reopened,2024-01-07T16:52:00Z,wf_task_history,WF-0000038383,USR-112,"[""PF-PERMITAPPLICATION-002845"",""PF-AGENCY-000345"",""PF-CONDITION-000345""]"
PF-PERMITAPPLICATION-002845,Inspection Failed,2024-01-07T17:14:00Z,wf_message_delivery,WF-0000038384,USR-031,"[""PF-PERMITAPPLICATION-002845"",""PF-DOCUMENT-000345""]"
PF-PERMITAPPLICATION-002845,Reinspection Requested,2024-01-07T17:51:00Z,wf_form_submission,WF-0000038385,USR-032,"[""PF-PERMITAPPLICATION-002845"",""PF-REVIEW-000345"",""PF-VIOLATION-000345""]"
PF-PERMITAPPLICATION-002960,Application Reopened,2024-01-07T19:06:00Z,wf_task_history,WF-0000038396,USR-035,"[""PF-PERMITAPPLICATION-002960"",""PF-AGENCY-000460""]"
PF-PERMITAPPLICATION-002962,Application Reopened,2024-01-08T00:15:00Z,wf_task_history,WF-0000038412,USR-069,"[""PF-PERMITAPPLICATION-002962"",""PF-AGENCY-000462"",""PF-CONDITION-000462""]"
PF-PERMITAPPLICATION-002964,Application Reopened,2024-01-08T06:17:00Z,wf_task_history,WF-0000038437,USR-103,"[""PF-PERMITAPPLICATION-002964"",""PF-AGENCY-000464""]"
PF-PERMITAPPLICATION-002850,Completeness Rejected,2024-01-08T07:00:00Z,wf_external_task,WF-0000038447,USR-078,"[""PF-PERMITAPPLICATION-002850"",""PF-OBJECTION-000350"",""PF-REVIEW-000350""]"
PF-PERMITAPPLICATION-002850,Application Reopened,2024-01-08T07:52:00Z,wf_task_history,WF-0000038448,USR-070,"[""PF-PERMITAPPLICATION-002850"",""PF-AGENCY-000350""]"
PF-PERMITAPPLICATION-002850,Inspection Failed,2024-01-08T08:14:00Z,wf_message_delivery,WF-0000038449,USR-116,"[""PF-PERMITAPPLICATION-002850"",""PF-DOCUMENT-000350"",""PF-INSPECTION-000350""]"
PF-PERMITAPPLICATION-002850,Reinspection Requested,2024-01-08T08:51:00Z,wf_form_submission,WF-0000038450,USR-117,"[""PF-PERMITAPPLICATION-002850"",""PF-REVIEW-000350""]"
PF-PERMITAPPLICATION-002966,Application Reopened,2024-01-08T12:19:00Z,wf_task_history,WF-0000038465,USR-010,"[""PF-PERMITAPPLICATION-002966"",""PF-AGENCY-000466""]"
PF-PERMITAPPLICATION-002951,Completeness Rejected,2024-01-08T15:50:00Z,wf_external_task,WF-0000038485,USR-017,"[""PF-PERMITAPPLICATION-002951"",""PF-OBJECTION-000451""]"
PF-PERMITAPPLICATION-002968,Application Reopened,2024-01-08T18:21:00Z,wf_task_history,WF-0000038488,USR-044,"[""PF-PERMITAPPLICATION-002968"",""PF-AGENCY-000468""]"
PF-PERMITAPPLICATION-002877,Inspection Failed,2024-01-08T21:14:00Z,wf_message_delivery,WF-0000038510,USR-067,"[""PF-PERMITAPPLICATION-002877"",""PF-DOCUMENT-000377""]"
PF-PERMITAPPLICATION-002855,Completeness Rejected,2024-01-08T22:00:00Z,wf_external_task,WF-0000038517,USR-036,"[""PF-PERMITAPPLICATION-002855"",""PF-OBJECTION-000355""]"
PF-PERMITAPPLICATION-002855,Application Reopened,2024-01-08T22:52:00Z,wf_task_history,WF-0000038518,USR-028,"[""PF-PERMITAPPLICATION-002855"",""PF-AGENCY-000355""]"
PF-PERMITAPPLICATION-002855,Inspection Failed,2024-01-08T23:14:00Z,wf_message_delivery,WF-0000038519,USR-074,"[""PF-PERMITAPPLICATION-002855"",""PF-DOCUMENT-000355""]"
PF-PERMITAPPLICATION-002855,Reinspection Requested,2024-01-08T23:51:00Z,wf_form_submission,WF-0000038520,USR-075,"[""PF-PERMITAPPLICATION-002855"",""PF-REVIEW-000355"",""PF-VIOLATION-000355""]"
PF-PERMITAPPLICATION-002876,Reinspection Requested,2024-01-09T00:14:00Z,wf_form_submission,WF-0000038529,USR-051,"[""PF-PERMITAPPLICATION-002876"",""PF-REVIEW-000376""]"
PF-PERMITAPPLICATION-002970,Application Reopened,2024-01-09T00:23:00Z,wf_task_history,WF-0000038523,USR-078,"[""PF-PERMITAPPLICATION-002970"",""PF-AGENCY-000470""]"
PF-PERMITAPPLICATION-002972,Application Reopened,2024-01-09T06:25:00Z,wf_task_history,WF-0000038545,USR-112,"[""PF-PERMITAPPLICATION-002972"",""PF-AGENCY-000472""]"
PF-PERMITAPPLICATION-002974,Application Reopened,2024-01-09T12:27:00Z,wf_task_history,WF-0000038568,USR-019,"[""PF-PERMITAPPLICATION-002974"",""PF-AGENCY-000474""]"
PF-PERMITAPPLICATION-002860,Completeness Rejected,2024-01-09T13:00:00Z,wf_external_task,WF-0000038579,USR-121,"[""PF-PERMITAPPLICATION-002860"",""PF-OBJECTION-000360""]"
PF-PERMITAPPLICATION-002860,Application Reopened,2024-01-09T13:52:00Z,wf_task_history,WF-0000038580,USR-113,"[""PF-PERMITAPPLICATION-002860"",""PF-AGENCY-000360"",""PF-CONDITION-000360""]"
PF-PERMITAPPLICATION-002860,Inspection Failed,2024-01-09T14:14:00Z,wf_message_delivery,WF-0000038581,USR-032,"[""PF-PERMITAPPLICATION-002860"",""PF-DOCUMENT-000360""]"
PF-PERMITAPPLICATION-002860,Reinspection Requested,2024-01-09T14:51:00Z,wf_form_submission,WF-0000038582,USR-033,"[""PF-PERMITAPPLICATION-002860"",""PF-REVIEW-000360""]"
PF-PERMITAPPLICATION-002976,Application Reopened,2024-01-09T18:29:00Z,wf_task_history,WF-0000038596,USR-053,"[""PF-PERMITAPPLICATION-002976"",""PF-AGENCY-000476""]"
PF-PERMITAPPLICATION-002978,Application Reopened,2024-01-10T00:31:00Z,wf_task_history,WF-0000038621,USR-087,"[""PF-PERMITAPPLICATION-002978"",""PF-AGENCY-000478""]"
PF-PERMITAPPLICATION-002865,Completeness Rejected,2024-01-10T04:00:00Z,wf_external_task,WF-0000038639,USR-079,"[""PF-PERMITAPPLICATION-002865"",""PF-OBJECTION-000365"",""PF-REVIEW-000365""]"
PF-PERMITAPPLICATION-002865,Application Reopened,2024-01-10T04:52:00Z,wf_task_history,WF-0000038640,USR-071,"[""PF-PERMITAPPLICATION-002865"",""PF-AGENCY-000365""]"
PF-PERMITAPPLICATION-002865,Inspection Failed,2024-01-10T05:14:00Z,wf_message_delivery,WF-0000038641,USR-117,"[""PF-PERMITAPPLICATION-002865"",""PF-DOCUMENT-000365"",""PF-INSPECTION-000365""]"
PF-PERMITAPPLICATION-002865,Reinspection Requested,2024-01-10T05:51:00Z,wf_form_submission,WF-0000038642,USR-118,"[""PF-PERMITAPPLICATION-002865"",""PF-REVIEW-000365""]"
PF-PERMITAPPLICATION-002964,Completeness Rejected,2024-01-10T06:10:00Z,wf_external_task,WF-0000038645,USR-111,"[""PF-PERMITAPPLICATION-002964"",""PF-OBJECTION-000464""]"
PF-PERMITAPPLICATION-002980,Application Reopened,2024-01-10T06:33:00Z,wf_task_history,WF-0000038649,USR-121,"[""PF-PERMITAPPLICATION-002980"",""PF-AGENCY-000480"",""PF-CONDITION-000480""]"
PF-PERMITAPPLICATION-002982,Application Reopened,2024-01-10T12:35:00Z,wf_task_history,WF-0000038675,USR-028,"[""PF-PERMITAPPLICATION-002982"",""PF-AGENCY-000482""]"
PF-PERMITAPPLICATION-002984,Application Reopened,2024-01-10T18:37:00Z,wf_task_history,WF-0000038699,USR-062,"[""PF-PERMITAPPLICATION-002984"",""PF-AGENCY-000484"",""PF-CONDITION-000484""]"
PF-PERMITAPPLICATION-002870,Completeness Rejected,2024-01-10T19:00:00Z,wf_external_task,WF-0000038707,USR-037,"[""PF-PERMITAPPLICATION-002870"",""PF-OBJECTION-000370"",""PF-REVIEW-000370""]"
PF-PERMITAPPLICATION-002870,Application Reopened,2024-01-10T19:52:00Z,wf_task_history,WF-0000038708,USR-029,"[""PF-PERMITAPPLICATION-002870"",""PF-AGENCY-000370""]"
PF-PERMITAPPLICATION-002870,Inspection Failed,2024-01-10T20:14:00Z,wf_message_delivery,WF-0000038709,USR-075,"[""PF-PERMITAPPLICATION-002870"",""PF-DOCUMENT-000370"",""PF-INSPECTION-000370""]"
PF-PERMITAPPLICATION-002870,Reinspection Requested,2024-01-10T20:51:00Z,wf_form_submission,WF-0000038710,USR-076,"[""PF-PERMITAPPLICATION-002870"",""PF-REVIEW-000370""]"
PF-PERMITAPPLICATION-002986,Application Reopened,2024-01-11T00:39:00Z,wf_task_history,WF-0000038729,USR-096,"[""PF-PERMITAPPLICATION-002986"",""PF-AGENCY-000486"",""PF-CONDITION-000486""]"
PF-PERMITAPPLICATION-002896,Inspection Failed,2024-01-11T06:33:00Z,wf_message_delivery,WF-0000038759,USR-009,"[""PF-PERMITAPPLICATION-002896"",""PF-DOCUMENT-000396"",""PF-INSPECTION-000396""]"
PF-PERMITAPPLICATION-002988,Application Reopened,2024-01-11T06:41:00Z,wf_task_history,WF-0000038752,USR-003,"[""PF-PERMITAPPLICATION-002988"",""PF-AGENCY-000488""]"
PF-PERMITAPPLICATION-002875,Completeness Rejected,2024-01-11T10:00:00Z,wf_external_task,WF-0000038770,USR-122,"[""PF-PERMITAPPLICATION-002875"",""PF-OBJECTION-000375""]"
PF-PERMITAPPLICATION-002875,Application Reopened,2024-01-11T10:52:00Z,wf_task_history,WF-0000038771,USR-114,"[""PF-PERMITAPPLICATION-002875"",""PF-AGENCY-000375""]"
PF-PERMITAPPLICATION-002875,Inspection Failed,2024-01-11T11:14:00Z,wf_message_delivery,WF-0000038772,USR-033,"[""PF-PERMITAPPLICATION-002875"",""PF-DOCUMENT-000375""]"
PF-PERMITAPPLICATION-002875,Reinspection Requested,2024-01-11T11:51:00Z,wf_form_submission,WF-0000038773,USR-034,"[""PF-PERMITAPPLICATION-002875"",""PF-REVIEW-000375"",""PF-VIOLATION-000375""]"
PF-PERMITAPPLICATION-002990,Application Reopened,2024-01-11T12:43:00Z,wf_task_history,WF-0000038778,USR-037,"[""PF-PERMITAPPLICATION-002990"",""PF-AGENCY-000490""]"
PF-PERMITAPPLICATION-002992,Application Reopened,2024-01-11T18:45:00Z,wf_task_history,WF-0000038806,USR-071,"[""PF-PERMITAPPLICATION-002992"",""PF-AGENCY-000492""]"
PF-PERMITAPPLICATION-002977,Completeness Rejected,2024-01-11T21:23:00Z,wf_external_task,WF-0000038812,USR-078,"[""PF-PERMITAPPLICATION-002977"",""PF-OBJECTION-000477"",""PF-REVIEW-000477""]"
PF-PERMITAPPLICATION-002899,Reinspection Requested,2024-01-11T21:37:00Z,wf_form_submission,WF-0000038819,USR-061,"[""PF-PERMITAPPLICATION-002899"",""PF-REVIEW-000399"",""PF-VIOLATION-000399""]"
PF-PERMITAPPLICATION-002994,Application Reopened,2024-01-12T00:47:00Z,wf_task_history,WF-0000038822,USR-105,"[""PF-PERMITAPPLICATION-002994"",""PF-AGENCY-000494"",""PF-CONDITION-000494""]"
PF-PERMITAPPLICATION-002880,Completeness Rejected,2024-01-12T01:00:00Z,wf_external_task,WF-0000038828,USR-080,"[""PF-PERMITAPPLICATION-002880"",""PF-OBJECTION-000380"",""PF-REVIEW-000380""]"
PF-PERMITAPPLICATION-002880,Application Reopened,2024-01-12T01:52:00Z,wf_task_history,WF-0000038829,USR-072,"[""PF-PERMITAPPLICATION-002880"",""PF-AGENCY-000380""]"
PF-PERMITAPPLICATION-002880,Inspection Failed,2024-01-12T02:14:00Z,wf_message_delivery,WF-0000038830,USR-118,"[""PF-PERMITAPPLICATION-002880"",""PF-DOCUMENT-000380"",""PF-INSPECTION-000380""]"
PF-PERMITAPPLICATION-002880,Reinspection Requested,2024-01-12T02:51:00Z,wf_form_submission,WF-0000038831,USR-119,"[""PF-PERMITAPPLICATION-002880"",""PF-REVIEW-000380""]"
PF-PERMITAPPLICATION-002996,Application Reopened,2024-01-12T06:49:00Z,wf_task_history,WF-0000038843,USR-012,"[""PF-PERMITAPPLICATION-002996"",""PF-AGENCY-000496""]"
PF-PERMITAPPLICATION-002998,Application Reopened,2024-01-12T12:51:00Z,wf_task_history,WF-0000038859,USR-046,"[""PF-PERMITAPPLICATION-002998"",""PF-AGENCY-000498""]"
PF-PERMITAPPLICATION-002885,Completeness Rejected,2024-01-12T16:00:00Z,wf_external_task,WF-0000038867,USR-038,"[""PF-PERMITAPPLICATION-002885"",""PF-OBJECTION-000385"",""PF-REVIEW-000385""]"
PF-PERMITAPPLICATION-002885,Application Reopened,2024-01-12T16:52:00Z,wf_task_history,WF-0000038868,USR-030,"[""PF-PERMITAPPLICATION-002885"",""PF-AGENCY-000385""]"
PF-PERMITAPPLICATION-002885,Inspection Failed,2024-01-12T17:14:00Z,wf_message_delivery,WF-0000038869,USR-076,"[""PF-PERMITAPPLICATION-002885"",""PF-DOCUMENT-000385"",""PF-INSPECTION-000385""]"
PF-PERMITAPPLICATION-002885,Reinspection Requested,2024-01-12T17:51:00Z,wf_form_submission,WF-0000038870,USR-077,"[""PF-PERMITAPPLICATION-002885"",""PF-REVIEW-000385""]"
PF-PERMITAPPLICATION-003000,Application Reopened,2024-01-12T18:53:00Z,wf_task_history,WF-0000038876,USR-080,"[""PF-PERMITAPPLICATION-003000"",""PF-AGENCY-000500""]"
PF-PERMITAPPLICATION-002890,Completeness Rejected,2024-01-13T07:00:00Z,wf_external_task,WF-0000038903,USR-123,"[""PF-PERMITAPPLICATION-002890"",""PF-OBJECTION-000390""]"
PF-PERMITAPPLICATION-002890,Application Reopened,2024-01-13T07:52:00Z,wf_task_history,WF-0000038904,USR-115,"[""PF-PERMITAPPLICATION-002890"",""PF-AGENCY-000390"",""PF-CONDITION-000390""]"
PF-PERMITAPPLICATION-002890,Inspection Failed,2024-01-13T08:14:00Z,wf_message_delivery,WF-0000038905,USR-034,"[""PF-PERMITAPPLICATION-002890"",""PF-DOCUMENT-000390""]"
PF-PERMITAPPLICATION-002890,Reinspection Requested,2024-01-13T08:51:00Z,wf_form_submission,WF-0000038906,USR-035,"[""PF-PERMITAPPLICATION-002890"",""PF-REVIEW-000390"",""PF-VIOLATION-000390""]"
PF-PERMITAPPLICATION-002990,Completeness Rejected,2024-01-13T12:36:00Z,wf_external_task,WF-0000038912,USR-045,"[""PF-PERMITAPPLICATION-002990"",""PF-OBJECTION-000490""]"
PF-PERMITAPPLICATION-002915,Inspection Failed,2024-01-13T15:52:00Z,wf_message_delivery,WF-0000038917,USR-078,"[""PF-PERMITAPPLICATION-002915"",""PF-DOCUMENT-000415"",""PF-INSPECTION-000415""]"
PF-PERMITAPPLICATION-002895,Completeness Rejected,2024-01-13T22:00:00Z,wf_external_task,WF-0000038926,USR-081,"[""PF-PERMITAPPLICATION-002895"",""PF-OBJECTION-000395""]"
PF-PERMITAPPLICATION-002895,Application Reopened,2024-01-13T22:52:00Z,wf_task_history,WF-0000038927,USR-073,"[""PF-PERMITAPPLICATION-002895"",""PF-AGENCY-000395"",""PF-CONDITION-000395""]"
PF-PERMITAPPLICATION-002895,Inspection Failed,2024-01-13T23:14:00Z,wf_message_delivery,WF-0000038928,USR-119,"[""PF-PERMITAPPLICATION-002895"",""PF-DOCUMENT-000395""]"
PF-PERMITAPPLICATION-002895,Reinspection Requested,2024-01-13T23:51:00Z,wf_form_submission,WF-0000038929,USR-120,"[""PF-PERMITAPPLICATION-002895"",""PF-REVIEW-000395"",""PF-VIOLATION-000395""]"
PF-PERMITAPPLICATION-002900,Completeness Rejected,2024-01-14T13:00:00Z,wf_external_task,WF-0000038948,USR-039,"[""PF-PERMITAPPLICATION-002900"",""PF-OBJECTION-000400"",""PF-REVIEW-000400""]"
PF-PERMITAPPLICATION-002900,Application Reopened,2024-01-14T13:52:00Z,wf_task_history,WF-0000038949,USR-031,"[""PF-PERMITAPPLICATION-002900"",""PF-AGENCY-000400""]"
PF-PERMITAPPLICATION-002900,Inspection Failed,2024-01-14T14:14:00Z,wf_message_delivery,WF-0000038950,USR-077,"[""PF-PERMITAPPLICATION-002900"",""PF-DOCUMENT-000400"",""PF-INSPECTION-000400""]"
PF-PERMITAPPLICATION-002900,Reinspection Requested,2024-01-14T14:51:00Z,wf_form_submission,WF-0000038951,USR-078,"[""PF-PERMITAPPLICATION-002900"",""PF-REVIEW-000400""]"
PF-PERMITAPPLICATION-002922,Reinspection Requested,2024-01-14T18:07:00Z,wf_form_submission,WF-0000038954,USR-071,"[""PF-PERMITAPPLICATION-002922"",""PF-REVIEW-000422""]"
PF-PERMITAPPLICATION-002905,Completeness Rejected,2024-01-15T04:00:00Z,wf_external_task,WF-0000038965,USR-124,"[""PF-PERMITAPPLICATION-002905"",""PF-OBJECTION-000405""]"
PF-PERMITAPPLICATION-002905,Application Reopened,2024-01-15T04:52:00Z,wf_task_history,WF-0000038966,USR-116,"[""PF-PERMITAPPLICATION-002905"",""PF-AGENCY-000405"",""PF-CONDITION-000405""]"
PF-PERMITAPPLICATION-002905,Inspection Failed,2024-01-15T05:14:00Z,wf_message_delivery,WF-0000038967,USR-035,"[""PF-PERMITAPPLICATION-002905"",""PF-DOCUMENT-000405""]"
PF-PERMITAPPLICATION-002905,Reinspection Requested,2024-01-15T05:51:00Z,wf_form_submission,WF-0000038968,USR-036,"[""PF-PERMITAPPLICATION-002905"",""PF-REVIEW-000405""]"
PF-PERMITAPPLICATION-002910,Completeness Rejected,2024-01-15T19:00:00Z,wf_external_task,WF-0000038986,USR-082,"[""PF-PERMITAPPLICATION-002910"",""PF-OBJECTION-000410""]"
PF-PERMITAPPLICATION-002910,Application Reopened,2024-01-15T19:52:00Z,wf_task_history,WF-0000038987,USR-074,"[""PF-PERMITAPPLICATION-002910"",""PF-AGENCY-000410"",""PF-CONDITION-000410""]"
PF-PERMITAPPLICATION-002910,Inspection Failed,2024-01-15T20:14:00Z,wf_message_delivery,WF-0000038988,USR-120,"[""PF-PERMITAPPLICATION-002910"",""PF-DOCUMENT-000410""]"
PF-PERMITAPPLICATION-002910,Reinspection Requested,2024-01-15T20:51:00Z,wf_form_submission,WF-0000038989,USR-121,"[""PF-PERMITAPPLICATION-002910"",""PF-REVIEW-000410""]"
PF-PERMITAPPLICATION-002934,Inspection Failed,2024-01-16T00:18:00Z,wf_message_delivery,WF-0000038992,USR-020,"[""PF-PERMITAPPLICATION-002934"",""PF-DOCUMENT-000434""]"
PF-PERMITAPPLICATION-002915,Completeness Rejected,2024-01-16T10:00:00Z,wf_external_task,WF-0000039000,USR-040,"[""PF-PERMITAPPLICATION-002915"",""PF-OBJECTION-000415""]"
PF-PERMITAPPLICATION-002915,Application Reopened,2024-01-16T10:52:00Z,wf_task_history,WF-0000039001,USR-032,"[""PF-PERMITAPPLICATION-002915"",""PF-AGENCY-000415"",""PF-CONDITION-000415""]"
PF-PERMITAPPLICATION-002915,Inspection Failed,2024-01-16T11:14:00Z,wf_message_delivery,WF-0000039002,USR-078,"[""PF-PERMITAPPLICATION-002915"",""PF-DOCUMENT-000415""]"
PF-PERMITAPPLICATION-002915,Reinspection Requested,2024-01-16T11:51:00Z,wf_form_submission,WF-0000039003,USR-079,"[""PF-PERMITAPPLICATION-002915"",""PF-REVIEW-000415"",""PF-VIOLATION-000415""]"
PF-PERMITAPPLICATION-002920,Completeness Rejected,2024-01-17T01:00:00Z,wf_external_task,WF-0000039016,USR-125,"[""PF-PERMITAPPLICATION-002920"",""PF-OBJECTION-000420"",""PF-REVIEW-000420""]"
PF-PERMITAPPLICATION-002920,Application Reopened,2024-01-17T01:52:00Z,wf_task_history,WF-0000039017,USR-117,"[""PF-PERMITAPPLICATION-002920"",""PF-AGENCY-000420""]"
PF-PERMITAPPLICATION-002920,Inspection Failed,2024-01-17T02:14:00Z,wf_message_delivery,WF-0000039018,USR-036,"[""PF-PERMITAPPLICATION-002920"",""PF-DOCUMENT-000420"",""PF-INSPECTION-000420""]"
PF-PERMITAPPLICATION-002920,Reinspection Requested,2024-01-17T02:51:00Z,wf_form_submission,WF-0000039019,USR-037,"[""PF-PERMITAPPLICATION-002920"",""PF-REVIEW-000420""]"
PF-PERMITAPPLICATION-002945,Reinspection Requested,2024-01-17T15:30:00Z,wf_form_submission,WF-0000039032,USR-081,"[""PF-PERMITAPPLICATION-002945"",""PF-REVIEW-000445""]"
PF-PERMITAPPLICATION-002925,Completeness Rejected,2024-01-17T16:00:00Z,wf_external_task,WF-0000039034,USR-083,"[""PF-PERMITAPPLICATION-002925"",""PF-OBJECTION-000425""]"
PF-PERMITAPPLICATION-002925,Application Reopened,2024-01-17T16:52:00Z,wf_task_history,WF-0000039035,USR-075,"[""PF-PERMITAPPLICATION-002925"",""PF-AGENCY-000425"",""PF-CONDITION-000425""]"
PF-PERMITAPPLICATION-002925,Inspection Failed,2024-01-17T17:14:00Z,wf_message_delivery,WF-0000039036,USR-121,"[""PF-PERMITAPPLICATION-002925"",""PF-DOCUMENT-000425""]"
PF-PERMITAPPLICATION-002925,Reinspection Requested,2024-01-17T17:51:00Z,wf_form_submission,WF-0000039037,USR-122,"[""PF-PERMITAPPLICATION-002925"",""PF-REVIEW-000425"",""PF-VIOLATION-000425""]"
PF-PERMITAPPLICATION-002930,Completeness Rejected,2024-01-18T07:00:00Z,wf_external_task,WF-0000039046,USR-041,"[""PF-PERMITAPPLICATION-002930"",""PF-OBJECTION-000430""]"
PF-PERMITAPPLICATION-002930,Application Reopened,2024-01-18T07:52:00Z,wf_task_history,WF-0000039047,USR-033,"[""PF-PERMITAPPLICATION-002930"",""PF-AGENCY-000430"",""PF-CONDITION-000430""]"
PF-PERMITAPPLICATION-002930,Inspection Failed,2024-01-18T08:14:00Z,wf_message_delivery,WF-0000039048,USR-079,"[""PF-PERMITAPPLICATION-002930"",""PF-DOCUMENT-000430""]"
PF-PERMITAPPLICATION-002930,Reinspection Requested,2024-01-18T08:51:00Z,wf_form_submission,WF-0000039049,USR-080,"[""PF-PERMITAPPLICATION-002930"",""PF-REVIEW-000430""]"
PF-PERMITAPPLICATION-002953,Inspection Failed,2024-01-18T09:37:00Z,wf_message_delivery,WF-0000039050,USR-089,"[""PF-PERMITAPPLICATION-002953"",""PF-DOCUMENT-000453""]"
PF-PERMITAPPLICATION-002935,Completeness Rejected,2024-01-18T22:00:00Z,wf_external_task,WF-0000039065,USR-126,"[""PF-PERMITAPPLICATION-002935"",""PF-OBJECTION-000435""]"
PF-PERMITAPPLICATION-002935,Application Reopened,2024-01-18T22:52:00Z,wf_task_history,WF-0000039066,USR-118,"[""PF-PERMITAPPLICATION-002935"",""PF-AGENCY-000435""]"
PF-PERMITAPPLICATION-002935,Inspection Failed,2024-01-18T23:14:00Z,wf_message_delivery,WF-0000039067,USR-037,"[""PF-PERMITAPPLICATION-002935"",""PF-DOCUMENT-000435""]"
PF-PERMITAPPLICATION-002935,Reinspection Requested,2024-01-18T23:51:00Z,wf_form_submission,WF-0000039068,USR-038,"[""PF-PERMITAPPLICATION-002935"",""PF-REVIEW-000435"",""PF-VIOLATION-000435""]"
PF-PERMITAPPLICATION-002940,Completeness Rejected,2024-01-19T13:00:00Z,wf_external_task,WF-0000039077,USR-084,"[""PF-PERMITAPPLICATION-002940"",""PF-OBJECTION-000440"",""PF-REVIEW-000440""]"
PF-PERMITAPPLICATION-002940,Application Reopened,2024-01-19T13:52:00Z,wf_task_history,WF-0000039078,USR-076,"[""PF-PERMITAPPLICATION-002940"",""PF-AGENCY-000440""]"
PF-PERMITAPPLICATION-002940,Inspection Failed,2024-01-19T14:14:00Z,wf_message_delivery,WF-0000039079,USR-122,"[""PF-PERMITAPPLICATION-002940"",""PF-DOCUMENT-000440"",""PF-INSPECTION-000440""]"
PF-PERMITAPPLICATION-002940,Reinspection Requested,2024-01-19T14:51:00Z,wf_form_submission,WF-0000039080,USR-123,"[""PF-PERMITAPPLICATION-002940"",""PF-REVIEW-000440""]"
PF-PERMITAPPLICATION-002945,Completeness Rejected,2024-01-20T04:00:00Z,wf_external_task,WF-0000039089,USR-042,"[""PF-PERMITAPPLICATION-002945"",""PF-OBJECTION-000445""]"
PF-PERMITAPPLICATION-002945,Application Reopened,2024-01-20T04:52:00Z,wf_task_history,WF-0000039090,USR-034,"[""PF-PERMITAPPLICATION-002945"",""PF-AGENCY-000445""]"
PF-PERMITAPPLICATION-002945,Inspection Failed,2024-01-20T05:14:00Z,wf_message_delivery,WF-0000039091,USR-080,"[""PF-PERMITAPPLICATION-002945"",""PF-DOCUMENT-000445""]"
PF-PERMITAPPLICATION-002945,Reinspection Requested,2024-01-20T05:51:00Z,wf_form_submission,WF-0000039092,USR-081,"[""PF-PERMITAPPLICATION-002945"",""PF-REVIEW-000445"",""PF-VIOLATION-000445""]"
PF-PERMITAPPLICATION-002968,Reinspection Requested,2024-01-20T12:00:00Z,wf_form_submission,WF-0000039097,USR-091,"[""PF-PERMITAPPLICATION-002968"",""PF-REVIEW-000468"",""PF-VIOLATION-000468""]"
PF-PERMITAPPLICATION-002972,Inspection Failed,2024-01-20T18:03:00Z,wf_message_delivery,WF-0000039099,USR-031,"[""PF-PERMITAPPLICATION-002972"",""PF-DOCUMENT-000472"",""PF-INSPECTION-000472""]"
PF-PERMITAPPLICATION-002950,Completeness Rejected,2024-01-20T19:00:00Z,wf_external_task,WF-0000039101,USR-127,"[""PF-PERMITAPPLICATION-002950"",""PF-OBJECTION-000450"",""PF-REVIEW-000450""]"
PF-PERMITAPPLICATION-002950,Application Reopened,2024-01-20T19:52:00Z,wf_task_history,WF-0000039102,USR-119,"[""PF-PERMITAPPLICATION-002950"",""PF-AGENCY-000450""]"
PF-PERMITAPPLICATION-002950,Inspection Failed,2024-01-20T20:14:00Z,wf_message_delivery,WF-0000039103,USR-038,"[""PF-PERMITAPPLICATION-002950"",""PF-DOCUMENT-000450"",""PF-INSPECTION-000450""]"
PF-PERMITAPPLICATION-002950,Reinspection Requested,2024-01-20T20:51:00Z,wf_form_submission,WF-0000039104,USR-039,"[""PF-PERMITAPPLICATION-002950"",""PF-REVIEW-000450""]"
PF-PERMITAPPLICATION-002955,Completeness Rejected,2024-01-21T10:00:00Z,wf_external_task,WF-0000039115,USR-085,"[""PF-PERMITAPPLICATION-002955"",""PF-OBJECTION-000455"",""PF-REVIEW-000455""]"
PF-PERMITAPPLICATION-002955,Application Reopened,2024-01-21T10:52:00Z,wf_task_history,WF-0000039116,USR-077,"[""PF-PERMITAPPLICATION-002955"",""PF-AGENCY-000455""]"
PF-PERMITAPPLICATION-002955,Inspection Failed,2024-01-21T11:14:00Z,wf_message_delivery,WF-0000039117,USR-123,"[""PF-PERMITAPPLICATION-002955"",""PF-DOCUMENT-000455"",""PF-INSPECTION-000455""]"
PF-PERMITAPPLICATION-002955,Reinspection Requested,2024-01-21T11:51:00Z,wf_form_submission,WF-0000039118,USR-124,"[""PF-PERMITAPPLICATION-002955"",""PF-REVIEW-000455""]"
PF-PERMITAPPLICATION-002960,Completeness Rejected,2024-01-22T01:00:00Z,wf_external_task,WF-0000039124,USR-043,"[""PF-PERMITAPPLICATION-002960"",""PF-OBJECTION-000460""]"
PF-PERMITAPPLICATION-002960,Application Reopened,2024-01-22T01:52:00Z,wf_task_history,WF-0000039125,USR-035,"[""PF-PERMITAPPLICATION-002960"",""PF-AGENCY-000460""]"
PF-PERMITAPPLICATION-002960,Inspection Failed,2024-01-22T02:14:00Z,wf_message_delivery,WF-0000039126,USR-081,"[""PF-PERMITAPPLICATION-002960"",""PF-DOCUMENT-000460""]"
PF-PERMITAPPLICATION-002960,Reinspection Requested,2024-01-22T02:51:00Z,wf_form_submission,WF-0000039127,USR-082,"[""PF-PERMITAPPLICATION-002960"",""PF-REVIEW-000460"",""PF-VIOLATION-000460""]"
PF-PERMITAPPLICATION-002965,Completeness Rejected,2024-01-22T16:00:00Z,wf_external_task,WF-0000039137,USR-001,"[""PF-PERMITAPPLICATION-002965"",""PF-OBJECTION-000465""]"
PF-PERMITAPPLICATION-002965,Application Reopened,2024-01-22T16:52:00Z,wf_task_history,WF-0000039138,USR-120,"[""PF-PERMITAPPLICATION-002965"",""PF-AGENCY-000465"",""PF-CONDITION-000465""]"
PF-PERMITAPPLICATION-002965,Inspection Failed,2024-01-22T17:14:00Z,wf_message_delivery,WF-0000039139,USR-039,"[""PF-PERMITAPPLICATION-002965"",""PF-DOCUMENT-000465""]"
PF-PERMITAPPLICATION-002965,Reinspection Requested,2024-01-22T17:51:00Z,wf_form_submission,WF-0000039140,USR-040,"[""PF-PERMITAPPLICATION-002965"",""PF-REVIEW-000465""]"
PF-PERMITAPPLICATION-002991,Inspection Failed,2024-01-23T03:22:00Z,wf_message_delivery,WF-0000039143,USR-100,"[""PF-PERMITAPPLICATION-002991"",""PF-DOCUMENT-000491"",""PF-INSPECTION-000491""]"
PF-PERMITAPPLICATION-002970,Completeness Rejected,2024-01-23T07:00:00Z,wf_external_task,WF-0000039144,USR-086,"[""PF-PERMITAPPLICATION-002970"",""PF-OBJECTION-000470"",""PF-REVIEW-000470""]"
PF-PERMITAPPLICATION-002970,Application Reopened,2024-01-23T07:52:00Z,wf_task_history,WF-0000039145,USR-078,"[""PF-PERMITAPPLICATION-002970"",""PF-AGENCY-000470""]"
PF-PERMITAPPLICATION-002970,Inspection Failed,2024-01-23T08:14:00Z,wf_message_delivery,WF-0000039146,USR-124,"[""PF-PERMITAPPLICATION-002970"",""PF-DOCUMENT-000470"",""PF-INSPECTION-000470""]"
PF-PERMITAPPLICATION-002970,Reinspection Requested,2024-01-23T08:51:00Z,wf_form_submission,WF-0000039147,USR-125,"[""PF-PERMITAPPLICATION-002970"",""PF-REVIEW-000470""]"
PF-PERMITAPPLICATION-002991,Reinspection Requested,2024-01-23T09:23:00Z,wf_form_submission,WF-0000039150,USR-101,"[""PF-PERMITAPPLICATION-002991"",""PF-REVIEW-000491""]"
PF-PERMITAPPLICATION-002975,Completeness Rejected,2024-01-23T22:00:00Z,wf_external_task,WF-0000039151,USR-044,"[""PF-PERMITAPPLICATION-002975"",""PF-OBJECTION-000475"",""PF-REVIEW-000475""]"
PF-PERMITAPPLICATION-002975,Application Reopened,2024-01-23T22:52:00Z,wf_task_history,WF-0000039152,USR-036,"[""PF-PERMITAPPLICATION-002975"",""PF-AGENCY-000475""]"
PF-PERMITAPPLICATION-002975,Inspection Failed,2024-01-23T23:14:00Z,wf_message_delivery,WF-0000039153,USR-082,"[""PF-PERMITAPPLICATION-002975"",""PF-DOCUMENT-000475"",""PF-INSPECTION-000475""]"
PF-PERMITAPPLICATION-002975,Reinspection Requested,2024-01-23T23:51:00Z,wf_form_submission,WF-0000039154,USR-083,"[""PF-PERMITAPPLICATION-002975"",""PF-REVIEW-000475""]"
PF-PERMITAPPLICATION-002980,Completeness Rejected,2024-01-24T13:00:00Z,wf_external_task,WF-0000039157,USR-002,"[""PF-PERMITAPPLICATION-002980"",""PF-OBJECTION-000480""]"
PF-PERMITAPPLICATION-002980,Application Reopened,2024-01-24T13:52:00Z,wf_task_history,WF-0000039158,USR-121,"[""PF-PERMITAPPLICATION-002980"",""PF-AGENCY-000480"",""PF-CONDITION-000480""]"
PF-PERMITAPPLICATION-002980,Inspection Failed,2024-01-24T14:14:00Z,wf_message_delivery,WF-0000039159,USR-040,"[""PF-PERMITAPPLICATION-002980"",""PF-DOCUMENT-000480""]"
PF-PERMITAPPLICATION-002980,Reinspection Requested,2024-01-24T14:51:00Z,wf_form_submission,WF-0000039160,USR-041,"[""PF-PERMITAPPLICATION-002980"",""PF-REVIEW-000480""]"
PF-PERMITAPPLICATION-002985,Completeness Rejected,2024-01-25T04:00:00Z,wf_external_task,WF-0000039164,USR-087,"[""PF-PERMITAPPLICATION-002985"",""PF-OBJECTION-000485""]"
PF-PERMITAPPLICATION-002985,Application Reopened,2024-01-25T04:52:00Z,wf_task_history,WF-0000039165,USR-079,"[""PF-PERMITAPPLICATION-002985"",""PF-AGENCY-000485"",""PF-CONDITION-000485""]"
PF-PERMITAPPLICATION-002985,Inspection Failed,2024-01-25T05:14:00Z,wf_message_delivery,WF-0000039166,USR-125,"[""PF-PERMITAPPLICATION-002985"",""PF-DOCUMENT-000485""]"
PF-PERMITAPPLICATION-002985,Reinspection Requested,2024-01-25T05:51:00Z,wf_form_submission,WF-0000039167,USR-126,"[""PF-PERMITAPPLICATION-002985"",""PF-REVIEW-000485"",""PF-VIOLATION-000485""]"
PF-PERMITAPPLICATION-002990,Completeness Rejected,2024-01-25T19:00:00Z,wf_external_task,WF-0000039171,USR-045,"[""PF-PERMITAPPLICATION-002990"",""PF-OBJECTION-000490""]"
PF-PERMITAPPLICATION-002990,Application Reopened,2024-01-25T19:52:00Z,wf_task_history,WF-0000039172,USR-037,"[""PF-PERMITAPPLICATION-002990"",""PF-AGENCY-000490"",""PF-CONDITION-000490""]"
PF-PERMITAPPLICATION-002990,Inspection Failed,2024-01-25T20:14:00Z,wf_message_delivery,WF-0000039173,USR-083,"[""PF-PERMITAPPLICATION-002990"",""PF-DOCUMENT-000490""]"
PF-PERMITAPPLICATION-002990,Reinspection Requested,2024-01-25T20:51:00Z,wf_form_submission,WF-0000039174,USR-084,"[""PF-PERMITAPPLICATION-002990"",""PF-REVIEW-000490""]"
PF-PERMITAPPLICATION-002995,Completeness Rejected,2024-01-26T10:00:00Z,wf_external_task,WF-0000039175,USR-003,"[""PF-PERMITAPPLICATION-002995"",""PF-OBJECTION-000495"",""PF-REVIEW-000495""]"
PF-PERMITAPPLICATION-002995,Application Reopened,2024-01-26T10:52:00Z,wf_task_history,WF-0000039176,USR-122,"[""PF-PERMITAPPLICATION-002995"",""PF-AGENCY-000495""]"
PF-PERMITAPPLICATION-002995,Inspection Failed,2024-01-26T11:14:00Z,wf_message_delivery,WF-0000039177,USR-041,"[""PF-PERMITAPPLICATION-002995"",""PF-DOCUMENT-000495"",""PF-INSPECTION-000495""]"
PF-PERMITAPPLICATION-002995,Reinspection Requested,2024-01-26T11:51:00Z,wf_form_submission,WF-0000039178,USR-042,"[""PF-PERMITAPPLICATION-002995"",""PF-REVIEW-000495""]"
PF-PERMITAPPLICATION-003000,Completeness Rejected,2024-01-27T01:00:00Z,wf_external_task,WF-0000039179,USR-088,"[""PF-PERMITAPPLICATION-003000"",""PF-OBJECTION-000500""]"
PF-PERMITAPPLICATION-003000,Application Reopened,2024-01-27T01:52:00Z,wf_task_history,WF-0000039180,USR-080,"[""PF-PERMITAPPLICATION-003000"",""PF-AGENCY-000500"",""PF-CONDITION-000500""]"
PF-PERMITAPPLICATION-003000,Inspection Failed,2024-01-27T02:14:00Z,wf_message_delivery,WF-0000039181,USR-126,"[""PF-PERMITAPPLICATION-003000"",""PF-DOCUMENT-000500""]"
PF-PERMITAPPLICATION-003000,Reinspection Requested,2024-01-27T02:51:00Z,wf_form_submission,WF-0000039182,USR-127,"[""PF-PERMITAPPLICATION-003000"",""PF-REVIEW-000500"",""PF-VIOLATION-000500""]"
