case_id,activity,timestamp,source_table,source_record_id,actor,object_refs
TV-STUDY-000001,Participant Reconsented,2023-01-04T03:12:00Z,data_query_v,TV-S-000001-11:V001,USR-029,"[""TV-STUDY-000001"", ""TV-LABORDER-000001"", ""TV-PROTOCOL-000001""]"
TV-STUDY-000003,Participant Reconsented,2023-01-04T09:14:00Z,data_query_v,TV-S-000003-11:V001,USR-063,"[""TV-STUDY-000003"", ""TV-LABORDER-000003""]"
TV-STUDY-000005,Participant Reconsented,2023-01-04T15:16:00Z,data_query_v,TV-S-000005-11:V001,USR-097,"[""TV-STUDY-000005"", ""TV-LABORDER-000005""]"
TV-STUDY-000007,Participant Reconsented,2023-01-04T21:18:00Z,data_query_v,TV-S-000007-11:V001,USR-004,"[""TV-STUDY-000007"", ""TV-LABORDER-000007""]"
TV-STUDY-000009,Participant Reconsented,2023-01-05T03:20:00Z,data_query_v,TV-S-000009-11:V001,USR-038,"[""TV-STUDY-000009"", ""TV-LABORDER-000009""]"
TV-STUDY-000011,Participant Reconsented,2023-01-05T09:22:00Z,data_query_v,TV-S-000011-11:V001,USR-072,"[""TV-STUDY-000011"", ""TV-LABORDER-000011"", ""TV-PROTOCOL-000011""]"
TV-STUDY-000013,Participant Reconsented,2023-01-05T15:24:00Z,data_query_v,TV-S-000013-11:V001,USR-106,"[""TV-STUDY-000013"", ""TV-LABORDER-000013"", ""TV-PROTOCOL-000013""]"
TV-STUDY-000015,Participant Reconsented,2023-01-05T21:26:00Z,data_query_v,TV-S-000015-11:V001,USR-013,"[""TV-STUDY-000015"", ""TV-LABORDER-000015""]"
TV-STUDY-000017,Participant Reconsented,2023-01-06T03:28:00Z,data_query_v,TV-S-000017-11:V001,USR-047,"[""TV-STUDY-000017"", ""TV-LABORDER-000017""]"
TV-STUDY-000019,Participant Reconsented,2023-01-06T09:30:00Z,data_query_v,TV-S-000019-11:V001,USR-081,"[""TV-STUDY-000019"", ""TV-LABORDER-000019"", ""TV-PROTOCOL-000019""]"
TV-STUDY-000009,Visit Rescheduled,2023-01-06T15:26:00Z,drug_kit_v,TV-S-000009-05:V003,USR-044,"[""TV-STUDY-000009"", ""TV-INVESTIGATOR-000009"", ""TV-DISPENSATION-000009""]"
TV-STUDY-000021,Participant Reconsented,2023-01-06T15:32:00Z,data_query_v,TV-S-000021-11:V001,USR-115,"[""TV-STUDY-000021"", ""TV-LABORDER-000021"", ""TV-PROTOCOL-000021""]"
TV-STUDY-000023,Participant Reconsented,2023-01-06T21:34:00Z,data_query_v,TV-S-000023-11:V001,USR-022,"[""TV-STUDY-000023"", ""TV-LABORDER-000023"", ""TV-PROTOCOL-000023""]"
TV-STUDY-000025,Participant Reconsented,2023-01-07T03:36:00Z,data_query_v,TV-S-000025-11:V001,USR-056,"[""TV-STUDY-000025"", ""TV-LABORDER-000025"", ""TV-PROTOCOL-000025""]"
TV-STUDY-000027,Participant Reconsented,2023-01-07T09:38:00Z,data_query_v,TV-S-000027-11:V001,USR-090,"[""TV-STUDY-000027"", ""TV-LABORDER-000027""]"
TV-STUDY-000029,Participant Reconsented,2023-01-07T15:40:00Z,data_query_v,TV-S-000029-11:V001,USR-124,"[""TV-STUDY-000029"", ""TV-LABORDER-000029""]"
TV-STUDY-000031,Participant Reconsented,2023-01-07T21:42:00Z,data_query_v,TV-S-000031-11:V001,USR-031,"[""TV-STUDY-000031"", ""TV-LABORDER-000031"", ""TV-PROTOCOL-000031""]"
TV-STUDY-000033,Participant Reconsented,2023-01-08T03:44:00Z,data_query_v,TV-S-000033-11:V001,USR-065,"[""TV-STUDY-000033"", ""TV-LABORDER-000033""]"
TV-STUDY-000035,Participant Reconsented,2023-01-08T09:46:00Z,data_query_v,TV-S-000035-11:V001,USR-099,"[""TV-STUDY-000035"", ""TV-LABORDER-000035""]"
TV-STUDY-000037,Participant Reconsented,2023-01-08T15:48:00Z,data_query_v,TV-S-000037-11:V001,USR-006,"[""TV-STUDY-000037"", ""TV-LABORDER-000037"", ""TV-PROTOCOL-000037""]"
TV-STUDY-000039,Participant Reconsented,2023-01-08T21:50:00Z,data_query_v,TV-S-000039-11:V001,USR-040,"[""TV-STUDY-000039"", ""TV-LABORDER-000039"", ""TV-PROTOCOL-000039""]"
TV-STUDY-000041,Participant Reconsented,2023-01-09T03:52:00Z,data_query_v,TV-S-000041-11:V001,USR-074,"[""TV-STUDY-000041"", ""TV-LABORDER-000041""]"
TV-STUDY-000043,Participant Reconsented,2023-01-09T09:01:00Z,data_query_v,TV-S-000043-11:V001,USR-108,"[""TV-STUDY-000043"", ""TV-LABORDER-000043""]"
TV-STUDY-000032,Visit Rescheduled,2023-01-09T12:49:00Z,drug_kit_v,TV-S-000032-05:V002,USR-054,"[""TV-STUDY-000032"", ""TV-INVESTIGATOR-000032""]"
TV-STUDY-000045,Participant Reconsented,2023-01-09T15:03:00Z,data_query_v,TV-S-000045-11:V001,USR-015,"[""TV-STUDY-000045"", ""TV-LABORDER-000045""]"
TV-STUDY-000047,Participant Reconsented,2023-01-09T21:05:00Z,data_query_v,TV-S-000047-11:V001,USR-049,"[""TV-STUDY-000047"", ""TV-LABORDER-000047"", ""TV-PROTOCOL-000047""]"
TV-STUDY-000049,Participant Reconsented,2023-01-10T03:07:00Z,data_query_v,TV-S-000049-11:V001,USR-083,"[""TV-STUDY-000049"", ""TV-LABORDER-000049""]"
TV-STUDY-000051,Participant Reconsented,2023-01-10T09:09:00Z,data_query_v,TV-S-000051-11:V001,USR-117,"[""TV-STUDY-000051"", ""TV-LABORDER-000051""]"
TV-STUDY-000053,Participant Reconsented,2023-01-10T15:11:00Z,data_query_v,TV-S-000053-11:V001,USR-024,"[""TV-STUDY-000053"", ""TV-LABORDER-000053""]"
TV-STUDY-000036,Visit Missed,2023-01-10T18:03:00Z,lab_test_v,TV-S-000036-08:V003,USR-125,"[""TV-STUDY-000036"", ""TV-PARTICIPANT-000036"", ""TV-ALIQUOT-000036""]"
TV-STUDY-000055,Participant Reconsented,2023-01-10T21:13:00Z,data_query_v,TV-S-000055-11:V001,USR-058,"[""TV-STUDY-000055"", ""TV-LABORDER-000055""]"
TV-STUDY-000057,Participant Reconsented,2023-01-11T03:15:00Z,data_query_v,TV-S-000057-11:V001,USR-092,"[""TV-STUDY-000057"", ""TV-LABORDER-000057""]"
TV-STUDY-000059,Participant Reconsented,2023-01-11T09:17:00Z,data_query_v,TV-S-000059-11:V001,USR-126,"[""TV-STUDY-000059"", ""TV-LABORDER-000059""]"
TV-STUDY-000061,Participant Reconsented,2023-01-11T15:19:00Z,data_query_v,TV-S-000061-11:V001,USR-033,"[""TV-STUDY-000061"", ""TV-LABORDER-000061""]"
TV-STUDY-000063,Participant Reconsented,2023-01-11T21:21:00Z,data_query_v,TV-S-000063-11:V001,USR-067,"[""TV-STUDY-000063"", ""TV-LABORDER-000063"", ""TV-PROTOCOL-000063""]"
TV-STUDY-000065,Participant Reconsented,2023-01-12T03:23:00Z,data_query_v,TV-S-000065-11:V001,USR-101,"[""TV-STUDY-000065"", ""TV-LABORDER-000065""]"
TV-STUDY-000055,Visit Rescheduled,2023-01-12T09:19:00Z,drug_kit_v,TV-S-000055-05:V002,USR-064,"[""TV-STUDY-000055"", ""TV-INVESTIGATOR-000055""]"
TV-STUDY-000067,Participant Reconsented,2023-01-12T09:25:00Z,data_query_v,TV-S-000067-11:V001,USR-008,"[""TV-STUDY-000067"", ""TV-LABORDER-000067""]"
TV-STUDY-000069,Participant Reconsented,2023-01-12T15:27:00Z,data_query_v,TV-S-000069-11:V001,USR-042,"[""TV-STUDY-000069"", ""TV-LABORDER-000069"", ""TV-PROTOCOL-000069""]"
TV-STUDY-000071,Participant Reconsented,2023-01-12T21:29:00Z,data_query_v,TV-S-000071-11:V001,USR-076,"[""TV-STUDY-000071"", ""TV-LABORDER-000071""]"
TV-STUDY-000073,Participant Reconsented,2023-01-13T03:31:00Z,data_query_v,TV-S-000073-11:V001,USR-110,"[""TV-STUDY-000073"", ""TV-LABORDER-000073""]"
TV-STUDY-000075,Participant Reconsented,2023-01-13T09:33:00Z,data_query_v,TV-S-000075-11:V001,USR-017,"[""TV-STUDY-000075"", ""TV-LABORDER-000075""]"
TV-STUDY-000077,Participant Reconsented,2023-01-13T15:35:00Z,data_query_v,TV-S-000077-11:V001,USR-051,"[""TV-STUDY-000077"", ""TV-LABORDER-000077"", ""TV-PROTOCOL-000077""]"
TV-STUDY-000079,Participant Reconsented,2023-01-13T21:37:00Z,data_query_v,TV-S-000079-11:V001,USR-085,"[""TV-STUDY-000079"", ""TV-LABORDER-000079"", ""TV-PROTOCOL-000079""]"
TV-STUDY-000081,Participant Reconsented,2023-01-14T03:39:00Z,data_query_v,TV-S-000081-11:V001,USR-119,"[""TV-STUDY-000081"", ""TV-LABORDER-000081""]"
TV-STUDY-000083,Participant Reconsented,2023-01-14T09:41:00Z,data_query_v,TV-S-000083-11:V001,USR-026,"[""TV-STUDY-000083"", ""TV-LABORDER-000083""]"
TV-STUDY-000085,Participant Reconsented,2023-01-14T15:43:00Z,data_query_v,TV-S-000085-11:V001,USR-060,"[""TV-STUDY-000085"", ""TV-LABORDER-000085""]"
TV-STUDY-000087,Participant Reconsented,2023-01-14T21:45:00Z,data_query_v,TV-S-000087-11:V001,USR-094,"[""TV-STUDY-000087"", ""TV-LABORDER-000087""]"
TV-STUDY-000089,Participant Reconsented,2023-01-15T03:47:00Z,data_query_v,TV-S-000089-11:V001,USR-001,"[""TV-STUDY-000089"", ""TV-LABORDER-000089"", ""TV-PROTOCOL-000089""]"
TV-STUDY-000078,Visit Rescheduled,2023-01-15T06:42:00Z,drug_kit_v,TV-S-000078-05:V003,USR-074,"[""TV-STUDY-000078"", ""TV-INVESTIGATOR-000078""]"
TV-STUDY-000073,Visit Missed,2023-01-15T09:40:00Z,lab_test_v,TV-S-000073-08:V001,USR-119,"[""TV-STUDY-000073"", ""TV-PARTICIPANT-000073""]"
TV-STUDY-000091,Participant Reconsented,2023-01-15T09:49:00Z,data_query_v,TV-S-000091-11:V001,USR-035,"[""TV-STUDY-000091"", ""TV-LABORDER-000091"", ""TV-PROTOCOL-000091""]"
TV-STUDY-000093,Participant Reconsented,2023-01-15T15:51:00Z,data_query_v,TV-S-000093-11:V001,USR-069,"[""TV-STUDY-000093"", ""TV-LABORDER-000093""]"
TV-STUDY-000095,Participant Reconsented,2023-01-15T21:00:00Z,data_query_v,TV-S-000095-11:V001,USR-103,"[""TV-STUDY-000095"", ""TV-LABORDER-000095"", ""TV-PROTOCOL-000095""]"
TV-STUDY-000005,Visit Rescheduled,2023-01-15T22:00:00Z,drug_kit_v,TV-S-000005-05:V003,USR-103,"[""TV-STUDY-000005"", ""TV-INVESTIGATOR-000005""]"
TV-STUDY-000005,Visit Missed,2023-01-15T22:37:00Z,lab_test_v,TV-S-000005-08:V001,USR-106,"[""TV-STUDY-000005"", ""TV-PARTICIPANT-000005""]"
TV-STUDY-000005,Participant Reconsented,2023-01-15T23:14:00Z,data_query_v,TV-S-000005-11:V003,USR-097,"[""TV-STUDY-000005"", ""TV-LABORDER-000005""]"
TV-STUDY-000097,Participant Reconsented,2023-01-16T03:02:00Z,data_query_v,TV-S-000097-11:V001,USR-010,"[""TV-STUDY-000097"", ""TV-LABORDER-000097""]"
TV-STUDY-000099,Participant Reconsented,2023-01-16T09:04:00Z,data_query_v,TV-S-000099-11:V001,USR-044,"[""TV-STUDY-000099"", ""TV-LABORDER-000099"", ""TV-PROTOCOL-000099""]"
TV-STUDY-000010,Visit Rescheduled,2023-01-16T13:00:00Z,drug_kit_v,TV-S-000010-05:V002,USR-061,"[""TV-STUDY-000010"", ""TV-INVESTIGATOR-000010"", ""TV-DISPENSATION-000010""]"
TV-STUDY-000010,Visit Missed,2023-01-16T13:37:00Z,lab_test_v,TV-S-000010-08:V002,USR-064,"[""TV-STUDY-000010"", ""TV-PARTICIPANT-000010"", ""TV-ALIQUOT-000010""]"
TV-STUDY-000010,Participant Reconsented,2023-01-16T14:14:00Z,data_query_v,TV-S-000010-11:V001,USR-055,"[""TV-STUDY-000010"", ""TV-LABORDER-000010""]"
TV-STUDY-000101,Participant Reconsented,2023-01-16T15:06:00Z,data_query_v,TV-S-000101-11:V001,USR-078,"[""TV-STUDY-000101"", ""TV-LABORDER-000101""]"
TV-STUDY-000103,Participant Reconsented,2023-01-16T21:08:00Z,data_query_v,TV-S-000103-11:V001,USR-112,"[""TV-STUDY-000103"", ""TV-LABORDER-000103""]"
TV-STUDY-000105,Participant Reconsented,2023-01-17T03:10:00Z,data_query_v,TV-S-000105-11:V001,USR-019,"[""TV-STUDY-000105"", ""TV-LABORDER-000105""]"
TV-STUDY-000015,Visit Rescheduled,2023-01-17T04:00:00Z,drug_kit_v,TV-S-000015-05:V002,USR-019,"[""TV-STUDY-000015"", ""TV-INVESTIGATOR-000015""]"
TV-STUDY-000015,Visit Missed,2023-01-17T04:37:00Z,lab_test_v,TV-S-000015-08:V001,USR-022,"[""TV-STUDY-000015"", ""TV-PARTICIPANT-000015"", ""TV-ALIQUOT-000015""]"
TV-STUDY-000015,Participant Reconsented,2023-01-17T05:14:00Z,data_query_v,TV-S-000015-11:V002,USR-013,"[""TV-STUDY-000015"", ""TV-LABORDER-000015""]"
TV-STUDY-000107,Participant Reconsented,2023-01-17T09:12:00Z,data_query_v,TV-S-000107-11:V001,USR-053,"[""TV-STUDY-000107"", ""TV-LABORDER-000107"", ""TV-PROTOCOL-000107""]"
TV-STUDY-000109,Participant Reconsented,2023-01-17T15:14:00Z,data_query_v,TV-S-000109-11:V001,USR-087,"[""TV-STUDY-000109"", ""TV-LABORDER-000109""]"
TV-STUDY-000020,Visit Rescheduled,2023-01-17T19:00:00Z,drug_kit_v,TV-S-000020-05:V002,USR-104,"[""TV-STUDY-000020"", ""TV-INVESTIGATOR-000020"", ""TV-DISPENSATION-000020""]"
TV-STUDY-000020,Visit Missed,2023-01-17T19:37:00Z,lab_test_v,TV-S-000020-08:V003,USR-107,"[""TV-STUDY-000020"", ""TV-PARTICIPANT-000020""]"
TV-STUDY-000020,Participant Reconsented,2023-01-17T20:14:00Z,data_query_v,TV-S-000020-11:V001,USR-098,"[""TV-STUDY-000020"", ""TV-LABORDER-000020"", ""TV-PROTOCOL-000020""]"
TV-STUDY-000111,Participant Reconsented,2023-01-17T21:16:00Z,data_query_v,TV-S-000111-11:V001,USR-121,"[""TV-STUDY-000111"", ""TV-LABORDER-000111""]"
TV-STUDY-000101,Visit Rescheduled,2023-01-18T03:12:00Z,drug_kit_v,TV-S-000101-05:V002,USR-084,"[""TV-STUDY-000101"", ""TV-INVESTIGATOR-000101""]"
TV-STUDY-000113,Participant Reconsented,2023-01-18T03:18:00Z,data_query_v,TV-S-000113-11:V001,USR-028,"[""TV-STUDY-000113"", ""TV-LABORDER-000113""]"
TV-STUDY-000115,Participant Reconsented,2023-01-18T09:20:00Z,data_query_v,TV-S-000115-11:V001,USR-062,"[""TV-STUDY-000115"", ""TV-LABORDER-000115""]"
TV-STUDY-000025,Visit Rescheduled,2023-01-18T10:00:00Z,drug_kit_v,TV-S-000025-05:V002,USR-062,"[""TV-STUDY-000025"", ""TV-INVESTIGATOR-000025""]"
TV-STUDY-000025,Visit Missed,2023-01-18T10:37:00Z,lab_test_v,TV-S-000025-08:V001,USR-065,"[""TV-STUDY-000025"", ""TV-PARTICIPANT-000025""]"
TV-STUDY-000025,Participant Reconsented,2023-01-18T11:14:00Z,data_query_v,TV-S-000025-11:V002,USR-056,"[""TV-STUDY-000025"", ""TV-LABORDER-000025"", ""TV-PROTOCOL-000025""]"
TV-STUDY-000117,Participant Reconsented,2023-01-18T15:22:00Z,data_query_v,TV-S-000117-11:V001,USR-096,"[""TV-STUDY-000117"", ""TV-LABORDER-000117""]"
TV-STUDY-000119,Participant Reconsented,2023-01-18T21:24:00Z,data_query_v,TV-S-000119-11:V001,USR-003,"[""TV-STUDY-000119"", ""TV-LABORDER-000119""]"
TV-STUDY-000030,Visit Rescheduled,2023-01-19T01:00:00Z,drug_kit_v,TV-S-000030-05:V004,USR-020,"[""TV-STUDY-000030"", ""TV-INVESTIGATOR-000030"", ""TV-DISPENSATION-000030""]"
TV-STUDY-000030,Visit Missed,2023-01-19T01:37:00Z,lab_test_v,TV-S-000030-08:V003,USR-023,"[""TV-STUDY-000030"", ""TV-PARTICIPANT-000030"", ""TV-ALIQUOT-000030""]"
TV-STUDY-000030,Participant Reconsented,2023-01-19T02:14:00Z,data_query_v,TV-S-000030-11:V001,USR-014,"[""TV-STUDY-000030"", ""TV-LABORDER-000030""]"
TV-STUDY-000121,Participant Reconsented,2023-01-19T03:26:00Z,data_query_v,TV-S-000121-11:V001,USR-037,"[""TV-STUDY-000121"", ""TV-LABORDER-000121"", ""TV-PROTOCOL-000121""]"
TV-STUDY-000123,Participant Reconsented,2023-01-19T09:28:00Z,data_query_v,TV-S-000123-11:V001,USR-071,"[""TV-STUDY-000123"", ""TV-LABORDER-000123"", ""TV-PROTOCOL-000123""]"
TV-STUDY-000125,Participant Reconsented,2023-01-19T15:30:00Z,data_query_v,TV-S-000125-11:V001,USR-105,"[""TV-STUDY-000125"", ""TV-LABORDER-000125"", ""TV-PROTOCOL-000125""]"
TV-STUDY-000035,Visit Rescheduled,2023-01-19T16:00:00Z,drug_kit_v,TV-S-000035-05:V002,USR-105,"[""TV-STUDY-000035"", ""TV-INVESTIGATOR-000035"", ""TV-DISPENSATION-000035""]"
TV-STUDY-000035,Visit Missed,2023-01-19T16:37:00Z,lab_test_v,TV-S-000035-08:V001,USR-108,"[""TV-STUDY-000035"", ""TV-PARTICIPANT-000035""]"
TV-STUDY-000035,Participant Reconsented,2023-01-19T17:14:00Z,data_query_v,TV-S-000035-11:V002,USR-099,"[""TV-STUDY-000035"", ""TV-LABORDER-000035"", ""TV-PROTOCOL-000035""]"
TV-STUDY-000127,Participant Reconsented,2023-01-19T21:32:00Z,data_query_v,TV-S-000127-11:V001,USR-012,"[""TV-STUDY-000127"", ""TV-LABORDER-000127""]"
TV-STUDY-000110,Visit Missed,2023-01-20T00:24:00Z,lab_test_v,TV-S-000110-08:V002,USR-113,"[""TV-STUDY-000110"", ""TV-PARTICIPANT-000110""]"
TV-STUDY-000129,Participant Reconsented,2023-01-20T03:34:00Z,data_query_v,TV-S-000129-11:V001,USR-046,"[""TV-STUDY-000129"", ""TV-LABORDER-000129""]"
TV-STUDY-000040,Visit Rescheduled,2023-01-20T07:00:00Z,drug_kit_v,TV-S-000040-05:V002,USR-063,"[""TV-STUDY-000040"", ""TV-INVESTIGATOR-000040""]"
TV-STUDY-000040,Visit Missed,2023-01-20T07:37:00Z,lab_test_v,TV-S-000040-08:V003,USR-066,"[""TV-STUDY-000040"", ""TV-PARTICIPANT-000040"", ""TV-ALIQUOT-000040""]"
TV-STUDY-000040,Participant Reconsented,2023-01-20T08:14:00Z,data_query_v,TV-S-000040-11:V001,USR-057,"[""TV-STUDY-000040"", ""TV-LABORDER-000040""]"
TV-STUDY-000131,Participant Reconsented,2023-01-20T09:36:00Z,data_query_v,TV-S-000131-11:V001,USR-080,"[""TV-STUDY-000131"", ""TV-LABORDER-000131""]"
TV-STUDY-000133,Participant Reconsented,2023-01-20T15:38:00Z,data_query_v,TV-S-000133-11:V001,USR-114,"[""TV-STUDY-000133"", ""TV-LABORDER-000133""]"
TV-STUDY-000135,Participant Reconsented,2023-01-20T21:40:00Z,data_query_v,TV-S-000135-11:V001,USR-021,"[""TV-STUDY-000135"", ""TV-LABORDER-000135"", ""TV-PROTOCOL-000135""]"
TV-STUDY-000045,Visit Rescheduled,2023-01-20T22:00:00Z,drug_kit_v,TV-S-000045-05:V002,USR-021,"[""TV-STUDY-000045"", ""TV-INVESTIGATOR-000045""]"
TV-STUDY-000045,Visit Missed,2023-01-20T22:37:00Z,lab_test_v,TV-S-000045-08:V001,USR-024,"[""TV-STUDY-000045"", ""TV-PARTICIPANT-000045""]"
TV-STUDY-000045,Participant Reconsented,2023-01-20T23:14:00Z,data_query_v,TV-S-000045-11:V003,USR-015,"[""TV-STUDY-000045"", ""TV-LABORDER-000045""]"
TV-STUDY-000124,Visit Rescheduled,2023-01-21T00:35:00Z,drug_kit_v,TV-S-000124-05:V002,USR-094,"[""TV-STUDY-000124"", ""TV-INVESTIGATOR-000124""]"
TV-STUDY-000137,Participant Reconsented,2023-01-21T03:42:00Z,data_query_v,TV-S-000137-11:V001,USR-055,"[""TV-STUDY-000137"", ""TV-LABORDER-000137"", ""TV-PROTOCOL-000137""]"
TV-STUDY-000139,Participant Reconsented,2023-01-21T09:44:00Z,data_query_v,TV-S-000139-11:V001,USR-089,"[""TV-STUDY-000139"", ""TV-LABORDER-000139"", ""TV-PROTOCOL-000139""]"
TV-STUDY-000050,Visit Rescheduled,2023-01-21T13:00:00Z,drug_kit_v,TV-S-000050-05:V003,USR-106,"[""TV-STUDY-000050"", ""TV-INVESTIGATOR-000050""]"
TV-STUDY-000050,Visit Missed,2023-01-21T13:37:00Z,lab_test_v,TV-S-000050-08:V003,USR-109,"[""TV-STUDY-000050"", ""TV-PARTICIPANT-000050""]"
TV-STUDY-000050,Participant Reconsented,2023-01-21T14:14:00Z,data_query_v,TV-S-000050-11:V001,USR-100,"[""TV-STUDY-000050"", ""TV-LABORDER-000050""]"
TV-STUDY-000141,Participant Reconsented,2023-01-21T15:46:00Z,data_query_v,TV-S-000141-11:V001,USR-123,"[""TV-STUDY-000141"", ""TV-LABORDER-000141""]"
TV-STUDY-000143,Participant Reconsented,2023-01-21T21:48:00Z,data_query_v,TV-S-000143-11:V001,USR-030,"[""TV-STUDY-000143"", ""TV-LABORDER-000143""]"
TV-STUDY-000145,Participant Reconsented,2023-01-22T03:50:00Z,data_query_v,TV-S-000145-11:V001,USR-064,"[""TV-STUDY-000145"", ""TV-LABORDER-000145""]"
TV-STUDY-000055,Visit Rescheduled,2023-01-22T04:00:00Z,drug_kit_v,TV-S-000055-05:V003,USR-064,"[""TV-STUDY-000055"", ""TV-INVESTIGATOR-000055"", ""TV-DISPENSATION-000055""]"
TV-STUDY-000055,Visit Missed,2023-01-22T04:37:00Z,lab_test_v,TV-S-000055-08:V001,USR-067,"[""TV-STUDY-000055"", ""TV-PARTICIPANT-000055""]"
TV-STUDY-000055,Participant Reconsented,2023-01-22T05:14:00Z,data_query_v,TV-S-000055-11:V005,USR-058,"[""TV-STUDY-000055"", ""TV-LABORDER-000055"", ""TV-PROTOCOL-000055""]"
TV-STUDY-000147,Participant Reconsented,2023-01-22T09:52:00Z,data_query_v,TV-S-000147-11:V001,USR-098,"[""TV-STUDY-000147"", ""TV-LABORDER-000147""]"
TV-STUDY-000149,Participant Reconsented,2023-01-22T15:01:00Z,data_query_v,TV-S-000149-11:V001,USR-005,"[""TV-STUDY-000149"", ""TV-LABORDER-000149""]"
TV-STUDY-000060,Visit Rescheduled,2023-01-22T19:00:00Z,drug_kit_v,TV-S-000060-05:V002,USR-022,"[""TV-STUDY-000060"", ""TV-INVESTIGATOR-000060""]"
TV-STUDY-000060,Visit Missed,2023-01-22T19:37:00Z,lab_test_v,TV-S-000060-08:V002,USR-025,"[""TV-STUDY-000060"", ""TV-PARTICIPANT-000060"", ""TV-ALIQUOT-000060""]"
TV-STUDY-000060,Participant Reconsented,2023-01-22T20:14:00Z,data_query_v,TV-S-000060-11:V001,USR-016,"[""TV-STUDY-000060"", ""TV-LABORDER-000060""]"
TV-STUDY-000151,Participant Reconsented,2023-01-22T21:03:00Z,data_query_v,TV-S-000151-11:V001,USR-039,"[""TV-STUDY-000151"", ""TV-LABORDER-000151""]"
TV-STUDY-000153,Participant Reconsented,2023-01-23T03:05:00Z,data_query_v,TV-S-000153-11:V001,USR-073,"[""TV-STUDY-000153"", ""TV-LABORDER-000153""]"
TV-STUDY-000155,Participant Reconsented,2023-01-23T09:07:00Z,data_query_v,TV-S-000155-11:V001,USR-107,"[""TV-STUDY-000155"", ""TV-LABORDER-000155""]"
TV-STUDY-000065,Visit Rescheduled,2023-01-23T10:00:00Z,drug_kit_v,TV-S-000065-05:V003,USR-107,"[""TV-STUDY-000065"", ""TV-INVESTIGATOR-000065"", ""TV-DISPENSATION-000065""]"
TV-STUDY-000065,Visit Missed,2023-01-23T10:37:00Z,lab_test_v,TV-S-000065-08:V002,USR-110,"[""TV-STUDY-000065"", ""TV-PARTICIPANT-000065"", ""TV-ALIQUOT-000065""]"
TV-STUDY-000065,Participant Reconsented,2023-01-23T11:14:00Z,data_query_v,TV-S-000065-11:V004,USR-101,"[""TV-STUDY-000065"", ""TV-LABORDER-000065""]"
TV-STUDY-000157,Participant Reconsented,2023-01-23T15:09:00Z,data_query_v,TV-S-000157-11:V001,USR-014,"[""TV-STUDY-000157"", ""TV-LABORDER-000157""]"
TV-STUDY-000147,Visit Rescheduled,2023-01-23T21:05:00Z,drug_kit_v,TV-S-000147-05:V002,USR-104,"[""TV-STUDY-000147"", ""TV-INVESTIGATOR-000147"", ""TV-DISPENSATION-000147""]"
TV-STUDY-000159,Participant Reconsented,2023-01-23T21:11:00Z,data_query_v,TV-S-000159-11:V001,USR-048,"[""TV-STUDY-000159"", ""TV-LABORDER-000159""]"
TV-STUDY-000070,Visit Rescheduled,2023-01-24T01:00:00Z,drug_kit_v,TV-S-000070-05:V004,USR-065,"[""TV-STUDY-000070"", ""TV-INVESTIGATOR-000070""]"
TV-STUDY-000070,Visit Missed,2023-01-24T01:37:00Z,lab_test_v,TV-S-000070-08:V003,USR-068,"[""TV-STUDY-000070"", ""TV-PARTICIPANT-000070"", ""TV-ALIQUOT-000070""]"
TV-STUDY-000070,Participant Reconsented,2023-01-24T02:14:00Z,data_query_v,TV-S-000070-11:V001,USR-059,"[""TV-STUDY-000070"", ""TV-LABORDER-000070""]"
TV-STUDY-000161,Participant Reconsented,2023-01-24T03:13:00Z,data_query_v,TV-S-000161-11:V001,USR-082,"[""TV-STUDY-000161"", ""TV-LABORDER-000161"", ""TV-PROTOCOL-000161""]"
TV-STUDY-000163,Participant Reconsented,2023-01-24T09:15:00Z,data_query_v,TV-S-000163-11:V001,USR-116,"[""TV-STUDY-000163"", ""TV-LABORDER-000163""]"
TV-STUDY-000147,Visit Missed,2023-01-24T15:08:00Z,lab_test_v,TV-S-000147-08:V001,USR-107,"[""TV-STUDY-000147"", ""TV-PARTICIPANT-000147""]"
TV-STUDY-000165,Participant Reconsented,2023-01-24T15:17:00Z,data_query_v,TV-S-000165-11:V001,USR-023,"[""TV-STUDY-000165"", ""TV-LABORDER-000165""]"
TV-STUDY-000075,Visit Rescheduled,2023-01-24T16:00:00Z,drug_kit_v,TV-S-000075-05:V002,USR-023,"[""TV-STUDY-000075"", ""TV-INVESTIGATOR-000075"", ""TV-DISPENSATION-000075""]"
TV-STUDY-000075,Visit Missed,2023-01-24T16:37:00Z,lab_test_v,TV-S-000075-08:V001,USR-026,"[""TV-STUDY-000075"", ""TV-PARTICIPANT-000075""]"
TV-STUDY-000075,Participant Reconsented,2023-01-24T17:14:00Z,data_query_v,TV-S-000075-11:V003,USR-017,"[""TV-STUDY-000075"", ""TV-LABORDER-000075"", ""TV-PROTOCOL-000075""]"
TV-STUDY-000167,Participant Reconsented,2023-01-24T21:19:00Z,data_query_v,TV-S-000167-11:V001,USR-057,"[""TV-STUDY-000167"", ""TV-LABORDER-000167"", ""TV-PROTOCOL-000167""]"
TV-STUDY-000169,Participant Reconsented,2023-01-25T03:21:00Z,data_query_v,TV-S-000169-11:V001,USR-091,"[""TV-STUDY-000169"", ""TV-LABORDER-000169""]"
TV-STUDY-000080,Visit Rescheduled,2023-01-25T07:00:00Z,drug_kit_v,TV-S-000080-05:V002,USR-108,"[""TV-STUDY-000080"", ""TV-INVESTIGATOR-000080""]"
TV-STUDY-000080,Visit Missed,2023-01-25T07:37:00Z,lab_test_v,TV-S-000080-08:V002,USR-111,"[""TV-STUDY-000080"", ""TV-PARTICIPANT-000080""]"
TV-STUDY-000080,Participant Reconsented,2023-01-25T08:14:00Z,data_query_v,TV-S-000080-11:V001,USR-102,"[""TV-STUDY-000080"", ""TV-LABORDER-000080"", ""TV-PROTOCOL-000080""]"
TV-STUDY-000171,Participant Reconsented,2023-01-25T09:23:00Z,data_query_v,TV-S-000171-11:V001,USR-125,"[""TV-STUDY-000171"", ""TV-LABORDER-000171""]"
TV-STUDY-000173,Participant Reconsented,2023-01-25T15:25:00Z,data_query_v,TV-S-000173-11:V001,USR-032,"[""TV-STUDY-000173"", ""TV-LABORDER-000173""]"
TV-STUDY-000175,Participant Reconsented,2023-01-25T21:27:00Z,data_query_v,TV-S-000175-11:V001,USR-066,"[""TV-STUDY-000175"", ""TV-LABORDER-000175""]"
TV-STUDY-000085,Visit Rescheduled,2023-01-25T22:00:00Z,drug_kit_v,TV-S-000085-05:V002,USR-066,"[""TV-STUDY-000085"", ""TV-INVESTIGATOR-000085""]"
TV-STUDY-000085,Visit Missed,2023-01-25T22:37:00Z,lab_test_v,TV-S-000085-08:V001,USR-069,"[""TV-STUDY-000085"", ""TV-PARTICIPANT-000085""]"
TV-STUDY-000085,Participant Reconsented,2023-01-25T23:14:00Z,data_query_v,TV-S-000085-11:V002,USR-060,"[""TV-STUDY-000085"", ""TV-LABORDER-000085"", ""TV-PROTOCOL-000085""]"
TV-STUDY-000177,Participant Reconsented,2023-01-26T03:29:00Z,data_query_v,TV-S-000177-11:V001,USR-100,"[""TV-STUDY-000177"", ""TV-LABORDER-000177"", ""TV-PROTOCOL-000177""]"
TV-STUDY-000179,Participant Reconsented,2023-01-26T09:31:00Z,data_query_v,TV-S-000179-11:V001,USR-007,"[""TV-STUDY-000179"", ""TV-LABORDER-000179""]"
TV-STUDY-000090,Visit Rescheduled,2023-01-26T13:00:00Z,drug_kit_v,TV-S-000090-05:V002,USR-024,"[""TV-STUDY-000090"", ""TV-INVESTIGATOR-000090"", ""TV-DISPENSATION-000090""]"
TV-STUDY-000090,Visit Missed,2023-01-26T13:37:00Z,lab_test_v,TV-S-000090-08:V003,USR-027,"[""TV-STUDY-000090"", ""TV-PARTICIPANT-000090""]"
TV-STUDY-000090,Participant Reconsented,2023-01-26T14:14:00Z,data_query_v,TV-S-000090-11:V001,USR-018,"[""TV-STUDY-000090"", ""TV-LABORDER-000090"", ""TV-PROTOCOL-000090""]"
TV-STUDY-000181,Participant Reconsented,2023-01-26T15:33:00Z,data_query_v,TV-S-000181-11:V001,USR-041,"[""TV-STUDY-000181"", ""TV-LABORDER-000181""]"
TV-STUDY-000170,Visit Rescheduled,2023-01-26T18:28:00Z,drug_kit_v,TV-S-000170-05:V003,USR-114,"[""TV-STUDY-000170"", ""TV-INVESTIGATOR-000170""]"
TV-STUDY-000183,Participant Reconsented,2023-01-26T21:35:00Z,data_query_v,TV-S-000183-11:V001,USR-075,"[""TV-STUDY-000183"", ""TV-LABORDER-000183"", ""TV-PROTOCOL-000183""]"
TV-STUDY-000185,Participant Reconsented,2023-01-27T03:37:00Z,data_query_v,TV-S-000185-11:V001,USR-109,"[""TV-STUDY-000185"", ""TV-LABORDER-000185"", ""TV-PROTOCOL-000185""]"
TV-STUDY-000095,Visit Rescheduled,2023-01-27T04:00:00Z,drug_kit_v,TV-S-000095-05:V002,USR-109,"[""TV-STUDY-000095"", ""TV-INVESTIGATOR-000095"", ""TV-DISPENSATION-000095""]"
TV-STUDY-000095,Visit Missed,2023-01-27T04:37:00Z,lab_test_v,TV-S-000095-08:V003,USR-112,"[""TV-STUDY-000095"", ""TV-PARTICIPANT-000095""]"
TV-STUDY-000095,Participant Reconsented,2023-01-27T05:14:00Z,data_query_v,TV-S-000095-11:V002,USR-103,"[""TV-STUDY-000095"", ""TV-LABORDER-000095"", ""TV-PROTOCOL-000095""]"
TV-STUDY-000187,Participant Reconsented,2023-01-27T09:39:00Z,data_query_v,TV-S-000187-11:V001,USR-016,"[""TV-STUDY-000187"", ""TV-LABORDER-000187"", ""TV-PROTOCOL-000187""]"
TV-STUDY-000189,Participant Reconsented,2023-01-27T15:41:00Z,data_query_v,TV-S-000189-11:V001,USR-050,"[""TV-STUDY-000189"", ""TV-LABORDER-000189"", ""TV-PROTOCOL-000189""]"
TV-STUDY-000100,Visit Rescheduled,2023-01-27T19:00:00Z,drug_kit_v,TV-S-000100-05:V002,USR-067,"[""TV-STUDY-000100"", ""TV-INVESTIGATOR-000100""]"
TV-STUDY-000100,Visit Missed,2023-01-27T19:37:00Z,lab_test_v,TV-S-000100-08:V002,USR-070,"[""TV-STUDY-000100"", ""TV-PARTICIPANT-000100"", ""TV-ALIQUOT-000100""]"
TV-STUDY-000100,Participant Reconsented,2023-01-27T20:14:00Z,data_query_v,TV-S-000100-11:V001,USR-061,"[""TV-STUDY-000100"", ""TV-LABORDER-000100""]"
TV-STUDY-000191,Participant Reconsented,2023-01-27T21:43:00Z,data_query_v,TV-S-000191-11:V001,USR-084,"[""TV-STUDY-000191"", ""TV-LABORDER-000191""]"
TV-STUDY-000193,Participant Reconsented,2023-01-28T03:45:00Z,data_query_v,TV-S-000193-11:V001,USR-118,"[""TV-STUDY-000193"", ""TV-LABORDER-000193"", ""TV-PROTOCOL-000193""]"
TV-STUDY-000195,Participant Reconsented,2023-01-28T09:47:00Z,data_query_v,TV-S-000195-11:V001,USR-025,"[""TV-STUDY-000195"", ""TV-LABORDER-000195""]"
TV-STUDY-000105,Visit Rescheduled,2023-01-28T10:00:00Z,drug_kit_v,TV-S-000105-05:V002,USR-025,"[""TV-STUDY-000105"", ""TV-INVESTIGATOR-000105"", ""TV-DISPENSATION-000105""]"
TV-STUDY-000105,Visit Missed,2023-01-28T10:37:00Z,lab_test_v,TV-S-000105-08:V001,USR-028,"[""TV-STUDY-000105"", ""TV-PARTICIPANT-000105""]"
TV-STUDY-000105,Participant Reconsented,2023-01-28T11:14:00Z,data_query_v,TV-S-000105-11:V002,USR-019,"[""TV-STUDY-000105"", ""TV-LABORDER-000105"", ""TV-PROTOCOL-000105""]"
TV-STUDY-000197,Participant Reconsented,2023-01-28T15:49:00Z,data_query_v,TV-S-000197-11:V001,USR-059,"[""TV-STUDY-000197"", ""TV-LABORDER-000197""]"
TV-STUDY-000199,Participant Reconsented,2023-01-28T21:51:00Z,data_query_v,TV-S-000199-11:V001,USR-093,"[""TV-STUDY-000199"", ""TV-LABORDER-000199""]"
TV-STUDY-000110,Visit Rescheduled,2023-01-29T01:00:00Z,drug_kit_v,TV-S-000110-05:V002,USR-110,"[""TV-STUDY-000110"", ""TV-INVESTIGATOR-000110""]"
TV-STUDY-000110,Visit Missed,2023-01-29T01:37:00Z,lab_test_v,TV-S-000110-08:V004,USR-113,"[""TV-STUDY-000110"", ""TV-PARTICIPANT-000110""]"
TV-STUDY-000110,Participant Reconsented,2023-01-29T02:14:00Z,data_query_v,TV-S-000110-11:V001,USR-104,"[""TV-STUDY-000110"", ""TV-LABORDER-000110"", ""TV-PROTOCOL-000110""]"
TV-STUDY-000201,Participant Reconsented,2023-01-29T03:00:00Z,data_query_v,TV-S-000201-11:V001,USR-127,"[""TV-STUDY-000201"", ""TV-LABORDER-000201""]"
TV-STUDY-000184,Visit Missed,2023-01-29T06:45:00Z,lab_test_v,TV-S-000184-08:V002,USR-101,"[""TV-STUDY-000184"", ""TV-PARTICIPANT-000184""]"
TV-STUDY-000203,Participant Reconsented,2023-01-29T09:02:00Z,data_query_v,TV-S-000203-11:V001,USR-034,"[""TV-STUDY-000203"", ""TV-LABORDER-000203""]"
TV-STUDY-000205,Participant Reconsented,2023-01-29T15:04:00Z,data_query_v,TV-S-000205-11:V001,USR-068,"[""TV-STUDY-000205"", ""TV-LABORDER-000205"", ""TV-PROTOCOL-000205""]"
TV-STUDY-000193,Visit Rescheduled,2023-01-29T15:51:00Z,drug_kit_v,TV-S-000193-05:V003,USR-124,"[""TV-STUDY-000193"", ""TV-INVESTIGATOR-000193""]"
TV-STUDY-000115,Visit Rescheduled,2023-01-29T16:00:00Z,drug_kit_v,TV-S-000115-05:V002,USR-068,"[""TV-STUDY-000115"", ""TV-INVESTIGATOR-000115""]"
TV-STUDY-000115,Visit Missed,2023-01-29T16:37:00Z,lab_test_v,TV-S-000115-08:V001,USR-071,"[""TV-STUDY-000115"", ""TV-PARTICIPANT-000115"", ""TV-ALIQUOT-000115""]"
TV-STUDY-000115,Participant Reconsented,2023-01-29T17:14:00Z,data_query_v,TV-S-000115-11:V002,USR-062,"[""TV-STUDY-000115"", ""TV-LABORDER-000115""]"
TV-STUDY-000207,Participant Reconsented,2023-01-29T21:06:00Z,data_query_v,TV-S-000207-11:V001,USR-102,"[""TV-STUDY-000207"", ""TV-LABORDER-000207"", ""TV-PROTOCOL-000207""]"
TV-STUDY-000209,Participant Reconsented,2023-01-30T03:08:00Z,data_query_v,TV-S-000209-11:V001,USR-009,"[""TV-STUDY-000209"", ""TV-LABORDER-000209""]"
TV-STUDY-000120,Visit Rescheduled,2023-01-30T07:00:00Z,drug_kit_v,TV-S-000120-05:V003,USR-026,"[""TV-STUDY-000120"", ""TV-INVESTIGATOR-000120"", ""TV-DISPENSATION-000120""]"
TV-STUDY-000120,Visit Missed,2023-01-30T07:37:00Z,lab_test_v,TV-S-000120-08:V003,USR-029,"[""TV-STUDY-000120"", ""TV-PARTICIPANT-000120"", ""TV-ALIQUOT-000120""]"
TV-STUDY-000120,Participant Reconsented,2023-01-30T08:14:00Z,data_query_v,TV-S-000120-11:V002,USR-020,"[""TV-STUDY-000120"", ""TV-LABORDER-000120""]"
TV-STUDY-000211,Participant Reconsented,2023-01-30T09:10:00Z,data_query_v,TV-S-000211-11:V001,USR-043,"[""TV-STUDY-000211"", ""TV-LABORDER-000211"", ""TV-PROTOCOL-000211""]"
TV-STUDY-000213,Participant Reconsented,2023-01-30T15:12:00Z,data_query_v,TV-S-000213-11:V001,USR-077,"[""TV-STUDY-000213"", ""TV-LABORDER-000213"", ""TV-PROTOCOL-000213""]"
TV-STUDY-000215,Participant Reconsented,2023-01-30T21:14:00Z,data_query_v,TV-S-000215-11:V001,USR-111,"[""TV-STUDY-000215"", ""TV-LABORDER-000215""]"
TV-STUDY-000125,Visit Rescheduled,2023-01-30T22:00:00Z,drug_kit_v,TV-S-000125-05:V002,USR-111,"[""TV-STUDY-000125"", ""TV-INVESTIGATOR-000125""]"
TV-STUDY-000125,Visit Missed,2023-01-30T22:37:00Z,lab_test_v,TV-S-000125-08:V001,USR-114,"[""TV-STUDY-000125"", ""TV-PARTICIPANT-000125"", ""TV-ALIQUOT-000125""]"
TV-STUDY-000125,Participant Reconsented,2023-01-30T23:14:00Z,data_query_v,TV-S-000125-11:V002,USR-105,"[""TV-STUDY-000125"", ""TV-LABORDER-000125""]"
TV-STUDY-000217,Participant Reconsented,2023-01-31T03:16:00Z,data_query_v,TV-S-000217-11:V001,USR-018,"[""TV-STUDY-000217"", ""TV-LABORDER-000217"", ""TV-PROTOCOL-000217""]"
TV-STUDY-000219,Participant Reconsented,2023-01-31T09:18:00Z,data_query_v,TV-S-000219-11:V001,USR-052,"[""TV-STUDY-000219"", ""TV-LABORDER-000219""]"
TV-STUDY-000130,Visit Rescheduled,2023-01-31T13:00:00Z,drug_kit_v,TV-S-000130-05:V003,USR-069,"[""TV-STUDY-000130"", ""TV-INVESTIGATOR-000130""]"
TV-STUDY-000130,Visit Missed,2023-01-31T13:37:00Z,lab_test_v,TV-S-000130-08:V003,USR-072,"[""TV-STUDY-000130"", ""TV-PARTICIPANT-000130""]"
TV-STUDY-000130,Participant Reconsented,2023-01-31T14:14:00Z,data_query_v,TV-S-000130-11:V002,USR-063,"[""TV-STUDY-000130"", ""TV-LABORDER-000130"", ""TV-PROTOCOL-000130""]"
TV-STUDY-000221,Participant Reconsented,2023-01-31T15:20:00Z,data_query_v,TV-S-000221-11:V001,USR-086,"[""TV-STUDY-000221"", ""TV-LABORDER-000221""]"
TV-STUDY-000223,Participant Reconsented,2023-01-31T21:22:00Z,data_query_v,TV-S-000223-11:V001,USR-120,"[""TV-STUDY-000223"", ""TV-LABORDER-000223""]"
TV-STUDY-000225,Participant Reconsented,2023-02-01T03:24:00Z,data_query_v,TV-S-000225-11:V001,USR-027,"[""TV-STUDY-000225"", ""TV-LABORDER-000225""]"
TV-STUDY-000135,Visit Rescheduled,2023-02-01T04:00:00Z,drug_kit_v,TV-S-000135-05:V002,USR-027,"[""TV-STUDY-000135"", ""TV-INVESTIGATOR-000135""]"
TV-STUDY-000135,Visit Missed,2023-02-01T04:37:00Z,lab_test_v,TV-S-000135-08:V001,USR-030,"[""TV-STUDY-000135"", ""TV-PARTICIPANT-000135""]"
TV-STUDY-000135,Participant Reconsented,2023-02-01T05:14:00Z,data_query_v,TV-S-000135-11:V002,USR-021,"[""TV-STUDY-000135"", ""TV-LABORDER-000135"", ""TV-PROTOCOL-000135""]"
TV-STUDY-000227,Participant Reconsented,2023-02-01T09:26:00Z,data_query_v,TV-S-000227-11:V001,USR-061,"[""TV-STUDY-000227"", ""TV-LABORDER-000227""]"
TV-STUDY-000216,Visit Rescheduled,2023-02-01T12:21:00Z,drug_kit_v,TV-S-000216-05:V003,USR-007,"[""TV-STUDY-000216"", ""TV-INVESTIGATOR-000216""]"
TV-STUDY-000229,Participant Reconsented,2023-02-01T15:28:00Z,data_query_v,TV-S-000229-11:V001,USR-095,"[""TV-STUDY-000229"", ""TV-LABORDER-000229""]"
TV-STUDY-000140,Visit Rescheduled,2023-02-01T19:00:00Z,drug_kit_v,TV-S-000140-05:V002,USR-112,"[""TV-STUDY-000140"", ""TV-INVESTIGATOR-000140""]"
TV-STUDY-000140,Visit Missed,2023-02-01T19:37:00Z,lab_test_v,TV-S-000140-08:V002,USR-115,"[""TV-STUDY-000140"", ""TV-PARTICIPANT-000140""]"
TV-STUDY-000140,Participant Reconsented,2023-02-01T20:14:00Z,data_query_v,TV-S-000140-11:V001,USR-106,"[""TV-STUDY-000140"", ""TV-LABORDER-000140"", ""TV-PROTOCOL-000140""]"
TV-STUDY-000231,Participant Reconsented,2023-02-01T21:30:00Z,data_query_v,TV-S-000231-11:V001,USR-002,"[""TV-STUDY-000231"", ""TV-LABORDER-000231""]"
TV-STUDY-000233,Participant Reconsented,2023-02-02T03:32:00Z,data_query_v,TV-S-000233-11:V001,USR-036,"[""TV-STUDY-000233"", ""TV-LABORDER-000233""]"
TV-STUDY-000235,Participant Reconsented,2023-02-02T09:34:00Z,data_query_v,TV-S-000235-11:V001,USR-070,"[""TV-STUDY-000235"", ""TV-LABORDER-000235""]"
TV-STUDY-000145,Visit Rescheduled,2023-02-02T10:00:00Z,drug_kit_v,TV-S-000145-05:V003,USR-070,"[""TV-STUDY-000145"", ""TV-INVESTIGATOR-000145""]"
TV-STUDY-000145,Visit Missed,2023-02-02T10:37:00Z,lab_test_v,TV-S-000145-08:V001,USR-073,"[""TV-STUDY-000145"", ""TV-PARTICIPANT-000145"", ""TV-ALIQUOT-000145""]"
TV-STUDY-000145,Participant Reconsented,2023-02-02T11:14:00Z,data_query_v,TV-S-000145-11:V003,USR-064,"[""TV-STUDY-000145"", ""TV-LABORDER-000145""]"
TV-STUDY-000237,Participant Reconsented,2023-02-02T15:36:00Z,data_query_v,TV-S-000237-11:V001,USR-104,"[""TV-STUDY-000237"", ""TV-LABORDER-000237"", ""TV-PROTOCOL-000237""]"
TV-STUDY-000221,Visit Missed,2023-02-02T21:29:00Z,lab_test_v,TV-S-000221-08:V001,USR-095,"[""TV-STUDY-000221"", ""TV-PARTICIPANT-000221"", ""TV-ALIQUOT-000221""]"
TV-STUDY-000239,Participant Reconsented,2023-02-02T21:38:00Z,data_query_v,TV-S-000239-11:V001,USR-011,"[""TV-STUDY-000239"", ""TV-LABORDER-000239""]"
TV-STUDY-000150,Visit Rescheduled,2023-02-03T01:00:00Z,drug_kit_v,TV-S-000150-05:V002,USR-028,"[""TV-STUDY-000150"", ""TV-INVESTIGATOR-000150""]"
TV-STUDY-000150,Visit Missed,2023-02-03T01:37:00Z,lab_test_v,TV-S-000150-08:V003,USR-031,"[""TV-STUDY-000150"", ""TV-PARTICIPANT-000150"", ""TV-ALIQUOT-000150""]"
TV-STUDY-000150,Participant Reconsented,2023-02-03T02:14:00Z,data_query_v,TV-S-000150-11:V001,USR-022,"[""TV-STUDY-000150"", ""TV-LABORDER-000150""]"
TV-STUDY-000241,Participant Reconsented,2023-02-03T03:40:00Z,data_query_v,TV-S-000241-11:V001,USR-045,"[""TV-STUDY-000241"", ""TV-LABORDER-000241"", ""TV-PROTOCOL-000241""]"
TV-STUDY-000243,Participant Reconsented,2023-02-03T09:42:00Z,data_query_v,TV-S-000243-11:V001,USR-079,"[""TV-STUDY-000243"", ""TV-LABORDER-000243""]"
TV-STUDY-000245,Participant Reconsented,2023-02-03T15:44:00Z,data_query_v,TV-S-000245-11:V001,USR-113,"[""TV-STUDY-000245"", ""TV-LABORDER-000245""]"
TV-STUDY-000155,Visit Rescheduled,2023-02-03T16:00:00Z,drug_kit_v,TV-S-000155-05:V002,USR-113,"[""TV-STUDY-000155"", ""TV-INVESTIGATOR-000155"", ""TV-DISPENSATION-000155""]"
TV-STUDY-000155,Visit Missed,2023-02-03T16:37:00Z,lab_test_v,TV-S-000155-08:V001,USR-116,"[""TV-STUDY-000155"", ""TV-PARTICIPANT-000155"", ""TV-ALIQUOT-000155""]"
TV-STUDY-000155,Participant Reconsented,2023-02-03T17:14:00Z,data_query_v,TV-S-000155-11:V002,USR-107,"[""TV-STUDY-000155"", ""TV-LABORDER-000155""]"
TV-STUDY-000247,Participant Reconsented,2023-02-03T21:46:00Z,data_query_v,TV-S-000247-11:V001,USR-020,"[""TV-STUDY-000247"", ""TV-LABORDER-000247""]"
TV-STUDY-000249,Participant Reconsented,2023-02-04T03:48:00Z,data_query_v,TV-S-000249-11:V001,USR-054,"[""TV-STUDY-000249"", ""TV-LABORDER-000249"", ""TV-PROTOCOL-000249""]"
TV-STUDY-000160,Visit Rescheduled,2023-02-04T07:00:00Z,drug_kit_v,TV-S-000160-05:V003,USR-071,"[""TV-STUDY-000160"", ""TV-INVESTIGATOR-000160"", ""TV-DISPENSATION-000160""]"
TV-STUDY-000160,Visit Missed,2023-02-04T07:37:00Z,lab_test_v,TV-S-000160-08:V002,USR-074,"[""TV-STUDY-000160"", ""TV-PARTICIPANT-000160"", ""TV-ALIQUOT-000160""]"
TV-STUDY-000160,Participant Reconsented,2023-02-04T08:14:00Z,data_query_v,TV-S-000160-11:V001,USR-065,"[""TV-STUDY-000160"", ""TV-LABORDER-000160""]"
TV-STUDY-000239,Visit Rescheduled,2023-02-04T09:44:00Z,drug_kit_v,TV-S-000239-05:V002,USR-017,"[""TV-STUDY-000239"", ""TV-INVESTIGATOR-000239"", ""TV-DISPENSATION-000239""]"
TV-STUDY-000251,Participant Reconsented,2023-02-04T09:50:00Z,data_query_v,TV-S-000251-11:V001,USR-088,"[""TV-STUDY-000251"", ""TV-LABORDER-000251""]"
TV-STUDY-000253,Participant Reconsented,2023-02-04T15:52:00Z,data_query_v,TV-S-000253-11:V001,USR-122,"[""TV-STUDY-000253"", ""TV-LABORDER-000253""]"
TV-STUDY-000255,Participant Reconsented,2023-02-04T21:01:00Z,data_query_v,TV-S-000255-11:V001,USR-029,"[""TV-STUDY-000255"", ""TV-LABORDER-000255""]"
TV-STUDY-000165,Visit Rescheduled,2023-02-04T22:00:00Z,drug_kit_v,TV-S-000165-05:V003,USR-029,"[""TV-STUDY-000165"", ""TV-INVESTIGATOR-000165"", ""TV-DISPENSATION-000165""]"
TV-STUDY-000165,Visit Missed,2023-02-04T22:37:00Z,lab_test_v,TV-S-000165-08:V001,USR-032,"[""TV-STUDY-000165"", ""TV-PARTICIPANT-000165"", ""TV-ALIQUOT-000165""]"
TV-STUDY-000165,Participant Reconsented,2023-02-04T23:14:00Z,data_query_v,TV-S-000165-11:V002,USR-023,"[""TV-STUDY-000165"", ""TV-LABORDER-000165""]"
TV-STUDY-000257,Participant Reconsented,2023-02-05T03:03:00Z,data_query_v,TV-S-000257-11:V001,USR-063,"[""TV-STUDY-000257"", ""TV-LABORDER-000257"", ""TV-PROTOCOL-000257""]"
TV-STUDY-000259,Participant Reconsented,2023-02-05T09:05:00Z,data_query_v,TV-S-000259-11:V001,USR-097,"[""TV-STUDY-000259"", ""TV-LABORDER-000259"", ""TV-PROTOCOL-000259""]"
TV-STUDY-000170,Visit Rescheduled,2023-02-05T13:00:00Z,drug_kit_v,TV-S-000170-05:V005,USR-114,"[""TV-STUDY-000170"", ""TV-INVESTIGATOR-000170""]"
TV-STUDY-000170,Visit Missed,2023-02-05T13:37:00Z,lab_test_v,TV-S-000170-08:V003,USR-117,"[""TV-STUDY-000170"", ""TV-PARTICIPANT-000170""]"
TV-STUDY-000170,Participant Reconsented,2023-02-05T14:14:00Z,data_query_v,TV-S-000170-11:V001,USR-108,"[""TV-STUDY-000170"", ""TV-LABORDER-000170""]"
TV-STUDY-000261,Participant Reconsented,2023-02-05T15:07:00Z,data_query_v,TV-S-000261-11:V001,USR-004,"[""TV-STUDY-000261"", ""TV-LABORDER-000261"", ""TV-PROTOCOL-000261""]"
TV-STUDY-000263,Participant Reconsented,2023-02-05T21:09:00Z,data_query_v,TV-S-000263-11:V001,USR-038,"[""TV-STUDY-000263"", ""TV-LABORDER-000263""]"
TV-STUDY-000265,Participant Reconsented,2023-02-06T03:11:00Z,data_query_v,TV-S-000265-11:V001,USR-072,"[""TV-STUDY-000265"", ""TV-LABORDER-000265""]"
TV-STUDY-000175,Visit Rescheduled,2023-02-06T04:00:00Z,drug_kit_v,TV-S-000175-05:V002,USR-072,"[""TV-STUDY-000175"", ""TV-INVESTIGATOR-000175"", ""TV-DISPENSATION-000175""]"
TV-STUDY-000175,Visit Missed,2023-02-06T04:37:00Z,lab_test_v,TV-S-000175-08:V001,USR-075,"[""TV-STUDY-000175"", ""TV-PARTICIPANT-000175"", ""TV-ALIQUOT-000175""]"
TV-STUDY-000175,Participant Reconsented,2023-02-06T05:14:00Z,data_query_v,TV-S-000175-11:V003,USR-066,"[""TV-STUDY-000175"", ""TV-LABORDER-000175""]"
TV-STUDY-000267,Participant Reconsented,2023-02-06T09:13:00Z,data_query_v,TV-S-000267-11:V001,USR-106,"[""TV-STUDY-000267"", ""TV-LABORDER-000267""]"
TV-STUDY-000269,Participant Reconsented,2023-02-06T15:15:00Z,data_query_v,TV-S-000269-11:V001,USR-013,"[""TV-STUDY-000269"", ""TV-LABORDER-000269""]"
TV-STUDY-000180,Visit Rescheduled,2023-02-06T19:00:00Z,drug_kit_v,TV-S-000180-05:V002,USR-030,"[""TV-STUDY-000180"", ""TV-INVESTIGATOR-000180""]"
TV-STUDY-000180,Visit Missed,2023-02-06T19:37:00Z,lab_test_v,TV-S-000180-08:V002,USR-033,"[""TV-STUDY-000180"", ""TV-PARTICIPANT-000180""]"
TV-STUDY-000180,Participant Reconsented,2023-02-06T20:14:00Z,data_query_v,TV-S-000180-11:V001,USR-024,"[""TV-STUDY-000180"", ""TV-LABORDER-000180"", ""TV-PROTOCOL-000180""]"
TV-STUDY-000271,Participant Reconsented,2023-02-06T21:17:00Z,data_query_v,TV-S-000271-11:V001,USR-047,"[""TV-STUDY-000271"", ""TV-LABORDER-000271""]"
TV-STUDY-000273,Participant Reconsented,2023-02-07T03:19:00Z,data_query_v,TV-S-000273-11:V001,USR-081,"[""TV-STUDY-000273"", ""TV-LABORDER-000273"", ""TV-PROTOCOL-000273""]"
TV-STUDY-000262,Visit Rescheduled,2023-02-07T06:14:00Z,drug_kit_v,TV-S-000262-05:V002,USR-027,"[""TV-STUDY-000262"", ""TV-INVESTIGATOR-000262"", ""TV-DISPENSATION-000262""]"
TV-STUDY-000275,Participant Reconsented,2023-02-07T09:21:00Z,data_query_v,TV-S-000275-11:V001,USR-115,"[""TV-STUDY-000275"", ""TV-LABORDER-000275"", ""TV-PROTOCOL-000275""]"
TV-STUDY-000185,Visit Rescheduled,2023-02-07T10:00:00Z,drug_kit_v,TV-S-000185-05:V005,USR-115,"[""TV-STUDY-000185"", ""TV-INVESTIGATOR-000185"", ""TV-DISPENSATION-000185""]"
TV-STUDY-000185,Visit Missed,2023-02-07T10:37:00Z,lab_test_v,TV-S-000185-08:V001,USR-118,"[""TV-STUDY-000185"", ""TV-PARTICIPANT-000185""]"
TV-STUDY-000185,Participant Reconsented,2023-02-07T11:14:00Z,data_query_v,TV-S-000185-11:V003,USR-109,"[""TV-STUDY-000185"", ""TV-LABORDER-000185"", ""TV-PROTOCOL-000185""]"
TV-STUDY-000258,Visit Missed,2023-02-07T12:13:00Z,lab_test_v,TV-S-000258-08:V002,USR-089,"[""TV-STUDY-000258"", ""TV-PARTICIPANT-000258""]"
TV-STUDY-000277,Participant Reconsented,2023-02-07T15:23:00Z,data_query_v,TV-S-000277-11:V001,USR-022,"[""TV-STUDY-000277"", ""TV-LABORDER-000277"", ""TV-PROTOCOL-000277""]"
TV-STUDY-000279,Participant Reconsented,2023-02-07T21:25:00Z,data_query_v,TV-S-000279-11:V001,USR-056,"[""TV-STUDY-000279"", ""TV-LABORDER-000279""]"
TV-STUDY-000190,Visit Rescheduled,2023-02-08T01:00:00Z,drug_kit_v,TV-S-000190-05:V002,USR-073,"[""TV-STUDY-000190"", ""TV-INVESTIGATOR-000190""]"
TV-STUDY-000190,Visit Missed,2023-02-08T01:37:00Z,lab_test_v,TV-S-000190-08:V002,USR-076,"[""TV-STUDY-000190"", ""TV-PARTICIPANT-000190""]"
TV-STUDY-000190,Participant Reconsented,2023-02-08T02:14:00Z,data_query_v,TV-S-000190-11:V001,USR-067,"[""TV-STUDY-000190"", ""TV-LABORDER-000190"", ""TV-PROTOCOL-000190""]"
TV-STUDY-000281,Participant Reconsented,2023-02-08T03:27:00Z,data_query_v,TV-S-000281-11:V001,USR-090,"[""TV-STUDY-000281"", ""TV-LABORDER-000281"", ""TV-PROTOCOL-000281""]"
TV-STUDY-000283,Participant Reconsented,2023-02-08T09:29:00Z,data_query_v,TV-S-000283-11:V001,USR-124,"[""TV-STUDY-000283"", ""TV-LABORDER-000283""]"
TV-STUDY-000285,Participant Reconsented,2023-02-08T15:31:00Z,data_query_v,TV-S-000285-11:V001,USR-031,"[""TV-STUDY-000285"", ""TV-LABORDER-000285""]"
TV-STUDY-000195,Visit Rescheduled,2023-02-08T16:00:00Z,drug_kit_v,TV-S-000195-05:V003,USR-031,"[""TV-STUDY-000195"", ""TV-INVESTIGATOR-000195""]"
TV-STUDY-000195,Visit Missed,2023-02-08T16:37:00Z,lab_test_v,TV-S-000195-08:V003,USR-034,"[""TV-STUDY-000195"", ""TV-PARTICIPANT-000195""]"
TV-STUDY-000195,Participant Reconsented,2023-02-08T17:14:00Z,data_query_v,TV-S-000195-11:V003,USR-025,"[""TV-STUDY-000195"", ""TV-LABORDER-000195""]"
TV-STUDY-000287,Participant Reconsented,2023-02-08T21:33:00Z,data_query_v,TV-S-000287-11:V001,USR-065,"[""TV-STUDY-000287"", ""TV-LABORDER-000287""]"
TV-STUDY-000289,Participant Reconsented,2023-02-09T03:35:00Z,data_query_v,TV-S-000289-11:V001,USR-099,"[""TV-STUDY-000289"", ""TV-LABORDER-000289"", ""TV-PROTOCOL-000289""]"
TV-STUDY-000200,Visit Rescheduled,2023-02-09T07:00:00Z,drug_kit_v,TV-S-000200-05:V003,USR-116,"[""TV-STUDY-000200"", ""TV-INVESTIGATOR-000200""]"
TV-STUDY-000200,Visit Missed,2023-02-09T07:37:00Z,lab_test_v,TV-S-000200-08:V002,USR-119,"[""TV-STUDY-000200"", ""TV-PARTICIPANT-000200""]"
TV-STUDY-000200,Participant Reconsented,2023-02-09T08:14:00Z,data_query_v,TV-S-000200-11:V001,USR-110,"[""TV-STUDY-000200"", ""TV-LABORDER-000200"", ""TV-PROTOCOL-000200""]"
TV-STUDY-000291,Participant Reconsented,2023-02-09T09:37:00Z,data_query_v,TV-S-000291-11:V001,USR-006,"[""TV-STUDY-000291"", ""TV-LABORDER-000291"", ""TV-PROTOCOL-000291""]"
TV-STUDY-000293,Participant Reconsented,2023-02-09T15:39:00Z,data_query_v,TV-S-000293-11:V001,USR-040,"[""TV-STUDY-000293"", ""TV-LABORDER-000293"", ""TV-PROTOCOL-000293""]"
TV-STUDY-000295,Participant Reconsented,2023-02-09T21:41:00Z,data_query_v,TV-S-000295-11:V001,USR-074,"[""TV-STUDY-000295"", ""TV-LABORDER-000295"", ""TV-PROTOCOL-000295""]"
TV-STUDY-000205,Visit Rescheduled,2023-02-09T22:00:00Z,drug_kit_v,TV-S-000205-05:V002,USR-074,"[""TV-STUDY-000205"", ""TV-INVESTIGATOR-000205"", ""TV-DISPENSATION-000205""]"
TV-STUDY-000205,Visit Missed,2023-02-09T22:37:00Z,lab_test_v,TV-S-000205-08:V001,USR-077,"[""TV-STUDY-000205"", ""TV-PARTICIPANT-000205""]"
TV-STUDY-000205,Participant Reconsented,2023-02-09T23:14:00Z,data_query_v,TV-S-000205-11:V002,USR-068,"[""TV-STUDY-000205"", ""TV-LABORDER-000205"", ""TV-PROTOCOL-000205""]"
TV-STUDY-000285,Visit Rescheduled,2023-02-10T03:37:00Z,drug_kit_v,TV-S-000285-05:V002,USR-037,"[""TV-STUDY-000285"", ""TV-INVESTIGATOR-000285"", ""TV-DISPENSATION-000285""]"
TV-STUDY-000297,Participant Reconsented,2023-02-10T03:43:00Z,data_query_v,TV-S-000297-11:V001,USR-108,"[""TV-STUDY-000297"", ""TV-LABORDER-000297""]"
TV-STUDY-000299,Participant Reconsented,2023-02-10T09:45:00Z,data_query_v,TV-S-000299-11:V001,USR-015,"[""TV-STUDY-000299"", ""TV-LABORDER-000299"", ""TV-PROTOCOL-000299""]"
TV-STUDY-000210,Visit Rescheduled,2023-02-10T13:00:00Z,drug_kit_v,TV-S-000210-05:V002,USR-032,"[""TV-STUDY-000210"", ""TV-INVESTIGATOR-000210"", ""TV-DISPENSATION-000210""]"
TV-STUDY-000210,Visit Missed,2023-02-10T13:37:00Z,lab_test_v,TV-S-000210-08:V003,USR-035,"[""TV-STUDY-000210"", ""TV-PARTICIPANT-000210"", ""TV-ALIQUOT-000210""]"
TV-STUDY-000210,Participant Reconsented,2023-02-10T14:14:00Z,data_query_v,TV-S-000210-11:V001,USR-026,"[""TV-STUDY-000210"", ""TV-LABORDER-000210""]"
TV-STUDY-000301,Participant Reconsented,2023-02-10T15:47:00Z,data_query_v,TV-S-000301-11:V001,USR-049,"[""TV-STUDY-000301"", ""TV-LABORDER-000301""]"
TV-STUDY-000303,Participant Reconsented,2023-02-10T21:49:00Z,data_query_v,TV-S-000303-11:V001,USR-083,"[""TV-STUDY-000303"", ""TV-LABORDER-000303"", ""TV-PROTOCOL-000303""]"
TV-STUDY-000305,Participant Reconsented,2023-02-11T03:51:00Z,data_query_v,TV-S-000305-11:V001,USR-117,"[""TV-STUDY-000305"", ""TV-LABORDER-000305""]"
TV-STUDY-000215,Visit Rescheduled,2023-02-11T04:00:00Z,drug_kit_v,TV-S-000215-05:V005,USR-117,"[""TV-STUDY-000215"", ""TV-INVESTIGATOR-000215""]"
TV-STUDY-000215,Visit Missed,2023-02-11T04:37:00Z,lab_test_v,TV-S-000215-08:V001,USR-120,"[""TV-STUDY-000215"", ""TV-PARTICIPANT-000215""]"
TV-STUDY-000215,Participant Reconsented,2023-02-11T05:14:00Z,data_query_v,TV-S-000215-11:V003,USR-111,"[""TV-STUDY-000215"", ""TV-LABORDER-000215"", ""TV-PROTOCOL-000215""]"
TV-STUDY-000307,Participant Reconsented,2023-02-11T09:00:00Z,data_query_v,TV-S-000307-11:V001,USR-024,"[""TV-STUDY-000307"", ""TV-LABORDER-000307"", ""TV-PROTOCOL-000307""]"
TV-STUDY-000309,Participant Reconsented,2023-02-11T15:02:00Z,data_query_v,TV-S-000309-11:V001,USR-058,"[""TV-STUDY-000309"", ""TV-LABORDER-000309""]"
TV-STUDY-000220,Visit Rescheduled,2023-02-11T19:00:00Z,drug_kit_v,TV-S-000220-05:V002,USR-075,"[""TV-STUDY-000220"", ""TV-INVESTIGATOR-000220""]"
TV-STUDY-000220,Visit Missed,2023-02-11T19:37:00Z,lab_test_v,TV-S-000220-08:V003,USR-078,"[""TV-STUDY-000220"", ""TV-PARTICIPANT-000220""]"
TV-STUDY-000220,Participant Reconsented,2023-02-11T20:14:00Z,data_query_v,TV-S-000220-11:V001,USR-069,"[""TV-STUDY-000220"", ""TV-LABORDER-000220"", ""TV-PROTOCOL-000220""]"
TV-STUDY-000311,Participant Reconsented,2023-02-11T21:04:00Z,data_query_v,TV-S-000311-11:V001,USR-092,"[""TV-STUDY-000311"", ""TV-LABORDER-000311"", ""TV-PROTOCOL-000311""]"
TV-STUDY-000313,Participant Reconsented,2023-02-12T03:06:00Z,data_query_v,TV-S-000313-11:V001,USR-126,"[""TV-STUDY-000313"", ""TV-LABORDER-000313""]"
TV-STUDY-000295,Visit Missed,2023-02-12T03:50:00Z,lab_test_v,TV-S-000295-08:V001,USR-083,"[""TV-STUDY-000295"", ""TV-PARTICIPANT-000295"", ""TV-ALIQUOT-000295""]"
TV-STUDY-000315,Participant Reconsented,2023-02-12T09:08:00Z,data_query_v,TV-S-000315-11:V001,USR-033,"[""TV-STUDY-000315"", ""TV-LABORDER-000315"", ""TV-PROTOCOL-000315""]"
TV-STUDY-000225,Visit Rescheduled,2023-02-12T10:00:00Z,drug_kit_v,TV-S-000225-05:V002,USR-033,"[""TV-STUDY-000225"", ""TV-INVESTIGATOR-000225""]"
TV-STUDY-000225,Visit Missed,2023-02-12T10:37:00Z,lab_test_v,TV-S-000225-08:V001,USR-036,"[""TV-STUDY-000225"", ""TV-PARTICIPANT-000225"", ""TV-ALIQUOT-000225""]"
TV-STUDY-000225,Participant Reconsented,2023-02-12T11:14:00Z,data_query_v,TV-S-000225-11:V002,USR-027,"[""TV-STUDY-000225"", ""TV-LABORDER-000225""]"
TV-STUDY-000317,Participant Reconsented,2023-02-12T15:10:00Z,data_query_v,TV-S-000317-11:V001,USR-067,"[""TV-STUDY-000317"", ""TV-LABORDER-000317""]"
TV-STUDY-000319,Participant Reconsented,2023-02-12T21:12:00Z,data_query_v,TV-S-000319-11:V001,USR-101,"[""TV-STUDY-000319"", ""TV-LABORDER-000319""]"
TV-STUDY-000308,Visit Rescheduled,2023-02-13T00:07:00Z,drug_kit_v,TV-S-000308-05:V002,USR-047,"[""TV-STUDY-000308"", ""TV-INVESTIGATOR-000308""]"
TV-STUDY-000230,Visit Rescheduled,2023-02-13T01:00:00Z,drug_kit_v,TV-S-000230-05:V002,USR-118,"[""TV-STUDY-000230"", ""TV-INVESTIGATOR-000230""]"
TV-STUDY-000230,Visit Missed,2023-02-13T01:37:00Z,lab_test_v,TV-S-000230-08:V002,USR-121,"[""TV-STUDY-000230"", ""TV-PARTICIPANT-000230""]"
TV-STUDY-000230,Participant Reconsented,2023-02-13T02:14:00Z,data_query_v,TV-S-000230-11:V001,USR-112,"[""TV-STUDY-000230"", ""TV-LABORDER-000230"", ""TV-PROTOCOL-000230""]"
TV-STUDY-000321,Participant Reconsented,2023-02-13T03:14:00Z,data_query_v,TV-S-000321-11:V001,USR-008,"[""TV-STUDY-000321"", ""TV-LABORDER-000321""]"
TV-STUDY-000323,Participant Reconsented,2023-02-13T09:16:00Z,data_query_v,TV-S-000323-11:V001,USR-042,"[""TV-STUDY-000323"", ""TV-LABORDER-000323"", ""TV-PROTOCOL-000323""]"
TV-STUDY-000325,Participant Reconsented,2023-02-13T15:18:00Z,data_query_v,TV-S-000325-11:V001,USR-076,"[""TV-STUDY-000325"", ""TV-LABORDER-000325""]"
TV-STUDY-000235,Visit Rescheduled,2023-02-13T16:00:00Z,drug_kit_v,TV-S-000235-05:V002,USR-076,"[""TV-STUDY-000235"", ""TV-INVESTIGATOR-000235""]"
TV-STUDY-000235,Visit Missed,2023-02-13T16:37:00Z,lab_test_v,TV-S-000235-08:V001,USR-079,"[""TV-STUDY-000235"", ""TV-PARTICIPANT-000235""]"
TV-STUDY-000235,Participant Reconsented,2023-02-13T17:14:00Z,data_query_v,TV-S-000235-11:V004,USR-070,"[""TV-STUDY-000235"", ""TV-LABORDER-000235"", ""TV-PROTOCOL-000235""]"
TV-STUDY-000327,Participant Reconsented,2023-02-13T21:20:00Z,data_query_v,TV-S-000327-11:V001,USR-110,"[""TV-STUDY-000327"", ""TV-LABORDER-000327"", ""TV-PROTOCOL-000327""]"
TV-STUDY-000329,Participant Reconsented,2023-02-14T03:22:00Z,data_query_v,TV-S-000329-11:V001,USR-017,"[""TV-STUDY-000329"", ""TV-LABORDER-000329""]"
TV-STUDY-000240,Visit Rescheduled,2023-02-14T07:00:00Z,drug_kit_v,TV-S-000240-05:V003,USR-034,"[""TV-STUDY-000240"", ""TV-INVESTIGATOR-000240"", ""TV-DISPENSATION-000240""]"
TV-STUDY-000240,Visit Missed,2023-02-14T07:37:00Z,lab_test_v,TV-S-000240-08:V003,USR-037,"[""TV-STUDY-000240"", ""TV-PARTICIPANT-000240"", ""TV-ALIQUOT-000240""]"
TV-STUDY-000240,Participant Reconsented,2023-02-14T08:14:00Z,data_query_v,TV-S-000240-11:V002,USR-028,"[""TV-STUDY-000240"", ""TV-LABORDER-000240""]"
TV-STUDY-000331,Participant Reconsented,2023-02-14T09:24:00Z,data_query_v,TV-S-000331-11:V001,USR-051,"[""TV-STUDY-000331"", ""TV-LABORDER-000331"", ""TV-PROTOCOL-000331""]"
TV-STUDY-000333,Participant Reconsented,2023-02-14T15:26:00Z,data_query_v,TV-S-000333-11:V001,USR-085,"[""TV-STUDY-000333"", ""TV-LABORDER-000333"", ""TV-PROTOCOL-000333""]"
TV-STUDY-000335,Participant Reconsented,2023-02-14T21:28:00Z,data_query_v,TV-S-000335-11:V001,USR-119,"[""TV-STUDY-000335"", ""TV-LABORDER-000335""]"
TV-STUDY-000245,Visit Rescheduled,2023-02-14T22:00:00Z,drug_kit_v,TV-S-000245-05:V003,USR-119,"[""TV-STUDY-000245"", ""TV-INVESTIGATOR-000245""]"
TV-STUDY-000245,Visit Missed,2023-02-14T22:37:00Z,lab_test_v,TV-S-000245-08:V001,USR-122,"[""TV-STUDY-000245"", ""TV-PARTICIPANT-000245"", ""TV-ALIQUOT-000245""]"
TV-STUDY-000245,Participant Reconsented,2023-02-14T23:14:00Z,data_query_v,TV-S-000245-11:V002,USR-113,"[""TV-STUDY-000245"", ""TV-LABORDER-000245""]"
TV-STUDY-000337,Participant Reconsented,2023-02-15T03:30:00Z,data_query_v,TV-S-000337-11:V001,USR-026,"[""TV-STUDY-000337"", ""TV-LABORDER-000337""]"
TV-STUDY-000339,Participant Reconsented,2023-02-15T09:32:00Z,data_query_v,TV-S-000339-11:V001,USR-060,"[""TV-STUDY-000339"", ""TV-LABORDER-000339"", ""TV-PROTOCOL-000339""]"
TV-STUDY-000250,Visit Rescheduled,2023-02-15T13:00:00Z,drug_kit_v,TV-S-000250-05:V002,USR-077,"[""TV-STUDY-000250"", ""TV-INVESTIGATOR-000250""]"
TV-STUDY-000250,Visit Missed,2023-02-15T13:37:00Z,lab_test_v,TV-S-000250-08:V003,USR-080,"[""TV-STUDY-000250"", ""TV-PARTICIPANT-000250"", ""TV-ALIQUOT-000250""]"
TV-STUDY-000250,Participant Reconsented,2023-02-15T14:14:00Z,data_query_v,TV-S-000250-11:V001,USR-071,"[""TV-STUDY-000250"", ""TV-LABORDER-000250""]"
TV-STUDY-000341,Participant Reconsented,2023-02-15T15:34:00Z,data_query_v,TV-S-000341-11:V001,USR-094,"[""TV-STUDY-000341"", ""TV-LABORDER-000341"", ""TV-PROTOCOL-000341""]"
TV-STUDY-000331,Visit Rescheduled,2023-02-15T21:30:00Z,drug_kit_v,TV-S-000331-05:V002,USR-057,"[""TV-STUDY-000331"", ""TV-INVESTIGATOR-000331""]"
TV-STUDY-000343,Participant Reconsented,2023-02-15T21:36:00Z,data_query_v,TV-S-000343-11:V001,USR-001,"[""TV-STUDY-000343"", ""TV-LABORDER-000343"", ""TV-PROTOCOL-000343""]"
TV-STUDY-000345,Participant Reconsented,2023-02-16T03:38:00Z,data_query_v,TV-S-000345-11:V001,USR-035,"[""TV-STUDY-000345"", ""TV-LABORDER-000345""]"
TV-STUDY-000255,Visit Rescheduled,2023-02-16T04:00:00Z,drug_kit_v,TV-S-000255-05:V003,USR-035,"[""TV-STUDY-000255"", ""TV-INVESTIGATOR-000255""]"
TV-STUDY-000255,Visit Missed,2023-02-16T04:37:00Z,lab_test_v,TV-S-000255-08:V001,USR-038,"[""TV-STUDY-000255"", ""TV-PARTICIPANT-000255"", ""TV-ALIQUOT-000255""]"
TV-STUDY-000255,Participant Reconsented,2023-02-16T05:14:00Z,data_query_v,TV-S-000255-11:V002,USR-029,"[""TV-STUDY-000255"", ""TV-LABORDER-000255""]"
TV-STUDY-000347,Participant Reconsented,2023-02-16T09:40:00Z,data_query_v,TV-S-000347-11:V001,USR-069,"[""TV-STUDY-000347"", ""TV-LABORDER-000347""]"
TV-STUDY-000349,Participant Reconsented,2023-02-16T15:42:00Z,data_query_v,TV-S-000349-11:V001,USR-103,"[""TV-STUDY-000349"", ""TV-LABORDER-000349"", ""TV-PROTOCOL-000349""]"
TV-STUDY-000332,Visit Missed,2023-02-16T18:34:00Z,lab_test_v,TV-S-000332-08:V002,USR-077,"[""TV-STUDY-000332"", ""TV-PARTICIPANT-000332"", ""TV-ALIQUOT-000332""]"
TV-STUDY-000260,Visit Rescheduled,2023-02-16T19:00:00Z,drug_kit_v,TV-S-000260-05:V003,USR-120,"[""TV-STUDY-000260"", ""TV-INVESTIGATOR-000260"", ""TV-DISPENSATION-000260""]"
TV-STUDY-000260,Visit Missed,2023-02-16T19:37:00Z,lab_test_v,TV-S-000260-08:V004,USR-123,"[""TV-STUDY-000260"", ""TV-PARTICIPANT-000260"", ""TV-ALIQUOT-000260""]"
TV-STUDY-000260,Participant Reconsented,2023-02-16T20:14:00Z,data_query_v,TV-S-000260-11:V002,USR-114,"[""TV-STUDY-000260"", ""TV-LABORDER-000260""]"
TV-STUDY-000351,Participant Reconsented,2023-02-16T21:44:00Z,data_query_v,TV-S-000351-11:V001,USR-010,"[""TV-STUDY-000351"", ""TV-LABORDER-000351""]"
TV-STUDY-000353,Participant Reconsented,2023-02-17T03:46:00Z,data_query_v,TV-S-000353-11:V001,USR-044,"[""TV-STUDY-000353"", ""TV-LABORDER-000353"", ""TV-PROTOCOL-000353""]"
TV-STUDY-000355,Participant Reconsented,2023-02-17T09:48:00Z,data_query_v,TV-S-000355-11:V001,USR-078,"[""TV-STUDY-000355"", ""TV-LABORDER-000355""]"
TV-STUDY-000265,Visit Rescheduled,2023-02-17T10:00:00Z,drug_kit_v,TV-S-000265-05:V002,USR-078,"[""TV-STUDY-000265"", ""TV-INVESTIGATOR-000265"", ""TV-DISPENSATION-000265""]"
TV-STUDY-000265,Visit Missed,2023-02-17T10:37:00Z,lab_test_v,TV-S-000265-08:V001,USR-081,"[""TV-STUDY-000265"", ""TV-PARTICIPANT-000265"", ""TV-ALIQUOT-000265""]"
TV-STUDY-000265,Participant Reconsented,2023-02-17T11:14:00Z,data_query_v,TV-S-000265-11:V003,USR-072,"[""TV-STUDY-000265"", ""TV-LABORDER-000265""]"
TV-STUDY-000357,Participant Reconsented,2023-02-17T15:50:00Z,data_query_v,TV-S-000357-11:V001,USR-112,"[""TV-STUDY-000357"", ""TV-LABORDER-000357"", ""TV-PROTOCOL-000357""]"
TV-STUDY-000359,Participant Reconsented,2023-02-17T21:52:00Z,data_query_v,TV-S-000359-11:V001,USR-019,"[""TV-STUDY-000359"", ""TV-LABORDER-000359""]"
TV-STUDY-000270,Visit Rescheduled,2023-02-18T01:00:00Z,drug_kit_v,TV-S-000270-05:V003,USR-036,"[""TV-STUDY-000270"", ""TV-INVESTIGATOR-000270""]"
TV-STUDY-000270,Visit Missed,2023-02-18T01:37:00Z,lab_test_v,TV-S-000270-08:V002,USR-039,"[""TV-STUDY-000270"", ""TV-PARTICIPANT-000270""]"
TV-STUDY-000270,Participant Reconsented,2023-02-18T02:14:00Z,data_query_v,TV-S-000270-11:V001,USR-030,"[""TV-STUDY-000270"", ""TV-LABORDER-000270""]"
TV-STUDY-000361,Participant Reconsented,2023-02-18T03:01:00Z,data_query_v,TV-S-000361-11:V001,USR-053,"[""TV-STUDY-000361"", ""TV-LABORDER-000361""]"
TV-STUDY-000363,Participant Reconsented,2023-02-18T09:03:00Z,data_query_v,TV-S-000363-11:V001,USR-087,"[""TV-STUDY-000363"", ""TV-LABORDER-000363""]"
TV-STUDY-000365,Participant Reconsented,2023-02-18T15:05:00Z,data_query_v,TV-S-000365-11:V001,USR-121,"[""TV-STUDY-000365"", ""TV-LABORDER-000365""]"
TV-STUDY-000275,Visit Rescheduled,2023-02-18T16:00:00Z,drug_kit_v,TV-S-000275-05:V003,USR-121,"[""TV-STUDY-000275"", ""TV-INVESTIGATOR-000275"", ""TV-DISPENSATION-000275""]"
TV-STUDY-000275,Visit Missed,2023-02-18T16:37:00Z,lab_test_v,TV-S-000275-08:V001,USR-124,"[""TV-STUDY-000275"", ""TV-PARTICIPANT-000275""]"
TV-STUDY-000275,Participant Reconsented,2023-02-18T17:14:00Z,data_query_v,TV-S-000275-11:V002,USR-115,"[""TV-STUDY-000275"", ""TV-LABORDER-000275"", ""TV-PROTOCOL-000275""]"
TV-STUDY-000354,Visit Rescheduled,2023-02-18T18:00:00Z,drug_kit_v,TV-S-000354-05:V002,USR-067,"[""TV-STUDY-000354"", ""TV-INVESTIGATOR-000354"", ""TV-DISPENSATION-000354""]"
TV-STUDY-000367,Participant Reconsented,2023-02-18T21:07:00Z,data_query_v,TV-S-000367-11:V001,USR-028,"[""TV-STUDY-000367"", ""TV-LABORDER-000367"", ""TV-PROTOCOL-000367""]"
TV-STUDY-000369,Participant Reconsented,2023-02-19T03:09:00Z,data_query_v,TV-S-000369-11:V001,USR-062,"[""TV-STUDY-000369"", ""TV-LABORDER-000369"", ""TV-PROTOCOL-000369""]"
TV-STUDY-000280,Visit Rescheduled,2023-02-19T07:00:00Z,drug_kit_v,TV-S-000280-05:V003,USR-079,"[""TV-STUDY-000280"", ""TV-INVESTIGATOR-000280"", ""TV-DISPENSATION-000280""]"
TV-STUDY-000280,Visit Missed,2023-02-19T07:37:00Z,lab_test_v,TV-S-000280-08:V002,USR-082,"[""TV-STUDY-000280"", ""TV-PARTICIPANT-000280"", ""TV-ALIQUOT-000280""]"
TV-STUDY-000280,Participant Reconsented,2023-02-19T08:14:00Z,data_query_v,TV-S-000280-11:V001,USR-073,"[""TV-STUDY-000280"", ""TV-LABORDER-000280""]"
TV-STUDY-000371,Participant Reconsented,2023-02-19T09:11:00Z,data_query_v,TV-S-000371-11:V001,USR-096,"[""TV-STUDY-000371"", ""TV-LABORDER-000371"", ""TV-PROTOCOL-000371""]"
TV-STUDY-000373,Participant Reconsented,2023-02-19T15:13:00Z,data_query_v,TV-S-000373-11:V001,USR-003,"[""TV-STUDY-000373"", ""TV-LABORDER-000373"", ""TV-PROTOCOL-000373""]"
TV-STUDY-000375,Participant Reconsented,2023-02-19T21:15:00Z,data_query_v,TV-S-000375-11:V001,USR-037,"[""TV-STUDY-000375"", ""TV-LABORDER-000375"", ""TV-PROTOCOL-000375""]"
TV-STUDY-000285,Visit Rescheduled,2023-02-19T22:00:00Z,drug_kit_v,TV-S-000285-05:V004,USR-037,"[""TV-STUDY-000285"", ""TV-INVESTIGATOR-000285""]"
TV-STUDY-000285,Visit Missed,2023-02-19T22:37:00Z,lab_test_v,TV-S-000285-08:V001,USR-040,"[""TV-STUDY-000285"", ""TV-PARTICIPANT-000285""]"
TV-STUDY-000285,Participant Reconsented,2023-02-19T23:14:00Z,data_query_v,TV-S-000285-11:V002,USR-031,"[""TV-STUDY-000285"", ""TV-LABORDER-000285"", ""TV-PROTOCOL-000285""]"
TV-STUDY-000377,Participant Reconsented,2023-02-20T03:17:00Z,data_query_v,TV-S-000377-11:V001,USR-071,"[""TV-STUDY-000377"", ""TV-LABORDER-000377""]"
TV-STUDY-000379,Participant Reconsented,2023-02-20T09:19:00Z,data_query_v,TV-S-000379-11:V001,USR-105,"[""TV-STUDY-000379"", ""TV-LABORDER-000379"", ""TV-PROTOCOL-000379""]"
TV-STUDY-000290,Visit Rescheduled,2023-02-20T13:00:00Z,drug_kit_v,TV-S-000290-05:V003,USR-122,"[""TV-STUDY-000290"", ""TV-INVESTIGATOR-000290"", ""TV-DISPENSATION-000290""]"
TV-STUDY-000290,Visit Missed,2023-02-20T13:37:00Z,lab_test_v,TV-S-000290-08:V003,USR-125,"[""TV-STUDY-000290"", ""TV-PARTICIPANT-000290"", ""TV-ALIQUOT-000290""]"
TV-STUDY-000290,Participant Reconsented,2023-02-20T14:14:00Z,data_query_v,TV-S-000290-11:V001,USR-116,"[""TV-STUDY-000290"", ""TV-LABORDER-000290""]"
TV-STUDY-000381,Participant Reconsented,2023-02-20T15:21:00Z,data_query_v,TV-S-000381-11:V001,USR-012,"[""TV-STUDY-000381"", ""TV-LABORDER-000381""]"
TV-STUDY-000383,Participant Reconsented,2023-02-20T21:23:00Z,data_query_v,TV-S-000383-11:V001,USR-046,"[""TV-STUDY-000383"", ""TV-LABORDER-000383"", ""TV-PROTOCOL-000383""]"
TV-STUDY-000385,Participant Reconsented,2023-02-21T03:25:00Z,data_query_v,TV-S-000385-11:V001,USR-080,"[""TV-STUDY-000385"", ""TV-LABORDER-000385"", ""TV-PROTOCOL-000385""]"
TV-STUDY-000295,Visit Rescheduled,2023-02-21T04:00:00Z,drug_kit_v,TV-S-000295-05:V003,USR-080,"[""TV-STUDY-000295"", ""TV-INVESTIGATOR-000295""]"
TV-STUDY-000295,Visit Missed,2023-02-21T04:37:00Z,lab_test_v,TV-S-000295-08:V003,USR-083,"[""TV-STUDY-000295"", ""TV-PARTICIPANT-000295""]"
TV-STUDY-000295,Participant Reconsented,2023-02-21T05:14:00Z,data_query_v,TV-S-000295-11:V002,USR-074,"[""TV-STUDY-000295"", ""TV-LABORDER-000295""]"
TV-STUDY-000369,Visit Missed,2023-02-21T09:18:00Z,lab_test_v,TV-S-000369-08:V001,USR-071,"[""TV-STUDY-000369"", ""TV-PARTICIPANT-000369""]"
TV-STUDY-000387,Participant Reconsented,2023-02-21T09:27:00Z,data_query_v,TV-S-000387-11:V001,USR-114,"[""TV-STUDY-000387"", ""TV-LABORDER-000387"", ""TV-PROTOCOL-000387""]"
TV-STUDY-000377,Visit Rescheduled,2023-02-21T15:23:00Z,drug_kit_v,TV-S-000377-05:V003,USR-077,"[""TV-STUDY-000377"", ""TV-INVESTIGATOR-000377"", ""TV-DISPENSATION-000377""]"
TV-STUDY-000389,Participant Reconsented,2023-02-21T15:29:00Z,data_query_v,TV-S-000389-11:V001,USR-021,"[""TV-STUDY-000389"", ""TV-LABORDER-000389""]"
TV-STUDY-000300,Visit Rescheduled,2023-02-21T19:00:00Z,drug_kit_v,TV-S-000300-05:V004,USR-038,"[""TV-STUDY-000300"", ""TV-INVESTIGATOR-000300""]"
TV-STUDY-000300,Visit Missed,2023-02-21T19:37:00Z,lab_test_v,TV-S-000300-08:V002,USR-041,"[""TV-STUDY-000300"", ""TV-PARTICIPANT-000300"", ""TV-ALIQUOT-000300""]"
TV-STUDY-000300,Participant Reconsented,2023-02-21T20:14:00Z,data_query_v,TV-S-000300-11:V001,USR-032,"[""TV-STUDY-000300"", ""TV-LABORDER-000300""]"
TV-STUDY-000391,Participant Reconsented,2023-02-21T21:31:00Z,data_query_v,TV-S-000391-11:V001,USR-055,"[""TV-STUDY-000391"", ""TV-LABORDER-000391""]"
TV-STUDY-000393,Participant Reconsented,2023-02-22T03:33:00Z,data_query_v,TV-S-000393-11:V001,USR-089,"[""TV-STUDY-000393"", ""TV-LABORDER-000393""]"
TV-STUDY-000395,Participant Reconsented,2023-02-22T09:35:00Z,data_query_v,TV-S-000395-11:V001,USR-123,"[""TV-STUDY-000395"", ""TV-LABORDER-000395""]"
TV-STUDY-000305,Visit Rescheduled,2023-02-22T10:00:00Z,drug_kit_v,TV-S-000305-05:V002,USR-123,"[""TV-STUDY-000305"", ""TV-INVESTIGATOR-000305""]"
TV-STUDY-000305,Visit Missed,2023-02-22T10:37:00Z,lab_test_v,TV-S-000305-08:V001,USR-126,"[""TV-STUDY-000305"", ""TV-PARTICIPANT-000305""]"
TV-STUDY-000305,Participant Reconsented,2023-02-22T11:14:00Z,data_query_v,TV-S-000305-11:V002,USR-117,"[""TV-STUDY-000305"", ""TV-LABORDER-000305""]"
TV-STUDY-000397,Participant Reconsented,2023-02-22T15:37:00Z,data_query_v,TV-S-000397-11:V001,USR-030,"[""TV-STUDY-000397"", ""TV-LABORDER-000397"", ""TV-PROTOCOL-000397""]"
TV-STUDY-000399,Participant Reconsented,2023-02-22T21:39:00Z,data_query_v,TV-S-000399-11:V001,USR-064,"[""TV-STUDY-000399"", ""TV-LABORDER-000399""]"
TV-STUDY-000310,Visit Rescheduled,2023-02-23T01:00:00Z,drug_kit_v,TV-S-000310-05:V002,USR-081,"[""TV-STUDY-000310"", ""TV-INVESTIGATOR-000310"", ""TV-DISPENSATION-000310""]"
TV-STUDY-000310,Visit Missed,2023-02-23T01:37:00Z,lab_test_v,TV-S-000310-08:V002,USR-084,"[""TV-STUDY-000310"", ""TV-PARTICIPANT-000310"", ""TV-ALIQUOT-000310""]"
TV-STUDY-000310,Participant Reconsented,2023-02-23T02:14:00Z,data_query_v,TV-S-000310-11:V001,USR-075,"[""TV-STUDY-000310"", ""TV-LABORDER-000310""]"
TV-STUDY-000401,Participant Reconsented,2023-02-23T03:41:00Z,data_query_v,TV-S-000401-11:V001,USR-098,"[""TV-STUDY-000401"", ""TV-LABORDER-000401""]"
TV-STUDY-000403,Participant Reconsented,2023-02-23T09:43:00Z,data_query_v,TV-S-000403-11:V001,USR-005,"[""TV-STUDY-000403"", ""TV-LABORDER-000403"", ""TV-PROTOCOL-000403""]"
TV-STUDY-000405,Participant Reconsented,2023-02-23T15:45:00Z,data_query_v,TV-S-000405-11:V001,USR-039,"[""TV-STUDY-000405"", ""TV-LABORDER-000405"", ""TV-PROTOCOL-000405""]"
TV-STUDY-000315,Visit Rescheduled,2023-02-23T16:00:00Z,drug_kit_v,TV-S-000315-05:V002,USR-039,"[""TV-STUDY-000315"", ""TV-INVESTIGATOR-000315""]"
TV-STUDY-000315,Visit Missed,2023-02-23T16:37:00Z,lab_test_v,TV-S-000315-08:V001,USR-042,"[""TV-STUDY-000315"", ""TV-PARTICIPANT-000315""]"
TV-STUDY-000315,Participant Reconsented,2023-02-23T17:14:00Z,data_query_v,TV-S-000315-11:V002,USR-033,"[""TV-STUDY-000315"", ""TV-LABORDER-000315""]"
TV-STUDY-000407,Participant Reconsented,2023-02-23T21:47:00Z,data_query_v,TV-S-000407-11:V001,USR-073,"[""TV-STUDY-000407"", ""TV-LABORDER-000407"", ""TV-PROTOCOL-000407""]"
TV-STUDY-000409,Participant Reconsented,2023-02-24T03:49:00Z,data_query_v,TV-S-000409-11:V001,USR-107,"[""TV-STUDY-000409"", ""TV-LABORDER-000409""]"
TV-STUDY-000320,Visit Rescheduled,2023-02-24T07:00:00Z,drug_kit_v,TV-S-000320-05:V002,USR-124,"[""TV-STUDY-000320"", ""TV-INVESTIGATOR-000320""]"
TV-STUDY-000320,Visit Missed,2023-02-24T07:37:00Z,lab_test_v,TV-S-000320-08:V002,USR-127,"[""TV-STUDY-000320"", ""TV-PARTICIPANT-000320""]"
TV-STUDY-000320,Participant Reconsented,2023-02-24T08:14:00Z,data_query_v,TV-S-000320-11:V001,USR-118,"[""TV-STUDY-000320"", ""TV-LABORDER-000320"", ""TV-PROTOCOL-000320""]"
TV-STUDY-000411,Participant Reconsented,2023-02-24T09:51:00Z,data_query_v,TV-S-000411-11:V001,USR-014,"[""TV-STUDY-000411"", ""TV-LABORDER-000411""]"
TV-STUDY-000400,Visit Rescheduled,2023-02-24T12:46:00Z,drug_kit_v,TV-S-000400-05:V003,USR-087,"[""TV-STUDY-000400"", ""TV-INVESTIGATOR-000400""]"
TV-STUDY-000413,Participant Reconsented,2023-02-24T15:00:00Z,data_query_v,TV-S-000413-11:V001,USR-048,"[""TV-STUDY-000413"", ""TV-LABORDER-000413""]"
TV-STUDY-000415,Participant Reconsented,2023-02-24T21:02:00Z,data_query_v,TV-S-000415-11:V001,USR-082,"[""TV-STUDY-000415"", ""TV-LABORDER-000415"", ""TV-PROTOCOL-000415""]"
TV-STUDY-000325,Visit Rescheduled,2023-02-24T22:00:00Z,drug_kit_v,TV-S-000325-05:V003,USR-082,"[""TV-STUDY-000325"", ""TV-INVESTIGATOR-000325""]"
TV-STUDY-000325,Visit Missed,2023-02-24T22:37:00Z,lab_test_v,TV-S-000325-08:V003,USR-085,"[""TV-STUDY-000325"", ""TV-PARTICIPANT-000325""]"
TV-STUDY-000325,Participant Reconsented,2023-02-24T23:14:00Z,data_query_v,TV-S-000325-11:V004,USR-076,"[""TV-STUDY-000325"", ""TV-LABORDER-000325""]"
TV-STUDY-000417,Participant Reconsented,2023-02-25T03:04:00Z,data_query_v,TV-S-000417-11:V001,USR-116,"[""TV-STUDY-000417"", ""TV-LABORDER-000417"", ""TV-PROTOCOL-000417""]"
TV-STUDY-000419,Participant Reconsented,2023-02-25T09:06:00Z,data_query_v,TV-S-000419-11:V001,USR-023,"[""TV-STUDY-000419"", ""TV-LABORDER-000419""]"
TV-STUDY-000330,Visit Rescheduled,2023-02-25T13:00:00Z,drug_kit_v,TV-S-000330-05:V003,USR-040,"[""TV-STUDY-000330"", ""TV-INVESTIGATOR-000330"", ""TV-DISPENSATION-000330""]"
TV-STUDY-000330,Visit Missed,2023-02-25T13:37:00Z,lab_test_v,TV-S-000330-08:V003,USR-043,"[""TV-STUDY-000330"", ""TV-PARTICIPANT-000330"", ""TV-ALIQUOT-000330""]"
TV-STUDY-000330,Participant Reconsented,2023-02-25T14:14:00Z,data_query_v,TV-S-000330-11:V001,USR-034,"[""TV-STUDY-000330"", ""TV-LABORDER-000330""]"
TV-STUDY-000421,Participant Reconsented,2023-02-25T15:08:00Z,data_query_v,TV-S-000421-11:V001,USR-057,"[""TV-STUDY-000421"", ""TV-LABORDER-000421"", ""TV-PROTOCOL-000421""]"
TV-STUDY-000423,Participant Reconsented,2023-02-25T21:10:00Z,data_query_v,TV-S-000423-11:V001,USR-091,"[""TV-STUDY-000423"", ""TV-LABORDER-000423""]"
TV-STUDY-000406,Visit Missed,2023-02-26T00:02:00Z,lab_test_v,TV-S-000406-08:V003,USR-065,"[""TV-STUDY-000406"", ""TV-PARTICIPANT-000406""]"
TV-STUDY-000425,Participant Reconsented,2023-02-26T03:12:00Z,data_query_v,TV-S-000425-11:V001,USR-125,"[""TV-STUDY-000425"", ""TV-LABORDER-000425""]"
TV-STUDY-000335,Visit Rescheduled,2023-02-26T04:00:00Z,drug_kit_v,TV-S-000335-05:V002,USR-125,"[""TV-STUDY-000335"", ""TV-INVESTIGATOR-000335""]"
TV-STUDY-000335,Visit Missed,2023-02-26T04:37:00Z,lab_test_v,TV-S-000335-08:V001,USR-001,"[""TV-STUDY-000335"", ""TV-PARTICIPANT-000335"", ""TV-ALIQUOT-000335""]"
TV-STUDY-000335,Participant Reconsented,2023-02-26T05:14:00Z,data_query_v,TV-S-000335-11:V002,USR-119,"[""TV-STUDY-000335"", ""TV-LABORDER-000335""]"
TV-STUDY-000427,Participant Reconsented,2023-02-26T09:14:00Z,data_query_v,TV-S-000427-11:V001,USR-032,"[""TV-STUDY-000427"", ""TV-LABORDER-000427""]"
TV-STUDY-000429,Participant Reconsented,2023-02-26T15:16:00Z,data_query_v,TV-S-000429-11:V001,USR-066,"[""TV-STUDY-000429"", ""TV-LABORDER-000429""]"
TV-STUDY-000340,Visit Rescheduled,2023-02-26T19:00:00Z,drug_kit_v,TV-S-000340-05:V002,USR-083,"[""TV-STUDY-000340"", ""TV-INVESTIGATOR-000340"", ""TV-DISPENSATION-000340""]"
TV-STUDY-000340,Visit Missed,2023-02-26T19:37:00Z,lab_test_v,TV-S-000340-08:V002,USR-086,"[""TV-STUDY-000340"", ""TV-PARTICIPANT-000340"", ""TV-ALIQUOT-000340""]"
TV-STUDY-000340,Participant Reconsented,2023-02-26T20:14:00Z,data_query_v,TV-S-000340-11:V001,USR-077,"[""TV-STUDY-000340"", ""TV-LABORDER-000340""]"
TV-STUDY-000431,Participant Reconsented,2023-02-26T21:18:00Z,data_query_v,TV-S-000431-11:V001,USR-100,"[""TV-STUDY-000431"", ""TV-LABORDER-000431""]"
TV-STUDY-000433,Participant Reconsented,2023-02-27T03:20:00Z,data_query_v,TV-S-000433-11:V001,USR-007,"[""TV-STUDY-000433"", ""TV-LABORDER-000433""]"
TV-STUDY-000423,Visit Rescheduled,2023-02-27T09:16:00Z,drug_kit_v,TV-S-000423-05:V003,USR-097,"[""TV-STUDY-000423"", ""TV-INVESTIGATOR-000423"", ""TV-DISPENSATION-000423""]"
TV-STUDY-000435,Participant Reconsented,2023-02-27T09:22:00Z,data_query_v,TV-S-000435-11:V001,USR-041,"[""TV-STUDY-000435"", ""TV-LABORDER-000435""]"
TV-STUDY-000345,Visit Rescheduled,2023-02-27T10:00:00Z,drug_kit_v,TV-S-000345-05:V002,USR-041,"[""TV-STUDY-000345"", ""TV-INVESTIGATOR-000345""]"
TV-STUDY-000345,Visit Missed,2023-02-27T10:37:00Z,lab_test_v,TV-S-000345-08:V001,USR-044,"[""TV-STUDY-000345"", ""TV-PARTICIPANT-000345"", ""TV-ALIQUOT-000345""]"
TV-STUDY-000345,Participant Reconsented,2023-02-27T11:14:00Z,data_query_v,TV-S-000345-11:V002,USR-035,"[""TV-STUDY-000345"", ""TV-LABORDER-000345""]"
TV-STUDY-000437,Participant Reconsented,2023-02-27T15:24:00Z,data_query_v,TV-S-000437-11:V001,USR-075,"[""TV-STUDY-000437"", ""TV-LABORDER-000437""]"
TV-STUDY-000439,Participant Reconsented,2023-02-27T21:26:00Z,data_query_v,TV-S-000439-11:V001,USR-109,"[""TV-STUDY-000439"", ""TV-LABORDER-000439""]"
TV-STUDY-000350,Visit Rescheduled,2023-02-28T01:00:00Z,drug_kit_v,TV-S-000350-05:V003,USR-126,"[""TV-STUDY-000350"", ""TV-INVESTIGATOR-000350""]"
TV-STUDY-000350,Visit Missed,2023-02-28T01:37:00Z,lab_test_v,TV-S-000350-08:V003,USR-002,"[""TV-STUDY-000350"", ""TV-PARTICIPANT-000350""]"
TV-STUDY-000350,Participant Reconsented,2023-02-28T02:14:00Z,data_query_v,TV-S-000350-11:V002,USR-120,"[""TV-STUDY-000350"", ""TV-LABORDER-000350""]"
TV-STUDY-000441,Participant Reconsented,2023-02-28T03:28:00Z,data_query_v,TV-S-000441-11:V001,USR-016,"[""TV-STUDY-000441"", ""TV-LABORDER-000441""]"
TV-STUDY-000443,Participant Reconsented,2023-02-28T09:30:00Z,data_query_v,TV-S-000443-11:V001,USR-050,"[""TV-STUDY-000443"", ""TV-LABORDER-000443"", ""TV-PROTOCOL-000443""]"
TV-STUDY-000445,Participant Reconsented,2023-02-28T15:32:00Z,data_query_v,TV-S-000445-11:V001,USR-084,"[""TV-STUDY-000445"", ""TV-LABORDER-000445""]"
TV-STUDY-000355,Visit Rescheduled,2023-02-28T16:00:00Z,drug_kit_v,TV-S-000355-05:V002,USR-084,"[""TV-STUDY-000355"", ""TV-INVESTIGATOR-000355""]"
TV-STUDY-000355,Visit Missed,2023-02-28T16:37:00Z,lab_test_v,TV-S-000355-08:V001,USR-087,"[""TV-STUDY-000355"", ""TV-PARTICIPANT-000355""]"
TV-STUDY-000355,Participant Reconsented,2023-02-28T17:14:00Z,data_query_v,TV-S-000355-11:V003,USR-078,"[""TV-STUDY-000355"", ""TV-LABORDER-000355""]"
TV-STUDY-000447,Participant Reconsented,2023-02-28T21:34:00Z,data_query_v,TV-S-000447-11:V001,USR-118,"[""TV-STUDY-000447"", ""TV-LABORDER-000447""]"
TV-STUDY-000449,Participant Reconsented,2023-03-01T03:36:00Z,data_query_v,TV-S-000449-11:V001,USR-025,"[""TV-STUDY-000449"", ""TV-LABORDER-000449"", ""TV-PROTOCOL-000449""]"
TV-STUDY-000360,Visit Rescheduled,2023-03-01T07:00:00Z,drug_kit_v,TV-S-000360-05:V002,USR-042,"[""TV-STUDY-000360"", ""TV-INVESTIGATOR-000360""]"
TV-STUDY-000360,Visit Missed,2023-03-01T07:37:00Z,lab_test_v,TV-S-000360-08:V003,USR-045,"[""TV-STUDY-000360"", ""TV-PARTICIPANT-000360"", ""TV-ALIQUOT-000360""]"
TV-STUDY-000360,Participant Reconsented,2023-03-01T08:14:00Z,data_query_v,TV-S-000360-11:V001,USR-036,"[""TV-STUDY-000360"", ""TV-LABORDER-000360""]"
TV-STUDY-000451,Participant Reconsented,2023-03-01T09:38:00Z,data_query_v,TV-S-000451-11:V001,USR-059,"[""TV-STUDY-000451"", ""TV-LABORDER-000451""]"
TV-STUDY-000453,Participant Reconsented,2023-03-01T15:40:00Z,data_query_v,TV-S-000453-11:V001,USR-093,"[""TV-STUDY-000453"", ""TV-LABORDER-000453""]"
TV-STUDY-000455,Participant Reconsented,2023-03-01T21:42:00Z,data_query_v,TV-S-000455-11:V001,USR-127,"[""TV-STUDY-000455"", ""TV-LABORDER-000455""]"
TV-STUDY-000365,Visit Rescheduled,2023-03-01T22:00:00Z,drug_kit_v,TV-S-000365-05:V002,USR-127,"[""TV-STUDY-000365"", ""TV-INVESTIGATOR-000365""]"
TV-STUDY-000365,Visit Missed,2023-03-01T22:37:00Z,lab_test_v,TV-S-000365-08:V001,USR-003,"[""TV-STUDY-000365"", ""TV-PARTICIPANT-000365""]"
TV-STUDY-000365,Participant Reconsented,2023-03-01T23:14:00Z,data_query_v,TV-S-000365-11:V003,USR-121,"[""TV-STUDY-000365"", ""TV-LABORDER-000365"", ""TV-PROTOCOL-000365""]"
TV-STUDY-000457,Participant Reconsented,2023-03-02T03:44:00Z,data_query_v,TV-S-000457-11:V001,USR-034,"[""TV-STUDY-000457"", ""TV-LABORDER-000457""]"
TV-STUDY-000446,Visit Rescheduled,2023-03-02T06:39:00Z,drug_kit_v,TV-S-000446-05:V002,USR-107,"[""TV-STUDY-000446"", ""TV-INVESTIGATOR-000446"", ""TV-DISPENSATION-000446""]"
TV-STUDY-000459,Participant Reconsented,2023-03-02T09:46:00Z,data_query_v,TV-S-000459-11:V001,USR-068,"[""TV-STUDY-000459"", ""TV-LABORDER-000459""]"
TV-STUDY-000370,Visit Rescheduled,2023-03-02T13:00:00Z,drug_kit_v,TV-S-000370-05:V002,USR-085,"[""TV-STUDY-000370"", ""TV-INVESTIGATOR-000370"", ""TV-DISPENSATION-000370""]"
TV-STUDY-000370,Visit Missed,2023-03-02T13:37:00Z,lab_test_v,TV-S-000370-08:V002,USR-088,"[""TV-STUDY-000370"", ""TV-PARTICIPANT-000370""]"
TV-STUDY-000370,Participant Reconsented,2023-03-02T14:14:00Z,data_query_v,TV-S-000370-11:V001,USR-079,"[""TV-STUDY-000370"", ""TV-LABORDER-000370"", ""TV-PROTOCOL-000370""]"
TV-STUDY-000443,Visit Missed,2023-03-02T15:39:00Z,lab_test_v,TV-S-000443-08:V001,USR-059,"[""TV-STUDY-000443"", ""TV-PARTICIPANT-000443"", ""TV-ALIQUOT-000443""]"
TV-STUDY-000461,Participant Reconsented,2023-03-02T15:48:00Z,data_query_v,TV-S-000461-11:V001,USR-102,"[""TV-STUDY-000461"", ""TV-LABORDER-000461""]"
TV-STUDY-000463,Participant Reconsented,2023-03-02T21:50:00Z,data_query_v,TV-S-000463-11:V001,USR-009,"[""TV-STUDY-000463"", ""TV-LABORDER-000463""]"
TV-STUDY-000465,Participant Reconsented,2023-03-03T03:52:00Z,data_query_v,TV-S-000465-11:V001,USR-043,"[""TV-STUDY-000465"", ""TV-LABORDER-000465""]"
TV-STUDY-000375,Visit Rescheduled,2023-03-03T04:00:00Z,drug_kit_v,TV-S-000375-05:V003,USR-043,"[""TV-STUDY-000375"", ""TV-INVESTIGATOR-000375""]"
TV-STUDY-000375,Visit Missed,2023-03-03T04:37:00Z,lab_test_v,TV-S-000375-08:V001,USR-046,"[""TV-STUDY-000375"", ""TV-PARTICIPANT-000375"", ""TV-ALIQUOT-000375""]"
TV-STUDY-000375,Participant Reconsented,2023-03-03T05:14:00Z,data_query_v,TV-S-000375-11:V003,USR-037,"[""TV-STUDY-000375"", ""TV-LABORDER-000375""]"
TV-STUDY-000467,Participant Reconsented,2023-03-03T09:01:00Z,data_query_v,TV-S-000467-11:V001,USR-077,"[""TV-STUDY-000467"", ""TV-LABORDER-000467""]"
TV-STUDY-000469,Participant Reconsented,2023-03-03T15:03:00Z,data_query_v,TV-S-000469-11:V001,USR-111,"[""TV-STUDY-000469"", ""TV-LABORDER-000469"", ""TV-PROTOCOL-000469""]"
TV-STUDY-000380,Visit Rescheduled,2023-03-03T19:00:00Z,drug_kit_v,TV-S-000380-05:V003,USR-001,"[""TV-STUDY-000380"", ""TV-INVESTIGATOR-000380""]"
TV-STUDY-000380,Visit Missed,2023-03-03T19:37:00Z,lab_test_v,TV-S-000380-08:V002,USR-004,"[""TV-STUDY-000380"", ""TV-PARTICIPANT-000380""]"
TV-STUDY-000380,Participant Reconsented,2023-03-03T20:14:00Z,data_query_v,TV-S-000380-11:V001,USR-122,"[""TV-STUDY-000380"", ""TV-LABORDER-000380""]"
TV-STUDY-000471,Participant Reconsented,2023-03-03T21:05:00Z,data_query_v,TV-S-000471-11:V001,USR-018,"[""TV-STUDY-000471"", ""TV-LABORDER-000471""]"
TV-STUDY-000473,Participant Reconsented,2023-03-04T03:07:00Z,data_query_v,TV-S-000473-11:V001,USR-052,"[""TV-STUDY-000473"", ""TV-LABORDER-000473""]"
TV-STUDY-000475,Participant Reconsented,2023-03-04T09:09:00Z,data_query_v,TV-S-000475-11:V001,USR-086,"[""TV-STUDY-000475"", ""TV-LABORDER-000475""]"
TV-STUDY-000385,Visit Rescheduled,2023-03-04T10:00:00Z,drug_kit_v,TV-S-000385-05:V003,USR-086,"[""TV-STUDY-000385"", ""TV-INVESTIGATOR-000385"", ""TV-DISPENSATION-000385""]"
TV-STUDY-000385,Visit Missed,2023-03-04T10:37:00Z,lab_test_v,TV-S-000385-08:V001,USR-089,"[""TV-STUDY-000385"", ""TV-PARTICIPANT-000385"", ""TV-ALIQUOT-000385""]"
TV-STUDY-000385,Participant Reconsented,2023-03-04T11:14:00Z,data_query_v,TV-S-000385-11:V002,USR-080,"[""TV-STUDY-000385"", ""TV-LABORDER-000385""]"
TV-STUDY-000477,Participant Reconsented,2023-03-04T15:11:00Z,data_query_v,TV-S-000477-11:V001,USR-120,"[""TV-STUDY-000477"", ""TV-LABORDER-000477""]"
TV-STUDY-000479,Participant Reconsented,2023-03-04T21:13:00Z,data_query_v,TV-S-000479-11:V001,USR-027,"[""TV-STUDY-000479"", ""TV-LABORDER-000479""]"
TV-STUDY-000390,Visit Rescheduled,2023-03-05T01:00:00Z,drug_kit_v,TV-S-000390-05:V003,USR-044,"[""TV-STUDY-000390"", ""TV-INVESTIGATOR-000390""]"
TV-STUDY-000390,Visit Missed,2023-03-05T01:37:00Z,lab_test_v,TV-S-000390-08:V005,USR-047,"[""TV-STUDY-000390"", ""TV-PARTICIPANT-000390""]"
TV-STUDY-000390,Participant Reconsented,2023-03-05T02:14:00Z,data_query_v,TV-S-000390-11:V002,USR-038,"[""TV-STUDY-000390"", ""TV-LABORDER-000390"", ""TV-PROTOCOL-000390""]"
TV-STUDY-000469,Visit Rescheduled,2023-03-05T03:09:00Z,drug_kit_v,TV-S-000469-05:V003,USR-117,"[""TV-STUDY-000469"", ""TV-INVESTIGATOR-000469""]"
TV-STUDY-000481,Participant Reconsented,2023-03-05T03:15:00Z,data_query_v,TV-S-000481-11:V001,USR-061,"[""TV-STUDY-000481"", ""TV-LABORDER-000481""]"
TV-STUDY-000483,Participant Reconsented,2023-03-05T09:17:00Z,data_query_v,TV-S-000483-11:V001,USR-095,"[""TV-STUDY-000483"", ""TV-LABORDER-000483"", ""TV-PROTOCOL-000483""]"
TV-STUDY-000485,Participant Reconsented,2023-03-05T15:19:00Z,data_query_v,TV-S-000485-11:V001,USR-002,"[""TV-STUDY-000485"", ""TV-LABORDER-000485""]"
TV-STUDY-000395,Visit Rescheduled,2023-03-05T16:00:00Z,drug_kit_v,TV-S-000395-05:V003,USR-002,"[""TV-STUDY-000395"", ""TV-INVESTIGATOR-000395""]"
TV-STUDY-000395,Visit Missed,2023-03-05T16:37:00Z,lab_test_v,TV-S-000395-08:V001,USR-005,"[""TV-STUDY-000395"", ""TV-PARTICIPANT-000395""]"
TV-STUDY-000395,Participant Reconsented,2023-03-05T17:14:00Z,data_query_v,TV-S-000395-11:V002,USR-123,"[""TV-STUDY-000395"", ""TV-LABORDER-000395"", ""TV-PROTOCOL-000395""]"
TV-STUDY-000487,Participant Reconsented,2023-03-05T21:21:00Z,data_query_v,TV-S-000487-11:V001,USR-036,"[""TV-STUDY-000487"", ""TV-LABORDER-000487""]"
TV-STUDY-000489,Participant Reconsented,2023-03-06T03:23:00Z,data_query_v,TV-S-000489-11:V001,USR-070,"[""TV-STUDY-000489"", ""TV-LABORDER-000489""]"
TV-STUDY-000400,Visit Rescheduled,2023-03-06T07:00:00Z,drug_kit_v,TV-S-000400-05:V005,USR-087,"[""TV-STUDY-000400"", ""TV-INVESTIGATOR-000400""]"
TV-STUDY-000400,Visit Missed,2023-03-06T07:37:00Z,lab_test_v,TV-S-000400-08:V002,USR-090,"[""TV-STUDY-000400"", ""TV-PARTICIPANT-000400"", ""TV-ALIQUOT-000400""]"
TV-STUDY-000400,Participant Reconsented,2023-03-06T08:14:00Z,data_query_v,TV-S-000400-11:V001,USR-081,"[""TV-STUDY-000400"", ""TV-LABORDER-000400""]"
TV-STUDY-000491,Participant Reconsented,2023-03-06T09:25:00Z,data_query_v,TV-S-000491-11:V001,USR-104,"[""TV-STUDY-000491"", ""TV-LABORDER-000491""]"
TV-STUDY-000493,Participant Reconsented,2023-03-06T15:27:00Z,data_query_v,TV-S-000493-11:V001,USR-011,"[""TV-STUDY-000493"", ""TV-LABORDER-000493""]"
TV-STUDY-000495,Participant Reconsented,2023-03-06T21:29:00Z,data_query_v,TV-S-000495-11:V001,USR-045,"[""TV-STUDY-000495"", ""TV-LABORDER-000495""]"
TV-STUDY-000405,Visit Rescheduled,2023-03-06T22:00:00Z,drug_kit_v,TV-S-000405-05:V002,USR-045,"[""TV-STUDY-000405"", ""TV-INVESTIGATOR-000405""]"
TV-STUDY-000405,Visit Missed,2023-03-06T22:37:00Z,lab_test_v,TV-S-000405-08:V001,USR-048,"[""TV-STUDY-000405"", ""TV-PARTICIPANT-000405""]"
TV-STUDY-000405,Participant Reconsented,2023-03-06T23:14:00Z,data_query_v,TV-S-000405-11:V002,USR-039,"[""TV-STUDY-000405"", ""TV-LABORDER-000405"", ""TV-PROTOCOL-000405""]"
TV-STUDY-000497,Participant Reconsented,2023-03-07T03:31:00Z,data_query_v,TV-S-000497-11:V001,USR-079,"[""TV-STUDY-000497"", ""TV-LABORDER-000497""]"
TV-STUDY-000480,Visit Missed,2023-03-07T06:23:00Z,lab_test_v,TV-S-000480-08:V002,USR-053,"[""TV-STUDY-000480"", ""TV-PARTICIPANT-000480""]"
TV-STUDY-000499,Participant Reconsented,2023-03-07T09:33:00Z,data_query_v,TV-S-000499-11:V001,USR-113,"[""TV-STUDY-000499"", ""TV-LABORDER-000499""]"
TV-STUDY-000410,Visit Rescheduled,2023-03-07T13:00:00Z,drug_kit_v,TV-S-000410-05:V002,USR-003,"[""TV-STUDY-000410"", ""TV-INVESTIGATOR-000410""]"
TV-STUDY-000410,Visit Missed,2023-03-07T13:37:00Z,lab_test_v,TV-S-000410-08:V002,USR-006,"[""TV-STUDY-000410"", ""TV-PARTICIPANT-000410"", ""TV-ALIQUOT-000410""]"
TV-STUDY-000410,Participant Reconsented,2023-03-07T14:14:00Z,data_query_v,TV-S-000410-11:V001,USR-124,"[""TV-STUDY-000410"", ""TV-LABORDER-000410""]"
TV-STUDY-000501,Participant Reconsented,2023-03-07T15:35:00Z,data_query_v,TV-S-000501-11:V001,USR-020,"[""TV-STUDY-000501"", ""TV-LABORDER-000001""]"
TV-STUDY-000503,Participant Reconsented,2023-03-07T21:37:00Z,data_query_v,TV-S-000503-11:V001,USR-054,"[""TV-STUDY-000503"", ""TV-LABORDER-000003"", ""TV-PROTOCOL-000503""]"
TV-STUDY-000492,Visit Rescheduled,2023-03-08T00:32:00Z,drug_kit_v,TV-S-000492-05:V003,USR-127,"[""TV-STUDY-000492"", ""TV-INVESTIGATOR-000492"", ""TV-DISPENSATION-000492""]"
TV-STUDY-000505,Participant Reconsented,2023-03-08T03:39:00Z,data_query_v,TV-S-000505-11:V001,USR-088,"[""TV-STUDY-000505"", ""TV-LABORDER-000005""]"
TV-STUDY-000415,Visit Rescheduled,2023-03-08T04:00:00Z,drug_kit_v,TV-S-000415-05:V003,USR-088,"[""TV-STUDY-000415"", ""TV-INVESTIGATOR-000415"", ""TV-DISPENSATION-000415""]"
TV-STUDY-000415,Visit Missed,2023-03-08T04:37:00Z,lab_test_v,TV-S-000415-08:V001,USR-091,"[""TV-STUDY-000415"", ""TV-PARTICIPANT-000415""]"
TV-STUDY-000415,Participant Reconsented,2023-03-08T05:14:00Z,data_query_v,TV-S-000415-11:V002,USR-082,"[""TV-STUDY-000415"", ""TV-LABORDER-000415"", ""TV-PROTOCOL-000415""]"
TV-STUDY-000507,Participant Reconsented,2023-03-08T09:41:00Z,data_query_v,TV-S-000507-11:V001,USR-122,"[""TV-STUDY-000507"", ""TV-LABORDER-000007"", ""TV-PROTOCOL-000507""]"
TV-STUDY-000509,Participant Reconsented,2023-03-08T15:43:00Z,data_query_v,TV-S-000509-11:V001,USR-029,"[""TV-STUDY-000509"", ""TV-LABORDER-000009""]"
TV-STUDY-000420,Visit Rescheduled,2023-03-08T19:00:00Z,drug_kit_v,TV-S-000420-05:V002,USR-046,"[""TV-STUDY-000420"", ""TV-INVESTIGATOR-000420"", ""TV-DISPENSATION-000420""]"
TV-STUDY-000420,Visit Missed,2023-03-08T19:37:00Z,lab_test_v,TV-S-000420-08:V002,USR-049,"[""TV-STUDY-000420"", ""TV-PARTICIPANT-000420"", ""TV-ALIQUOT-000420""]"
TV-STUDY-000420,Participant Reconsented,2023-03-08T20:14:00Z,data_query_v,TV-S-000420-11:V001,USR-040,"[""TV-STUDY-000420"", ""TV-LABORDER-000420""]"
TV-STUDY-000511,Participant Reconsented,2023-03-08T21:45:00Z,data_query_v,TV-S-000511-11:V001,USR-063,"[""TV-STUDY-000511"", ""TV-LABORDER-000011""]"
TV-STUDY-000513,Participant Reconsented,2023-03-09T03:47:00Z,data_query_v,TV-S-000513-11:V001,USR-097,"[""TV-STUDY-000513"", ""TV-LABORDER-000013""]"
TV-STUDY-000515,Participant Reconsented,2023-03-09T09:49:00Z,data_query_v,TV-S-000515-11:V001,USR-004,"[""TV-STUDY-000515"", ""TV-LABORDER-000015"", ""TV-PROTOCOL-000515""]"
TV-STUDY-000425,Visit Rescheduled,2023-03-09T10:00:00Z,drug_kit_v,TV-S-000425-05:V002,USR-004,"[""TV-STUDY-000425"", ""TV-INVESTIGATOR-000425"", ""TV-DISPENSATION-000425""]"
TV-STUDY-000425,Visit Missed,2023-03-09T10:37:00Z,lab_test_v,TV-S-000425-08:V001,USR-007,"[""TV-STUDY-000425"", ""TV-PARTICIPANT-000425"", ""TV-ALIQUOT-000425""]"
TV-STUDY-000425,Participant Reconsented,2023-03-09T11:14:00Z,data_query_v,TV-S-000425-11:V003,USR-125,"[""TV-STUDY-000425"", ""TV-LABORDER-000425""]"
TV-STUDY-000517,Participant Reconsented,2023-03-09T15:51:00Z,data_query_v,TV-S-000517-11:V001,USR-038,"[""TV-STUDY-000517"", ""TV-LABORDER-000017"", ""TV-PROTOCOL-000517""]"
TV-STUDY-000519,Participant Reconsented,2023-03-09T21:00:00Z,data_query_v,TV-S-000519-11:V001,USR-072,"[""TV-STUDY-000519"", ""TV-LABORDER-000019"", ""TV-PROTOCOL-000519""]"
TV-STUDY-000430,Visit Rescheduled,2023-03-10T01:00:00Z,drug_kit_v,TV-S-000430-05:V002,USR-089,"[""TV-STUDY-000430"", ""TV-INVESTIGATOR-000430""]"
TV-STUDY-000430,Visit Missed,2023-03-10T01:37:00Z,lab_test_v,TV-S-000430-08:V003,USR-092,"[""TV-STUDY-000430"", ""TV-PARTICIPANT-000430""]"
TV-STUDY-000430,Participant Reconsented,2023-03-10T02:14:00Z,data_query_v,TV-S-000430-11:V001,USR-083,"[""TV-STUDY-000430"", ""TV-LABORDER-000430"", ""TV-PROTOCOL-000430""]"
TV-STUDY-000521,Participant Reconsented,2023-03-10T03:02:00Z,data_query_v,TV-S-000521-11:V001,USR-106,"[""TV-STUDY-000521"", ""TV-LABORDER-000021"", ""TV-PROTOCOL-000521""]"
TV-STUDY-000523,Participant Reconsented,2023-03-10T09:04:00Z,data_query_v,TV-S-000523-11:V001,USR-013,"[""TV-STUDY-000523"", ""TV-LABORDER-000023""]"
TV-STUDY-000525,Participant Reconsented,2023-03-10T15:06:00Z,data_query_v,TV-S-000525-11:V001,USR-047,"[""TV-STUDY-000525"", ""TV-LABORDER-000025"", ""TV-PROTOCOL-000525""]"
TV-STUDY-000435,Visit Rescheduled,2023-03-10T16:00:00Z,drug_kit_v,TV-S-000435-05:V002,USR-047,"[""TV-STUDY-000435"", ""TV-INVESTIGATOR-000435"", ""TV-DISPENSATION-000435""]"
TV-STUDY-000435,Visit Missed,2023-03-10T16:37:00Z,lab_test_v,TV-S-000435-08:V001,USR-050,"[""TV-STUDY-000435"", ""TV-PARTICIPANT-000435"", ""TV-ALIQUOT-000435""]"
TV-STUDY-000435,Participant Reconsented,2023-03-10T17:14:00Z,data_query_v,TV-S-000435-11:V002,USR-041,"[""TV-STUDY-000435"", ""TV-LABORDER-000435""]"
TV-STUDY-000515,Visit Rescheduled,2023-03-10T21:02:00Z,drug_kit_v,TV-S-000515-05:V003,USR-010,"[""TV-STUDY-000515"", ""TV-INVESTIGATOR-000015""]"
TV-STUDY-000527,Participant Reconsented,2023-03-10T21:08:00Z,data_query_v,TV-S-000527-11:V001,USR-081,"[""TV-STUDY-000527"", ""TV-LABORDER-000027"", ""TV-PROTOCOL-000527""]"
TV-STUDY-000529,Participant Reconsented,2023-03-11T03:10:00Z,data_query_v,TV-S-000529-11:V001,USR-115,"[""TV-STUDY-000529"", ""TV-LABORDER-000029""]"
TV-STUDY-000440,Visit Rescheduled,2023-03-11T07:00:00Z,drug_kit_v,TV-S-000440-05:V002,USR-005,"[""TV-STUDY-000440"", ""TV-INVESTIGATOR-000440""]"
TV-STUDY-000440,Visit Missed,2023-03-11T07:37:00Z,lab_test_v,TV-S-000440-08:V003,USR-008,"[""TV-STUDY-000440"", ""TV-PARTICIPANT-000440""]"
TV-STUDY-000440,Participant Reconsented,2023-03-11T08:14:00Z,data_query_v,TV-S-000440-11:V001,USR-126,"[""TV-STUDY-000440"", ""TV-LABORDER-000440""]"
TV-STUDY-000531,Participant Reconsented,2023-03-11T09:12:00Z,data_query_v,TV-S-000531-11:V001,USR-022,"[""TV-STUDY-000531"", ""TV-LABORDER-000031"", ""TV-PROTOCOL-000531""]"
TV-STUDY-000533,Participant Reconsented,2023-03-11T15:14:00Z,data_query_v,TV-S-000533-11:V001,USR-056,"[""TV-STUDY-000533"", ""TV-LABORDER-000033""]"
TV-STUDY-000517,Visit Missed,2023-03-11T21:07:00Z,lab_test_v,TV-S-000517-08:V001,USR-047,"[""TV-STUDY-000517"", ""TV-PARTICIPANT-000517"", ""TV-ALIQUOT-000017""]"
TV-STUDY-000535,Participant Reconsented,2023-03-11T21:16:00Z,data_query_v,TV-S-000535-11:V001,USR-090,"[""TV-STUDY-000535"", ""TV-LABORDER-000035""]"
TV-STUDY-000445,Visit Rescheduled,2023-03-11T22:00:00Z,drug_kit_v,TV-S-000445-05:V002,USR-090,"[""TV-STUDY-000445"", ""TV-INVESTIGATOR-000445""]"
TV-STUDY-000445,Visit Missed,2023-03-11T22:37:00Z,lab_test_v,TV-S-000445-08:V001,USR-093,"[""TV-STUDY-000445"", ""TV-PARTICIPANT-000445"", ""TV-ALIQUOT-000445""]"
TV-STUDY-000445,Participant Reconsented,2023-03-11T23:14:00Z,data_query_v,TV-S-000445-11:V003,USR-084,"[""TV-STUDY-000445"", ""TV-LABORDER-000445""]"
TV-STUDY-000537,Participant Reconsented,2023-03-12T03:18:00Z,data_query_v,TV-S-000537-11:V001,USR-124,"[""TV-STUDY-000537"", ""TV-LABORDER-000037"", ""TV-PROTOCOL-000537""]"
TV-STUDY-000539,Participant Reconsented,2023-03-12T09:20:00Z,data_query_v,TV-S-000539-11:V001,USR-031,"[""TV-STUDY-000539"", ""TV-LABORDER-000039""]"
TV-STUDY-000450,Visit Rescheduled,2023-03-12T13:00:00Z,drug_kit_v,TV-S-000450-05:V002,USR-048,"[""TV-STUDY-000450"", ""TV-INVESTIGATOR-000450""]"
TV-STUDY-000450,Visit Missed,2023-03-12T13:37:00Z,lab_test_v,TV-S-000450-08:V002,USR-051,"[""TV-STUDY-000450"", ""TV-PARTICIPANT-000450""]"
TV-STUDY-000450,Participant Reconsented,2023-03-12T14:14:00Z,data_query_v,TV-S-000450-11:V001,USR-042,"[""TV-STUDY-000450"", ""TV-LABORDER-000450"", ""TV-PROTOCOL-000450""]"
TV-STUDY-000541,Participant Reconsented,2023-03-12T15:22:00Z,data_query_v,TV-S-000541-11:V001,USR-065,"[""TV-STUDY-000541"", ""TV-LABORDER-000041""]"
TV-STUDY-000543,Participant Reconsented,2023-03-12T21:24:00Z,data_query_v,TV-S-000543-11:V001,USR-099,"[""TV-STUDY-000543"", ""TV-LABORDER-000043"", ""TV-PROTOCOL-000543""]"
TV-STUDY-000545,Participant Reconsented,2023-03-13T03:26:00Z,data_query_v,TV-S-000545-11:V001,USR-006,"[""TV-STUDY-000545"", ""TV-LABORDER-000045""]"
TV-STUDY-000455,Visit Rescheduled,2023-03-13T04:00:00Z,drug_kit_v,TV-S-000455-05:V003,USR-006,"[""TV-STUDY-000455"", ""TV-INVESTIGATOR-000455""]"
TV-STUDY-000455,Visit Missed,2023-03-13T04:37:00Z,lab_test_v,TV-S-000455-08:V002,USR-009,"[""TV-STUDY-000455"", ""TV-PARTICIPANT-000455""]"
TV-STUDY-000455,Participant Reconsented,2023-03-13T05:14:00Z,data_query_v,TV-S-000455-11:V004,USR-127,"[""TV-STUDY-000455"", ""TV-LABORDER-000455"", ""TV-PROTOCOL-000455""]"
TV-STUDY-000547,Participant Reconsented,2023-03-13T09:28:00Z,data_query_v,TV-S-000547-11:V001,USR-040,"[""TV-STUDY-000547"", ""TV-LABORDER-000047"", ""TV-PROTOCOL-000547""]"
TV-STUDY-000549,Participant Reconsented,2023-03-13T15:30:00Z,data_query_v,TV-S-000549-11:V001,USR-074,"[""TV-STUDY-000549"", ""TV-LABORDER-000049""]"
TV-STUDY-000538,Visit Rescheduled,2023-03-13T18:25:00Z,drug_kit_v,TV-S-000538-05:V002,USR-020,"[""TV-STUDY-000538"", ""TV-INVESTIGATOR-000038""]"
TV-STUDY-000460,Visit Rescheduled,2023-03-13T19:00:00Z,drug_kit_v,TV-S-000460-05:V002,USR-091,"[""TV-STUDY-000460"", ""TV-INVESTIGATOR-000460""]"
TV-STUDY-000460,Visit Missed,2023-03-13T19:37:00Z,lab_test_v,TV-S-000460-08:V003,USR-094,"[""TV-STUDY-000460"", ""TV-PARTICIPANT-000460""]"
TV-STUDY-000460,Participant Reconsented,2023-03-13T20:14:00Z,data_query_v,TV-S-000460-11:V001,USR-085,"[""TV-STUDY-000460"", ""TV-LABORDER-000460"", ""TV-PROTOCOL-000460""]"
TV-STUDY-000551,Participant Reconsented,2023-03-13T21:32:00Z,data_query_v,TV-S-000551-11:V001,USR-108,"[""TV-STUDY-000551"", ""TV-LABORDER-000051"", ""TV-PROTOCOL-000551""]"
TV-STUDY-000553,Participant Reconsented,2023-03-14T03:34:00Z,data_query_v,TV-S-000553-11:V001,USR-015,"[""TV-STUDY-000553"", ""TV-LABORDER-000053""]"
TV-STUDY-000555,Participant Reconsented,2023-03-14T09:36:00Z,data_query_v,TV-S-000555-11:V001,USR-049,"[""TV-STUDY-000555"", ""TV-LABORDER-000055"", ""TV-PROTOCOL-000555""]"
TV-STUDY-000465,Visit Rescheduled,2023-03-14T10:00:00Z,drug_kit_v,TV-S-000465-05:V002,USR-049,"[""TV-STUDY-000465"", ""TV-INVESTIGATOR-000465"", ""TV-DISPENSATION-000465""]"
TV-STUDY-000465,Visit Missed,2023-03-14T10:37:00Z,lab_test_v,TV-S-000465-08:V001,USR-052,"[""TV-STUDY-000465"", ""TV-PARTICIPANT-000465""]"
TV-STUDY-000465,Participant Reconsented,2023-03-14T11:14:00Z,data_query_v,TV-S-000465-11:V003,USR-043,"[""TV-STUDY-000465"", ""TV-LABORDER-000465"", ""TV-PROTOCOL-000465""]"
TV-STUDY-000557,Participant Reconsented,2023-03-14T15:38:00Z,data_query_v,TV-S-000557-11:V001,USR-083,"[""TV-STUDY-000557"", ""TV-LABORDER-000057"", ""TV-PROTOCOL-000557""]"
TV-STUDY-000559,Participant Reconsented,2023-03-14T21:40:00Z,data_query_v,TV-S-000559-11:V001,USR-117,"[""TV-STUDY-000559"", ""TV-LABORDER-000059""]"
TV-STUDY-000470,Visit Rescheduled,2023-03-15T01:00:00Z,drug_kit_v,TV-S-000470-05:V002,USR-007,"[""TV-STUDY-000470"", ""TV-INVESTIGATOR-000470""]"
TV-STUDY-000470,Visit Missed,2023-03-15T01:37:00Z,lab_test_v,TV-S-000470-08:V002,USR-010,"[""TV-STUDY-000470"", ""TV-PARTICIPANT-000470""]"
TV-STUDY-000470,Participant Reconsented,2023-03-15T02:14:00Z,data_query_v,TV-S-000470-11:V001,USR-001,"[""TV-STUDY-000470"", ""TV-LABORDER-000470""]"
TV-STUDY-000561,Participant Reconsented,2023-03-15T03:42:00Z,data_query_v,TV-S-000561-11:V001,USR-024,"[""TV-STUDY-000561"", ""TV-LABORDER-000061"", ""TV-PROTOCOL-000561""]"
TV-STUDY-000563,Participant Reconsented,2023-03-15T09:44:00Z,data_query_v,TV-S-000563-11:V001,USR-058,"[""TV-STUDY-000563"", ""TV-LABORDER-000063"", ""TV-PROTOCOL-000563""]"
TV-STUDY-000565,Participant Reconsented,2023-03-15T15:46:00Z,data_query_v,TV-S-000565-11:V001,USR-092,"[""TV-STUDY-000565"", ""TV-LABORDER-000065""]"
TV-STUDY-000475,Visit Rescheduled,2023-03-15T16:00:00Z,drug_kit_v,TV-S-000475-05:V003,USR-092,"[""TV-STUDY-000475"", ""TV-INVESTIGATOR-000475""]"
TV-STUDY-000475,Visit Missed,2023-03-15T16:37:00Z,lab_test_v,TV-S-000475-08:V001,USR-095,"[""TV-STUDY-000475"", ""TV-PARTICIPANT-000475"", ""TV-ALIQUOT-000475""]"
TV-STUDY-000475,Participant Reconsented,2023-03-15T17:14:00Z,data_query_v,TV-S-000475-11:V002,USR-086,"[""TV-STUDY-000475"", ""TV-LABORDER-000475""]"
TV-STUDY-000567,Participant Reconsented,2023-03-15T21:48:00Z,data_query_v,TV-S-000567-11:V001,USR-126,"[""TV-STUDY-000567"", ""TV-LABORDER-000067"", ""TV-PROTOCOL-000567""]"
TV-STUDY-000569,Participant Reconsented,2023-03-16T03:50:00Z,data_query_v,TV-S-000569-11:V001,USR-033,"[""TV-STUDY-000569"", ""TV-LABORDER-000069"", ""TV-PROTOCOL-000569""]"
TV-STUDY-000480,Visit Rescheduled,2023-03-16T07:00:00Z,drug_kit_v,TV-S-000480-05:V002,USR-050,"[""TV-STUDY-000480"", ""TV-INVESTIGATOR-000480""]"
TV-STUDY-000480,Visit Missed,2023-03-16T07:37:00Z,lab_test_v,TV-S-000480-08:V003,USR-053,"[""TV-STUDY-000480"", ""TV-PARTICIPANT-000480""]"
TV-STUDY-000480,Participant Reconsented,2023-03-16T08:14:00Z,data_query_v,TV-S-000480-11:V001,USR-044,"[""TV-STUDY-000480"", ""TV-LABORDER-000480"", ""TV-PROTOCOL-000480""]"
TV-STUDY-000571,Participant Reconsented,2023-03-16T09:52:00Z,data_query_v,TV-S-000571-11:V001,USR-067,"[""TV-STUDY-000571"", ""TV-LABORDER-000071"", ""TV-PROTOCOL-000571""]"
TV-STUDY-000554,Visit Missed,2023-03-16T12:44:00Z,lab_test_v,TV-S-000554-08:V002,USR-041,"[""TV-STUDY-000554"", ""TV-PARTICIPANT-000554""]"
TV-STUDY-000573,Participant Reconsented,2023-03-16T15:01:00Z,data_query_v,TV-S-000573-11:V001,USR-101,"[""TV-STUDY-000573"", ""TV-LABORDER-000073""]"
TV-STUDY-000561,Visit Rescheduled,2023-03-16T15:48:00Z,drug_kit_v,TV-S-000561-05:V002,USR-030,"[""TV-STUDY-000561"", ""TV-INVESTIGATOR-000061""]"
TV-STUDY-000575,Participant Reconsented,2023-03-16T21:03:00Z,data_query_v,TV-S-000575-11:V001,USR-008,"[""TV-STUDY-000575"", ""TV-LABORDER-000075""]"
TV-STUDY-000485,Visit Rescheduled,2023-03-16T22:00:00Z,drug_kit_v,TV-S-000485-05:V003,USR-008,"[""TV-STUDY-000485"", ""TV-INVESTIGATOR-000485""]"
TV-STUDY-000485,Visit Missed,2023-03-16T22:37:00Z,lab_test_v,TV-S-000485-08:V001,USR-011,"[""TV-STUDY-000485"", ""TV-PARTICIPANT-000485"", ""TV-ALIQUOT-000485""]"
TV-STUDY-000485,Participant Reconsented,2023-03-16T23:14:00Z,data_query_v,TV-S-000485-11:V002,USR-002,"[""TV-STUDY-000485"", ""TV-LABORDER-000485""]"
TV-STUDY-000577,Participant Reconsented,2023-03-17T03:05:00Z,data_query_v,TV-S-000577-11:V001,USR-042,"[""TV-STUDY-000577"", ""TV-LABORDER-000077"", ""TV-PROTOCOL-000577""]"
TV-STUDY-000579,Participant Reconsented,2023-03-17T09:07:00Z,data_query_v,TV-S-000579-11:V001,USR-076,"[""TV-STUDY-000579"", ""TV-LABORDER-000079""]"
TV-STUDY-000490,Visit Rescheduled,2023-03-17T13:00:00Z,drug_kit_v,TV-S-000490-05:V002,USR-093,"[""TV-STUDY-000490"", ""TV-INVESTIGATOR-000490""]"
TV-STUDY-000490,Visit Missed,2023-03-17T13:37:00Z,lab_test_v,TV-S-000490-08:V002,USR-096,"[""TV-STUDY-000490"", ""TV-PARTICIPANT-000490"", ""TV-ALIQUOT-000490""]"
TV-STUDY-000490,Participant Reconsented,2023-03-17T14:14:00Z,data_query_v,TV-S-000490-11:V001,USR-087,"[""TV-STUDY-000490"", ""TV-LABORDER-000490""]"
TV-STUDY-000581,Participant Reconsented,2023-03-17T15:09:00Z,data_query_v,TV-S-000581-11:V001,USR-110,"[""TV-STUDY-000581"", ""TV-LABORDER-000081""]"
TV-STUDY-000583,Participant Reconsented,2023-03-17T21:11:00Z,data_query_v,TV-S-000583-11:V001,USR-017,"[""TV-STUDY-000583"", ""TV-LABORDER-000083""]"
TV-STUDY-000585,Participant Reconsented,2023-03-18T03:13:00Z,data_query_v,TV-S-000585-11:V001,USR-051,"[""TV-STUDY-000585"", ""TV-LABORDER-000085"", ""TV-PROTOCOL-000585""]"
TV-STUDY-000495,Visit Rescheduled,2023-03-18T04:00:00Z,drug_kit_v,TV-S-000495-05:V002,USR-051,"[""TV-STUDY-000495"", ""TV-INVESTIGATOR-000495""]"
TV-STUDY-000495,Visit Missed,2023-03-18T04:37:00Z,lab_test_v,TV-S-000495-08:V001,USR-054,"[""TV-STUDY-000495"", ""TV-PARTICIPANT-000495""]"
TV-STUDY-000495,Participant Reconsented,2023-03-18T05:14:00Z,data_query_v,TV-S-000495-11:V002,USR-045,"[""TV-STUDY-000495"", ""TV-LABORDER-000495""]"
TV-STUDY-000587,Participant Reconsented,2023-03-18T09:15:00Z,data_query_v,TV-S-000587-11:V001,USR-085,"[""TV-STUDY-000587"", ""TV-LABORDER-000087"", ""TV-PROTOCOL-000587""]"
TV-STUDY-000589,Participant Reconsented,2023-03-18T15:17:00Z,data_query_v,TV-S-000589-11:V001,USR-119,"[""TV-STUDY-000589"", ""TV-LABORDER-000089""]"
TV-STUDY-000500,Visit Rescheduled,2023-03-18T19:00:00Z,drug_kit_v,TV-S-000500-05:V002,USR-009,"[""TV-STUDY-000500"", ""TV-INVESTIGATOR-000500""]"
TV-STUDY-000500,Visit Missed,2023-03-18T19:37:00Z,lab_test_v,TV-S-000500-08:V003,USR-012,"[""TV-STUDY-000500"", ""TV-PARTICIPANT-000500""]"
TV-STUDY-000500,Participant Reconsented,2023-03-18T20:14:00Z,data_query_v,TV-S-000500-11:V001,USR-003,"[""TV-STUDY-000500"", ""TV-LABORDER-000500""]"
TV-STUDY-000591,Participant Reconsented,2023-03-18T21:19:00Z,data_query_v,TV-S-000591-11:V001,USR-026,"[""TV-STUDY-000591"", ""TV-LABORDER-000091"", ""TV-PROTOCOL-000591""]"
TV-STUDY-000593,Participant Reconsented,2023-03-19T03:21:00Z,data_query_v,TV-S-000593-11:V001,USR-060,"[""TV-STUDY-000593"", ""TV-LABORDER-000093""]"
TV-STUDY-000595,Participant Reconsented,2023-03-19T09:23:00Z,data_query_v,TV-S-000595-11:V001,USR-094,"[""TV-STUDY-000595"", ""TV-LABORDER-000095""]"
TV-STUDY-000505,Visit Rescheduled,2023-03-19T10:00:00Z,drug_kit_v,TV-S-000505-05:V002,USR-094,"[""TV-STUDY-000505"", ""TV-INVESTIGATOR-000005""]"
TV-STUDY-000505,Visit Missed,2023-03-19T10:37:00Z,lab_test_v,TV-S-000505-08:V001,USR-097,"[""TV-STUDY-000505"", ""TV-PARTICIPANT-000505""]"
TV-STUDY-000505,Participant Reconsented,2023-03-19T11:14:00Z,data_query_v,TV-S-000505-11:V002,USR-088,"[""TV-STUDY-000505"", ""TV-LABORDER-000005""]"
TV-STUDY-000584,Visit Rescheduled,2023-03-19T12:18:00Z,drug_kit_v,TV-S-000584-05:V002,USR-040,"[""TV-STUDY-000584"", ""TV-INVESTIGATOR-000084"", ""TV-DISPENSATION-000084""]"
TV-STUDY-000597,Participant Reconsented,2023-03-19T15:25:00Z,data_query_v,TV-S-000597-11:V001,USR-001,"[""TV-STUDY-000597"", ""TV-LABORDER-000097""]"
TV-STUDY-000599,Participant Reconsented,2023-03-19T21:27:00Z,data_query_v,TV-S-000599-11:V001,USR-035,"[""TV-STUDY-000599"", ""TV-LABORDER-000099"", ""TV-PROTOCOL-000599""]"
TV-STUDY-000510,Visit Rescheduled,2023-03-20T01:00:00Z,drug_kit_v,TV-S-000510-05:V003,USR-052,"[""TV-STUDY-000510"", ""TV-INVESTIGATOR-000010""]"
TV-STUDY-000510,Visit Missed,2023-03-20T01:37:00Z,lab_test_v,TV-S-000510-08:V003,USR-055,"[""TV-STUDY-000510"", ""TV-PARTICIPANT-000510""]"
TV-STUDY-000510,Participant Reconsented,2023-03-20T02:14:00Z,data_query_v,TV-S-000510-11:V001,USR-046,"[""TV-STUDY-000510"", ""TV-LABORDER-000010"", ""TV-PROTOCOL-000510""]"
TV-STUDY-000601,Participant Reconsented,2023-03-20T03:29:00Z,data_query_v,TV-S-000601-11:V001,USR-069,"[""TV-STUDY-000601"", ""TV-LABORDER-000101"", ""TV-PROTOCOL-000601""]"
TV-STUDY-000603,Participant Reconsented,2023-03-20T09:31:00Z,data_query_v,TV-S-000603-11:V001,USR-103,"[""TV-STUDY-000603"", ""TV-LABORDER-000103""]"
TV-STUDY-000605,Participant Reconsented,2023-03-20T15:33:00Z,data_query_v,TV-S-000605-11:V001,USR-010,"[""TV-STUDY-000605"", ""TV-LABORDER-000105""]"
TV-STUDY-000515,Visit Rescheduled,2023-03-20T16:00:00Z,drug_kit_v,TV-S-000515-05:V004,USR-010,"[""TV-STUDY-000515"", ""TV-INVESTIGATOR-000015""]"
TV-STUDY-000515,Visit Missed,2023-03-20T16:37:00Z,lab_test_v,TV-S-000515-08:V001,USR-013,"[""TV-STUDY-000515"", ""TV-PARTICIPANT-000515""]"
TV-STUDY-000515,Participant Reconsented,2023-03-20T17:14:00Z,data_query_v,TV-S-000515-11:V002,USR-004,"[""TV-STUDY-000515"", ""TV-LABORDER-000015"", ""TV-PROTOCOL-000515""]"
TV-STUDY-000607,Participant Reconsented,2023-03-20T21:35:00Z,data_query_v,TV-S-000607-11:V001,USR-044,"[""TV-STUDY-000607"", ""TV-LABORDER-000107""]"
TV-STUDY-000591,Visit Missed,2023-03-21T03:28:00Z,lab_test_v,TV-S-000591-08:V001,USR-035,"[""TV-STUDY-000591"", ""TV-PARTICIPANT-000591"", ""TV-ALIQUOT-000091""]"
TV-STUDY-000609,Participant Reconsented,2023-03-21T03:37:00Z,data_query_v,TV-S-000609-11:V001,USR-078,"[""TV-STUDY-000609"", ""TV-LABORDER-000109"", ""TV-PROTOCOL-000609""]"
TV-STUDY-000520,Visit Rescheduled,2023-03-21T07:00:00Z,drug_kit_v,TV-S-000520-05:V005,USR-095,"[""TV-STUDY-000520"", ""TV-INVESTIGATOR-000020"", ""TV-DISPENSATION-000020""]"
TV-STUDY-000520,Visit Missed,2023-03-21T07:37:00Z,lab_test_v,TV-S-000520-08:V004,USR-098,"[""TV-STUDY-000520"", ""TV-PARTICIPANT-000520"", ""TV-ALIQUOT-000020""]"
TV-STUDY-000520,Participant Reconsented,2023-03-21T08:14:00Z,data_query_v,TV-S-000520-11:V002,USR-089,"[""TV-STUDY-000520"", ""TV-LABORDER-000020""]"
TV-STUDY-000611,Participant Reconsented,2023-03-21T09:39:00Z,data_query_v,TV-S-000611-11:V001,USR-112,"[""TV-STUDY-000611"", ""TV-LABORDER-000111"", ""TV-PROTOCOL-000611""]"
TV-STUDY-000613,Participant Reconsented,2023-03-21T15:41:00Z,data_query_v,TV-S-000613-11:V001,USR-019,"[""TV-STUDY-000613"", ""TV-LABORDER-000113""]"
TV-STUDY-000615,Participant Reconsented,2023-03-21T21:43:00Z,data_query_v,TV-S-000615-11:V001,USR-053,"[""TV-STUDY-000615"", ""TV-LABORDER-000115""]"
TV-STUDY-000525,Visit Rescheduled,2023-03-21T22:00:00Z,drug_kit_v,TV-S-000525-05:V002,USR-053,"[""TV-STUDY-000525"", ""TV-INVESTIGATOR-000025""]"
TV-STUDY-000525,Visit Missed,2023-03-21T22:37:00Z,lab_test_v,TV-S-000525-08:V001,USR-056,"[""TV-STUDY-000525"", ""TV-PARTICIPANT-000525"", ""TV-ALIQUOT-000025""]"
TV-STUDY-000525,Participant Reconsented,2023-03-21T23:14:00Z,data_query_v,TV-S-000525-11:V003,USR-047,"[""TV-STUDY-000525"", ""TV-LABORDER-000025""]"
TV-STUDY-000617,Participant Reconsented,2023-03-22T03:45:00Z,data_query_v,TV-S-000617-11:V001,USR-087,"[""TV-STUDY-000617"", ""TV-LABORDER-000117"", ""TV-PROTOCOL-000617""]"
TV-STUDY-000607,Visit Rescheduled,2023-03-22T09:41:00Z,drug_kit_v,TV-S-000607-05:V002,USR-050,"[""TV-STUDY-000607"", ""TV-INVESTIGATOR-000107"", ""TV-DISPENSATION-000107""]"
TV-STUDY-000619,Participant Reconsented,2023-03-22T09:47:00Z,data_query_v,TV-S-000619-11:V001,USR-121,"[""TV-STUDY-000619"", ""TV-LABORDER-000119"", ""TV-PROTOCOL-000619""]"
TV-STUDY-000530,Visit Rescheduled,2023-03-22T13:00:00Z,drug_kit_v,TV-S-000530-05:V004,USR-011,"[""TV-STUDY-000530"", ""TV-INVESTIGATOR-000030"", ""TV-DISPENSATION-000030""]"
TV-STUDY-000530,Visit Missed,2023-03-22T13:37:00Z,lab_test_v,TV-S-000530-08:V002,USR-014,"[""TV-STUDY-000530"", ""TV-PARTICIPANT-000530""]"
TV-STUDY-000530,Participant Reconsented,2023-03-22T14:14:00Z,data_query_v,TV-S-000530-11:V001,USR-005,"[""TV-STUDY-000530"", ""TV-LABORDER-000030"", ""TV-PROTOCOL-000530""]"
TV-STUDY-000621,Participant Reconsented,2023-03-22T15:49:00Z,data_query_v,TV-S-000621-11:V001,USR-028,"[""TV-STUDY-000621"", ""TV-LABORDER-000121"", ""TV-PROTOCOL-000621""]"
TV-STUDY-000623,Participant Reconsented,2023-03-22T21:51:00Z,data_query_v,TV-S-000623-11:V001,USR-062,"[""TV-STUDY-000623"", ""TV-LABORDER-000123"", ""TV-PROTOCOL-000623""]"
TV-STUDY-000625,Participant Reconsented,2023-03-23T03:00:00Z,data_query_v,TV-S-000625-11:V001,USR-096,"[""TV-STUDY-000625"", ""TV-LABORDER-000125""]"
TV-STUDY-000535,Visit Rescheduled,2023-03-23T04:00:00Z,drug_kit_v,TV-S-000535-05:V002,USR-096,"[""TV-STUDY-000535"", ""TV-INVESTIGATOR-000035""]"
TV-STUDY-000535,Visit Missed,2023-03-23T04:37:00Z,lab_test_v,TV-S-000535-08:V001,USR-099,"[""TV-STUDY-000535"", ""TV-PARTICIPANT-000535"", ""TV-ALIQUOT-000035""]"
TV-STUDY-000535,Participant Reconsented,2023-03-23T05:14:00Z,data_query_v,TV-S-000535-11:V003,USR-090,"[""TV-STUDY-000535"", ""TV-LABORDER-000035""]"
TV-STUDY-000627,Participant Reconsented,2023-03-23T09:02:00Z,data_query_v,TV-S-000627-11:V001,USR-003,"[""TV-STUDY-000627"", ""TV-LABORDER-000127""]"
TV-STUDY-000629,Participant Reconsented,2023-03-23T15:04:00Z,data_query_v,TV-S-000629-11:V001,USR-037,"[""TV-STUDY-000629"", ""TV-LABORDER-000129"", ""TV-PROTOCOL-000629""]"
TV-STUDY-000540,Visit Rescheduled,2023-03-23T19:00:00Z,drug_kit_v,TV-S-000540-05:V002,USR-054,"[""TV-STUDY-000540"", ""TV-INVESTIGATOR-000040""]"
TV-STUDY-000540,Visit Missed,2023-03-23T19:37:00Z,lab_test_v,TV-S-000540-08:V002,USR-057,"[""TV-STUDY-000540"", ""TV-PARTICIPANT-000540""]"
TV-STUDY-000540,Participant Reconsented,2023-03-23T20:14:00Z,data_query_v,TV-S-000540-11:V001,USR-048,"[""TV-STUDY-000540"", ""TV-LABORDER-000040"", ""TV-PROTOCOL-000540""]"
TV-STUDY-000631,Participant Reconsented,2023-03-23T21:06:00Z,data_query_v,TV-S-000631-11:V001,USR-071,"[""TV-STUDY-000631"", ""TV-LABORDER-000131"", ""TV-PROTOCOL-000631""]"
TV-STUDY-000633,Participant Reconsented,2023-03-24T03:08:00Z,data_query_v,TV-S-000633-11:V001,USR-105,"[""TV-STUDY-000633"", ""TV-LABORDER-000133"", ""TV-PROTOCOL-000633""]"
TV-STUDY-000635,Participant Reconsented,2023-03-24T09:10:00Z,data_query_v,TV-S-000635-11:V001,USR-012,"[""TV-STUDY-000635"", ""TV-LABORDER-000135""]"
TV-STUDY-000545,Visit Rescheduled,2023-03-24T10:00:00Z,drug_kit_v,TV-S-000545-05:V002,USR-012,"[""TV-STUDY-000545"", ""TV-INVESTIGATOR-000045""]"
TV-STUDY-000545,Visit Missed,2023-03-24T10:37:00Z,lab_test_v,TV-S-000545-08:V001,USR-015,"[""TV-STUDY-000545"", ""TV-PARTICIPANT-000545""]"
TV-STUDY-000545,Participant Reconsented,2023-03-24T11:14:00Z,data_query_v,TV-S-000545-11:V003,USR-006,"[""TV-STUDY-000545"", ""TV-LABORDER-000045""]"
TV-STUDY-000637,Participant Reconsented,2023-03-24T15:12:00Z,data_query_v,TV-S-000637-11:V001,USR-046,"[""TV-STUDY-000637"", ""TV-LABORDER-000137"", ""TV-PROTOCOL-000637""]"
TV-STUDY-000639,Participant Reconsented,2023-03-24T21:14:00Z,data_query_v,TV-S-000639-11:V001,USR-080,"[""TV-STUDY-000639"", ""TV-LABORDER-000139""]"
TV-STUDY-000550,Visit Rescheduled,2023-03-25T01:00:00Z,drug_kit_v,TV-S-000550-05:V003,USR-097,"[""TV-STUDY-000550"", ""TV-INVESTIGATOR-000050"", ""TV-DISPENSATION-000050""]"
TV-STUDY-000550,Visit Missed,2023-03-25T01:37:00Z,lab_test_v,TV-S-000550-08:V002,USR-100,"[""TV-STUDY-000550"", ""TV-PARTICIPANT-000550""]"
TV-STUDY-000550,Participant Reconsented,2023-03-25T02:14:00Z,data_query_v,TV-S-000550-11:V001,USR-091,"[""TV-STUDY-000550"", ""TV-LABORDER-000050"", ""TV-PROTOCOL-000550""]"
TV-STUDY-000641,Participant Reconsented,2023-03-25T03:16:00Z,data_query_v,TV-S-000641-11:V001,USR-114,"[""TV-STUDY-000641"", ""TV-LABORDER-000141""]"
TV-STUDY-000630,Visit Rescheduled,2023-03-25T06:11:00Z,drug_kit_v,TV-S-000630-05:V003,USR-060,"[""TV-STUDY-000630"", ""TV-INVESTIGATOR-000130""]"
TV-STUDY-000643,Participant Reconsented,2023-03-25T09:18:00Z,data_query_v,TV-S-000643-11:V001,USR-021,"[""TV-STUDY-000643"", ""TV-LABORDER-000143"", ""TV-PROTOCOL-000643""]"
TV-STUDY-000645,Participant Reconsented,2023-03-25T15:20:00Z,data_query_v,TV-S-000645-11:V001,USR-055,"[""TV-STUDY-000645"", ""TV-LABORDER-000145""]"
TV-STUDY-000555,Visit Rescheduled,2023-03-25T16:00:00Z,drug_kit_v,TV-S-000555-05:V002,USR-055,"[""TV-STUDY-000555"", ""TV-INVESTIGATOR-000055"", ""TV-DISPENSATION-000055""]"
TV-STUDY-000555,Visit Missed,2023-03-25T16:37:00Z,lab_test_v,TV-S-000555-08:V002,USR-058,"[""TV-STUDY-000555"", ""TV-PARTICIPANT-000555""]"
TV-STUDY-000555,Participant Reconsented,2023-03-25T17:14:00Z,data_query_v,TV-S-000555-11:V003,USR-049,"[""TV-STUDY-000555"", ""TV-LABORDER-000055"", ""TV-PROTOCOL-000555""]"
TV-STUDY-000628,Visit Missed,2023-03-25T18:12:00Z,lab_test_v,TV-S-000628-08:V003,USR-029,"[""TV-STUDY-000628"", ""TV-PARTICIPANT-000628""]"
TV-STUDY-000647,Participant Reconsented,2023-03-25T21:22:00Z,data_query_v,TV-S-000647-11:V001,USR-089,"[""TV-STUDY-000647"", ""TV-LABORDER-000147""]"
TV-STUDY-000649,Participant Reconsented,2023-03-26T03:24:00Z,data_query_v,TV-S-000649-11:V001,USR-123,"[""TV-STUDY-000649"", ""TV-LABORDER-000149"", ""TV-PROTOCOL-000649""]"
TV-STUDY-000560,Visit Rescheduled,2023-03-26T07:00:00Z,drug_kit_v,TV-S-000560-05:V003,USR-013,"[""TV-STUDY-000560"", ""TV-INVESTIGATOR-000060"", ""TV-DISPENSATION-000060""]"
TV-STUDY-000560,Visit Missed,2023-03-26T07:37:00Z,lab_test_v,TV-S-000560-08:V002,USR-016,"[""TV-STUDY-000560"", ""TV-PARTICIPANT-000560"", ""TV-ALIQUOT-000060""]"
TV-STUDY-000560,Participant Reconsented,2023-03-26T08:14:00Z,data_query_v,TV-S-000560-11:V001,USR-007,"[""TV-STUDY-000560"", ""TV-LABORDER-000060""]"
TV-STUDY-000651,Participant Reconsented,2023-03-26T09:26:00Z,data_query_v,TV-S-000651-11:V001,USR-030,"[""TV-STUDY-000651"", ""TV-LABORDER-000151""]"
TV-STUDY-000653,Participant Reconsented,2023-03-26T15:28:00Z,data_query_v,TV-S-000653-11:V001,USR-064,"[""TV-STUDY-000653"", ""TV-LABORDER-000153""]"
TV-STUDY-000655,Participant Reconsented,2023-03-26T21:30:00Z,data_query_v,TV-S-000655-11:V001,USR-098,"[""TV-STUDY-000655"", ""TV-LABORDER-000155""]"
TV-STUDY-000565,Visit Rescheduled,2023-03-26T22:00:00Z,drug_kit_v,TV-S-000565-05:V002,USR-098,"[""TV-STUDY-000565"", ""TV-INVESTIGATOR-000065""]"
TV-STUDY-000565,Visit Missed,2023-03-26T22:37:00Z,lab_test_v,TV-S-000565-08:V001,USR-101,"[""TV-STUDY-000565"", ""TV-PARTICIPANT-000565""]"
TV-STUDY-000565,Participant Reconsented,2023-03-26T23:14:00Z,data_query_v,TV-S-000565-11:V002,USR-092,"[""TV-STUDY-000565"", ""TV-LABORDER-000065"", ""TV-PROTOCOL-000565""]"
TV-STUDY-000657,Participant Reconsented,2023-03-27T03:32:00Z,data_query_v,TV-S-000657-11:V001,USR-005,"[""TV-STUDY-000657"", ""TV-LABORDER-000157""]"
TV-STUDY-000659,Participant Reconsented,2023-03-27T09:34:00Z,data_query_v,TV-S-000659-11:V001,USR-039,"[""TV-STUDY-000659"", ""TV-LABORDER-000159"", ""TV-PROTOCOL-000659""]"
TV-STUDY-000570,Visit Rescheduled,2023-03-27T13:00:00Z,drug_kit_v,TV-S-000570-05:V002,USR-056,"[""TV-STUDY-000570"", ""TV-INVESTIGATOR-000070"", ""TV-DISPENSATION-000070""]"
TV-STUDY-000570,Visit Missed,2023-03-27T13:37:00Z,lab_test_v,TV-S-000570-08:V002,USR-059,"[""TV-STUDY-000570"", ""TV-PARTICIPANT-000570""]"
TV-STUDY-000570,Participant Reconsented,2023-03-27T14:14:00Z,data_query_v,TV-S-000570-11:V001,USR-050,"[""TV-STUDY-000570"", ""TV-LABORDER-000070"", ""TV-PROTOCOL-000570""]"
TV-STUDY-000661,Participant Reconsented,2023-03-27T15:36:00Z,data_query_v,TV-S-000661-11:V001,USR-073,"[""TV-STUDY-000661"", ""TV-LABORDER-000161""]"
TV-STUDY-000663,Participant Reconsented,2023-03-27T21:38:00Z,data_query_v,TV-S-000663-11:V001,USR-107,"[""TV-STUDY-000663"", ""TV-LABORDER-000163"", ""TV-PROTOCOL-000663""]"
TV-STUDY-000653,Visit Rescheduled,2023-03-28T03:34:00Z,drug_kit_v,TV-S-000653-05:V003,USR-070,"[""TV-STUDY-000653"", ""TV-INVESTIGATOR-000153"", ""TV-DISPENSATION-000153""]"
TV-STUDY-000665,Participant Reconsented,2023-03-28T03:40:00Z,data_query_v,TV-S-000665-11:V001,USR-014,"[""TV-STUDY-000665"", ""TV-LABORDER-000165"", ""TV-PROTOCOL-000665""]"
TV-STUDY-000575,Visit Rescheduled,2023-03-28T04:00:00Z,drug_kit_v,TV-S-000575-05:V003,USR-014,"[""TV-STUDY-000575"", ""TV-INVESTIGATOR-000075"", ""TV-DISPENSATION-000075""]"
TV-STUDY-000575,Visit Missed,2023-03-28T04:37:00Z,lab_test_v,TV-S-000575-08:V001,USR-017,"[""TV-STUDY-000575"", ""TV-PARTICIPANT-000575"", ""TV-ALIQUOT-000075""]"
TV-STUDY-000575,Participant Reconsented,2023-03-28T05:14:00Z,data_query_v,TV-S-000575-11:V003,USR-008,"[""TV-STUDY-000575"", ""TV-LABORDER-000075""]"
TV-STUDY-000667,Participant Reconsented,2023-03-28T09:42:00Z,data_query_v,TV-S-000667-11:V001,USR-048,"[""TV-STUDY-000667"", ""TV-LABORDER-000167"", ""TV-PROTOCOL-000667""]"
TV-STUDY-000669,Participant Reconsented,2023-03-28T15:44:00Z,data_query_v,TV-S-000669-11:V001,USR-082,"[""TV-STUDY-000669"", ""TV-LABORDER-000169""]"
TV-STUDY-000580,Visit Rescheduled,2023-03-28T19:00:00Z,drug_kit_v,TV-S-000580-05:V002,USR-099,"[""TV-STUDY-000580"", ""TV-INVESTIGATOR-000080""]"
TV-STUDY-000580,Visit Missed,2023-03-28T19:37:00Z,lab_test_v,TV-S-000580-08:V002,USR-102,"[""TV-STUDY-000580"", ""TV-PARTICIPANT-000580"", ""TV-ALIQUOT-000080""]"
TV-STUDY-000580,Participant Reconsented,2023-03-28T20:14:00Z,data_query_v,TV-S-000580-11:V002,USR-093,"[""TV-STUDY-000580"", ""TV-LABORDER-000080""]"
TV-STUDY-000671,Participant Reconsented,2023-03-28T21:46:00Z,data_query_v,TV-S-000671-11:V001,USR-116,"[""TV-STUDY-000671"", ""TV-LABORDER-000171""]"
TV-STUDY-000673,Participant Reconsented,2023-03-29T03:48:00Z,data_query_v,TV-S-000673-11:V001,USR-023,"[""TV-STUDY-000673"", ""TV-LABORDER-000173"", ""TV-PROTOCOL-000673""]"
TV-STUDY-000675,Participant Reconsented,2023-03-29T09:50:00Z,data_query_v,TV-S-000675-11:V001,USR-057,"[""TV-STUDY-000675"", ""TV-LABORDER-000175""]"
TV-STUDY-000585,Visit Rescheduled,2023-03-29T10:00:00Z,drug_kit_v,TV-S-000585-05:V005,USR-057,"[""TV-STUDY-000585"", ""TV-INVESTIGATOR-000085"", ""TV-DISPENSATION-000085""]"
TV-STUDY-000585,Visit Missed,2023-03-29T10:37:00Z,lab_test_v,TV-S-000585-08:V002,USR-060,"[""TV-STUDY-000585"", ""TV-PARTICIPANT-000585""]"
TV-STUDY-000585,Participant Reconsented,2023-03-29T11:14:00Z,data_query_v,TV-S-000585-11:V005,USR-051,"[""TV-STUDY-000585"", ""TV-LABORDER-000085"", ""TV-PROTOCOL-000585""]"
TV-STUDY-000677,Participant Reconsented,2023-03-29T15:52:00Z,data_query_v,TV-S-000677-11:V001,USR-091,"[""TV-STUDY-000677"", ""TV-LABORDER-000177"", ""TV-PROTOCOL-000677""]"
TV-STUDY-000679,Participant Reconsented,2023-03-29T21:01:00Z,data_query_v,TV-S-000679-11:V001,USR-125,"[""TV-STUDY-000679"", ""TV-LABORDER-000179""]"
TV-STUDY-000590,Visit Rescheduled,2023-03-30T01:00:00Z,drug_kit_v,TV-S-000590-05:V002,USR-015,"[""TV-STUDY-000590"", ""TV-INVESTIGATOR-000090"", ""TV-DISPENSATION-000090""]"
TV-STUDY-000590,Visit Missed,2023-03-30T01:37:00Z,lab_test_v,TV-S-000590-08:V003,USR-018,"[""TV-STUDY-000590"", ""TV-PARTICIPANT-000590""]"
TV-STUDY-000590,Participant Reconsented,2023-03-30T02:14:00Z,data_query_v,TV-S-000590-11:V001,USR-009,"[""TV-STUDY-000590"", ""TV-LABORDER-000090"", ""TV-PROTOCOL-000590""]"
TV-STUDY-000681,Participant Reconsented,2023-03-30T03:03:00Z,data_query_v,TV-S-000681-11:V001,USR-032,"[""TV-STUDY-000681"", ""TV-LABORDER-000181""]"
TV-STUDY-000683,Participant Reconsented,2023-03-30T09:05:00Z,data_query_v,TV-S-000683-11:V001,USR-066,"[""TV-STUDY-000683"", ""TV-LABORDER-000183""]"
TV-STUDY-000665,Visit Missed,2023-03-30T09:49:00Z,lab_test_v,TV-S-000665-08:V001,USR-023,"[""TV-STUDY-000665"", ""TV-PARTICIPANT-000665"", ""TV-ALIQUOT-000165""]"
TV-STUDY-000685,Participant Reconsented,2023-03-30T15:07:00Z,data_query_v,TV-S-000685-11:V001,USR-100,"[""TV-STUDY-000685"", ""TV-LABORDER-000185""]"
TV-STUDY-000595,Visit Rescheduled,2023-03-30T16:00:00Z,drug_kit_v,TV-S-000595-05:V002,USR-100,"[""TV-STUDY-000595"", ""TV-INVESTIGATOR-000095""]"
TV-STUDY-000595,Visit Missed,2023-03-30T16:37:00Z,lab_test_v,TV-S-000595-08:V001,USR-103,"[""TV-STUDY-000595"", ""TV-PARTICIPANT-000595""]"
TV-STUDY-000595,Participant Reconsented,2023-03-30T17:14:00Z,data_query_v,TV-S-000595-11:V002,USR-094,"[""TV-STUDY-000595"", ""TV-LABORDER-000095"", ""TV-PROTOCOL-000595""]"
TV-STUDY-000687,Participant Reconsented,2023-03-30T21:09:00Z,data_query_v,TV-S-000687-11:V001,USR-007,"[""TV-STUDY-000687"", ""TV-LABORDER-000187""]"
TV-STUDY-000676,Visit Rescheduled,2023-03-31T00:04:00Z,drug_kit_v,TV-S-000676-05:V002,USR-080,"[""TV-STUDY-000676"", ""TV-INVESTIGATOR-000176"", ""TV-DISPENSATION-000176""]"
TV-STUDY-000689,Participant Reconsented,2023-03-31T03:11:00Z,data_query_v,TV-S-000689-11:V001,USR-041,"[""TV-STUDY-000689"", ""TV-LABORDER-000189"", ""TV-PROTOCOL-000689""]"
TV-STUDY-000600,Visit Rescheduled,2023-03-31T07:00:00Z,drug_kit_v,TV-S-000600-05:V002,USR-058,"[""TV-STUDY-000600"", ""TV-INVESTIGATOR-000100"", ""TV-DISPENSATION-000100""]"
TV-STUDY-000600,Visit Missed,2023-03-31T07:37:00Z,lab_test_v,TV-S-000600-08:V002,USR-061,"[""TV-STUDY-000600"", ""TV-PARTICIPANT-000600""]"
TV-STUDY-000600,Participant Reconsented,2023-03-31T08:14:00Z,data_query_v,TV-S-000600-11:V001,USR-052,"[""TV-STUDY-000600"", ""TV-LABORDER-000100"", ""TV-PROTOCOL-000600""]"
TV-STUDY-000691,Participant Reconsented,2023-03-31T09:13:00Z,data_query_v,TV-S-000691-11:V001,USR-075,"[""TV-STUDY-000691"", ""TV-LABORDER-000191""]"
TV-STUDY-000693,Participant Reconsented,2023-03-31T15:15:00Z,data_query_v,TV-S-000693-11:V001,USR-109,"[""TV-STUDY-000693"", ""TV-LABORDER-000193""]"
TV-STUDY-000695,Participant Reconsented,2023-03-31T21:17:00Z,data_query_v,TV-S-000695-11:V001,USR-016,"[""TV-STUDY-000695"", ""TV-LABORDER-000195""]"
TV-STUDY-000605,Visit Rescheduled,2023-03-31T22:00:00Z,drug_kit_v,TV-S-000605-05:V002,USR-016,"[""TV-STUDY-000605"", ""TV-INVESTIGATOR-000105""]"
TV-STUDY-000605,Visit Missed,2023-03-31T22:37:00Z,lab_test_v,TV-S-000605-08:V001,USR-019,"[""TV-STUDY-000605"", ""TV-PARTICIPANT-000605""]"
TV-STUDY-000605,Participant Reconsented,2023-03-31T23:14:00Z,data_query_v,TV-S-000605-11:V002,USR-010,"[""TV-STUDY-000605"", ""TV-LABORDER-000105""]"
TV-STUDY-000697,Participant Reconsented,2023-04-01T03:19:00Z,data_query_v,TV-S-000697-11:V001,USR-050,"[""TV-STUDY-000697"", ""TV-LABORDER-000197"", ""TV-PROTOCOL-000697""]"
TV-STUDY-000699,Participant Reconsented,2023-04-01T09:21:00Z,data_query_v,TV-S-000699-11:V001,USR-084,"[""TV-STUDY-000699"", ""TV-LABORDER-000199"", ""TV-PROTOCOL-000699""]"
TV-STUDY-000610,Visit Rescheduled,2023-04-01T13:00:00Z,drug_kit_v,TV-S-000610-05:V002,USR-101,"[""TV-STUDY-000610"", ""TV-INVESTIGATOR-000110"", ""TV-DISPENSATION-000110""]"
TV-STUDY-000610,Visit Missed,2023-04-01T13:37:00Z,lab_test_v,TV-S-000610-08:V003,USR-104,"[""TV-STUDY-000610"", ""TV-PARTICIPANT-000610"", ""TV-ALIQUOT-000110""]"
TV-STUDY-000610,Participant Reconsented,2023-04-01T14:14:00Z,data_query_v,TV-S-000610-11:V002,USR-095,"[""TV-STUDY-000610"", ""TV-LABORDER-000110""]"
TV-STUDY-000701,Participant Reconsented,2023-04-01T15:23:00Z,data_query_v,TV-S-000701-11:V001,USR-118,"[""TV-STUDY-000701"", ""TV-LABORDER-000201"", ""TV-PROTOCOL-000701""]"
TV-STUDY-000703,Participant Reconsented,2023-04-01T21:25:00Z,data_query_v,TV-S-000703-11:V001,USR-025,"[""TV-STUDY-000703"", ""TV-LABORDER-000203""]"
TV-STUDY-000705,Participant Reconsented,2023-04-02T03:27:00Z,data_query_v,TV-S-000705-11:V001,USR-059,"[""TV-STUDY-000705"", ""TV-LABORDER-000205""]"
TV-STUDY-000615,Visit Rescheduled,2023-04-02T04:00:00Z,drug_kit_v,TV-S-000615-05:V002,USR-059,"[""TV-STUDY-000615"", ""TV-INVESTIGATOR-000115""]"
TV-STUDY-000615,Visit Missed,2023-04-02T04:37:00Z,lab_test_v,TV-S-000615-08:V001,USR-062,"[""TV-STUDY-000615"", ""TV-PARTICIPANT-000615"", ""TV-ALIQUOT-000115""]"
TV-STUDY-000615,Participant Reconsented,2023-04-02T05:14:00Z,data_query_v,TV-S-000615-11:V002,USR-053,"[""TV-STUDY-000615"", ""TV-LABORDER-000115""]"
TV-STUDY-000707,Participant Reconsented,2023-04-02T09:29:00Z,data_query_v,TV-S-000707-11:V001,USR-093,"[""TV-STUDY-000707"", ""TV-LABORDER-000207""]"
TV-STUDY-000709,Participant Reconsented,2023-04-02T15:31:00Z,data_query_v,TV-S-000709-11:V001,USR-127,"[""TV-STUDY-000709"", ""TV-LABORDER-000209"", ""TV-PROTOCOL-000709""]"
TV-STUDY-000620,Visit Rescheduled,2023-04-02T19:00:00Z,drug_kit_v,TV-S-000620-05:V002,USR-017,"[""TV-STUDY-000620"", ""TV-INVESTIGATOR-000120"", ""TV-DISPENSATION-000120""]"
TV-STUDY-000620,Visit Missed,2023-04-02T19:37:00Z,lab_test_v,TV-S-000620-08:V002,USR-020,"[""TV-STUDY-000620"", ""TV-PARTICIPANT-000620""]"
TV-STUDY-000620,Participant Reconsented,2023-04-02T20:14:00Z,data_query_v,TV-S-000620-11:V001,USR-011,"[""TV-STUDY-000620"", ""TV-LABORDER-000120"", ""TV-PROTOCOL-000620""]"
TV-STUDY-000699,Visit Rescheduled,2023-04-02T21:27:00Z,drug_kit_v,TV-S-000699-05:V002,USR-090,"[""TV-STUDY-000699"", ""TV-INVESTIGATOR-000199""]"
TV-STUDY-000711,Participant Reconsented,2023-04-02T21:33:00Z,data_query_v,TV-S-000711-11:V001,USR-034,"[""TV-STUDY-000711"", ""TV-LABORDER-000211""]"
TV-STUDY-000713,Participant Reconsented,2023-04-03T03:35:00Z,data_query_v,TV-S-000713-11:V001,USR-068,"[""TV-STUDY-000713"", ""TV-LABORDER-000213""]"
TV-STUDY-000715,Participant Reconsented,2023-04-03T09:37:00Z,data_query_v,TV-S-000715-11:V001,USR-102,"[""TV-STUDY-000715"", ""TV-LABORDER-000215""]"
TV-STUDY-000625,Visit Rescheduled,2023-04-03T10:00:00Z,drug_kit_v,TV-S-000625-05:V003,USR-102,"[""TV-STUDY-000625"", ""TV-INVESTIGATOR-000125""]"
TV-STUDY-000625,Visit Missed,2023-04-03T10:37:00Z,lab_test_v,TV-S-000625-08:V001,USR-105,"[""TV-STUDY-000625"", ""TV-PARTICIPANT-000625""]"
TV-STUDY-000625,Participant Reconsented,2023-04-03T11:14:00Z,data_query_v,TV-S-000625-11:V003,USR-096,"[""TV-STUDY-000625"", ""TV-LABORDER-000125""]"
TV-STUDY-000717,Participant Reconsented,2023-04-03T15:39:00Z,data_query_v,TV-S-000717-11:V001,USR-009,"[""TV-STUDY-000717"", ""TV-LABORDER-000217""]"
TV-STUDY-000719,Participant Reconsented,2023-04-03T21:41:00Z,data_query_v,TV-S-000719-11:V001,USR-043,"[""TV-STUDY-000719"", ""TV-LABORDER-000219""]"
TV-STUDY-000702,Visit Missed,2023-04-04T00:33:00Z,lab_test_v,TV-S-000702-08:V002,USR-017,"[""TV-STUDY-000702"", ""TV-PARTICIPANT-000702""]"
TV-STUDY-000630,Visit Rescheduled,2023-04-04T01:00:00Z,drug_kit_v,TV-S-000630-05:V005,USR-060,"[""TV-STUDY-000630"", ""TV-INVESTIGATOR-000130"", ""TV-DISPENSATION-000130""]"
TV-STUDY-000630,Visit Missed,2023-04-04T01:37:00Z,lab_test_v,TV-S-000630-08:V002,USR-063,"[""TV-STUDY-000630"", ""TV-PARTICIPANT-000630""]"
TV-STUDY-000630,Participant Reconsented,2023-04-04T02:14:00Z,data_query_v,TV-S-000630-11:V001,USR-054,"[""TV-STUDY-000630"", ""TV-LABORDER-000130"", ""TV-PROTOCOL-000630""]"
TV-STUDY-000721,Participant Reconsented,2023-04-04T03:43:00Z,data_query_v,TV-S-000721-11:V001,USR-077,"[""TV-STUDY-000721"", ""TV-LABORDER-000221"", ""TV-PROTOCOL-000721""]"
TV-STUDY-000723,Participant Reconsented,2023-04-04T09:45:00Z,data_query_v,TV-S-000723-11:V001,USR-111,"[""TV-STUDY-000723"", ""TV-LABORDER-000223"", ""TV-PROTOCOL-000723""]"
TV-STUDY-000725,Participant Reconsented,2023-04-04T15:47:00Z,data_query_v,TV-S-000725-11:V001,USR-018,"[""TV-STUDY-000725"", ""TV-LABORDER-000225""]"
TV-STUDY-000635,Visit Rescheduled,2023-04-04T16:00:00Z,drug_kit_v,TV-S-000635-05:V002,USR-018,"[""TV-STUDY-000635"", ""TV-INVESTIGATOR-000135"", ""TV-DISPENSATION-000135""]"
TV-STUDY-000635,Visit Missed,2023-04-04T16:37:00Z,lab_test_v,TV-S-000635-08:V001,USR-021,"[""TV-STUDY-000635"", ""TV-PARTICIPANT-000635""]"
TV-STUDY-000635,Participant Reconsented,2023-04-04T17:14:00Z,data_query_v,TV-S-000635-11:V002,USR-012,"[""TV-STUDY-000635"", ""TV-LABORDER-000135"", ""TV-PROTOCOL-000635""]"
TV-STUDY-000727,Participant Reconsented,2023-04-04T21:49:00Z,data_query_v,TV-S-000727-11:V001,USR-052,"[""TV-STUDY-000727"", ""TV-LABORDER-000227""]"
TV-STUDY-000729,Participant Reconsented,2023-04-05T03:51:00Z,data_query_v,TV-S-000729-11:V001,USR-086,"[""TV-STUDY-000729"", ""TV-LABORDER-000229""]"
TV-STUDY-000640,Visit Rescheduled,2023-04-05T07:00:00Z,drug_kit_v,TV-S-000640-05:V002,USR-103,"[""TV-STUDY-000640"", ""TV-INVESTIGATOR-000140""]"
TV-STUDY-000640,Visit Missed,2023-04-05T07:37:00Z,lab_test_v,TV-S-000640-08:V002,USR-106,"[""TV-STUDY-000640"", ""TV-PARTICIPANT-000640"", ""TV-ALIQUOT-000140""]"
TV-STUDY-000640,Participant Reconsented,2023-04-05T08:14:00Z,data_query_v,TV-S-000640-11:V001,USR-097,"[""TV-STUDY-000640"", ""TV-LABORDER-000140""]"
TV-STUDY-000731,Participant Reconsented,2023-04-05T09:00:00Z,data_query_v,TV-S-000731-11:V001,USR-120,"[""TV-STUDY-000731"", ""TV-LABORDER-000231""]"
TV-STUDY-000733,Participant Reconsented,2023-04-05T15:02:00Z,data_query_v,TV-S-000733-11:V001,USR-027,"[""TV-STUDY-000733"", ""TV-LABORDER-000233""]"
TV-STUDY-000722,Visit Rescheduled,2023-04-05T18:50:00Z,drug_kit_v,TV-S-000722-05:V003,USR-100,"[""TV-STUDY-000722"", ""TV-INVESTIGATOR-000222""]"
TV-STUDY-000735,Participant Reconsented,2023-04-05T21:04:00Z,data_query_v,TV-S-000735-11:V001,USR-061,"[""TV-STUDY-000735"", ""TV-LABORDER-000235""]"
TV-STUDY-000645,Visit Rescheduled,2023-04-05T22:00:00Z,drug_kit_v,TV-S-000645-05:V004,USR-061,"[""TV-STUDY-000645"", ""TV-INVESTIGATOR-000145""]"
TV-STUDY-000645,Visit Missed,2023-04-05T22:37:00Z,lab_test_v,TV-S-000645-08:V001,USR-064,"[""TV-STUDY-000645"", ""TV-PARTICIPANT-000645"", ""TV-ALIQUOT-000145""]"
TV-STUDY-000645,Participant Reconsented,2023-04-05T23:14:00Z,data_query_v,TV-S-000645-11:V002,USR-055,"[""TV-STUDY-000645"", ""TV-LABORDER-000145""]"
TV-STUDY-000737,Participant Reconsented,2023-04-06T03:06:00Z,data_query_v,TV-S-000737-11:V001,USR-095,"[""TV-STUDY-000737"", ""TV-LABORDER-000237"", ""TV-PROTOCOL-000737""]"
TV-STUDY-000739,Participant Reconsented,2023-04-06T09:08:00Z,data_query_v,TV-S-000739-11:V001,USR-002,"[""TV-STUDY-000739"", ""TV-LABORDER-000239""]"
TV-STUDY-000650,Visit Rescheduled,2023-04-06T13:00:00Z,drug_kit_v,TV-S-000650-05:V003,USR-019,"[""TV-STUDY-000650"", ""TV-INVESTIGATOR-000150""]"
TV-STUDY-000650,Visit Missed,2023-04-06T13:37:00Z,lab_test_v,TV-S-000650-08:V003,USR-022,"[""TV-STUDY-000650"", ""TV-PARTICIPANT-000650""]"
TV-STUDY-000650,Participant Reconsented,2023-04-06T14:14:00Z,data_query_v,TV-S-000650-11:V002,USR-013,"[""TV-STUDY-000650"", ""TV-LABORDER-000150""]"
TV-STUDY-000741,Participant Reconsented,2023-04-06T15:10:00Z,data_query_v,TV-S-000741-11:V001,USR-036,"[""TV-STUDY-000741"", ""TV-LABORDER-000241"", ""TV-PROTOCOL-000741""]"
TV-STUDY-000743,Participant Reconsented,2023-04-06T21:12:00Z,data_query_v,TV-S-000743-11:V001,USR-070,"[""TV-STUDY-000743"", ""TV-LABORDER-000243"", ""TV-PROTOCOL-000743""]"
TV-STUDY-000745,Participant Reconsented,2023-04-07T03:14:00Z,data_query_v,TV-S-000745-11:V001,USR-104,"[""TV-STUDY-000745"", ""TV-LABORDER-000245""]"
TV-STUDY-000655,Visit Rescheduled,2023-04-07T04:00:00Z,drug_kit_v,TV-S-000655-05:V002,USR-104,"[""TV-STUDY-000655"", ""TV-INVESTIGATOR-000155"", ""TV-DISPENSATION-000155""]"
TV-STUDY-000655,Visit Missed,2023-04-07T04:37:00Z,lab_test_v,TV-S-000655-08:V001,USR-107,"[""TV-STUDY-000655"", ""TV-PARTICIPANT-000655"", ""TV-ALIQUOT-000155""]"
TV-STUDY-000655,Participant Reconsented,2023-04-07T05:14:00Z,data_query_v,TV-S-000655-11:V003,USR-098,"[""TV-STUDY-000655"", ""TV-LABORDER-000155""]"
TV-STUDY-000747,Participant Reconsented,2023-04-07T09:16:00Z,data_query_v,TV-S-000747-11:V001,USR-011,"[""TV-STUDY-000747"", ""TV-LABORDER-000247""]"
TV-STUDY-000749,Participant Reconsented,2023-04-07T15:18:00Z,data_query_v,TV-S-000749-11:V001,USR-045,"[""TV-STUDY-000749"", ""TV-LABORDER-000249"", ""TV-PROTOCOL-000749""]"
TV-STUDY-000660,Visit Rescheduled,2023-04-07T19:00:00Z,drug_kit_v,TV-S-000660-05:V003,USR-062,"[""TV-STUDY-000660"", ""TV-INVESTIGATOR-000160""]"
TV-STUDY-000660,Visit Missed,2023-04-07T19:37:00Z,lab_test_v,TV-S-000660-08:V002,USR-065,"[""TV-STUDY-000660"", ""TV-PARTICIPANT-000660"", ""TV-ALIQUOT-000160""]"
TV-STUDY-000660,Participant Reconsented,2023-04-07T20:14:00Z,data_query_v,TV-S-000660-11:V001,USR-056,"[""TV-STUDY-000660"", ""TV-LABORDER-000160""]"
TV-STUDY-000751,Participant Reconsented,2023-04-07T21:20:00Z,data_query_v,TV-S-000751-11:V001,USR-079,"[""TV-STUDY-000751"", ""TV-LABORDER-000251""]"
TV-STUDY-000753,Participant Reconsented,2023-04-08T03:22:00Z,data_query_v,TV-S-000753-11:V001,USR-113,"[""TV-STUDY-000753"", ""TV-LABORDER-000253"", ""TV-PROTOCOL-000753""]"
TV-STUDY-000755,Participant Reconsented,2023-04-08T09:24:00Z,data_query_v,TV-S-000755-11:V001,USR-020,"[""TV-STUDY-000755"", ""TV-LABORDER-000255"", ""TV-PROTOCOL-000755""]"
TV-STUDY-000665,Visit Rescheduled,2023-04-08T10:00:00Z,drug_kit_v,TV-S-000665-05:V003,USR-020,"[""TV-STUDY-000665"", ""TV-INVESTIGATOR-000165"", ""TV-DISPENSATION-000165""]"
TV-STUDY-000665,Visit Missed,2023-04-08T10:37:00Z,lab_test_v,TV-S-000665-08:V002,USR-023,"[""TV-STUDY-000665"", ""TV-PARTICIPANT-000665""]"
TV-STUDY-000665,Participant Reconsented,2023-04-08T11:14:00Z,data_query_v,TV-S-000665-11:V003,USR-014,"[""TV-STUDY-000665"", ""TV-LABORDER-000165"", ""TV-PROTOCOL-000665""]"
TV-STUDY-000739,Visit Missed,2023-04-08T15:17:00Z,lab_test_v,TV-S-000739-08:V001,USR-011,"[""TV-STUDY-000739"", ""TV-PARTICIPANT-000739""]"
TV-STUDY-000745,Visit Rescheduled,2023-04-08T15:20:00Z,drug_kit_v,TV-S-000745-05:V002,USR-110,"[""TV-STUDY-000745"", ""TV-INVESTIGATOR-000245""]"
TV-STUDY-000757,Participant Reconsented,2023-04-08T15:26:00Z,data_query_v,TV-S-000757-11:V001,USR-054,"[""TV-STUDY-000757"", ""TV-LABORDER-000257""]"
TV-STUDY-000759,Participant Reconsented,2023-04-08T21:28:00Z,data_query_v,TV-S-000759-11:V001,USR-088,"[""TV-STUDY-000759"", ""TV-LABORDER-000259""]"
TV-STUDY-000670,Visit Rescheduled,2023-04-09T01:00:00Z,drug_kit_v,TV-S-000670-05:V002,USR-105,"[""TV-STUDY-000670"", ""TV-INVESTIGATOR-000170""]"
TV-STUDY-000670,Visit Missed,2023-04-09T01:37:00Z,lab_test_v,TV-S-000670-08:V003,USR-108,"[""TV-STUDY-000670"", ""TV-PARTICIPANT-000670"", ""TV-ALIQUOT-000170""]"
TV-STUDY-000670,Participant Reconsented,2023-04-09T02:14:00Z,data_query_v,TV-S-000670-11:V001,USR-099,"[""TV-STUDY-000670"", ""TV-LABORDER-000170""]"
TV-STUDY-000761,Participant Reconsented,2023-04-09T03:30:00Z,data_query_v,TV-S-000761-11:V001,USR-122,"[""TV-STUDY-000761"", ""TV-LABORDER-000261"", ""TV-PROTOCOL-000761""]"
TV-STUDY-000763,Participant Reconsented,2023-04-09T09:32:00Z,data_query_v,TV-S-000763-11:V001,USR-029,"[""TV-STUDY-000763"", ""TV-LABORDER-000263""]"
TV-STUDY-000765,Participant Reconsented,2023-04-09T15:34:00Z,data_query_v,TV-S-000765-11:V001,USR-063,"[""TV-STUDY-000765"", ""TV-LABORDER-000265""]"
TV-STUDY-000675,Visit Rescheduled,2023-04-09T16:00:00Z,drug_kit_v,TV-S-000675-05:V002,USR-063,"[""TV-STUDY-000675"", ""TV-INVESTIGATOR-000175""]"
TV-STUDY-000675,Visit Missed,2023-04-09T16:37:00Z,lab_test_v,TV-S-000675-08:V001,USR-066,"[""TV-STUDY-000675"", ""TV-PARTICIPANT-000675"", ""TV-ALIQUOT-000175""]"
TV-STUDY-000675,Participant Reconsented,2023-04-09T17:14:00Z,data_query_v,TV-S-000675-11:V002,USR-057,"[""TV-STUDY-000675"", ""TV-LABORDER-000175""]"
TV-STUDY-000767,Participant Reconsented,2023-04-09T21:36:00Z,data_query_v,TV-S-000767-11:V001,USR-097,"[""TV-STUDY-000767"", ""TV-LABORDER-000267""]"
TV-STUDY-000769,Participant Reconsented,2023-04-10T03:38:00Z,data_query_v,TV-S-000769-11:V001,USR-004,"[""TV-STUDY-000769"", ""TV-LABORDER-000269"", ""TV-PROTOCOL-000769""]"
TV-STUDY-000680,Visit Rescheduled,2023-04-10T07:00:00Z,drug_kit_v,TV-S-000680-05:V003,USR-021,"[""TV-STUDY-000680"", ""TV-INVESTIGATOR-000180""]"
TV-STUDY-000680,Visit Missed,2023-04-10T07:37:00Z,lab_test_v,TV-S-000680-08:V003,USR-024,"[""TV-STUDY-000680"", ""TV-PARTICIPANT-000680""]"
TV-STUDY-000680,Participant Reconsented,2023-04-10T08:14:00Z,data_query_v,TV-S-000680-11:V001,USR-015,"[""TV-STUDY-000680"", ""TV-LABORDER-000180""]"
TV-STUDY-000771,Participant Reconsented,2023-04-10T09:40:00Z,data_query_v,TV-S-000771-11:V001,USR-038,"[""TV-STUDY-000771"", ""TV-LABORDER-000271"", ""TV-PROTOCOL-000771""]"
TV-STUDY-000773,Participant Reconsented,2023-04-10T15:42:00Z,data_query_v,TV-S-000773-11:V001,USR-072,"[""TV-STUDY-000773"", ""TV-LABORDER-000273""]"
TV-STUDY-000775,Participant Reconsented,2023-04-10T21:44:00Z,data_query_v,TV-S-000775-11:V001,USR-106,"[""TV-STUDY-000775"", ""TV-LABORDER-000275"", ""TV-PROTOCOL-000775""]"
TV-STUDY-000685,Visit Rescheduled,2023-04-10T22:00:00Z,drug_kit_v,TV-S-000685-05:V002,USR-106,"[""TV-STUDY-000685"", ""TV-INVESTIGATOR-000185"", ""TV-DISPENSATION-000185""]"
TV-STUDY-000685,Visit Missed,2023-04-10T22:37:00Z,lab_test_v,TV-S-000685-08:V001,USR-109,"[""TV-STUDY-000685"", ""TV-PARTICIPANT-000685"", ""TV-ALIQUOT-000185""]"
TV-STUDY-000685,Participant Reconsented,2023-04-10T23:14:00Z,data_query_v,TV-S-000685-11:V002,USR-100,"[""TV-STUDY-000685"", ""TV-LABORDER-000185""]"
TV-STUDY-000777,Participant Reconsented,2023-04-11T03:46:00Z,data_query_v,TV-S-000777-11:V001,USR-013,"[""TV-STUDY-000777"", ""TV-LABORDER-000277"", ""TV-PROTOCOL-000777""]"
TV-STUDY-000779,Participant Reconsented,2023-04-11T09:48:00Z,data_query_v,TV-S-000779-11:V001,USR-047,"[""TV-STUDY-000779"", ""TV-LABORDER-000279"", ""TV-PROTOCOL-000779""]"
TV-STUDY-000768,Visit Rescheduled,2023-04-11T12:43:00Z,drug_kit_v,TV-S-000768-05:V002,USR-120,"[""TV-STUDY-000768"", ""TV-INVESTIGATOR-000268""]"
TV-STUDY-000690,Visit Rescheduled,2023-04-11T13:00:00Z,drug_kit_v,TV-S-000690-05:V002,USR-064,"[""TV-STUDY-000690"", ""TV-INVESTIGATOR-000190""]"
TV-STUDY-000690,Visit Missed,2023-04-11T13:37:00Z,lab_test_v,TV-S-000690-08:V003,USR-067,"[""TV-STUDY-000690"", ""TV-PARTICIPANT-000690""]"
TV-STUDY-000690,Participant Reconsented,2023-04-11T14:14:00Z,data_query_v,TV-S-000690-11:V001,USR-058,"[""TV-STUDY-000690"", ""TV-LABORDER-000190"", ""TV-PROTOCOL-000690""]"
TV-STUDY-000781,Participant Reconsented,2023-04-11T15:50:00Z,data_query_v,TV-S-000781-11:V001,USR-081,"[""TV-STUDY-000781"", ""TV-LABORDER-000281""]"
TV-STUDY-000783,Participant Reconsented,2023-04-11T21:52:00Z,data_query_v,TV-S-000783-11:V001,USR-115,"[""TV-STUDY-000783"", ""TV-LABORDER-000283"", ""TV-PROTOCOL-000783""]"
TV-STUDY-000785,Participant Reconsented,2023-04-12T03:01:00Z,data_query_v,TV-S-000785-11:V001,USR-022,"[""TV-STUDY-000785"", ""TV-LABORDER-000285""]"
TV-STUDY-000695,Visit Rescheduled,2023-04-12T04:00:00Z,drug_kit_v,TV-S-000695-05:V003,USR-022,"[""TV-STUDY-000695"", ""TV-INVESTIGATOR-000195"", ""TV-DISPENSATION-000195""]"
TV-STUDY-000695,Visit Missed,2023-04-12T04:37:00Z,lab_test_v,TV-S-000695-08:V001,USR-025,"[""TV-STUDY-000695"", ""TV-PARTICIPANT-000695""]"
TV-STUDY-000695,Participant Reconsented,2023-04-12T05:14:00Z,data_query_v,TV-S-000695-11:V003,USR-016,"[""TV-STUDY-000695"", ""TV-LABORDER-000195"", ""TV-PROTOCOL-000695""]"
TV-STUDY-000787,Participant Reconsented,2023-04-12T09:03:00Z,data_query_v,TV-S-000787-11:V001,USR-056,"[""TV-STUDY-000787"", ""TV-LABORDER-000287""]"
TV-STUDY-000789,Participant Reconsented,2023-04-12T15:05:00Z,data_query_v,TV-S-000789-11:V001,USR-090,"[""TV-STUDY-000789"", ""TV-LABORDER-000289""]"
TV-STUDY-000700,Visit Rescheduled,2023-04-12T19:00:00Z,drug_kit_v,TV-S-000700-05:V003,USR-107,"[""TV-STUDY-000700"", ""TV-INVESTIGATOR-000200"", ""TV-DISPENSATION-000200""]"
TV-STUDY-000700,Visit Missed,2023-04-12T19:37:00Z,lab_test_v,TV-S-000700-08:V002,USR-110,"[""TV-STUDY-000700"", ""TV-PARTICIPANT-000700""]"
TV-STUDY-000700,Participant Reconsented,2023-04-12T20:14:00Z,data_query_v,TV-S-000700-11:V001,USR-101,"[""TV-STUDY-000700"", ""TV-LABORDER-000200"", ""TV-PROTOCOL-000700""]"
TV-STUDY-000791,Participant Reconsented,2023-04-12T21:07:00Z,data_query_v,TV-S-000791-11:V001,USR-124,"[""TV-STUDY-000791"", ""TV-LABORDER-000291"", ""TV-PROTOCOL-000791""]"
TV-STUDY-000793,Participant Reconsented,2023-04-13T03:09:00Z,data_query_v,TV-S-000793-11:V001,USR-031,"[""TV-STUDY-000793"", ""TV-LABORDER-000293""]"
TV-STUDY-000776,Visit Missed,2023-04-13T06:01:00Z,lab_test_v,TV-S-000776-08:V003,USR-005,"[""TV-STUDY-000776"", ""TV-PARTICIPANT-000776""]"
TV-STUDY-000795,Participant Reconsented,2023-04-13T09:11:00Z,data_query_v,TV-S-000795-11:V001,USR-065,"[""TV-STUDY-000795"", ""TV-LABORDER-000295"", ""TV-PROTOCOL-000795""]"
TV-STUDY-000705,Visit Rescheduled,2023-04-13T10:00:00Z,drug_kit_v,TV-S-000705-05:V002,USR-065,"[""TV-STUDY-000705"", ""TV-INVESTIGATOR-000205""]"
TV-STUDY-000705,Visit Missed,2023-04-13T10:37:00Z,lab_test_v,TV-S-000705-08:V001,USR-068,"[""TV-STUDY-000705"", ""TV-PARTICIPANT-000705""]"
TV-STUDY-000705,Participant Reconsented,2023-04-13T11:14:00Z,data_query_v,TV-S-000705-11:V003,USR-059,"[""TV-STUDY-000705"", ""TV-LABORDER-000205""]"
TV-STUDY-000797,Participant Reconsented,2023-04-13T15:13:00Z,data_query_v,TV-S-000797-11:V001,USR-099,"[""TV-STUDY-000797"", ""TV-LABORDER-000297""]"
TV-STUDY-000799,Participant Reconsented,2023-04-13T21:15:00Z,data_query_v,TV-S-000799-11:V001,USR-006,"[""TV-STUDY-000799"", ""TV-LABORDER-000299""]"
TV-STUDY-000710,Visit Rescheduled,2023-04-14T01:00:00Z,drug_kit_v,TV-S-000710-05:V002,USR-023,"[""TV-STUDY-000710"", ""TV-INVESTIGATOR-000210""]"
TV-STUDY-000710,Visit Missed,2023-04-14T01:37:00Z,lab_test_v,TV-S-000710-08:V002,USR-026,"[""TV-STUDY-000710"", ""TV-PARTICIPANT-000710""]"
TV-STUDY-000710,Participant Reconsented,2023-04-14T02:14:00Z,data_query_v,TV-S-000710-11:V001,USR-017,"[""TV-STUDY-000710"", ""TV-LABORDER-000210""]"
TV-STUDY-000801,Participant Reconsented,2023-04-14T03:17:00Z,data_query_v,TV-S-000801-11:V001,USR-040,"[""TV-STUDY-000801"", ""TV-LABORDER-000301"", ""TV-PROTOCOL-000801""]"
TV-STUDY-000791,Visit Rescheduled,2023-04-14T09:13:00Z,drug_kit_v,TV-S-000791-05:V003,USR-003,"[""TV-STUDY-000791"", ""TV-INVESTIGATOR-000291""]"
TV-STUDY-000803,Participant Reconsented,2023-04-14T09:19:00Z,data_query_v,TV-S-000803-11:V001,USR-074,"[""TV-STUDY-000803"", ""TV-LABORDER-000303"", ""TV-PROTOCOL-000803""]"
TV-STUDY-000805,Participant Reconsented,2023-04-14T15:21:00Z,data_query_v,TV-S-000805-11:V001,USR-108,"[""TV-STUDY-000805"", ""TV-LABORDER-000305""]"
TV-STUDY-000715,Visit Rescheduled,2023-04-14T16:00:00Z,drug_kit_v,TV-S-000715-05:V003,USR-108,"[""TV-STUDY-000715"", ""TV-INVESTIGATOR-000215"", ""TV-DISPENSATION-000215""]"
TV-STUDY-000715,Visit Missed,2023-04-14T16:37:00Z,lab_test_v,TV-S-000715-08:V002,USR-111,"[""TV-STUDY-000715"", ""TV-PARTICIPANT-000715""]"
TV-STUDY-000715,Participant Reconsented,2023-04-14T17:14:00Z,data_query_v,TV-S-000715-11:V003,USR-102,"[""TV-STUDY-000715"", ""TV-LABORDER-000215"", ""TV-PROTOCOL-000715""]"
TV-STUDY-000807,Participant Reconsented,2023-04-14T21:23:00Z,data_query_v,TV-S-000807-11:V001,USR-015,"[""TV-STUDY-000807"", ""TV-LABORDER-000307""]"
TV-STUDY-000809,Participant Reconsented,2023-04-15T03:25:00Z,data_query_v,TV-S-000809-11:V001,USR-049,"[""TV-STUDY-000809"", ""TV-LABORDER-000309""]"
TV-STUDY-000720,Visit Rescheduled,2023-04-15T07:00:00Z,drug_kit_v,TV-S-000720-05:V003,USR-066,"[""TV-STUDY-000720"", ""TV-INVESTIGATOR-000220"", ""TV-DISPENSATION-000220""]"
TV-STUDY-000720,Visit Missed,2023-04-15T07:37:00Z,lab_test_v,TV-S-000720-08:V002,USR-069,"[""TV-STUDY-000720"", ""TV-PARTICIPANT-000720"", ""TV-ALIQUOT-000220""]"
TV-STUDY-000720,Participant Reconsented,2023-04-15T08:14:00Z,data_query_v,TV-S-000720-11:V001,USR-060,"[""TV-STUDY-000720"", ""TV-LABORDER-000220""]"
TV-STUDY-000811,Participant Reconsented,2023-04-15T09:27:00Z,data_query_v,TV-S-000811-11:V001,USR-083,"[""TV-STUDY-000811"", ""TV-LABORDER-000311""]"
TV-STUDY-000813,Participant Reconsented,2023-04-15T15:29:00Z,data_query_v,TV-S-000813-11:V001,USR-117,"[""TV-STUDY-000813"", ""TV-LABORDER-000313""]"
TV-STUDY-000815,Participant Reconsented,2023-04-15T21:31:00Z,data_query_v,TV-S-000815-11:V001,USR-024,"[""TV-STUDY-000815"", ""TV-LABORDER-000315"", ""TV-PROTOCOL-000815""]"
TV-STUDY-000725,Visit Rescheduled,2023-04-15T22:00:00Z,drug_kit_v,TV-S-000725-05:V003,USR-024,"[""TV-STUDY-000725"", ""TV-INVESTIGATOR-000225""]"
TV-STUDY-000725,Visit Missed,2023-04-15T22:37:00Z,lab_test_v,TV-S-000725-08:V001,USR-027,"[""TV-STUDY-000725"", ""TV-PARTICIPANT-000725""]"
TV-STUDY-000725,Participant Reconsented,2023-04-15T23:14:00Z,data_query_v,TV-S-000725-11:V002,USR-018,"[""TV-STUDY-000725"", ""TV-LABORDER-000225""]"
TV-STUDY-000817,Participant Reconsented,2023-04-16T03:33:00Z,data_query_v,TV-S-000817-11:V001,USR-058,"[""TV-STUDY-000817"", ""TV-LABORDER-000317"", ""TV-PROTOCOL-000817""]"
TV-STUDY-000819,Participant Reconsented,2023-04-16T09:35:00Z,data_query_v,TV-S-000819-11:V001,USR-092,"[""TV-STUDY-000819"", ""TV-LABORDER-000319""]"
TV-STUDY-000730,Visit Rescheduled,2023-04-16T13:00:00Z,drug_kit_v,TV-S-000730-05:V003,USR-109,"[""TV-STUDY-000730"", ""TV-INVESTIGATOR-000230""]"
TV-STUDY-000730,Visit Missed,2023-04-16T13:37:00Z,lab_test_v,TV-S-000730-08:V002,USR-112,"[""TV-STUDY-000730"", ""TV-PARTICIPANT-000730""]"
TV-STUDY-000730,Participant Reconsented,2023-04-16T14:14:00Z,data_query_v,TV-S-000730-11:V001,USR-103,"[""TV-STUDY-000730"", ""TV-LABORDER-000230""]"
TV-STUDY-000821,Participant Reconsented,2023-04-16T15:37:00Z,data_query_v,TV-S-000821-11:V001,USR-126,"[""TV-STUDY-000821"", ""TV-LABORDER-000321"", ""TV-PROTOCOL-000821""]"
TV-STUDY-000823,Participant Reconsented,2023-04-16T21:39:00Z,data_query_v,TV-S-000823-11:V001,USR-033,"[""TV-STUDY-000823"", ""TV-LABORDER-000323""]"
TV-STUDY-000825,Participant Reconsented,2023-04-17T03:41:00Z,data_query_v,TV-S-000825-11:V001,USR-067,"[""TV-STUDY-000825"", ""TV-LABORDER-000325""]"
TV-STUDY-000735,Visit Rescheduled,2023-04-17T04:00:00Z,drug_kit_v,TV-S-000735-05:V002,USR-067,"[""TV-STUDY-000735"", ""TV-INVESTIGATOR-000235"", ""TV-DISPENSATION-000235""]"
TV-STUDY-000735,Visit Missed,2023-04-17T04:37:00Z,lab_test_v,TV-S-000735-08:V001,USR-070,"[""TV-STUDY-000735"", ""TV-PARTICIPANT-000735"", ""TV-ALIQUOT-000235""]"
TV-STUDY-000735,Participant Reconsented,2023-04-17T05:14:00Z,data_query_v,TV-S-000735-11:V003,USR-061,"[""TV-STUDY-000735"", ""TV-LABORDER-000235""]"
TV-STUDY-000814,Visit Rescheduled,2023-04-17T06:36:00Z,drug_kit_v,TV-S-000814-05:V002,USR-013,"[""TV-STUDY-000814"", ""TV-INVESTIGATOR-000314""]"
TV-STUDY-000827,Participant Reconsented,2023-04-17T09:43:00Z,data_query_v,TV-S-000827-11:V001,USR-101,"[""TV-STUDY-000827"", ""TV-LABORDER-000327""]"
TV-STUDY-000829,Participant Reconsented,2023-04-17T15:45:00Z,data_query_v,TV-S-000829-11:V001,USR-008,"[""TV-STUDY-000829"", ""TV-LABORDER-000329"", ""TV-PROTOCOL-000829""]"
TV-STUDY-000740,Visit Rescheduled,2023-04-17T19:00:00Z,drug_kit_v,TV-S-000740-05:V002,USR-025,"[""TV-STUDY-000740"", ""TV-INVESTIGATOR-000240"", ""TV-DISPENSATION-000240""]"
TV-STUDY-000740,Visit Missed,2023-04-17T19:37:00Z,lab_test_v,TV-S-000740-08:V003,USR-028,"[""TV-STUDY-000740"", ""TV-PARTICIPANT-000740""]"
TV-STUDY-000740,Participant Reconsented,2023-04-17T20:14:00Z,data_query_v,TV-S-000740-11:V001,USR-019,"[""TV-STUDY-000740"", ""TV-LABORDER-000240"", ""TV-PROTOCOL-000740""]"
TV-STUDY-000813,Visit Missed,2023-04-17T21:38:00Z,lab_test_v,TV-S-000813-08:V001,USR-126,"[""TV-STUDY-000813"", ""TV-PARTICIPANT-000813""]"
TV-STUDY-000831,Participant Reconsented,2023-04-17T21:47:00Z,data_query_v,TV-S-000831-11:V001,USR-042,"[""TV-STUDY-000831"", ""TV-LABORDER-000331"", ""TV-PROTOCOL-000831""]"
TV-STUDY-000833,Participant Reconsented,2023-04-18T03:49:00Z,data_query_v,TV-S-000833-11:V001,USR-076,"[""TV-STUDY-000833"", ""TV-LABORDER-000333"", ""TV-PROTOCOL-000833""]"
TV-STUDY-000835,Participant Reconsented,2023-04-18T09:51:00Z,data_query_v,TV-S-000835-11:V001,USR-110,"[""TV-STUDY-000835"", ""TV-LABORDER-000335""]"
TV-STUDY-000745,Visit Rescheduled,2023-04-18T10:00:00Z,drug_kit_v,TV-S-000745-05:V003,USR-110,"[""TV-STUDY-000745"", ""TV-INVESTIGATOR-000245""]"
TV-STUDY-000745,Visit Missed,2023-04-18T10:37:00Z,lab_test_v,TV-S-000745-08:V001,USR-113,"[""TV-STUDY-000745"", ""TV-PARTICIPANT-000745"", ""TV-ALIQUOT-000245""]"
TV-STUDY-000745,Participant Reconsented,2023-04-18T11:14:00Z,data_query_v,TV-S-000745-11:V003,USR-104,"[""TV-STUDY-000745"", ""TV-LABORDER-000245""]"
TV-STUDY-000837,Participant Reconsented,2023-04-18T15:00:00Z,data_query_v,TV-S-000837-11:V001,USR-017,"[""TV-STUDY-000837"", ""TV-LABORDER-000337"", ""TV-PROTOCOL-000837""]"
TV-STUDY-000839,Participant Reconsented,2023-04-18T21:02:00Z,data_query_v,TV-S-000839-11:V001,USR-051,"[""TV-STUDY-000839"", ""TV-LABORDER-000339""]"
TV-STUDY-000750,Visit Rescheduled,2023-04-19T01:00:00Z,drug_kit_v,TV-S-000750-05:V002,USR-068,"[""TV-STUDY-000750"", ""TV-INVESTIGATOR-000250""]"
TV-STUDY-000750,Visit Missed,2023-04-19T01:37:00Z,lab_test_v,TV-S-000750-08:V002,USR-071,"[""TV-STUDY-000750"", ""TV-PARTICIPANT-000750"", ""TV-ALIQUOT-000250""]"
TV-STUDY-000750,Participant Reconsented,2023-04-19T02:14:00Z,data_query_v,TV-S-000750-11:V001,USR-062,"[""TV-STUDY-000750"", ""TV-LABORDER-000250""]"
TV-STUDY-000841,Participant Reconsented,2023-04-19T03:04:00Z,data_query_v,TV-S-000841-11:V001,USR-085,"[""TV-STUDY-000841"", ""TV-LABORDER-000341""]"
TV-STUDY-000843,Participant Reconsented,2023-04-19T09:06:00Z,data_query_v,TV-S-000843-11:V001,USR-119,"[""TV-STUDY-000843"", ""TV-LABORDER-000343""]"
TV-STUDY-000845,Participant Reconsented,2023-04-19T15:08:00Z,data_query_v,TV-S-000845-11:V001,USR-026,"[""TV-STUDY-000845"", ""TV-LABORDER-000345""]"
TV-STUDY-000755,Visit Rescheduled,2023-04-19T16:00:00Z,drug_kit_v,TV-S-000755-05:V003,USR-026,"[""TV-STUDY-000755"", ""TV-INVESTIGATOR-000255"", ""TV-DISPENSATION-000255""]"
TV-STUDY-000755,Visit Missed,2023-04-19T16:37:00Z,lab_test_v,TV-S-000755-08:V001,USR-029,"[""TV-STUDY-000755"", ""TV-PARTICIPANT-000755"", ""TV-ALIQUOT-000255""]"
TV-STUDY-000755,Participant Reconsented,2023-04-19T17:14:00Z,data_query_v,TV-S-000755-11:V002,USR-020,"[""TV-STUDY-000755"", ""TV-LABORDER-000255""]"
TV-STUDY-000847,Participant Reconsented,2023-04-19T21:10:00Z,data_query_v,TV-S-000847-11:V001,USR-060,"[""TV-STUDY-000847"", ""TV-LABORDER-000347""]"
TV-STUDY-000837,Visit Rescheduled,2023-04-20T03:06:00Z,drug_kit_v,TV-S-000837-05:V002,USR-023,"[""TV-STUDY-000837"", ""TV-INVESTIGATOR-000337""]"
TV-STUDY-000849,Participant Reconsented,2023-04-20T03:12:00Z,data_query_v,TV-S-000849-11:V001,USR-094,"[""TV-STUDY-000849"", ""TV-LABORDER-000349"", ""TV-PROTOCOL-000849""]"
TV-STUDY-000760,Visit Rescheduled,2023-04-20T07:00:00Z,drug_kit_v,TV-S-000760-05:V004,USR-111,"[""TV-STUDY-000760"", ""TV-INVESTIGATOR-000260"", ""TV-DISPENSATION-000260""]"
TV-STUDY-000760,Visit Missed,2023-04-20T07:37:00Z,lab_test_v,TV-S-000760-08:V003,USR-114,"[""TV-STUDY-000760"", ""TV-PARTICIPANT-000760"", ""TV-ALIQUOT-000260""]"
TV-STUDY-000760,Participant Reconsented,2023-04-20T08:14:00Z,data_query_v,TV-S-000760-11:V001,USR-105,"[""TV-STUDY-000760"", ""TV-LABORDER-000260""]"
TV-STUDY-000851,Participant Reconsented,2023-04-20T09:14:00Z,data_query_v,TV-S-000851-11:V001,USR-001,"[""TV-STUDY-000851"", ""TV-LABORDER-000351"", ""TV-PROTOCOL-000851""]"
TV-STUDY-000853,Participant Reconsented,2023-04-20T15:16:00Z,data_query_v,TV-S-000853-11:V001,USR-035,"[""TV-STUDY-000853"", ""TV-LABORDER-000353""]"
TV-STUDY-000855,Participant Reconsented,2023-04-20T21:18:00Z,data_query_v,TV-S-000855-11:V001,USR-069,"[""TV-STUDY-000855"", ""TV-LABORDER-000355"", ""TV-PROTOCOL-000855""]"
TV-STUDY-000765,Visit Rescheduled,2023-04-20T22:00:00Z,drug_kit_v,TV-S-000765-05:V002,USR-069,"[""TV-STUDY-000765"", ""TV-INVESTIGATOR-000265"", ""TV-DISPENSATION-000265""]"
TV-STUDY-000765,Visit Missed,2023-04-20T22:37:00Z,lab_test_v,TV-S-000765-08:V001,USR-072,"[""TV-STUDY-000765"", ""TV-PARTICIPANT-000765"", ""TV-ALIQUOT-000265""]"
TV-STUDY-000765,Participant Reconsented,2023-04-20T23:14:00Z,data_query_v,TV-S-000765-11:V002,USR-063,"[""TV-STUDY-000765"", ""TV-LABORDER-000265""]"
TV-STUDY-000857,Participant Reconsented,2023-04-21T03:20:00Z,data_query_v,TV-S-000857-11:V001,USR-103,"[""TV-STUDY-000857"", ""TV-LABORDER-000357"", ""TV-PROTOCOL-000857""]"
TV-STUDY-000859,Participant Reconsented,2023-04-21T09:22:00Z,data_query_v,TV-S-000859-11:V001,USR-010,"[""TV-STUDY-000859"", ""TV-LABORDER-000359""]"
TV-STUDY-000770,Visit Rescheduled,2023-04-21T13:00:00Z,drug_kit_v,TV-S-000770-05:V004,USR-027,"[""TV-STUDY-000770"", ""TV-INVESTIGATOR-000270"", ""TV-DISPENSATION-000270""]"
TV-STUDY-000770,Visit Missed,2023-04-21T13:37:00Z,lab_test_v,TV-S-000770-08:V002,USR-030,"[""TV-STUDY-000770"", ""TV-PARTICIPANT-000770"", ""TV-ALIQUOT-000270""]"
TV-STUDY-000770,Participant Reconsented,2023-04-21T14:14:00Z,data_query_v,TV-S-000770-11:V001,USR-021,"[""TV-STUDY-000770"", ""TV-LABORDER-000270""]"
TV-STUDY-000861,Participant Reconsented,2023-04-21T15:24:00Z,data_query_v,TV-S-000861-11:V001,USR-044,"[""TV-STUDY-000861"", ""TV-LABORDER-000361""]"
TV-STUDY-000863,Participant Reconsented,2023-04-21T21:26:00Z,data_query_v,TV-S-000863-11:V001,USR-078,"[""TV-STUDY-000863"", ""TV-LABORDER-000363"", ""TV-PROTOCOL-000863""]"
TV-STUDY-000865,Participant Reconsented,2023-04-22T03:28:00Z,data_query_v,TV-S-000865-11:V001,USR-112,"[""TV-STUDY-000865"", ""TV-LABORDER-000365""]"
TV-STUDY-000775,Visit Rescheduled,2023-04-22T04:00:00Z,drug_kit_v,TV-S-000775-05:V003,USR-112,"[""TV-STUDY-000775"", ""TV-INVESTIGATOR-000275""]"
TV-STUDY-000775,Visit Missed,2023-04-22T04:37:00Z,lab_test_v,TV-S-000775-08:V001,USR-115,"[""TV-STUDY-000775"", ""TV-PARTICIPANT-000775""]"
TV-STUDY-000775,Participant Reconsented,2023-04-22T05:14:00Z,data_query_v,TV-S-000775-11:V003,USR-106,"[""TV-STUDY-000775"", ""TV-LABORDER-000275""]"
TV-STUDY-000867,Participant Reconsented,2023-04-22T09:30:00Z,data_query_v,TV-S-000867-11:V001,USR-019,"[""TV-STUDY-000867"", ""TV-LABORDER-000367""]"
TV-STUDY-000850,Visit Missed,2023-04-22T12:22:00Z,lab_test_v,TV-S-000850-08:V002,USR-120,"[""TV-STUDY-000850"", ""TV-PARTICIPANT-000850"", ""TV-ALIQUOT-000350""]"
TV-STUDY-000869,Participant Reconsented,2023-04-22T15:32:00Z,data_query_v,TV-S-000869-11:V001,USR-053,"[""TV-STUDY-000869"", ""TV-LABORDER-000369"", ""TV-PROTOCOL-000869""]"
TV-STUDY-000780,Visit Rescheduled,2023-04-22T19:00:00Z,drug_kit_v,TV-S-000780-05:V003,USR-070,"[""TV-STUDY-000780"", ""TV-INVESTIGATOR-000280""]"
TV-STUDY-000780,Visit Missed,2023-04-22T19:37:00Z,lab_test_v,TV-S-000780-08:V005,USR-073,"[""TV-STUDY-000780"", ""TV-PARTICIPANT-000780"", ""TV-ALIQUOT-000280""]"
TV-STUDY-000780,Participant Reconsented,2023-04-22T20:14:00Z,data_query_v,TV-S-000780-11:V003,USR-064,"[""TV-STUDY-000780"", ""TV-LABORDER-000280""]"
TV-STUDY-000871,Participant Reconsented,2023-04-22T21:34:00Z,data_query_v,TV-S-000871-11:V001,USR-087,"[""TV-STUDY-000871"", ""TV-LABORDER-000371""]"
TV-STUDY-000860,Visit Rescheduled,2023-04-23T00:29:00Z,drug_kit_v,TV-S-000860-05:V003,USR-033,"[""TV-STUDY-000860"", ""TV-INVESTIGATOR-000360""]"
TV-STUDY-000873,Participant Reconsented,2023-04-23T03:36:00Z,data_query_v,TV-S-000873-11:V001,USR-121,"[""TV-STUDY-000873"", ""TV-LABORDER-000373""]"
TV-STUDY-000875,Participant Reconsented,2023-04-23T09:38:00Z,data_query_v,TV-S-000875-11:V001,USR-028,"[""TV-STUDY-000875"", ""TV-LABORDER-000375""]"
TV-STUDY-000785,Visit Rescheduled,2023-04-23T10:00:00Z,drug_kit_v,TV-S-000785-05:V003,USR-028,"[""TV-STUDY-000785"", ""TV-INVESTIGATOR-000285""]"
TV-STUDY-000785,Visit Missed,2023-04-23T10:37:00Z,lab_test_v,TV-S-000785-08:V002,USR-031,"[""TV-STUDY-000785"", ""TV-PARTICIPANT-000785"", ""TV-ALIQUOT-000285""]"
TV-STUDY-000785,Participant Reconsented,2023-04-23T11:14:00Z,data_query_v,TV-S-000785-11:V002,USR-022,"[""TV-STUDY-000785"", ""TV-LABORDER-000285""]"
TV-STUDY-000877,Participant Reconsented,2023-04-23T15:40:00Z,data_query_v,TV-S-000877-11:V001,USR-062,"[""TV-STUDY-000877"", ""TV-LABORDER-000377"", ""TV-PROTOCOL-000877""]"
TV-STUDY-000879,Participant Reconsented,2023-04-23T21:42:00Z,data_query_v,TV-S-000879-11:V001,USR-096,"[""TV-STUDY-000879"", ""TV-LABORDER-000379""]"
TV-STUDY-000790,Visit Rescheduled,2023-04-24T01:00:00Z,drug_kit_v,TV-S-000790-05:V002,USR-113,"[""TV-STUDY-000790"", ""TV-INVESTIGATOR-000290"", ""TV-DISPENSATION-000290""]"
TV-STUDY-000790,Visit Missed,2023-04-24T01:37:00Z,lab_test_v,TV-S-000790-08:V002,USR-116,"[""TV-STUDY-000790"", ""TV-PARTICIPANT-000790"", ""TV-ALIQUOT-000290""]"
TV-STUDY-000790,Participant Reconsented,2023-04-24T02:14:00Z,data_query_v,TV-S-000790-11:V001,USR-107,"[""TV-STUDY-000790"", ""TV-LABORDER-000290""]"
TV-STUDY-000881,Participant Reconsented,2023-04-24T03:44:00Z,data_query_v,TV-S-000881-11:V001,USR-003,"[""TV-STUDY-000881"", ""TV-LABORDER-000381""]"
TV-STUDY-000883,Participant Reconsented,2023-04-24T09:46:00Z,data_query_v,TV-S-000883-11:V001,USR-037,"[""TV-STUDY-000883"", ""TV-LABORDER-000383""]"
TV-STUDY-000885,Participant Reconsented,2023-04-24T15:48:00Z,data_query_v,TV-S-000885-11:V001,USR-071,"[""TV-STUDY-000885"", ""TV-LABORDER-000385""]"
TV-STUDY-000795,Visit Rescheduled,2023-04-24T16:00:00Z,drug_kit_v,TV-S-000795-05:V002,USR-071,"[""TV-STUDY-000795"", ""TV-INVESTIGATOR-000295"", ""TV-DISPENSATION-000295""]"
TV-STUDY-000795,Visit Missed,2023-04-24T16:37:00Z,lab_test_v,TV-S-000795-08:V001,USR-074,"[""TV-STUDY-000795"", ""TV-PARTICIPANT-000795""]"
TV-STUDY-000795,Participant Reconsented,2023-04-24T17:14:00Z,data_query_v,TV-S-000795-11:V004,USR-065,"[""TV-STUDY-000795"", ""TV-LABORDER-000295"", ""TV-PROTOCOL-000795""]"
TV-STUDY-000887,Participant Reconsented,2023-04-24T21:50:00Z,data_query_v,TV-S-000887-11:V001,USR-105,"[""TV-STUDY-000887"", ""TV-LABORDER-000387"", ""TV-PROTOCOL-000887""]"
TV-STUDY-000889,Participant Reconsented,2023-04-25T03:52:00Z,data_query_v,TV-S-000889-11:V001,USR-012,"[""TV-STUDY-000889"", ""TV-LABORDER-000389""]"
TV-STUDY-000800,Visit Rescheduled,2023-04-25T07:00:00Z,drug_kit_v,TV-S-000800-05:V003,USR-029,"[""TV-STUDY-000800"", ""TV-INVESTIGATOR-000300"", ""TV-DISPENSATION-000300""]"
TV-STUDY-000800,Visit Missed,2023-04-25T07:37:00Z,lab_test_v,TV-S-000800-08:V002,USR-032,"[""TV-STUDY-000800"", ""TV-PARTICIPANT-000800""]"
TV-STUDY-000800,Participant Reconsented,2023-04-25T08:14:00Z,data_query_v,TV-S-000800-11:V001,USR-023,"[""TV-STUDY-000800"", ""TV-LABORDER-000300"", ""TV-PROTOCOL-000800""]"
TV-STUDY-000891,Participant Reconsented,2023-04-25T09:01:00Z,data_query_v,TV-S-000891-11:V001,USR-046,"[""TV-STUDY-000891"", ""TV-LABORDER-000391""]"
TV-STUDY-000893,Participant Reconsented,2023-04-25T15:03:00Z,data_query_v,TV-S-000893-11:V001,USR-080,"[""TV-STUDY-000893"", ""TV-LABORDER-000393""]"
TV-STUDY-000895,Participant Reconsented,2023-04-25T21:05:00Z,data_query_v,TV-S-000895-11:V001,USR-114,"[""TV-STUDY-000895"", ""TV-LABORDER-000395""]"
TV-STUDY-000883,Visit Rescheduled,2023-04-25T21:52:00Z,drug_kit_v,TV-S-000883-05:V003,USR-043,"[""TV-STUDY-000883"", ""TV-INVESTIGATOR-000383"", ""TV-DISPENSATION-000383""]"
TV-STUDY-000805,Visit Rescheduled,2023-04-25T22:00:00Z,drug_kit_v,TV-S-000805-05:V002,USR-114,"[""TV-STUDY-000805"", ""TV-INVESTIGATOR-000305"", ""TV-DISPENSATION-000305""]"
TV-STUDY-000805,Visit Missed,2023-04-25T22:37:00Z,lab_test_v,TV-S-000805-08:V001,USR-117,"[""TV-STUDY-000805"", ""TV-PARTICIPANT-000805"", ""TV-ALIQUOT-000305""]"
TV-STUDY-000805,Participant Reconsented,2023-04-25T23:14:00Z,data_query_v,TV-S-000805-11:V002,USR-108,"[""TV-STUDY-000805"", ""TV-LABORDER-000305""]"
TV-STUDY-000897,Participant Reconsented,2023-04-26T03:07:00Z,data_query_v,TV-S-000897-11:V001,USR-021,"[""TV-STUDY-000897"", ""TV-LABORDER-000397"", ""TV-PROTOCOL-000897""]"
TV-STUDY-000899,Participant Reconsented,2023-04-26T09:09:00Z,data_query_v,TV-S-000899-11:V001,USR-055,"[""TV-STUDY-000899"", ""TV-LABORDER-000399""]"
TV-STUDY-000810,Visit Rescheduled,2023-04-26T13:00:00Z,drug_kit_v,TV-S-000810-05:V002,USR-072,"[""TV-STUDY-000810"", ""TV-INVESTIGATOR-000310""]"
TV-STUDY-000810,Visit Missed,2023-04-26T13:37:00Z,lab_test_v,TV-S-000810-08:V003,USR-075,"[""TV-STUDY-000810"", ""TV-PARTICIPANT-000810""]"
TV-STUDY-000810,Participant Reconsented,2023-04-26T14:14:00Z,data_query_v,TV-S-000810-11:V002,USR-066,"[""TV-STUDY-000810"", ""TV-LABORDER-000310""]"
TV-STUDY-000901,Participant Reconsented,2023-04-26T15:11:00Z,data_query_v,TV-S-000901-11:V001,USR-089,"[""TV-STUDY-000901"", ""TV-LABORDER-000401"", ""TV-PROTOCOL-000901""]"
TV-STUDY-000903,Participant Reconsented,2023-04-26T21:13:00Z,data_query_v,TV-S-000903-11:V001,USR-123,"[""TV-STUDY-000903"", ""TV-LABORDER-000403""]"
TV-STUDY-000887,Visit Missed,2023-04-27T03:06:00Z,lab_test_v,TV-S-000887-08:V001,USR-114,"[""TV-STUDY-000887"", ""TV-PARTICIPANT-000887""]"
TV-STUDY-000905,Participant Reconsented,2023-04-27T03:15:00Z,data_query_v,TV-S-000905-11:V001,USR-030,"[""TV-STUDY-000905"", ""TV-LABORDER-000405"", ""TV-PROTOCOL-000905""]"
TV-STUDY-000815,Visit Rescheduled,2023-04-27T04:00:00Z,drug_kit_v,TV-S-000815-05:V003,USR-030,"[""TV-STUDY-000815"", ""TV-INVESTIGATOR-000315"", ""TV-DISPENSATION-000315""]"
TV-STUDY-000815,Visit Missed,2023-04-27T04:37:00Z,lab_test_v,TV-S-000815-08:V001,USR-033,"[""TV-STUDY-000815"", ""TV-PARTICIPANT-000815""]"
TV-STUDY-000815,Participant Reconsented,2023-04-27T05:14:00Z,data_query_v,TV-S-000815-11:V003,USR-024,"[""TV-STUDY-000815"", ""TV-LABORDER-000315"", ""TV-PROTOCOL-000815""]"
TV-STUDY-000907,Participant Reconsented,2023-04-27T09:17:00Z,data_query_v,TV-S-000907-11:V001,USR-064,"[""TV-STUDY-000907"", ""TV-LABORDER-000407"", ""TV-PROTOCOL-000907""]"
TV-STUDY-000909,Participant Reconsented,2023-04-27T15:19:00Z,data_query_v,TV-S-000909-11:V001,USR-098,"[""TV-STUDY-000909"", ""TV-LABORDER-000409""]"
TV-STUDY-000820,Visit Rescheduled,2023-04-27T19:00:00Z,drug_kit_v,TV-S-000820-05:V002,USR-115,"[""TV-STUDY-000820"", ""TV-INVESTIGATOR-000320"", ""TV-DISPENSATION-000320""]"
TV-STUDY-000820,Visit Missed,2023-04-27T19:37:00Z,lab_test_v,TV-S-000820-08:V003,USR-118,"[""TV-STUDY-000820"", ""TV-PARTICIPANT-000820""]"
TV-STUDY-000820,Participant Reconsented,2023-04-27T20:14:00Z,data_query_v,TV-S-000820-11:V001,USR-109,"[""TV-STUDY-000820"", ""TV-LABORDER-000320"", ""TV-PROTOCOL-000820""]"
TV-STUDY-000911,Participant Reconsented,2023-04-27T21:21:00Z,data_query_v,TV-S-000911-11:V001,USR-005,"[""TV-STUDY-000911"", ""TV-LABORDER-000411"", ""TV-PROTOCOL-000911""]"
TV-STUDY-000913,Participant Reconsented,2023-04-28T03:23:00Z,data_query_v,TV-S-000913-11:V001,USR-039,"[""TV-STUDY-000913"", ""TV-LABORDER-000413"", ""TV-PROTOCOL-000913""]"
TV-STUDY-000915,Participant Reconsented,2023-04-28T09:25:00Z,data_query_v,TV-S-000915-11:V001,USR-073,"[""TV-STUDY-000915"", ""TV-LABORDER-000415"", ""TV-PROTOCOL-000915""]"
TV-STUDY-000825,Visit Rescheduled,2023-04-28T10:00:00Z,drug_kit_v,TV-S-000825-05:V003,USR-073,"[""TV-STUDY-000825"", ""TV-INVESTIGATOR-000325""]"
TV-STUDY-000825,Visit Missed,2023-04-28T10:37:00Z,lab_test_v,TV-S-000825-08:V001,USR-076,"[""TV-STUDY-000825"", ""TV-PARTICIPANT-000825""]"
TV-STUDY-000825,Participant Reconsented,2023-04-28T11:14:00Z,data_query_v,TV-S-000825-11:V002,USR-067,"[""TV-STUDY-000825"", ""TV-LABORDER-000325""]"
TV-STUDY-000917,Participant Reconsented,2023-04-28T15:27:00Z,data_query_v,TV-S-000917-11:V001,USR-107,"[""TV-STUDY-000917"", ""TV-LABORDER-000417""]"
TV-STUDY-000906,Visit Rescheduled,2023-04-28T18:22:00Z,drug_kit_v,TV-S-000906-05:V002,USR-053,"[""TV-STUDY-000906"", ""TV-INVESTIGATOR-000406"", ""TV-DISPENSATION-000406""]"
TV-STUDY-000919,Participant Reconsented,2023-04-28T21:29:00Z,data_query_v,TV-S-000919-11:V001,USR-014,"[""TV-STUDY-000919"", ""TV-LABORDER-000419"", ""TV-PROTOCOL-000919""]"
TV-STUDY-000830,Visit Rescheduled,2023-04-29T01:00:00Z,drug_kit_v,TV-S-000830-05:V002,USR-031,"[""TV-STUDY-000830"", ""TV-INVESTIGATOR-000330"", ""TV-DISPENSATION-000330""]"
TV-STUDY-000830,Visit Missed,2023-04-29T01:37:00Z,lab_test_v,TV-S-000830-08:V002,USR-034,"[""TV-STUDY-000830"", ""TV-PARTICIPANT-000830"", ""TV-ALIQUOT-000330""]"
TV-STUDY-000830,Participant Reconsented,2023-04-29T02:14:00Z,data_query_v,TV-S-000830-11:V001,USR-025,"[""TV-STUDY-000830"", ""TV-LABORDER-000330""]"
TV-STUDY-000921,Participant Reconsented,2023-04-29T03:31:00Z,data_query_v,TV-S-000921-11:V001,USR-048,"[""TV-STUDY-000921"", ""TV-LABORDER-000421"", ""TV-PROTOCOL-000921""]"
TV-STUDY-000923,Participant Reconsented,2023-04-29T09:33:00Z,data_query_v,TV-S-000923-11:V001,USR-082,"[""TV-STUDY-000923"", ""TV-LABORDER-000423""]"
TV-STUDY-000925,Participant Reconsented,2023-04-29T15:35:00Z,data_query_v,TV-S-000925-11:V001,USR-116,"[""TV-STUDY-000925"", ""TV-LABORDER-000425"", ""TV-PROTOCOL-000925""]"
TV-STUDY-000835,Visit Rescheduled,2023-04-29T16:00:00Z,drug_kit_v,TV-S-000835-05:V003,USR-116,"[""TV-STUDY-000835"", ""TV-INVESTIGATOR-000335"", ""TV-DISPENSATION-000335""]"
TV-STUDY-000835,Visit Missed,2023-04-29T16:37:00Z,lab_test_v,TV-S-000835-08:V001,USR-119,"[""TV-STUDY-000835"", ""TV-PARTICIPANT-000835""]"
TV-STUDY-000835,Participant Reconsented,2023-04-29T17:14:00Z,data_query_v,TV-S-000835-11:V003,USR-110,"[""TV-STUDY-000835"", ""TV-LABORDER-000335"", ""TV-PROTOCOL-000835""]"
TV-STUDY-000927,Participant Reconsented,2023-04-29T21:37:00Z,data_query_v,TV-S-000927-11:V001,USR-023,"[""TV-STUDY-000927"", ""TV-LABORDER-000427""]"
TV-STUDY-000929,Participant Reconsented,2023-04-30T03:39:00Z,data_query_v,TV-S-000929-11:V001,USR-057,"[""TV-STUDY-000929"", ""TV-LABORDER-000429"", ""TV-PROTOCOL-000929""]"
TV-STUDY-000840,Visit Rescheduled,2023-04-30T07:00:00Z,drug_kit_v,TV-S-000840-05:V002,USR-074,"[""TV-STUDY-000840"", ""TV-INVESTIGATOR-000340""]"
TV-STUDY-000840,Visit Missed,2023-04-30T07:37:00Z,lab_test_v,TV-S-000840-08:V003,USR-077,"[""TV-STUDY-000840"", ""TV-PARTICIPANT-000840""]"
TV-STUDY-000840,Participant Reconsented,2023-04-30T08:14:00Z,data_query_v,TV-S-000840-11:V001,USR-068,"[""TV-STUDY-000840"", ""TV-LABORDER-000340""]"
TV-STUDY-000931,Participant Reconsented,2023-04-30T09:41:00Z,data_query_v,TV-S-000931-11:V001,USR-091,"[""TV-STUDY-000931"", ""TV-LABORDER-000431"", ""TV-PROTOCOL-000931""]"
TV-STUDY-000933,Participant Reconsented,2023-04-30T15:43:00Z,data_query_v,TV-S-000933-11:V001,USR-125,"[""TV-STUDY-000933"", ""TV-LABORDER-000433"", ""TV-PROTOCOL-000933""]"
TV-STUDY-000935,Participant Reconsented,2023-04-30T21:45:00Z,data_query_v,TV-S-000935-11:V001,USR-032,"[""TV-STUDY-000935"", ""TV-LABORDER-000435"", ""TV-PROTOCOL-000935""]"
TV-STUDY-000845,Visit Rescheduled,2023-04-30T22:00:00Z,drug_kit_v,TV-S-000845-05:V004,USR-032,"[""TV-STUDY-000845"", ""TV-INVESTIGATOR-000345"", ""TV-DISPENSATION-000345""]"
TV-STUDY-000845,Visit Missed,2023-04-30T22:37:00Z,lab_test_v,TV-S-000845-08:V003,USR-035,"[""TV-STUDY-000845"", ""TV-PARTICIPANT-000845"", ""TV-ALIQUOT-000345""]"
TV-STUDY-000845,Participant Reconsented,2023-04-30T23:14:00Z,data_query_v,TV-S-000845-11:V004,USR-026,"[""TV-STUDY-000845"", ""TV-LABORDER-000345""]"
TV-STUDY-000937,Participant Reconsented,2023-05-01T03:47:00Z,data_query_v,TV-S-000937-11:V001,USR-066,"[""TV-STUDY-000937"", ""TV-LABORDER-000437"", ""TV-PROTOCOL-000937""]"
TV-STUDY-000939,Participant Reconsented,2023-05-01T09:49:00Z,data_query_v,TV-S-000939-11:V001,USR-100,"[""TV-STUDY-000939"", ""TV-LABORDER-000439""]"
TV-STUDY-000850,Visit Rescheduled,2023-05-01T13:00:00Z,drug_kit_v,TV-S-000850-05:V002,USR-117,"[""TV-STUDY-000850"", ""TV-INVESTIGATOR-000350"", ""TV-DISPENSATION-000350""]"
TV-STUDY-000850,Visit Missed,2023-05-01T13:37:00Z,lab_test_v,TV-S-000850-08:V003,USR-120,"[""TV-STUDY-000850"", ""TV-PARTICIPANT-000850""]"
TV-STUDY-000850,Participant Reconsented,2023-05-01T14:14:00Z,data_query_v,TV-S-000850-11:V001,USR-111,"[""TV-STUDY-000850"", ""TV-LABORDER-000350"", ""TV-PROTOCOL-000850""]"
TV-STUDY-000929,Visit Rescheduled,2023-05-01T15:45:00Z,drug_kit_v,TV-S-000929-05:V003,USR-063,"[""TV-STUDY-000929"", ""TV-INVESTIGATOR-000429""]"
TV-STUDY-000941,Participant Reconsented,2023-05-01T15:51:00Z,data_query_v,TV-S-000941-11:V001,USR-007,"[""TV-STUDY-000941"", ""TV-LABORDER-000441"", ""TV-PROTOCOL-000941""]"
TV-STUDY-000924,Visit Missed,2023-05-01T18:43:00Z,lab_test_v,TV-S-000924-08:V003,USR-108,"[""TV-STUDY-000924"", ""TV-PARTICIPANT-000924""]"
TV-STUDY-000943,Participant Reconsented,2023-05-01T21:00:00Z,data_query_v,TV-S-000943-11:V001,USR-041,"[""TV-STUDY-000943"", ""TV-LABORDER-000443""]"
TV-STUDY-000945,Participant Reconsented,2023-05-02T03:02:00Z,data_query_v,TV-S-000945-11:V001,USR-075,"[""TV-STUDY-000945"", ""TV-LABORDER-000445"", ""TV-PROTOCOL-000945""]"
TV-STUDY-000855,Visit Rescheduled,2023-05-02T04:00:00Z,drug_kit_v,TV-S-000855-05:V003,USR-075,"[""TV-STUDY-000855"", ""TV-INVESTIGATOR-000355""]"
TV-STUDY-000855,Visit Missed,2023-05-02T04:37:00Z,lab_test_v,TV-S-000855-08:V001,USR-078,"[""TV-STUDY-000855"", ""TV-PARTICIPANT-000855""]"
TV-STUDY-000855,Participant Reconsented,2023-05-02T05:14:00Z,data_query_v,TV-S-000855-11:V002,USR-069,"[""TV-STUDY-000855"", ""TV-LABORDER-000355"", ""TV-PROTOCOL-000855""]"
TV-STUDY-000947,Participant Reconsented,2023-05-02T09:04:00Z,data_query_v,TV-S-000947-11:V001,USR-109,"[""TV-STUDY-000947"", ""TV-LABORDER-000447""]"
TV-STUDY-000949,Participant Reconsented,2023-05-02T15:06:00Z,data_query_v,TV-S-000949-11:V001,USR-016,"[""TV-STUDY-000949"", ""TV-LABORDER-000449"", ""TV-PROTOCOL-000949""]"
TV-STUDY-000860,Visit Rescheduled,2023-05-02T19:00:00Z,drug_kit_v,TV-S-000860-05:V005,USR-033,"[""TV-STUDY-000860"", ""TV-INVESTIGATOR-000360""]"
TV-STUDY-000860,Visit Missed,2023-05-02T19:37:00Z,lab_test_v,TV-S-000860-08:V002,USR-036,"[""TV-STUDY-000860"", ""TV-PARTICIPANT-000860""]"
TV-STUDY-000860,Participant Reconsented,2023-05-02T20:14:00Z,data_query_v,TV-S-000860-11:V001,USR-027,"[""TV-STUDY-000860"", ""TV-LABORDER-000360"", ""TV-PROTOCOL-000860""]"
TV-STUDY-000951,Participant Reconsented,2023-05-02T21:08:00Z,data_query_v,TV-S-000951-11:V001,USR-050,"[""TV-STUDY-000951"", ""TV-LABORDER-000451""]"
TV-STUDY-000953,Participant Reconsented,2023-05-03T03:10:00Z,data_query_v,TV-S-000953-11:V001,USR-084,"[""TV-STUDY-000953"", ""TV-LABORDER-000453""]"
TV-STUDY-000955,Participant Reconsented,2023-05-03T09:12:00Z,data_query_v,TV-S-000955-11:V001,USR-118,"[""TV-STUDY-000955"", ""TV-LABORDER-000455""]"
TV-STUDY-000865,Visit Rescheduled,2023-05-03T10:00:00Z,drug_kit_v,TV-S-000865-05:V002,USR-118,"[""TV-STUDY-000865"", ""TV-INVESTIGATOR-000365""]"
TV-STUDY-000865,Visit Missed,2023-05-03T10:37:00Z,lab_test_v,TV-S-000865-08:V001,USR-121,"[""TV-STUDY-000865"", ""TV-PARTICIPANT-000865""]"
TV-STUDY-000865,Participant Reconsented,2023-05-03T11:14:00Z,data_query_v,TV-S-000865-11:V002,USR-112,"[""TV-STUDY-000865"", ""TV-LABORDER-000365""]"
TV-STUDY-000957,Participant Reconsented,2023-05-03T15:14:00Z,data_query_v,TV-S-000957-11:V001,USR-025,"[""TV-STUDY-000957"", ""TV-LABORDER-000457"", ""TV-PROTOCOL-000957""]"
TV-STUDY-000959,Participant Reconsented,2023-05-03T21:16:00Z,data_query_v,TV-S-000959-11:V001,USR-059,"[""TV-STUDY-000959"", ""TV-LABORDER-000459""]"
TV-STUDY-000870,Visit Rescheduled,2023-05-04T01:00:00Z,drug_kit_v,TV-S-000870-05:V003,USR-076,"[""TV-STUDY-000870"", ""TV-INVESTIGATOR-000370""]"
TV-STUDY-000870,Visit Missed,2023-05-04T01:37:00Z,lab_test_v,TV-S-000870-08:V003,USR-079,"[""TV-STUDY-000870"", ""TV-PARTICIPANT-000870"", ""TV-ALIQUOT-000370""]"
TV-STUDY-000870,Participant Reconsented,2023-05-04T02:14:00Z,data_query_v,TV-S-000870-11:V001,USR-070,"[""TV-STUDY-000870"", ""TV-LABORDER-000370""]"
TV-STUDY-000961,Participant Reconsented,2023-05-04T03:18:00Z,data_query_v,TV-S-000961-11:V001,USR-093,"[""TV-STUDY-000961"", ""TV-LABORDER-000461""]"
TV-STUDY-000963,Participant Reconsented,2023-05-04T09:20:00Z,data_query_v,TV-S-000963-11:V001,USR-127,"[""TV-STUDY-000963"", ""TV-LABORDER-000463"", ""TV-PROTOCOL-000963""]"
TV-STUDY-000952,Visit Rescheduled,2023-05-04T12:15:00Z,drug_kit_v,TV-S-000952-05:V002,USR-073,"[""TV-STUDY-000952"", ""TV-INVESTIGATOR-000452""]"
TV-STUDY-000965,Participant Reconsented,2023-05-04T15:22:00Z,data_query_v,TV-S-000965-11:V001,USR-034,"[""TV-STUDY-000965"", ""TV-LABORDER-000465""]"
TV-STUDY-000875,Visit Rescheduled,2023-05-04T16:00:00Z,drug_kit_v,TV-S-000875-05:V004,USR-034,"[""TV-STUDY-000875"", ""TV-INVESTIGATOR-000375""]"
TV-STUDY-000875,Visit Missed,2023-05-04T16:37:00Z,lab_test_v,TV-S-000875-08:V001,USR-037,"[""TV-STUDY-000875"", ""TV-PARTICIPANT-000875""]"
TV-STUDY-000875,Participant Reconsented,2023-05-04T17:14:00Z,data_query_v,TV-S-000875-11:V002,USR-028,"[""TV-STUDY-000875"", ""TV-LABORDER-000375"", ""TV-PROTOCOL-000875""]"
TV-STUDY-000967,Participant Reconsented,2023-05-04T21:24:00Z,data_query_v,TV-S-000967-11:V001,USR-068,"[""TV-STUDY-000967"", ""TV-LABORDER-000467""]"
TV-STUDY-000969,Participant Reconsented,2023-05-05T03:26:00Z,data_query_v,TV-S-000969-11:V001,USR-102,"[""TV-STUDY-000969"", ""TV-LABORDER-000469""]"
TV-STUDY-000880,Visit Rescheduled,2023-05-05T07:00:00Z,drug_kit_v,TV-S-000880-05:V003,USR-119,"[""TV-STUDY-000880"", ""TV-INVESTIGATOR-000380""]"
TV-STUDY-000880,Visit Missed,2023-05-05T07:37:00Z,lab_test_v,TV-S-000880-08:V003,USR-122,"[""TV-STUDY-000880"", ""TV-PARTICIPANT-000880""]"
TV-STUDY-000880,Participant Reconsented,2023-05-05T08:14:00Z,data_query_v,TV-S-000880-11:V001,USR-113,"[""TV-STUDY-000880"", ""TV-LABORDER-000380"", ""TV-PROTOCOL-000880""]"
TV-STUDY-000971,Participant Reconsented,2023-05-05T09:28:00Z,data_query_v,TV-S-000971-11:V001,USR-009,"[""TV-STUDY-000971"", ""TV-LABORDER-000471""]"
TV-STUDY-000973,Participant Reconsented,2023-05-05T15:30:00Z,data_query_v,TV-S-000973-11:V001,USR-043,"[""TV-STUDY-000973"", ""TV-LABORDER-000473"", ""TV-PROTOCOL-000973""]"
TV-STUDY-000975,Participant Reconsented,2023-05-05T21:32:00Z,data_query_v,TV-S-000975-11:V001,USR-077,"[""TV-STUDY-000975"", ""TV-LABORDER-000475"", ""TV-PROTOCOL-000975""]"
TV-STUDY-000885,Visit Rescheduled,2023-05-05T22:00:00Z,drug_kit_v,TV-S-000885-05:V002,USR-077,"[""TV-STUDY-000885"", ""TV-INVESTIGATOR-000385"", ""TV-DISPENSATION-000385""]"
TV-STUDY-000885,Visit Missed,2023-05-05T22:37:00Z,lab_test_v,TV-S-000885-08:V001,USR-080,"[""TV-STUDY-000885"", ""TV-PARTICIPANT-000885""]"
TV-STUDY-000885,Participant Reconsented,2023-05-05T23:14:00Z,data_query_v,TV-S-000885-11:V003,USR-071,"[""TV-STUDY-000885"", ""TV-LABORDER-000385"", ""TV-PROTOCOL-000885""]"
TV-STUDY-000977,Participant Reconsented,2023-05-06T03:34:00Z,data_query_v,TV-S-000977-11:V001,USR-111,"[""TV-STUDY-000977"", ""TV-LABORDER-000477""]"
TV-STUDY-000961,Visit Missed,2023-05-06T09:27:00Z,lab_test_v,TV-S-000961-08:V001,USR-102,"[""TV-STUDY-000961"", ""TV-PARTICIPANT-000961""]"
TV-STUDY-000979,Participant Reconsented,2023-05-06T09:36:00Z,data_query_v,TV-S-000979-11:V001,USR-018,"[""TV-STUDY-000979"", ""TV-LABORDER-000479""]"
TV-STUDY-000890,Visit Rescheduled,2023-05-06T13:00:00Z,drug_kit_v,TV-S-000890-05:V002,USR-035,"[""TV-STUDY-000890"", ""TV-INVESTIGATOR-000390""]"
TV-STUDY-000890,Visit Missed,2023-05-06T13:37:00Z,lab_test_v,TV-S-000890-08:V002,USR-038,"[""TV-STUDY-000890"", ""TV-PARTICIPANT-000890"", ""TV-ALIQUOT-000390""]"
TV-STUDY-000890,Participant Reconsented,2023-05-06T14:14:00Z,data_query_v,TV-S-000890-11:V001,USR-029,"[""TV-STUDY-000890"", ""TV-LABORDER-000390""]"
TV-STUDY-000981,Participant Reconsented,2023-05-06T15:38:00Z,data_query_v,TV-S-000981-11:V001,USR-052,"[""TV-STUDY-000981"", ""TV-LABORDER-000481""]"
TV-STUDY-000983,Participant Reconsented,2023-05-06T21:40:00Z,data_query_v,TV-S-000983-11:V001,USR-086,"[""TV-STUDY-000983"", ""TV-LABORDER-000483"", ""TV-PROTOCOL-000983""]"
TV-STUDY-000985,Participant Reconsented,2023-05-07T03:42:00Z,data_query_v,TV-S-000985-11:V001,USR-120,"[""TV-STUDY-000985"", ""TV-LABORDER-000485"", ""TV-PROTOCOL-000985""]"
TV-STUDY-000895,Visit Rescheduled,2023-05-07T04:00:00Z,drug_kit_v,TV-S-000895-05:V003,USR-120,"[""TV-STUDY-000895"", ""TV-INVESTIGATOR-000395""]"
TV-STUDY-000895,Visit Missed,2023-05-07T04:37:00Z,lab_test_v,TV-S-000895-08:V001,USR-123,"[""TV-STUDY-000895"", ""TV-PARTICIPANT-000895""]"
TV-STUDY-000895,Participant Reconsented,2023-05-07T05:14:00Z,data_query_v,TV-S-000895-11:V002,USR-114,"[""TV-STUDY-000895"", ""TV-LABORDER-000395"", ""TV-PROTOCOL-000895""]"
TV-STUDY-000975,Visit Rescheduled,2023-05-07T09:38:00Z,drug_kit_v,TV-S-000975-05:V002,USR-083,"[""TV-STUDY-000975"", ""TV-INVESTIGATOR-000475"", ""TV-DISPENSATION-000475""]"
TV-STUDY-000987,Participant Reconsented,2023-05-07T09:44:00Z,data_query_v,TV-S-000987-11:V001,USR-027,"[""TV-STUDY-000987"", ""TV-LABORDER-000487""]"
TV-STUDY-000989,Participant Reconsented,2023-05-07T15:46:00Z,data_query_v,TV-S-000989-11:V001,USR-061,"[""TV-STUDY-000989"", ""TV-LABORDER-000489""]"
TV-STUDY-000900,Visit Rescheduled,2023-05-07T19:00:00Z,drug_kit_v,TV-S-000900-05:V002,USR-078,"[""TV-STUDY-000900"", ""TV-INVESTIGATOR-000400"", ""TV-DISPENSATION-000400""]"
TV-STUDY-000900,Visit Missed,2023-05-07T19:37:00Z,lab_test_v,TV-S-000900-08:V004,USR-081,"[""TV-STUDY-000900"", ""TV-PARTICIPANT-000900""]"
TV-STUDY-000900,Participant Reconsented,2023-05-07T20:14:00Z,data_query_v,TV-S-000900-11:V001,USR-072,"[""TV-STUDY-000900"", ""TV-LABORDER-000400"", ""TV-PROTOCOL-000900""]"
TV-STUDY-000991,Participant Reconsented,2023-05-07T21:48:00Z,data_query_v,TV-S-000991-11:V001,USR-095,"[""TV-STUDY-000991"", ""TV-LABORDER-000491""]"
TV-STUDY-000993,Participant Reconsented,2023-05-08T03:50:00Z,data_query_v,TV-S-000993-11:V001,USR-002,"[""TV-STUDY-000993"", ""TV-LABORDER-000493"", ""TV-PROTOCOL-000993""]"
TV-STUDY-000995,Participant Reconsented,2023-05-08T09:52:00Z,data_query_v,TV-S-000995-11:V001,USR-036,"[""TV-STUDY-000995"", ""TV-LABORDER-000495""]"
TV-STUDY-000905,Visit Rescheduled,2023-05-08T10:00:00Z,drug_kit_v,TV-S-000905-05:V002,USR-036,"[""TV-STUDY-000905"", ""TV-INVESTIGATOR-000405""]"
TV-STUDY-000905,Visit Missed,2023-05-08T10:37:00Z,lab_test_v,TV-S-000905-08:V001,USR-039,"[""TV-STUDY-000905"", ""TV-PARTICIPANT-000905""]"
TV-STUDY-000905,Participant Reconsented,2023-05-08T11:14:00Z,data_query_v,TV-S-000905-11:V003,USR-030,"[""TV-STUDY-000905"", ""TV-LABORDER-000405"", ""TV-PROTOCOL-000905""]"
TV-STUDY-000997,Participant Reconsented,2023-05-08T15:01:00Z,data_query_v,TV-S-000997-11:V001,USR-070,"[""TV-STUDY-000997"", ""TV-LABORDER-000497""]"
TV-STUDY-000999,Participant Reconsented,2023-05-08T21:03:00Z,data_query_v,TV-S-000999-11:V001,USR-104,"[""TV-STUDY-000999"", ""TV-LABORDER-000499""]"
TV-STUDY-000910,Visit Rescheduled,2023-05-09T01:00:00Z,drug_kit_v,TV-S-000910-05:V003,USR-121,"[""TV-STUDY-000910"", ""TV-INVESTIGATOR-000410"", ""TV-DISPENSATION-000410""]"
TV-STUDY-000910,Visit Missed,2023-05-09T01:37:00Z,lab_test_v,TV-S-000910-08:V003,USR-124,"[""TV-STUDY-000910"", ""TV-PARTICIPANT-000910""]"
TV-STUDY-000910,Participant Reconsented,2023-05-09T02:14:00Z,data_query_v,TV-S-000910-11:V003,USR-115,"[""TV-STUDY-000910"", ""TV-LABORDER-000410"", ""TV-PROTOCOL-000910""]"
TV-STUDY-001001,Participant Reconsented,2023-05-09T03:05:00Z,data_query_v,TV-S-001001-11:V001,USR-011,"[""TV-STUDY-001001"", ""TV-LABORDER-000001""]"
TV-STUDY-001003,Participant Reconsented,2023-05-09T09:07:00Z,data_query_v,TV-S-001003-11:V001,USR-045,"[""TV-STUDY-001003"", ""TV-LABORDER-000003""]"
TV-STUDY-001005,Participant Reconsented,2023-05-09T15:09:00Z,data_query_v,TV-S-001005-11:V001,USR-079,"[""TV-STUDY-001005"", ""TV-LABORDER-000005""]"
TV-STUDY-000915,Visit Rescheduled,2023-05-09T16:00:00Z,drug_kit_v,TV-S-000915-05:V002,USR-079,"[""TV-STUDY-000915"", ""TV-INVESTIGATOR-000415""]"
TV-STUDY-000915,Visit Missed,2023-05-09T16:37:00Z,lab_test_v,TV-S-000915-08:V001,USR-082,"[""TV-STUDY-000915"", ""TV-PARTICIPANT-000915""]"
TV-STUDY-000915,Participant Reconsented,2023-05-09T17:14:00Z,data_query_v,TV-S-000915-11:V003,USR-073,"[""TV-STUDY-000915"", ""TV-LABORDER-000415""]"
TV-STUDY-001007,Participant Reconsented,2023-05-09T21:11:00Z,data_query_v,TV-S-001007-11:V001,USR-113,"[""TV-STUDY-001007"", ""TV-LABORDER-000007""]"
TV-STUDY-001009,Participant Reconsented,2023-05-10T03:13:00Z,data_query_v,TV-S-001009-11:V001,USR-020,"[""TV-STUDY-001009"", ""TV-LABORDER-000009"", ""TV-PROTOCOL-001009""]"
TV-STUDY-000998,Visit Rescheduled,2023-05-10T06:08:00Z,drug_kit_v,TV-S-000998-05:V003,USR-093,"[""TV-STUDY-000998"", ""TV-INVESTIGATOR-000498""]"
TV-STUDY-000920,Visit Rescheduled,2023-05-10T07:00:00Z,drug_kit_v,TV-S-000920-05:V003,USR-037,"[""TV-STUDY-000920"", ""TV-INVESTIGATOR-000420"", ""TV-DISPENSATION-000420""]"
TV-STUDY-000920,Visit Missed,2023-05-10T07:37:00Z,lab_test_v,TV-S-000920-08:V002,USR-040,"[""TV-STUDY-000920"", ""TV-PARTICIPANT-000920""]"
TV-STUDY-000920,Participant Reconsented,2023-05-10T08:14:00Z,data_query_v,TV-S-000920-11:V001,USR-031,"[""TV-STUDY-000920"", ""TV-LABORDER-000420"", ""TV-PROTOCOL-000920""]"
TV-STUDY-001011,Participant Reconsented,2023-05-10T09:15:00Z,data_query_v,TV-S-001011-11:V001,USR-054,"[""TV-STUDY-001011"", ""TV-LABORDER-000011"", ""TV-PROTOCOL-001011""]"
TV-STUDY-001013,Participant Reconsented,2023-05-10T15:17:00Z,data_query_v,TV-S-001013-11:V001,USR-088,"[""TV-STUDY-001013"", ""TV-LABORDER-000013""]"
TV-STUDY-001015,Participant Reconsented,2023-05-10T21:19:00Z,data_query_v,TV-S-001015-11:V001,USR-122,"[""TV-STUDY-001015"", ""TV-LABORDER-000015""]"
TV-STUDY-000925,Visit Rescheduled,2023-05-10T22:00:00Z,drug_kit_v,TV-S-000925-05:V002,USR-122,"[""TV-STUDY-000925"", ""TV-INVESTIGATOR-000425"", ""TV-DISPENSATION-000425""]"
TV-STUDY-000925,Visit Missed,2023-05-10T22:37:00Z,lab_test_v,TV-S-000925-08:V001,USR-125,"[""TV-STUDY-000925"", ""TV-PARTICIPANT-000925""]"
TV-STUDY-000925,Participant Reconsented,2023-05-10T23:14:00Z,data_query_v,TV-S-000925-11:V003,USR-116,"[""TV-STUDY-000925"", ""TV-LABORDER-000425"", ""TV-PROTOCOL-000925""]"
TV-STUDY-000998,Visit Missed,2023-05-11T00:11:00Z,lab_test_v,TV-S-000998-08:V002,USR-096,"[""TV-STUDY-000998"", ""TV-PARTICIPANT-000998"", ""TV-ALIQUOT-000498""]"
TV-STUDY-001017,Participant Reconsented,2023-05-11T03:21:00Z,data_query_v,TV-S-001017-11:V001,USR-029,"[""TV-STUDY-001017"", ""TV-LABORDER-000017""]"
TV-STUDY-001019,Participant Reconsented,2023-05-11T09:23:00Z,data_query_v,TV-S-001019-11:V001,USR-063,"[""TV-STUDY-001019"", ""TV-LABORDER-000019""]"
TV-STUDY-000930,Visit Rescheduled,2023-05-11T13:00:00Z,drug_kit_v,TV-S-000930-05:V002,USR-080,"[""TV-STUDY-000930"", ""TV-INVESTIGATOR-000430"", ""TV-DISPENSATION-000430""]"
TV-STUDY-000930,Visit Missed,2023-05-11T13:37:00Z,lab_test_v,TV-S-000930-08:V002,USR-083,"[""TV-STUDY-000930"", ""TV-PARTICIPANT-000930"", ""TV-ALIQUOT-000430""]"
TV-STUDY-000930,Participant Reconsented,2023-05-11T14:14:00Z,data_query_v,TV-S-000930-11:V001,USR-074,"[""TV-STUDY-000930"", ""TV-LABORDER-000430""]"
TV-STUDY-001021,Participant Reconsented,2023-05-11T15:25:00Z,data_query_v,TV-S-001021-11:V001,USR-097,"[""TV-STUDY-001021"", ""TV-LABORDER-000021""]"
TV-STUDY-001023,Participant Reconsented,2023-05-11T21:27:00Z,data_query_v,TV-S-001023-11:V001,USR-004,"[""TV-STUDY-001023"", ""TV-LABORDER-000023""]"
TV-STUDY-001025,Participant Reconsented,2023-05-12T03:29:00Z,data_query_v,TV-S-001025-11:V001,USR-038,"[""TV-STUDY-001025"", ""TV-LABORDER-000025"", ""TV-PROTOCOL-001025""]"
TV-STUDY-000935,Visit Rescheduled,2023-05-12T04:00:00Z,drug_kit_v,TV-S-000935-05:V002,USR-038,"[""TV-STUDY-000935"", ""TV-INVESTIGATOR-000435"", ""TV-DISPENSATION-000435""]"
TV-STUDY-000935,Visit Missed,2023-05-12T04:37:00Z,lab_test_v,TV-S-000935-08:V001,USR-041,"[""TV-STUDY-000935"", ""TV-PARTICIPANT-000935""]"
TV-STUDY-000935,Participant Reconsented,2023-05-12T05:14:00Z,data_query_v,TV-S-000935-11:V002,USR-032,"[""TV-STUDY-000935"", ""TV-LABORDER-000435"", ""TV-PROTOCOL-000935""]"
TV-STUDY-001027,Participant Reconsented,2023-05-12T09:31:00Z,data_query_v,TV-S-001027-11:V001,USR-072,"[""TV-STUDY-001027"", ""TV-LABORDER-000027""]"
TV-STUDY-001029,Participant Reconsented,2023-05-12T15:33:00Z,data_query_v,TV-S-001029-11:V001,USR-106,"[""TV-STUDY-001029"", ""TV-LABORDER-000029"", ""TV-PROTOCOL-001029""]"
TV-STUDY-000940,Visit Rescheduled,2023-05-12T19:00:00Z,drug_kit_v,TV-S-000940-05:V002,USR-123,"[""TV-STUDY-000940"", ""TV-INVESTIGATOR-000440"", ""TV-DISPENSATION-000440""]"
TV-STUDY-000940,Visit Missed,2023-05-12T19:37:00Z,lab_test_v,TV-S-000940-08:V002,USR-126,"[""TV-STUDY-000940"", ""TV-PARTICIPANT-000940"", ""TV-ALIQUOT-000440""]"
TV-STUDY-000940,Participant Reconsented,2023-05-12T20:14:00Z,data_query_v,TV-S-000940-11:V001,USR-117,"[""TV-STUDY-000940"", ""TV-LABORDER-000440""]"
TV-STUDY-001031,Participant Reconsented,2023-05-12T21:35:00Z,data_query_v,TV-S-001031-11:V001,USR-013,"[""TV-STUDY-001031"", ""TV-LABORDER-000031"", ""TV-PROTOCOL-001031""]"
TV-STUDY-001021,Visit Rescheduled,2023-05-13T03:31:00Z,drug_kit_v,TV-S-001021-05:V002,USR-103,"[""TV-STUDY-001021"", ""TV-INVESTIGATOR-000021"", ""TV-DISPENSATION-000021""]"
TV-STUDY-001033,Participant Reconsented,2023-05-13T03:37:00Z,data_query_v,TV-S-001033-11:V001,USR-047,"[""TV-STUDY-001033"", ""TV-LABORDER-000033""]"
TV-STUDY-001035,Participant Reconsented,2023-05-13T09:39:00Z,data_query_v,TV-S-001035-11:V001,USR-081,"[""TV-STUDY-001035"", ""TV-LABORDER-000035"", ""TV-PROTOCOL-001035""]"
TV-STUDY-000945,Visit Rescheduled,2023-05-13T10:00:00Z,drug_kit_v,TV-S-000945-05:V002,USR-081,"[""TV-STUDY-000945"", ""TV-INVESTIGATOR-000445"", ""TV-DISPENSATION-000445""]"
TV-STUDY-000945,Visit Missed,2023-05-13T10:37:00Z,lab_test_v,TV-S-000945-08:V001,USR-084,"[""TV-STUDY-000945"", ""TV-PARTICIPANT-000945"", ""TV-ALIQUOT-000445""]"
TV-STUDY-000945,Participant Reconsented,2023-05-13T11:14:00Z,data_query_v,TV-S-000945-11:V003,USR-075,"[""TV-STUDY-000945"", ""TV-LABORDER-000445""]"
TV-STUDY-001037,Participant Reconsented,2023-05-13T15:41:00Z,data_query_v,TV-S-001037-11:V001,USR-115,"[""TV-STUDY-001037"", ""TV-LABORDER-000037""]"
TV-STUDY-001039,Participant Reconsented,2023-05-13T21:43:00Z,data_query_v,TV-S-001039-11:V001,USR-022,"[""TV-STUDY-001039"", ""TV-LABORDER-000039""]"
TV-STUDY-000950,Visit Rescheduled,2023-05-14T01:00:00Z,drug_kit_v,TV-S-000950-05:V002,USR-039,"[""TV-STUDY-000950"", ""TV-INVESTIGATOR-000450""]"
TV-STUDY-000950,Visit Missed,2023-05-14T01:37:00Z,lab_test_v,TV-S-000950-08:V003,USR-042,"[""TV-STUDY-000950"", ""TV-PARTICIPANT-000950""]"
TV-STUDY-000950,Participant Reconsented,2023-05-14T02:14:00Z,data_query_v,TV-S-000950-11:V001,USR-033,"[""TV-STUDY-000950"", ""TV-LABORDER-000450""]"
TV-STUDY-001041,Participant Reconsented,2023-05-14T03:45:00Z,data_query_v,TV-S-001041-11:V001,USR-056,"[""TV-STUDY-001041"", ""TV-LABORDER-000041""]"
TV-STUDY-001043,Participant Reconsented,2023-05-14T09:47:00Z,data_query_v,TV-S-001043-11:V001,USR-090,"[""TV-STUDY-001043"", ""TV-LABORDER-000043""]"
TV-STUDY-001045,Participant Reconsented,2023-05-14T15:49:00Z,data_query_v,TV-S-001045-11:V001,USR-124,"[""TV-STUDY-001045"", ""TV-LABORDER-000045""]"
TV-STUDY-000955,Visit Rescheduled,2023-05-14T16:00:00Z,drug_kit_v,TV-S-000955-05:V005,USR-124,"[""TV-STUDY-000955"", ""TV-INVESTIGATOR-000455"", ""TV-DISPENSATION-000455""]"
TV-STUDY-000955,Visit Missed,2023-05-14T16:37:00Z,lab_test_v,TV-S-000955-08:V001,USR-127,"[""TV-STUDY-000955"", ""TV-PARTICIPANT-000955"", ""TV-ALIQUOT-000455""]"
TV-STUDY-000955,Participant Reconsented,2023-05-14T17:14:00Z,data_query_v,TV-S-000955-11:V002,USR-118,"[""TV-STUDY-000955"", ""TV-LABORDER-000455""]"
TV-STUDY-001047,Participant Reconsented,2023-05-14T21:51:00Z,data_query_v,TV-S-001047-11:V001,USR-031,"[""TV-STUDY-001047"", ""TV-LABORDER-000047"", ""TV-PROTOCOL-001047""]"
TV-STUDY-001049,Participant Reconsented,2023-05-15T03:00:00Z,data_query_v,TV-S-001049-11:V001,USR-065,"[""TV-STUDY-001049"", ""TV-LABORDER-000049""]"
TV-STUDY-000960,Visit Rescheduled,2023-05-15T07:00:00Z,drug_kit_v,TV-S-000960-05:V002,USR-082,"[""TV-STUDY-000960"", ""TV-INVESTIGATOR-000460""]"
TV-STUDY-000960,Visit Missed,2023-05-15T07:37:00Z,lab_test_v,TV-S-000960-08:V002,USR-085,"[""TV-STUDY-000960"", ""TV-PARTICIPANT-000960"", ""TV-ALIQUOT-000460""]"
TV-STUDY-000960,Participant Reconsented,2023-05-15T08:14:00Z,data_query_v,TV-S-000960-11:V001,USR-076,"[""TV-STUDY-000960"", ""TV-LABORDER-000460""]"
TV-STUDY-001051,Participant Reconsented,2023-05-15T09:02:00Z,data_query_v,TV-S-001051-11:V001,USR-099,"[""TV-STUDY-001051"", ""TV-LABORDER-000051""]"
TV-STUDY-001053,Participant Reconsented,2023-05-15T15:04:00Z,data_query_v,TV-S-001053-11:V001,USR-006,"[""TV-STUDY-001053"", ""TV-LABORDER-000053""]"
TV-STUDY-001035,Visit Missed,2023-05-15T15:48:00Z,lab_test_v,TV-S-001035-08:V001,USR-090,"[""TV-STUDY-001035"", ""TV-PARTICIPANT-001035"", ""TV-ALIQUOT-000035""]"
TV-STUDY-001055,Participant Reconsented,2023-05-15T21:06:00Z,data_query_v,TV-S-001055-11:V001,USR-040,"[""TV-STUDY-001055"", ""TV-LABORDER-000055""]"
TV-STUDY-000965,Visit Rescheduled,2023-05-15T22:00:00Z,drug_kit_v,TV-S-000965-05:V003,USR-040,"[""TV-STUDY-000965"", ""TV-INVESTIGATOR-000465""]"
TV-STUDY-000965,Visit Missed,2023-05-15T22:37:00Z,lab_test_v,TV-S-000965-08:V001,USR-043,"[""TV-STUDY-000965"", ""TV-PARTICIPANT-000965""]"
TV-STUDY-000965,Participant Reconsented,2023-05-15T23:14:00Z,data_query_v,TV-S-000965-11:V002,USR-034,"[""TV-STUDY-000965"", ""TV-LABORDER-000465"", ""TV-PROTOCOL-000965""]"
TV-STUDY-001044,Visit Rescheduled,2023-05-16T00:01:00Z,drug_kit_v,TV-S-001044-05:V002,USR-113,"[""TV-STUDY-001044"", ""TV-INVESTIGATOR-000044"", ""TV-DISPENSATION-000044""]"
TV-STUDY-001057,Participant Reconsented,2023-05-16T03:08:00Z,data_query_v,TV-S-001057-11:V001,USR-074,"[""TV-STUDY-001057"", ""TV-LABORDER-000057""]"
TV-STUDY-001059,Participant Reconsented,2023-05-16T09:10:00Z,data_query_v,TV-S-001059-11:V001,USR-108,"[""TV-STUDY-001059"", ""TV-LABORDER-000059""]"
TV-STUDY-000970,Visit Rescheduled,2023-05-16T13:00:00Z,drug_kit_v,TV-S-000970-05:V003,USR-125,"[""TV-STUDY-000970"", ""TV-INVESTIGATOR-000470""]"
TV-STUDY-000970,Visit Missed,2023-05-16T13:37:00Z,lab_test_v,TV-S-000970-08:V002,USR-001,"[""TV-STUDY-000970"", ""TV-PARTICIPANT-000970""]"
TV-STUDY-000970,Participant Reconsented,2023-05-16T14:14:00Z,data_query_v,TV-S-000970-11:V001,USR-119,"[""TV-STUDY-000970"", ""TV-LABORDER-000470"", ""TV-PROTOCOL-000970""]"
TV-STUDY-001061,Participant Reconsented,2023-05-16T15:12:00Z,data_query_v,TV-S-001061-11:V001,USR-015,"[""TV-STUDY-001061"", ""TV-LABORDER-000061""]"
TV-STUDY-001063,Participant Reconsented,2023-05-16T21:14:00Z,data_query_v,TV-S-001063-11:V001,USR-049,"[""TV-STUDY-001063"", ""TV-LABORDER-000063""]"
TV-STUDY-001065,Participant Reconsented,2023-05-17T03:16:00Z,data_query_v,TV-S-001065-11:V001,USR-083,"[""TV-STUDY-001065"", ""TV-LABORDER-000065"", ""TV-PROTOCOL-001065""]"
TV-STUDY-000975,Visit Rescheduled,2023-05-17T04:00:00Z,drug_kit_v,TV-S-000975-05:V005,USR-083,"[""TV-STUDY-000975"", ""TV-INVESTIGATOR-000475"", ""TV-DISPENSATION-000475""]"
TV-STUDY-000975,Visit Missed,2023-05-17T04:37:00Z,lab_test_v,TV-S-000975-08:V002,USR-086,"[""TV-STUDY-000975"", ""TV-PARTICIPANT-000975"", ""TV-ALIQUOT-000475""]"
TV-STUDY-000975,Participant Reconsented,2023-05-17T05:14:00Z,data_query_v,TV-S-000975-11:V003,USR-077,"[""TV-STUDY-000975"", ""TV-LABORDER-000475""]"
TV-STUDY-001067,Participant Reconsented,2023-05-17T09:18:00Z,data_query_v,TV-S-001067-11:V001,USR-117,"[""TV-STUDY-001067"", ""TV-LABORDER-000067""]"
TV-STUDY-001069,Participant Reconsented,2023-05-17T15:20:00Z,data_query_v,TV-S-001069-11:V001,USR-024,"[""TV-STUDY-001069"", ""TV-LABORDER-000069""]"
TV-STUDY-000980,Visit Rescheduled,2023-05-17T19:00:00Z,drug_kit_v,TV-S-000980-05:V002,USR-041,"[""TV-STUDY-000980"", ""TV-INVESTIGATOR-000480""]"
TV-STUDY-000980,Visit Missed,2023-05-17T19:37:00Z,lab_test_v,TV-S-000980-08:V002,USR-044,"[""TV-STUDY-000980"", ""TV-PARTICIPANT-000980""]"
TV-STUDY-000980,Participant Reconsented,2023-05-17T20:14:00Z,data_query_v,TV-S-000980-11:V003,USR-035,"[""TV-STUDY-000980"", ""TV-LABORDER-000480""]"
TV-STUDY-001071,Participant Reconsented,2023-05-17T21:22:00Z,data_query_v,TV-S-001071-11:V001,USR-058,"[""TV-STUDY-001071"", ""TV-LABORDER-000071""]"
TV-STUDY-001073,Participant Reconsented,2023-05-18T03:24:00Z,data_query_v,TV-S-001073-11:V001,USR-092,"[""TV-STUDY-001073"", ""TV-LABORDER-000073""]"
TV-STUDY-001075,Participant Reconsented,2023-05-18T09:26:00Z,data_query_v,TV-S-001075-11:V001,USR-126,"[""TV-STUDY-001075"", ""TV-LABORDER-000075""]"
TV-STUDY-000985,Visit Rescheduled,2023-05-18T10:00:00Z,drug_kit_v,TV-S-000985-05:V002,USR-126,"[""TV-STUDY-000985"", ""TV-INVESTIGATOR-000485""]"
TV-STUDY-000985,Visit Missed,2023-05-18T10:37:00Z,lab_test_v,TV-S-000985-08:V001,USR-002,"[""TV-STUDY-000985"", ""TV-PARTICIPANT-000985""]"
TV-STUDY-000985,Participant Reconsented,2023-05-18T11:14:00Z,data_query_v,TV-S-000985-11:V003,USR-120,"[""TV-STUDY-000985"", ""TV-LABORDER-000485""]"
TV-STUDY-001077,Participant Reconsented,2023-05-18T15:28:00Z,data_query_v,TV-S-001077-11:V001,USR-033,"[""TV-STUDY-001077"", ""TV-LABORDER-000077""]"
TV-STUDY-001067,Visit Rescheduled,2023-05-18T21:24:00Z,drug_kit_v,TV-S-001067-05:V002,USR-123,"[""TV-STUDY-001067"", ""TV-INVESTIGATOR-000067""]"
TV-STUDY-001079,Participant Reconsented,2023-05-18T21:30:00Z,data_query_v,TV-S-001079-11:V001,USR-067,"[""TV-STUDY-001079"", ""TV-LABORDER-000079"", ""TV-PROTOCOL-001079""]"
TV-STUDY-000990,Visit Rescheduled,2023-05-19T01:00:00Z,drug_kit_v,TV-S-000990-05:V005,USR-084,"[""TV-STUDY-000990"", ""TV-INVESTIGATOR-000490""]"
TV-STUDY-000990,Visit Missed,2023-05-19T01:37:00Z,lab_test_v,TV-S-000990-08:V002,USR-087,"[""TV-STUDY-000990"", ""TV-PARTICIPANT-000990""]"
TV-STUDY-000990,Participant Reconsented,2023-05-19T02:14:00Z,data_query_v,TV-S-000990-11:V001,USR-078,"[""TV-STUDY-000990"", ""TV-LABORDER-000490""]"
TV-STUDY-001081,Participant Reconsented,2023-05-19T03:32:00Z,data_query_v,TV-S-001081-11:V001,USR-101,"[""TV-STUDY-001081"", ""TV-LABORDER-000081"", ""TV-PROTOCOL-001081""]"
TV-STUDY-001083,Participant Reconsented,2023-05-19T09:34:00Z,data_query_v,TV-S-001083-11:V001,USR-008,"[""TV-STUDY-001083"", ""TV-LABORDER-000083""]"
TV-STUDY-001085,Participant Reconsented,2023-05-19T15:36:00Z,data_query_v,TV-S-001085-11:V001,USR-042,"[""TV-STUDY-001085"", ""TV-LABORDER-000085""]"
TV-STUDY-000995,Visit Rescheduled,2023-05-19T16:00:00Z,drug_kit_v,TV-S-000995-05:V002,USR-042,"[""TV-STUDY-000995"", ""TV-INVESTIGATOR-000495""]"
TV-STUDY-000995,Visit Missed,2023-05-19T16:37:00Z,lab_test_v,TV-S-000995-08:V001,USR-045,"[""TV-STUDY-000995"", ""TV-PARTICIPANT-000995"", ""TV-ALIQUOT-000495""]"
TV-STUDY-000995,Participant Reconsented,2023-05-19T17:14:00Z,data_query_v,TV-S-000995-11:V002,USR-036,"[""TV-STUDY-000995"", ""TV-LABORDER-000495""]"
TV-STUDY-001087,Participant Reconsented,2023-05-19T21:38:00Z,data_query_v,TV-S-001087-11:V001,USR-076,"[""TV-STUDY-001087"", ""TV-LABORDER-000087""]"
TV-STUDY-001089,Participant Reconsented,2023-05-20T03:40:00Z,data_query_v,TV-S-001089-11:V001,USR-110,"[""TV-STUDY-001089"", ""TV-LABORDER-000089"", ""TV-PROTOCOL-001089""]"
TV-STUDY-001072,Visit Missed,2023-05-20T06:32:00Z,lab_test_v,TV-S-001072-08:V002,USR-084,"[""TV-STUDY-001072"", ""TV-PARTICIPANT-001072""]"
TV-STUDY-001000,Visit Rescheduled,2023-05-20T07:00:00Z,drug_kit_v,TV-S-001000-05:V003,USR-127,"[""TV-STUDY-001000"", ""TV-INVESTIGATOR-000500""]"
TV-STUDY-001000,Visit Missed,2023-05-20T07:37:00Z,lab_test_v,TV-S-001000-08:V002,USR-003,"[""TV-STUDY-001000"", ""TV-PARTICIPANT-001000""]"
TV-STUDY-001000,Participant Reconsented,2023-05-20T08:14:00Z,data_query_v,TV-S-001000-11:V001,USR-121,"[""TV-STUDY-001000"", ""TV-LABORDER-000500"", ""TV-PROTOCOL-001000""]"
TV-STUDY-001091,Participant Reconsented,2023-05-20T09:42:00Z,data_query_v,TV-S-001091-11:V001,USR-017,"[""TV-STUDY-001091"", ""TV-LABORDER-000091"", ""TV-PROTOCOL-001091""]"
TV-STUDY-001093,Participant Reconsented,2023-05-20T15:44:00Z,data_query_v,TV-S-001093-11:V001,USR-051,"[""TV-STUDY-001093"", ""TV-LABORDER-000093""]"
TV-STUDY-001095,Participant Reconsented,2023-05-20T21:46:00Z,data_query_v,TV-S-001095-11:V001,USR-085,"[""TV-STUDY-001095"", ""TV-LABORDER-000095"", ""TV-PROTOCOL-001095""]"
TV-STUDY-001005,Visit Rescheduled,2023-05-20T22:00:00Z,drug_kit_v,TV-S-001005-05:V002,USR-085,"[""TV-STUDY-001005"", ""TV-INVESTIGATOR-000005""]"
TV-STUDY-001005,Visit Missed,2023-05-20T22:37:00Z,lab_test_v,TV-S-001005-08:V001,USR-088,"[""TV-STUDY-001005"", ""TV-PARTICIPANT-001005"", ""TV-ALIQUOT-000005""]"
TV-STUDY-001005,Participant Reconsented,2023-05-20T23:14:00Z,data_query_v,TV-S-001005-11:V002,USR-079,"[""TV-STUDY-001005"", ""TV-LABORDER-000005""]"
TV-STUDY-001097,Participant Reconsented,2023-05-21T03:48:00Z,data_query_v,TV-S-001097-11:V001,USR-119,"[""TV-STUDY-001097"", ""TV-LABORDER-000097""]"
TV-STUDY-001099,Participant Reconsented,2023-05-21T09:50:00Z,data_query_v,TV-S-001099-11:V001,USR-026,"[""TV-STUDY-001099"", ""TV-LABORDER-000099"", ""TV-PROTOCOL-001099""]"
TV-STUDY-001010,Visit Rescheduled,2023-05-21T13:00:00Z,drug_kit_v,TV-S-001010-05:V003,USR-043,"[""TV-STUDY-001010"", ""TV-INVESTIGATOR-000010"", ""TV-DISPENSATION-000010""]"
TV-STUDY-001010,Visit Missed,2023-05-21T13:37:00Z,lab_test_v,TV-S-001010-08:V003,USR-046,"[""TV-STUDY-001010"", ""TV-PARTICIPANT-001010""]"
TV-STUDY-001010,Participant Reconsented,2023-05-21T14:14:00Z,data_query_v,TV-S-001010-11:V001,USR-037,"[""TV-STUDY-001010"", ""TV-LABORDER-000010"", ""TV-PROTOCOL-001010""]"
TV-STUDY-001101,Participant Reconsented,2023-05-21T15:52:00Z,data_query_v,TV-S-001101-11:V001,USR-060,"[""TV-STUDY-001101"", ""TV-LABORDER-000101""]"
TV-STUDY-001090,Visit Rescheduled,2023-05-21T18:47:00Z,drug_kit_v,TV-S-001090-05:V002,USR-006,"[""TV-STUDY-001090"", ""TV-INVESTIGATOR-000090""]"
TV-STUDY-001103,Participant Reconsented,2023-05-21T21:01:00Z,data_query_v,TV-S-001103-11:V001,USR-094,"[""TV-STUDY-001103"", ""TV-LABORDER-000103""]"
TV-STUDY-001105,Participant Reconsented,2023-05-22T03:03:00Z,data_query_v,TV-S-001105-11:V001,USR-001,"[""TV-STUDY-001105"", ""TV-LABORDER-000105""]"
TV-STUDY-001015,Visit Rescheduled,2023-05-22T04:00:00Z,drug_kit_v,TV-S-001015-05:V002,USR-001,"[""TV-STUDY-001015"", ""TV-INVESTIGATOR-000015""]"
TV-STUDY-001015,Visit Missed,2023-05-22T04:37:00Z,lab_test_v,TV-S-001015-08:V003,USR-004,"[""TV-STUDY-001015"", ""TV-PARTICIPANT-001015""]"
TV-STUDY-001015,Participant Reconsented,2023-05-22T05:14:00Z,data_query_v,TV-S-001015-11:V002,USR-122,"[""TV-STUDY-001015"", ""TV-LABORDER-000015""]"
TV-STUDY-001107,Participant Reconsented,2023-05-22T09:05:00Z,data_query_v,TV-S-001107-11:V001,USR-035,"[""TV-STUDY-001107"", ""TV-LABORDER-000107""]"
TV-STUDY-001109,Participant Reconsented,2023-05-22T15:07:00Z,data_query_v,TV-S-001109-11:V001,USR-069,"[""TV-STUDY-001109"", ""TV-LABORDER-000109"", ""TV-PROTOCOL-001109""]"
TV-STUDY-001020,Visit Rescheduled,2023-05-22T19:00:00Z,drug_kit_v,TV-S-001020-05:V003,USR-086,"[""TV-STUDY-001020"", ""TV-INVESTIGATOR-000020""]"
TV-STUDY-001020,Visit Missed,2023-05-22T19:37:00Z,lab_test_v,TV-S-001020-08:V002,USR-089,"[""TV-STUDY-001020"", ""TV-PARTICIPANT-001020""]"
TV-STUDY-001020,Participant Reconsented,2023-05-22T20:14:00Z,data_query_v,TV-S-001020-11:V001,USR-080,"[""TV-STUDY-001020"", ""TV-LABORDER-000020"", ""TV-PROTOCOL-001020""]"
TV-STUDY-001111,Participant Reconsented,2023-05-22T21:09:00Z,data_query_v,TV-S-001111-11:V001,USR-103,"[""TV-STUDY-001111"", ""TV-LABORDER-000111"", ""TV-PROTOCOL-001111""]"
TV-STUDY-001113,Participant Reconsented,2023-05-23T03:11:00Z,data_query_v,TV-S-001113-11:V001,USR-010,"[""TV-STUDY-001113"", ""TV-LABORDER-000113""]"
TV-STUDY-001115,Participant Reconsented,2023-05-23T09:13:00Z,data_query_v,TV-S-001115-11:V001,USR-044,"[""TV-STUDY-001115"", ""TV-LABORDER-000115""]"
TV-STUDY-001025,Visit Rescheduled,2023-05-23T10:00:00Z,drug_kit_v,TV-S-001025-05:V002,USR-044,"[""TV-STUDY-001025"", ""TV-INVESTIGATOR-000025""]"
TV-STUDY-001025,Visit Missed,2023-05-23T10:37:00Z,lab_test_v,TV-S-001025-08:V001,USR-047,"[""TV-STUDY-001025"", ""TV-PARTICIPANT-001025""]"
TV-STUDY-001025,Participant Reconsented,2023-05-23T11:14:00Z,data_query_v,TV-S-001025-11:V002,USR-038,"[""TV-STUDY-001025"", ""TV-LABORDER-000025""]"
TV-STUDY-001117,Participant Reconsented,2023-05-23T15:15:00Z,data_query_v,TV-S-001117-11:V001,USR-078,"[""TV-STUDY-001117"", ""TV-LABORDER-000117""]"
TV-STUDY-001119,Participant Reconsented,2023-05-23T21:17:00Z,data_query_v,TV-S-001119-11:V001,USR-112,"[""TV-STUDY-001119"", ""TV-LABORDER-000119"", ""TV-PROTOCOL-001119""]"
TV-STUDY-001030,Visit Rescheduled,2023-05-24T01:00:00Z,drug_kit_v,TV-S-001030-05:V002,USR-002,"[""TV-STUDY-001030"", ""TV-INVESTIGATOR-000030"", ""TV-DISPENSATION-000030""]"
TV-STUDY-001030,Visit Missed,2023-05-24T01:37:00Z,lab_test_v,TV-S-001030-08:V002,USR-005,"[""TV-STUDY-001030"", ""TV-PARTICIPANT-001030""]"
TV-STUDY-001030,Participant Reconsented,2023-05-24T02:14:00Z,data_query_v,TV-S-001030-11:V001,USR-123,"[""TV-STUDY-001030"", ""TV-LABORDER-000030"", ""TV-PROTOCOL-001030""]"
TV-STUDY-001121,Participant Reconsented,2023-05-24T03:19:00Z,data_query_v,TV-S-001121-11:V001,USR-019,"[""TV-STUDY-001121"", ""TV-LABORDER-000121"", ""TV-PROTOCOL-001121""]"
TV-STUDY-001123,Participant Reconsented,2023-05-24T09:21:00Z,data_query_v,TV-S-001123-11:V001,USR-053,"[""TV-STUDY-001123"", ""TV-LABORDER-000123""]"
TV-STUDY-001113,Visit Rescheduled,2023-05-24T15:17:00Z,drug_kit_v,TV-S-001113-05:V003,USR-016,"[""TV-STUDY-001113"", ""TV-INVESTIGATOR-000113"", ""TV-DISPENSATION-000113""]"
TV-STUDY-001125,Participant Reconsented,2023-05-24T15:23:00Z,data_query_v,TV-S-001125-11:V001,USR-087,"[""TV-STUDY-001125"", ""TV-LABORDER-000125""]"
TV-STUDY-001035,Visit Rescheduled,2023-05-24T16:00:00Z,drug_kit_v,TV-S-001035-05:V002,USR-087,"[""TV-STUDY-001035"", ""TV-INVESTIGATOR-000035"", ""TV-DISPENSATION-000035""]"
TV-STUDY-001035,Visit Missed,2023-05-24T16:37:00Z,lab_test_v,TV-S-001035-08:V002,USR-090,"[""TV-STUDY-001035"", ""TV-PARTICIPANT-001035"", ""TV-ALIQUOT-000035""]"
TV-STUDY-001035,Participant Reconsented,2023-05-24T17:14:00Z,data_query_v,TV-S-001035-11:V002,USR-081,"[""TV-STUDY-001035"", ""TV-LABORDER-000035""]"
TV-STUDY-001109,Visit Missed,2023-05-24T21:16:00Z,lab_test_v,TV-S-001109-08:V001,USR-078,"[""TV-STUDY-001109"", ""TV-PARTICIPANT-001109"", ""TV-ALIQUOT-000109""]"
TV-STUDY-001127,Participant Reconsented,2023-05-24T21:25:00Z,data_query_v,TV-S-001127-11:V001,USR-121,"[""TV-STUDY-001127"", ""TV-LABORDER-000127"", ""TV-PROTOCOL-001127""]"
TV-STUDY-001129,Participant Reconsented,2023-05-25T03:27:00Z,data_query_v,TV-S-001129-11:V001,USR-028,"[""TV-STUDY-001129"", ""TV-LABORDER-000129""]"
TV-STUDY-001040,Visit Rescheduled,2023-05-25T07:00:00Z,drug_kit_v,TV-S-001040-05:V003,USR-045,"[""TV-STUDY-001040"", ""TV-INVESTIGATOR-000040""]"
TV-STUDY-001040,Visit Missed,2023-05-25T07:37:00Z,lab_test_v,TV-S-001040-08:V005,USR-048,"[""TV-STUDY-001040"", ""TV-PARTICIPANT-001040""]"
TV-STUDY-001040,Participant Reconsented,2023-05-25T08:14:00Z,data_query_v,TV-S-001040-11:V003,USR-039,"[""TV-STUDY-001040"", ""TV-LABORDER-000040""]"
TV-STUDY-001131,Participant Reconsented,2023-05-25T09:29:00Z,data_query_v,TV-S-001131-11:V001,USR-062,"[""TV-STUDY-001131"", ""TV-LABORDER-000131"", ""TV-PROTOCOL-001131""]"
TV-STUDY-001133,Participant Reconsented,2023-05-25T15:31:00Z,data_query_v,TV-S-001133-11:V001,USR-096,"[""TV-STUDY-001133"", ""TV-LABORDER-000133""]"
TV-STUDY-001135,Participant Reconsented,2023-05-25T21:33:00Z,data_query_v,TV-S-001135-11:V001,USR-003,"[""TV-STUDY-001135"", ""TV-LABORDER-000135""]"
TV-STUDY-001045,Visit Rescheduled,2023-05-25T22:00:00Z,drug_kit_v,TV-S-001045-05:V002,USR-003,"[""TV-STUDY-001045"", ""TV-INVESTIGATOR-000045""]"
TV-STUDY-001045,Visit Missed,2023-05-25T22:37:00Z,lab_test_v,TV-S-001045-08:V001,USR-006,"[""TV-STUDY-001045"", ""TV-PARTICIPANT-001045""]"
TV-STUDY-001045,Participant Reconsented,2023-05-25T23:14:00Z,data_query_v,TV-S-001045-11:V002,USR-124,"[""TV-STUDY-001045"", ""TV-LABORDER-000045"", ""TV-PROTOCOL-001045""]"
TV-STUDY-001137,Participant Reconsented,2023-05-26T03:35:00Z,data_query_v,TV-S-001137-11:V001,USR-037,"[""TV-STUDY-001137"", ""TV-LABORDER-000137""]"
TV-STUDY-001139,Participant Reconsented,2023-05-26T09:37:00Z,data_query_v,TV-S-001139-11:V001,USR-071,"[""TV-STUDY-001139"", ""TV-LABORDER-000139""]"
TV-STUDY-001050,Visit Rescheduled,2023-05-26T13:00:00Z,drug_kit_v,TV-S-001050-05:V002,USR-088,"[""TV-STUDY-001050"", ""TV-INVESTIGATOR-000050""]"
TV-STUDY-001050,Visit Missed,2023-05-26T13:37:00Z,lab_test_v,TV-S-001050-08:V003,USR-091,"[""TV-STUDY-001050"", ""TV-PARTICIPANT-001050"", ""TV-ALIQUOT-000050""]"
TV-STUDY-001050,Participant Reconsented,2023-05-26T14:14:00Z,data_query_v,TV-S-001050-11:V001,USR-082,"[""TV-STUDY-001050"", ""TV-LABORDER-000050""]"
TV-STUDY-001141,Participant Reconsented,2023-05-26T15:39:00Z,data_query_v,TV-S-001141-11:V001,USR-105,"[""TV-STUDY-001141"", ""TV-LABORDER-000141""]"
TV-STUDY-001143,Participant Reconsented,2023-05-26T21:41:00Z,data_query_v,TV-S-001143-11:V001,USR-012,"[""TV-STUDY-001143"", ""TV-LABORDER-000143""]"
TV-STUDY-001145,Participant Reconsented,2023-05-27T03:43:00Z,data_query_v,TV-S-001145-11:V001,USR-046,"[""TV-STUDY-001145"", ""TV-LABORDER-000145""]"
TV-STUDY-001055,Visit Rescheduled,2023-05-27T04:00:00Z,drug_kit_v,TV-S-001055-05:V002,USR-046,"[""TV-STUDY-001055"", ""TV-INVESTIGATOR-000055"", ""TV-DISPENSATION-000055""]"
TV-STUDY-001055,Visit Missed,2023-05-27T04:37:00Z,lab_test_v,TV-S-001055-08:V001,USR-049,"[""TV-STUDY-001055"", ""TV-PARTICIPANT-001055"", ""TV-ALIQUOT-000055""]"
TV-STUDY-001055,Participant Reconsented,2023-05-27T05:14:00Z,data_query_v,TV-S-001055-11:V002,USR-040,"[""TV-STUDY-001055"", ""TV-LABORDER-000055""]"
TV-STUDY-001147,Participant Reconsented,2023-05-27T09:45:00Z,data_query_v,TV-S-001147-11:V001,USR-080,"[""TV-STUDY-001147"", ""TV-LABORDER-000147"", ""TV-PROTOCOL-001147""]"
TV-STUDY-001136,Visit Rescheduled,2023-05-27T12:40:00Z,drug_kit_v,TV-S-001136-05:V003,USR-026,"[""TV-STUDY-001136"", ""TV-INVESTIGATOR-000136"", ""TV-DISPENSATION-000136""]"
TV-STUDY-001149,Participant Reconsented,2023-05-27T15:47:00Z,data_query_v,TV-S-001149-11:V001,USR-114,"[""TV-STUDY-001149"", ""TV-LABORDER-000149""]"
TV-STUDY-001060,Visit Rescheduled,2023-05-27T19:00:00Z,drug_kit_v,TV-S-001060-05:V002,USR-004,"[""TV-STUDY-001060"", ""TV-INVESTIGATOR-000060""]"
TV-STUDY-001060,Visit Missed,2023-05-27T19:37:00Z,lab_test_v,TV-S-001060-08:V002,USR-007,"[""TV-STUDY-001060"", ""TV-PARTICIPANT-001060""]"
TV-STUDY-001060,Participant Reconsented,2023-05-27T20:14:00Z,data_query_v,TV-S-001060-11:V001,USR-125,"[""TV-STUDY-001060"", ""TV-LABORDER-000060"", ""TV-PROTOCOL-001060""]"
TV-STUDY-001151,Participant Reconsented,2023-05-27T21:49:00Z,data_query_v,TV-S-001151-11:V001,USR-021,"[""TV-STUDY-001151"", ""TV-LABORDER-000151""]"
TV-STUDY-001153,Participant Reconsented,2023-05-28T03:51:00Z,data_query_v,TV-S-001153-11:V001,USR-055,"[""TV-STUDY-001153"", ""TV-LABORDER-000153"", ""TV-PROTOCOL-001153""]"
TV-STUDY-001155,Participant Reconsented,2023-05-28T09:00:00Z,data_query_v,TV-S-001155-11:V001,USR-089,"[""TV-STUDY-001155"", ""TV-LABORDER-000155"", ""TV-PROTOCOL-001155""]"
TV-STUDY-001065,Visit Rescheduled,2023-05-28T10:00:00Z,drug_kit_v,TV-S-001065-05:V002,USR-089,"[""TV-STUDY-001065"", ""TV-INVESTIGATOR-000065"", ""TV-DISPENSATION-000065""]"
TV-STUDY-001065,Visit Missed,2023-05-28T10:37:00Z,lab_test_v,TV-S-001065-08:V001,USR-092,"[""TV-STUDY-001065"", ""TV-PARTICIPANT-001065"", ""TV-ALIQUOT-000065""]"
TV-STUDY-001065,Participant Reconsented,2023-05-28T11:14:00Z,data_query_v,TV-S-001065-11:V003,USR-083,"[""TV-STUDY-001065"", ""TV-LABORDER-000065""]"
TV-STUDY-001157,Participant Reconsented,2023-05-28T15:02:00Z,data_query_v,TV-S-001157-11:V001,USR-123,"[""TV-STUDY-001157"", ""TV-LABORDER-000157""]"
TV-STUDY-001159,Participant Reconsented,2023-05-28T21:04:00Z,data_query_v,TV-S-001159-11:V001,USR-030,"[""TV-STUDY-001159"", ""TV-LABORDER-000159""]"
TV-STUDY-001070,Visit Rescheduled,2023-05-29T01:00:00Z,drug_kit_v,TV-S-001070-05:V003,USR-047,"[""TV-STUDY-001070"", ""TV-INVESTIGATOR-000070""]"
TV-STUDY-001070,Visit Missed,2023-05-29T01:37:00Z,lab_test_v,TV-S-001070-08:V002,USR-050,"[""TV-STUDY-001070"", ""TV-PARTICIPANT-001070""]"
TV-STUDY-001070,Participant Reconsented,2023-05-29T02:14:00Z,data_query_v,TV-S-001070-11:V001,USR-041,"[""TV-STUDY-001070"", ""TV-LABORDER-000070"", ""TV-PROTOCOL-001070""]"
TV-STUDY-001161,Participant Reconsented,2023-05-29T03:06:00Z,data_query_v,TV-S-001161-11:V001,USR-064,"[""TV-STUDY-001161"", ""TV-LABORDER-000161""]"
TV-STUDY-001163,Participant Reconsented,2023-05-29T09:08:00Z,data_query_v,TV-S-001163-11:V001,USR-098,"[""TV-STUDY-001163"", ""TV-LABORDER-000163"", ""TV-PROTOCOL-001163""]"
TV-STUDY-001146,Visit Missed,2023-05-29T12:00:00Z,lab_test_v,TV-S-001146-08:V002,USR-072,"[""TV-STUDY-001146"", ""TV-PARTICIPANT-001146"", ""TV-ALIQUOT-000146""]"
TV-STUDY-001165,Participant Reconsented,2023-05-29T15:10:00Z,data_query_v,TV-S-001165-11:V001,USR-005,"[""TV-STUDY-001165"", ""TV-LABORDER-000165"", ""TV-PROTOCOL-001165""]"
TV-STUDY-001075,Visit Rescheduled,2023-05-29T16:00:00Z,drug_kit_v,TV-S-001075-05:V002,USR-005,"[""TV-STUDY-001075"", ""TV-INVESTIGATOR-000075""]"
TV-STUDY-001075,Visit Missed,2023-05-29T16:37:00Z,lab_test_v,TV-S-001075-08:V001,USR-008,"[""TV-STUDY-001075"", ""TV-PARTICIPANT-001075""]"
TV-STUDY-001075,Participant Reconsented,2023-05-29T17:14:00Z,data_query_v,TV-S-001075-11:V002,USR-126,"[""TV-STUDY-001075"", ""TV-LABORDER-000075""]"
TV-STUDY-001167,Participant Reconsented,2023-05-29T21:12:00Z,data_query_v,TV-S-001167-11:V001,USR-039,"[""TV-STUDY-001167"", ""TV-LABORDER-000167"", ""TV-PROTOCOL-001167""]"
TV-STUDY-001169,Participant Reconsented,2023-05-30T03:14:00Z,data_query_v,TV-S-001169-11:V001,USR-073,"[""TV-STUDY-001169"", ""TV-LABORDER-000169""]"
TV-STUDY-001080,Visit Rescheduled,2023-05-30T07:00:00Z,drug_kit_v,TV-S-001080-05:V002,USR-090,"[""TV-STUDY-001080"", ""TV-INVESTIGATOR-000080"", ""TV-DISPENSATION-000080""]"
TV-STUDY-001080,Visit Missed,2023-05-30T07:37:00Z,lab_test_v,TV-S-001080-08:V002,USR-093,"[""TV-STUDY-001080"", ""TV-PARTICIPANT-001080""]"
TV-STUDY-001080,Participant Reconsented,2023-05-30T08:14:00Z,data_query_v,TV-S-001080-11:V001,USR-084,"[""TV-STUDY-001080"", ""TV-LABORDER-000080"", ""TV-PROTOCOL-001080""]"
TV-STUDY-001159,Visit Rescheduled,2023-05-30T09:10:00Z,drug_kit_v,TV-S-001159-05:V002,USR-036,"[""TV-STUDY-001159"", ""TV-INVESTIGATOR-000159""]"
TV-STUDY-001171,Participant Reconsented,2023-05-30T09:16:00Z,data_query_v,TV-S-001171-11:V001,USR-107,"[""TV-STUDY-001171"", ""TV-LABORDER-000171""]"
TV-STUDY-001173,Participant Reconsented,2023-05-30T15:18:00Z,data_query_v,TV-S-001173-11:V001,USR-014,"[""TV-STUDY-001173"", ""TV-LABORDER-000173"", ""TV-PROTOCOL-001173""]"
TV-STUDY-001175,Participant Reconsented,2023-05-30T21:20:00Z,data_query_v,TV-S-001175-11:V001,USR-048,"[""TV-STUDY-001175"", ""TV-LABORDER-000175"", ""TV-PROTOCOL-001175""]"
TV-STUDY-001085,Visit Rescheduled,2023-05-30T22:00:00Z,drug_kit_v,TV-S-001085-05:V003,USR-048,"[""TV-STUDY-001085"", ""TV-INVESTIGATOR-000085"", ""TV-DISPENSATION-000085""]"
TV-STUDY-001085,Visit Missed,2023-05-30T22:37:00Z,lab_test_v,TV-S-001085-08:V001,USR-051,"[""TV-STUDY-001085"", ""TV-PARTICIPANT-001085"", ""TV-ALIQUOT-000085""]"
TV-STUDY-001085,Participant Reconsented,2023-05-30T23:14:00Z,data_query_v,TV-S-001085-11:V002,USR-042,"[""TV-STUDY-001085"", ""TV-LABORDER-000085""]"
TV-STUDY-001177,Participant Reconsented,2023-05-31T03:22:00Z,data_query_v,TV-S-001177-11:V001,USR-082,"[""TV-STUDY-001177"", ""TV-LABORDER-000177"", ""TV-PROTOCOL-001177""]"
TV-STUDY-001179,Participant Reconsented,2023-05-31T09:24:00Z,data_query_v,TV-S-001179-11:V001,USR-116,"[""TV-STUDY-001179"", ""TV-LABORDER-000179""]"
TV-STUDY-001090,Visit Rescheduled,2023-05-31T13:00:00Z,drug_kit_v,TV-S-001090-05:V004,USR-006,"[""TV-STUDY-001090"", ""TV-INVESTIGATOR-000090"", ""TV-DISPENSATION-000090""]"
TV-STUDY-001090,Visit Missed,2023-05-31T13:37:00Z,lab_test_v,TV-S-001090-08:V003,USR-009,"[""TV-STUDY-001090"", ""TV-PARTICIPANT-001090"", ""TV-ALIQUOT-000090""]"
TV-STUDY-001090,Participant Reconsented,2023-05-31T14:14:00Z,data_query_v,TV-S-001090-11:V001,USR-127,"[""TV-STUDY-001090"", ""TV-LABORDER-000090""]"
TV-STUDY-001181,Participant Reconsented,2023-05-31T15:26:00Z,data_query_v,TV-S-001181-11:V001,USR-023,"[""TV-STUDY-001181"", ""TV-LABORDER-000181""]"
TV-STUDY-001183,Participant Reconsented,2023-05-31T21:28:00Z,data_query_v,TV-S-001183-11:V001,USR-057,"[""TV-STUDY-001183"", ""TV-LABORDER-000183""]"
TV-STUDY-001185,Participant Reconsented,2023-06-01T03:30:00Z,data_query_v,TV-S-001185-11:V001,USR-091,"[""TV-STUDY-001185"", ""TV-LABORDER-000185"", ""TV-PROTOCOL-001185""]"
TV-STUDY-001095,Visit Rescheduled,2023-06-01T04:00:00Z,drug_kit_v,TV-S-001095-05:V002,USR-091,"[""TV-STUDY-001095"", ""TV-INVESTIGATOR-000095""]"
TV-STUDY-001095,Visit Missed,2023-06-01T04:37:00Z,lab_test_v,TV-S-001095-08:V001,USR-094,"[""TV-STUDY-001095"", ""TV-PARTICIPANT-001095"", ""TV-ALIQUOT-000095""]"
TV-STUDY-001095,Participant Reconsented,2023-06-01T05:14:00Z,data_query_v,TV-S-001095-11:V002,USR-085,"[""TV-STUDY-001095"", ""TV-LABORDER-000095""]"
TV-STUDY-001187,Participant Reconsented,2023-06-01T09:32:00Z,data_query_v,TV-S-001187-11:V001,USR-125,"[""TV-STUDY-001187"", ""TV-LABORDER-000187""]"
TV-STUDY-001189,Participant Reconsented,2023-06-01T15:34:00Z,data_query_v,TV-S-001189-11:V001,USR-032,"[""TV-STUDY-001189"", ""TV-LABORDER-000189""]"
TV-STUDY-001100,Visit Rescheduled,2023-06-01T19:00:00Z,drug_kit_v,TV-S-001100-05:V002,USR-049,"[""TV-STUDY-001100"", ""TV-INVESTIGATOR-000100""]"
TV-STUDY-001100,Visit Missed,2023-06-01T19:37:00Z,lab_test_v,TV-S-001100-08:V002,USR-052,"[""TV-STUDY-001100"", ""TV-PARTICIPANT-001100""]"
TV-STUDY-001100,Participant Reconsented,2023-06-01T20:14:00Z,data_query_v,TV-S-001100-11:V001,USR-043,"[""TV-STUDY-001100"", ""TV-LABORDER-000100""]"
TV-STUDY-001191,Participant Reconsented,2023-06-01T21:36:00Z,data_query_v,TV-S-001191-11:V001,USR-066,"[""TV-STUDY-001191"", ""TV-LABORDER-000191""]"
TV-STUDY-001193,Participant Reconsented,2023-06-02T03:38:00Z,data_query_v,TV-S-001193-11:V001,USR-100,"[""TV-STUDY-001193"", ""TV-LABORDER-000193""]"
TV-STUDY-001182,Visit Rescheduled,2023-06-02T06:33:00Z,drug_kit_v,TV-S-001182-05:V003,USR-046,"[""TV-STUDY-001182"", ""TV-INVESTIGATOR-000182""]"
TV-STUDY-001195,Participant Reconsented,2023-06-02T09:40:00Z,data_query_v,TV-S-001195-11:V001,USR-007,"[""TV-STUDY-001195"", ""TV-LABORDER-000195""]"
TV-STUDY-001105,Visit Rescheduled,2023-06-02T10:00:00Z,drug_kit_v,TV-S-001105-05:V006,USR-007,"[""TV-STUDY-001105"", ""TV-INVESTIGATOR-000105""]"
TV-STUDY-001105,Visit Missed,2023-06-02T10:37:00Z,lab_test_v,TV-S-001105-08:V002,USR-010,"[""TV-STUDY-001105"", ""TV-PARTICIPANT-001105""]"
TV-STUDY-001105,Participant Reconsented,2023-06-02T11:14:00Z,data_query_v,TV-S-001105-11:V004,USR-001,"[""TV-STUDY-001105"", ""TV-LABORDER-000105""]"
TV-STUDY-001197,Participant Reconsented,2023-06-02T15:42:00Z,data_query_v,TV-S-001197-11:V001,USR-041,"[""TV-STUDY-001197"", ""TV-LABORDER-000197"", ""TV-PROTOCOL-001197""]"
TV-STUDY-001199,Participant Reconsented,2023-06-02T21:44:00Z,data_query_v,TV-S-001199-11:V001,USR-075,"[""TV-STUDY-001199"", ""TV-LABORDER-000199"", ""TV-PROTOCOL-001199""]"
TV-STUDY-001110,Visit Rescheduled,2023-06-03T01:00:00Z,drug_kit_v,TV-S-001110-05:V002,USR-092,"[""TV-STUDY-001110"", ""TV-INVESTIGATOR-000110"", ""TV-DISPENSATION-000110""]"
TV-STUDY-001110,Visit Missed,2023-06-03T01:37:00Z,lab_test_v,TV-S-001110-08:V002,USR-095,"[""TV-STUDY-001110"", ""TV-PARTICIPANT-001110"", ""TV-ALIQUOT-000110""]"
TV-STUDY-001110,Participant Reconsented,2023-06-03T02:14:00Z,data_query_v,TV-S-001110-11:V001,USR-086,"[""TV-STUDY-001110"", ""TV-LABORDER-000110""]"
TV-STUDY-001183,Visit Missed,2023-06-03T03:37:00Z,lab_test_v,TV-S-001183-08:V001,USR-066,"[""TV-STUDY-001183"", ""TV-PARTICIPANT-001183""]"
TV-STUDY-001201,Participant Reconsented,2023-06-03T03:46:00Z,data_query_v,TV-S-001201-11:V001,USR-109,"[""TV-STUDY-001201"", ""TV-LABORDER-000201""]"
TV-STUDY-001203,Participant Reconsented,2023-06-03T09:48:00Z,data_query_v,TV-S-001203-11:V001,USR-016,"[""TV-STUDY-001203"", ""TV-LABORDER-000203"", ""TV-PROTOCOL-001203""]"
TV-STUDY-001205,Participant Reconsented,2023-06-03T15:50:00Z,data_query_v,TV-S-001205-11:V001,USR-050,"[""TV-STUDY-001205"", ""TV-LABORDER-000205""]"
TV-STUDY-001115,Visit Rescheduled,2023-06-03T16:00:00Z,drug_kit_v,TV-S-001115-05:V002,USR-050,"[""TV-STUDY-001115"", ""TV-INVESTIGATOR-000115"", ""TV-DISPENSATION-000115""]"
TV-STUDY-001115,Visit Missed,2023-06-03T16:37:00Z,lab_test_v,TV-S-001115-08:V001,USR-053,"[""TV-STUDY-001115"", ""TV-PARTICIPANT-001115"", ""TV-ALIQUOT-000115""]"
TV-STUDY-001115,Participant Reconsented,2023-06-03T17:14:00Z,data_query_v,TV-S-001115-11:V003,USR-044,"[""TV-STUDY-001115"", ""TV-LABORDER-000115""]"
TV-STUDY-001207,Participant Reconsented,2023-06-03T21:52:00Z,data_query_v,TV-S-001207-11:V001,USR-084,"[""TV-STUDY-001207"", ""TV-LABORDER-000207"", ""TV-PROTOCOL-001207""]"
TV-STUDY-001209,Participant Reconsented,2023-06-04T03:01:00Z,data_query_v,TV-S-001209-11:V001,USR-118,"[""TV-STUDY-001209"", ""TV-LABORDER-000209""]"
TV-STUDY-001120,Visit Rescheduled,2023-06-04T07:00:00Z,drug_kit_v,TV-S-001120-05:V002,USR-008,"[""TV-STUDY-001120"", ""TV-INVESTIGATOR-000120"", ""TV-DISPENSATION-000120""]"
TV-STUDY-001120,Visit Missed,2023-06-04T07:37:00Z,lab_test_v,TV-S-001120-08:V002,USR-011,"[""TV-STUDY-001120"", ""TV-PARTICIPANT-001120"", ""TV-ALIQUOT-000120""]"
TV-STUDY-001120,Participant Reconsented,2023-06-04T08:14:00Z,data_query_v,TV-S-001120-11:V001,USR-002,"[""TV-STUDY-001120"", ""TV-LABORDER-000120""]"
TV-STUDY-001211,Participant Reconsented,2023-06-04T09:03:00Z,data_query_v,TV-S-001211-11:V001,USR-025,"[""TV-STUDY-001211"", ""TV-LABORDER-000211""]"
TV-STUDY-001213,Participant Reconsented,2023-06-04T15:05:00Z,data_query_v,TV-S-001213-11:V001,USR-059,"[""TV-STUDY-001213"", ""TV-LABORDER-000213"", ""TV-PROTOCOL-001213""]"
TV-STUDY-001215,Participant Reconsented,2023-06-04T21:07:00Z,data_query_v,TV-S-001215-11:V001,USR-093,"[""TV-STUDY-001215"", ""TV-LABORDER-000215"", ""TV-PROTOCOL-001215""]"
TV-STUDY-001125,Visit Rescheduled,2023-06-04T22:00:00Z,drug_kit_v,TV-S-001125-05:V002,USR-093,"[""TV-STUDY-001125"", ""TV-INVESTIGATOR-000125""]"
TV-STUDY-001125,Visit Missed,2023-06-04T22:37:00Z,lab_test_v,TV-S-001125-08:V001,USR-096,"[""TV-STUDY-001125"", ""TV-PARTICIPANT-001125""]"
TV-STUDY-001125,Participant Reconsented,2023-06-04T23:14:00Z,data_query_v,TV-S-001125-11:V003,USR-087,"[""TV-STUDY-001125"", ""TV-LABORDER-000125""]"
TV-STUDY-001205,Visit Rescheduled,2023-06-05T03:03:00Z,drug_kit_v,TV-S-001205-05:V003,USR-056,"[""TV-STUDY-001205"", ""TV-INVESTIGATOR-000205"", ""TV-DISPENSATION-000205""]"
TV-STUDY-001217,Participant Reconsented,2023-06-05T03:09:00Z,data_query_v,TV-S-001217-11:V001,USR-127,"[""TV-STUDY-001217"", ""TV-LABORDER-000217"", ""TV-PROTOCOL-001217""]"
TV-STUDY-001219,Participant Reconsented,2023-06-05T09:11:00Z,data_query_v,TV-S-001219-11:V001,USR-034,"[""TV-STUDY-001219"", ""TV-LABORDER-000219"", ""TV-PROTOCOL-001219""]"
TV-STUDY-001130,Visit Rescheduled,2023-06-05T13:00:00Z,drug_kit_v,TV-S-001130-05:V002,USR-051,"[""TV-STUDY-001130"", ""TV-INVESTIGATOR-000130"", ""TV-DISPENSATION-000130""]"
TV-STUDY-001130,Visit Missed,2023-06-05T13:37:00Z,lab_test_v,TV-S-001130-08:V003,USR-054,"[""TV-STUDY-001130"", ""TV-PARTICIPANT-001130""]"
TV-STUDY-001130,Participant Reconsented,2023-06-05T14:14:00Z,data_query_v,TV-S-001130-11:V001,USR-045,"[""TV-STUDY-001130"", ""TV-LABORDER-000130"", ""TV-PROTOCOL-001130""]"
TV-STUDY-001221,Participant Reconsented,2023-06-05T15:13:00Z,data_query_v,TV-S-001221-11:V001,USR-068,"[""TV-STUDY-001221"", ""TV-LABORDER-000221"", ""TV-PROTOCOL-001221""]"
TV-STUDY-001223,Participant Reconsented,2023-06-05T21:15:00Z,data_query_v,TV-S-001223-11:V001,USR-102,"[""TV-STUDY-001223"", ""TV-LABORDER-000223""]"
TV-STUDY-001225,Participant Reconsented,2023-06-06T03:17:00Z,data_query_v,TV-S-001225-11:V001,USR-009,"[""TV-STUDY-001225"", ""TV-LABORDER-000225""]"
TV-STUDY-001135,Visit Rescheduled,2023-06-06T04:00:00Z,drug_kit_v,TV-S-001135-05:V002,USR-009,"[""TV-STUDY-001135"", ""TV-INVESTIGATOR-000135""]"
TV-STUDY-001135,Visit Missed,2023-06-06T04:37:00Z,lab_test_v,TV-S-001135-08:V001,USR-012,"[""TV-STUDY-001135"", ""TV-PARTICIPANT-001135""]"
TV-STUDY-001135,Participant Reconsented,2023-06-06T05:14:00Z,data_query_v,TV-S-001135-11:V002,USR-003,"[""TV-STUDY-001135"", ""TV-LABORDER-000135""]"
TV-STUDY-001227,Participant Reconsented,2023-06-06T09:19:00Z,data_query_v,TV-S-001227-11:V001,USR-043,"[""TV-STUDY-001227"", ""TV-LABORDER-000227""]"
TV-STUDY-001229,Participant Reconsented,2023-06-06T15:21:00Z,data_query_v,TV-S-001229-11:V001,USR-077,"[""TV-STUDY-001229"", ""TV-LABORDER-000229""]"
TV-STUDY-001140,Visit Rescheduled,2023-06-06T19:00:00Z,drug_kit_v,TV-S-001140-05:V005,USR-094,"[""TV-STUDY-001140"", ""TV-INVESTIGATOR-000140""]"
TV-STUDY-001140,Visit Missed,2023-06-06T19:37:00Z,lab_test_v,TV-S-001140-08:V002,USR-097,"[""TV-STUDY-001140"", ""TV-PARTICIPANT-001140""]"
TV-STUDY-001140,Participant Reconsented,2023-06-06T20:14:00Z,data_query_v,TV-S-001140-11:V001,USR-088,"[""TV-STUDY-001140"", ""TV-LABORDER-000140""]"
TV-STUDY-001231,Participant Reconsented,2023-06-06T21:23:00Z,data_query_v,TV-S-001231-11:V001,USR-111,"[""TV-STUDY-001231"", ""TV-LABORDER-000231""]"
TV-STUDY-001233,Participant Reconsented,2023-06-07T03:25:00Z,data_query_v,TV-S-001233-11:V001,USR-018,"[""TV-STUDY-001233"", ""TV-LABORDER-000233"", ""TV-PROTOCOL-001233""]"
TV-STUDY-001235,Participant Reconsented,2023-06-07T09:27:00Z,data_query_v,TV-S-001235-11:V001,USR-052,"[""TV-STUDY-001235"", ""TV-LABORDER-000235""]"
TV-STUDY-001145,Visit Rescheduled,2023-06-07T10:00:00Z,drug_kit_v,TV-S-001145-05:V002,USR-052,"[""TV-STUDY-001145"", ""TV-INVESTIGATOR-000145""]"
TV-STUDY-001145,Visit Missed,2023-06-07T10:37:00Z,lab_test_v,TV-S-001145-08:V001,USR-055,"[""TV-STUDY-001145"", ""TV-PARTICIPANT-001145""]"
TV-STUDY-001145,Participant Reconsented,2023-06-07T11:14:00Z,data_query_v,TV-S-001145-11:V002,USR-046,"[""TV-STUDY-001145"", ""TV-LABORDER-000145"", ""TV-PROTOCOL-001145""]"
TV-STUDY-001237,Participant Reconsented,2023-06-07T15:29:00Z,data_query_v,TV-S-001237-11:V001,USR-086,"[""TV-STUDY-001237"", ""TV-LABORDER-000237""]"
TV-STUDY-001220,Visit Missed,2023-06-07T18:21:00Z,lab_test_v,TV-S-001220-08:V002,USR-060,"[""TV-STUDY-001220"", ""TV-PARTICIPANT-001220"", ""TV-ALIQUOT-000220""]"
TV-STUDY-001239,Participant Reconsented,2023-06-07T21:31:00Z,data_query_v,TV-S-001239-11:V001,USR-120,"[""TV-STUDY-001239"", ""TV-LABORDER-000239"", ""TV-PROTOCOL-001239""]"
TV-STUDY-001228,Visit Rescheduled,2023-06-08T00:26:00Z,drug_kit_v,TV-S-001228-05:V003,USR-066,"[""TV-STUDY-001228"", ""TV-INVESTIGATOR-000228"", ""TV-DISPENSATION-000228""]"
TV-STUDY-001150,Visit Rescheduled,2023-06-08T01:00:00Z,drug_kit_v,TV-S-001150-05:V003,USR-010,"[""TV-STUDY-001150"", ""TV-INVESTIGATOR-000150""]"
TV-STUDY-001150,Visit Missed,2023-06-08T01:37:00Z,lab_test_v,TV-S-001150-08:V002,USR-013,"[""TV-STUDY-001150"", ""TV-PARTICIPANT-001150"", ""TV-ALIQUOT-000150""]"
TV-STUDY-001150,Participant Reconsented,2023-06-08T02:14:00Z,data_query_v,TV-S-001150-11:V001,USR-004,"[""TV-STUDY-001150"", ""TV-LABORDER-000150""]"
TV-STUDY-001241,Participant Reconsented,2023-06-08T03:33:00Z,data_query_v,TV-S-001241-11:V001,USR-027,"[""TV-STUDY-001241"", ""TV-LABORDER-000241"", ""TV-PROTOCOL-001241""]"
TV-STUDY-001243,Participant Reconsented,2023-06-08T09:35:00Z,data_query_v,TV-S-001243-11:V001,USR-061,"[""TV-STUDY-001243"", ""TV-LABORDER-000243""]"
TV-STUDY-001245,Participant Reconsented,2023-06-08T15:37:00Z,data_query_v,TV-S-001245-11:V001,USR-095,"[""TV-STUDY-001245"", ""TV-LABORDER-000245"", ""TV-PROTOCOL-001245""]"
TV-STUDY-001155,Visit Rescheduled,2023-06-08T16:00:00Z,drug_kit_v,TV-S-001155-05:V002,USR-095,"[""TV-STUDY-001155"", ""TV-INVESTIGATOR-000155""]"
TV-STUDY-001155,Visit Missed,2023-06-08T16:37:00Z,lab_test_v,TV-S-001155-08:V001,USR-098,"[""TV-STUDY-001155"", ""TV-PARTICIPANT-001155"", ""TV-ALIQUOT-000155""]"
TV-STUDY-001155,Participant Reconsented,2023-06-08T17:14:00Z,data_query_v,TV-S-001155-11:V004,USR-089,"[""TV-STUDY-001155"", ""TV-LABORDER-000155""]"
TV-STUDY-001247,Participant Reconsented,2023-06-08T21:39:00Z,data_query_v,TV-S-001247-11:V001,USR-002,"[""TV-STUDY-001247"", ""TV-LABORDER-000247""]"
TV-STUDY-001249,Participant Reconsented,2023-06-09T03:41:00Z,data_query_v,TV-S-001249-11:V001,USR-036,"[""TV-STUDY-001249"", ""TV-LABORDER-000249""]"
TV-STUDY-001160,Visit Rescheduled,2023-06-09T07:00:00Z,drug_kit_v,TV-S-001160-05:V002,USR-053,"[""TV-STUDY-001160"", ""TV-INVESTIGATOR-000160""]"
TV-STUDY-001160,Visit Missed,2023-06-09T07:37:00Z,lab_test_v,TV-S-001160-08:V002,USR-056,"[""TV-STUDY-001160"", ""TV-PARTICIPANT-001160""]"
TV-STUDY-001160,Participant Reconsented,2023-06-09T08:14:00Z,data_query_v,TV-S-001160-11:V001,USR-047,"[""TV-STUDY-001160"", ""TV-LABORDER-000160""]"
TV-STUDY-001251,Participant Reconsented,2023-06-09T09:43:00Z,data_query_v,TV-S-001251-11:V001,USR-070,"[""TV-STUDY-001251"", ""TV-LABORDER-000251"", ""TV-PROTOCOL-001251""]"
TV-STUDY-001253,Participant Reconsented,2023-06-09T15:45:00Z,data_query_v,TV-S-001253-11:V001,USR-104,"[""TV-STUDY-001253"", ""TV-LABORDER-000253"", ""TV-PROTOCOL-001253""]"
TV-STUDY-001255,Participant Reconsented,2023-06-09T21:47:00Z,data_query_v,TV-S-001255-11:V001,USR-011,"[""TV-STUDY-001255"", ""TV-LABORDER-000255"", ""TV-PROTOCOL-001255""]"
TV-STUDY-001165,Visit Rescheduled,2023-06-09T22:00:00Z,drug_kit_v,TV-S-001165-05:V002,USR-011,"[""TV-STUDY-001165"", ""TV-INVESTIGATOR-000165""]"
TV-STUDY-001165,Visit Missed,2023-06-09T22:37:00Z,lab_test_v,TV-S-001165-08:V001,USR-014,"[""TV-STUDY-001165"", ""TV-PARTICIPANT-001165""]"
TV-STUDY-001165,Participant Reconsented,2023-06-09T23:14:00Z,data_query_v,TV-S-001165-11:V004,USR-005,"[""TV-STUDY-001165"", ""TV-LABORDER-000165"", ""TV-PROTOCOL-001165""]"
TV-STUDY-001257,Participant Reconsented,2023-06-10T03:49:00Z,data_query_v,TV-S-001257-11:V001,USR-045,"[""TV-STUDY-001257"", ""TV-LABORDER-000257""]"
TV-STUDY-001259,Participant Reconsented,2023-06-10T09:51:00Z,data_query_v,TV-S-001259-11:V001,USR-079,"[""TV-STUDY-001259"", ""TV-LABORDER-000259"", ""TV-PROTOCOL-001259""]"
TV-STUDY-001170,Visit Rescheduled,2023-06-10T13:00:00Z,drug_kit_v,TV-S-001170-05:V004,USR-096,"[""TV-STUDY-001170"", ""TV-INVESTIGATOR-000170""]"
TV-STUDY-001170,Visit Missed,2023-06-10T13:37:00Z,lab_test_v,TV-S-001170-08:V004,USR-099,"[""TV-STUDY-001170"", ""TV-PARTICIPANT-001170""]"
TV-STUDY-001170,Participant Reconsented,2023-06-10T14:14:00Z,data_query_v,TV-S-001170-11:V002,USR-090,"[""TV-STUDY-001170"", ""TV-LABORDER-000170"", ""TV-PROTOCOL-001170""]"
TV-STUDY-001261,Participant Reconsented,2023-06-10T15:00:00Z,data_query_v,TV-S-001261-11:V001,USR-113,"[""TV-STUDY-001261"", ""TV-LABORDER-000261""]"
TV-STUDY-001263,Participant Reconsented,2023-06-10T21:02:00Z,data_query_v,TV-S-001263-11:V001,USR-020,"[""TV-STUDY-001263"", ""TV-LABORDER-000263"", ""TV-PROTOCOL-001263""]"
TV-STUDY-001251,Visit Rescheduled,2023-06-10T21:49:00Z,drug_kit_v,TV-S-001251-05:V002,USR-076,"[""TV-STUDY-001251"", ""TV-INVESTIGATOR-000251""]"
TV-STUDY-001265,Participant Reconsented,2023-06-11T03:04:00Z,data_query_v,TV-S-001265-11:V001,USR-054,"[""TV-STUDY-001265"", ""TV-LABORDER-000265"", ""TV-PROTOCOL-001265""]"
TV-STUDY-001175,Visit Rescheduled,2023-06-11T04:00:00Z,drug_kit_v,TV-S-001175-05:V002,USR-054,"[""TV-STUDY-001175"", ""TV-INVESTIGATOR-000175""]"
TV-STUDY-001175,Visit Missed,2023-06-11T04:37:00Z,lab_test_v,TV-S-001175-08:V001,USR-057,"[""TV-STUDY-001175"", ""TV-PARTICIPANT-001175""]"
TV-STUDY-001175,Participant Reconsented,2023-06-11T05:14:00Z,data_query_v,TV-S-001175-11:V003,USR-048,"[""TV-STUDY-001175"", ""TV-LABORDER-000175""]"
TV-STUDY-001267,Participant Reconsented,2023-06-11T09:06:00Z,data_query_v,TV-S-001267-11:V001,USR-088,"[""TV-STUDY-001267"", ""TV-LABORDER-000267""]"
TV-STUDY-001269,Participant Reconsented,2023-06-11T15:08:00Z,data_query_v,TV-S-001269-11:V001,USR-122,"[""TV-STUDY-001269"", ""TV-LABORDER-000269""]"
TV-STUDY-001180,Visit Rescheduled,2023-06-11T19:00:00Z,drug_kit_v,TV-S-001180-05:V003,USR-012,"[""TV-STUDY-001180"", ""TV-INVESTIGATOR-000180""]"
TV-STUDY-001180,Visit Missed,2023-06-11T19:37:00Z,lab_test_v,TV-S-001180-08:V003,USR-015,"[""TV-STUDY-001180"", ""TV-PARTICIPANT-001180""]"
TV-STUDY-001180,Participant Reconsented,2023-06-11T20:14:00Z,data_query_v,TV-S-001180-11:V001,USR-006,"[""TV-STUDY-001180"", ""TV-LABORDER-000180"", ""TV-PROTOCOL-001180""]"
TV-STUDY-001271,Participant Reconsented,2023-06-11T21:10:00Z,data_query_v,TV-S-001271-11:V001,USR-029,"[""TV-STUDY-001271"", ""TV-LABORDER-000271"", ""TV-PROTOCOL-001271""]"
TV-STUDY-001273,Participant Reconsented,2023-06-12T03:12:00Z,data_query_v,TV-S-001273-11:V001,USR-063,"[""TV-STUDY-001273"", ""TV-LABORDER-000273""]"
TV-STUDY-001257,Visit Missed,2023-06-12T09:05:00Z,lab_test_v,TV-S-001257-08:V001,USR-054,"[""TV-STUDY-001257"", ""TV-PARTICIPANT-001257""]"
TV-STUDY-001275,Participant Reconsented,2023-06-12T09:14:00Z,data_query_v,TV-S-001275-11:V001,USR-097,"[""TV-STUDY-001275"", ""TV-LABORDER-000275""]"
TV-STUDY-001185,Visit Rescheduled,2023-06-12T10:00:00Z,drug_kit_v,TV-S-001185-05:V003,USR-097,"[""TV-STUDY-001185"", ""TV-INVESTIGATOR-000185"", ""TV-DISPENSATION-000185""]"
TV-STUDY-001185,Visit Missed,2023-06-12T10:37:00Z,lab_test_v,TV-S-001185-08:V001,USR-100,"[""TV-STUDY-001185"", ""TV-PARTICIPANT-001185"", ""TV-ALIQUOT-000185""]"
TV-STUDY-001185,Participant Reconsented,2023-06-12T11:14:00Z,data_query_v,TV-S-001185-11:V003,USR-091,"[""TV-STUDY-001185"", ""TV-LABORDER-000185""]"
TV-STUDY-001277,Participant Reconsented,2023-06-12T15:16:00Z,data_query_v,TV-S-001277-11:V001,USR-004,"[""TV-STUDY-001277"", ""TV-LABORDER-000277""]"
TV-STUDY-001279,Participant Reconsented,2023-06-12T21:18:00Z,data_query_v,TV-S-001279-11:V001,USR-038,"[""TV-STUDY-001279"", ""TV-LABORDER-000279""]"
TV-STUDY-001190,Visit Rescheduled,2023-06-13T01:00:00Z,drug_kit_v,TV-S-001190-05:V003,USR-055,"[""TV-STUDY-001190"", ""TV-INVESTIGATOR-000190""]"
TV-STUDY-001190,Visit Missed,2023-06-13T01:37:00Z,lab_test_v,TV-S-001190-08:V003,USR-058,"[""TV-STUDY-001190"", ""TV-PARTICIPANT-001190""]"
TV-STUDY-001190,Participant Reconsented,2023-06-13T02:14:00Z,data_query_v,TV-S-001190-11:V001,USR-049,"[""TV-STUDY-001190"", ""TV-LABORDER-000190""]"
TV-STUDY-001281,Participant Reconsented,2023-06-13T03:20:00Z,data_query_v,TV-S-001281-11:V001,USR-072,"[""TV-STUDY-001281"", ""TV-LABORDER-000281""]"
TV-STUDY-001283,Participant Reconsented,2023-06-13T09:22:00Z,data_query_v,TV-S-001283-11:V001,USR-106,"[""TV-STUDY-001283"", ""TV-LABORDER-000283"", ""TV-PROTOCOL-001283""]"
TV-STUDY-001285,Participant Reconsented,2023-06-13T15:24:00Z,data_query_v,TV-S-001285-11:V001,USR-013,"[""TV-STUDY-001285"", ""TV-LABORDER-000285""]"
TV-STUDY-001195,Visit Rescheduled,2023-06-13T16:00:00Z,drug_kit_v,TV-S-001195-05:V002,USR-013,"[""TV-STUDY-001195"", ""TV-INVESTIGATOR-000195""]"
TV-STUDY-001195,Visit Missed,2023-06-13T16:37:00Z,lab_test_v,TV-S-001195-08:V001,USR-016,"[""TV-STUDY-001195"", ""TV-PARTICIPANT-001195""]"
TV-STUDY-001195,Participant Reconsented,2023-06-13T17:14:00Z,data_query_v,TV-S-001195-11:V003,USR-007,"[""TV-STUDY-001195"", ""TV-LABORDER-000195"", ""TV-PROTOCOL-001195""]"
TV-STUDY-001274,Visit Rescheduled,2023-06-13T18:19:00Z,drug_kit_v,TV-S-001274-05:V003,USR-086,"[""TV-STUDY-001274"", ""TV-INVESTIGATOR-000274"", ""TV-DISPENSATION-000274""]"
TV-STUDY-001287,Participant Reconsented,2023-06-13T21:26:00Z,data_query_v,TV-S-001287-11:V001,USR-047,"[""TV-STUDY-001287"", ""TV-LABORDER-000287""]"
TV-STUDY-001289,Participant Reconsented,2023-06-14T03:28:00Z,data_query_v,TV-S-001289-11:V001,USR-081,"[""TV-STUDY-001289"", ""TV-LABORDER-000289""]"
TV-STUDY-001200,Visit Rescheduled,2023-06-14T07:00:00Z,drug_kit_v,TV-S-001200-05:V002,USR-098,"[""TV-STUDY-001200"", ""TV-INVESTIGATOR-000200""]"
TV-STUDY-001200,Visit Missed,2023-06-14T07:37:00Z,lab_test_v,TV-S-001200-08:V002,USR-101,"[""TV-STUDY-001200"", ""TV-PARTICIPANT-001200""]"
TV-STUDY-001200,Participant Reconsented,2023-06-14T08:14:00Z,data_query_v,TV-S-001200-11:V001,USR-092,"[""TV-STUDY-001200"", ""TV-LABORDER-000200""]"
TV-STUDY-001291,Participant Reconsented,2023-06-14T09:30:00Z,data_query_v,TV-S-001291-11:V001,USR-115,"[""TV-STUDY-001291"", ""TV-LABORDER-000291""]"
TV-STUDY-001293,Participant Reconsented,2023-06-14T15:32:00Z,data_query_v,TV-S-001293-11:V001,USR-022,"[""TV-STUDY-001293"", ""TV-LABORDER-000293"", ""TV-PROTOCOL-001293""]"
TV-STUDY-001295,Participant Reconsented,2023-06-14T21:34:00Z,data_query_v,TV-S-001295-11:V001,USR-056,"[""TV-STUDY-001295"", ""TV-LABORDER-000295"", ""TV-PROTOCOL-001295""]"
TV-STUDY-001205,Visit Rescheduled,2023-06-14T22:00:00Z,drug_kit_v,TV-S-001205-05:V004,USR-056,"[""TV-STUDY-001205"", ""TV-INVESTIGATOR-000205""]"
TV-STUDY-001205,Visit Missed,2023-06-14T22:37:00Z,lab_test_v,TV-S-001205-08:V001,USR-059,"[""TV-STUDY-001205"", ""TV-PARTICIPANT-001205""]"
TV-STUDY-001205,Participant Reconsented,2023-06-14T23:14:00Z,data_query_v,TV-S-001205-11:V002,USR-050,"[""TV-STUDY-001205"", ""TV-LABORDER-000205"", ""TV-PROTOCOL-001205""]"
TV-STUDY-001297,Participant Reconsented,2023-06-15T03:36:00Z,data_query_v,TV-S-001297-11:V001,USR-090,"[""TV-STUDY-001297"", ""TV-LABORDER-000297""]"
TV-STUDY-001299,Participant Reconsented,2023-06-15T09:38:00Z,data_query_v,TV-S-001299-11:V001,USR-124,"[""TV-STUDY-001299"", ""TV-LABORDER-000299"", ""TV-PROTOCOL-001299""]"
TV-STUDY-001210,Visit Rescheduled,2023-06-15T13:00:00Z,drug_kit_v,TV-S-001210-05:V002,USR-014,"[""TV-STUDY-001210"", ""TV-INVESTIGATOR-000210""]"
TV-STUDY-001210,Visit Missed,2023-06-15T13:37:00Z,lab_test_v,TV-S-001210-08:V003,USR-017,"[""TV-STUDY-001210"", ""TV-PARTICIPANT-001210""]"
TV-STUDY-001210,Participant Reconsented,2023-06-15T14:14:00Z,data_query_v,TV-S-001210-11:V001,USR-008,"[""TV-STUDY-001210"", ""TV-LABORDER-000210"", ""TV-PROTOCOL-001210""]"
TV-STUDY-001301,Participant Reconsented,2023-06-15T15:40:00Z,data_query_v,TV-S-001301-11:V001,USR-031,"[""TV-STUDY-001301"", ""TV-LABORDER-000301""]"
TV-STUDY-001303,Participant Reconsented,2023-06-15T21:42:00Z,data_query_v,TV-S-001303-11:V001,USR-065,"[""TV-STUDY-001303"", ""TV-LABORDER-000303""]"
TV-STUDY-001305,Participant Reconsented,2023-06-16T03:44:00Z,data_query_v,TV-S-001305-11:V001,USR-099,"[""TV-STUDY-001305"", ""TV-LABORDER-000305"", ""TV-PROTOCOL-001305""]"
TV-STUDY-001215,Visit Rescheduled,2023-06-16T04:00:00Z,drug_kit_v,TV-S-001215-05:V002,USR-099,"[""TV-STUDY-001215"", ""TV-INVESTIGATOR-000215""]"
TV-STUDY-001215,Visit Missed,2023-06-16T04:37:00Z,lab_test_v,TV-S-001215-08:V001,USR-102,"[""TV-STUDY-001215"", ""TV-PARTICIPANT-001215""]"
TV-STUDY-001215,Participant Reconsented,2023-06-16T05:14:00Z,data_query_v,TV-S-001215-11:V002,USR-093,"[""TV-STUDY-001215"", ""TV-LABORDER-000215"", ""TV-PROTOCOL-001215""]"
TV-STUDY-001307,Participant Reconsented,2023-06-16T09:46:00Z,data_query_v,TV-S-001307-11:V001,USR-006,"[""TV-STUDY-001307"", ""TV-LABORDER-000307"", ""TV-PROTOCOL-001307""]"
TV-STUDY-001297,Visit Rescheduled,2023-06-16T15:42:00Z,drug_kit_v,TV-S-001297-05:V002,USR-096,"[""TV-STUDY-001297"", ""TV-INVESTIGATOR-000297"", ""TV-DISPENSATION-000297""]"
TV-STUDY-001309,Participant Reconsented,2023-06-16T15:48:00Z,data_query_v,TV-S-001309-11:V001,USR-040,"[""TV-STUDY-001309"", ""TV-LABORDER-000309""]"
TV-STUDY-001220,Visit Rescheduled,2023-06-16T19:00:00Z,drug_kit_v,TV-S-001220-05:V003,USR-057,"[""TV-STUDY-001220"", ""TV-INVESTIGATOR-000220"", ""TV-DISPENSATION-000220""]"
TV-STUDY-001220,Visit Missed,2023-06-16T19:37:00Z,lab_test_v,TV-S-001220-08:V004,USR-060,"[""TV-STUDY-001220"", ""TV-PARTICIPANT-001220"", ""TV-ALIQUOT-000220""]"
TV-STUDY-001220,Participant Reconsented,2023-06-16T20:14:00Z,data_query_v,TV-S-001220-11:V001,USR-051,"[""TV-STUDY-001220"", ""TV-LABORDER-000220""]"
TV-STUDY-001311,Participant Reconsented,2023-06-16T21:50:00Z,data_query_v,TV-S-001311-11:V001,USR-074,"[""TV-STUDY-001311"", ""TV-LABORDER-000311""]"
TV-STUDY-001294,Visit Missed,2023-06-17T00:42:00Z,lab_test_v,TV-S-001294-08:V003,USR-048,"[""TV-STUDY-001294"", ""TV-PARTICIPANT-001294""]"
TV-STUDY-001313,Participant Reconsented,2023-06-17T03:52:00Z,data_query_v,TV-S-001313-11:V001,USR-108,"[""TV-STUDY-001313"", ""TV-LABORDER-000313"", ""TV-PROTOCOL-001313""]"
TV-STUDY-001315,Participant Reconsented,2023-06-17T09:01:00Z,data_query_v,TV-S-001315-11:V001,USR-015,"[""TV-STUDY-001315"", ""TV-LABORDER-000315""]"
TV-STUDY-001225,Visit Rescheduled,2023-06-17T10:00:00Z,drug_kit_v,TV-S-001225-05:V002,USR-015,"[""TV-STUDY-001225"", ""TV-INVESTIGATOR-000225""]"
TV-STUDY-001225,Visit Missed,2023-06-17T10:37:00Z,lab_test_v,TV-S-001225-08:V001,USR-018,"[""TV-STUDY-001225"", ""TV-PARTICIPANT-001225"", ""TV-ALIQUOT-000225""]"
TV-STUDY-001225,Participant Reconsented,2023-06-17T11:14:00Z,data_query_v,TV-S-001225-11:V002,USR-009,"[""TV-STUDY-001225"", ""TV-LABORDER-000225""]"
TV-STUDY-001317,Participant Reconsented,2023-06-17T15:03:00Z,data_query_v,TV-S-001317-11:V001,USR-049,"[""TV-STUDY-001317"", ""TV-LABORDER-000317""]"
TV-STUDY-001319,Participant Reconsented,2023-06-17T21:05:00Z,data_query_v,TV-S-001319-11:V001,USR-083,"[""TV-STUDY-001319"", ""TV-LABORDER-000319"", ""TV-PROTOCOL-001319""]"
TV-STUDY-001230,Visit Rescheduled,2023-06-18T01:00:00Z,drug_kit_v,TV-S-001230-05:V003,USR-100,"[""TV-STUDY-001230"", ""TV-INVESTIGATOR-000230""]"
TV-STUDY-001230,Visit Missed,2023-06-18T01:37:00Z,lab_test_v,TV-S-001230-08:V002,USR-103,"[""TV-STUDY-001230"", ""TV-PARTICIPANT-001230""]"
TV-STUDY-001230,Participant Reconsented,2023-06-18T02:14:00Z,data_query_v,TV-S-001230-11:V001,USR-094,"[""TV-STUDY-001230"", ""TV-LABORDER-000230"", ""TV-PROTOCOL-001230""]"
TV-STUDY-001321,Participant Reconsented,2023-06-18T03:07:00Z,data_query_v,TV-S-001321-11:V001,USR-117,"[""TV-STUDY-001321"", ""TV-LABORDER-000321""]"
TV-STUDY-001323,Participant Reconsented,2023-06-18T09:09:00Z,data_query_v,TV-S-001323-11:V001,USR-024,"[""TV-STUDY-001323"", ""TV-LABORDER-000323"", ""TV-PROTOCOL-001323""]"
TV-STUDY-001325,Participant Reconsented,2023-06-18T15:11:00Z,data_query_v,TV-S-001325-11:V001,USR-058,"[""TV-STUDY-001325"", ""TV-LABORDER-000325""]"
TV-STUDY-001235,Visit Rescheduled,2023-06-18T16:00:00Z,drug_kit_v,TV-S-001235-05:V005,USR-058,"[""TV-STUDY-001235"", ""TV-INVESTIGATOR-000235"", ""TV-DISPENSATION-000235""]"
TV-STUDY-001235,Visit Missed,2023-06-18T16:37:00Z,lab_test_v,TV-S-001235-08:V002,USR-061,"[""TV-STUDY-001235"", ""TV-PARTICIPANT-001235"", ""TV-ALIQUOT-000235""]"
TV-STUDY-001235,Participant Reconsented,2023-06-18T17:14:00Z,data_query_v,TV-S-001235-11:V003,USR-052,"[""TV-STUDY-001235"", ""TV-LABORDER-000235""]"
TV-STUDY-001327,Participant Reconsented,2023-06-18T21:13:00Z,data_query_v,TV-S-001327-11:V001,USR-092,"[""TV-STUDY-001327"", ""TV-LABORDER-000327""]"
TV-STUDY-001329,Participant Reconsented,2023-06-19T03:15:00Z,data_query_v,TV-S-001329-11:V001,USR-126,"[""TV-STUDY-001329"", ""TV-LABORDER-000329""]"
TV-STUDY-001240,Visit Rescheduled,2023-06-19T07:00:00Z,drug_kit_v,TV-S-001240-05:V003,USR-016,"[""TV-STUDY-001240"", ""TV-INVESTIGATOR-000240"", ""TV-DISPENSATION-000240""]"
TV-STUDY-001240,Visit Missed,2023-06-19T07:37:00Z,lab_test_v,TV-S-001240-08:V002,USR-019,"[""TV-STUDY-001240"", ""TV-PARTICIPANT-001240"", ""TV-ALIQUOT-000240""]"
TV-STUDY-001240,Participant Reconsented,2023-06-19T08:14:00Z,data_query_v,TV-S-001240-11:V001,USR-010,"[""TV-STUDY-001240"", ""TV-LABORDER-000240""]"
TV-STUDY-001331,Participant Reconsented,2023-06-19T09:17:00Z,data_query_v,TV-S-001331-11:V001,USR-033,"[""TV-STUDY-001331"", ""TV-LABORDER-000331""]"
TV-STUDY-001320,Visit Rescheduled,2023-06-19T12:12:00Z,drug_kit_v,TV-S-001320-05:V003,USR-106,"[""TV-STUDY-001320"", ""TV-INVESTIGATOR-000320""]"
TV-STUDY-001333,Participant Reconsented,2023-06-19T15:19:00Z,data_query_v,TV-S-001333-11:V001,USR-067,"[""TV-STUDY-001333"", ""TV-LABORDER-000333""]"
TV-STUDY-001335,Participant Reconsented,2023-06-19T21:21:00Z,data_query_v,TV-S-001335-11:V001,USR-101,"[""TV-STUDY-001335"", ""TV-LABORDER-000335""]"
TV-STUDY-001245,Visit Rescheduled,2023-06-19T22:00:00Z,drug_kit_v,TV-S-001245-05:V002,USR-101,"[""TV-STUDY-001245"", ""TV-INVESTIGATOR-000245"", ""TV-DISPENSATION-000245""]"
TV-STUDY-001245,Visit Missed,2023-06-19T22:37:00Z,lab_test_v,TV-S-001245-08:V002,USR-104,"[""TV-STUDY-001245"", ""TV-PARTICIPANT-001245"", ""TV-ALIQUOT-000245""]"
TV-STUDY-001245,Participant Reconsented,2023-06-19T23:14:00Z,data_query_v,TV-S-001245-11:V003,USR-095,"[""TV-STUDY-001245"", ""TV-LABORDER-000245""]"
TV-STUDY-001337,Participant Reconsented,2023-06-20T03:23:00Z,data_query_v,TV-S-001337-11:V001,USR-008,"[""TV-STUDY-001337"", ""TV-LABORDER-000337""]"
TV-STUDY-001339,Participant Reconsented,2023-06-20T09:25:00Z,data_query_v,TV-S-001339-11:V001,USR-042,"[""TV-STUDY-001339"", ""TV-LABORDER-000339""]"
TV-STUDY-001250,Visit Rescheduled,2023-06-20T13:00:00Z,drug_kit_v,TV-S-001250-05:V002,USR-059,"[""TV-STUDY-001250"", ""TV-INVESTIGATOR-000250"", ""TV-DISPENSATION-000250""]"
TV-STUDY-001250,Visit Missed,2023-06-20T13:37:00Z,lab_test_v,TV-S-001250-08:V002,USR-062,"[""TV-STUDY-001250"", ""TV-PARTICIPANT-001250""]"
TV-STUDY-001250,Participant Reconsented,2023-06-20T14:14:00Z,data_query_v,TV-S-001250-11:V001,USR-053,"[""TV-STUDY-001250"", ""TV-LABORDER-000250"", ""TV-PROTOCOL-001250""]"
TV-STUDY-001341,Participant Reconsented,2023-06-20T15:27:00Z,data_query_v,TV-S-001341-11:V001,USR-076,"[""TV-STUDY-001341"", ""TV-LABORDER-000341""]"
TV-STUDY-001343,Participant Reconsented,2023-06-20T21:29:00Z,data_query_v,TV-S-001343-11:V001,USR-110,"[""TV-STUDY-001343"", ""TV-LABORDER-000343""]"
TV-STUDY-001345,Participant Reconsented,2023-06-21T03:31:00Z,data_query_v,TV-S-001345-11:V001,USR-017,"[""TV-STUDY-001345"", ""TV-LABORDER-000345"", ""TV-PROTOCOL-001345""]"
TV-STUDY-001255,Visit Rescheduled,2023-06-21T04:00:00Z,drug_kit_v,TV-S-001255-05:V002,USR-017,"[""TV-STUDY-001255"", ""TV-INVESTIGATOR-000255""]"
TV-STUDY-001255,Visit Missed,2023-06-21T04:37:00Z,lab_test_v,TV-S-001255-08:V001,USR-020,"[""TV-STUDY-001255"", ""TV-PARTICIPANT-001255"", ""TV-ALIQUOT-000255""]"
TV-STUDY-001255,Participant Reconsented,2023-06-21T05:14:00Z,data_query_v,TV-S-001255-11:V002,USR-011,"[""TV-STUDY-001255"", ""TV-LABORDER-000255""]"
TV-STUDY-001347,Participant Reconsented,2023-06-21T09:33:00Z,data_query_v,TV-S-001347-11:V001,USR-051,"[""TV-STUDY-001347"", ""TV-LABORDER-000347""]"
TV-STUDY-001331,Visit Missed,2023-06-21T15:26:00Z,lab_test_v,TV-S-001331-08:V001,USR-042,"[""TV-STUDY-001331"", ""TV-PARTICIPANT-001331""]"
TV-STUDY-001349,Participant Reconsented,2023-06-21T15:35:00Z,data_query_v,TV-S-001349-11:V001,USR-085,"[""TV-STUDY-001349"", ""TV-LABORDER-000349"", ""TV-PROTOCOL-001349""]"
TV-STUDY-001260,Visit Rescheduled,2023-06-21T19:00:00Z,drug_kit_v,TV-S-001260-05:V003,USR-102,"[""TV-STUDY-001260"", ""TV-INVESTIGATOR-000260""]"
TV-STUDY-001260,Visit Missed,2023-06-21T19:37:00Z,lab_test_v,TV-S-001260-08:V002,USR-105,"[""TV-STUDY-001260"", ""TV-PARTICIPANT-001260""]"
TV-STUDY-001260,Participant Reconsented,2023-06-21T20:14:00Z,data_query_v,TV-S-001260-11:V001,USR-096,"[""TV-STUDY-001260"", ""TV-LABORDER-000260""]"
TV-STUDY-001351,Participant Reconsented,2023-06-21T21:37:00Z,data_query_v,TV-S-001351-11:V001,USR-119,"[""TV-STUDY-001351"", ""TV-LABORDER-000351""]"
TV-STUDY-001353,Participant Reconsented,2023-06-22T03:39:00Z,data_query_v,TV-S-001353-11:V001,USR-026,"[""TV-STUDY-001353"", ""TV-LABORDER-000353""]"
TV-STUDY-001343,Visit Rescheduled,2023-06-22T09:35:00Z,drug_kit_v,TV-S-001343-05:V003,USR-116,"[""TV-STUDY-001343"", ""TV-INVESTIGATOR-000343""]"
TV-STUDY-001355,Participant Reconsented,2023-06-22T09:41:00Z,data_query_v,TV-S-001355-11:V001,USR-060,"[""TV-STUDY-001355"", ""TV-LABORDER-000355""]"
TV-STUDY-001265,Visit Rescheduled,2023-06-22T10:00:00Z,drug_kit_v,TV-S-001265-05:V003,USR-060,"[""TV-STUDY-001265"", ""TV-INVESTIGATOR-000265"", ""TV-DISPENSATION-000265""]"
TV-STUDY-001265,Visit Missed,2023-06-22T10:37:00Z,lab_test_v,TV-S-001265-08:V001,USR-063,"[""TV-STUDY-001265"", ""TV-PARTICIPANT-001265""]"
TV-STUDY-001265,Participant Reconsented,2023-06-22T11:14:00Z,data_query_v,TV-S-001265-11:V003,USR-054,"[""TV-STUDY-001265"", ""TV-LABORDER-000265"", ""TV-PROTOCOL-001265""]"
TV-STUDY-001357,Participant Reconsented,2023-06-22T15:43:00Z,data_query_v,TV-S-001357-11:V001,USR-094,"[""TV-STUDY-001357"", ""TV-LABORDER-000357"", ""TV-PROTOCOL-001357""]"
TV-STUDY-001359,Participant Reconsented,2023-06-22T21:45:00Z,data_query_v,TV-S-001359-11:V001,USR-001,"[""TV-STUDY-001359"", ""TV-LABORDER-000359"", ""TV-PROTOCOL-001359""]"
TV-STUDY-001270,Visit Rescheduled,2023-06-23T01:00:00Z,drug_kit_v,TV-S-001270-05:V002,USR-018,"[""TV-STUDY-001270"", ""TV-INVESTIGATOR-000270"", ""TV-DISPENSATION-000270""]"
TV-STUDY-001270,Visit Missed,2023-06-23T01:37:00Z,lab_test_v,TV-S-001270-08:V002,USR-021,"[""TV-STUDY-001270"", ""TV-PARTICIPANT-001270"", ""TV-ALIQUOT-000270""]"
TV-STUDY-001270,Participant Reconsented,2023-06-23T02:14:00Z,data_query_v,TV-S-001270-11:V002,USR-012,"[""TV-STUDY-001270"", ""TV-LABORDER-000270""]"
TV-STUDY-001361,Participant Reconsented,2023-06-23T03:47:00Z,data_query_v,TV-S-001361-11:V001,USR-035,"[""TV-STUDY-001361"", ""TV-LABORDER-000361""]"
TV-STUDY-001363,Participant Reconsented,2023-06-23T09:49:00Z,data_query_v,TV-S-001363-11:V001,USR-069,"[""TV-STUDY-001363"", ""TV-LABORDER-000363""]"
TV-STUDY-001365,Participant Reconsented,2023-06-23T15:51:00Z,data_query_v,TV-S-001365-11:V001,USR-103,"[""TV-STUDY-001365"", ""TV-LABORDER-000365"", ""TV-PROTOCOL-001365""]"
TV-STUDY-001275,Visit Rescheduled,2023-06-23T16:00:00Z,drug_kit_v,TV-S-001275-05:V002,USR-103,"[""TV-STUDY-001275"", ""TV-INVESTIGATOR-000275""]"
TV-STUDY-001275,Visit Missed,2023-06-23T16:37:00Z,lab_test_v,TV-S-001275-08:V001,USR-106,"[""TV-STUDY-001275"", ""TV-PARTICIPANT-001275"", ""TV-ALIQUOT-000275""]"
TV-STUDY-001275,Participant Reconsented,2023-06-23T17:14:00Z,data_query_v,TV-S-001275-11:V002,USR-097,"[""TV-STUDY-001275"", ""TV-LABORDER-000275""]"
TV-STUDY-001367,Participant Reconsented,2023-06-23T21:00:00Z,data_query_v,TV-S-001367-11:V001,USR-010,"[""TV-STUDY-001367"", ""TV-LABORDER-000367""]"
TV-STUDY-001369,Participant Reconsented,2023-06-24T03:02:00Z,data_query_v,TV-S-001369-11:V001,USR-044,"[""TV-STUDY-001369"", ""TV-LABORDER-000369""]"
TV-STUDY-001280,Visit Rescheduled,2023-06-24T07:00:00Z,drug_kit_v,TV-S-001280-05:V002,USR-061,"[""TV-STUDY-001280"", ""TV-INVESTIGATOR-000280""]"
TV-STUDY-001280,Visit Missed,2023-06-24T07:37:00Z,lab_test_v,TV-S-001280-08:V002,USR-064,"[""TV-STUDY-001280"", ""TV-PARTICIPANT-001280""]"
TV-STUDY-001280,Participant Reconsented,2023-06-24T08:14:00Z,data_query_v,TV-S-001280-11:V001,USR-055,"[""TV-STUDY-001280"", ""TV-LABORDER-000280"", ""TV-PROTOCOL-001280""]"
TV-STUDY-001371,Participant Reconsented,2023-06-24T09:04:00Z,data_query_v,TV-S-001371-11:V001,USR-078,"[""TV-STUDY-001371"", ""TV-LABORDER-000371""]"
TV-STUDY-001373,Participant Reconsented,2023-06-24T15:06:00Z,data_query_v,TV-S-001373-11:V001,USR-112,"[""TV-STUDY-001373"", ""TV-LABORDER-000373""]"
TV-STUDY-001375,Participant Reconsented,2023-06-24T21:08:00Z,data_query_v,TV-S-001375-11:V001,USR-019,"[""TV-STUDY-001375"", ""TV-LABORDER-000375""]"
TV-STUDY-001285,Visit Rescheduled,2023-06-24T22:00:00Z,drug_kit_v,TV-S-001285-05:V002,USR-019,"[""TV-STUDY-001285"", ""TV-INVESTIGATOR-000285"", ""TV-DISPENSATION-000285""]"
TV-STUDY-001285,Visit Missed,2023-06-24T22:37:00Z,lab_test_v,TV-S-001285-08:V001,USR-022,"[""TV-STUDY-001285"", ""TV-PARTICIPANT-001285"", ""TV-ALIQUOT-000285""]"
TV-STUDY-001285,Participant Reconsented,2023-06-24T23:14:00Z,data_query_v,TV-S-001285-11:V002,USR-013,"[""TV-STUDY-001285"", ""TV-LABORDER-000285""]"
TV-STUDY-001377,Participant Reconsented,2023-06-25T03:10:00Z,data_query_v,TV-S-001377-11:V001,USR-053,"[""TV-STUDY-001377"", ""TV-LABORDER-000377""]"
TV-STUDY-001366,Visit Rescheduled,2023-06-25T06:05:00Z,drug_kit_v,TV-S-001366-05:V002,USR-126,"[""TV-STUDY-001366"", ""TV-INVESTIGATOR-000366""]"
TV-STUDY-001379,Participant Reconsented,2023-06-25T09:12:00Z,data_query_v,TV-S-001379-11:V001,USR-087,"[""TV-STUDY-001379"", ""TV-LABORDER-000379""]"
TV-STUDY-001290,Visit Rescheduled,2023-06-25T13:00:00Z,drug_kit_v,TV-S-001290-05:V003,USR-104,"[""TV-STUDY-001290"", ""TV-INVESTIGATOR-000290""]"
TV-STUDY-001290,Visit Missed,2023-06-25T13:37:00Z,lab_test_v,TV-S-001290-08:V002,USR-107,"[""TV-STUDY-001290"", ""TV-PARTICIPANT-001290""]"
TV-STUDY-001290,Participant Reconsented,2023-06-25T14:14:00Z,data_query_v,TV-S-001290-11:V001,USR-098,"[""TV-STUDY-001290"", ""TV-LABORDER-000290""]"
TV-STUDY-001381,Participant Reconsented,2023-06-25T15:14:00Z,data_query_v,TV-S-001381-11:V001,USR-121,"[""TV-STUDY-001381"", ""TV-LABORDER-000381""]"
TV-STUDY-001383,Participant Reconsented,2023-06-25T21:16:00Z,data_query_v,TV-S-001383-11:V001,USR-028,"[""TV-STUDY-001383"", ""TV-LABORDER-000383"", ""TV-PROTOCOL-001383""]"
TV-STUDY-001385,Participant Reconsented,2023-06-26T03:18:00Z,data_query_v,TV-S-001385-11:V001,USR-062,"[""TV-STUDY-001385"", ""TV-LABORDER-000385""]"
TV-STUDY-001295,Visit Rescheduled,2023-06-26T04:00:00Z,drug_kit_v,TV-S-001295-05:V003,USR-062,"[""TV-STUDY-001295"", ""TV-INVESTIGATOR-000295"", ""TV-DISPENSATION-000295""]"
TV-STUDY-001295,Visit Missed,2023-06-26T04:37:00Z,lab_test_v,TV-S-001295-08:V001,USR-065,"[""TV-STUDY-001295"", ""TV-PARTICIPANT-001295""]"
TV-STUDY-001295,Participant Reconsented,2023-06-26T05:14:00Z,data_query_v,TV-S-001295-11:V002,USR-056,"[""TV-STUDY-001295"", ""TV-LABORDER-000295"", ""TV-PROTOCOL-001295""]"
TV-STUDY-001368,Visit Missed,2023-06-26T06:10:00Z,lab_test_v,TV-S-001368-08:V003,USR-036,"[""TV-STUDY-001368"", ""TV-PARTICIPANT-001368""]"
TV-STUDY-001387,Participant Reconsented,2023-06-26T09:20:00Z,data_query_v,TV-S-001387-11:V001,USR-096,"[""TV-STUDY-001387"", ""TV-LABORDER-000387""]"
TV-STUDY-001389,Participant Reconsented,2023-06-26T15:22:00Z,data_query_v,TV-S-001389-11:V001,USR-003,"[""TV-STUDY-001389"", ""TV-LABORDER-000389""]"
TV-STUDY-001300,Visit Rescheduled,2023-06-26T19:00:00Z,drug_kit_v,TV-S-001300-05:V004,USR-020,"[""TV-STUDY-001300"", ""TV-INVESTIGATOR-000300""]"
TV-STUDY-001300,Visit Missed,2023-06-26T19:37:00Z,lab_test_v,TV-S-001300-08:V003,USR-023,"[""TV-STUDY-001300"", ""TV-PARTICIPANT-001300""]"
TV-STUDY-001300,Participant Reconsented,2023-06-26T20:14:00Z,data_query_v,TV-S-001300-11:V003,USR-014,"[""TV-STUDY-001300"", ""TV-LABORDER-000300""]"
TV-STUDY-001391,Participant Reconsented,2023-06-26T21:24:00Z,data_query_v,TV-S-001391-11:V001,USR-037,"[""TV-STUDY-001391"", ""TV-LABORDER-000391"", ""TV-PROTOCOL-001391""]"
TV-STUDY-001393,Participant Reconsented,2023-06-27T03:26:00Z,data_query_v,TV-S-001393-11:V001,USR-071,"[""TV-STUDY-001393"", ""TV-LABORDER-000393"", ""TV-PROTOCOL-001393""]"
TV-STUDY-001395,Participant Reconsented,2023-06-27T09:28:00Z,data_query_v,TV-S-001395-11:V001,USR-105,"[""TV-STUDY-001395"", ""TV-LABORDER-000395"", ""TV-PROTOCOL-001395""]"
TV-STUDY-001305,Visit Rescheduled,2023-06-27T10:00:00Z,drug_kit_v,TV-S-001305-05:V002,USR-105,"[""TV-STUDY-001305"", ""TV-INVESTIGATOR-000305""]"
TV-STUDY-001305,Visit Missed,2023-06-27T10:37:00Z,lab_test_v,TV-S-001305-08:V001,USR-108,"[""TV-STUDY-001305"", ""TV-PARTICIPANT-001305""]"
TV-STUDY-001305,Participant Reconsented,2023-06-27T11:14:00Z,data_query_v,TV-S-001305-11:V002,USR-099,"[""TV-STUDY-001305"", ""TV-LABORDER-000305"", ""TV-PROTOCOL-001305""]"
TV-STUDY-001397,Participant Reconsented,2023-06-27T15:30:00Z,data_query_v,TV-S-001397-11:V001,USR-012,"[""TV-STUDY-001397"", ""TV-LABORDER-000397""]"
TV-STUDY-001399,Participant Reconsented,2023-06-27T21:32:00Z,data_query_v,TV-S-001399-11:V001,USR-046,"[""TV-STUDY-001399"", ""TV-LABORDER-000399""]"
TV-STUDY-001310,Visit Rescheduled,2023-06-28T01:00:00Z,drug_kit_v,TV-S-001310-05:V002,USR-063,"[""TV-STUDY-001310"", ""TV-INVESTIGATOR-000310""]"
TV-STUDY-001310,Visit Missed,2023-06-28T01:37:00Z,lab_test_v,TV-S-001310-08:V002,USR-066,"[""TV-STUDY-001310"", ""TV-PARTICIPANT-001310""]"
TV-STUDY-001310,Participant Reconsented,2023-06-28T02:14:00Z,data_query_v,TV-S-001310-11:V001,USR-057,"[""TV-STUDY-001310"", ""TV-LABORDER-000310"", ""TV-PROTOCOL-001310""]"
TV-STUDY-001389,Visit Rescheduled,2023-06-28T03:28:00Z,drug_kit_v,TV-S-001389-05:V002,USR-009,"[""TV-STUDY-001389"", ""TV-INVESTIGATOR-000389"", ""TV-DISPENSATION-000389""]"
TV-STUDY-001401,Participant Reconsented,2023-06-28T03:34:00Z,data_query_v,TV-S-001401-11:V001,USR-080,"[""TV-STUDY-001401"", ""TV-LABORDER-000401"", ""TV-PROTOCOL-001401""]"
TV-STUDY-001403,Participant Reconsented,2023-06-28T09:36:00Z,data_query_v,TV-S-001403-11:V001,USR-114,"[""TV-STUDY-001403"", ""TV-LABORDER-000403""]"
TV-STUDY-001405,Participant Reconsented,2023-06-28T15:38:00Z,data_query_v,TV-S-001405-11:V001,USR-021,"[""TV-STUDY-001405"", ""TV-LABORDER-000405"", ""TV-PROTOCOL-001405""]"
TV-STUDY-001315,Visit Rescheduled,2023-06-28T16:00:00Z,drug_kit_v,TV-S-001315-05:V002,USR-021,"[""TV-STUDY-001315"", ""TV-INVESTIGATOR-000315"", ""TV-DISPENSATION-000315""]"
TV-STUDY-001315,Visit Missed,2023-06-28T16:37:00Z,lab_test_v,TV-S-001315-08:V001,USR-024,"[""TV-STUDY-001315"", ""TV-PARTICIPANT-001315"", ""TV-ALIQUOT-000315""]"
TV-STUDY-001315,Participant Reconsented,2023-06-28T17:14:00Z,data_query_v,TV-S-001315-11:V002,USR-015,"[""TV-STUDY-001315"", ""TV-LABORDER-000315""]"
TV-STUDY-001407,Participant Reconsented,2023-06-28T21:40:00Z,data_query_v,TV-S-001407-11:V001,USR-055,"[""TV-STUDY-001407"", ""TV-LABORDER-000407""]"
TV-STUDY-001409,Participant Reconsented,2023-06-29T03:42:00Z,data_query_v,TV-S-001409-11:V001,USR-089,"[""TV-STUDY-001409"", ""TV-LABORDER-000409"", ""TV-PROTOCOL-001409""]"
TV-STUDY-001320,Visit Rescheduled,2023-06-29T07:00:00Z,drug_kit_v,TV-S-001320-05:V005,USR-106,"[""TV-STUDY-001320"", ""TV-INVESTIGATOR-000320""]"
TV-STUDY-001320,Visit Missed,2023-06-29T07:37:00Z,lab_test_v,TV-S-001320-08:V002,USR-109,"[""TV-STUDY-001320"", ""TV-PARTICIPANT-001320""]"
TV-STUDY-001320,Participant Reconsented,2023-06-29T08:14:00Z,data_query_v,TV-S-001320-11:V001,USR-100,"[""TV-STUDY-001320"", ""TV-LABORDER-000320""]"
TV-STUDY-001411,Participant Reconsented,2023-06-29T09:44:00Z,data_query_v,TV-S-001411-11:V001,USR-123,"[""TV-STUDY-001411"", ""TV-LABORDER-000411""]"
TV-STUDY-001413,Participant Reconsented,2023-06-29T15:46:00Z,data_query_v,TV-S-001413-11:V001,USR-030,"[""TV-STUDY-001413"", ""TV-LABORDER-000413"", ""TV-PROTOCOL-001413""]"
TV-STUDY-001415,Participant Reconsented,2023-06-29T21:48:00Z,data_query_v,TV-S-001415-11:V001,USR-064,"[""TV-STUDY-001415"", ""TV-LABORDER-000415"", ""TV-PROTOCOL-001415""]"
TV-STUDY-001325,Visit Rescheduled,2023-06-29T22:00:00Z,drug_kit_v,TV-S-001325-05:V003,USR-064,"[""TV-STUDY-001325"", ""TV-INVESTIGATOR-000325""]"
TV-STUDY-001325,Visit Missed,2023-06-29T22:37:00Z,lab_test_v,TV-S-001325-08:V001,USR-067,"[""TV-STUDY-001325"", ""TV-PARTICIPANT-001325""]"
TV-STUDY-001325,Participant Reconsented,2023-06-29T23:14:00Z,data_query_v,TV-S-001325-11:V002,USR-058,"[""TV-STUDY-001325"", ""TV-LABORDER-000325""]"
TV-STUDY-001417,Participant Reconsented,2023-06-30T03:50:00Z,data_query_v,TV-S-001417-11:V001,USR-098,"[""TV-STUDY-001417"", ""TV-LABORDER-000417""]"
TV-STUDY-001419,Participant Reconsented,2023-06-30T09:52:00Z,data_query_v,TV-S-001419-11:V001,USR-005,"[""TV-STUDY-001419"", ""TV-LABORDER-000419"", ""TV-PROTOCOL-001419""]"
TV-STUDY-001330,Visit Rescheduled,2023-06-30T13:00:00Z,drug_kit_v,TV-S-001330-05:V002,USR-022,"[""TV-STUDY-001330"", ""TV-INVESTIGATOR-000330""]"
TV-STUDY-001330,Visit Missed,2023-06-30T13:37:00Z,lab_test_v,TV-S-001330-08:V003,USR-025,"[""TV-STUDY-001330"", ""TV-PARTICIPANT-001330"", ""TV-ALIQUOT-000330""]"
TV-STUDY-001330,Participant Reconsented,2023-06-30T14:14:00Z,data_query_v,TV-S-001330-11:V001,USR-016,"[""TV-STUDY-001330"", ""TV-LABORDER-000330""]"
TV-STUDY-001421,Participant Reconsented,2023-06-30T15:01:00Z,data_query_v,TV-S-001421-11:V001,USR-039,"[""TV-STUDY-001421"", ""TV-LABORDER-000421""]"
TV-STUDY-001423,Participant Reconsented,2023-06-30T21:03:00Z,data_query_v,TV-S-001423-11:V001,USR-073,"[""TV-STUDY-001423"", ""TV-LABORDER-000423""]"
TV-STUDY-001405,Visit Missed,2023-06-30T21:47:00Z,lab_test_v,TV-S-001405-08:V001,USR-030,"[""TV-STUDY-001405"", ""TV-PARTICIPANT-001405""]"
TV-STUDY-001412,Visit Rescheduled,2023-07-01T00:51:00Z,drug_kit_v,TV-S-001412-05:V002,USR-019,"[""TV-STUDY-001412"", ""TV-INVESTIGATOR-000412"", ""TV-DISPENSATION-000412""]"
TV-STUDY-001425,Participant Reconsented,2023-07-01T03:05:00Z,data_query_v,TV-S-001425-11:V001,USR-107,"[""TV-STUDY-001425"", ""TV-LABORDER-000425""]"
TV-STUDY-001335,Visit Rescheduled,2023-07-01T04:00:00Z,drug_kit_v,TV-S-001335-05:V003,USR-107,"[""TV-STUDY-001335"", ""TV-INVESTIGATOR-000335""]"
TV-STUDY-001335,Visit Missed,2023-07-01T04:37:00Z,lab_test_v,TV-S-001335-08:V001,USR-110,"[""TV-STUDY-001335"", ""TV-PARTICIPANT-001335""]"
TV-STUDY-001335,Participant Reconsented,2023-07-01T05:14:00Z,data_query_v,TV-S-001335-11:V002,USR-101,"[""TV-STUDY-001335"", ""TV-LABORDER-000335"", ""TV-PROTOCOL-001335""]"
TV-STUDY-001427,Participant Reconsented,2023-07-01T09:07:00Z,data_query_v,TV-S-001427-11:V001,USR-014,"[""TV-STUDY-001427"", ""TV-LABORDER-000427""]"
TV-STUDY-001429,Participant Reconsented,2023-07-01T15:09:00Z,data_query_v,TV-S-001429-11:V001,USR-048,"[""TV-STUDY-001429"", ""TV-LABORDER-000429""]"
TV-STUDY-001340,Visit Rescheduled,2023-07-01T19:00:00Z,drug_kit_v,TV-S-001340-05:V002,USR-065,"[""TV-STUDY-001340"", ""TV-INVESTIGATOR-000340""]"
TV-STUDY-001340,Visit Missed,2023-07-01T19:37:00Z,lab_test_v,TV-S-001340-08:V002,USR-068,"[""TV-STUDY-001340"", ""TV-PARTICIPANT-001340"", ""TV-ALIQUOT-000340""]"
TV-STUDY-001340,Participant Reconsented,2023-07-01T20:14:00Z,data_query_v,TV-S-001340-11:V001,USR-059,"[""TV-STUDY-001340"", ""TV-LABORDER-000340""]"
TV-STUDY-001431,Participant Reconsented,2023-07-01T21:11:00Z,data_query_v,TV-S-001431-11:V001,USR-082,"[""TV-STUDY-001431"", ""TV-LABORDER-000431""]"
TV-STUDY-001433,Participant Reconsented,2023-07-02T03:13:00Z,data_query_v,TV-S-001433-11:V001,USR-116,"[""TV-STUDY-001433"", ""TV-LABORDER-000433""]"
TV-STUDY-001435,Participant Reconsented,2023-07-02T09:15:00Z,data_query_v,TV-S-001435-11:V001,USR-023,"[""TV-STUDY-001435"", ""TV-LABORDER-000435""]"
TV-STUDY-001345,Visit Rescheduled,2023-07-02T10:00:00Z,drug_kit_v,TV-S-001345-05:V002,USR-023,"[""TV-STUDY-001345"", ""TV-INVESTIGATOR-000345""]"
TV-STUDY-001345,Visit Missed,2023-07-02T10:37:00Z,lab_test_v,TV-S-001345-08:V001,USR-026,"[""TV-STUDY-001345"", ""TV-PARTICIPANT-001345""]"
TV-STUDY-001345,Participant Reconsented,2023-07-02T11:14:00Z,data_query_v,TV-S-001345-11:V002,USR-017,"[""TV-STUDY-001345"", ""TV-LABORDER-000345""]"
TV-STUDY-001437,Participant Reconsented,2023-07-02T15:17:00Z,data_query_v,TV-S-001437-11:V001,USR-057,"[""TV-STUDY-001437"", ""TV-LABORDER-000437""]"
TV-STUDY-001439,Participant Reconsented,2023-07-02T21:19:00Z,data_query_v,TV-S-001439-11:V001,USR-091,"[""TV-STUDY-001439"", ""TV-LABORDER-000439""]"
TV-STUDY-001350,Visit Rescheduled,2023-07-03T01:00:00Z,drug_kit_v,TV-S-001350-05:V002,USR-108,"[""TV-STUDY-001350"", ""TV-INVESTIGATOR-000350""]"
TV-STUDY-001350,Visit Missed,2023-07-03T01:37:00Z,lab_test_v,TV-S-001350-08:V002,USR-111,"[""TV-STUDY-001350"", ""TV-PARTICIPANT-001350"", ""TV-ALIQUOT-000350""]"
TV-STUDY-001350,Participant Reconsented,2023-07-03T02:14:00Z,data_query_v,TV-S-001350-11:V002,USR-102,"[""TV-STUDY-001350"", ""TV-LABORDER-000350""]"
TV-STUDY-001441,Participant Reconsented,2023-07-03T03:21:00Z,data_query_v,TV-S-001441-11:V001,USR-125,"[""TV-STUDY-001441"", ""TV-LABORDER-000441""]"
TV-STUDY-001443,Participant Reconsented,2023-07-03T09:23:00Z,data_query_v,TV-S-001443-11:V001,USR-032,"[""TV-STUDY-001443"", ""TV-LABORDER-000443"", ""TV-PROTOCOL-001443""]"
TV-STUDY-001445,Participant Reconsented,2023-07-03T15:25:00Z,data_query_v,TV-S-001445-11:V001,USR-066,"[""TV-STUDY-001445"", ""TV-LABORDER-000445"", ""TV-PROTOCOL-001445""]"
TV-STUDY-001355,Visit Rescheduled,2023-07-03T16:00:00Z,drug_kit_v,TV-S-001355-05:V002,USR-066,"[""TV-STUDY-001355"", ""TV-INVESTIGATOR-000355""]"
TV-STUDY-001355,Visit Missed,2023-07-03T16:37:00Z,lab_test_v,TV-S-001355-08:V001,USR-069,"[""TV-STUDY-001355"", ""TV-PARTICIPANT-001355""]"
TV-STUDY-001355,Participant Reconsented,2023-07-03T17:14:00Z,data_query_v,TV-S-001355-11:V002,USR-060,"[""TV-STUDY-001355"", ""TV-LABORDER-000355""]"
TV-STUDY-001435,Visit Rescheduled,2023-07-03T21:21:00Z,drug_kit_v,TV-S-001435-05:V002,USR-029,"[""TV-STUDY-001435"", ""TV-INVESTIGATOR-000435""]"
TV-STUDY-001447,Participant Reconsented,2023-07-03T21:27:00Z,data_query_v,TV-S-001447-11:V001,USR-100,"[""TV-STUDY-001447"", ""TV-LABORDER-000447""]"
TV-STUDY-001449,Participant Reconsented,2023-07-04T03:29:00Z,data_query_v,TV-S-001449-11:V001,USR-007,"[""TV-STUDY-001449"", ""TV-LABORDER-000449""]"
TV-STUDY-001360,Visit Rescheduled,2023-07-04T07:00:00Z,drug_kit_v,TV-S-001360-05:V003,USR-024,"[""TV-STUDY-001360"", ""TV-INVESTIGATOR-000360""]"
TV-STUDY-001360,Visit Missed,2023-07-04T07:37:00Z,lab_test_v,TV-S-001360-08:V003,USR-027,"[""TV-STUDY-001360"", ""TV-PARTICIPANT-001360""]"
TV-STUDY-001360,Participant Reconsented,2023-07-04T08:14:00Z,data_query_v,TV-S-001360-11:V001,USR-018,"[""TV-STUDY-001360"", ""TV-LABORDER-000360"", ""TV-PROTOCOL-001360""]"
TV-STUDY-001451,Participant Reconsented,2023-07-04T09:31:00Z,data_query_v,TV-S-001451-11:V001,USR-041,"[""TV-STUDY-001451"", ""TV-LABORDER-000451"", ""TV-PROTOCOL-001451""]"
TV-STUDY-001453,Participant Reconsented,2023-07-04T15:33:00Z,data_query_v,TV-S-001453-11:V001,USR-075,"[""TV-STUDY-001453"", ""TV-LABORDER-000453""]"
TV-STUDY-001455,Participant Reconsented,2023-07-04T21:35:00Z,data_query_v,TV-S-001455-11:V001,USR-109,"[""TV-STUDY-001455"", ""TV-LABORDER-000455"", ""TV-PROTOCOL-001455""]"
TV-STUDY-001365,Visit Rescheduled,2023-07-04T22:00:00Z,drug_kit_v,TV-S-001365-05:V004,USR-109,"[""TV-STUDY-001365"", ""TV-INVESTIGATOR-000365"", ""TV-DISPENSATION-000365""]"
TV-STUDY-001365,Visit Missed,2023-07-04T22:37:00Z,lab_test_v,TV-S-001365-08:V003,USR-112,"[""TV-STUDY-001365"", ""TV-PARTICIPANT-001365"", ""TV-ALIQUOT-000365""]"
TV-STUDY-001365,Participant Reconsented,2023-07-04T23:14:00Z,data_query_v,TV-S-001365-11:V005,USR-103,"[""TV-STUDY-001365"", ""TV-LABORDER-000365""]"
TV-STUDY-001457,Participant Reconsented,2023-07-05T03:37:00Z,data_query_v,TV-S-001457-11:V001,USR-016,"[""TV-STUDY-001457"", ""TV-LABORDER-000457""]"
TV-STUDY-001459,Participant Reconsented,2023-07-05T09:39:00Z,data_query_v,TV-S-001459-11:V001,USR-050,"[""TV-STUDY-001459"", ""TV-LABORDER-000459""]"
TV-STUDY-001442,Visit Missed,2023-07-05T12:31:00Z,lab_test_v,TV-S-001442-08:V003,USR-024,"[""TV-STUDY-001442"", ""TV-PARTICIPANT-001442""]"
TV-STUDY-001370,Visit Rescheduled,2023-07-05T13:00:00Z,drug_kit_v,TV-S-001370-05:V002,USR-067,"[""TV-STUDY-001370"", ""TV-INVESTIGATOR-000370""]"
TV-STUDY-001370,Visit Missed,2023-07-05T13:37:00Z,lab_test_v,TV-S-001370-08:V002,USR-070,"[""TV-STUDY-001370"", ""TV-PARTICIPANT-001370""]"
TV-STUDY-001370,Participant Reconsented,2023-07-05T14:14:00Z,data_query_v,TV-S-001370-11:V001,USR-061,"[""TV-STUDY-001370"", ""TV-LABORDER-000370""]"
TV-STUDY-001461,Participant Reconsented,2023-07-05T15:41:00Z,data_query_v,TV-S-001461-11:V001,USR-084,"[""TV-STUDY-001461"", ""TV-LABORDER-000461""]"
TV-STUDY-001463,Participant Reconsented,2023-07-05T21:43:00Z,data_query_v,TV-S-001463-11:V001,USR-118,"[""TV-STUDY-001463"", ""TV-LABORDER-000463"", ""TV-PROTOCOL-001463""]"
TV-STUDY-001465,Participant Reconsented,2023-07-06T03:45:00Z,data_query_v,TV-S-001465-11:V001,USR-025,"[""TV-STUDY-001465"", ""TV-LABORDER-000465""]"
TV-STUDY-001375,Visit Rescheduled,2023-07-06T04:00:00Z,drug_kit_v,TV-S-001375-05:V002,USR-025,"[""TV-STUDY-001375"", ""TV-INVESTIGATOR-000375"", ""TV-DISPENSATION-000375""]"
TV-STUDY-001375,Visit Missed,2023-07-06T04:37:00Z,lab_test_v,TV-S-001375-08:V001,USR-028,"[""TV-STUDY-001375"", ""TV-PARTICIPANT-001375"", ""TV-ALIQUOT-000375""]"
TV-STUDY-001375,Participant Reconsented,2023-07-06T05:14:00Z,data_query_v,TV-S-001375-11:V003,USR-019,"[""TV-STUDY-001375"", ""TV-LABORDER-000375""]"
TV-STUDY-001467,Participant Reconsented,2023-07-06T09:47:00Z,data_query_v,TV-S-001467-11:V001,USR-059,"[""TV-STUDY-001467"", ""TV-LABORDER-000467"", ""TV-PROTOCOL-001467""]"
TV-STUDY-001469,Participant Reconsented,2023-07-06T15:49:00Z,data_query_v,TV-S-001469-11:V001,USR-093,"[""TV-STUDY-001469"", ""TV-LABORDER-000469""]"
TV-STUDY-001458,Visit Rescheduled,2023-07-06T18:44:00Z,drug_kit_v,TV-S-001458-05:V002,USR-039,"[""TV-STUDY-001458"", ""TV-INVESTIGATOR-000458"", ""TV-DISPENSATION-000458""]"
TV-STUDY-001380,Visit Rescheduled,2023-07-06T19:00:00Z,drug_kit_v,TV-S-001380-05:V003,USR-110,"[""TV-STUDY-001380"", ""TV-INVESTIGATOR-000380""]"
TV-STUDY-001380,Visit Missed,2023-07-06T19:37:00Z,lab_test_v,TV-S-001380-08:V002,USR-113,"[""TV-STUDY-001380"", ""TV-PARTICIPANT-001380""]"
TV-STUDY-001380,Participant Reconsented,2023-07-06T20:14:00Z,data_query_v,TV-S-001380-11:V001,USR-104,"[""TV-STUDY-001380"", ""TV-LABORDER-000380"", ""TV-PROTOCOL-001380""]"
TV-STUDY-001471,Participant Reconsented,2023-07-06T21:51:00Z,data_query_v,TV-S-001471-11:V001,USR-127,"[""TV-STUDY-001471"", ""TV-LABORDER-000471"", ""TV-PROTOCOL-001471""]"
TV-STUDY-001473,Participant Reconsented,2023-07-07T03:00:00Z,data_query_v,TV-S-001473-11:V001,USR-034,"[""TV-STUDY-001473"", ""TV-LABORDER-000473""]"
TV-STUDY-001475,Participant Reconsented,2023-07-07T09:02:00Z,data_query_v,TV-S-001475-11:V001,USR-068,"[""TV-STUDY-001475"", ""TV-LABORDER-000475"", ""TV-PROTOCOL-001475""]"
TV-STUDY-001385,Visit Rescheduled,2023-07-07T10:00:00Z,drug_kit_v,TV-S-001385-05:V002,USR-068,"[""TV-STUDY-001385"", ""TV-INVESTIGATOR-000385""]"
TV-STUDY-001385,Visit Missed,2023-07-07T10:37:00Z,lab_test_v,TV-S-001385-08:V001,USR-071,"[""TV-STUDY-001385"", ""TV-PARTICIPANT-001385""]"
TV-STUDY-001385,Participant Reconsented,2023-07-07T11:14:00Z,data_query_v,TV-S-001385-11:V003,USR-062,"[""TV-STUDY-001385"", ""TV-LABORDER-000385""]"
TV-STUDY-001477,Participant Reconsented,2023-07-07T15:04:00Z,data_query_v,TV-S-001477-11:V001,USR-102,"[""TV-STUDY-001477"", ""TV-LABORDER-000477""]"
TV-STUDY-001479,Participant Reconsented,2023-07-07T21:06:00Z,data_query_v,TV-S-001479-11:V001,USR-009,"[""TV-STUDY-001479"", ""TV-LABORDER-000479""]"
TV-STUDY-001390,Visit Rescheduled,2023-07-08T01:00:00Z,drug_kit_v,TV-S-001390-05:V002,USR-026,"[""TV-STUDY-001390"", ""TV-INVESTIGATOR-000390"", ""TV-DISPENSATION-000390""]"
TV-STUDY-001390,Visit Missed,2023-07-08T01:37:00Z,lab_test_v,TV-S-001390-08:V003,USR-029,"[""TV-STUDY-001390"", ""TV-PARTICIPANT-001390""]"
TV-STUDY-001390,Participant Reconsented,2023-07-08T02:14:00Z,data_query_v,TV-S-001390-11:V001,USR-020,"[""TV-STUDY-001390"", ""TV-LABORDER-000390"", ""TV-PROTOCOL-001390""]"
TV-STUDY-001481,Participant Reconsented,2023-07-08T03:08:00Z,data_query_v,TV-S-001481-11:V001,USR-043,"[""TV-STUDY-001481"", ""TV-LABORDER-000481""]"
TV-STUDY-001483,Participant Reconsented,2023-07-08T09:10:00Z,data_query_v,TV-S-001483-11:V001,USR-077,"[""TV-STUDY-001483"", ""TV-LABORDER-000483""]"
TV-STUDY-001485,Participant Reconsented,2023-07-08T15:12:00Z,data_query_v,TV-S-001485-11:V001,USR-111,"[""TV-STUDY-001485"", ""TV-LABORDER-000485""]"
TV-STUDY-001395,Visit Rescheduled,2023-07-08T16:00:00Z,drug_kit_v,TV-S-001395-05:V002,USR-111,"[""TV-STUDY-001395"", ""TV-INVESTIGATOR-000395""]"
TV-STUDY-001395,Visit Missed,2023-07-08T16:37:00Z,lab_test_v,TV-S-001395-08:V001,USR-114,"[""TV-STUDY-001395"", ""TV-PARTICIPANT-001395""]"
TV-STUDY-001395,Participant Reconsented,2023-07-08T17:14:00Z,data_query_v,TV-S-001395-11:V003,USR-105,"[""TV-STUDY-001395"", ""TV-LABORDER-000395"", ""TV-PROTOCOL-001395""]"
TV-STUDY-001487,Participant Reconsented,2023-07-08T21:14:00Z,data_query_v,TV-S-001487-11:V001,USR-018,"[""TV-STUDY-001487"", ""TV-LABORDER-000487""]"
TV-STUDY-001489,Participant Reconsented,2023-07-09T03:16:00Z,data_query_v,TV-S-001489-11:V001,USR-052,"[""TV-STUDY-001489"", ""TV-LABORDER-000489""]"
TV-STUDY-001400,Visit Rescheduled,2023-07-09T07:00:00Z,drug_kit_v,TV-S-001400-05:V002,USR-069,"[""TV-STUDY-001400"", ""TV-INVESTIGATOR-000400"", ""TV-DISPENSATION-000400""]"
TV-STUDY-001400,Visit Missed,2023-07-09T07:37:00Z,lab_test_v,TV-S-001400-08:V003,USR-072,"[""TV-STUDY-001400"", ""TV-PARTICIPANT-001400"", ""TV-ALIQUOT-000400""]"
TV-STUDY-001400,Participant Reconsented,2023-07-09T08:14:00Z,data_query_v,TV-S-001400-11:V001,USR-063,"[""TV-STUDY-001400"", ""TV-LABORDER-000400""]"
TV-STUDY-001491,Participant Reconsented,2023-07-09T09:18:00Z,data_query_v,TV-S-001491-11:V001,USR-086,"[""TV-STUDY-001491"", ""TV-LABORDER-000491"", ""TV-PROTOCOL-001491""]"
TV-STUDY-001481,Visit Rescheduled,2023-07-09T15:14:00Z,drug_kit_v,TV-S-001481-05:V003,USR-049,"[""TV-STUDY-001481"", ""TV-INVESTIGATOR-000481""]"
TV-STUDY-001493,Participant Reconsented,2023-07-09T15:20:00Z,data_query_v,TV-S-001493-11:V001,USR-120,"[""TV-STUDY-001493"", ""TV-LABORDER-000493"", ""TV-PROTOCOL-001493""]"
TV-STUDY-001495,Participant Reconsented,2023-07-09T21:22:00Z,data_query_v,TV-S-001495-11:V001,USR-027,"[""TV-STUDY-001495"", ""TV-LABORDER-000495""]"
TV-STUDY-001405,Visit Rescheduled,2023-07-09T22:00:00Z,drug_kit_v,TV-S-001405-05:V002,USR-027,"[""TV-STUDY-001405"", ""TV-INVESTIGATOR-000405""]"
TV-STUDY-001405,Visit Missed,2023-07-09T22:37:00Z,lab_test_v,TV-S-001405-08:V002,USR-030,"[""TV-STUDY-001405"", ""TV-PARTICIPANT-001405"", ""TV-ALIQUOT-000405""]"
TV-STUDY-001405,Participant Reconsented,2023-07-09T23:14:00Z,data_query_v,TV-S-001405-11:V003,USR-021,"[""TV-STUDY-001405"", ""TV-LABORDER-000405""]"
TV-STUDY-001479,Visit Missed,2023-07-10T03:15:00Z,lab_test_v,TV-S-001479-08:V001,USR-018,"[""TV-STUDY-001479"", ""TV-PARTICIPANT-001479""]"
TV-STUDY-001497,Participant Reconsented,2023-07-10T03:24:00Z,data_query_v,TV-S-001497-11:V001,USR-061,"[""TV-STUDY-001497"", ""TV-LABORDER-000497"", ""TV-PROTOCOL-001497""]"
TV-STUDY-001499,Participant Reconsented,2023-07-10T09:26:00Z,data_query_v,TV-S-001499-11:V001,USR-095,"[""TV-STUDY-001499"", ""TV-LABORDER-000499""]"
TV-STUDY-001410,Visit Rescheduled,2023-07-10T13:00:00Z,drug_kit_v,TV-S-001410-05:V002,USR-112,"[""TV-STUDY-001410"", ""TV-INVESTIGATOR-000410""]"
TV-STUDY-001410,Visit Missed,2023-07-10T13:37:00Z,lab_test_v,TV-S-001410-08:V002,USR-115,"[""TV-STUDY-001410"", ""TV-PARTICIPANT-001410"", ""TV-ALIQUOT-000410""]"
TV-STUDY-001410,Participant Reconsented,2023-07-10T14:14:00Z,data_query_v,TV-S-001410-11:V001,USR-106,"[""TV-STUDY-001410"", ""TV-LABORDER-000410""]"
TV-STUDY-001501,Participant Reconsented,2023-07-10T15:28:00Z,data_query_v,TV-S-001501-11:V001,USR-002,"[""TV-STUDY-001501"", ""TV-LABORDER-000001""]"
TV-STUDY-001503,Participant Reconsented,2023-07-10T21:30:00Z,data_query_v,TV-S-001503-11:V001,USR-036,"[""TV-STUDY-001503"", ""TV-LABORDER-000003"", ""TV-PROTOCOL-001503""]"
TV-STUDY-001505,Participant Reconsented,2023-07-11T03:32:00Z,data_query_v,TV-S-001505-11:V001,USR-070,"[""TV-STUDY-001505"", ""TV-LABORDER-000005""]"
TV-STUDY-001415,Visit Rescheduled,2023-07-11T04:00:00Z,drug_kit_v,TV-S-001415-05:V003,USR-070,"[""TV-STUDY-001415"", ""TV-INVESTIGATOR-000415"", ""TV-DISPENSATION-000415""]"
TV-STUDY-001415,Visit Missed,2023-07-11T04:37:00Z,lab_test_v,TV-S-001415-08:V001,USR-073,"[""TV-STUDY-001415"", ""TV-PARTICIPANT-001415""]"
TV-STUDY-001415,Participant Reconsented,2023-07-11T05:14:00Z,data_query_v,TV-S-001415-11:V003,USR-064,"[""TV-STUDY-001415"", ""TV-LABORDER-000415"", ""TV-PROTOCOL-001415""]"
TV-STUDY-001507,Participant Reconsented,2023-07-11T09:34:00Z,data_query_v,TV-S-001507-11:V001,USR-104,"[""TV-STUDY-001507"", ""TV-LABORDER-000007""]"
TV-STUDY-001509,Participant Reconsented,2023-07-11T15:36:00Z,data_query_v,TV-S-001509-11:V001,USR-011,"[""TV-STUDY-001509"", ""TV-LABORDER-000009"", ""TV-PROTOCOL-001509""]"
TV-STUDY-001420,Visit Rescheduled,2023-07-11T19:00:00Z,drug_kit_v,TV-S-001420-05:V002,USR-028,"[""TV-STUDY-001420"", ""TV-INVESTIGATOR-000420""]"
TV-STUDY-001420,Visit Missed,2023-07-11T19:37:00Z,lab_test_v,TV-S-001420-08:V003,USR-031,"[""TV-STUDY-001420"", ""TV-PARTICIPANT-001420""]"
TV-STUDY-001420,Participant Reconsented,2023-07-11T20:14:00Z,data_query_v,TV-S-001420-11:V001,USR-022,"[""TV-STUDY-001420"", ""TV-LABORDER-000420""]"
TV-STUDY-001511,Participant Reconsented,2023-07-11T21:38:00Z,data_query_v,TV-S-001511-11:V001,USR-045,"[""TV-STUDY-001511"", ""TV-LABORDER-000011""]"
TV-STUDY-001513,Participant Reconsented,2023-07-12T03:40:00Z,data_query_v,TV-S-001513-11:V001,USR-079,"[""TV-STUDY-001513"", ""TV-LABORDER-000013"", ""TV-PROTOCOL-001513""]"
TV-STUDY-001515,Participant Reconsented,2023-07-12T09:42:00Z,data_query_v,TV-S-001515-11:V001,USR-113,"[""TV-STUDY-001515"", ""TV-LABORDER-000015"", ""TV-PROTOCOL-001515""]"
TV-STUDY-001425,Visit Rescheduled,2023-07-12T10:00:00Z,drug_kit_v,TV-S-001425-05:V002,USR-113,"[""TV-STUDY-001425"", ""TV-INVESTIGATOR-000425"", ""TV-DISPENSATION-000425""]"
TV-STUDY-001425,Visit Missed,2023-07-12T10:37:00Z,lab_test_v,TV-S-001425-08:V001,USR-116,"[""TV-STUDY-001425"", ""TV-PARTICIPANT-001425""]"
TV-STUDY-001425,Participant Reconsented,2023-07-12T11:14:00Z,data_query_v,TV-S-001425-11:V003,USR-107,"[""TV-STUDY-001425"", ""TV-LABORDER-000425"", ""TV-PROTOCOL-001425""]"
TV-STUDY-001504,Visit Rescheduled,2023-07-12T12:37:00Z,drug_kit_v,TV-S-001504-05:V002,USR-059,"[""TV-STUDY-001504"", ""TV-INVESTIGATOR-000004"", ""TV-DISPENSATION-000004""]"
TV-STUDY-001517,Participant Reconsented,2023-07-12T15:44:00Z,data_query_v,TV-S-001517-11:V001,USR-020,"[""TV-STUDY-001517"", ""TV-LABORDER-000017"", ""TV-PROTOCOL-001517""]"
TV-STUDY-001519,Participant Reconsented,2023-07-12T21:46:00Z,data_query_v,TV-S-001519-11:V001,USR-054,"[""TV-STUDY-001519"", ""TV-LABORDER-000019""]"
TV-STUDY-001430,Visit Rescheduled,2023-07-13T01:00:00Z,drug_kit_v,TV-S-001430-05:V003,USR-071,"[""TV-STUDY-001430"", ""TV-INVESTIGATOR-000430""]"
TV-STUDY-001430,Visit Missed,2023-07-13T01:37:00Z,lab_test_v,TV-S-001430-08:V003,USR-074,"[""TV-STUDY-001430"", ""TV-PARTICIPANT-001430"", ""TV-ALIQUOT-000430""]"
TV-STUDY-001430,Participant Reconsented,2023-07-13T02:14:00Z,data_query_v,TV-S-001430-11:V002,USR-065,"[""TV-STUDY-001430"", ""TV-LABORDER-000430""]"
TV-STUDY-001521,Participant Reconsented,2023-07-13T03:48:00Z,data_query_v,TV-S-001521-11:V001,USR-088,"[""TV-STUDY-001521"", ""TV-LABORDER-000021""]"
TV-STUDY-001523,Participant Reconsented,2023-07-13T09:50:00Z,data_query_v,TV-S-001523-11:V001,USR-122,"[""TV-STUDY-001523"", ""TV-LABORDER-000023""]"
TV-STUDY-001525,Participant Reconsented,2023-07-13T15:52:00Z,data_query_v,TV-S-001525-11:V001,USR-029,"[""TV-STUDY-001525"", ""TV-LABORDER-000025""]"
TV-STUDY-001435,Visit Rescheduled,2023-07-13T16:00:00Z,drug_kit_v,TV-S-001435-05:V003,USR-029,"[""TV-STUDY-001435"", ""TV-INVESTIGATOR-000435"", ""TV-DISPENSATION-000435""]"
TV-STUDY-001435,Visit Missed,2023-07-13T16:37:00Z,lab_test_v,TV-S-001435-08:V001,USR-032,"[""TV-STUDY-001435"", ""TV-PARTICIPANT-001435"", ""TV-ALIQUOT-000435""]"
TV-STUDY-001435,Participant Reconsented,2023-07-13T17:14:00Z,data_query_v,TV-S-001435-11:V002,USR-023,"[""TV-STUDY-001435"", ""TV-LABORDER-000435""]"
TV-STUDY-001527,Participant Reconsented,2023-07-13T21:01:00Z,data_query_v,TV-S-001527-11:V001,USR-063,"[""TV-STUDY-001527"", ""TV-LABORDER-000027"", ""TV-PROTOCOL-001527""]"
TV-STUDY-001529,Participant Reconsented,2023-07-14T03:03:00Z,data_query_v,TV-S-001529-11:V001,USR-097,"[""TV-STUDY-001529"", ""TV-LABORDER-000029""]"
TV-STUDY-001440,Visit Rescheduled,2023-07-14T07:00:00Z,drug_kit_v,TV-S-001440-05:V003,USR-114,"[""TV-STUDY-001440"", ""TV-INVESTIGATOR-000440""]"
TV-STUDY-001440,Visit Missed,2023-07-14T07:37:00Z,lab_test_v,TV-S-001440-08:V002,USR-117,"[""TV-STUDY-001440"", ""TV-PARTICIPANT-001440""]"
TV-STUDY-001440,Participant Reconsented,2023-07-14T08:14:00Z,data_query_v,TV-S-001440-11:V001,USR-108,"[""TV-STUDY-001440"", ""TV-LABORDER-000440"", ""TV-PROTOCOL-001440""]"
TV-STUDY-001531,Participant Reconsented,2023-07-14T09:05:00Z,data_query_v,TV-S-001531-11:V001,USR-004,"[""TV-STUDY-001531"", ""TV-LABORDER-000031""]"
TV-STUDY-001533,Participant Reconsented,2023-07-14T15:07:00Z,data_query_v,TV-S-001533-11:V001,USR-038,"[""TV-STUDY-001533"", ""TV-LABORDER-000033""]"
TV-STUDY-001516,Visit Missed,2023-07-14T18:52:00Z,lab_test_v,TV-S-001516-08:V002,USR-012,"[""TV-STUDY-001516"", ""TV-PARTICIPANT-001516"", ""TV-ALIQUOT-000016""]"
TV-STUDY-001535,Participant Reconsented,2023-07-14T21:09:00Z,data_query_v,TV-S-001535-11:V001,USR-072,"[""TV-STUDY-001535"", ""TV-LABORDER-000035"", ""TV-PROTOCOL-001535""]"
TV-STUDY-001445,Visit Rescheduled,2023-07-14T22:00:00Z,drug_kit_v,TV-S-001445-05:V002,USR-072,"[""TV-STUDY-001445"", ""TV-INVESTIGATOR-000445""]"
TV-STUDY-001445,Visit Missed,2023-07-14T22:37:00Z,lab_test_v,TV-S-001445-08:V001,USR-075,"[""TV-STUDY-001445"", ""TV-PARTICIPANT-001445"", ""TV-ALIQUOT-000445""]"
TV-STUDY-001445,Participant Reconsented,2023-07-14T23:14:00Z,data_query_v,TV-S-001445-11:V002,USR-066,"[""TV-STUDY-001445"", ""TV-LABORDER-000445""]"
TV-STUDY-001537,Participant Reconsented,2023-07-15T03:11:00Z,data_query_v,TV-S-001537-11:V001,USR-106,"[""TV-STUDY-001537"", ""TV-LABORDER-000037"", ""TV-PROTOCOL-001537""]"
TV-STUDY-001527,Visit Rescheduled,2023-07-15T09:07:00Z,drug_kit_v,TV-S-001527-05:V002,USR-069,"[""TV-STUDY-001527"", ""TV-INVESTIGATOR-000027""]"
TV-STUDY-001539,Participant Reconsented,2023-07-15T09:13:00Z,data_query_v,TV-S-001539-11:V001,USR-013,"[""TV-STUDY-001539"", ""TV-LABORDER-000039""]"
TV-STUDY-001450,Visit Rescheduled,2023-07-15T13:00:00Z,drug_kit_v,TV-S-001450-05:V003,USR-030,"[""TV-STUDY-001450"", ""TV-INVESTIGATOR-000450"", ""TV-DISPENSATION-000450""]"
TV-STUDY-001450,Visit Missed,2023-07-15T13:37:00Z,lab_test_v,TV-S-001450-08:V002,USR-033,"[""TV-STUDY-001450"", ""TV-PARTICIPANT-001450"", ""TV-ALIQUOT-000450""]"
TV-STUDY-001450,Participant Reconsented,2023-07-15T14:14:00Z,data_query_v,TV-S-001450-11:V001,USR-024,"[""TV-STUDY-001450"", ""TV-LABORDER-000450""]"
TV-STUDY-001541,Participant Reconsented,2023-07-15T15:15:00Z,data_query_v,TV-S-001541-11:V001,USR-047,"[""TV-STUDY-001541"", ""TV-LABORDER-000041""]"
TV-STUDY-001543,Participant Reconsented,2023-07-15T21:17:00Z,data_query_v,TV-S-001543-11:V001,USR-081,"[""TV-STUDY-001543"", ""TV-LABORDER-000043""]"
TV-STUDY-001545,Participant Reconsented,2023-07-16T03:19:00Z,data_query_v,TV-S-001545-11:V001,USR-115,"[""TV-STUDY-001545"", ""TV-LABORDER-000045"", ""TV-PROTOCOL-001545""]"
TV-STUDY-001455,Visit Rescheduled,2023-07-16T04:00:00Z,drug_kit_v,TV-S-001455-05:V002,USR-115,"[""TV-STUDY-001455"", ""TV-INVESTIGATOR-000455"", ""TV-DISPENSATION-000455""]"
TV-STUDY-001455,Visit Missed,2023-07-16T04:37:00Z,lab_test_v,TV-S-001455-08:V001,USR-118,"[""TV-STUDY-001455"", ""TV-PARTICIPANT-001455"", ""TV-ALIQUOT-000455""]"
TV-STUDY-001455,Participant Reconsented,2023-07-16T05:14:00Z,data_query_v,TV-S-001455-11:V002,USR-109,"[""TV-STUDY-001455"", ""TV-LABORDER-000455""]"
TV-STUDY-001547,Participant Reconsented,2023-07-16T09:21:00Z,data_query_v,TV-S-001547-11:V001,USR-022,"[""TV-STUDY-001547"", ""TV-LABORDER-000047"", ""TV-PROTOCOL-001547""]"
TV-STUDY-001549,Participant Reconsented,2023-07-16T15:23:00Z,data_query_v,TV-S-001549-11:V001,USR-056,"[""TV-STUDY-001549"", ""TV-LABORDER-000049"", ""TV-PROTOCOL-001549""]"
TV-STUDY-001460,Visit Rescheduled,2023-07-16T19:00:00Z,drug_kit_v,TV-S-001460-05:V002,USR-073,"[""TV-STUDY-001460"", ""TV-INVESTIGATOR-000460""]"
TV-STUDY-001460,Visit Missed,2023-07-16T19:37:00Z,lab_test_v,TV-S-001460-08:V003,USR-076,"[""TV-STUDY-001460"", ""TV-PARTICIPANT-001460"", ""TV-ALIQUOT-000460""]"
TV-STUDY-001460,Participant Reconsented,2023-07-16T20:14:00Z,data_query_v,TV-S-001460-11:V001,USR-067,"[""TV-STUDY-001460"", ""TV-LABORDER-000460""]"
TV-STUDY-001551,Participant Reconsented,2023-07-16T21:25:00Z,data_query_v,TV-S-001551-11:V001,USR-090,"[""TV-STUDY-001551"", ""TV-LABORDER-000051"", ""TV-PROTOCOL-001551""]"
TV-STUDY-001553,Participant Reconsented,2023-07-17T03:27:00Z,data_query_v,TV-S-001553-11:V001,USR-124,"[""TV-STUDY-001553"", ""TV-LABORDER-000053""]"
TV-STUDY-001555,Participant Reconsented,2023-07-17T09:29:00Z,data_query_v,TV-S-001555-11:V001,USR-031,"[""TV-STUDY-001555"", ""TV-LABORDER-000055"", ""TV-PROTOCOL-001555""]"
TV-STUDY-001465,Visit Rescheduled,2023-07-17T10:00:00Z,drug_kit_v,TV-S-001465-05:V002,USR-031,"[""TV-STUDY-001465"", ""TV-INVESTIGATOR-000465"", ""TV-DISPENSATION-000465""]"
TV-STUDY-001465,Visit Missed,2023-07-17T10:37:00Z,lab_test_v,TV-S-001465-08:V001,USR-034,"[""TV-STUDY-001465"", ""TV-PARTICIPANT-001465"", ""TV-ALIQUOT-000465""]"
TV-STUDY-001465,Participant Reconsented,2023-07-17T11:14:00Z,data_query_v,TV-S-001465-11:V002,USR-025,"[""TV-STUDY-001465"", ""TV-LABORDER-000465""]"
TV-STUDY-001557,Participant Reconsented,2023-07-17T15:31:00Z,data_query_v,TV-S-001557-11:V001,USR-065,"[""TV-STUDY-001557"", ""TV-LABORDER-000057"", ""TV-PROTOCOL-001557""]"
TV-STUDY-001559,Participant Reconsented,2023-07-17T21:33:00Z,data_query_v,TV-S-001559-11:V001,USR-099,"[""TV-STUDY-001559"", ""TV-LABORDER-000059""]"
TV-STUDY-001470,Visit Rescheduled,2023-07-18T01:00:00Z,drug_kit_v,TV-S-001470-05:V002,USR-116,"[""TV-STUDY-001470"", ""TV-INVESTIGATOR-000470"", ""TV-DISPENSATION-000470""]"
TV-STUDY-001470,Visit Missed,2023-07-18T01:37:00Z,lab_test_v,TV-S-001470-08:V002,USR-119,"[""TV-STUDY-001470"", ""TV-PARTICIPANT-001470"", ""TV-ALIQUOT-000470""]"
TV-STUDY-001470,Participant Reconsented,2023-07-18T02:14:00Z,data_query_v,TV-S-001470-11:V001,USR-110,"[""TV-STUDY-001470"", ""TV-LABORDER-000470""]"
TV-STUDY-001561,Participant Reconsented,2023-07-18T03:35:00Z,data_query_v,TV-S-001561-11:V001,USR-006,"[""TV-STUDY-001561"", ""TV-LABORDER-000061""]"
TV-STUDY-001550,Visit Rescheduled,2023-07-18T06:30:00Z,drug_kit_v,TV-S-001550-05:V003,USR-079,"[""TV-STUDY-001550"", ""TV-INVESTIGATOR-000050""]"
TV-STUDY-001563,Participant Reconsented,2023-07-18T09:37:00Z,data_query_v,TV-S-001563-11:V001,USR-040,"[""TV-STUDY-001563"", ""TV-LABORDER-000063""]"
TV-STUDY-001565,Participant Reconsented,2023-07-18T15:39:00Z,data_query_v,TV-S-001565-11:V001,USR-074,"[""TV-STUDY-001565"", ""TV-LABORDER-000065"", ""TV-PROTOCOL-001565""]"
TV-STUDY-001475,Visit Rescheduled,2023-07-18T16:00:00Z,drug_kit_v,TV-S-001475-05:V002,USR-074,"[""TV-STUDY-001475"", ""TV-INVESTIGATOR-000475""]"
TV-STUDY-001475,Visit Missed,2023-07-18T16:37:00Z,lab_test_v,TV-S-001475-08:V003,USR-077,"[""TV-STUDY-001475"", ""TV-PARTICIPANT-001475"", ""TV-ALIQUOT-000475""]"
TV-STUDY-001475,Participant Reconsented,2023-07-18T17:14:00Z,data_query_v,TV-S-001475-11:V002,USR-068,"[""TV-STUDY-001475"", ""TV-LABORDER-000475""]"
TV-STUDY-001567,Participant Reconsented,2023-07-18T21:41:00Z,data_query_v,TV-S-001567-11:V001,USR-108,"[""TV-STUDY-001567"", ""TV-LABORDER-000067""]"
TV-STUDY-001569,Participant Reconsented,2023-07-19T03:43:00Z,data_query_v,TV-S-001569-11:V001,USR-015,"[""TV-STUDY-001569"", ""TV-LABORDER-000069""]"
TV-STUDY-001480,Visit Rescheduled,2023-07-19T07:00:00Z,drug_kit_v,TV-S-001480-05:V003,USR-032,"[""TV-STUDY-001480"", ""TV-INVESTIGATOR-000480""]"
TV-STUDY-001480,Visit Missed,2023-07-19T07:37:00Z,lab_test_v,TV-S-001480-08:V002,USR-035,"[""TV-STUDY-001480"", ""TV-PARTICIPANT-001480""]"
TV-STUDY-001480,Participant Reconsented,2023-07-19T08:14:00Z,data_query_v,TV-S-001480-11:V001,USR-026,"[""TV-STUDY-001480"", ""TV-LABORDER-000480"", ""TV-PROTOCOL-001480""]"
TV-STUDY-001553,Visit Missed,2023-07-19T09:36:00Z,lab_test_v,TV-S-001553-08:V001,USR-006,"[""TV-STUDY-001553"", ""TV-PARTICIPANT-001553""]"
TV-STUDY-001571,Participant Reconsented,2023-07-19T09:45:00Z,data_query_v,TV-S-001571-11:V001,USR-049,"[""TV-STUDY-001571"", ""TV-LABORDER-000071""]"
TV-STUDY-001573,Participant Reconsented,2023-07-19T15:47:00Z,data_query_v,TV-S-001573-11:V001,USR-083,"[""TV-STUDY-001573"", ""TV-LABORDER-000073""]"
TV-STUDY-001575,Participant Reconsented,2023-07-19T21:49:00Z,data_query_v,TV-S-001575-11:V001,USR-117,"[""TV-STUDY-001575"", ""TV-LABORDER-000075"", ""TV-PROTOCOL-001575""]"
TV-STUDY-001485,Visit Rescheduled,2023-07-19T22:00:00Z,drug_kit_v,TV-S-001485-05:V003,USR-117,"[""TV-STUDY-001485"", ""TV-INVESTIGATOR-000485"", ""TV-DISPENSATION-000485""]"
TV-STUDY-001485,Visit Missed,2023-07-19T22:37:00Z,lab_test_v,TV-S-001485-08:V001,USR-120,"[""TV-STUDY-001485"", ""TV-PARTICIPANT-001485"", ""TV-ALIQUOT-000485""]"
TV-STUDY-001485,Participant Reconsented,2023-07-19T23:14:00Z,data_query_v,TV-S-001485-11:V003,USR-111,"[""TV-STUDY-001485"", ""TV-LABORDER-000485""]"
TV-STUDY-001577,Participant Reconsented,2023-07-20T03:51:00Z,data_query_v,TV-S-001577-11:V001,USR-024,"[""TV-STUDY-001577"", ""TV-LABORDER-000077"", ""TV-PROTOCOL-001577""]"
TV-STUDY-001579,Participant Reconsented,2023-07-20T09:00:00Z,data_query_v,TV-S-001579-11:V001,USR-058,"[""TV-STUDY-001579"", ""TV-LABORDER-000079""]"
TV-STUDY-001490,Visit Rescheduled,2023-07-20T13:00:00Z,drug_kit_v,TV-S-001490-05:V002,USR-075,"[""TV-STUDY-001490"", ""TV-INVESTIGATOR-000490"", ""TV-DISPENSATION-000490""]"
TV-STUDY-001490,Visit Missed,2023-07-20T13:37:00Z,lab_test_v,TV-S-001490-08:V003,USR-078,"[""TV-STUDY-001490"", ""TV-PARTICIPANT-001490""]"
TV-STUDY-001490,Participant Reconsented,2023-07-20T14:14:00Z,data_query_v,TV-S-001490-11:V001,USR-069,"[""TV-STUDY-001490"", ""TV-LABORDER-000490"", ""TV-PROTOCOL-001490""]"
TV-STUDY-001581,Participant Reconsented,2023-07-20T15:02:00Z,data_query_v,TV-S-001581-11:V001,USR-092,"[""TV-STUDY-001581"", ""TV-LABORDER-000081""]"
TV-STUDY-001583,Participant Reconsented,2023-07-20T21:04:00Z,data_query_v,TV-S-001583-11:V001,USR-126,"[""TV-STUDY-001583"", ""TV-LABORDER-000083""]"
TV-STUDY-001573,Visit Rescheduled,2023-07-21T03:00:00Z,drug_kit_v,TV-S-001573-05:V003,USR-089,"[""TV-STUDY-001573"", ""TV-INVESTIGATOR-000073""]"
TV-STUDY-001585,Participant Reconsented,2023-07-21T03:06:00Z,data_query_v,TV-S-001585-11:V001,USR-033,"[""TV-STUDY-001585"", ""TV-LABORDER-000085""]"
TV-STUDY-001495,Visit Rescheduled,2023-07-21T04:00:00Z,drug_kit_v,TV-S-001495-05:V003,USR-033,"[""TV-STUDY-001495"", ""TV-INVESTIGATOR-000495"", ""TV-DISPENSATION-000495""]"
TV-STUDY-001495,Visit Missed,2023-07-21T04:37:00Z,lab_test_v,TV-S-001495-08:V002,USR-036,"[""TV-STUDY-001495"", ""TV-PARTICIPANT-001495"", ""TV-ALIQUOT-000495""]"
TV-STUDY-001495,Participant Reconsented,2023-07-21T05:14:00Z,data_query_v,TV-S-001495-11:V003,USR-027,"[""TV-STUDY-001495"", ""TV-LABORDER-000495""]"
TV-STUDY-001587,Participant Reconsented,2023-07-21T09:08:00Z,data_query_v,TV-S-001587-11:V001,USR-067,"[""TV-STUDY-001587"", ""TV-LABORDER-000087""]"
TV-STUDY-001589,Participant Reconsented,2023-07-21T15:10:00Z,data_query_v,TV-S-001589-11:V001,USR-101,"[""TV-STUDY-001589"", ""TV-LABORDER-000089"", ""TV-PROTOCOL-001589""]"
TV-STUDY-001500,Visit Rescheduled,2023-07-21T19:00:00Z,drug_kit_v,TV-S-001500-05:V002,USR-118,"[""TV-STUDY-001500"", ""TV-INVESTIGATOR-000500""]"
TV-STUDY-001500,Visit Missed,2023-07-21T19:37:00Z,lab_test_v,TV-S-001500-08:V002,USR-121,"[""TV-STUDY-001500"", ""TV-PARTICIPANT-001500""]"
TV-STUDY-001500,Participant Reconsented,2023-07-21T20:14:00Z,data_query_v,TV-S-001500-11:V002,USR-112,"[""TV-STUDY-001500"", ""TV-LABORDER-000500"", ""TV-PROTOCOL-001500""]"
TV-STUDY-001591,Participant Reconsented,2023-07-21T21:12:00Z,data_query_v,TV-S-001591-11:V001,USR-008,"[""TV-STUDY-001591"", ""TV-LABORDER-000091""]"
TV-STUDY-001593,Participant Reconsented,2023-07-22T03:14:00Z,data_query_v,TV-S-001593-11:V001,USR-042,"[""TV-STUDY-001593"", ""TV-LABORDER-000093""]"
TV-STUDY-001595,Participant Reconsented,2023-07-22T09:16:00Z,data_query_v,TV-S-001595-11:V001,USR-076,"[""TV-STUDY-001595"", ""TV-LABORDER-000095""]"
TV-STUDY-001505,Visit Rescheduled,2023-07-22T10:00:00Z,drug_kit_v,TV-S-001505-05:V002,USR-076,"[""TV-STUDY-001505"", ""TV-INVESTIGATOR-000005""]"
TV-STUDY-001505,Visit Missed,2023-07-22T10:37:00Z,lab_test_v,TV-S-001505-08:V001,USR-079,"[""TV-STUDY-001505"", ""TV-PARTICIPANT-001505""]"
TV-STUDY-001505,Participant Reconsented,2023-07-22T11:14:00Z,data_query_v,TV-S-001505-11:V002,USR-070,"[""TV-STUDY-001505"", ""TV-LABORDER-000005""]"
TV-STUDY-001597,Participant Reconsented,2023-07-22T15:18:00Z,data_query_v,TV-S-001597-11:V001,USR-110,"[""TV-STUDY-001597"", ""TV-LABORDER-000097"", ""TV-PROTOCOL-001597""]"
TV-STUDY-001599,Participant Reconsented,2023-07-22T21:20:00Z,data_query_v,TV-S-001599-11:V001,USR-017,"[""TV-STUDY-001599"", ""TV-LABORDER-000099""]"
TV-STUDY-001510,Visit Rescheduled,2023-07-23T01:00:00Z,drug_kit_v,TV-S-001510-05:V004,USR-034,"[""TV-STUDY-001510"", ""TV-INVESTIGATOR-000010""]"
TV-STUDY-001510,Visit Missed,2023-07-23T01:37:00Z,lab_test_v,TV-S-001510-08:V002,USR-037,"[""TV-STUDY-001510"", ""TV-PARTICIPANT-001510"", ""TV-ALIQUOT-000010""]"
TV-STUDY-001510,Participant Reconsented,2023-07-23T02:14:00Z,data_query_v,TV-S-001510-11:V001,USR-028,"[""TV-STUDY-001510"", ""TV-LABORDER-000010""]"
TV-STUDY-001601,Participant Reconsented,2023-07-23T03:22:00Z,data_query_v,TV-S-001601-11:V001,USR-051,"[""TV-STUDY-001601"", ""TV-LABORDER-000101"", ""TV-PROTOCOL-001601""]"
TV-STUDY-001603,Participant Reconsented,2023-07-23T09:24:00Z,data_query_v,TV-S-001603-11:V001,USR-085,"[""TV-STUDY-001603"", ""TV-LABORDER-000103"", ""TV-PROTOCOL-001603""]"
TV-STUDY-001605,Participant Reconsented,2023-07-23T15:26:00Z,data_query_v,TV-S-001605-11:V001,USR-119,"[""TV-STUDY-001605"", ""TV-LABORDER-000105""]"
TV-STUDY-001515,Visit Rescheduled,2023-07-23T16:00:00Z,drug_kit_v,TV-S-001515-05:V002,USR-119,"[""TV-STUDY-001515"", ""TV-INVESTIGATOR-000015"", ""TV-DISPENSATION-000015""]"
TV-STUDY-001515,Visit Missed,2023-07-23T16:37:00Z,lab_test_v,TV-S-001515-08:V001,USR-122,"[""TV-STUDY-001515"", ""TV-PARTICIPANT-001515""]"
TV-STUDY-001515,Participant Reconsented,2023-07-23T17:14:00Z,data_query_v,TV-S-001515-11:V002,USR-113,"[""TV-STUDY-001515"", ""TV-LABORDER-000015"", ""TV-PROTOCOL-001515""]"
TV-STUDY-001607,Participant Reconsented,2023-07-23T21:28:00Z,data_query_v,TV-S-001607-11:V001,USR-026,"[""TV-STUDY-001607"", ""TV-LABORDER-000107"", ""TV-PROTOCOL-001607""]"
TV-STUDY-001590,Visit Missed,2023-07-24T00:20:00Z,lab_test_v,TV-S-001590-08:V002,USR-127,"[""TV-STUDY-001590"", ""TV-PARTICIPANT-001590""]"
TV-STUDY-001596,Visit Rescheduled,2023-07-24T00:23:00Z,drug_kit_v,TV-S-001596-05:V003,USR-099,"[""TV-STUDY-001596"", ""TV-INVESTIGATOR-000096""]"
TV-STUDY-001609,Participant Reconsented,2023-07-24T03:30:00Z,data_query_v,TV-S-001609-11:V001,USR-060,"[""TV-STUDY-001609"", ""TV-LABORDER-000109""]"
TV-STUDY-001520,Visit Rescheduled,2023-07-24T07:00:00Z,drug_kit_v,TV-S-001520-05:V003,USR-077,"[""TV-STUDY-001520"", ""TV-INVESTIGATOR-000020""]"
TV-STUDY-001520,Visit Missed,2023-07-24T07:37:00Z,lab_test_v,TV-S-001520-08:V002,USR-080,"[""TV-STUDY-001520"", ""TV-PARTICIPANT-001520""]"
TV-STUDY-001520,Participant Reconsented,2023-07-24T08:14:00Z,data_query_v,TV-S-001520-11:V001,USR-071,"[""TV-STUDY-001520"", ""TV-LABORDER-000020"", ""TV-PROTOCOL-001520""]"
TV-STUDY-001611,Participant Reconsented,2023-07-24T09:32:00Z,data_query_v,TV-S-001611-11:V001,USR-094,"[""TV-STUDY-001611"", ""TV-LABORDER-000111""]"
TV-STUDY-001613,Participant Reconsented,2023-07-24T15:34:00Z,data_query_v,TV-S-001613-11:V001,USR-001,"[""TV-STUDY-001613"", ""TV-LABORDER-000113""]"
TV-STUDY-001615,Participant Reconsented,2023-07-24T21:36:00Z,data_query_v,TV-S-001615-11:V001,USR-035,"[""TV-STUDY-001615"", ""TV-LABORDER-000115""]"
TV-STUDY-001525,Visit Rescheduled,2023-07-24T22:00:00Z,drug_kit_v,TV-S-001525-05:V003,USR-035,"[""TV-STUDY-001525"", ""TV-INVESTIGATOR-000025""]"
TV-STUDY-001525,Visit Missed,2023-07-24T22:37:00Z,lab_test_v,TV-S-001525-08:V001,USR-038,"[""TV-STUDY-001525"", ""TV-PARTICIPANT-001525""]"
TV-STUDY-001525,Participant Reconsented,2023-07-24T23:14:00Z,data_query_v,TV-S-001525-11:V003,USR-029,"[""TV-STUDY-001525"", ""TV-LABORDER-000025"", ""TV-PROTOCOL-001525""]"
TV-STUDY-001617,Participant Reconsented,2023-07-25T03:38:00Z,data_query_v,TV-S-001617-11:V001,USR-069,"[""TV-STUDY-001617"", ""TV-LABORDER-000117"", ""TV-PROTOCOL-001617""]"
TV-STUDY-001619,Participant Reconsented,2023-07-25T09:40:00Z,data_query_v,TV-S-001619-11:V001,USR-103,"[""TV-STUDY-001619"", ""TV-LABORDER-000119""]"
TV-STUDY-001530,Visit Rescheduled,2023-07-25T13:00:00Z,drug_kit_v,TV-S-001530-05:V002,USR-120,"[""TV-STUDY-001530"", ""TV-INVESTIGATOR-000030""]"
TV-STUDY-001530,Visit Missed,2023-07-25T13:37:00Z,lab_test_v,TV-S-001530-08:V003,USR-123,"[""TV-STUDY-001530"", ""TV-PARTICIPANT-001530""]"
TV-STUDY-001530,Participant Reconsented,2023-07-25T14:14:00Z,data_query_v,TV-S-001530-11:V001,USR-114,"[""TV-STUDY-001530"", ""TV-LABORDER-000030"", ""TV-PROTOCOL-001530""]"
TV-STUDY-001621,Participant Reconsented,2023-07-25T15:42:00Z,data_query_v,TV-S-001621-11:V001,USR-010,"[""TV-STUDY-001621"", ""TV-LABORDER-000121""]"
TV-STUDY-001623,Participant Reconsented,2023-07-25T21:44:00Z,data_query_v,TV-S-001623-11:V001,USR-044,"[""TV-STUDY-001623"", ""TV-LABORDER-000123""]"
TV-STUDY-001625,Participant Reconsented,2023-07-26T03:46:00Z,data_query_v,TV-S-001625-11:V001,USR-078,"[""TV-STUDY-001625"", ""TV-LABORDER-000125"", ""TV-PROTOCOL-001625""]"
TV-STUDY-001535,Visit Rescheduled,2023-07-26T04:00:00Z,drug_kit_v,TV-S-001535-05:V002,USR-078,"[""TV-STUDY-001535"", ""TV-INVESTIGATOR-000035"", ""TV-DISPENSATION-000035""]"
TV-STUDY-001535,Visit Missed,2023-07-26T04:37:00Z,lab_test_v,TV-S-001535-08:V001,USR-081,"[""TV-STUDY-001535"", ""TV-PARTICIPANT-001535"", ""TV-ALIQUOT-000035""]"
TV-STUDY-001535,Participant Reconsented,2023-07-26T05:14:00Z,data_query_v,TV-S-001535-11:V004,USR-072,"[""TV-STUDY-001535"", ""TV-LABORDER-000035""]"
TV-STUDY-001627,Participant Reconsented,2023-07-26T09:48:00Z,data_query_v,TV-S-001627-11:V001,USR-112,"[""TV-STUDY-001627"", ""TV-LABORDER-000127"", ""TV-PROTOCOL-001627""]"
TV-STUDY-001629,Participant Reconsented,2023-07-26T15:50:00Z,data_query_v,TV-S-001629-11:V001,USR-019,"[""TV-STUDY-001629"", ""TV-LABORDER-000129""]"
TV-STUDY-001540,Visit Rescheduled,2023-07-26T19:00:00Z,drug_kit_v,TV-S-001540-05:V002,USR-036,"[""TV-STUDY-001540"", ""TV-INVESTIGATOR-000040""]"
TV-STUDY-001540,Visit Missed,2023-07-26T19:37:00Z,lab_test_v,TV-S-001540-08:V003,USR-039,"[""TV-STUDY-001540"", ""TV-PARTICIPANT-001540""]"
TV-STUDY-001540,Participant Reconsented,2023-07-26T20:14:00Z,data_query_v,TV-S-001540-11:V001,USR-030,"[""TV-STUDY-001540"", ""TV-LABORDER-000040"", ""TV-PROTOCOL-001540""]"
TV-STUDY-001619,Visit Rescheduled,2023-07-26T21:46:00Z,drug_kit_v,TV-S-001619-05:V002,USR-109,"[""TV-STUDY-001619"", ""TV-INVESTIGATOR-000119"", ""TV-DISPENSATION-000119""]"
TV-STUDY-001631,Participant Reconsented,2023-07-26T21:52:00Z,data_query_v,TV-S-001631-11:V001,USR-053,"[""TV-STUDY-001631"", ""TV-LABORDER-000131"", ""TV-PROTOCOL-001631""]"
TV-STUDY-001633,Participant Reconsented,2023-07-27T03:01:00Z,data_query_v,TV-S-001633-11:V001,USR-087,"[""TV-STUDY-001633"", ""TV-LABORDER-000133""]"
TV-STUDY-001635,Participant Reconsented,2023-07-27T09:03:00Z,data_query_v,TV-S-001635-11:V001,USR-121,"[""TV-STUDY-001635"", ""TV-LABORDER-000135""]"
TV-STUDY-001545,Visit Rescheduled,2023-07-27T10:00:00Z,drug_kit_v,TV-S-001545-05:V003,USR-121,"[""TV-STUDY-001545"", ""TV-INVESTIGATOR-000045""]"
TV-STUDY-001545,Visit Missed,2023-07-27T10:37:00Z,lab_test_v,TV-S-001545-08:V001,USR-124,"[""TV-STUDY-001545"", ""TV-PARTICIPANT-001545""]"
TV-STUDY-001545,Participant Reconsented,2023-07-27T11:14:00Z,data_query_v,TV-S-001545-11:V002,USR-115,"[""TV-STUDY-001545"", ""TV-LABORDER-000045"", ""TV-PROTOCOL-001545""]"
TV-STUDY-001637,Participant Reconsented,2023-07-27T15:05:00Z,data_query_v,TV-S-001637-11:V001,USR-028,"[""TV-STUDY-001637"", ""TV-LABORDER-000137"", ""TV-PROTOCOL-001637""]"
TV-STUDY-001639,Participant Reconsented,2023-07-27T21:07:00Z,data_query_v,TV-S-001639-11:V001,USR-062,"[""TV-STUDY-001639"", ""TV-LABORDER-000139"", ""TV-PROTOCOL-001639""]"
TV-STUDY-001550,Visit Rescheduled,2023-07-28T01:00:00Z,drug_kit_v,TV-S-001550-05:V005,USR-079,"[""TV-STUDY-001550"", ""TV-INVESTIGATOR-000050"", ""TV-DISPENSATION-000050""]"
TV-STUDY-001550,Visit Missed,2023-07-28T01:37:00Z,lab_test_v,TV-S-001550-08:V002,USR-082,"[""TV-STUDY-001550"", ""TV-PARTICIPANT-001550""]"
TV-STUDY-001550,Participant Reconsented,2023-07-28T02:14:00Z,data_query_v,TV-S-001550-11:V001,USR-073,"[""TV-STUDY-001550"", ""TV-LABORDER-000050"", ""TV-PROTOCOL-001550""]"
TV-STUDY-001641,Participant Reconsented,2023-07-28T03:09:00Z,data_query_v,TV-S-001641-11:V001,USR-096,"[""TV-STUDY-001641"", ""TV-LABORDER-000141"", ""TV-PROTOCOL-001641""]"
TV-STUDY-001643,Participant Reconsented,2023-07-28T09:11:00Z,data_query_v,TV-S-001643-11:V001,USR-003,"[""TV-STUDY-001643"", ""TV-LABORDER-000143""]"
TV-STUDY-001627,Visit Missed,2023-07-28T15:04:00Z,lab_test_v,TV-S-001627-08:V001,USR-121,"[""TV-STUDY-001627"", ""TV-PARTICIPANT-001627"", ""TV-ALIQUOT-000127""]"
TV-STUDY-001645,Participant Reconsented,2023-07-28T15:13:00Z,data_query_v,TV-S-001645-11:V001,USR-037,"[""TV-STUDY-001645"", ""TV-LABORDER-000145""]"
TV-STUDY-001555,Visit Rescheduled,2023-07-28T16:00:00Z,drug_kit_v,TV-S-001555-05:V002,USR-037,"[""TV-STUDY-001555"", ""TV-INVESTIGATOR-000055""]"
TV-STUDY-001555,Visit Missed,2023-07-28T16:37:00Z,lab_test_v,TV-S-001555-08:V001,USR-040,"[""TV-STUDY-001555"", ""TV-PARTICIPANT-001555""]"
TV-STUDY-001555,Participant Reconsented,2023-07-28T17:14:00Z,data_query_v,TV-S-001555-11:V002,USR-031,"[""TV-STUDY-001555"", ""TV-LABORDER-000055""]"
TV-STUDY-001647,Participant Reconsented,2023-07-28T21:15:00Z,data_query_v,TV-S-001647-11:V001,USR-071,"[""TV-STUDY-001647"", ""TV-LABORDER-000147""]"
TV-STUDY-001649,Participant Reconsented,2023-07-29T03:17:00Z,data_query_v,TV-S-001649-11:V001,USR-105,"[""TV-STUDY-001649"", ""TV-LABORDER-000149""]"
TV-STUDY-001560,Visit Rescheduled,2023-07-29T07:00:00Z,drug_kit_v,TV-S-001560-05:V003,USR-122,"[""TV-STUDY-001560"", ""TV-INVESTIGATOR-000060""]"
TV-STUDY-001560,Visit Missed,2023-07-29T07:37:00Z,lab_test_v,TV-S-001560-08:V004,USR-125,"[""TV-STUDY-001560"", ""TV-PARTICIPANT-001560""]"
TV-STUDY-001560,Participant Reconsented,2023-07-29T08:14:00Z,data_query_v,TV-S-001560-11:V002,USR-116,"[""TV-STUDY-001560"", ""TV-LABORDER-000060"", ""TV-PROTOCOL-001560""]"
TV-STUDY-001651,Participant Reconsented,2023-07-29T09:19:00Z,data_query_v,TV-S-001651-11:V001,USR-012,"[""TV-STUDY-001651"", ""TV-LABORDER-000151""]"
TV-STUDY-001653,Participant Reconsented,2023-07-29T15:21:00Z,data_query_v,TV-S-001653-11:V001,USR-046,"[""TV-STUDY-001653"", ""TV-LABORDER-000153""]"
TV-STUDY-001642,Visit Rescheduled,2023-07-29T18:16:00Z,drug_kit_v,TV-S-001642-05:V002,USR-119,"[""TV-STUDY-001642"", ""TV-INVESTIGATOR-000142""]"
TV-STUDY-001655,Participant Reconsented,2023-07-29T21:23:00Z,data_query_v,TV-S-001655-11:V001,USR-080,"[""TV-STUDY-001655"", ""TV-LABORDER-000155"", ""TV-PROTOCOL-001655""]"
TV-STUDY-001565,Visit Rescheduled,2023-07-29T22:00:00Z,drug_kit_v,TV-S-001565-05:V004,USR-080,"[""TV-STUDY-001565"", ""TV-INVESTIGATOR-000065"", ""TV-DISPENSATION-000065""]"
TV-STUDY-001565,Visit Missed,2023-07-29T22:37:00Z,lab_test_v,TV-S-001565-08:V001,USR-083,"[""TV-STUDY-001565"", ""TV-PARTICIPANT-001565""]"
TV-STUDY-001565,Participant Reconsented,2023-07-29T23:14:00Z,data_query_v,TV-S-001565-11:V003,USR-074,"[""TV-STUDY-001565"", ""TV-LABORDER-000065"", ""TV-PROTOCOL-001565""]"
TV-STUDY-001657,Participant Reconsented,2023-07-30T03:25:00Z,data_query_v,TV-S-001657-11:V001,USR-114,"[""TV-STUDY-001657"", ""TV-LABORDER-000157""]"
TV-STUDY-001659,Participant Reconsented,2023-07-30T09:27:00Z,data_query_v,TV-S-001659-11:V001,USR-021,"[""TV-STUDY-001659"", ""TV-LABORDER-000159""]"
TV-STUDY-001570,Visit Rescheduled,2023-07-30T13:00:00Z,drug_kit_v,TV-S-001570-05:V002,USR-038,"[""TV-STUDY-001570"", ""TV-INVESTIGATOR-000070""]"
TV-STUDY-001570,Visit Missed,2023-07-30T13:37:00Z,lab_test_v,TV-S-001570-08:V002,USR-041,"[""TV-STUDY-001570"", ""TV-PARTICIPANT-001570""]"
TV-STUDY-001570,Participant Reconsented,2023-07-30T14:14:00Z,data_query_v,TV-S-001570-11:V001,USR-032,"[""TV-STUDY-001570"", ""TV-LABORDER-000070"", ""TV-PROTOCOL-001570""]"
TV-STUDY-001661,Participant Reconsented,2023-07-30T15:29:00Z,data_query_v,TV-S-001661-11:V001,USR-055,"[""TV-STUDY-001661"", ""TV-LABORDER-000161""]"
TV-STUDY-001663,Participant Reconsented,2023-07-30T21:31:00Z,data_query_v,TV-S-001663-11:V001,USR-089,"[""TV-STUDY-001663"", ""TV-LABORDER-000163"", ""TV-PROTOCOL-001663""]"
TV-STUDY-001665,Participant Reconsented,2023-07-31T03:33:00Z,data_query_v,TV-S-001665-11:V001,USR-123,"[""TV-STUDY-001665"", ""TV-LABORDER-000165"", ""TV-PROTOCOL-001665""]"
TV-STUDY-001575,Visit Rescheduled,2023-07-31T04:00:00Z,drug_kit_v,TV-S-001575-05:V002,USR-123,"[""TV-STUDY-001575"", ""TV-INVESTIGATOR-000075"", ""TV-DISPENSATION-000075""]"
TV-STUDY-001575,Visit Missed,2023-07-31T04:37:00Z,lab_test_v,TV-S-001575-08:V001,USR-126,"[""TV-STUDY-001575"", ""TV-PARTICIPANT-001575"", ""TV-ALIQUOT-000075""]"
TV-STUDY-001575,Participant Reconsented,2023-07-31T05:14:00Z,data_query_v,TV-S-001575-11:V003,USR-117,"[""TV-STUDY-001575"", ""TV-LABORDER-000075""]"
TV-STUDY-001667,Participant Reconsented,2023-07-31T09:35:00Z,data_query_v,TV-S-001667-11:V001,USR-030,"[""TV-STUDY-001667"", ""TV-LABORDER-000167""]"
TV-STUDY-001669,Participant Reconsented,2023-07-31T15:37:00Z,data_query_v,TV-S-001669-11:V001,USR-064,"[""TV-STUDY-001669"", ""TV-LABORDER-000169""]"
TV-STUDY-001580,Visit Rescheduled,2023-07-31T19:00:00Z,drug_kit_v,TV-S-001580-05:V003,USR-081,"[""TV-STUDY-001580"", ""TV-INVESTIGATOR-000080""]"
TV-STUDY-001580,Visit Missed,2023-07-31T19:37:00Z,lab_test_v,TV-S-001580-08:V003,USR-084,"[""TV-STUDY-001580"", ""TV-PARTICIPANT-001580""]"
TV-STUDY-001580,Participant Reconsented,2023-07-31T20:14:00Z,data_query_v,TV-S-001580-11:V001,USR-075,"[""TV-STUDY-001580"", ""TV-LABORDER-000080"", ""TV-PROTOCOL-001580""]"
TV-STUDY-001671,Participant Reconsented,2023-07-31T21:39:00Z,data_query_v,TV-S-001671-11:V001,USR-098,"[""TV-STUDY-001671"", ""TV-LABORDER-000171""]"
TV-STUDY-001673,Participant Reconsented,2023-08-01T03:41:00Z,data_query_v,TV-S-001673-11:V001,USR-005,"[""TV-STUDY-001673"", ""TV-LABORDER-000173""]"
TV-STUDY-001675,Participant Reconsented,2023-08-01T09:43:00Z,data_query_v,TV-S-001675-11:V001,USR-039,"[""TV-STUDY-001675"", ""TV-LABORDER-000175"", ""TV-PROTOCOL-001675""]"
TV-STUDY-001585,Visit Rescheduled,2023-08-01T10:00:00Z,drug_kit_v,TV-S-001585-05:V003,USR-039,"[""TV-STUDY-001585"", ""TV-INVESTIGATOR-000085""]"
TV-STUDY-001585,Visit Missed,2023-08-01T10:37:00Z,lab_test_v,TV-S-001585-08:V001,USR-042,"[""TV-STUDY-001585"", ""TV-PARTICIPANT-001585"", ""TV-ALIQUOT-000085""]"
TV-STUDY-001585,Participant Reconsented,2023-08-01T11:14:00Z,data_query_v,TV-S-001585-11:V002,USR-033,"[""TV-STUDY-001585"", ""TV-LABORDER-000085""]"
TV-STUDY-001665,Visit Rescheduled,2023-08-01T15:39:00Z,drug_kit_v,TV-S-001665-05:V002,USR-002,"[""TV-STUDY-001665"", ""TV-INVESTIGATOR-000165""]"
TV-STUDY-001677,Participant Reconsented,2023-08-01T15:45:00Z,data_query_v,TV-S-001677-11:V001,USR-073,"[""TV-STUDY-001677"", ""TV-LABORDER-000177"", ""TV-PROTOCOL-001677""]"
TV-STUDY-001679,Participant Reconsented,2023-08-01T21:47:00Z,data_query_v,TV-S-001679-11:V001,USR-107,"[""TV-STUDY-001679"", ""TV-LABORDER-000179""]"
TV-STUDY-001590,Visit Rescheduled,2023-08-02T01:00:00Z,drug_kit_v,TV-S-001590-05:V002,USR-124,"[""TV-STUDY-001590"", ""TV-INVESTIGATOR-000090""]"
TV-STUDY-001590,Visit Missed,2023-08-02T01:37:00Z,lab_test_v,TV-S-001590-08:V005,USR-127,"[""TV-STUDY-001590"", ""TV-PARTICIPANT-001590""]"
TV-STUDY-001590,Participant Reconsented,2023-08-02T02:14:00Z,data_query_v,TV-S-001590-11:V001,USR-118,"[""TV-STUDY-001590"", ""TV-LABORDER-000090""]"
TV-STUDY-001681,Participant Reconsented,2023-08-02T03:49:00Z,data_query_v,TV-S-001681-11:V001,USR-014,"[""TV-STUDY-001681"", ""TV-LABORDER-000181""]"
TV-STUDY-001664,Visit Missed,2023-08-02T06:41:00Z,lab_test_v,TV-S-001664-08:V002,USR-115,"[""TV-STUDY-001664"", ""TV-PARTICIPANT-001664""]"
TV-STUDY-001683,Participant Reconsented,2023-08-02T09:51:00Z,data_query_v,TV-S-001683-11:V001,USR-048,"[""TV-STUDY-001683"", ""TV-LABORDER-000183"", ""TV-PROTOCOL-001683""]"
TV-STUDY-001685,Participant Reconsented,2023-08-02T15:00:00Z,data_query_v,TV-S-001685-11:V001,USR-082,"[""TV-STUDY-001685"", ""TV-LABORDER-000185"", ""TV-PROTOCOL-001685""]"
TV-STUDY-001595,Visit Rescheduled,2023-08-02T16:00:00Z,drug_kit_v,TV-S-001595-05:V003,USR-082,"[""TV-STUDY-001595"", ""TV-INVESTIGATOR-000095""]"
TV-STUDY-001595,Visit Missed,2023-08-02T16:37:00Z,lab_test_v,TV-S-001595-08:V001,USR-085,"[""TV-STUDY-001595"", ""TV-PARTICIPANT-001595"", ""TV-ALIQUOT-000095""]"
TV-STUDY-001595,Participant Reconsented,2023-08-02T17:14:00Z,data_query_v,TV-S-001595-11:V002,USR-076,"[""TV-STUDY-001595"", ""TV-LABORDER-000095""]"
TV-STUDY-001687,Participant Reconsented,2023-08-02T21:02:00Z,data_query_v,TV-S-001687-11:V001,USR-116,"[""TV-STUDY-001687"", ""TV-LABORDER-000187"", ""TV-PROTOCOL-001687""]"
TV-STUDY-001689,Participant Reconsented,2023-08-03T03:04:00Z,data_query_v,TV-S-001689-11:V001,USR-023,"[""TV-STUDY-001689"", ""TV-LABORDER-000189""]"
TV-STUDY-001600,Visit Rescheduled,2023-08-03T07:00:00Z,drug_kit_v,TV-S-001600-05:V002,USR-040,"[""TV-STUDY-001600"", ""TV-INVESTIGATOR-000100"", ""TV-DISPENSATION-000100""]"
TV-STUDY-001600,Visit Missed,2023-08-03T07:37:00Z,lab_test_v,TV-S-001600-08:V002,USR-043,"[""TV-STUDY-001600"", ""TV-PARTICIPANT-001600""]"
TV-STUDY-001600,Participant Reconsented,2023-08-03T08:14:00Z,data_query_v,TV-S-001600-11:V001,USR-034,"[""TV-STUDY-001600"", ""TV-LABORDER-000100"", ""TV-PROTOCOL-001600""]"
TV-STUDY-001691,Participant Reconsented,2023-08-03T09:06:00Z,data_query_v,TV-S-001691-11:V001,USR-057,"[""TV-STUDY-001691"", ""TV-LABORDER-000191""]"
TV-STUDY-001693,Participant Reconsented,2023-08-03T15:08:00Z,data_query_v,TV-S-001693-11:V001,USR-091,"[""TV-STUDY-001693"", ""TV-LABORDER-000193"", ""TV-PROTOCOL-001693""]"
TV-STUDY-001695,Participant Reconsented,2023-08-03T21:10:00Z,data_query_v,TV-S-001695-11:V001,USR-125,"[""TV-STUDY-001695"", ""TV-LABORDER-000195""]"
TV-STUDY-001605,Visit Rescheduled,2023-08-03T22:00:00Z,drug_kit_v,TV-S-001605-05:V002,USR-125,"[""TV-STUDY-001605"", ""TV-INVESTIGATOR-000105"", ""TV-DISPENSATION-000105""]"
TV-STUDY-001605,Visit Missed,2023-08-03T22:37:00Z,lab_test_v,TV-S-001605-08:V001,USR-001,"[""TV-STUDY-001605"", ""TV-PARTICIPANT-001605"", ""TV-ALIQUOT-000105""]"
TV-STUDY-001605,Participant Reconsented,2023-08-03T23:14:00Z,data_query_v,TV-S-001605-11:V002,USR-119,"[""TV-STUDY-001605"", ""TV-LABORDER-000105""]"
TV-STUDY-001697,Participant Reconsented,2023-08-04T03:12:00Z,data_query_v,TV-S-001697-11:V001,USR-032,"[""TV-STUDY-001697"", ""TV-LABORDER-000197""]"
TV-STUDY-001699,Participant Reconsented,2023-08-04T09:14:00Z,data_query_v,TV-S-001699-11:V001,USR-066,"[""TV-STUDY-001699"", ""TV-LABORDER-000199"", ""TV-PROTOCOL-001699""]"
TV-STUDY-001688,Visit Rescheduled,2023-08-04T12:09:00Z,drug_kit_v,TV-S-001688-05:V002,USR-012,"[""TV-STUDY-001688"", ""TV-INVESTIGATOR-000188""]"
TV-STUDY-001610,Visit Rescheduled,2023-08-04T13:00:00Z,drug_kit_v,TV-S-001610-05:V002,USR-083,"[""TV-STUDY-001610"", ""TV-INVESTIGATOR-000110""]"
TV-STUDY-001610,Visit Missed,2023-08-04T13:37:00Z,lab_test_v,TV-S-001610-08:V002,USR-086,"[""TV-STUDY-001610"", ""TV-PARTICIPANT-001610"", ""TV-ALIQUOT-000110""]"
TV-STUDY-001610,Participant Reconsented,2023-08-04T14:14:00Z,data_query_v,TV-S-001610-11:V001,USR-077,"[""TV-STUDY-001610"", ""TV-LABORDER-000110""]"
TV-STUDY-001701,Participant Reconsented,2023-08-04T15:16:00Z,data_query_v,TV-S-001701-11:V001,USR-100,"[""TV-STUDY-001701"", ""TV-LABORDER-000201"", ""TV-PROTOCOL-001701""]"
TV-STUDY-001703,Participant Reconsented,2023-08-04T21:18:00Z,data_query_v,TV-S-001703-11:V001,USR-007,"[""TV-STUDY-001703"", ""TV-LABORDER-000203""]"
TV-STUDY-001705,Participant Reconsented,2023-08-05T03:20:00Z,data_query_v,TV-S-001705-11:V001,USR-041,"[""TV-STUDY-001705"", ""TV-LABORDER-000205""]"
TV-STUDY-001615,Visit Rescheduled,2023-08-05T04:00:00Z,drug_kit_v,TV-S-001615-05:V002,USR-041,"[""TV-STUDY-001615"", ""TV-INVESTIGATOR-000115""]"
TV-STUDY-001615,Visit Missed,2023-08-05T04:37:00Z,lab_test_v,TV-S-001615-08:V001,USR-044,"[""TV-STUDY-001615"", ""TV-PARTICIPANT-001615""]"
TV-STUDY-001615,Participant Reconsented,2023-08-05T05:14:00Z,data_query_v,TV-S-001615-11:V003,USR-035,"[""TV-STUDY-001615"", ""TV-LABORDER-000115"", ""TV-PROTOCOL-001615""]"
TV-STUDY-001707,Participant Reconsented,2023-08-05T09:22:00Z,data_query_v,TV-S-001707-11:V001,USR-075,"[""TV-STUDY-001707"", ""TV-LABORDER-000207""]"
TV-STUDY-001709,Participant Reconsented,2023-08-05T15:24:00Z,data_query_v,TV-S-001709-11:V001,USR-109,"[""TV-STUDY-001709"", ""TV-LABORDER-000209""]"
TV-STUDY-001620,Visit Rescheduled,2023-08-05T19:00:00Z,drug_kit_v,TV-S-001620-05:V002,USR-126,"[""TV-STUDY-001620"", ""TV-INVESTIGATOR-000120""]"
TV-STUDY-001620,Visit Missed,2023-08-05T19:37:00Z,lab_test_v,TV-S-001620-08:V003,USR-002,"[""TV-STUDY-001620"", ""TV-PARTICIPANT-001620""]"
TV-STUDY-001620,Participant Reconsented,2023-08-05T20:14:00Z,data_query_v,TV-S-001620-11:V001,USR-120,"[""TV-STUDY-001620"", ""TV-LABORDER-000120"", ""TV-PROTOCOL-001620""]"
TV-STUDY-001711,Participant Reconsented,2023-08-05T21:26:00Z,data_query_v,TV-S-001711-11:V001,USR-016,"[""TV-STUDY-001711"", ""TV-LABORDER-000211""]"
TV-STUDY-001713,Participant Reconsented,2023-08-06T03:28:00Z,data_query_v,TV-S-001713-11:V001,USR-050,"[""TV-STUDY-001713"", ""TV-LABORDER-000213""]"
TV-STUDY-001715,Participant Reconsented,2023-08-06T09:30:00Z,data_query_v,TV-S-001715-11:V001,USR-084,"[""TV-STUDY-001715"", ""TV-LABORDER-000215"", ""TV-PROTOCOL-001715""]"
TV-STUDY-001625,Visit Rescheduled,2023-08-06T10:00:00Z,drug_kit_v,TV-S-001625-05:V003,USR-084,"[""TV-STUDY-001625"", ""TV-INVESTIGATOR-000125""]"
TV-STUDY-001625,Visit Missed,2023-08-06T10:37:00Z,lab_test_v,TV-S-001625-08:V003,USR-087,"[""TV-STUDY-001625"", ""TV-PARTICIPANT-001625""]"
TV-STUDY-001625,Participant Reconsented,2023-08-06T11:14:00Z,data_query_v,TV-S-001625-11:V004,USR-078,"[""TV-STUDY-001625"", ""TV-LABORDER-000125"", ""TV-PROTOCOL-001625""]"
TV-STUDY-001717,Participant Reconsented,2023-08-06T15:32:00Z,data_query_v,TV-S-001717-11:V001,USR-118,"[""TV-STUDY-001717"", ""TV-LABORDER-000217""]"
TV-STUDY-001701,Visit Missed,2023-08-06T21:25:00Z,lab_test_v,TV-S-001701-08:V001,USR-109,"[""TV-STUDY-001701"", ""TV-PARTICIPANT-001701"", ""TV-ALIQUOT-000201""]"
TV-STUDY-001719,Participant Reconsented,2023-08-06T21:34:00Z,data_query_v,TV-S-001719-11:V001,USR-025,"[""TV-STUDY-001719"", ""TV-LABORDER-000219"", ""TV-PROTOCOL-001719""]"
TV-STUDY-001630,Visit Rescheduled,2023-08-07T01:00:00Z,drug_kit_v,TV-S-001630-05:V003,USR-042,"[""TV-STUDY-001630"", ""TV-INVESTIGATOR-000130"", ""TV-DISPENSATION-000130""]"
TV-STUDY-001630,Visit Missed,2023-08-07T01:37:00Z,lab_test_v,TV-S-001630-08:V002,USR-045,"[""TV-STUDY-001630"", ""TV-PARTICIPANT-001630""]"
TV-STUDY-001630,Participant Reconsented,2023-08-07T02:14:00Z,data_query_v,TV-S-001630-11:V001,USR-036,"[""TV-STUDY-001630"", ""TV-LABORDER-000130"", ""TV-PROTOCOL-001630""]"
TV-STUDY-001721,Participant Reconsented,2023-08-07T03:36:00Z,data_query_v,TV-S-001721-11:V001,USR-059,"[""TV-STUDY-001721"", ""TV-LABORDER-000221""]"
TV-STUDY-001711,Visit Rescheduled,2023-08-07T09:32:00Z,drug_kit_v,TV-S-001711-05:V003,USR-022,"[""TV-STUDY-001711"", ""TV-INVESTIGATOR-000211""]"
TV-STUDY-001723,Participant Reconsented,2023-08-07T09:38:00Z,data_query_v,TV-S-001723-11:V001,USR-093,"[""TV-STUDY-001723"", ""TV-LABORDER-000223""]"
TV-STUDY-001725,Participant Reconsented,2023-08-07T15:40:00Z,data_query_v,TV-S-001725-11:V001,USR-127,"[""TV-STUDY-001725"", ""TV-LABORDER-000225"", ""TV-PROTOCOL-001725""]"
TV-STUDY-001635,Visit Rescheduled,2023-08-07T16:00:00Z,drug_kit_v,TV-S-001635-05:V002,USR-127,"[""TV-STUDY-001635"", ""TV-INVESTIGATOR-000135""]"
TV-STUDY-001635,Visit Missed,2023-08-07T16:37:00Z,lab_test_v,TV-S-001635-08:V001,USR-003,"[""TV-STUDY-001635"", ""TV-PARTICIPANT-001635""]"
TV-STUDY-001635,Participant Reconsented,2023-08-07T17:14:00Z,data_query_v,TV-S-001635-11:V002,USR-121,"[""TV-STUDY-001635"", ""TV-LABORDER-000135""]"
TV-STUDY-001727,Participant Reconsented,2023-08-07T21:42:00Z,data_query_v,TV-S-001727-11:V001,USR-034,"[""TV-STUDY-001727"", ""TV-LABORDER-000227"", ""TV-PROTOCOL-001727""]"
TV-STUDY-001729,Participant Reconsented,2023-08-08T03:44:00Z,data_query_v,TV-S-001729-11:V001,USR-068,"[""TV-STUDY-001729"", ""TV-LABORDER-000229"", ""TV-PROTOCOL-001729""]"
TV-STUDY-001640,Visit Rescheduled,2023-08-08T07:00:00Z,drug_kit_v,TV-S-001640-05:V002,USR-085,"[""TV-STUDY-001640"", ""TV-INVESTIGATOR-000140"", ""TV-DISPENSATION-000140""]"
TV-STUDY-001640,Visit Missed,2023-08-08T07:37:00Z,lab_test_v,TV-S-001640-08:V002,USR-088,"[""TV-STUDY-001640"", ""TV-PARTICIPANT-001640"", ""TV-ALIQUOT-000140""]"
TV-STUDY-001640,Participant Reconsented,2023-08-08T08:14:00Z,data_query_v,TV-S-001640-11:V001,USR-079,"[""TV-STUDY-001640"", ""TV-LABORDER-000140""]"
TV-STUDY-001731,Participant Reconsented,2023-08-08T09:46:00Z,data_query_v,TV-S-001731-11:V001,USR-102,"[""TV-STUDY-001731"", ""TV-LABORDER-000231"", ""TV-PROTOCOL-001731""]"
TV-STUDY-001733,Participant Reconsented,2023-08-08T15:48:00Z,data_query_v,TV-S-001733-11:V001,USR-009,"[""TV-STUDY-001733"", ""TV-LABORDER-000233""]"
TV-STUDY-001735,Participant Reconsented,2023-08-08T21:50:00Z,data_query_v,TV-S-001735-11:V001,USR-043,"[""TV-STUDY-001735"", ""TV-LABORDER-000235""]"
TV-STUDY-001645,Visit Rescheduled,2023-08-08T22:00:00Z,drug_kit_v,TV-S-001645-05:V003,USR-043,"[""TV-STUDY-001645"", ""TV-INVESTIGATOR-000145""]"
TV-STUDY-001645,Visit Missed,2023-08-08T22:37:00Z,lab_test_v,TV-S-001645-08:V001,USR-046,"[""TV-STUDY-001645"", ""TV-PARTICIPANT-001645"", ""TV-ALIQUOT-000145""]"
TV-STUDY-001645,Participant Reconsented,2023-08-08T23:14:00Z,data_query_v,TV-S-001645-11:V003,USR-037,"[""TV-STUDY-001645"", ""TV-LABORDER-000145""]"
TV-STUDY-001737,Participant Reconsented,2023-08-09T03:52:00Z,data_query_v,TV-S-001737-11:V001,USR-077,"[""TV-STUDY-001737"", ""TV-LABORDER-000237"", ""TV-PROTOCOL-001737""]"
TV-STUDY-001739,Participant Reconsented,2023-08-09T09:01:00Z,data_query_v,TV-S-001739-11:V001,USR-111,"[""TV-STUDY-001739"", ""TV-LABORDER-000239"", ""TV-PROTOCOL-001739""]"
TV-STUDY-001650,Visit Rescheduled,2023-08-09T13:00:00Z,drug_kit_v,TV-S-001650-05:V002,USR-001,"[""TV-STUDY-001650"", ""TV-INVESTIGATOR-000150""]"
TV-STUDY-001650,Visit Missed,2023-08-09T13:37:00Z,lab_test_v,TV-S-001650-08:V002,USR-004,"[""TV-STUDY-001650"", ""TV-PARTICIPANT-001650""]"
TV-STUDY-001650,Participant Reconsented,2023-08-09T14:14:00Z,data_query_v,TV-S-001650-11:V001,USR-122,"[""TV-STUDY-001650"", ""TV-LABORDER-000150"", ""TV-PROTOCOL-001650""]"
TV-STUDY-001741,Participant Reconsented,2023-08-09T15:03:00Z,data_query_v,TV-S-001741-11:V001,USR-018,"[""TV-STUDY-001741"", ""TV-LABORDER-000241""]"
TV-STUDY-001743,Participant Reconsented,2023-08-09T21:05:00Z,data_query_v,TV-S-001743-11:V001,USR-052,"[""TV-STUDY-001743"", ""TV-LABORDER-000243"", ""TV-PROTOCOL-001743""]"
TV-STUDY-001745,Participant Reconsented,2023-08-10T03:07:00Z,data_query_v,TV-S-001745-11:V001,USR-086,"[""TV-STUDY-001745"", ""TV-LABORDER-000245""]"
TV-STUDY-001655,Visit Rescheduled,2023-08-10T04:00:00Z,drug_kit_v,TV-S-001655-05:V002,USR-086,"[""TV-STUDY-001655"", ""TV-INVESTIGATOR-000155""]"
TV-STUDY-001655,Visit Missed,2023-08-10T04:37:00Z,lab_test_v,TV-S-001655-08:V001,USR-089,"[""TV-STUDY-001655"", ""TV-PARTICIPANT-001655"", ""TV-ALIQUOT-000155""]"
TV-STUDY-001655,Participant Reconsented,2023-08-10T05:14:00Z,data_query_v,TV-S-001655-11:V002,USR-080,"[""TV-STUDY-001655"", ""TV-LABORDER-000155""]"
TV-STUDY-001734,Visit Rescheduled,2023-08-10T06:02:00Z,drug_kit_v,TV-S-001734-05:V003,USR-032,"[""TV-STUDY-001734"", ""TV-INVESTIGATOR-000234""]"
TV-STUDY-001747,Participant Reconsented,2023-08-10T09:09:00Z,data_query_v,TV-S-001747-11:V001,USR-120,"[""TV-STUDY-001747"", ""TV-LABORDER-000247""]"
TV-STUDY-001749,Participant Reconsented,2023-08-10T15:11:00Z,data_query_v,TV-S-001749-11:V001,USR-027,"[""TV-STUDY-001749"", ""TV-LABORDER-000249""]"
TV-STUDY-001660,Visit Rescheduled,2023-08-10T19:00:00Z,drug_kit_v,TV-S-001660-05:V003,USR-044,"[""TV-STUDY-001660"", ""TV-INVESTIGATOR-000160""]"
TV-STUDY-001660,Visit Missed,2023-08-10T19:37:00Z,lab_test_v,TV-S-001660-08:V002,USR-047,"[""TV-STUDY-001660"", ""TV-PARTICIPANT-001660"", ""TV-ALIQUOT-000160""]"
TV-STUDY-001660,Participant Reconsented,2023-08-10T20:14:00Z,data_query_v,TV-S-001660-11:V001,USR-038,"[""TV-STUDY-001660"", ""TV-LABORDER-000160""]"
TV-STUDY-001751,Participant Reconsented,2023-08-10T21:13:00Z,data_query_v,TV-S-001751-11:V001,USR-061,"[""TV-STUDY-001751"", ""TV-LABORDER-000251""]"
TV-STUDY-001753,Participant Reconsented,2023-08-11T03:15:00Z,data_query_v,TV-S-001753-11:V001,USR-095,"[""TV-STUDY-001753"", ""TV-LABORDER-000253""]"
TV-STUDY-001755,Participant Reconsented,2023-08-11T09:17:00Z,data_query_v,TV-S-001755-11:V001,USR-002,"[""TV-STUDY-001755"", ""TV-LABORDER-000255"", ""TV-PROTOCOL-001755""]"
TV-STUDY-001665,Visit Rescheduled,2023-08-11T10:00:00Z,drug_kit_v,TV-S-001665-05:V003,USR-002,"[""TV-STUDY-001665"", ""TV-INVESTIGATOR-000165"", ""TV-DISPENSATION-000165""]"
TV-STUDY-001665,Visit Missed,2023-08-11T10:37:00Z,lab_test_v,TV-S-001665-08:V001,USR-005,"[""TV-STUDY-001665"", ""TV-PARTICIPANT-001665"", ""TV-ALIQUOT-000165""]"
TV-STUDY-001665,Participant Reconsented,2023-08-11T11:14:00Z,data_query_v,TV-S-001665-11:V002,USR-123,"[""TV-STUDY-001665"", ""TV-LABORDER-000165""]"
TV-STUDY-001738,Visit Missed,2023-08-11T12:09:00Z,lab_test_v,TV-S-001738-08:V002,USR-103,"[""TV-STUDY-001738"", ""TV-PARTICIPANT-001738""]"
TV-STUDY-001757,Participant Reconsented,2023-08-11T15:19:00Z,data_query_v,TV-S-001757-11:V001,USR-036,"[""TV-STUDY-001757"", ""TV-LABORDER-000257"", ""TV-PROTOCOL-001757""]"
TV-STUDY-001759,Participant Reconsented,2023-08-11T21:21:00Z,data_query_v,TV-S-001759-11:V001,USR-070,"[""TV-STUDY-001759"", ""TV-LABORDER-000259""]"
TV-STUDY-001670,Visit Rescheduled,2023-08-12T01:00:00Z,drug_kit_v,TV-S-001670-05:V002,USR-087,"[""TV-STUDY-001670"", ""TV-INVESTIGATOR-000170""]"
TV-STUDY-001670,Visit Missed,2023-08-12T01:37:00Z,lab_test_v,TV-S-001670-08:V002,USR-090,"[""TV-STUDY-001670"", ""TV-PARTICIPANT-001670"", ""TV-ALIQUOT-000170""]"
TV-STUDY-001670,Participant Reconsented,2023-08-12T02:14:00Z,data_query_v,TV-S-001670-11:V001,USR-081,"[""TV-STUDY-001670"", ""TV-LABORDER-000170""]"
TV-STUDY-001761,Participant Reconsented,2023-08-12T03:23:00Z,data_query_v,TV-S-001761-11:V001,USR-104,"[""TV-STUDY-001761"", ""TV-LABORDER-000261""]"
TV-STUDY-001763,Participant Reconsented,2023-08-12T09:25:00Z,data_query_v,TV-S-001763-11:V001,USR-011,"[""TV-STUDY-001763"", ""TV-LABORDER-000263""]"
TV-STUDY-001765,Participant Reconsented,2023-08-12T15:27:00Z,data_query_v,TV-S-001765-11:V001,USR-045,"[""TV-STUDY-001765"", ""TV-LABORDER-000265""]"
TV-STUDY-001675,Visit Rescheduled,2023-08-12T16:00:00Z,drug_kit_v,TV-S-001675-05:V002,USR-045,"[""TV-STUDY-001675"", ""TV-INVESTIGATOR-000175"", ""TV-DISPENSATION-000175""]"
TV-STUDY-001675,Visit Missed,2023-08-12T16:37:00Z,lab_test_v,TV-S-001675-08:V001,USR-048,"[""TV-STUDY-001675"", ""TV-PARTICIPANT-001675""]"
TV-STUDY-001675,Participant Reconsented,2023-08-12T17:14:00Z,data_query_v,TV-S-001675-11:V002,USR-039,"[""TV-STUDY-001675"", ""TV-LABORDER-000175"", ""TV-PROTOCOL-001675""]"
TV-STUDY-001767,Participant Reconsented,2023-08-12T21:29:00Z,data_query_v,TV-S-001767-11:V001,USR-079,"[""TV-STUDY-001767"", ""TV-LABORDER-000267""]"
TV-STUDY-001757,Visit Rescheduled,2023-08-13T03:25:00Z,drug_kit_v,TV-S-001757-05:V003,USR-042,"[""TV-STUDY-001757"", ""TV-INVESTIGATOR-000257""]"
TV-STUDY-001769,Participant Reconsented,2023-08-13T03:31:00Z,data_query_v,TV-S-001769-11:V001,USR-113,"[""TV-STUDY-001769"", ""TV-LABORDER-000269""]"
TV-STUDY-001680,Visit Rescheduled,2023-08-13T07:00:00Z,drug_kit_v,TV-S-001680-05:V004,USR-003,"[""TV-STUDY-001680"", ""TV-INVESTIGATOR-000180""]"
TV-STUDY-001680,Visit Missed,2023-08-13T07:37:00Z,lab_test_v,TV-S-001680-08:V002,USR-006,"[""TV-STUDY-001680"", ""TV-PARTICIPANT-001680""]"
TV-STUDY-001680,Participant Reconsented,2023-08-13T08:14:00Z,data_query_v,TV-S-001680-11:V001,USR-124,"[""TV-STUDY-001680"", ""TV-LABORDER-000180"", ""TV-PROTOCOL-001680""]"
TV-STUDY-001771,Participant Reconsented,2023-08-13T09:33:00Z,data_query_v,TV-S-001771-11:V001,USR-020,"[""TV-STUDY-001771"", ""TV-LABORDER-000271""]"
TV-STUDY-001773,Participant Reconsented,2023-08-13T15:35:00Z,data_query_v,TV-S-001773-11:V001,USR-054,"[""TV-STUDY-001773"", ""TV-LABORDER-000273"", ""TV-PROTOCOL-001773""]"
TV-STUDY-001775,Participant Reconsented,2023-08-13T21:37:00Z,data_query_v,TV-S-001775-11:V001,USR-088,"[""TV-STUDY-001775"", ""TV-LABORDER-000275"", ""TV-PROTOCOL-001775""]"
TV-STUDY-001685,Visit Rescheduled,2023-08-13T22:00:00Z,drug_kit_v,TV-S-001685-05:V002,USR-088,"[""TV-STUDY-001685"", ""TV-INVESTIGATOR-000185""]"
TV-STUDY-001685,Visit Missed,2023-08-13T22:37:00Z,lab_test_v,TV-S-001685-08:V001,USR-091,"[""TV-STUDY-001685"", ""TV-PARTICIPANT-001685""]"
TV-STUDY-001685,Participant Reconsented,2023-08-13T23:14:00Z,data_query_v,TV-S-001685-11:V002,USR-082,"[""TV-STUDY-001685"", ""TV-LABORDER-000185"", ""TV-PROTOCOL-001685""]"
TV-STUDY-001777,Participant Reconsented,2023-08-14T03:39:00Z,data_query_v,TV-S-001777-11:V001,USR-122,"[""TV-STUDY-001777"", ""TV-LABORDER-000277""]"
TV-STUDY-001779,Participant Reconsented,2023-08-14T09:41:00Z,data_query_v,TV-S-001779-11:V001,USR-029,"[""TV-STUDY-001779"", ""TV-LABORDER-000279""]"
TV-STUDY-001690,Visit Rescheduled,2023-08-14T13:00:00Z,drug_kit_v,TV-S-001690-05:V004,USR-046,"[""TV-STUDY-001690"", ""TV-INVESTIGATOR-000190""]"
TV-STUDY-001690,Visit Missed,2023-08-14T13:37:00Z,lab_test_v,TV-S-001690-08:V004,USR-049,"[""TV-STUDY-001690"", ""TV-PARTICIPANT-001690""]"
TV-STUDY-001690,Participant Reconsented,2023-08-14T14:14:00Z,data_query_v,TV-S-001690-11:V003,USR-040,"[""TV-STUDY-001690"", ""TV-LABORDER-000190""]"
TV-STUDY-001781,Participant Reconsented,2023-08-14T15:43:00Z,data_query_v,TV-S-001781-11:V001,USR-063,"[""TV-STUDY-001781"", ""TV-LABORDER-000281""]"
TV-STUDY-001783,Participant Reconsented,2023-08-14T21:45:00Z,data_query_v,TV-S-001783-11:V001,USR-097,"[""TV-STUDY-001783"", ""TV-LABORDER-000283"", ""TV-PROTOCOL-001783""]"
TV-STUDY-001785,Participant Reconsented,2023-08-15T03:47:00Z,data_query_v,TV-S-001785-11:V001,USR-004,"[""TV-STUDY-001785"", ""TV-LABORDER-000285""]"
TV-STUDY-001695,Visit Rescheduled,2023-08-15T04:00:00Z,drug_kit_v,TV-S-001695-05:V003,USR-004,"[""TV-STUDY-001695"", ""TV-INVESTIGATOR-000195""]"
TV-STUDY-001695,Visit Missed,2023-08-15T04:37:00Z,lab_test_v,TV-S-001695-08:V001,USR-007,"[""TV-STUDY-001695"", ""TV-PARTICIPANT-001695"", ""TV-ALIQUOT-000195""]"
TV-STUDY-001695,Participant Reconsented,2023-08-15T05:14:00Z,data_query_v,TV-S-001695-11:V002,USR-125,"[""TV-STUDY-001695"", ""TV-LABORDER-000195""]"
TV-STUDY-001787,Participant Reconsented,2023-08-15T09:49:00Z,data_query_v,TV-S-001787-11:V001,USR-038,"[""TV-STUDY-001787"", ""TV-LABORDER-000287""]"
TV-STUDY-001789,Participant Reconsented,2023-08-15T15:51:00Z,data_query_v,TV-S-001789-11:V001,USR-072,"[""TV-STUDY-001789"", ""TV-LABORDER-000289""]"
TV-STUDY-001700,Visit Rescheduled,2023-08-15T19:00:00Z,drug_kit_v,TV-S-001700-05:V002,USR-089,"[""TV-STUDY-001700"", ""TV-INVESTIGATOR-000200"", ""TV-DISPENSATION-000200""]"
TV-STUDY-001700,Visit Missed,2023-08-15T19:37:00Z,lab_test_v,TV-S-001700-08:V002,USR-092,"[""TV-STUDY-001700"", ""TV-PARTICIPANT-001700""]"
TV-STUDY-001700,Participant Reconsented,2023-08-15T20:14:00Z,data_query_v,TV-S-001700-11:V001,USR-083,"[""TV-STUDY-001700"", ""TV-LABORDER-000200"", ""TV-PROTOCOL-001700""]"
TV-STUDY-001791,Participant Reconsented,2023-08-15T21:00:00Z,data_query_v,TV-S-001791-11:V001,USR-106,"[""TV-STUDY-001791"", ""TV-LABORDER-000291""]"
TV-STUDY-001780,Visit Rescheduled,2023-08-16T00:48:00Z,drug_kit_v,TV-S-001780-05:V002,USR-052,"[""TV-STUDY-001780"", ""TV-INVESTIGATOR-000280"", ""TV-DISPENSATION-000280""]"
TV-STUDY-001793,Participant Reconsented,2023-08-16T03:02:00Z,data_query_v,TV-S-001793-11:V001,USR-013,"[""TV-STUDY-001793"", ""TV-LABORDER-000293""]"
TV-STUDY-001775,Visit Missed,2023-08-16T03:46:00Z,lab_test_v,TV-S-001775-08:V001,USR-097,"[""TV-STUDY-001775"", ""TV-PARTICIPANT-001775"", ""TV-ALIQUOT-000275""]"
TV-STUDY-001795,Participant Reconsented,2023-08-16T09:04:00Z,data_query_v,TV-S-001795-11:V001,USR-047,"[""TV-STUDY-001795"", ""TV-LABORDER-000295"", ""TV-PROTOCOL-001795""]"
TV-STUDY-001705,Visit Rescheduled,2023-08-16T10:00:00Z,drug_kit_v,TV-S-001705-05:V002,USR-047,"[""TV-STUDY-001705"", ""TV-INVESTIGATOR-000205"", ""TV-DISPENSATION-000205""]"
TV-STUDY-001705,Visit Missed,2023-08-16T10:37:00Z,lab_test_v,TV-S-001705-08:V002,USR-050,"[""TV-STUDY-001705"", ""TV-PARTICIPANT-001705"", ""TV-ALIQUOT-000205""]"
TV-STUDY-001705,Participant Reconsented,2023-08-16T11:14:00Z,data_query_v,TV-S-001705-11:V002,USR-041,"[""TV-STUDY-001705"", ""TV-LABORDER-000205""]"
TV-STUDY-001797,Participant Reconsented,2023-08-16T15:06:00Z,data_query_v,TV-S-001797-11:V001,USR-081,"[""TV-STUDY-001797"", ""TV-LABORDER-000297""]"
TV-STUDY-001799,Participant Reconsented,2023-08-16T21:08:00Z,data_query_v,TV-S-001799-11:V001,USR-115,"[""TV-STUDY-001799"", ""TV-LABORDER-000299"", ""TV-PROTOCOL-001799""]"
TV-STUDY-001710,Visit Rescheduled,2023-08-17T01:00:00Z,drug_kit_v,TV-S-001710-05:V002,USR-005,"[""TV-STUDY-001710"", ""TV-INVESTIGATOR-000210""]"
TV-STUDY-001710,Visit Missed,2023-08-17T01:37:00Z,lab_test_v,TV-S-001710-08:V003,USR-008,"[""TV-STUDY-001710"", ""TV-PARTICIPANT-001710""]"
TV-STUDY-001710,Participant Reconsented,2023-08-17T02:14:00Z,data_query_v,TV-S-001710-11:V001,USR-126,"[""TV-STUDY-001710"", ""TV-LABORDER-000210"", ""TV-PROTOCOL-001710""]"
TV-STUDY-001801,Participant Reconsented,2023-08-17T03:10:00Z,data_query_v,TV-S-001801-11:V001,USR-022,"[""TV-STUDY-001801"", ""TV-LABORDER-000301""]"
TV-STUDY-001803,Participant Reconsented,2023-08-17T09:12:00Z,data_query_v,TV-S-001803-11:V001,USR-056,"[""TV-STUDY-001803"", ""TV-LABORDER-000303"", ""TV-PROTOCOL-001803""]"
TV-STUDY-001805,Participant Reconsented,2023-08-17T15:14:00Z,data_query_v,TV-S-001805-11:V001,USR-090,"[""TV-STUDY-001805"", ""TV-LABORDER-000305""]"
TV-STUDY-001715,Visit Rescheduled,2023-08-17T16:00:00Z,drug_kit_v,TV-S-001715-05:V002,USR-090,"[""TV-STUDY-001715"", ""TV-INVESTIGATOR-000215""]"
TV-STUDY-001715,Visit Missed,2023-08-17T16:37:00Z,lab_test_v,TV-S-001715-08:V001,USR-093,"[""TV-STUDY-001715"", ""TV-PARTICIPANT-001715""]"
TV-STUDY-001715,Participant Reconsented,2023-08-17T17:14:00Z,data_query_v,TV-S-001715-11:V003,USR-084,"[""TV-STUDY-001715"", ""TV-LABORDER-000215"", ""TV-PROTOCOL-001715""]"
TV-STUDY-001807,Participant Reconsented,2023-08-17T21:16:00Z,data_query_v,TV-S-001807-11:V001,USR-124,"[""TV-STUDY-001807"", ""TV-LABORDER-000307"", ""TV-PROTOCOL-001807""]"
TV-STUDY-001809,Participant Reconsented,2023-08-18T03:18:00Z,data_query_v,TV-S-001809-11:V001,USR-031,"[""TV-STUDY-001809"", ""TV-LABORDER-000309"", ""TV-PROTOCOL-001809""]"
TV-STUDY-001720,Visit Rescheduled,2023-08-18T07:00:00Z,drug_kit_v,TV-S-001720-05:V003,USR-048,"[""TV-STUDY-001720"", ""TV-INVESTIGATOR-000220""]"
TV-STUDY-001720,Visit Missed,2023-08-18T07:37:00Z,lab_test_v,TV-S-001720-08:V003,USR-051,"[""TV-STUDY-001720"", ""TV-PARTICIPANT-001720"", ""TV-ALIQUOT-000220""]"
TV-STUDY-001720,Participant Reconsented,2023-08-18T08:14:00Z,data_query_v,TV-S-001720-11:V002,USR-042,"[""TV-STUDY-001720"", ""TV-LABORDER-000220""]"
TV-STUDY-001811,Participant Reconsented,2023-08-18T09:20:00Z,data_query_v,TV-S-001811-11:V001,USR-065,"[""TV-STUDY-001811"", ""TV-LABORDER-000311""]"
TV-STUDY-001813,Participant Reconsented,2023-08-18T15:22:00Z,data_query_v,TV-S-001813-11:V001,USR-099,"[""TV-STUDY-001813"", ""TV-LABORDER-000313""]"
TV-STUDY-001803,Visit Rescheduled,2023-08-18T21:18:00Z,drug_kit_v,TV-S-001803-05:V002,USR-062,"[""TV-STUDY-001803"", ""TV-INVESTIGATOR-000303""]"
TV-STUDY-001815,Participant Reconsented,2023-08-18T21:24:00Z,data_query_v,TV-S-001815-11:V001,USR-006,"[""TV-STUDY-001815"", ""TV-LABORDER-000315""]"
TV-STUDY-001725,Visit Rescheduled,2023-08-18T22:00:00Z,drug_kit_v,TV-S-001725-05:V003,USR-006,"[""TV-STUDY-001725"", ""TV-INVESTIGATOR-000225""]"
TV-STUDY-001725,Visit Missed,2023-08-18T22:37:00Z,lab_test_v,TV-S-001725-08:V001,USR-009,"[""TV-STUDY-001725"", ""TV-PARTICIPANT-001725"", ""TV-ALIQUOT-000225""]"
TV-STUDY-001725,Participant Reconsented,2023-08-18T23:14:00Z,data_query_v,TV-S-001725-11:V002,USR-127,"[""TV-STUDY-001725"", ""TV-LABORDER-000225""]"
TV-STUDY-001817,Participant Reconsented,2023-08-19T03:26:00Z,data_query_v,TV-S-001817-11:V001,USR-040,"[""TV-STUDY-001817"", ""TV-LABORDER-000317"", ""TV-PROTOCOL-001817""]"
TV-STUDY-001819,Participant Reconsented,2023-08-19T09:28:00Z,data_query_v,TV-S-001819-11:V001,USR-074,"[""TV-STUDY-001819"", ""TV-LABORDER-000319""]"
TV-STUDY-001730,Visit Rescheduled,2023-08-19T13:00:00Z,drug_kit_v,TV-S-001730-05:V002,USR-091,"[""TV-STUDY-001730"", ""TV-INVESTIGATOR-000230"", ""TV-DISPENSATION-000230""]"
TV-STUDY-001730,Visit Missed,2023-08-19T13:37:00Z,lab_test_v,TV-S-001730-08:V002,USR-094,"[""TV-STUDY-001730"", ""TV-PARTICIPANT-001730"", ""TV-ALIQUOT-000230""]"
TV-STUDY-001730,Participant Reconsented,2023-08-19T14:14:00Z,data_query_v,TV-S-001730-11:V002,USR-085,"[""TV-STUDY-001730"", ""TV-LABORDER-000230""]"
TV-STUDY-001821,Participant Reconsented,2023-08-19T15:30:00Z,data_query_v,TV-S-001821-11:V001,USR-108,"[""TV-STUDY-001821"", ""TV-LABORDER-000321"", ""TV-PROTOCOL-001821""]"
TV-STUDY-001823,Participant Reconsented,2023-08-19T21:32:00Z,data_query_v,TV-S-001823-11:V001,USR-015,"[""TV-STUDY-001823"", ""TV-LABORDER-000323""]"
TV-STUDY-001825,Participant Reconsented,2023-08-20T03:34:00Z,data_query_v,TV-S-001825-11:V001,USR-049,"[""TV-STUDY-001825"", ""TV-LABORDER-000325""]"
TV-STUDY-001735,Visit Rescheduled,2023-08-20T04:00:00Z,drug_kit_v,TV-S-001735-05:V003,USR-049,"[""TV-STUDY-001735"", ""TV-INVESTIGATOR-000235""]"
TV-STUDY-001735,Visit Missed,2023-08-20T04:37:00Z,lab_test_v,TV-S-001735-08:V001,USR-052,"[""TV-STUDY-001735"", ""TV-PARTICIPANT-001735""]"
TV-STUDY-001735,Participant Reconsented,2023-08-20T05:14:00Z,data_query_v,TV-S-001735-11:V003,USR-043,"[""TV-STUDY-001735"", ""TV-LABORDER-000235"", ""TV-PROTOCOL-001735""]"
TV-STUDY-001827,Participant Reconsented,2023-08-20T09:36:00Z,data_query_v,TV-S-001827-11:V001,USR-083,"[""TV-STUDY-001827"", ""TV-LABORDER-000327""]"
TV-STUDY-001829,Participant Reconsented,2023-08-20T15:38:00Z,data_query_v,TV-S-001829-11:V001,USR-117,"[""TV-STUDY-001829"", ""TV-LABORDER-000329"", ""TV-PROTOCOL-001829""]"
TV-STUDY-001812,Visit Missed,2023-08-20T18:30:00Z,lab_test_v,TV-S-001812-08:V002,USR-091,"[""TV-STUDY-001812"", ""TV-PARTICIPANT-001812"", ""TV-ALIQUOT-000312""]"
TV-STUDY-001740,Visit Rescheduled,2023-08-20T19:00:00Z,drug_kit_v,TV-S-001740-05:V003,USR-007,"[""TV-STUDY-001740"", ""TV-INVESTIGATOR-000240""]"
TV-STUDY-001740,Visit Missed,2023-08-20T19:37:00Z,lab_test_v,TV-S-001740-08:V002,USR-010,"[""TV-STUDY-001740"", ""TV-PARTICIPANT-001740""]"
TV-STUDY-001740,Participant Reconsented,2023-08-20T20:14:00Z,data_query_v,TV-S-001740-11:V001,USR-001,"[""TV-STUDY-001740"", ""TV-LABORDER-000240"", ""TV-PROTOCOL-001740""]"
TV-STUDY-001831,Participant Reconsented,2023-08-20T21:40:00Z,data_query_v,TV-S-001831-11:V001,USR-024,"[""TV-STUDY-001831"", ""TV-LABORDER-000331"", ""TV-PROTOCOL-001831""]"
TV-STUDY-001833,Participant Reconsented,2023-08-21T03:42:00Z,data_query_v,TV-S-001833-11:V001,USR-058,"[""TV-STUDY-001833"", ""TV-LABORDER-000333""]"
TV-STUDY-001835,Participant Reconsented,2023-08-21T09:44:00Z,data_query_v,TV-S-001835-11:V001,USR-092,"[""TV-STUDY-001835"", ""TV-LABORDER-000335""]"
TV-STUDY-001745,Visit Rescheduled,2023-08-21T10:00:00Z,drug_kit_v,TV-S-001745-05:V002,USR-092,"[""TV-STUDY-001745"", ""TV-INVESTIGATOR-000245""]"
TV-STUDY-001745,Visit Missed,2023-08-21T10:37:00Z,lab_test_v,TV-S-001745-08:V001,USR-095,"[""TV-STUDY-001745"", ""TV-PARTICIPANT-001745"", ""TV-ALIQUOT-000245""]"
TV-STUDY-001745,Participant Reconsented,2023-08-21T11:14:00Z,data_query_v,TV-S-001745-11:V003,USR-086,"[""TV-STUDY-001745"", ""TV-LABORDER-000245""]"
TV-STUDY-001837,Participant Reconsented,2023-08-21T15:46:00Z,data_query_v,TV-S-001837-11:V001,USR-126,"[""TV-STUDY-001837"", ""TV-LABORDER-000337"", ""TV-PROTOCOL-001837""]"
TV-STUDY-001826,Visit Rescheduled,2023-08-21T18:41:00Z,drug_kit_v,TV-S-001826-05:V002,USR-072,"[""TV-STUDY-001826"", ""TV-INVESTIGATOR-000326""]"
TV-STUDY-001839,Participant Reconsented,2023-08-21T21:48:00Z,data_query_v,TV-S-001839-11:V001,USR-033,"[""TV-STUDY-001839"", ""TV-LABORDER-000339"", ""TV-PROTOCOL-001839""]"
TV-STUDY-001750,Visit Rescheduled,2023-08-22T01:00:00Z,drug_kit_v,TV-S-001750-05:V003,USR-050,"[""TV-STUDY-001750"", ""TV-INVESTIGATOR-000250""]"
TV-STUDY-001750,Visit Missed,2023-08-22T01:37:00Z,lab_test_v,TV-S-001750-08:V002,USR-053,"[""TV-STUDY-001750"", ""TV-PARTICIPANT-001750"", ""TV-ALIQUOT-000250""]"
TV-STUDY-001750,Participant Reconsented,2023-08-22T02:14:00Z,data_query_v,TV-S-001750-11:V001,USR-044,"[""TV-STUDY-001750"", ""TV-LABORDER-000250""]"
TV-STUDY-001841,Participant Reconsented,2023-08-22T03:50:00Z,data_query_v,TV-S-001841-11:V001,USR-067,"[""TV-STUDY-001841"", ""TV-LABORDER-000341""]"
TV-STUDY-001843,Participant Reconsented,2023-08-22T09:52:00Z,data_query_v,TV-S-001843-11:V001,USR-101,"[""TV-STUDY-001843"", ""TV-LABORDER-000343"", ""TV-PROTOCOL-001843""]"
TV-STUDY-001845,Participant Reconsented,2023-08-22T15:01:00Z,data_query_v,TV-S-001845-11:V001,USR-008,"[""TV-STUDY-001845"", ""TV-LABORDER-000345""]"
TV-STUDY-001755,Visit Rescheduled,2023-08-22T16:00:00Z,drug_kit_v,TV-S-001755-05:V004,USR-008,"[""TV-STUDY-001755"", ""TV-INVESTIGATOR-000255""]"
TV-STUDY-001755,Visit Missed,2023-08-22T16:37:00Z,lab_test_v,TV-S-001755-08:V002,USR-011,"[""TV-STUDY-001755"", ""TV-PARTICIPANT-001755""]"
TV-STUDY-001755,Participant Reconsented,2023-08-22T17:14:00Z,data_query_v,TV-S-001755-11:V003,USR-002,"[""TV-STUDY-001755"", ""TV-LABORDER-000255"", ""TV-PROTOCOL-001755""]"
TV-STUDY-001847,Participant Reconsented,2023-08-22T21:03:00Z,data_query_v,TV-S-001847-11:V001,USR-042,"[""TV-STUDY-001847"", ""TV-LABORDER-000347"", ""TV-PROTOCOL-001847""]"
TV-STUDY-001849,Participant Reconsented,2023-08-23T03:05:00Z,data_query_v,TV-S-001849-11:V001,USR-076,"[""TV-STUDY-001849"", ""TV-LABORDER-000349""]"
TV-STUDY-001760,Visit Rescheduled,2023-08-23T07:00:00Z,drug_kit_v,TV-S-001760-05:V003,USR-093,"[""TV-STUDY-001760"", ""TV-INVESTIGATOR-000260""]"
TV-STUDY-001760,Visit Missed,2023-08-23T07:37:00Z,lab_test_v,TV-S-001760-08:V003,USR-096,"[""TV-STUDY-001760"", ""TV-PARTICIPANT-001760""]"
TV-STUDY-001760,Participant Reconsented,2023-08-23T08:14:00Z,data_query_v,TV-S-001760-11:V001,USR-087,"[""TV-STUDY-001760"", ""TV-LABORDER-000260"", ""TV-PROTOCOL-001760""]"
TV-STUDY-001851,Participant Reconsented,2023-08-23T09:07:00Z,data_query_v,TV-S-001851-11:V001,USR-110,"[""TV-STUDY-001851"", ""TV-LABORDER-000351"", ""TV-PROTOCOL-001851""]"
TV-STUDY-001853,Participant Reconsented,2023-08-23T15:09:00Z,data_query_v,TV-S-001853-11:V001,USR-017,"[""TV-STUDY-001853"", ""TV-LABORDER-000353"", ""TV-PROTOCOL-001853""]"
TV-STUDY-001855,Participant Reconsented,2023-08-23T21:11:00Z,data_query_v,TV-S-001855-11:V001,USR-051,"[""TV-STUDY-001855"", ""TV-LABORDER-000355""]"
TV-STUDY-001765,Visit Rescheduled,2023-08-23T22:00:00Z,drug_kit_v,TV-S-001765-05:V003,USR-051,"[""TV-STUDY-001765"", ""TV-INVESTIGATOR-000265""]"
TV-STUDY-001765,Visit Missed,2023-08-23T22:37:00Z,lab_test_v,TV-S-001765-08:V001,USR-054,"[""TV-STUDY-001765"", ""TV-PARTICIPANT-001765"", ""TV-ALIQUOT-000265""]"
TV-STUDY-001765,Participant Reconsented,2023-08-23T23:14:00Z,data_query_v,TV-S-001765-11:V002,USR-045,"[""TV-STUDY-001765"", ""TV-LABORDER-000265""]"
TV-STUDY-001857,Participant Reconsented,2023-08-24T03:13:00Z,data_query_v,TV-S-001857-11:V001,USR-085,"[""TV-STUDY-001857"", ""TV-LABORDER-000357""]"
TV-STUDY-001859,Participant Reconsented,2023-08-24T09:15:00Z,data_query_v,TV-S-001859-11:V001,USR-119,"[""TV-STUDY-001859"", ""TV-LABORDER-000359""]"
TV-STUDY-001770,Visit Rescheduled,2023-08-24T13:00:00Z,drug_kit_v,TV-S-001770-05:V002,USR-009,"[""TV-STUDY-001770"", ""TV-INVESTIGATOR-000270""]"
TV-STUDY-001770,Visit Missed,2023-08-24T13:37:00Z,lab_test_v,TV-S-001770-08:V002,USR-012,"[""TV-STUDY-001770"", ""TV-PARTICIPANT-001770""]"
TV-STUDY-001770,Participant Reconsented,2023-08-24T14:14:00Z,data_query_v,TV-S-001770-11:V001,USR-003,"[""TV-STUDY-001770"", ""TV-LABORDER-000270""]"
TV-STUDY-001849,Visit Rescheduled,2023-08-24T15:11:00Z,drug_kit_v,TV-S-001849-05:V003,USR-082,"[""TV-STUDY-001849"", ""TV-INVESTIGATOR-000349"", ""TV-DISPENSATION-000349""]"
TV-STUDY-001861,Participant Reconsented,2023-08-24T15:17:00Z,data_query_v,TV-S-001861-11:V001,USR-026,"[""TV-STUDY-001861"", ""TV-LABORDER-000361"", ""TV-PROTOCOL-001861""]"
TV-STUDY-001863,Participant Reconsented,2023-08-24T21:19:00Z,data_query_v,TV-S-001863-11:V001,USR-060,"[""TV-STUDY-001863"", ""TV-LABORDER-000363""]"
TV-STUDY-001865,Participant Reconsented,2023-08-25T03:21:00Z,data_query_v,TV-S-001865-11:V001,USR-094,"[""TV-STUDY-001865"", ""TV-LABORDER-000365"", ""TV-PROTOCOL-001865""]"
TV-STUDY-001775,Visit Rescheduled,2023-08-25T04:00:00Z,drug_kit_v,TV-S-001775-05:V003,USR-094,"[""TV-STUDY-001775"", ""TV-INVESTIGATOR-000275""]"
TV-STUDY-001775,Visit Missed,2023-08-25T04:37:00Z,lab_test_v,TV-S-001775-08:V002,USR-097,"[""TV-STUDY-001775"", ""TV-PARTICIPANT-001775"", ""TV-ALIQUOT-000275""]"
TV-STUDY-001775,Participant Reconsented,2023-08-25T05:14:00Z,data_query_v,TV-S-001775-11:V003,USR-088,"[""TV-STUDY-001775"", ""TV-LABORDER-000275""]"
TV-STUDY-001849,Visit Missed,2023-08-25T09:14:00Z,lab_test_v,TV-S-001849-08:V001,USR-085,"[""TV-STUDY-001849"", ""TV-PARTICIPANT-001849""]"
TV-STUDY-001867,Participant Reconsented,2023-08-25T09:23:00Z,data_query_v,TV-S-001867-11:V001,USR-001,"[""TV-STUDY-001867"", ""TV-LABORDER-000367"", ""TV-PROTOCOL-001867""]"
TV-STUDY-001869,Participant Reconsented,2023-08-25T15:25:00Z,data_query_v,TV-S-001869-11:V001,USR-035,"[""TV-STUDY-001869"", ""TV-LABORDER-000369"", ""TV-PROTOCOL-001869""]"
TV-STUDY-001780,Visit Rescheduled,2023-08-25T19:00:00Z,drug_kit_v,TV-S-001780-05:V004,USR-052,"[""TV-STUDY-001780"", ""TV-INVESTIGATOR-000280""]"
TV-STUDY-001780,Visit Missed,2023-08-25T19:37:00Z,lab_test_v,TV-S-001780-08:V002,USR-055,"[""TV-STUDY-001780"", ""TV-PARTICIPANT-001780"", ""TV-ALIQUOT-000280""]"
TV-STUDY-001780,Participant Reconsented,2023-08-25T20:14:00Z,data_query_v,TV-S-001780-11:V001,USR-046,"[""TV-STUDY-001780"", ""TV-LABORDER-000280""]"
TV-STUDY-001871,Participant Reconsented,2023-08-25T21:27:00Z,data_query_v,TV-S-001871-11:V001,USR-069,"[""TV-STUDY-001871"", ""TV-LABORDER-000371"", ""TV-PROTOCOL-001871""]"
TV-STUDY-001873,Participant Reconsented,2023-08-26T03:29:00Z,data_query_v,TV-S-001873-11:V001,USR-103,"[""TV-STUDY-001873"", ""TV-LABORDER-000373""]"
TV-STUDY-001875,Participant Reconsented,2023-08-26T09:31:00Z,data_query_v,TV-S-001875-11:V001,USR-010,"[""TV-STUDY-001875"", ""TV-LABORDER-000375"", ""TV-PROTOCOL-001875""]"
TV-STUDY-001785,Visit Rescheduled,2023-08-26T10:00:00Z,drug_kit_v,TV-S-001785-05:V003,USR-010,"[""TV-STUDY-001785"", ""TV-INVESTIGATOR-000285""]"
TV-STUDY-001785,Visit Missed,2023-08-26T10:37:00Z,lab_test_v,TV-S-001785-08:V001,USR-013,"[""TV-STUDY-001785"", ""TV-PARTICIPANT-001785"", ""TV-ALIQUOT-000285""]"
TV-STUDY-001785,Participant Reconsented,2023-08-26T11:14:00Z,data_query_v,TV-S-001785-11:V002,USR-004,"[""TV-STUDY-001785"", ""TV-LABORDER-000285""]"
TV-STUDY-001877,Participant Reconsented,2023-08-26T15:33:00Z,data_query_v,TV-S-001877-11:V001,USR-044,"[""TV-STUDY-001877"", ""TV-LABORDER-000377"", ""TV-PROTOCOL-001877""]"
TV-STUDY-001879,Participant Reconsented,2023-08-26T21:35:00Z,data_query_v,TV-S-001879-11:V001,USR-078,"[""TV-STUDY-001879"", ""TV-LABORDER-000379"", ""TV-PROTOCOL-001879""]"
TV-STUDY-001790,Visit Rescheduled,2023-08-27T01:00:00Z,drug_kit_v,TV-S-001790-05:V002,USR-095,"[""TV-STUDY-001790"", ""TV-INVESTIGATOR-000290""]"
TV-STUDY-001790,Visit Missed,2023-08-27T01:37:00Z,lab_test_v,TV-S-001790-08:V002,USR-098,"[""TV-STUDY-001790"", ""TV-PARTICIPANT-001790""]"
TV-STUDY-001790,Participant Reconsented,2023-08-27T02:14:00Z,data_query_v,TV-S-001790-11:V001,USR-089,"[""TV-STUDY-001790"", ""TV-LABORDER-000290""]"
TV-STUDY-001881,Participant Reconsented,2023-08-27T03:37:00Z,data_query_v,TV-S-001881-11:V001,USR-112,"[""TV-STUDY-001881"", ""TV-LABORDER-000381""]"
TV-STUDY-001883,Participant Reconsented,2023-08-27T09:39:00Z,data_query_v,TV-S-001883-11:V001,USR-019,"[""TV-STUDY-001883"", ""TV-LABORDER-000383"", ""TV-PROTOCOL-001883""]"
TV-STUDY-001872,Visit Rescheduled,2023-08-27T12:34:00Z,drug_kit_v,TV-S-001872-05:V002,USR-092,"[""TV-STUDY-001872"", ""TV-INVESTIGATOR-000372"", ""TV-DISPENSATION-000372""]"
TV-STUDY-001885,Participant Reconsented,2023-08-27T15:41:00Z,data_query_v,TV-S-001885-11:V001,USR-053,"[""TV-STUDY-001885"", ""TV-LABORDER-000385"", ""TV-PROTOCOL-001885""]"
TV-STUDY-001795,Visit Rescheduled,2023-08-27T16:00:00Z,drug_kit_v,TV-S-001795-05:V003,USR-053,"[""TV-STUDY-001795"", ""TV-INVESTIGATOR-000295""]"
TV-STUDY-001795,Visit Missed,2023-08-27T16:37:00Z,lab_test_v,TV-S-001795-08:V001,USR-056,"[""TV-STUDY-001795"", ""TV-PARTICIPANT-001795""]"
TV-STUDY-001795,Participant Reconsented,2023-08-27T17:14:00Z,data_query_v,TV-S-001795-11:V002,USR-047,"[""TV-STUDY-001795"", ""TV-LABORDER-000295"", ""TV-PROTOCOL-001795""]"
TV-STUDY-001887,Participant Reconsented,2023-08-27T21:43:00Z,data_query_v,TV-S-001887-11:V001,USR-087,"[""TV-STUDY-001887"", ""TV-LABORDER-000387"", ""TV-PROTOCOL-001887""]"
TV-STUDY-001889,Participant Reconsented,2023-08-28T03:45:00Z,data_query_v,TV-S-001889-11:V001,USR-121,"[""TV-STUDY-001889"", ""TV-LABORDER-000389""]"
TV-STUDY-001800,Visit Rescheduled,2023-08-28T07:00:00Z,drug_kit_v,TV-S-001800-05:V002,USR-011,"[""TV-STUDY-001800"", ""TV-INVESTIGATOR-000300""]"
TV-STUDY-001800,Visit Missed,2023-08-28T07:37:00Z,lab_test_v,TV-S-001800-08:V003,USR-014,"[""TV-STUDY-001800"", ""TV-PARTICIPANT-001800""]"
TV-STUDY-001800,Participant Reconsented,2023-08-28T08:14:00Z,data_query_v,TV-S-001800-11:V001,USR-005,"[""TV-STUDY-001800"", ""TV-LABORDER-000300"", ""TV-PROTOCOL-001800""]"
TV-STUDY-001891,Participant Reconsented,2023-08-28T09:47:00Z,data_query_v,TV-S-001891-11:V001,USR-028,"[""TV-STUDY-001891"", ""TV-LABORDER-000391"", ""TV-PROTOCOL-001891""]"
TV-STUDY-001893,Participant Reconsented,2023-08-28T15:49:00Z,data_query_v,TV-S-001893-11:V001,USR-062,"[""TV-STUDY-001893"", ""TV-LABORDER-000393""]"
TV-STUDY-001895,Participant Reconsented,2023-08-28T21:51:00Z,data_query_v,TV-S-001895-11:V001,USR-096,"[""TV-STUDY-001895"", ""TV-LABORDER-000395"", ""TV-PROTOCOL-001895""]"
TV-STUDY-001805,Visit Rescheduled,2023-08-28T22:00:00Z,drug_kit_v,TV-S-001805-05:V002,USR-096,"[""TV-STUDY-001805"", ""TV-INVESTIGATOR-000305""]"
TV-STUDY-001805,Visit Missed,2023-08-28T22:37:00Z,lab_test_v,TV-S-001805-08:V001,USR-099,"[""TV-STUDY-001805"", ""TV-PARTICIPANT-001805""]"
TV-STUDY-001805,Participant Reconsented,2023-08-28T23:14:00Z,data_query_v,TV-S-001805-11:V002,USR-090,"[""TV-STUDY-001805"", ""TV-LABORDER-000305""]"
TV-STUDY-001897,Participant Reconsented,2023-08-29T03:00:00Z,data_query_v,TV-S-001897-11:V001,USR-003,"[""TV-STUDY-001897"", ""TV-LABORDER-000397""]"
TV-STUDY-001899,Participant Reconsented,2023-08-29T09:02:00Z,data_query_v,TV-S-001899-11:V001,USR-037,"[""TV-STUDY-001899"", ""TV-LABORDER-000399""]"
TV-STUDY-001810,Visit Rescheduled,2023-08-29T13:00:00Z,drug_kit_v,TV-S-001810-05:V003,USR-054,"[""TV-STUDY-001810"", ""TV-INVESTIGATOR-000310""]"
TV-STUDY-001810,Visit Missed,2023-08-29T13:37:00Z,lab_test_v,TV-S-001810-08:V003,USR-057,"[""TV-STUDY-001810"", ""TV-PARTICIPANT-001810""]"
TV-STUDY-001810,Participant Reconsented,2023-08-29T14:14:00Z,data_query_v,TV-S-001810-11:V001,USR-048,"[""TV-STUDY-001810"", ""TV-LABORDER-000310""]"
TV-STUDY-001901,Participant Reconsented,2023-08-29T15:04:00Z,data_query_v,TV-S-001901-11:V001,USR-071,"[""TV-STUDY-001901"", ""TV-LABORDER-000401""]"
TV-STUDY-001903,Participant Reconsented,2023-08-29T21:06:00Z,data_query_v,TV-S-001903-11:V001,USR-105,"[""TV-STUDY-001903"", ""TV-LABORDER-000403"", ""TV-PROTOCOL-001903""]"
TV-STUDY-001886,Visit Missed,2023-08-30T00:51:00Z,lab_test_v,TV-S-001886-08:V003,USR-079,"[""TV-STUDY-001886"", ""TV-PARTICIPANT-001886"", ""TV-ALIQUOT-000386""]"
TV-STUDY-001905,Participant Reconsented,2023-08-30T03:08:00Z,data_query_v,TV-S-001905-11:V001,USR-012,"[""TV-STUDY-001905"", ""TV-LABORDER-000405""]"
TV-STUDY-001815,Visit Rescheduled,2023-08-30T04:00:00Z,drug_kit_v,TV-S-001815-05:V003,USR-012,"[""TV-STUDY-001815"", ""TV-INVESTIGATOR-000315""]"
TV-STUDY-001815,Visit Missed,2023-08-30T04:37:00Z,lab_test_v,TV-S-001815-08:V001,USR-015,"[""TV-STUDY-001815"", ""TV-PARTICIPANT-001815""]"
TV-STUDY-001815,Participant Reconsented,2023-08-30T05:14:00Z,data_query_v,TV-S-001815-11:V002,USR-006,"[""TV-STUDY-001815"", ""TV-LABORDER-000315"", ""TV-PROTOCOL-001815""]"
TV-STUDY-001895,Visit Rescheduled,2023-08-30T09:04:00Z,drug_kit_v,TV-S-001895-05:V003,USR-102,"[""TV-STUDY-001895"", ""TV-INVESTIGATOR-000395""]"
TV-STUDY-001907,Participant Reconsented,2023-08-30T09:10:00Z,data_query_v,TV-S-001907-11:V001,USR-046,"[""TV-STUDY-001907"", ""TV-LABORDER-000407""]"
TV-STUDY-001909,Participant Reconsented,2023-08-30T15:12:00Z,data_query_v,TV-S-001909-11:V001,USR-080,"[""TV-STUDY-001909"", ""TV-LABORDER-000409"", ""TV-PROTOCOL-001909""]"
TV-STUDY-001820,Visit Rescheduled,2023-08-30T19:00:00Z,drug_kit_v,TV-S-001820-05:V004,USR-097,"[""TV-STUDY-001820"", ""TV-INVESTIGATOR-000320"", ""TV-DISPENSATION-000320""]"
TV-STUDY-001820,Visit Missed,2023-08-30T19:37:00Z,lab_test_v,TV-S-001820-08:V004,USR-100,"[""TV-STUDY-001820"", ""TV-PARTICIPANT-001820""]"
TV-STUDY-001820,Participant Reconsented,2023-08-30T20:14:00Z,data_query_v,TV-S-001820-11:V003,USR-091,"[""TV-STUDY-001820"", ""TV-LABORDER-000320"", ""TV-PROTOCOL-001820""]"
TV-STUDY-001911,Participant Reconsented,2023-08-30T21:14:00Z,data_query_v,TV-S-001911-11:V001,USR-114,"[""TV-STUDY-001911"", ""TV-LABORDER-000411""]"
TV-STUDY-001913,Participant Reconsented,2023-08-31T03:16:00Z,data_query_v,TV-S-001913-11:V001,USR-021,"[""TV-STUDY-001913"", ""TV-LABORDER-000413""]"
TV-STUDY-001915,Participant Reconsented,2023-08-31T09:18:00Z,data_query_v,TV-S-001915-11:V001,USR-055,"[""TV-STUDY-001915"", ""TV-LABORDER-000415"", ""TV-PROTOCOL-001915""]"
TV-STUDY-001825,Visit Rescheduled,2023-08-31T10:00:00Z,drug_kit_v,TV-S-001825-05:V002,USR-055,"[""TV-STUDY-001825"", ""TV-INVESTIGATOR-000325""]"
TV-STUDY-001825,Visit Missed,2023-08-31T10:37:00Z,lab_test_v,TV-S-001825-08:V001,USR-058,"[""TV-STUDY-001825"", ""TV-PARTICIPANT-001825"", ""TV-ALIQUOT-000325""]"
TV-STUDY-001825,Participant Reconsented,2023-08-31T11:14:00Z,data_query_v,TV-S-001825-11:V003,USR-049,"[""TV-STUDY-001825"", ""TV-LABORDER-000325""]"
TV-STUDY-001917,Participant Reconsented,2023-08-31T15:20:00Z,data_query_v,TV-S-001917-11:V001,USR-089,"[""TV-STUDY-001917"", ""TV-LABORDER-000417""]"
TV-STUDY-001919,Participant Reconsented,2023-08-31T21:22:00Z,data_query_v,TV-S-001919-11:V001,USR-123,"[""TV-STUDY-001919"", ""TV-LABORDER-000419""]"
TV-STUDY-001830,Visit Rescheduled,2023-09-01T01:00:00Z,drug_kit_v,TV-S-001830-05:V003,USR-013,"[""TV-STUDY-001830"", ""TV-INVESTIGATOR-000330"", ""TV-DISPENSATION-000330""]"
TV-STUDY-001830,Visit Missed,2023-09-01T01:37:00Z,lab_test_v,TV-S-001830-08:V002,USR-016,"[""TV-STUDY-001830"", ""TV-PARTICIPANT-001830"", ""TV-ALIQUOT-000330""]"
TV-STUDY-001830,Participant Reconsented,2023-09-01T02:14:00Z,data_query_v,TV-S-001830-11:V001,USR-007,"[""TV-STUDY-001830"", ""TV-LABORDER-000330""]"
TV-STUDY-001921,Participant Reconsented,2023-09-01T03:24:00Z,data_query_v,TV-S-001921-11:V001,USR-030,"[""TV-STUDY-001921"", ""TV-LABORDER-000421""]"
TV-STUDY-001923,Participant Reconsented,2023-09-01T09:26:00Z,data_query_v,TV-S-001923-11:V001,USR-064,"[""TV-STUDY-001923"", ""TV-LABORDER-000423""]"
TV-STUDY-001925,Participant Reconsented,2023-09-01T15:28:00Z,data_query_v,TV-S-001925-11:V001,USR-098,"[""TV-STUDY-001925"", ""TV-LABORDER-000425"", ""TV-PROTOCOL-001925""]"
TV-STUDY-001835,Visit Rescheduled,2023-09-01T16:00:00Z,drug_kit_v,TV-S-001835-05:V002,USR-098,"[""TV-STUDY-001835"", ""TV-INVESTIGATOR-000335"", ""TV-DISPENSATION-000335""]"
TV-STUDY-001835,Visit Missed,2023-09-01T16:37:00Z,lab_test_v,TV-S-001835-08:V001,USR-101,"[""TV-STUDY-001835"", ""TV-PARTICIPANT-001835""]"
TV-STUDY-001835,Participant Reconsented,2023-09-01T17:14:00Z,data_query_v,TV-S-001835-11:V002,USR-092,"[""TV-STUDY-001835"", ""TV-LABORDER-000335"", ""TV-PROTOCOL-001835""]"
TV-STUDY-001927,Participant Reconsented,2023-09-01T21:30:00Z,data_query_v,TV-S-001927-11:V001,USR-005,"[""TV-STUDY-001927"", ""TV-LABORDER-000427"", ""TV-PROTOCOL-001927""]"
TV-STUDY-001929,Participant Reconsented,2023-09-02T03:32:00Z,data_query_v,TV-S-001929-11:V001,USR-039,"[""TV-STUDY-001929"", ""TV-LABORDER-000429"", ""TV-PROTOCOL-001929""]"
TV-STUDY-001918,Visit Rescheduled,2023-09-02T06:27:00Z,drug_kit_v,TV-S-001918-05:V002,USR-112,"[""TV-STUDY-001918"", ""TV-INVESTIGATOR-000418""]"
TV-STUDY-001840,Visit Rescheduled,2023-09-02T07:00:00Z,drug_kit_v,TV-S-001840-05:V002,USR-056,"[""TV-STUDY-001840"", ""TV-INVESTIGATOR-000340""]"
TV-STUDY-001840,Visit Missed,2023-09-02T07:37:00Z,lab_test_v,TV-S-001840-08:V002,USR-059,"[""TV-STUDY-001840"", ""TV-PARTICIPANT-001840""]"
TV-STUDY-001840,Participant Reconsented,2023-09-02T08:14:00Z,data_query_v,TV-S-001840-11:V001,USR-050,"[""TV-STUDY-001840"", ""TV-LABORDER-000340""]"
TV-STUDY-001931,Participant Reconsented,2023-09-02T09:34:00Z,data_query_v,TV-S-001931-11:V001,USR-073,"[""TV-STUDY-001931"", ""TV-LABORDER-000431""]"
TV-STUDY-001933,Participant Reconsented,2023-09-02T15:36:00Z,data_query_v,TV-S-001933-11:V001,USR-107,"[""TV-STUDY-001933"", ""TV-LABORDER-000433""]"
TV-STUDY-001935,Participant Reconsented,2023-09-02T21:38:00Z,data_query_v,TV-S-001935-11:V001,USR-014,"[""TV-STUDY-001935"", ""TV-LABORDER-000435""]"
TV-STUDY-001845,Visit Rescheduled,2023-09-02T22:00:00Z,drug_kit_v,TV-S-001845-05:V003,USR-014,"[""TV-STUDY-001845"", ""TV-INVESTIGATOR-000345"", ""TV-DISPENSATION-000345""]"
TV-STUDY-001845,Visit Missed,2023-09-02T22:37:00Z,lab_test_v,TV-S-001845-08:V001,USR-017,"[""TV-STUDY-001845"", ""TV-PARTICIPANT-001845""]"
TV-STUDY-001845,Participant Reconsented,2023-09-02T23:14:00Z,data_query_v,TV-S-001845-11:V003,USR-008,"[""TV-STUDY-001845"", ""TV-LABORDER-000345"", ""TV-PROTOCOL-001845""]"
TV-STUDY-001937,Participant Reconsented,2023-09-03T03:40:00Z,data_query_v,TV-S-001937-11:V001,USR-048,"[""TV-STUDY-001937"", ""TV-LABORDER-000437""]"
TV-STUDY-001939,Participant Reconsented,2023-09-03T09:42:00Z,data_query_v,TV-S-001939-11:V001,USR-082,"[""TV-STUDY-001939"", ""TV-LABORDER-000439""]"
TV-STUDY-001850,Visit Rescheduled,2023-09-03T13:00:00Z,drug_kit_v,TV-S-001850-05:V002,USR-099,"[""TV-STUDY-001850"", ""TV-INVESTIGATOR-000350"", ""TV-DISPENSATION-000350""]"
TV-STUDY-001850,Visit Missed,2023-09-03T13:37:00Z,lab_test_v,TV-S-001850-08:V002,USR-102,"[""TV-STUDY-001850"", ""TV-PARTICIPANT-001850""]"
TV-STUDY-001850,Participant Reconsented,2023-09-03T14:14:00Z,data_query_v,TV-S-001850-11:V001,USR-093,"[""TV-STUDY-001850"", ""TV-LABORDER-000350"", ""TV-PROTOCOL-001850""]"
TV-STUDY-001923,Visit Missed,2023-09-03T15:35:00Z,lab_test_v,TV-S-001923-08:V001,USR-073,"[""TV-STUDY-001923"", ""TV-PARTICIPANT-001923"", ""TV-ALIQUOT-000423""]"
TV-STUDY-001941,Participant Reconsented,2023-09-03T15:44:00Z,data_query_v,TV-S-001941-11:V001,USR-116,"[""TV-STUDY-001941"", ""TV-LABORDER-000441"", ""TV-PROTOCOL-001941""]"
TV-STUDY-001943,Participant Reconsented,2023-09-03T21:46:00Z,data_query_v,TV-S-001943-11:V001,USR-023,"[""TV-STUDY-001943"", ""TV-LABORDER-000443""]"
TV-STUDY-001945,Participant Reconsented,2023-09-04T03:48:00Z,data_query_v,TV-S-001945-11:V001,USR-057,"[""TV-STUDY-001945"", ""TV-LABORDER-000445"", ""TV-PROTOCOL-001945""]"
TV-STUDY-001855,Visit Rescheduled,2023-09-04T04:00:00Z,drug_kit_v,TV-S-001855-05:V003,USR-057,"[""TV-STUDY-001855"", ""TV-INVESTIGATOR-000355""]"
TV-STUDY-001855,Visit Missed,2023-09-04T04:37:00Z,lab_test_v,TV-S-001855-08:V001,USR-060,"[""TV-STUDY-001855"", ""TV-PARTICIPANT-001855""]"
TV-STUDY-001855,Participant Reconsented,2023-09-04T05:14:00Z,data_query_v,TV-S-001855-11:V002,USR-051,"[""TV-STUDY-001855"", ""TV-LABORDER-000355""]"
TV-STUDY-001947,Participant Reconsented,2023-09-04T09:50:00Z,data_query_v,TV-S-001947-11:V001,USR-091,"[""TV-STUDY-001947"", ""TV-LABORDER-000447"", ""TV-PROTOCOL-001947""]"
TV-STUDY-001949,Participant Reconsented,2023-09-04T15:52:00Z,data_query_v,TV-S-001949-11:V001,USR-125,"[""TV-STUDY-001949"", ""TV-LABORDER-000449""]"
TV-STUDY-001860,Visit Rescheduled,2023-09-04T19:00:00Z,drug_kit_v,TV-S-001860-05:V002,USR-015,"[""TV-STUDY-001860"", ""TV-INVESTIGATOR-000360"", ""TV-DISPENSATION-000360""]"
TV-STUDY-001860,Visit Missed,2023-09-04T19:37:00Z,lab_test_v,TV-S-001860-08:V002,USR-018,"[""TV-STUDY-001860"", ""TV-PARTICIPANT-001860""]"
TV-STUDY-001860,Participant Reconsented,2023-09-04T20:14:00Z,data_query_v,TV-S-001860-11:V001,USR-009,"[""TV-STUDY-001860"", ""TV-LABORDER-000360"", ""TV-PROTOCOL-001860""]"
TV-STUDY-001951,Participant Reconsented,2023-09-04T21:01:00Z,data_query_v,TV-S-001951-11:V001,USR-032,"[""TV-STUDY-001951"", ""TV-LABORDER-000451""]"
TV-STUDY-001953,Participant Reconsented,2023-09-05T03:03:00Z,data_query_v,TV-S-001953-11:V001,USR-066,"[""TV-STUDY-001953"", ""TV-LABORDER-000453"", ""TV-PROTOCOL-001953""]"
TV-STUDY-001941,Visit Rescheduled,2023-09-05T03:50:00Z,drug_kit_v,TV-S-001941-05:V002,USR-122,"[""TV-STUDY-001941"", ""TV-INVESTIGATOR-000441""]"
TV-STUDY-001955,Participant Reconsented,2023-09-05T09:05:00Z,data_query_v,TV-S-001955-11:V001,USR-100,"[""TV-STUDY-001955"", ""TV-LABORDER-000455""]"
TV-STUDY-001865,Visit Rescheduled,2023-09-05T10:00:00Z,drug_kit_v,TV-S-001865-05:V002,USR-100,"[""TV-STUDY-001865"", ""TV-INVESTIGATOR-000365""]"
TV-STUDY-001865,Visit Missed,2023-09-05T10:37:00Z,lab_test_v,TV-S-001865-08:V001,USR-103,"[""TV-STUDY-001865"", ""TV-PARTICIPANT-001865"", ""TV-ALIQUOT-000365""]"
TV-STUDY-001865,Participant Reconsented,2023-09-05T11:14:00Z,data_query_v,TV-S-001865-11:V002,USR-094,"[""TV-STUDY-001865"", ""TV-LABORDER-000365""]"
TV-STUDY-001957,Participant Reconsented,2023-09-05T15:07:00Z,data_query_v,TV-S-001957-11:V001,USR-007,"[""TV-STUDY-001957"", ""TV-LABORDER-000457"", ""TV-PROTOCOL-001957""]"
TV-STUDY-001959,Participant Reconsented,2023-09-05T21:09:00Z,data_query_v,TV-S-001959-11:V001,USR-041,"[""TV-STUDY-001959"", ""TV-LABORDER-000459""]"
TV-STUDY-001870,Visit Rescheduled,2023-09-06T01:00:00Z,drug_kit_v,TV-S-001870-05:V003,USR-058,"[""TV-STUDY-001870"", ""TV-INVESTIGATOR-000370"", ""TV-DISPENSATION-000370""]"
TV-STUDY-001870,Visit Missed,2023-09-06T01:37:00Z,lab_test_v,TV-S-001870-08:V002,USR-061,"[""TV-STUDY-001870"", ""TV-PARTICIPANT-001870"", ""TV-ALIQUOT-000370""]"
TV-STUDY-001870,Participant Reconsented,2023-09-06T02:14:00Z,data_query_v,TV-S-001870-11:V001,USR-052,"[""TV-STUDY-001870"", ""TV-LABORDER-000370""]"
TV-STUDY-001961,Participant Reconsented,2023-09-06T03:11:00Z,data_query_v,TV-S-001961-11:V001,USR-075,"[""TV-STUDY-001961"", ""TV-LABORDER-000461""]"
TV-STUDY-001963,Participant Reconsented,2023-09-06T09:13:00Z,data_query_v,TV-S-001963-11:V001,USR-109,"[""TV-STUDY-001963"", ""TV-LABORDER-000463"", ""TV-PROTOCOL-001963""]"
TV-STUDY-001965,Participant Reconsented,2023-09-06T15:15:00Z,data_query_v,TV-S-001965-11:V001,USR-016,"[""TV-STUDY-001965"", ""TV-LABORDER-000465""]"
TV-STUDY-001875,Visit Rescheduled,2023-09-06T16:00:00Z,drug_kit_v,TV-S-001875-05:V003,USR-016,"[""TV-STUDY-001875"", ""TV-INVESTIGATOR-000375""]"
TV-STUDY-001875,Visit Missed,2023-09-06T16:37:00Z,lab_test_v,TV-S-001875-08:V001,USR-019,"[""TV-STUDY-001875"", ""TV-PARTICIPANT-001875""]"
TV-STUDY-001875,Participant Reconsented,2023-09-06T17:14:00Z,data_query_v,TV-S-001875-11:V003,USR-010,"[""TV-STUDY-001875"", ""TV-LABORDER-000375"", ""TV-PROTOCOL-001875""]"
TV-STUDY-001967,Participant Reconsented,2023-09-06T21:17:00Z,data_query_v,TV-S-001967-11:V001,USR-050,"[""TV-STUDY-001967"", ""TV-LABORDER-000467"", ""TV-PROTOCOL-001967""]"
TV-STUDY-001969,Participant Reconsented,2023-09-07T03:19:00Z,data_query_v,TV-S-001969-11:V001,USR-084,"[""TV-STUDY-001969"", ""TV-LABORDER-000469""]"
TV-STUDY-001880,Visit Rescheduled,2023-09-07T07:00:00Z,drug_kit_v,TV-S-001880-05:V004,USR-101,"[""TV-STUDY-001880"", ""TV-INVESTIGATOR-000380""]"
TV-STUDY-001880,Visit Missed,2023-09-07T07:37:00Z,lab_test_v,TV-S-001880-08:V002,USR-104,"[""TV-STUDY-001880"", ""TV-PARTICIPANT-001880""]"
TV-STUDY-001880,Participant Reconsented,2023-09-07T08:14:00Z,data_query_v,TV-S-001880-11:V001,USR-095,"[""TV-STUDY-001880"", ""TV-LABORDER-000380""]"
TV-STUDY-001971,Participant Reconsented,2023-09-07T09:21:00Z,data_query_v,TV-S-001971-11:V001,USR-118,"[""TV-STUDY-001971"", ""TV-LABORDER-000471"", ""TV-PROTOCOL-001971""]"
TV-STUDY-001973,Participant Reconsented,2023-09-07T15:23:00Z,data_query_v,TV-S-001973-11:V001,USR-025,"[""TV-STUDY-001973"", ""TV-LABORDER-000473""]"
TV-STUDY-001975,Participant Reconsented,2023-09-07T21:25:00Z,data_query_v,TV-S-001975-11:V001,USR-059,"[""TV-STUDY-001975"", ""TV-LABORDER-000475"", ""TV-PROTOCOL-001975""]"
TV-STUDY-001885,Visit Rescheduled,2023-09-07T22:00:00Z,drug_kit_v,TV-S-001885-05:V004,USR-059,"[""TV-STUDY-001885"", ""TV-INVESTIGATOR-000385"", ""TV-DISPENSATION-000385""]"
TV-STUDY-001885,Visit Missed,2023-09-07T22:37:00Z,lab_test_v,TV-S-001885-08:V002,USR-062,"[""TV-STUDY-001885"", ""TV-PARTICIPANT-001885"", ""TV-ALIQUOT-000385""]"
TV-STUDY-001885,Participant Reconsented,2023-09-07T23:14:00Z,data_query_v,TV-S-001885-11:V004,USR-053,"[""TV-STUDY-001885"", ""TV-LABORDER-000385""]"
TV-STUDY-001964,Visit Rescheduled,2023-09-08T00:20:00Z,drug_kit_v,TV-S-001964-05:V002,USR-005,"[""TV-STUDY-001964"", ""TV-INVESTIGATOR-000464""]"
TV-STUDY-001977,Participant Reconsented,2023-09-08T03:27:00Z,data_query_v,TV-S-001977-11:V001,USR-093,"[""TV-STUDY-001977"", ""TV-LABORDER-000477""]"
TV-STUDY-001960,Visit Missed,2023-09-08T06:19:00Z,lab_test_v,TV-S-001960-08:V003,USR-067,"[""TV-STUDY-001960"", ""TV-PARTICIPANT-001960""]"
TV-STUDY-001979,Participant Reconsented,2023-09-08T09:29:00Z,data_query_v,TV-S-001979-11:V001,USR-127,"[""TV-STUDY-001979"", ""TV-LABORDER-000479"", ""TV-PROTOCOL-001979""]"
TV-STUDY-001890,Visit Rescheduled,2023-09-08T13:00:00Z,drug_kit_v,TV-S-001890-05:V003,USR-017,"[""TV-STUDY-001890"", ""TV-INVESTIGATOR-000390"", ""TV-DISPENSATION-000390""]"
TV-STUDY-001890,Visit Missed,2023-09-08T13:37:00Z,lab_test_v,TV-S-001890-08:V003,USR-020,"[""TV-STUDY-001890"", ""TV-PARTICIPANT-001890"", ""TV-ALIQUOT-000390""]"
TV-STUDY-001890,Participant Reconsented,2023-09-08T14:14:00Z,data_query_v,TV-S-001890-11:V001,USR-011,"[""TV-STUDY-001890"", ""TV-LABORDER-000390""]"
TV-STUDY-001981,Participant Reconsented,2023-09-08T15:31:00Z,data_query_v,TV-S-001981-11:V001,USR-034,"[""TV-STUDY-001981"", ""TV-LABORDER-000481"", ""TV-PROTOCOL-001981""]"
TV-STUDY-001983,Participant Reconsented,2023-09-08T21:33:00Z,data_query_v,TV-S-001983-11:V001,USR-068,"[""TV-STUDY-001983"", ""TV-LABORDER-000483""]"
TV-STUDY-001985,Participant Reconsented,2023-09-09T03:35:00Z,data_query_v,TV-S-001985-11:V001,USR-102,"[""TV-STUDY-001985"", ""TV-LABORDER-000485""]"
TV-STUDY-001895,Visit Rescheduled,2023-09-09T04:00:00Z,drug_kit_v,TV-S-001895-05:V004,USR-102,"[""TV-STUDY-001895"", ""TV-INVESTIGATOR-000395"", ""TV-DISPENSATION-000395""]"
TV-STUDY-001895,Visit Missed,2023-09-09T04:37:00Z,lab_test_v,TV-S-001895-08:V001,USR-105,"[""TV-STUDY-001895"", ""TV-PARTICIPANT-001895""]"
TV-STUDY-001895,Participant Reconsented,2023-09-09T05:14:00Z,data_query_v,TV-S-001895-11:V002,USR-096,"[""TV-STUDY-001895"", ""TV-LABORDER-000395"", ""TV-PROTOCOL-001895""]"
TV-STUDY-001987,Participant Reconsented,2023-09-09T09:37:00Z,data_query_v,TV-S-001987-11:V001,USR-009,"[""TV-STUDY-001987"", ""TV-LABORDER-000487""]"
TV-STUDY-001989,Participant Reconsented,2023-09-09T15:39:00Z,data_query_v,TV-S-001989-11:V001,USR-043,"[""TV-STUDY-001989"", ""TV-LABORDER-000489""]"
TV-STUDY-001900,Visit Rescheduled,2023-09-09T19:00:00Z,drug_kit_v,TV-S-001900-05:V003,USR-060,"[""TV-STUDY-001900"", ""TV-INVESTIGATOR-000400""]"
TV-STUDY-001900,Visit Missed,2023-09-09T19:37:00Z,lab_test_v,TV-S-001900-08:V002,USR-063,"[""TV-STUDY-001900"", ""TV-PARTICIPANT-001900""]"
TV-STUDY-001900,Participant Reconsented,2023-09-09T20:14:00Z,data_query_v,TV-S-001900-11:V001,USR-054,"[""TV-STUDY-001900"", ""TV-LABORDER-000400"", ""TV-PROTOCOL-001900""]"
TV-STUDY-001991,Participant Reconsented,2023-09-09T21:41:00Z,data_query_v,TV-S-001991-11:V001,USR-077,"[""TV-STUDY-001991"", ""TV-LABORDER-000491""]"
TV-STUDY-001993,Participant Reconsented,2023-09-10T03:43:00Z,data_query_v,TV-S-001993-11:V001,USR-111,"[""TV-STUDY-001993"", ""TV-LABORDER-000493"", ""TV-PROTOCOL-001993""]"
TV-STUDY-001995,Participant Reconsented,2023-09-10T09:45:00Z,data_query_v,TV-S-001995-11:V001,USR-018,"[""TV-STUDY-001995"", ""TV-LABORDER-000495""]"
TV-STUDY-001905,Visit Rescheduled,2023-09-10T10:00:00Z,drug_kit_v,TV-S-001905-05:V002,USR-018,"[""TV-STUDY-001905"", ""TV-INVESTIGATOR-000405""]"
TV-STUDY-001905,Visit Missed,2023-09-10T10:37:00Z,lab_test_v,TV-S-001905-08:V001,USR-021,"[""TV-STUDY-001905"", ""TV-PARTICIPANT-001905"", ""TV-ALIQUOT-000405""]"
TV-STUDY-001905,Participant Reconsented,2023-09-10T11:14:00Z,data_query_v,TV-S-001905-11:V003,USR-012,"[""TV-STUDY-001905"", ""TV-LABORDER-000405""]"
TV-STUDY-001997,Participant Reconsented,2023-09-10T15:47:00Z,data_query_v,TV-S-001997-11:V001,USR-052,"[""TV-STUDY-001997"", ""TV-LABORDER-000497""]"
TV-STUDY-001987,Visit Rescheduled,2023-09-10T21:43:00Z,drug_kit_v,TV-S-001987-05:V002,USR-015,"[""TV-STUDY-001987"", ""TV-INVESTIGATOR-000487""]"
TV-STUDY-001999,Participant Reconsented,2023-09-10T21:49:00Z,data_query_v,TV-S-001999-11:V001,USR-086,"[""TV-STUDY-001999"", ""TV-LABORDER-000499""]"
TV-STUDY-001910,Visit Rescheduled,2023-09-11T01:00:00Z,drug_kit_v,TV-S-001910-05:V003,USR-103,"[""TV-STUDY-001910"", ""TV-INVESTIGATOR-000410""]"
TV-STUDY-001910,Visit Missed,2023-09-11T01:37:00Z,lab_test_v,TV-S-001910-08:V002,USR-106,"[""TV-STUDY-001910"", ""TV-PARTICIPANT-001910"", ""TV-ALIQUOT-000410""]"
TV-STUDY-001910,Participant Reconsented,2023-09-11T02:14:00Z,data_query_v,TV-S-001910-11:V001,USR-097,"[""TV-STUDY-001910"", ""TV-LABORDER-000410""]"
TV-STUDY-002001,Participant Reconsented,2023-09-11T03:51:00Z,data_query_v,TV-S-002001-11:V001,USR-120,"[""TV-STUDY-002001"", ""TV-LABORDER-000001""]"
TV-STUDY-002003,Participant Reconsented,2023-09-11T09:00:00Z,data_query_v,TV-S-002003-11:V001,USR-027,"[""TV-STUDY-002003"", ""TV-LABORDER-000003""]"
TV-STUDY-002005,Participant Reconsented,2023-09-11T15:02:00Z,data_query_v,TV-S-002005-11:V001,USR-061,"[""TV-STUDY-002005"", ""TV-LABORDER-000005"", ""TV-PROTOCOL-002005""]"
TV-STUDY-001915,Visit Rescheduled,2023-09-11T16:00:00Z,drug_kit_v,TV-S-001915-05:V002,USR-061,"[""TV-STUDY-001915"", ""TV-INVESTIGATOR-000415"", ""TV-DISPENSATION-000415""]"
TV-STUDY-001915,Visit Missed,2023-09-11T16:37:00Z,lab_test_v,TV-S-001915-08:V001,USR-064,"[""TV-STUDY-001915"", ""TV-PARTICIPANT-001915"", ""TV-ALIQUOT-000415""]"
TV-STUDY-001915,Participant Reconsented,2023-09-11T17:14:00Z,data_query_v,TV-S-001915-11:V003,USR-055,"[""TV-STUDY-001915"", ""TV-LABORDER-000415""]"
TV-STUDY-002007,Participant Reconsented,2023-09-11T21:04:00Z,data_query_v,TV-S-002007-11:V001,USR-095,"[""TV-STUDY-002007"", ""TV-LABORDER-000007""]"
TV-STUDY-002009,Participant Reconsented,2023-09-12T03:06:00Z,data_query_v,TV-S-002009-11:V001,USR-002,"[""TV-STUDY-002009"", ""TV-LABORDER-000009""]"
TV-STUDY-001920,Visit Rescheduled,2023-09-12T07:00:00Z,drug_kit_v,TV-S-001920-05:V002,USR-019,"[""TV-STUDY-001920"", ""TV-INVESTIGATOR-000420""]"
TV-STUDY-001920,Visit Missed,2023-09-12T07:37:00Z,lab_test_v,TV-S-001920-08:V002,USR-022,"[""TV-STUDY-001920"", ""TV-PARTICIPANT-001920"", ""TV-ALIQUOT-000420""]"
TV-STUDY-001920,Participant Reconsented,2023-09-12T08:14:00Z,data_query_v,TV-S-001920-11:V001,USR-013,"[""TV-STUDY-001920"", ""TV-LABORDER-000420""]"
TV-STUDY-002011,Participant Reconsented,2023-09-12T09:08:00Z,data_query_v,TV-S-002011-11:V001,USR-036,"[""TV-STUDY-002011"", ""TV-LABORDER-000011""]"
TV-STUDY-002013,Participant Reconsented,2023-09-12T15:10:00Z,data_query_v,TV-S-002013-11:V001,USR-070,"[""TV-STUDY-002013"", ""TV-LABORDER-000013""]"
TV-STUDY-001997,Visit Missed,2023-09-12T21:03:00Z,lab_test_v,TV-S-001997-08:V001,USR-061,"[""TV-STUDY-001997"", ""TV-PARTICIPANT-001997""]"
TV-STUDY-002015,Participant Reconsented,2023-09-12T21:12:00Z,data_query_v,TV-S-002015-11:V001,USR-104,"[""TV-STUDY-002015"", ""TV-LABORDER-000015""]"
TV-STUDY-001925,Visit Rescheduled,2023-09-12T22:00:00Z,drug_kit_v,TV-S-001925-05:V002,USR-104,"[""TV-STUDY-001925"", ""TV-INVESTIGATOR-000425"", ""TV-DISPENSATION-000425""]"
TV-STUDY-001925,Visit Missed,2023-09-12T22:37:00Z,lab_test_v,TV-S-001925-08:V001,USR-107,"[""TV-STUDY-001925"", ""TV-PARTICIPANT-001925""]"
TV-STUDY-001925,Participant Reconsented,2023-09-12T23:14:00Z,data_query_v,TV-S-001925-11:V003,USR-098,"[""TV-STUDY-001925"", ""TV-LABORDER-000425"", ""TV-PROTOCOL-001925""]"
TV-STUDY-002017,Participant Reconsented,2023-09-13T03:14:00Z,data_query_v,TV-S-002017-11:V001,USR-011,"[""TV-STUDY-002017"", ""TV-LABORDER-000017""]"
TV-STUDY-002019,Participant Reconsented,2023-09-13T09:16:00Z,data_query_v,TV-S-002019-11:V001,USR-045,"[""TV-STUDY-002019"", ""TV-LABORDER-000019"", ""TV-PROTOCOL-002019""]"
TV-STUDY-001930,Visit Rescheduled,2023-09-13T13:00:00Z,drug_kit_v,TV-S-001930-05:V003,USR-062,"[""TV-STUDY-001930"", ""TV-INVESTIGATOR-000430""]"
TV-STUDY-001930,Visit Missed,2023-09-13T13:37:00Z,lab_test_v,TV-S-001930-08:V002,USR-065,"[""TV-STUDY-001930"", ""TV-PARTICIPANT-001930"", ""TV-ALIQUOT-000430""]"
TV-STUDY-001930,Participant Reconsented,2023-09-13T14:14:00Z,data_query_v,TV-S-001930-11:V001,USR-056,"[""TV-STUDY-001930"", ""TV-LABORDER-000430""]"
TV-STUDY-002021,Participant Reconsented,2023-09-13T15:18:00Z,data_query_v,TV-S-002021-11:V001,USR-079,"[""TV-STUDY-002021"", ""TV-LABORDER-000021""]"
TV-STUDY-002010,Visit Rescheduled,2023-09-13T18:13:00Z,drug_kit_v,TV-S-002010-05:V002,USR-025,"[""TV-STUDY-002010"", ""TV-INVESTIGATOR-000010""]"
TV-STUDY-002023,Participant Reconsented,2023-09-13T21:20:00Z,data_query_v,TV-S-002023-11:V001,USR-113,"[""TV-STUDY-002023"", ""TV-LABORDER-000023""]"
TV-STUDY-002025,Participant Reconsented,2023-09-14T03:22:00Z,data_query_v,TV-S-002025-11:V001,USR-020,"[""TV-STUDY-002025"", ""TV-LABORDER-000025"", ""TV-PROTOCOL-002025""]"
TV-STUDY-001935,Visit Rescheduled,2023-09-14T04:00:00Z,drug_kit_v,TV-S-001935-05:V002,USR-020,"[""TV-STUDY-001935"", ""TV-INVESTIGATOR-000435"", ""TV-DISPENSATION-000435""]"
TV-STUDY-001935,Visit Missed,2023-09-14T04:37:00Z,lab_test_v,TV-S-001935-08:V002,USR-023,"[""TV-STUDY-001935"", ""TV-PARTICIPANT-001935""]"
TV-STUDY-001935,Participant Reconsented,2023-09-14T05:14:00Z,data_query_v,TV-S-001935-11:V002,USR-014,"[""TV-STUDY-001935"", ""TV-LABORDER-000435"", ""TV-PROTOCOL-001935""]"
TV-STUDY-002027,Participant Reconsented,2023-09-14T09:24:00Z,data_query_v,TV-S-002027-11:V001,USR-054,"[""TV-STUDY-002027"", ""TV-LABORDER-000027""]"
TV-STUDY-002029,Participant Reconsented,2023-09-14T15:26:00Z,data_query_v,TV-S-002029-11:V001,USR-088,"[""TV-STUDY-002029"", ""TV-LABORDER-000029""]"
TV-STUDY-001940,Visit Rescheduled,2023-09-14T19:00:00Z,drug_kit_v,TV-S-001940-05:V003,USR-105,"[""TV-STUDY-001940"", ""TV-INVESTIGATOR-000440"", ""TV-DISPENSATION-000440""]"
TV-STUDY-001940,Visit Missed,2023-09-14T19:37:00Z,lab_test_v,TV-S-001940-08:V002,USR-108,"[""TV-STUDY-001940"", ""TV-PARTICIPANT-001940"", ""TV-ALIQUOT-000440""]"
TV-STUDY-001940,Participant Reconsented,2023-09-14T20:14:00Z,data_query_v,TV-S-001940-11:V001,USR-099,"[""TV-STUDY-001940"", ""TV-LABORDER-000440""]"
TV-STUDY-002031,Participant Reconsented,2023-09-14T21:28:00Z,data_query_v,TV-S-002031-11:V001,USR-122,"[""TV-STUDY-002031"", ""TV-LABORDER-000031""]"
TV-STUDY-002033,Participant Reconsented,2023-09-15T03:30:00Z,data_query_v,TV-S-002033-11:V001,USR-029,"[""TV-STUDY-002033"", ""TV-LABORDER-000033""]"
TV-STUDY-002035,Participant Reconsented,2023-09-15T09:32:00Z,data_query_v,TV-S-002035-11:V001,USR-063,"[""TV-STUDY-002035"", ""TV-LABORDER-000035"", ""TV-PROTOCOL-002035""]"
TV-STUDY-001945,Visit Rescheduled,2023-09-15T10:00:00Z,drug_kit_v,TV-S-001945-05:V002,USR-063,"[""TV-STUDY-001945"", ""TV-INVESTIGATOR-000445""]"
TV-STUDY-001945,Visit Missed,2023-09-15T10:37:00Z,lab_test_v,TV-S-001945-08:V001,USR-066,"[""TV-STUDY-001945"", ""TV-PARTICIPANT-001945""]"
TV-STUDY-001945,Participant Reconsented,2023-09-15T11:14:00Z,data_query_v,TV-S-001945-11:V002,USR-057,"[""TV-STUDY-001945"", ""TV-LABORDER-000445"", ""TV-PROTOCOL-001945""]"
TV-STUDY-002037,Participant Reconsented,2023-09-15T15:34:00Z,data_query_v,TV-S-002037-11:V001,USR-097,"[""TV-STUDY-002037"", ""TV-LABORDER-000037""]"
TV-STUDY-002039,Participant Reconsented,2023-09-15T21:36:00Z,data_query_v,TV-S-002039-11:V001,USR-004,"[""TV-STUDY-002039"", ""TV-LABORDER-000039""]"
TV-STUDY-001950,Visit Rescheduled,2023-09-16T01:00:00Z,drug_kit_v,TV-S-001950-05:V004,USR-021,"[""TV-STUDY-001950"", ""TV-INVESTIGATOR-000450""]"
TV-STUDY-001950,Visit Missed,2023-09-16T01:37:00Z,lab_test_v,TV-S-001950-08:V003,USR-024,"[""TV-STUDY-001950"", ""TV-PARTICIPANT-001950"", ""TV-ALIQUOT-000450""]"
TV-STUDY-001950,Participant Reconsented,2023-09-16T02:14:00Z,data_query_v,TV-S-001950-11:V002,USR-015,"[""TV-STUDY-001950"", ""TV-LABORDER-000450""]"
TV-STUDY-002041,Participant Reconsented,2023-09-16T03:38:00Z,data_query_v,TV-S-002041-11:V001,USR-038,"[""TV-STUDY-002041"", ""TV-LABORDER-000041""]"
TV-STUDY-002043,Participant Reconsented,2023-09-16T09:40:00Z,data_query_v,TV-S-002043-11:V001,USR-072,"[""TV-STUDY-002043"", ""TV-LABORDER-000043""]"
TV-STUDY-002033,Visit Rescheduled,2023-09-16T15:36:00Z,drug_kit_v,TV-S-002033-05:V002,USR-035,"[""TV-STUDY-002033"", ""TV-INVESTIGATOR-000033"", ""TV-DISPENSATION-000033""]"
TV-STUDY-002045,Participant Reconsented,2023-09-16T15:42:00Z,data_query_v,TV-S-002045-11:V001,USR-106,"[""TV-STUDY-002045"", ""TV-LABORDER-000045""]"
TV-STUDY-001955,Visit Rescheduled,2023-09-16T16:00:00Z,drug_kit_v,TV-S-001955-05:V002,USR-106,"[""TV-STUDY-001955"", ""TV-INVESTIGATOR-000455"", ""TV-DISPENSATION-000455""]"
TV-STUDY-001955,Visit Missed,2023-09-16T16:37:00Z,lab_test_v,TV-S-001955-08:V001,USR-109,"[""TV-STUDY-001955"", ""TV-PARTICIPANT-001955""]"
TV-STUDY-001955,Participant Reconsented,2023-09-16T17:14:00Z,data_query_v,TV-S-001955-11:V003,USR-100,"[""TV-STUDY-001955"", ""TV-LABORDER-000455"", ""TV-PROTOCOL-001955""]"
TV-STUDY-002047,Participant Reconsented,2023-09-16T21:44:00Z,data_query_v,TV-S-002047-11:V001,USR-013,"[""TV-STUDY-002047"", ""TV-LABORDER-000047"", ""TV-PROTOCOL-002047""]"
TV-STUDY-002049,Participant Reconsented,2023-09-17T03:46:00Z,data_query_v,TV-S-002049-11:V001,USR-047,"[""TV-STUDY-002049"", ""TV-LABORDER-000049""]"
TV-STUDY-001960,Visit Rescheduled,2023-09-17T07:00:00Z,drug_kit_v,TV-S-001960-05:V003,USR-064,"[""TV-STUDY-001960"", ""TV-INVESTIGATOR-000460""]"
TV-STUDY-001960,Visit Missed,2023-09-17T07:37:00Z,lab_test_v,TV-S-001960-08:V004,USR-067,"[""TV-STUDY-001960"", ""TV-PARTICIPANT-001960""]"
TV-STUDY-001960,Participant Reconsented,2023-09-17T08:14:00Z,data_query_v,TV-S-001960-11:V002,USR-058,"[""TV-STUDY-001960"", ""TV-LABORDER-000460"", ""TV-PROTOCOL-001960""]"
TV-STUDY-002051,Participant Reconsented,2023-09-17T09:48:00Z,data_query_v,TV-S-002051-11:V001,USR-081,"[""TV-STUDY-002051"", ""TV-LABORDER-000051"", ""TV-PROTOCOL-002051""]"
TV-STUDY-002034,Visit Missed,2023-09-17T12:40:00Z,lab_test_v,TV-S-002034-08:V002,USR-055,"[""TV-STUDY-002034"", ""TV-PARTICIPANT-002034""]"
TV-STUDY-002053,Participant Reconsented,2023-09-17T15:50:00Z,data_query_v,TV-S-002053-11:V001,USR-115,"[""TV-STUDY-002053"", ""TV-LABORDER-000053"", ""TV-PROTOCOL-002053""]"
TV-STUDY-002055,Participant Reconsented,2023-09-17T21:52:00Z,data_query_v,TV-S-002055-11:V001,USR-022,"[""TV-STUDY-002055"", ""TV-LABORDER-000055""]"
TV-STUDY-001965,Visit Rescheduled,2023-09-17T22:00:00Z,drug_kit_v,TV-S-001965-05:V002,USR-022,"[""TV-STUDY-001965"", ""TV-INVESTIGATOR-000465""]"
TV-STUDY-001965,Visit Missed,2023-09-17T22:37:00Z,lab_test_v,TV-S-001965-08:V001,USR-025,"[""TV-STUDY-001965"", ""TV-PARTICIPANT-001965"", ""TV-ALIQUOT-000465""]"
TV-STUDY-001965,Participant Reconsented,2023-09-17T23:14:00Z,data_query_v,TV-S-001965-11:V002,USR-016,"[""TV-STUDY-001965"", ""TV-LABORDER-000465""]"
TV-STUDY-002057,Participant Reconsented,2023-09-18T03:01:00Z,data_query_v,TV-S-002057-11:V001,USR-056,"[""TV-STUDY-002057"", ""TV-LABORDER-000057"", ""TV-PROTOCOL-002057""]"
TV-STUDY-002059,Participant Reconsented,2023-09-18T09:03:00Z,data_query_v,TV-S-002059-11:V001,USR-090,"[""TV-STUDY-002059"", ""TV-LABORDER-000059"", ""TV-PROTOCOL-002059""]"
TV-STUDY-001970,Visit Rescheduled,2023-09-18T13:00:00Z,drug_kit_v,TV-S-001970-05:V002,USR-107,"[""TV-STUDY-001970"", ""TV-INVESTIGATOR-000470"", ""TV-DISPENSATION-000470""]"
TV-STUDY-001970,Visit Missed,2023-09-18T13:37:00Z,lab_test_v,TV-S-001970-08:V002,USR-110,"[""TV-STUDY-001970"", ""TV-PARTICIPANT-001970"", ""TV-ALIQUOT-000470""]"
TV-STUDY-001970,Participant Reconsented,2023-09-18T14:14:00Z,data_query_v,TV-S-001970-11:V001,USR-101,"[""TV-STUDY-001970"", ""TV-LABORDER-000470""]"
TV-STUDY-002061,Participant Reconsented,2023-09-18T15:05:00Z,data_query_v,TV-S-002061-11:V001,USR-124,"[""TV-STUDY-002061"", ""TV-LABORDER-000061""]"
TV-STUDY-002063,Participant Reconsented,2023-09-18T21:07:00Z,data_query_v,TV-S-002063-11:V001,USR-031,"[""TV-STUDY-002063"", ""TV-LABORDER-000063"", ""TV-PROTOCOL-002063""]"
TV-STUDY-002065,Participant Reconsented,2023-09-19T03:09:00Z,data_query_v,TV-S-002065-11:V001,USR-065,"[""TV-STUDY-002065"", ""TV-LABORDER-000065""]"
TV-STUDY-001975,Visit Rescheduled,2023-09-19T04:00:00Z,drug_kit_v,TV-S-001975-05:V002,USR-065,"[""TV-STUDY-001975"", ""TV-INVESTIGATOR-000475""]"
TV-STUDY-001975,Visit Missed,2023-09-19T04:37:00Z,lab_test_v,TV-S-001975-08:V001,USR-068,"[""TV-STUDY-001975"", ""TV-PARTICIPANT-001975""]"
TV-STUDY-001975,Participant Reconsented,2023-09-19T05:14:00Z,data_query_v,TV-S-001975-11:V002,USR-059,"[""TV-STUDY-001975"", ""TV-LABORDER-000475""]"
TV-STUDY-002067,Participant Reconsented,2023-09-19T09:11:00Z,data_query_v,TV-S-002067-11:V001,USR-099,"[""TV-STUDY-002067"", ""TV-LABORDER-000067""]"
TV-STUDY-002056,Visit Rescheduled,2023-09-19T12:06:00Z,drug_kit_v,TV-S-002056-05:V002,USR-045,"[""TV-STUDY-002056"", ""TV-INVESTIGATOR-000056""]"
TV-STUDY-002069,Participant Reconsented,2023-09-19T15:13:00Z,data_query_v,TV-S-002069-11:V001,USR-006,"[""TV-STUDY-002069"", ""TV-LABORDER-000069"", ""TV-PROTOCOL-002069""]"
TV-STUDY-001980,Visit Rescheduled,2023-09-19T19:00:00Z,drug_kit_v,TV-S-001980-05:V003,USR-023,"[""TV-STUDY-001980"", ""TV-INVESTIGATOR-000480"", ""TV-DISPENSATION-000480""]"
TV-STUDY-001980,Visit Missed,2023-09-19T19:37:00Z,lab_test_v,TV-S-001980-08:V002,USR-026,"[""TV-STUDY-001980"", ""TV-PARTICIPANT-001980"", ""TV-ALIQUOT-000480""]"
TV-STUDY-001980,Participant Reconsented,2023-09-19T20:14:00Z,data_query_v,TV-S-001980-11:V001,USR-017,"[""TV-STUDY-001980"", ""TV-LABORDER-000480""]"
TV-STUDY-002071,Participant Reconsented,2023-09-19T21:15:00Z,data_query_v,TV-S-002071-11:V001,USR-040,"[""TV-STUDY-002071"", ""TV-LABORDER-000071"", ""TV-PROTOCOL-002071""]"
TV-STUDY-002073,Participant Reconsented,2023-09-20T03:17:00Z,data_query_v,TV-S-002073-11:V001,USR-074,"[""TV-STUDY-002073"", ""TV-LABORDER-000073"", ""TV-PROTOCOL-002073""]"
TV-STUDY-002075,Participant Reconsented,2023-09-20T09:19:00Z,data_query_v,TV-S-002075-11:V001,USR-108,"[""TV-STUDY-002075"", ""TV-LABORDER-000075""]"
TV-STUDY-001985,Visit Rescheduled,2023-09-20T10:00:00Z,drug_kit_v,TV-S-001985-05:V002,USR-108,"[""TV-STUDY-001985"", ""TV-INVESTIGATOR-000485""]"
TV-STUDY-001985,Visit Missed,2023-09-20T10:37:00Z,lab_test_v,TV-S-001985-08:V001,USR-111,"[""TV-STUDY-001985"", ""TV-PARTICIPANT-001985""]"
TV-STUDY-001985,Participant Reconsented,2023-09-20T11:14:00Z,data_query_v,TV-S-001985-11:V003,USR-102,"[""TV-STUDY-001985"", ""TV-LABORDER-000485"", ""TV-PROTOCOL-001985""]"
TV-STUDY-002077,Participant Reconsented,2023-09-20T15:21:00Z,data_query_v,TV-S-002077-11:V001,USR-015,"[""TV-STUDY-002077"", ""TV-LABORDER-000077""]"
TV-STUDY-002079,Participant Reconsented,2023-09-20T21:23:00Z,data_query_v,TV-S-002079-11:V001,USR-049,"[""TV-STUDY-002079"", ""TV-LABORDER-000079"", ""TV-PROTOCOL-002079""]"
TV-STUDY-001990,Visit Rescheduled,2023-09-21T01:00:00Z,drug_kit_v,TV-S-001990-05:V003,USR-066,"[""TV-STUDY-001990"", ""TV-INVESTIGATOR-000490""]"
TV-STUDY-001990,Visit Missed,2023-09-21T01:37:00Z,lab_test_v,TV-S-001990-08:V003,USR-069,"[""TV-STUDY-001990"", ""TV-PARTICIPANT-001990""]"
TV-STUDY-001990,Participant Reconsented,2023-09-21T02:14:00Z,data_query_v,TV-S-001990-11:V001,USR-060,"[""TV-STUDY-001990"", ""TV-LABORDER-000490""]"
TV-STUDY-002081,Participant Reconsented,2023-09-21T03:25:00Z,data_query_v,TV-S-002081-11:V001,USR-083,"[""TV-STUDY-002081"", ""TV-LABORDER-000081"", ""TV-PROTOCOL-002081""]"
TV-STUDY-002083,Participant Reconsented,2023-09-21T09:27:00Z,data_query_v,TV-S-002083-11:V001,USR-117,"[""TV-STUDY-002083"", ""TV-LABORDER-000083""]"
TV-STUDY-002085,Participant Reconsented,2023-09-21T15:29:00Z,data_query_v,TV-S-002085-11:V001,USR-024,"[""TV-STUDY-002085"", ""TV-LABORDER-000085"", ""TV-PROTOCOL-002085""]"
TV-STUDY-001995,Visit Rescheduled,2023-09-21T16:00:00Z,drug_kit_v,TV-S-001995-05:V002,USR-024,"[""TV-STUDY-001995"", ""TV-INVESTIGATOR-000495""]"
TV-STUDY-001995,Visit Missed,2023-09-21T16:37:00Z,lab_test_v,TV-S-001995-08:V001,USR-027,"[""TV-STUDY-001995"", ""TV-PARTICIPANT-001995"", ""TV-ALIQUOT-000495""]"
TV-STUDY-001995,Participant Reconsented,2023-09-21T17:14:00Z,data_query_v,TV-S-001995-11:V002,USR-018,"[""TV-STUDY-001995"", ""TV-LABORDER-000495""]"
TV-STUDY-002087,Participant Reconsented,2023-09-21T21:31:00Z,data_query_v,TV-S-002087-11:V001,USR-058,"[""TV-STUDY-002087"", ""TV-LABORDER-000087"", ""TV-PROTOCOL-002087""]"
TV-STUDY-002071,Visit Missed,2023-09-22T03:24:00Z,lab_test_v,TV-S-002071-08:V001,USR-049,"[""TV-STUDY-002071"", ""TV-PARTICIPANT-002071"", ""TV-ALIQUOT-000071""]"
TV-STUDY-002089,Participant Reconsented,2023-09-22T03:33:00Z,data_query_v,TV-S-002089-11:V001,USR-092,"[""TV-STUDY-002089"", ""TV-LABORDER-000089""]"
TV-STUDY-002000,Visit Rescheduled,2023-09-22T07:00:00Z,drug_kit_v,TV-S-002000-05:V002,USR-109,"[""TV-STUDY-002000"", ""TV-INVESTIGATOR-000500""]"
TV-STUDY-002000,Visit Missed,2023-09-22T07:37:00Z,lab_test_v,TV-S-002000-08:V003,USR-112,"[""TV-STUDY-002000"", ""TV-PARTICIPANT-002000""]"
TV-STUDY-002000,Participant Reconsented,2023-09-22T08:14:00Z,data_query_v,TV-S-002000-11:V001,USR-103,"[""TV-STUDY-002000"", ""TV-LABORDER-000500"", ""TV-PROTOCOL-002000""]"
TV-STUDY-002079,Visit Rescheduled,2023-09-22T09:29:00Z,drug_kit_v,TV-S-002079-05:V002,USR-055,"[""TV-STUDY-002079"", ""TV-INVESTIGATOR-000079""]"
TV-STUDY-002091,Participant Reconsented,2023-09-22T09:35:00Z,data_query_v,TV-S-002091-11:V001,USR-126,"[""TV-STUDY-002091"", ""TV-LABORDER-000091""]"
TV-STUDY-002093,Participant Reconsented,2023-09-22T15:37:00Z,data_query_v,TV-S-002093-11:V001,USR-033,"[""TV-STUDY-002093"", ""TV-LABORDER-000093"", ""TV-PROTOCOL-002093""]"
TV-STUDY-002095,Participant Reconsented,2023-09-22T21:39:00Z,data_query_v,TV-S-002095-11:V001,USR-067,"[""TV-STUDY-002095"", ""TV-LABORDER-000095""]"
TV-STUDY-002005,Visit Rescheduled,2023-09-22T22:00:00Z,drug_kit_v,TV-S-002005-05:V003,USR-067,"[""TV-STUDY-002005"", ""TV-INVESTIGATOR-000005""]"
TV-STUDY-002005,Visit Missed,2023-09-22T22:37:00Z,lab_test_v,TV-S-002005-08:V001,USR-070,"[""TV-STUDY-002005"", ""TV-PARTICIPANT-002005"", ""TV-ALIQUOT-000005""]"
TV-STUDY-002005,Participant Reconsented,2023-09-22T23:14:00Z,data_query_v,TV-S-002005-11:V002,USR-061,"[""TV-STUDY-002005"", ""TV-LABORDER-000005""]"
TV-STUDY-002097,Participant Reconsented,2023-09-23T03:41:00Z,data_query_v,TV-S-002097-11:V001,USR-101,"[""TV-STUDY-002097"", ""TV-LABORDER-000097"", ""TV-PROTOCOL-002097""]"
TV-STUDY-002099,Participant Reconsented,2023-09-23T09:43:00Z,data_query_v,TV-S-002099-11:V001,USR-008,"[""TV-STUDY-002099"", ""TV-LABORDER-000099"", ""TV-PROTOCOL-002099""]"
TV-STUDY-002010,Visit Rescheduled,2023-09-23T13:00:00Z,drug_kit_v,TV-S-002010-05:V004,USR-025,"[""TV-STUDY-002010"", ""TV-INVESTIGATOR-000010""]"
TV-STUDY-002010,Visit Missed,2023-09-23T13:37:00Z,lab_test_v,TV-S-002010-08:V002,USR-028,"[""TV-STUDY-002010"", ""TV-PARTICIPANT-002010""]"
TV-STUDY-002010,Participant Reconsented,2023-09-23T14:14:00Z,data_query_v,TV-S-002010-11:V001,USR-019,"[""TV-STUDY-002010"", ""TV-LABORDER-000010"", ""TV-PROTOCOL-002010""]"
TV-STUDY-002101,Participant Reconsented,2023-09-23T15:45:00Z,data_query_v,TV-S-002101-11:V001,USR-042,"[""TV-STUDY-002101"", ""TV-LABORDER-000101"", ""TV-PROTOCOL-002101""]"
TV-STUDY-002103,Participant Reconsented,2023-09-23T21:47:00Z,data_query_v,TV-S-002103-11:V001,USR-076,"[""TV-STUDY-002103"", ""TV-LABORDER-000103"", ""TV-PROTOCOL-002103""]"
TV-STUDY-002105,Participant Reconsented,2023-09-24T03:49:00Z,data_query_v,TV-S-002105-11:V001,USR-110,"[""TV-STUDY-002105"", ""TV-LABORDER-000105""]"
TV-STUDY-002015,Visit Rescheduled,2023-09-24T04:00:00Z,drug_kit_v,TV-S-002015-05:V003,USR-110,"[""TV-STUDY-002015"", ""TV-INVESTIGATOR-000015""]"
TV-STUDY-002015,Visit Missed,2023-09-24T04:37:00Z,lab_test_v,TV-S-002015-08:V003,USR-113,"[""TV-STUDY-002015"", ""TV-PARTICIPANT-002015"", ""TV-ALIQUOT-000015""]"
TV-STUDY-002015,Participant Reconsented,2023-09-24T05:14:00Z,data_query_v,TV-S-002015-11:V003,USR-104,"[""TV-STUDY-002015"", ""TV-LABORDER-000015""]"
TV-STUDY-002107,Participant Reconsented,2023-09-24T09:51:00Z,data_query_v,TV-S-002107-11:V001,USR-017,"[""TV-STUDY-002107"", ""TV-LABORDER-000107""]"
TV-STUDY-002109,Participant Reconsented,2023-09-24T15:00:00Z,data_query_v,TV-S-002109-11:V001,USR-051,"[""TV-STUDY-002109"", ""TV-LABORDER-000109"", ""TV-PROTOCOL-002109""]"
TV-STUDY-002020,Visit Rescheduled,2023-09-24T19:00:00Z,drug_kit_v,TV-S-002020-05:V003,USR-068,"[""TV-STUDY-002020"", ""TV-INVESTIGATOR-000020""]"
TV-STUDY-002020,Visit Missed,2023-09-24T19:37:00Z,lab_test_v,TV-S-002020-08:V002,USR-071,"[""TV-STUDY-002020"", ""TV-PARTICIPANT-002020""]"
TV-STUDY-002020,Participant Reconsented,2023-09-24T20:14:00Z,data_query_v,TV-S-002020-11:V001,USR-062,"[""TV-STUDY-002020"", ""TV-LABORDER-000020"", ""TV-PROTOCOL-002020""]"
TV-STUDY-002111,Participant Reconsented,2023-09-24T21:02:00Z,data_query_v,TV-S-002111-11:V001,USR-085,"[""TV-STUDY-002111"", ""TV-LABORDER-000111"", ""TV-PROTOCOL-002111""]"
TV-STUDY-002113,Participant Reconsented,2023-09-25T03:04:00Z,data_query_v,TV-S-002113-11:V001,USR-119,"[""TV-STUDY-002113"", ""TV-LABORDER-000113""]"
TV-STUDY-002102,Visit Rescheduled,2023-09-25T06:52:00Z,drug_kit_v,TV-S-002102-05:V003,USR-065,"[""TV-STUDY-002102"", ""TV-INVESTIGATOR-000102""]"
TV-STUDY-002115,Participant Reconsented,2023-09-25T09:06:00Z,data_query_v,TV-S-002115-11:V001,USR-026,"[""TV-STUDY-002115"", ""TV-LABORDER-000115""]"
TV-STUDY-002025,Visit Rescheduled,2023-09-25T10:00:00Z,drug_kit_v,TV-S-002025-05:V003,USR-026,"[""TV-STUDY-002025"", ""TV-INVESTIGATOR-000025""]"
TV-STUDY-002025,Visit Missed,2023-09-25T10:37:00Z,lab_test_v,TV-S-002025-08:V001,USR-029,"[""TV-STUDY-002025"", ""TV-PARTICIPANT-002025""]"
TV-STUDY-002025,Participant Reconsented,2023-09-25T11:14:00Z,data_query_v,TV-S-002025-11:V003,USR-020,"[""TV-STUDY-002025"", ""TV-LABORDER-000025""]"
TV-STUDY-002117,Participant Reconsented,2023-09-25T15:08:00Z,data_query_v,TV-S-002117-11:V001,USR-060,"[""TV-STUDY-002117"", ""TV-LABORDER-000117""]"
TV-STUDY-002119,Participant Reconsented,2023-09-25T21:10:00Z,data_query_v,TV-S-002119-11:V001,USR-094,"[""TV-STUDY-002119"", ""TV-LABORDER-000119""]"
TV-STUDY-002030,Visit Rescheduled,2023-09-26T01:00:00Z,drug_kit_v,TV-S-002030-05:V002,USR-111,"[""TV-STUDY-002030"", ""TV-INVESTIGATOR-000030""]"
TV-STUDY-002030,Visit Missed,2023-09-26T01:37:00Z,lab_test_v,TV-S-002030-08:V003,USR-114,"[""TV-STUDY-002030"", ""TV-PARTICIPANT-002030""]"
TV-STUDY-002030,Participant Reconsented,2023-09-26T02:14:00Z,data_query_v,TV-S-002030-11:V001,USR-105,"[""TV-STUDY-002030"", ""TV-LABORDER-000030"", ""TV-PROTOCOL-002030""]"
TV-STUDY-002121,Participant Reconsented,2023-09-26T03:12:00Z,data_query_v,TV-S-002121-11:V001,USR-001,"[""TV-STUDY-002121"", ""TV-LABORDER-000121""]"
TV-STUDY-002123,Participant Reconsented,2023-09-26T09:14:00Z,data_query_v,TV-S-002123-11:V001,USR-035,"[""TV-STUDY-002123"", ""TV-LABORDER-000123""]"
TV-STUDY-002125,Participant Reconsented,2023-09-26T15:16:00Z,data_query_v,TV-S-002125-11:V001,USR-069,"[""TV-STUDY-002125"", ""TV-LABORDER-000125""]"
TV-STUDY-002035,Visit Rescheduled,2023-09-26T16:00:00Z,drug_kit_v,TV-S-002035-05:V003,USR-069,"[""TV-STUDY-002035"", ""TV-INVESTIGATOR-000035"", ""TV-DISPENSATION-000035""]"
TV-STUDY-002035,Visit Missed,2023-09-26T16:37:00Z,lab_test_v,TV-S-002035-08:V001,USR-072,"[""TV-STUDY-002035"", ""TV-PARTICIPANT-002035""]"
TV-STUDY-002035,Participant Reconsented,2023-09-26T17:14:00Z,data_query_v,TV-S-002035-11:V002,USR-063,"[""TV-STUDY-002035"", ""TV-LABORDER-000035"", ""TV-PROTOCOL-002035""]"
TV-STUDY-002108,Visit Missed,2023-09-26T18:08:00Z,lab_test_v,TV-S-002108-08:V002,USR-043,"[""TV-STUDY-002108"", ""TV-PARTICIPANT-002108"", ""TV-ALIQUOT-000108""]"
TV-STUDY-002127,Participant Reconsented,2023-09-26T21:18:00Z,data_query_v,TV-S-002127-11:V001,USR-103,"[""TV-STUDY-002127"", ""TV-LABORDER-000127""]"
TV-STUDY-002129,Participant Reconsented,2023-09-27T03:20:00Z,data_query_v,TV-S-002129-11:V001,USR-010,"[""TV-STUDY-002129"", ""TV-LABORDER-000129"", ""TV-PROTOCOL-002129""]"
TV-STUDY-002040,Visit Rescheduled,2023-09-27T07:00:00Z,drug_kit_v,TV-S-002040-05:V002,USR-027,"[""TV-STUDY-002040"", ""TV-INVESTIGATOR-000040""]"
TV-STUDY-002040,Visit Missed,2023-09-27T07:37:00Z,lab_test_v,TV-S-002040-08:V002,USR-030,"[""TV-STUDY-002040"", ""TV-PARTICIPANT-002040"", ""TV-ALIQUOT-000040""]"
TV-STUDY-002040,Participant Reconsented,2023-09-27T08:14:00Z,data_query_v,TV-S-002040-11:V001,USR-021,"[""TV-STUDY-002040"", ""TV-LABORDER-000040""]"
TV-STUDY-002131,Participant Reconsented,2023-09-27T09:22:00Z,data_query_v,TV-S-002131-11:V001,USR-044,"[""TV-STUDY-002131"", ""TV-LABORDER-000131"", ""TV-PROTOCOL-002131""]"
TV-STUDY-002133,Participant Reconsented,2023-09-27T15:24:00Z,data_query_v,TV-S-002133-11:V001,USR-078,"[""TV-STUDY-002133"", ""TV-LABORDER-000133"", ""TV-PROTOCOL-002133""]"
TV-STUDY-002135,Participant Reconsented,2023-09-27T21:26:00Z,data_query_v,TV-S-002135-11:V001,USR-112,"[""TV-STUDY-002135"", ""TV-LABORDER-000135""]"
TV-STUDY-002045,Visit Rescheduled,2023-09-27T22:00:00Z,drug_kit_v,TV-S-002045-05:V003,USR-112,"[""TV-STUDY-002045"", ""TV-INVESTIGATOR-000045""]"
TV-STUDY-002045,Visit Missed,2023-09-27T22:37:00Z,lab_test_v,TV-S-002045-08:V001,USR-115,"[""TV-STUDY-002045"", ""TV-PARTICIPANT-002045""]"
TV-STUDY-002045,Participant Reconsented,2023-09-27T23:14:00Z,data_query_v,TV-S-002045-11:V002,USR-106,"[""TV-STUDY-002045"", ""TV-LABORDER-000045"", ""TV-PROTOCOL-002045""]"
TV-STUDY-002125,Visit Rescheduled,2023-09-28T03:22:00Z,drug_kit_v,TV-S-002125-05:V002,USR-075,"[""TV-STUDY-002125"", ""TV-INVESTIGATOR-000125"", ""TV-DISPENSATION-000125""]"
TV-STUDY-002137,Participant Reconsented,2023-09-28T03:28:00Z,data_query_v,TV-S-002137-11:V001,USR-019,"[""TV-STUDY-002137"", ""TV-LABORDER-000137""]"
TV-STUDY-002139,Participant Reconsented,2023-09-28T09:30:00Z,data_query_v,TV-S-002139-11:V001,USR-053,"[""TV-STUDY-002139"", ""TV-LABORDER-000139"", ""TV-PROTOCOL-002139""]"
TV-STUDY-002050,Visit Rescheduled,2023-09-28T13:00:00Z,drug_kit_v,TV-S-002050-05:V002,USR-070,"[""TV-STUDY-002050"", ""TV-INVESTIGATOR-000050"", ""TV-DISPENSATION-000050""]"
TV-STUDY-002050,Visit Missed,2023-09-28T13:37:00Z,lab_test_v,TV-S-002050-08:V005,USR-073,"[""TV-STUDY-002050"", ""TV-PARTICIPANT-002050""]"
TV-STUDY-002050,Participant Reconsented,2023-09-28T14:14:00Z,data_query_v,TV-S-002050-11:V001,USR-064,"[""TV-STUDY-002050"", ""TV-LABORDER-000050"", ""TV-PROTOCOL-002050""]"
TV-STUDY-002141,Participant Reconsented,2023-09-28T15:32:00Z,data_query_v,TV-S-002141-11:V001,USR-087,"[""TV-STUDY-002141"", ""TV-LABORDER-000141"", ""TV-PROTOCOL-002141""]"
TV-STUDY-002143,Participant Reconsented,2023-09-28T21:34:00Z,data_query_v,TV-S-002143-11:V001,USR-121,"[""TV-STUDY-002143"", ""TV-LABORDER-000143""]"
TV-STUDY-002145,Participant Reconsented,2023-09-29T03:36:00Z,data_query_v,TV-S-002145-11:V001,USR-028,"[""TV-STUDY-002145"", ""TV-LABORDER-000145""]"
TV-STUDY-002055,Visit Rescheduled,2023-09-29T04:00:00Z,drug_kit_v,TV-S-002055-05:V002,USR-028,"[""TV-STUDY-002055"", ""TV-INVESTIGATOR-000055""]"
TV-STUDY-002055,Visit Missed,2023-09-29T04:37:00Z,lab_test_v,TV-S-002055-08:V001,USR-031,"[""TV-STUDY-002055"", ""TV-PARTICIPANT-002055""]"
TV-STUDY-002055,Participant Reconsented,2023-09-29T05:14:00Z,data_query_v,TV-S-002055-11:V002,USR-022,"[""TV-STUDY-002055"", ""TV-LABORDER-000055"", ""TV-PROTOCOL-002055""]"
TV-STUDY-002147,Participant Reconsented,2023-09-29T09:38:00Z,data_query_v,TV-S-002147-11:V001,USR-062,"[""TV-STUDY-002147"", ""TV-LABORDER-000147"", ""TV-PROTOCOL-002147""]"
TV-STUDY-002149,Participant Reconsented,2023-09-29T15:40:00Z,data_query_v,TV-S-002149-11:V001,USR-096,"[""TV-STUDY-002149"", ""TV-LABORDER-000149""]"
TV-STUDY-002060,Visit Rescheduled,2023-09-29T19:00:00Z,drug_kit_v,TV-S-002060-05:V002,USR-113,"[""TV-STUDY-002060"", ""TV-INVESTIGATOR-000060""]"
TV-STUDY-002060,Visit Missed,2023-09-29T19:37:00Z,lab_test_v,TV-S-002060-08:V002,USR-116,"[""TV-STUDY-002060"", ""TV-PARTICIPANT-002060""]"
TV-STUDY-002060,Participant Reconsented,2023-09-29T20:14:00Z,data_query_v,TV-S-002060-11:V001,USR-107,"[""TV-STUDY-002060"", ""TV-LABORDER-000060"", ""TV-PROTOCOL-002060""]"
TV-STUDY-002151,Participant Reconsented,2023-09-29T21:42:00Z,data_query_v,TV-S-002151-11:V001,USR-003,"[""TV-STUDY-002151"", ""TV-LABORDER-000151""]"
TV-STUDY-002153,Participant Reconsented,2023-09-30T03:44:00Z,data_query_v,TV-S-002153-11:V001,USR-037,"[""TV-STUDY-002153"", ""TV-LABORDER-000153""]"
TV-STUDY-002155,Participant Reconsented,2023-09-30T09:46:00Z,data_query_v,TV-S-002155-11:V001,USR-071,"[""TV-STUDY-002155"", ""TV-LABORDER-000155"", ""TV-PROTOCOL-002155""]"
TV-STUDY-002065,Visit Rescheduled,2023-09-30T10:00:00Z,drug_kit_v,TV-S-002065-05:V003,USR-071,"[""TV-STUDY-002065"", ""TV-INVESTIGATOR-000065""]"
TV-STUDY-002065,Visit Missed,2023-09-30T10:37:00Z,lab_test_v,TV-S-002065-08:V001,USR-074,"[""TV-STUDY-002065"", ""TV-PARTICIPANT-002065"", ""TV-ALIQUOT-000065""]"
TV-STUDY-002065,Participant Reconsented,2023-09-30T11:14:00Z,data_query_v,TV-S-002065-11:V002,USR-065,"[""TV-STUDY-002065"", ""TV-LABORDER-000065""]"
TV-STUDY-002157,Participant Reconsented,2023-09-30T15:48:00Z,data_query_v,TV-S-002157-11:V001,USR-105,"[""TV-STUDY-002157"", ""TV-LABORDER-000157""]"
TV-STUDY-002159,Participant Reconsented,2023-09-30T21:50:00Z,data_query_v,TV-S-002159-11:V001,USR-012,"[""TV-STUDY-002159"", ""TV-LABORDER-000159""]"
TV-STUDY-002148,Visit Rescheduled,2023-10-01T00:45:00Z,drug_kit_v,TV-S-002148-05:V002,USR-085,"[""TV-STUDY-002148"", ""TV-INVESTIGATOR-000148"", ""TV-DISPENSATION-000148""]"
TV-STUDY-002070,Visit Rescheduled,2023-10-01T01:00:00Z,drug_kit_v,TV-S-002070-05:V002,USR-029,"[""TV-STUDY-002070"", ""TV-INVESTIGATOR-000070"", ""TV-DISPENSATION-000070""]"
TV-STUDY-002070,Visit Missed,2023-10-01T01:37:00Z,lab_test_v,TV-S-002070-08:V002,USR-032,"[""TV-STUDY-002070"", ""TV-PARTICIPANT-002070"", ""TV-ALIQUOT-000070""]"
TV-STUDY-002070,Participant Reconsented,2023-10-01T02:14:00Z,data_query_v,TV-S-002070-11:V001,USR-023,"[""TV-STUDY-002070"", ""TV-LABORDER-000070""]"
TV-STUDY-002161,Participant Reconsented,2023-10-01T03:52:00Z,data_query_v,TV-S-002161-11:V001,USR-046,"[""TV-STUDY-002161"", ""TV-LABORDER-000161""]"
TV-STUDY-002163,Participant Reconsented,2023-10-01T09:01:00Z,data_query_v,TV-S-002163-11:V001,USR-080,"[""TV-STUDY-002163"", ""TV-LABORDER-000163"", ""TV-PROTOCOL-002163""]"
TV-STUDY-002145,Visit Missed,2023-10-01T09:45:00Z,lab_test_v,TV-S-002145-08:V001,USR-037,"[""TV-STUDY-002145"", ""TV-PARTICIPANT-002145"", ""TV-ALIQUOT-000145""]"
TV-STUDY-002165,Participant Reconsented,2023-10-01T15:03:00Z,data_query_v,TV-S-002165-11:V001,USR-114,"[""TV-STUDY-002165"", ""TV-LABORDER-000165""]"
TV-STUDY-002075,Visit Rescheduled,2023-10-01T16:00:00Z,drug_kit_v,TV-S-002075-05:V002,USR-114,"[""TV-STUDY-002075"", ""TV-INVESTIGATOR-000075""]"
TV-STUDY-002075,Visit Missed,2023-10-01T16:37:00Z,lab_test_v,TV-S-002075-08:V001,USR-117,"[""TV-STUDY-002075"", ""TV-PARTICIPANT-002075"", ""TV-ALIQUOT-000075""]"
TV-STUDY-002075,Participant Reconsented,2023-10-01T17:14:00Z,data_query_v,TV-S-002075-11:V004,USR-108,"[""TV-STUDY-002075"", ""TV-LABORDER-000075""]"
TV-STUDY-002167,Participant Reconsented,2023-10-01T21:05:00Z,data_query_v,TV-S-002167-11:V001,USR-021,"[""TV-STUDY-002167"", ""TV-LABORDER-000167""]"
TV-STUDY-002169,Participant Reconsented,2023-10-02T03:07:00Z,data_query_v,TV-S-002169-11:V001,USR-055,"[""TV-STUDY-002169"", ""TV-LABORDER-000169""]"
TV-STUDY-002080,Visit Rescheduled,2023-10-02T07:00:00Z,drug_kit_v,TV-S-002080-05:V003,USR-072,"[""TV-STUDY-002080"", ""TV-INVESTIGATOR-000080"", ""TV-DISPENSATION-000080""]"
TV-STUDY-002080,Visit Missed,2023-10-02T07:37:00Z,lab_test_v,TV-S-002080-08:V004,USR-075,"[""TV-STUDY-002080"", ""TV-PARTICIPANT-002080"", ""TV-ALIQUOT-000080""]"
TV-STUDY-002080,Participant Reconsented,2023-10-02T08:14:00Z,data_query_v,TV-S-002080-11:V003,USR-066,"[""TV-STUDY-002080"", ""TV-LABORDER-000080""]"
TV-STUDY-002171,Participant Reconsented,2023-10-02T09:09:00Z,data_query_v,TV-S-002171-11:V001,USR-089,"[""TV-STUDY-002171"", ""TV-LABORDER-000171"", ""TV-PROTOCOL-002171""]"
TV-STUDY-002173,Participant Reconsented,2023-10-02T15:11:00Z,data_query_v,TV-S-002173-11:V001,USR-123,"[""TV-STUDY-002173"", ""TV-LABORDER-000173"", ""TV-PROTOCOL-002173""]"
TV-STUDY-002175,Participant Reconsented,2023-10-02T21:13:00Z,data_query_v,TV-S-002175-11:V001,USR-030,"[""TV-STUDY-002175"", ""TV-LABORDER-000175""]"
TV-STUDY-002085,Visit Rescheduled,2023-10-02T22:00:00Z,drug_kit_v,TV-S-002085-05:V002,USR-030,"[""TV-STUDY-002085"", ""TV-INVESTIGATOR-000085""]"
TV-STUDY-002085,Visit Missed,2023-10-02T22:37:00Z,lab_test_v,TV-S-002085-08:V001,USR-033,"[""TV-STUDY-002085"", ""TV-PARTICIPANT-002085""]"
TV-STUDY-002085,Participant Reconsented,2023-10-02T23:14:00Z,data_query_v,TV-S-002085-11:V002,USR-024,"[""TV-STUDY-002085"", ""TV-LABORDER-000085""]"
TV-STUDY-002177,Participant Reconsented,2023-10-03T03:15:00Z,data_query_v,TV-S-002177-11:V001,USR-064,"[""TV-STUDY-002177"", ""TV-LABORDER-000177"", ""TV-PROTOCOL-002177""]"
TV-STUDY-002179,Participant Reconsented,2023-10-03T09:17:00Z,data_query_v,TV-S-002179-11:V001,USR-098,"[""TV-STUDY-002179"", ""TV-LABORDER-000179""]"
TV-STUDY-002090,Visit Rescheduled,2023-10-03T13:00:00Z,drug_kit_v,TV-S-002090-05:V002,USR-115,"[""TV-STUDY-002090"", ""TV-INVESTIGATOR-000090""]"
TV-STUDY-002090,Visit Missed,2023-10-03T13:37:00Z,lab_test_v,TV-S-002090-08:V002,USR-118,"[""TV-STUDY-002090"", ""TV-PARTICIPANT-002090"", ""TV-ALIQUOT-000090""]"
TV-STUDY-002090,Participant Reconsented,2023-10-03T14:14:00Z,data_query_v,TV-S-002090-11:V003,USR-109,"[""TV-STUDY-002090"", ""TV-LABORDER-000090""]"
TV-STUDY-002181,Participant Reconsented,2023-10-03T15:19:00Z,data_query_v,TV-S-002181-11:V001,USR-005,"[""TV-STUDY-002181"", ""TV-LABORDER-000181"", ""TV-PROTOCOL-002181""]"
TV-STUDY-002171,Visit Rescheduled,2023-10-03T21:15:00Z,drug_kit_v,TV-S-002171-05:V003,USR-095,"[""TV-STUDY-002171"", ""TV-INVESTIGATOR-000171""]"
TV-STUDY-002183,Participant Reconsented,2023-10-03T21:21:00Z,data_query_v,TV-S-002183-11:V001,USR-039,"[""TV-STUDY-002183"", ""TV-LABORDER-000183""]"
TV-STUDY-002185,Participant Reconsented,2023-10-04T03:23:00Z,data_query_v,TV-S-002185-11:V001,USR-073,"[""TV-STUDY-002185"", ""TV-LABORDER-000185""]"
TV-STUDY-002095,Visit Rescheduled,2023-10-04T04:00:00Z,drug_kit_v,TV-S-002095-05:V002,USR-073,"[""TV-STUDY-002095"", ""TV-INVESTIGATOR-000095"", ""TV-DISPENSATION-000095""]"
TV-STUDY-002095,Visit Missed,2023-10-04T04:37:00Z,lab_test_v,TV-S-002095-08:V001,USR-076,"[""TV-STUDY-002095"", ""TV-PARTICIPANT-002095""]"
TV-STUDY-002095,Participant Reconsented,2023-10-04T05:14:00Z,data_query_v,TV-S-002095-11:V002,USR-067,"[""TV-STUDY-002095"", ""TV-LABORDER-000095"", ""TV-PROTOCOL-002095""]"
TV-STUDY-002187,Participant Reconsented,2023-10-04T09:25:00Z,data_query_v,TV-S-002187-11:V001,USR-107,"[""TV-STUDY-002187"", ""TV-LABORDER-000187""]"
TV-STUDY-002189,Participant Reconsented,2023-10-04T15:27:00Z,data_query_v,TV-S-002189-11:V001,USR-014,"[""TV-STUDY-002189"", ""TV-LABORDER-000189""]"
TV-STUDY-002100,Visit Rescheduled,2023-10-04T19:00:00Z,drug_kit_v,TV-S-002100-05:V003,USR-031,"[""TV-STUDY-002100"", ""TV-INVESTIGATOR-000100"", ""TV-DISPENSATION-000100""]"
TV-STUDY-002100,Visit Missed,2023-10-04T19:37:00Z,lab_test_v,TV-S-002100-08:V002,USR-034,"[""TV-STUDY-002100"", ""TV-PARTICIPANT-002100"", ""TV-ALIQUOT-000100""]"
TV-STUDY-002100,Participant Reconsented,2023-10-04T20:14:00Z,data_query_v,TV-S-002100-11:V001,USR-025,"[""TV-STUDY-002100"", ""TV-LABORDER-000100""]"
TV-STUDY-002191,Participant Reconsented,2023-10-04T21:29:00Z,data_query_v,TV-S-002191-11:V001,USR-048,"[""TV-STUDY-002191"", ""TV-LABORDER-000191"", ""TV-PROTOCOL-002191""]"
TV-STUDY-002193,Participant Reconsented,2023-10-05T03:31:00Z,data_query_v,TV-S-002193-11:V001,USR-082,"[""TV-STUDY-002193"", ""TV-LABORDER-000193""]"
TV-STUDY-002195,Participant Reconsented,2023-10-05T09:33:00Z,data_query_v,TV-S-002195-11:V001,USR-116,"[""TV-STUDY-002195"", ""TV-LABORDER-000195"", ""TV-PROTOCOL-002195""]"
TV-STUDY-002105,Visit Rescheduled,2023-10-05T10:00:00Z,drug_kit_v,TV-S-002105-05:V002,USR-116,"[""TV-STUDY-002105"", ""TV-INVESTIGATOR-000105"", ""TV-DISPENSATION-000105""]"
TV-STUDY-002105,Visit Missed,2023-10-05T10:37:00Z,lab_test_v,TV-S-002105-08:V001,USR-119,"[""TV-STUDY-002105"", ""TV-PARTICIPANT-002105"", ""TV-ALIQUOT-000105""]"
TV-STUDY-002105,Participant Reconsented,2023-10-05T11:14:00Z,data_query_v,TV-S-002105-11:V003,USR-110,"[""TV-STUDY-002105"", ""TV-LABORDER-000105""]"
TV-STUDY-002197,Participant Reconsented,2023-10-05T15:35:00Z,data_query_v,TV-S-002197-11:V001,USR-023,"[""TV-STUDY-002197"", ""TV-LABORDER-000197"", ""TV-PROTOCOL-002197""]"
TV-STUDY-002199,Participant Reconsented,2023-10-05T21:37:00Z,data_query_v,TV-S-002199-11:V001,USR-057,"[""TV-STUDY-002199"", ""TV-LABORDER-000199""]"
TV-STUDY-002182,Visit Missed,2023-10-06T00:29:00Z,lab_test_v,TV-S-002182-08:V002,USR-031,"[""TV-STUDY-002182"", ""TV-PARTICIPANT-002182""]"
TV-STUDY-002110,Visit Rescheduled,2023-10-06T01:00:00Z,drug_kit_v,TV-S-002110-05:V002,USR-074,"[""TV-STUDY-002110"", ""TV-INVESTIGATOR-000110"", ""TV-DISPENSATION-000110""]"
TV-STUDY-002110,Visit Missed,2023-10-06T01:37:00Z,lab_test_v,TV-S-002110-08:V002,USR-077,"[""TV-STUDY-002110"", ""TV-PARTICIPANT-002110"", ""TV-ALIQUOT-000110""]"
TV-STUDY-002110,Participant Reconsented,2023-10-06T02:14:00Z,data_query_v,TV-S-002110-11:V001,USR-068,"[""TV-STUDY-002110"", ""TV-LABORDER-000110""]"
TV-STUDY-002201,Participant Reconsented,2023-10-06T03:39:00Z,data_query_v,TV-S-002201-11:V001,USR-091,"[""TV-STUDY-002201"", ""TV-LABORDER-000201""]"
TV-STUDY-002203,Participant Reconsented,2023-10-06T09:41:00Z,data_query_v,TV-S-002203-11:V001,USR-125,"[""TV-STUDY-002203"", ""TV-LABORDER-000203"", ""TV-PROTOCOL-002203""]"
TV-STUDY-002205,Participant Reconsented,2023-10-06T15:43:00Z,data_query_v,TV-S-002205-11:V001,USR-032,"[""TV-STUDY-002205"", ""TV-LABORDER-000205""]"
TV-STUDY-002115,Visit Rescheduled,2023-10-06T16:00:00Z,drug_kit_v,TV-S-002115-05:V002,USR-032,"[""TV-STUDY-002115"", ""TV-INVESTIGATOR-000115"", ""TV-DISPENSATION-000115""]"
TV-STUDY-002115,Visit Missed,2023-10-06T16:37:00Z,lab_test_v,TV-S-002115-08:V001,USR-035,"[""TV-STUDY-002115"", ""TV-PARTICIPANT-002115""]"
TV-STUDY-002115,Participant Reconsented,2023-10-06T17:14:00Z,data_query_v,TV-S-002115-11:V003,USR-026,"[""TV-STUDY-002115"", ""TV-LABORDER-000115"", ""TV-PROTOCOL-002115""]"
TV-STUDY-002194,Visit Rescheduled,2023-10-06T18:38:00Z,drug_kit_v,TV-S-002194-05:V002,USR-105,"[""TV-STUDY-002194"", ""TV-INVESTIGATOR-000194""]"
TV-STUDY-002207,Participant Reconsented,2023-10-06T21:45:00Z,data_query_v,TV-S-002207-11:V001,USR-066,"[""TV-STUDY-002207"", ""TV-LABORDER-000207"", ""TV-PROTOCOL-002207""]"
TV-STUDY-002209,Participant Reconsented,2023-10-07T03:47:00Z,data_query_v,TV-S-002209-11:V001,USR-100,"[""TV-STUDY-002209"", ""TV-LABORDER-000209""]"
TV-STUDY-002120,Visit Rescheduled,2023-10-07T07:00:00Z,drug_kit_v,TV-S-002120-05:V002,USR-117,"[""TV-STUDY-002120"", ""TV-INVESTIGATOR-000120""]"
TV-STUDY-002120,Visit Missed,2023-10-07T07:37:00Z,lab_test_v,TV-S-002120-08:V002,USR-120,"[""TV-STUDY-002120"", ""TV-PARTICIPANT-002120"", ""TV-ALIQUOT-000120""]"
TV-STUDY-002120,Participant Reconsented,2023-10-07T08:14:00Z,data_query_v,TV-S-002120-11:V001,USR-111,"[""TV-STUDY-002120"", ""TV-LABORDER-000120""]"
TV-STUDY-002211,Participant Reconsented,2023-10-07T09:49:00Z,data_query_v,TV-S-002211-11:V001,USR-007,"[""TV-STUDY-002211"", ""TV-LABORDER-000211"", ""TV-PROTOCOL-002211""]"
TV-STUDY-002213,Participant Reconsented,2023-10-07T15:51:00Z,data_query_v,TV-S-002213-11:V001,USR-041,"[""TV-STUDY-002213"", ""TV-LABORDER-000213""]"
TV-STUDY-002215,Participant Reconsented,2023-10-07T21:00:00Z,data_query_v,TV-S-002215-11:V001,USR-075,"[""TV-STUDY-002215"", ""TV-LABORDER-000215"", ""TV-PROTOCOL-002215""]"
TV-STUDY-002125,Visit Rescheduled,2023-10-07T22:00:00Z,drug_kit_v,TV-S-002125-05:V003,USR-075,"[""TV-STUDY-002125"", ""TV-INVESTIGATOR-000125""]"
TV-STUDY-002125,Visit Missed,2023-10-07T22:37:00Z,lab_test_v,TV-S-002125-08:V001,USR-078,"[""TV-STUDY-002125"", ""TV-PARTICIPANT-002125""]"
TV-STUDY-002125,Participant Reconsented,2023-10-07T23:14:00Z,data_query_v,TV-S-002125-11:V003,USR-069,"[""TV-STUDY-002125"", ""TV-LABORDER-000125""]"
TV-STUDY-002217,Participant Reconsented,2023-10-08T03:02:00Z,data_query_v,TV-S-002217-11:V001,USR-109,"[""TV-STUDY-002217"", ""TV-LABORDER-000217"", ""TV-PROTOCOL-002217""]"
TV-STUDY-002219,Participant Reconsented,2023-10-08T09:04:00Z,data_query_v,TV-S-002219-11:V001,USR-016,"[""TV-STUDY-002219"", ""TV-LABORDER-000219""]"
TV-STUDY-002130,Visit Rescheduled,2023-10-08T13:00:00Z,drug_kit_v,TV-S-002130-05:V003,USR-033,"[""TV-STUDY-002130"", ""TV-INVESTIGATOR-000130"", ""TV-DISPENSATION-000130""]"
TV-STUDY-002130,Visit Missed,2023-10-08T13:37:00Z,lab_test_v,TV-S-002130-08:V003,USR-036,"[""TV-STUDY-002130"", ""TV-PARTICIPANT-002130"", ""TV-ALIQUOT-000130""]"
TV-STUDY-002130,Participant Reconsented,2023-10-08T14:14:00Z,data_query_v,TV-S-002130-11:V001,USR-027,"[""TV-STUDY-002130"", ""TV-LABORDER-000130""]"
TV-STUDY-002221,Participant Reconsented,2023-10-08T15:06:00Z,data_query_v,TV-S-002221-11:V001,USR-050,"[""TV-STUDY-002221"", ""TV-LABORDER-000221""]"
TV-STUDY-002223,Participant Reconsented,2023-10-08T21:08:00Z,data_query_v,TV-S-002223-11:V001,USR-084,"[""TV-STUDY-002223"", ""TV-LABORDER-000223"", ""TV-PROTOCOL-002223""]"
TV-STUDY-002225,Participant Reconsented,2023-10-09T03:10:00Z,data_query_v,TV-S-002225-11:V001,USR-118,"[""TV-STUDY-002225"", ""TV-LABORDER-000225"", ""TV-PROTOCOL-002225""]"
TV-STUDY-002135,Visit Rescheduled,2023-10-09T04:00:00Z,drug_kit_v,TV-S-002135-05:V003,USR-118,"[""TV-STUDY-002135"", ""TV-INVESTIGATOR-000135""]"
TV-STUDY-002135,Visit Missed,2023-10-09T04:37:00Z,lab_test_v,TV-S-002135-08:V001,USR-121,"[""TV-STUDY-002135"", ""TV-PARTICIPANT-002135""]"
TV-STUDY-002135,Participant Reconsented,2023-10-09T05:14:00Z,data_query_v,TV-S-002135-11:V002,USR-112,"[""TV-STUDY-002135"", ""TV-LABORDER-000135""]"
TV-STUDY-002227,Participant Reconsented,2023-10-09T09:12:00Z,data_query_v,TV-S-002227-11:V001,USR-025,"[""TV-STUDY-002227"", ""TV-LABORDER-000227"", ""TV-PROTOCOL-002227""]"
TV-STUDY-002217,Visit Rescheduled,2023-10-09T15:08:00Z,drug_kit_v,TV-S-002217-05:V003,USR-115,"[""TV-STUDY-002217"", ""TV-INVESTIGATOR-000217""]"
TV-STUDY-002229,Participant Reconsented,2023-10-09T15:14:00Z,data_query_v,TV-S-002229-11:V001,USR-059,"[""TV-STUDY-002229"", ""TV-LABORDER-000229""]"
TV-STUDY-002140,Visit Rescheduled,2023-10-09T19:00:00Z,drug_kit_v,TV-S-002140-05:V004,USR-076,"[""TV-STUDY-002140"", ""TV-INVESTIGATOR-000140"", ""TV-DISPENSATION-000140""]"
TV-STUDY-002140,Visit Missed,2023-10-09T19:37:00Z,lab_test_v,TV-S-002140-08:V002,USR-079,"[""TV-STUDY-002140"", ""TV-PARTICIPANT-002140""]"
TV-STUDY-002140,Participant Reconsented,2023-10-09T20:14:00Z,data_query_v,TV-S-002140-11:V001,USR-070,"[""TV-STUDY-002140"", ""TV-LABORDER-000140"", ""TV-PROTOCOL-002140""]"
TV-STUDY-002231,Participant Reconsented,2023-10-09T21:16:00Z,data_query_v,TV-S-002231-11:V001,USR-093,"[""TV-STUDY-002231"", ""TV-LABORDER-000231""]"
TV-STUDY-002233,Participant Reconsented,2023-10-10T03:18:00Z,data_query_v,TV-S-002233-11:V001,USR-127,"[""TV-STUDY-002233"", ""TV-LABORDER-000233""]"
TV-STUDY-002235,Participant Reconsented,2023-10-10T09:20:00Z,data_query_v,TV-S-002235-11:V001,USR-034,"[""TV-STUDY-002235"", ""TV-LABORDER-000235"", ""TV-PROTOCOL-002235""]"
TV-STUDY-002145,Visit Rescheduled,2023-10-10T10:00:00Z,drug_kit_v,TV-S-002145-05:V003,USR-034,"[""TV-STUDY-002145"", ""TV-INVESTIGATOR-000145""]"
TV-STUDY-002145,Visit Missed,2023-10-10T10:37:00Z,lab_test_v,TV-S-002145-08:V003,USR-037,"[""TV-STUDY-002145"", ""TV-PARTICIPANT-002145""]"
TV-STUDY-002145,Participant Reconsented,2023-10-10T11:14:00Z,data_query_v,TV-S-002145-11:V004,USR-028,"[""TV-STUDY-002145"", ""TV-LABORDER-000145"", ""TV-PROTOCOL-002145""]"
TV-STUDY-002219,Visit Missed,2023-10-10T15:13:00Z,lab_test_v,TV-S-002219-08:V001,USR-025,"[""TV-STUDY-002219"", ""TV-PARTICIPANT-002219"", ""TV-ALIQUOT-000219""]"
TV-STUDY-002237,Participant Reconsented,2023-10-10T15:22:00Z,data_query_v,TV-S-002237-11:V001,USR-068,"[""TV-STUDY-002237"", ""TV-LABORDER-000237"", ""TV-PROTOCOL-002237""]"
TV-STUDY-002239,Participant Reconsented,2023-10-10T21:24:00Z,data_query_v,TV-S-002239-11:V001,USR-102,"[""TV-STUDY-002239"", ""TV-LABORDER-000239"", ""TV-PROTOCOL-002239""]"
TV-STUDY-002150,Visit Rescheduled,2023-10-11T01:00:00Z,drug_kit_v,TV-S-002150-05:V002,USR-119,"[""TV-STUDY-002150"", ""TV-INVESTIGATOR-000150""]"
TV-STUDY-002150,Visit Missed,2023-10-11T01:37:00Z,lab_test_v,TV-S-002150-08:V002,USR-122,"[""TV-STUDY-002150"", ""TV-PARTICIPANT-002150"", ""TV-ALIQUOT-000150""]"
TV-STUDY-002150,Participant Reconsented,2023-10-11T02:14:00Z,data_query_v,TV-S-002150-11:V001,USR-113,"[""TV-STUDY-002150"", ""TV-LABORDER-000150""]"
TV-STUDY-002241,Participant Reconsented,2023-10-11T03:26:00Z,data_query_v,TV-S-002241-11:V001,USR-009,"[""TV-STUDY-002241"", ""TV-LABORDER-000241""]"
TV-STUDY-002243,Participant Reconsented,2023-10-11T09:28:00Z,data_query_v,TV-S-002243-11:V001,USR-043,"[""TV-STUDY-002243"", ""TV-LABORDER-000243""]"
TV-STUDY-002245,Participant Reconsented,2023-10-11T15:30:00Z,data_query_v,TV-S-002245-11:V001,USR-077,"[""TV-STUDY-002245"", ""TV-LABORDER-000245""]"
TV-STUDY-002155,Visit Rescheduled,2023-10-11T16:00:00Z,drug_kit_v,TV-S-002155-05:V003,USR-077,"[""TV-STUDY-002155"", ""TV-INVESTIGATOR-000155"", ""TV-DISPENSATION-000155""]"
TV-STUDY-002155,Visit Missed,2023-10-11T16:37:00Z,lab_test_v,TV-S-002155-08:V001,USR-080,"[""TV-STUDY-002155"", ""TV-PARTICIPANT-002155"", ""TV-ALIQUOT-000155""]"
TV-STUDY-002155,Participant Reconsented,2023-10-11T17:14:00Z,data_query_v,TV-S-002155-11:V002,USR-071,"[""TV-STUDY-002155"", ""TV-LABORDER-000155""]"
TV-STUDY-002247,Participant Reconsented,2023-10-11T21:32:00Z,data_query_v,TV-S-002247-11:V001,USR-111,"[""TV-STUDY-002247"", ""TV-LABORDER-000247"", ""TV-PROTOCOL-002247""]"
TV-STUDY-002249,Participant Reconsented,2023-10-12T03:34:00Z,data_query_v,TV-S-002249-11:V001,USR-018,"[""TV-STUDY-002249"", ""TV-LABORDER-000249""]"
TV-STUDY-002160,Visit Rescheduled,2023-10-12T07:00:00Z,drug_kit_v,TV-S-002160-05:V002,USR-035,"[""TV-STUDY-002160"", ""TV-INVESTIGATOR-000160""]"
TV-STUDY-002160,Visit Missed,2023-10-12T07:37:00Z,lab_test_v,TV-S-002160-08:V003,USR-038,"[""TV-STUDY-002160"", ""TV-PARTICIPANT-002160""]"
TV-STUDY-002160,Participant Reconsented,2023-10-12T08:14:00Z,data_query_v,TV-S-002160-11:V001,USR-029,"[""TV-STUDY-002160"", ""TV-LABORDER-000160""]"
TV-STUDY-002251,Participant Reconsented,2023-10-12T09:36:00Z,data_query_v,TV-S-002251-11:V001,USR-052,"[""TV-STUDY-002251"", ""TV-LABORDER-000251"", ""TV-PROTOCOL-002251""]"
TV-STUDY-002240,Visit Rescheduled,2023-10-12T12:31:00Z,drug_kit_v,TV-S-002240-05:V002,USR-125,"[""TV-STUDY-002240"", ""TV-INVESTIGATOR-000240""]"
TV-STUDY-002253,Participant Reconsented,2023-10-12T15:38:00Z,data_query_v,TV-S-002253-11:V001,USR-086,"[""TV-STUDY-002253"", ""TV-LABORDER-000253""]"
TV-STUDY-002255,Participant Reconsented,2023-10-12T21:40:00Z,data_query_v,TV-S-002255-11:V001,USR-120,"[""TV-STUDY-002255"", ""TV-LABORDER-000255"", ""TV-PROTOCOL-002255""]"
TV-STUDY-002165,Visit Rescheduled,2023-10-12T22:00:00Z,drug_kit_v,TV-S-002165-05:V002,USR-120,"[""TV-STUDY-002165"", ""TV-INVESTIGATOR-000165""]"
TV-STUDY-002165,Visit Missed,2023-10-12T22:37:00Z,lab_test_v,TV-S-002165-08:V002,USR-123,"[""TV-STUDY-002165"", ""TV-PARTICIPANT-002165""]"
TV-STUDY-002165,Participant Reconsented,2023-10-12T23:14:00Z,data_query_v,TV-S-002165-11:V003,USR-114,"[""TV-STUDY-002165"", ""TV-LABORDER-000165""]"
TV-STUDY-002257,Participant Reconsented,2023-10-13T03:42:00Z,data_query_v,TV-S-002257-11:V001,USR-027,"[""TV-STUDY-002257"", ""TV-LABORDER-000257"", ""TV-PROTOCOL-002257""]"
TV-STUDY-002259,Participant Reconsented,2023-10-13T09:44:00Z,data_query_v,TV-S-002259-11:V001,USR-061,"[""TV-STUDY-002259"", ""TV-LABORDER-000259""]"
TV-STUDY-002170,Visit Rescheduled,2023-10-13T13:00:00Z,drug_kit_v,TV-S-002170-05:V003,USR-078,"[""TV-STUDY-002170"", ""TV-INVESTIGATOR-000170"", ""TV-DISPENSATION-000170""]"
TV-STUDY-002170,Visit Missed,2023-10-13T13:37:00Z,lab_test_v,TV-S-002170-08:V003,USR-081,"[""TV-STUDY-002170"", ""TV-PARTICIPANT-002170"", ""TV-ALIQUOT-000170""]"
TV-STUDY-002170,Participant Reconsented,2023-10-13T14:14:00Z,data_query_v,TV-S-002170-11:V001,USR-072,"[""TV-STUDY-002170"", ""TV-LABORDER-000170""]"
TV-STUDY-002261,Participant Reconsented,2023-10-13T15:46:00Z,data_query_v,TV-S-002261-11:V001,USR-095,"[""TV-STUDY-002261"", ""TV-LABORDER-000261""]"
TV-STUDY-002263,Participant Reconsented,2023-10-13T21:48:00Z,data_query_v,TV-S-002263-11:V001,USR-002,"[""TV-STUDY-002263"", ""TV-LABORDER-000263"", ""TV-PROTOCOL-002263""]"
TV-STUDY-002265,Participant Reconsented,2023-10-14T03:50:00Z,data_query_v,TV-S-002265-11:V001,USR-036,"[""TV-STUDY-002265"", ""TV-LABORDER-000265""]"
TV-STUDY-002175,Visit Rescheduled,2023-10-14T04:00:00Z,drug_kit_v,TV-S-002175-05:V002,USR-036,"[""TV-STUDY-002175"", ""TV-INVESTIGATOR-000175""]"
TV-STUDY-002175,Visit Missed,2023-10-14T04:37:00Z,lab_test_v,TV-S-002175-08:V001,USR-039,"[""TV-STUDY-002175"", ""TV-PARTICIPANT-002175""]"
TV-STUDY-002175,Participant Reconsented,2023-10-14T05:14:00Z,data_query_v,TV-S-002175-11:V002,USR-030,"[""TV-STUDY-002175"", ""TV-LABORDER-000175""]"
TV-STUDY-002267,Participant Reconsented,2023-10-14T09:52:00Z,data_query_v,TV-S-002267-11:V001,USR-070,"[""TV-STUDY-002267"", ""TV-LABORDER-000267""]"
TV-STUDY-002269,Participant Reconsented,2023-10-14T15:01:00Z,data_query_v,TV-S-002269-11:V001,USR-104,"[""TV-STUDY-002269"", ""TV-LABORDER-000269""]"
TV-STUDY-002180,Visit Rescheduled,2023-10-14T19:00:00Z,drug_kit_v,TV-S-002180-05:V002,USR-121,"[""TV-STUDY-002180"", ""TV-INVESTIGATOR-000180"", ""TV-DISPENSATION-000180""]"
TV-STUDY-002180,Visit Missed,2023-10-14T19:37:00Z,lab_test_v,TV-S-002180-08:V003,USR-124,"[""TV-STUDY-002180"", ""TV-PARTICIPANT-002180"", ""TV-ALIQUOT-000180""]"
TV-STUDY-002180,Participant Reconsented,2023-10-14T20:14:00Z,data_query_v,TV-S-002180-11:V001,USR-115,"[""TV-STUDY-002180"", ""TV-LABORDER-000180""]"
TV-STUDY-002271,Participant Reconsented,2023-10-14T21:03:00Z,data_query_v,TV-S-002271-11:V001,USR-011,"[""TV-STUDY-002271"", ""TV-LABORDER-000271""]"
TV-STUDY-002273,Participant Reconsented,2023-10-15T03:05:00Z,data_query_v,TV-S-002273-11:V001,USR-045,"[""TV-STUDY-002273"", ""TV-LABORDER-000273"", ""TV-PROTOCOL-002273""]"
TV-STUDY-002256,Visit Missed,2023-10-15T06:50:00Z,lab_test_v,TV-S-002256-08:V002,USR-019,"[""TV-STUDY-002256"", ""TV-PARTICIPANT-002256"", ""TV-ALIQUOT-000256""]"
TV-STUDY-002263,Visit Rescheduled,2023-10-15T09:01:00Z,drug_kit_v,TV-S-002263-05:V003,USR-008,"[""TV-STUDY-002263"", ""TV-INVESTIGATOR-000263""]"
TV-STUDY-002275,Participant Reconsented,2023-10-15T09:07:00Z,data_query_v,TV-S-002275-11:V001,USR-079,"[""TV-STUDY-002275"", ""TV-LABORDER-000275""]"
TV-STUDY-002185,Visit Rescheduled,2023-10-15T10:00:00Z,drug_kit_v,TV-S-002185-05:V003,USR-079,"[""TV-STUDY-002185"", ""TV-INVESTIGATOR-000185""]"
TV-STUDY-002185,Visit Missed,2023-10-15T10:37:00Z,lab_test_v,TV-S-002185-08:V001,USR-082,"[""TV-STUDY-002185"", ""TV-PARTICIPANT-002185""]"
TV-STUDY-002185,Participant Reconsented,2023-10-15T11:14:00Z,data_query_v,TV-S-002185-11:V002,USR-073,"[""TV-STUDY-002185"", ""TV-LABORDER-000185"", ""TV-PROTOCOL-002185""]"
TV-STUDY-002277,Participant Reconsented,2023-10-15T15:09:00Z,data_query_v,TV-S-002277-11:V001,USR-113,"[""TV-STUDY-002277"", ""TV-LABORDER-000277""]"
TV-STUDY-002279,Participant Reconsented,2023-10-15T21:11:00Z,data_query_v,TV-S-002279-11:V001,USR-020,"[""TV-STUDY-002279"", ""TV-LABORDER-000279""]"
TV-STUDY-002190,Visit Rescheduled,2023-10-16T01:00:00Z,drug_kit_v,TV-S-002190-05:V002,USR-037,"[""TV-STUDY-002190"", ""TV-INVESTIGATOR-000190"", ""TV-DISPENSATION-000190""]"
TV-STUDY-002190,Visit Missed,2023-10-16T01:37:00Z,lab_test_v,TV-S-002190-08:V002,USR-040,"[""TV-STUDY-002190"", ""TV-PARTICIPANT-002190""]"
TV-STUDY-002190,Participant Reconsented,2023-10-16T02:14:00Z,data_query_v,TV-S-002190-11:V002,USR-031,"[""TV-STUDY-002190"", ""TV-LABORDER-000190"", ""TV-PROTOCOL-002190""]"
TV-STUDY-002281,Participant Reconsented,2023-10-16T03:13:00Z,data_query_v,TV-S-002281-11:V001,USR-054,"[""TV-STUDY-002281"", ""TV-LABORDER-000281""]"
TV-STUDY-002283,Participant Reconsented,2023-10-16T09:15:00Z,data_query_v,TV-S-002283-11:V001,USR-088,"[""TV-STUDY-002283"", ""TV-LABORDER-000283"", ""TV-PROTOCOL-002283""]"
TV-STUDY-002285,Participant Reconsented,2023-10-16T15:17:00Z,data_query_v,TV-S-002285-11:V001,USR-122,"[""TV-STUDY-002285"", ""TV-LABORDER-000285""]"
TV-STUDY-002195,Visit Rescheduled,2023-10-16T16:00:00Z,drug_kit_v,TV-S-002195-05:V002,USR-122,"[""TV-STUDY-002195"", ""TV-INVESTIGATOR-000195""]"
TV-STUDY-002195,Visit Missed,2023-10-16T16:37:00Z,lab_test_v,TV-S-002195-08:V001,USR-125,"[""TV-STUDY-002195"", ""TV-PARTICIPANT-002195""]"
TV-STUDY-002195,Participant Reconsented,2023-10-16T17:14:00Z,data_query_v,TV-S-002195-11:V003,USR-116,"[""TV-STUDY-002195"", ""TV-LABORDER-000195""]"
TV-STUDY-002287,Participant Reconsented,2023-10-16T21:19:00Z,data_query_v,TV-S-002287-11:V001,USR-029,"[""TV-STUDY-002287"", ""TV-LABORDER-000287""]"
TV-STUDY-002289,Participant Reconsented,2023-10-17T03:21:00Z,data_query_v,TV-S-002289-11:V001,USR-063,"[""TV-STUDY-002289"", ""TV-LABORDER-000289"", ""TV-PROTOCOL-002289""]"
TV-STUDY-002200,Visit Rescheduled,2023-10-17T07:00:00Z,drug_kit_v,TV-S-002200-05:V002,USR-080,"[""TV-STUDY-002200"", ""TV-INVESTIGATOR-000200""]"
TV-STUDY-002200,Visit Missed,2023-10-17T07:37:00Z,lab_test_v,TV-S-002200-08:V003,USR-083,"[""TV-STUDY-002200"", ""TV-PARTICIPANT-002200""]"
TV-STUDY-002200,Participant Reconsented,2023-10-17T08:14:00Z,data_query_v,TV-S-002200-11:V001,USR-074,"[""TV-STUDY-002200"", ""TV-LABORDER-000200"", ""TV-PROTOCOL-002200""]"
TV-STUDY-002291,Participant Reconsented,2023-10-17T09:23:00Z,data_query_v,TV-S-002291-11:V001,USR-097,"[""TV-STUDY-002291"", ""TV-LABORDER-000291"", ""TV-PROTOCOL-002291""]"
TV-STUDY-002293,Participant Reconsented,2023-10-17T15:25:00Z,data_query_v,TV-S-002293-11:V001,USR-004,"[""TV-STUDY-002293"", ""TV-LABORDER-000293""]"
TV-STUDY-002295,Participant Reconsented,2023-10-17T21:27:00Z,data_query_v,TV-S-002295-11:V001,USR-038,"[""TV-STUDY-002295"", ""TV-LABORDER-000295"", ""TV-PROTOCOL-002295""]"
TV-STUDY-002205,Visit Rescheduled,2023-10-17T22:00:00Z,drug_kit_v,TV-S-002205-05:V002,USR-038,"[""TV-STUDY-002205"", ""TV-INVESTIGATOR-000205"", ""TV-DISPENSATION-000205""]"
TV-STUDY-002205,Visit Missed,2023-10-17T22:37:00Z,lab_test_v,TV-S-002205-08:V001,USR-041,"[""TV-STUDY-002205"", ""TV-PARTICIPANT-002205"", ""TV-ALIQUOT-000205""]"
TV-STUDY-002205,Participant Reconsented,2023-10-17T23:14:00Z,data_query_v,TV-S-002205-11:V003,USR-032,"[""TV-STUDY-002205"", ""TV-LABORDER-000205""]"
TV-STUDY-002297,Participant Reconsented,2023-10-18T03:29:00Z,data_query_v,TV-S-002297-11:V001,USR-072,"[""TV-STUDY-002297"", ""TV-LABORDER-000297""]"
TV-STUDY-002286,Visit Rescheduled,2023-10-18T06:24:00Z,drug_kit_v,TV-S-002286-05:V002,USR-018,"[""TV-STUDY-002286"", ""TV-INVESTIGATOR-000286""]"
TV-STUDY-002299,Participant Reconsented,2023-10-18T09:31:00Z,data_query_v,TV-S-002299-11:V001,USR-106,"[""TV-STUDY-002299"", ""TV-LABORDER-000299""]"
TV-STUDY-002210,Visit Rescheduled,2023-10-18T13:00:00Z,drug_kit_v,TV-S-002210-05:V003,USR-123,"[""TV-STUDY-002210"", ""TV-INVESTIGATOR-000210"", ""TV-DISPENSATION-000210""]"
TV-STUDY-002210,Visit Missed,2023-10-18T13:37:00Z,lab_test_v,TV-S-002210-08:V005,USR-126,"[""TV-STUDY-002210"", ""TV-PARTICIPANT-002210""]"
TV-STUDY-002210,Participant Reconsented,2023-10-18T14:14:00Z,data_query_v,TV-S-002210-11:V002,USR-117,"[""TV-STUDY-002210"", ""TV-LABORDER-000210"", ""TV-PROTOCOL-002210""]"
TV-STUDY-002301,Participant Reconsented,2023-10-18T15:33:00Z,data_query_v,TV-S-002301-11:V001,USR-013,"[""TV-STUDY-002301"", ""TV-LABORDER-000301""]"
TV-STUDY-002303,Participant Reconsented,2023-10-18T21:35:00Z,data_query_v,TV-S-002303-11:V001,USR-047,"[""TV-STUDY-002303"", ""TV-LABORDER-000303"", ""TV-PROTOCOL-002303""]"
TV-STUDY-002305,Participant Reconsented,2023-10-19T03:37:00Z,data_query_v,TV-S-002305-11:V001,USR-081,"[""TV-STUDY-002305"", ""TV-LABORDER-000305""]"
TV-STUDY-002215,Visit Rescheduled,2023-10-19T04:00:00Z,drug_kit_v,TV-S-002215-05:V002,USR-081,"[""TV-STUDY-002215"", ""TV-INVESTIGATOR-000215"", ""TV-DISPENSATION-000215""]"
TV-STUDY-002215,Visit Missed,2023-10-19T04:37:00Z,lab_test_v,TV-S-002215-08:V001,USR-084,"[""TV-STUDY-002215"", ""TV-PARTICIPANT-002215""]"
TV-STUDY-002215,Participant Reconsented,2023-10-19T05:14:00Z,data_query_v,TV-S-002215-11:V003,USR-075,"[""TV-STUDY-002215"", ""TV-LABORDER-000215"", ""TV-PROTOCOL-002215""]"
TV-STUDY-002307,Participant Reconsented,2023-10-19T09:39:00Z,data_query_v,TV-S-002307-11:V001,USR-115,"[""TV-STUDY-002307"", ""TV-LABORDER-000307""]"
TV-STUDY-002309,Participant Reconsented,2023-10-19T15:41:00Z,data_query_v,TV-S-002309-11:V001,USR-022,"[""TV-STUDY-002309"", ""TV-LABORDER-000309"", ""TV-PROTOCOL-002309""]"
TV-STUDY-002220,Visit Rescheduled,2023-10-19T19:00:00Z,drug_kit_v,TV-S-002220-05:V003,USR-039,"[""TV-STUDY-002220"", ""TV-INVESTIGATOR-000220""]"
TV-STUDY-002220,Visit Missed,2023-10-19T19:37:00Z,lab_test_v,TV-S-002220-08:V002,USR-042,"[""TV-STUDY-002220"", ""TV-PARTICIPANT-002220""]"
TV-STUDY-002220,Participant Reconsented,2023-10-19T20:14:00Z,data_query_v,TV-S-002220-11:V001,USR-033,"[""TV-STUDY-002220"", ""TV-LABORDER-000220"", ""TV-PROTOCOL-002220""]"
TV-STUDY-002293,Visit Missed,2023-10-19T21:34:00Z,lab_test_v,TV-S-002293-08:V001,USR-013,"[""TV-STUDY-002293"", ""TV-PARTICIPANT-002293""]"
TV-STUDY-002311,Participant Reconsented,2023-10-19T21:43:00Z,data_query_v,TV-S-002311-11:V001,USR-056,"[""TV-STUDY-002311"", ""TV-LABORDER-000311""]"
TV-STUDY-002313,Participant Reconsented,2023-10-20T03:45:00Z,data_query_v,TV-S-002313-11:V001,USR-090,"[""TV-STUDY-002313"", ""TV-LABORDER-000313"", ""TV-PROTOCOL-002313""]"
TV-STUDY-002315,Participant Reconsented,2023-10-20T09:47:00Z,data_query_v,TV-S-002315-11:V001,USR-124,"[""TV-STUDY-002315"", ""TV-LABORDER-000315""]"
TV-STUDY-002225,Visit Rescheduled,2023-10-20T10:00:00Z,drug_kit_v,TV-S-002225-05:V003,USR-124,"[""TV-STUDY-002225"", ""TV-INVESTIGATOR-000225""]"
TV-STUDY-002225,Visit Missed,2023-10-20T10:37:00Z,lab_test_v,TV-S-002225-08:V001,USR-127,"[""TV-STUDY-002225"", ""TV-PARTICIPANT-002225""]"
TV-STUDY-002225,Participant Reconsented,2023-10-20T11:14:00Z,data_query_v,TV-S-002225-11:V002,USR-118,"[""TV-STUDY-002225"", ""TV-LABORDER-000225"", ""TV-PROTOCOL-002225""]"
TV-STUDY-002317,Participant Reconsented,2023-10-20T15:49:00Z,data_query_v,TV-S-002317-11:V001,USR-031,"[""TV-STUDY-002317"", ""TV-LABORDER-000317"", ""TV-PROTOCOL-002317""]"
TV-STUDY-002319,Participant Reconsented,2023-10-20T21:51:00Z,data_query_v,TV-S-002319-11:V001,USR-065,"[""TV-STUDY-002319"", ""TV-LABORDER-000319""]"
TV-STUDY-002230,Visit Rescheduled,2023-10-21T01:00:00Z,drug_kit_v,TV-S-002230-05:V002,USR-082,"[""TV-STUDY-002230"", ""TV-INVESTIGATOR-000230""]"
TV-STUDY-002230,Visit Missed,2023-10-21T01:37:00Z,lab_test_v,TV-S-002230-08:V002,USR-085,"[""TV-STUDY-002230"", ""TV-PARTICIPANT-002230""]"
TV-STUDY-002230,Participant Reconsented,2023-10-21T02:14:00Z,data_query_v,TV-S-002230-11:V001,USR-076,"[""TV-STUDY-002230"", ""TV-LABORDER-000230"", ""TV-PROTOCOL-002230""]"
TV-STUDY-002321,Participant Reconsented,2023-10-21T03:00:00Z,data_query_v,TV-S-002321-11:V001,USR-099,"[""TV-STUDY-002321"", ""TV-LABORDER-000321""]"
TV-STUDY-002309,Visit Rescheduled,2023-10-21T03:47:00Z,drug_kit_v,TV-S-002309-05:V002,USR-028,"[""TV-STUDY-002309"", ""TV-INVESTIGATOR-000309""]"
TV-STUDY-002323,Participant Reconsented,2023-10-21T09:02:00Z,data_query_v,TV-S-002323-11:V001,USR-006,"[""TV-STUDY-002323"", ""TV-LABORDER-000323"", ""TV-PROTOCOL-002323""]"
TV-STUDY-002325,Participant Reconsented,2023-10-21T15:04:00Z,data_query_v,TV-S-002325-11:V001,USR-040,"[""TV-STUDY-002325"", ""TV-LABORDER-000325""]"
TV-STUDY-002235,Visit Rescheduled,2023-10-21T16:00:00Z,drug_kit_v,TV-S-002235-05:V002,USR-040,"[""TV-STUDY-002235"", ""TV-INVESTIGATOR-000235""]"
TV-STUDY-002235,Visit Missed,2023-10-21T16:37:00Z,lab_test_v,TV-S-002235-08:V001,USR-043,"[""TV-STUDY-002235"", ""TV-PARTICIPANT-002235""]"
TV-STUDY-002235,Participant Reconsented,2023-10-21T17:14:00Z,data_query_v,TV-S-002235-11:V002,USR-034,"[""TV-STUDY-002235"", ""TV-LABORDER-000235"", ""TV-PROTOCOL-002235""]"
TV-STUDY-002327,Participant Reconsented,2023-10-21T21:06:00Z,data_query_v,TV-S-002327-11:V001,USR-074,"[""TV-STUDY-002327"", ""TV-LABORDER-000327"", ""TV-PROTOCOL-002327""]"
TV-STUDY-002329,Participant Reconsented,2023-10-22T03:08:00Z,data_query_v,TV-S-002329-11:V001,USR-108,"[""TV-STUDY-002329"", ""TV-LABORDER-000329""]"
TV-STUDY-002240,Visit Rescheduled,2023-10-22T07:00:00Z,drug_kit_v,TV-S-002240-05:V003,USR-125,"[""TV-STUDY-002240"", ""TV-INVESTIGATOR-000240""]"
TV-STUDY-002240,Visit Missed,2023-10-22T07:37:00Z,lab_test_v,TV-S-002240-08:V002,USR-001,"[""TV-STUDY-002240"", ""TV-PARTICIPANT-002240""]"
TV-STUDY-002240,Participant Reconsented,2023-10-22T08:14:00Z,data_query_v,TV-S-002240-11:V001,USR-119,"[""TV-STUDY-002240"", ""TV-LABORDER-000240""]"
TV-STUDY-002331,Participant Reconsented,2023-10-22T09:10:00Z,data_query_v,TV-S-002331-11:V001,USR-015,"[""TV-STUDY-002331"", ""TV-LABORDER-000331"", ""TV-PROTOCOL-002331""]"
TV-STUDY-002333,Participant Reconsented,2023-10-22T15:12:00Z,data_query_v,TV-S-002333-11:V001,USR-049,"[""TV-STUDY-002333"", ""TV-LABORDER-000333""]"
TV-STUDY-002335,Participant Reconsented,2023-10-22T21:14:00Z,data_query_v,TV-S-002335-11:V001,USR-083,"[""TV-STUDY-002335"", ""TV-LABORDER-000335""]"
TV-STUDY-002245,Visit Rescheduled,2023-10-22T22:00:00Z,drug_kit_v,TV-S-002245-05:V002,USR-083,"[""TV-STUDY-002245"", ""TV-INVESTIGATOR-000245"", ""TV-DISPENSATION-000245""]"
TV-STUDY-002245,Visit Missed,2023-10-22T22:37:00Z,lab_test_v,TV-S-002245-08:V001,USR-086,"[""TV-STUDY-002245"", ""TV-PARTICIPANT-002245"", ""TV-ALIQUOT-000245""]"
TV-STUDY-002245,Participant Reconsented,2023-10-22T23:14:00Z,data_query_v,TV-S-002245-11:V002,USR-077,"[""TV-STUDY-002245"", ""TV-LABORDER-000245""]"
TV-STUDY-002337,Participant Reconsented,2023-10-23T03:16:00Z,data_query_v,TV-S-002337-11:V001,USR-117,"[""TV-STUDY-002337"", ""TV-LABORDER-000337""]"
TV-STUDY-002339,Participant Reconsented,2023-10-23T09:18:00Z,data_query_v,TV-S-002339-11:V001,USR-024,"[""TV-STUDY-002339"", ""TV-LABORDER-000339"", ""TV-PROTOCOL-002339""]"
TV-STUDY-002250,Visit Rescheduled,2023-10-23T13:00:00Z,drug_kit_v,TV-S-002250-05:V004,USR-041,"[""TV-STUDY-002250"", ""TV-INVESTIGATOR-000250"", ""TV-DISPENSATION-000250""]"
TV-STUDY-002250,Visit Missed,2023-10-23T13:37:00Z,lab_test_v,TV-S-002250-08:V003,USR-044,"[""TV-STUDY-002250"", ""TV-PARTICIPANT-002250"", ""TV-ALIQUOT-000250""]"
TV-STUDY-002250,Participant Reconsented,2023-10-23T14:14:00Z,data_query_v,TV-S-002250-11:V001,USR-035,"[""TV-STUDY-002250"", ""TV-LABORDER-000250""]"
TV-STUDY-002341,Participant Reconsented,2023-10-23T15:20:00Z,data_query_v,TV-S-002341-11:V001,USR-058,"[""TV-STUDY-002341"", ""TV-LABORDER-000341""]"
TV-STUDY-002343,Participant Reconsented,2023-10-23T21:22:00Z,data_query_v,TV-S-002343-11:V001,USR-092,"[""TV-STUDY-002343"", ""TV-LABORDER-000343""]"
TV-STUDY-002332,Visit Rescheduled,2023-10-24T00:17:00Z,drug_kit_v,TV-S-002332-05:V003,USR-038,"[""TV-STUDY-002332"", ""TV-INVESTIGATOR-000332""]"
TV-STUDY-002345,Participant Reconsented,2023-10-24T03:24:00Z,data_query_v,TV-S-002345-11:V001,USR-126,"[""TV-STUDY-002345"", ""TV-LABORDER-000345""]"
TV-STUDY-002255,Visit Rescheduled,2023-10-24T04:00:00Z,drug_kit_v,TV-S-002255-05:V003,USR-126,"[""TV-STUDY-002255"", ""TV-INVESTIGATOR-000255"", ""TV-DISPENSATION-000255""]"
TV-STUDY-002255,Visit Missed,2023-10-24T04:37:00Z,lab_test_v,TV-S-002255-08:V001,USR-002,"[""TV-STUDY-002255"", ""TV-PARTICIPANT-002255"", ""TV-ALIQUOT-000255""]"
TV-STUDY-002255,Participant Reconsented,2023-10-24T05:14:00Z,data_query_v,TV-S-002255-11:V002,USR-120,"[""TV-STUDY-002255"", ""TV-LABORDER-000255""]"
TV-STUDY-002347,Participant Reconsented,2023-10-24T09:26:00Z,data_query_v,TV-S-002347-11:V001,USR-033,"[""TV-STUDY-002347"", ""TV-LABORDER-000347""]"
TV-STUDY-002330,Visit Missed,2023-10-24T12:18:00Z,lab_test_v,TV-S-002330-08:V002,USR-007,"[""TV-STUDY-002330"", ""TV-PARTICIPANT-002330"", ""TV-ALIQUOT-000330""]"
TV-STUDY-002349,Participant Reconsented,2023-10-24T15:28:00Z,data_query_v,TV-S-002349-11:V001,USR-067,"[""TV-STUDY-002349"", ""TV-LABORDER-000349""]"
TV-STUDY-002260,Visit Rescheduled,2023-10-24T19:00:00Z,drug_kit_v,TV-S-002260-05:V002,USR-084,"[""TV-STUDY-002260"", ""TV-INVESTIGATOR-000260""]"
TV-STUDY-002260,Visit Missed,2023-10-24T19:37:00Z,lab_test_v,TV-S-002260-08:V003,USR-087,"[""TV-STUDY-002260"", ""TV-PARTICIPANT-002260"", ""TV-ALIQUOT-000260""]"
TV-STUDY-002260,Participant Reconsented,2023-10-24T20:14:00Z,data_query_v,TV-S-002260-11:V001,USR-078,"[""TV-STUDY-002260"", ""TV-LABORDER-000260""]"
TV-STUDY-002351,Participant Reconsented,2023-10-24T21:30:00Z,data_query_v,TV-S-002351-11:V001,USR-101,"[""TV-STUDY-002351"", ""TV-LABORDER-000351""]"
TV-STUDY-002353,Participant Reconsented,2023-10-25T03:32:00Z,data_query_v,TV-S-002353-11:V001,USR-008,"[""TV-STUDY-002353"", ""TV-LABORDER-000353"", ""TV-PROTOCOL-002353""]"
TV-STUDY-002355,Participant Reconsented,2023-10-25T09:34:00Z,data_query_v,TV-S-002355-11:V001,USR-042,"[""TV-STUDY-002355"", ""TV-LABORDER-000355""]"
TV-STUDY-002265,Visit Rescheduled,2023-10-25T10:00:00Z,drug_kit_v,TV-S-002265-05:V003,USR-042,"[""TV-STUDY-002265"", ""TV-INVESTIGATOR-000265"", ""TV-DISPENSATION-000265""]"
TV-STUDY-002265,Visit Missed,2023-10-25T10:37:00Z,lab_test_v,TV-S-002265-08:V001,USR-045,"[""TV-STUDY-002265"", ""TV-PARTICIPANT-002265"", ""TV-ALIQUOT-000265""]"
TV-STUDY-002265,Participant Reconsented,2023-10-25T11:14:00Z,data_query_v,TV-S-002265-11:V002,USR-036,"[""TV-STUDY-002265"", ""TV-LABORDER-000265""]"
TV-STUDY-002357,Participant Reconsented,2023-10-25T15:36:00Z,data_query_v,TV-S-002357-11:V001,USR-076,"[""TV-STUDY-002357"", ""TV-LABORDER-000357"", ""TV-PROTOCOL-002357""]"
TV-STUDY-002359,Participant Reconsented,2023-10-25T21:38:00Z,data_query_v,TV-S-002359-11:V001,USR-110,"[""TV-STUDY-002359"", ""TV-LABORDER-000359""]"
TV-STUDY-002270,Visit Rescheduled,2023-10-26T01:00:00Z,drug_kit_v,TV-S-002270-05:V002,USR-127,"[""TV-STUDY-002270"", ""TV-INVESTIGATOR-000270""]"
TV-STUDY-002270,Visit Missed,2023-10-26T01:37:00Z,lab_test_v,TV-S-002270-08:V002,USR-003,"[""TV-STUDY-002270"", ""TV-PARTICIPANT-002270""]"
TV-STUDY-002270,Participant Reconsented,2023-10-26T02:14:00Z,data_query_v,TV-S-002270-11:V001,USR-121,"[""TV-STUDY-002270"", ""TV-LABORDER-000270""]"
TV-STUDY-002361,Participant Reconsented,2023-10-26T03:40:00Z,data_query_v,TV-S-002361-11:V001,USR-017,"[""TV-STUDY-002361"", ""TV-LABORDER-000361""]"
TV-STUDY-002363,Participant Reconsented,2023-10-26T09:42:00Z,data_query_v,TV-S-002363-11:V001,USR-051,"[""TV-STUDY-002363"", ""TV-LABORDER-000363"", ""TV-PROTOCOL-002363""]"
TV-STUDY-002365,Participant Reconsented,2023-10-26T15:44:00Z,data_query_v,TV-S-002365-11:V001,USR-085,"[""TV-STUDY-002365"", ""TV-LABORDER-000365""]"
TV-STUDY-002275,Visit Rescheduled,2023-10-26T16:00:00Z,drug_kit_v,TV-S-002275-05:V003,USR-085,"[""TV-STUDY-002275"", ""TV-INVESTIGATOR-000275""]"
TV-STUDY-002275,Visit Missed,2023-10-26T16:37:00Z,lab_test_v,TV-S-002275-08:V003,USR-088,"[""TV-STUDY-002275"", ""TV-PARTICIPANT-002275""]"
TV-STUDY-002275,Participant Reconsented,2023-10-26T17:14:00Z,data_query_v,TV-S-002275-11:V005,USR-079,"[""TV-STUDY-002275"", ""TV-LABORDER-000275""]"
TV-STUDY-002355,Visit Rescheduled,2023-10-26T21:40:00Z,drug_kit_v,TV-S-002355-05:V002,USR-048,"[""TV-STUDY-002355"", ""TV-INVESTIGATOR-000355""]"
TV-STUDY-002367,Participant Reconsented,2023-10-26T21:46:00Z,data_query_v,TV-S-002367-11:V001,USR-119,"[""TV-STUDY-002367"", ""TV-LABORDER-000367""]"
TV-STUDY-002369,Participant Reconsented,2023-10-27T03:48:00Z,data_query_v,TV-S-002369-11:V001,USR-026,"[""TV-STUDY-002369"", ""TV-LABORDER-000369""]"
TV-STUDY-002280,Visit Rescheduled,2023-10-27T07:00:00Z,drug_kit_v,TV-S-002280-05:V002,USR-043,"[""TV-STUDY-002280"", ""TV-INVESTIGATOR-000280""]"
TV-STUDY-002280,Visit Missed,2023-10-27T07:37:00Z,lab_test_v,TV-S-002280-08:V004,USR-046,"[""TV-STUDY-002280"", ""TV-PARTICIPANT-002280"", ""TV-ALIQUOT-000280""]"
TV-STUDY-002280,Participant Reconsented,2023-10-27T08:14:00Z,data_query_v,TV-S-002280-11:V001,USR-037,"[""TV-STUDY-002280"", ""TV-LABORDER-000280""]"
TV-STUDY-002371,Participant Reconsented,2023-10-27T09:50:00Z,data_query_v,TV-S-002371-11:V001,USR-060,"[""TV-STUDY-002371"", ""TV-LABORDER-000371""]"
TV-STUDY-002373,Participant Reconsented,2023-10-27T15:52:00Z,data_query_v,TV-S-002373-11:V001,USR-094,"[""TV-STUDY-002373"", ""TV-LABORDER-000373""]"
TV-STUDY-002375,Participant Reconsented,2023-10-27T21:01:00Z,data_query_v,TV-S-002375-11:V001,USR-001,"[""TV-STUDY-002375"", ""TV-LABORDER-000375""]"
TV-STUDY-002285,Visit Rescheduled,2023-10-27T22:00:00Z,drug_kit_v,TV-S-002285-05:V003,USR-001,"[""TV-STUDY-002285"", ""TV-INVESTIGATOR-000285""]"
TV-STUDY-002285,Visit Missed,2023-10-27T22:37:00Z,lab_test_v,TV-S-002285-08:V001,USR-004,"[""TV-STUDY-002285"", ""TV-PARTICIPANT-002285"", ""TV-ALIQUOT-000285""]"
TV-STUDY-002285,Participant Reconsented,2023-10-27T23:14:00Z,data_query_v,TV-S-002285-11:V002,USR-122,"[""TV-STUDY-002285"", ""TV-LABORDER-000285""]"
TV-STUDY-002377,Participant Reconsented,2023-10-28T03:03:00Z,data_query_v,TV-S-002377-11:V001,USR-035,"[""TV-STUDY-002377"", ""TV-LABORDER-000377""]"
TV-STUDY-002379,Participant Reconsented,2023-10-28T09:05:00Z,data_query_v,TV-S-002379-11:V001,USR-069,"[""TV-STUDY-002379"", ""TV-LABORDER-000379"", ""TV-PROTOCOL-002379""]"
TV-STUDY-002290,Visit Rescheduled,2023-10-28T13:00:00Z,drug_kit_v,TV-S-002290-05:V002,USR-086,"[""TV-STUDY-002290"", ""TV-INVESTIGATOR-000290"", ""TV-DISPENSATION-000290""]"
TV-STUDY-002290,Visit Missed,2023-10-28T13:37:00Z,lab_test_v,TV-S-002290-08:V003,USR-089,"[""TV-STUDY-002290"", ""TV-PARTICIPANT-002290""]"
TV-STUDY-002290,Participant Reconsented,2023-10-28T14:14:00Z,data_query_v,TV-S-002290-11:V001,USR-080,"[""TV-STUDY-002290"", ""TV-LABORDER-000290"", ""TV-PROTOCOL-002290""]"
TV-STUDY-002381,Participant Reconsented,2023-10-28T15:07:00Z,data_query_v,TV-S-002381-11:V001,USR-103,"[""TV-STUDY-002381"", ""TV-LABORDER-000381"", ""TV-PROTOCOL-002381""]"
TV-STUDY-002383,Participant Reconsented,2023-10-28T21:09:00Z,data_query_v,TV-S-002383-11:V001,USR-010,"[""TV-STUDY-002383"", ""TV-LABORDER-000383"", ""TV-PROTOCOL-002383""]"
TV-STUDY-002367,Visit Missed,2023-10-29T03:02:00Z,lab_test_v,TV-S-002367-08:V001,USR-001,"[""TV-STUDY-002367"", ""TV-PARTICIPANT-002367""]"
TV-STUDY-002385,Participant Reconsented,2023-10-29T03:11:00Z,data_query_v,TV-S-002385-11:V001,USR-044,"[""TV-STUDY-002385"", ""TV-LABORDER-000385""]"
TV-STUDY-002295,Visit Rescheduled,2023-10-29T04:00:00Z,drug_kit_v,TV-S-002295-05:V003,USR-044,"[""TV-STUDY-002295"", ""TV-INVESTIGATOR-000295""]"
TV-STUDY-002295,Visit Missed,2023-10-29T04:37:00Z,lab_test_v,TV-S-002295-08:V001,USR-047,"[""TV-STUDY-002295"", ""TV-PARTICIPANT-002295"", ""TV-ALIQUOT-000295""]"
TV-STUDY-002295,Participant Reconsented,2023-10-29T05:14:00Z,data_query_v,TV-S-002295-11:V002,USR-038,"[""TV-STUDY-002295"", ""TV-LABORDER-000295""]"
TV-STUDY-002387,Participant Reconsented,2023-10-29T09:13:00Z,data_query_v,TV-S-002387-11:V001,USR-078,"[""TV-STUDY-002387"", ""TV-LABORDER-000387""]"
TV-STUDY-002389,Participant Reconsented,2023-10-29T15:15:00Z,data_query_v,TV-S-002389-11:V001,USR-112,"[""TV-STUDY-002389"", ""TV-LABORDER-000389"", ""TV-PROTOCOL-002389""]"
TV-STUDY-002378,Visit Rescheduled,2023-10-29T18:10:00Z,drug_kit_v,TV-S-002378-05:V002,USR-058,"[""TV-STUDY-002378"", ""TV-INVESTIGATOR-000378"", ""TV-DISPENSATION-000378""]"
TV-STUDY-002300,Visit Rescheduled,2023-10-29T19:00:00Z,drug_kit_v,TV-S-002300-05:V002,USR-002,"[""TV-STUDY-002300"", ""TV-INVESTIGATOR-000300""]"
TV-STUDY-002300,Visit Missed,2023-10-29T19:37:00Z,lab_test_v,TV-S-002300-08:V003,USR-005,"[""TV-STUDY-002300"", ""TV-PARTICIPANT-002300""]"
TV-STUDY-002300,Participant Reconsented,2023-10-29T20:14:00Z,data_query_v,TV-S-002300-11:V001,USR-123,"[""TV-STUDY-002300"", ""TV-LABORDER-000300""]"
TV-STUDY-002391,Participant Reconsented,2023-10-29T21:17:00Z,data_query_v,TV-S-002391-11:V001,USR-019,"[""TV-STUDY-002391"", ""TV-LABORDER-000391""]"
TV-STUDY-002393,Participant Reconsented,2023-10-30T03:19:00Z,data_query_v,TV-S-002393-11:V001,USR-053,"[""TV-STUDY-002393"", ""TV-LABORDER-000393""]"
TV-STUDY-002395,Participant Reconsented,2023-10-30T09:21:00Z,data_query_v,TV-S-002395-11:V001,USR-087,"[""TV-STUDY-002395"", ""TV-LABORDER-000395"", ""TV-PROTOCOL-002395""]"
TV-STUDY-002305,Visit Rescheduled,2023-10-30T10:00:00Z,drug_kit_v,TV-S-002305-05:V003,USR-087,"[""TV-STUDY-002305"", ""TV-INVESTIGATOR-000305"", ""TV-DISPENSATION-000305""]"
TV-STUDY-002305,Visit Missed,2023-10-30T10:37:00Z,lab_test_v,TV-S-002305-08:V001,USR-090,"[""TV-STUDY-002305"", ""TV-PARTICIPANT-002305"", ""TV-ALIQUOT-000305""]"
TV-STUDY-002305,Participant Reconsented,2023-10-30T11:14:00Z,data_query_v,TV-S-002305-11:V003,USR-081,"[""TV-STUDY-002305"", ""TV-LABORDER-000305""]"
TV-STUDY-002397,Participant Reconsented,2023-10-30T15:23:00Z,data_query_v,TV-S-002397-11:V001,USR-121,"[""TV-STUDY-002397"", ""TV-LABORDER-000397""]"
TV-STUDY-002399,Participant Reconsented,2023-10-30T21:25:00Z,data_query_v,TV-S-002399-11:V001,USR-028,"[""TV-STUDY-002399"", ""TV-LABORDER-000399"", ""TV-PROTOCOL-002399""]"
TV-STUDY-002310,Visit Rescheduled,2023-10-31T01:00:00Z,drug_kit_v,TV-S-002310-05:V002,USR-045,"[""TV-STUDY-002310"", ""TV-INVESTIGATOR-000310""]"
TV-STUDY-002310,Visit Missed,2023-10-31T01:37:00Z,lab_test_v,TV-S-002310-08:V002,USR-048,"[""TV-STUDY-002310"", ""TV-PARTICIPANT-002310""]"
TV-STUDY-002310,Participant Reconsented,2023-10-31T02:14:00Z,data_query_v,TV-S-002310-11:V001,USR-039,"[""TV-STUDY-002310"", ""TV-LABORDER-000310"", ""TV-PROTOCOL-002310""]"
TV-STUDY-002401,Participant Reconsented,2023-10-31T03:27:00Z,data_query_v,TV-S-002401-11:V001,USR-062,"[""TV-STUDY-002401"", ""TV-LABORDER-000401"", ""TV-PROTOCOL-002401""]"
TV-STUDY-002403,Participant Reconsented,2023-10-31T09:29:00Z,data_query_v,TV-S-002403-11:V001,USR-096,"[""TV-STUDY-002403"", ""TV-LABORDER-000403"", ""TV-PROTOCOL-002403""]"
TV-STUDY-002405,Participant Reconsented,2023-10-31T15:31:00Z,data_query_v,TV-S-002405-11:V001,USR-003,"[""TV-STUDY-002405"", ""TV-LABORDER-000405""]"
TV-STUDY-002315,Visit Rescheduled,2023-10-31T16:00:00Z,drug_kit_v,TV-S-002315-05:V002,USR-003,"[""TV-STUDY-002315"", ""TV-INVESTIGATOR-000315""]"
TV-STUDY-002315,Visit Missed,2023-10-31T16:37:00Z,lab_test_v,TV-S-002315-08:V001,USR-006,"[""TV-STUDY-002315"", ""TV-PARTICIPANT-002315"", ""TV-ALIQUOT-000315""]"
TV-STUDY-002315,Participant Reconsented,2023-10-31T17:14:00Z,data_query_v,TV-S-002315-11:V002,USR-124,"[""TV-STUDY-002315"", ""TV-LABORDER-000315""]"
TV-STUDY-002407,Participant Reconsented,2023-10-31T21:33:00Z,data_query_v,TV-S-002407-11:V001,USR-037,"[""TV-STUDY-002407"", ""TV-LABORDER-000407"", ""TV-PROTOCOL-002407""]"
TV-STUDY-002409,Participant Reconsented,2023-11-01T03:35:00Z,data_query_v,TV-S-002409-11:V001,USR-071,"[""TV-STUDY-002409"", ""TV-LABORDER-000409""]"
TV-STUDY-002320,Visit Rescheduled,2023-11-01T07:00:00Z,drug_kit_v,TV-S-002320-05:V002,USR-088,"[""TV-STUDY-002320"", ""TV-INVESTIGATOR-000320""]"
TV-STUDY-002320,Visit Missed,2023-11-01T07:37:00Z,lab_test_v,TV-S-002320-08:V003,USR-091,"[""TV-STUDY-002320"", ""TV-PARTICIPANT-002320"", ""TV-ALIQUOT-000320""]"
TV-STUDY-002320,Participant Reconsented,2023-11-01T08:14:00Z,data_query_v,TV-S-002320-11:V001,USR-082,"[""TV-STUDY-002320"", ""TV-LABORDER-000320""]"
TV-STUDY-002411,Participant Reconsented,2023-11-01T09:37:00Z,data_query_v,TV-S-002411-11:V001,USR-105,"[""TV-STUDY-002411"", ""TV-LABORDER-000411""]"
TV-STUDY-002401,Visit Rescheduled,2023-11-01T15:33:00Z,drug_kit_v,TV-S-002401-05:V002,USR-068,"[""TV-STUDY-002401"", ""TV-INVESTIGATOR-000401""]"
TV-STUDY-002413,Participant Reconsented,2023-11-01T15:39:00Z,data_query_v,TV-S-002413-11:V001,USR-012,"[""TV-STUDY-002413"", ""TV-LABORDER-000413"", ""TV-PROTOCOL-002413""]"
TV-STUDY-002415,Participant Reconsented,2023-11-01T21:41:00Z,data_query_v,TV-S-002415-11:V001,USR-046,"[""TV-STUDY-002415"", ""TV-LABORDER-000415""]"
TV-STUDY-002325,Visit Rescheduled,2023-11-01T22:00:00Z,drug_kit_v,TV-S-002325-05:V002,USR-046,"[""TV-STUDY-002325"", ""TV-INVESTIGATOR-000325""]"
TV-STUDY-002325,Visit Missed,2023-11-01T22:37:00Z,lab_test_v,TV-S-002325-08:V001,USR-049,"[""TV-STUDY-002325"", ""TV-PARTICIPANT-002325""]"
TV-STUDY-002325,Participant Reconsented,2023-11-01T23:14:00Z,data_query_v,TV-S-002325-11:V002,USR-040,"[""TV-STUDY-002325"", ""TV-LABORDER-000325""]"
TV-STUDY-002417,Participant Reconsented,2023-11-02T03:43:00Z,data_query_v,TV-S-002417-11:V001,USR-080,"[""TV-STUDY-002417"", ""TV-LABORDER-000417""]"
TV-STUDY-002419,Participant Reconsented,2023-11-02T09:45:00Z,data_query_v,TV-S-002419-11:V001,USR-114,"[""TV-STUDY-002419"", ""TV-LABORDER-000419""]"
TV-STUDY-002330,Visit Rescheduled,2023-11-02T13:00:00Z,drug_kit_v,TV-S-002330-05:V003,USR-004,"[""TV-STUDY-002330"", ""TV-INVESTIGATOR-000330"", ""TV-DISPENSATION-000330""]"
TV-STUDY-002330,Visit Missed,2023-11-02T13:37:00Z,lab_test_v,TV-S-002330-08:V003,USR-007,"[""TV-STUDY-002330"", ""TV-PARTICIPANT-002330"", ""TV-ALIQUOT-000330""]"
TV-STUDY-002330,Participant Reconsented,2023-11-02T14:14:00Z,data_query_v,TV-S-002330-11:V001,USR-125,"[""TV-STUDY-002330"", ""TV-LABORDER-000330""]"
TV-STUDY-002421,Participant Reconsented,2023-11-02T15:47:00Z,data_query_v,TV-S-002421-11:V001,USR-021,"[""TV-STUDY-002421"", ""TV-LABORDER-000421"", ""TV-PROTOCOL-002421""]"
TV-STUDY-002404,Visit Missed,2023-11-02T18:39:00Z,lab_test_v,TV-S-002404-08:V002,USR-122,"[""TV-STUDY-002404"", ""TV-PARTICIPANT-002404""]"
TV-STUDY-002423,Participant Reconsented,2023-11-02T21:49:00Z,data_query_v,TV-S-002423-11:V001,USR-055,"[""TV-STUDY-002423"", ""TV-LABORDER-000423""]"
TV-STUDY-002425,Participant Reconsented,2023-11-03T03:51:00Z,data_query_v,TV-S-002425-11:V001,USR-089,"[""TV-STUDY-002425"", ""TV-LABORDER-000425""]"
TV-STUDY-002335,Visit Rescheduled,2023-11-03T04:00:00Z,drug_kit_v,TV-S-002335-05:V002,USR-089,"[""TV-STUDY-002335"", ""TV-INVESTIGATOR-000335""]"
TV-STUDY-002335,Visit Missed,2023-11-03T04:37:00Z,lab_test_v,TV-S-002335-08:V001,USR-092,"[""TV-STUDY-002335"", ""TV-PARTICIPANT-002335""]"
TV-STUDY-002335,Participant Reconsented,2023-11-03T05:14:00Z,data_query_v,TV-S-002335-11:V002,USR-083,"[""TV-STUDY-002335"", ""TV-LABORDER-000335""]"
TV-STUDY-002427,Participant Reconsented,2023-11-03T09:00:00Z,data_query_v,TV-S-002427-11:V001,USR-123,"[""TV-STUDY-002427"", ""TV-LABORDER-000427"", ""TV-PROTOCOL-002427""]"
TV-STUDY-002429,Participant Reconsented,2023-11-03T15:02:00Z,data_query_v,TV-S-002429-11:V001,USR-030,"[""TV-STUDY-002429"", ""TV-LABORDER-000429"", ""TV-PROTOCOL-002429""]"
TV-STUDY-002340,Visit Rescheduled,2023-11-03T19:00:00Z,drug_kit_v,TV-S-002340-05:V003,USR-047,"[""TV-STUDY-002340"", ""TV-INVESTIGATOR-000340""]"
TV-STUDY-002340,Visit Missed,2023-11-03T19:37:00Z,lab_test_v,TV-S-002340-08:V003,USR-050,"[""TV-STUDY-002340"", ""TV-PARTICIPANT-002340"", ""TV-ALIQUOT-000340""]"
TV-STUDY-002340,Participant Reconsented,2023-11-03T20:14:00Z,data_query_v,TV-S-002340-11:V002,USR-041,"[""TV-STUDY-002340"", ""TV-LABORDER-000340""]"
TV-STUDY-002431,Participant Reconsented,2023-11-03T21:04:00Z,data_query_v,TV-S-002431-11:V001,USR-064,"[""TV-STUDY-002431"", ""TV-LABORDER-000431"", ""TV-PROTOCOL-002431""]"
TV-STUDY-002433,Participant Reconsented,2023-11-04T03:06:00Z,data_query_v,TV-S-002433-11:V001,USR-098,"[""TV-STUDY-002433"", ""TV-LABORDER-000433"", ""TV-PROTOCOL-002433""]"
TV-STUDY-002435,Participant Reconsented,2023-11-04T09:08:00Z,data_query_v,TV-S-002435-11:V001,USR-005,"[""TV-STUDY-002435"", ""TV-LABORDER-000435""]"
TV-STUDY-002345,Visit Rescheduled,2023-11-04T10:00:00Z,drug_kit_v,TV-S-002345-05:V002,USR-005,"[""TV-STUDY-002345"", ""TV-INVESTIGATOR-000345""]"
TV-STUDY-002345,Visit Missed,2023-11-04T10:37:00Z,lab_test_v,TV-S-002345-08:V001,USR-008,"[""TV-STUDY-002345"", ""TV-PARTICIPANT-002345"", ""TV-ALIQUOT-000345""]"
TV-STUDY-002345,Participant Reconsented,2023-11-04T11:14:00Z,data_query_v,TV-S-002345-11:V002,USR-126,"[""TV-STUDY-002345"", ""TV-LABORDER-000345""]"
TV-STUDY-002424,Visit Rescheduled,2023-11-04T12:03:00Z,drug_kit_v,TV-S-002424-05:V002,USR-078,"[""TV-STUDY-002424"", ""TV-INVESTIGATOR-000424"", ""TV-DISPENSATION-000424""]"
TV-STUDY-002437,Participant Reconsented,2023-11-04T15:10:00Z,data_query_v,TV-S-002437-11:V001,USR-039,"[""TV-STUDY-002437"", ""TV-LABORDER-000437""]"
TV-STUDY-002439,Participant Reconsented,2023-11-04T21:12:00Z,data_query_v,TV-S-002439-11:V001,USR-073,"[""TV-STUDY-002439"", ""TV-LABORDER-000439""]"
TV-STUDY-002350,Visit Rescheduled,2023-11-05T01:00:00Z,drug_kit_v,TV-S-002350-05:V002,USR-090,"[""TV-STUDY-002350"", ""TV-INVESTIGATOR-000350""]"
TV-STUDY-002350,Visit Missed,2023-11-05T01:37:00Z,lab_test_v,TV-S-002350-08:V002,USR-093,"[""TV-STUDY-002350"", ""TV-PARTICIPANT-002350""]"
TV-STUDY-002350,Participant Reconsented,2023-11-05T02:14:00Z,data_query_v,TV-S-002350-11:V001,USR-084,"[""TV-STUDY-002350"", ""TV-LABORDER-000350""]"
TV-STUDY-002441,Participant Reconsented,2023-11-05T03:14:00Z,data_query_v,TV-S-002441-11:V001,USR-107,"[""TV-STUDY-002441"", ""TV-LABORDER-000441"", ""TV-PROTOCOL-002441""]"
TV-STUDY-002443,Participant Reconsented,2023-11-05T09:16:00Z,data_query_v,TV-S-002443-11:V001,USR-014,"[""TV-STUDY-002443"", ""TV-LABORDER-000443"", ""TV-PROTOCOL-002443""]"
TV-STUDY-002445,Participant Reconsented,2023-11-05T15:18:00Z,data_query_v,TV-S-002445-11:V001,USR-048,"[""TV-STUDY-002445"", ""TV-LABORDER-000445""]"
TV-STUDY-002355,Visit Rescheduled,2023-11-05T16:00:00Z,drug_kit_v,TV-S-002355-05:V003,USR-048,"[""TV-STUDY-002355"", ""TV-INVESTIGATOR-000355"", ""TV-DISPENSATION-000355""]"
TV-STUDY-002355,Visit Missed,2023-11-05T16:37:00Z,lab_test_v,TV-S-002355-08:V001,USR-051,"[""TV-STUDY-002355"", ""TV-PARTICIPANT-002355""]"
TV-STUDY-002355,Participant Reconsented,2023-11-05T17:14:00Z,data_query_v,TV-S-002355-11:V002,USR-042,"[""TV-STUDY-002355"", ""TV-LABORDER-000355"", ""TV-PROTOCOL-002355""]"
TV-STUDY-002447,Participant Reconsented,2023-11-05T21:20:00Z,data_query_v,TV-S-002447-11:V001,USR-082,"[""TV-STUDY-002447"", ""TV-LABORDER-000447""]"
TV-STUDY-002449,Participant Reconsented,2023-11-06T03:22:00Z,data_query_v,TV-S-002449-11:V001,USR-116,"[""TV-STUDY-002449"", ""TV-LABORDER-000449""]"
TV-STUDY-002360,Visit Rescheduled,2023-11-06T07:00:00Z,drug_kit_v,TV-S-002360-05:V002,USR-006,"[""TV-STUDY-002360"", ""TV-INVESTIGATOR-000360""]"
TV-STUDY-002360,Visit Missed,2023-11-06T07:37:00Z,lab_test_v,TV-S-002360-08:V002,USR-009,"[""TV-STUDY-002360"", ""TV-PARTICIPANT-002360"", ""TV-ALIQUOT-000360""]"
TV-STUDY-002360,Participant Reconsented,2023-11-06T08:14:00Z,data_query_v,TV-S-002360-11:V001,USR-127,"[""TV-STUDY-002360"", ""TV-LABORDER-000360""]"
TV-STUDY-002451,Participant Reconsented,2023-11-06T09:24:00Z,data_query_v,TV-S-002451-11:V001,USR-023,"[""TV-STUDY-002451"", ""TV-LABORDER-000451""]"
TV-STUDY-002453,Participant Reconsented,2023-11-06T15:26:00Z,data_query_v,TV-S-002453-11:V001,USR-057,"[""TV-STUDY-002453"", ""TV-LABORDER-000453""]"
TV-STUDY-002455,Participant Reconsented,2023-11-06T21:28:00Z,data_query_v,TV-S-002455-11:V001,USR-091,"[""TV-STUDY-002455"", ""TV-LABORDER-000455"", ""TV-PROTOCOL-002455""]"
TV-STUDY-002365,Visit Rescheduled,2023-11-06T22:00:00Z,drug_kit_v,TV-S-002365-05:V002,USR-091,"[""TV-STUDY-002365"", ""TV-INVESTIGATOR-000365""]"
TV-STUDY-002365,Visit Missed,2023-11-06T22:37:00Z,lab_test_v,TV-S-002365-08:V001,USR-094,"[""TV-STUDY-002365"", ""TV-PARTICIPANT-002365"", ""TV-ALIQUOT-000365""]"
TV-STUDY-002365,Participant Reconsented,2023-11-06T23:14:00Z,data_query_v,TV-S-002365-11:V003,USR-085,"[""TV-STUDY-002365"", ""TV-LABORDER-000365""]"
TV-STUDY-002457,Participant Reconsented,2023-11-07T03:30:00Z,data_query_v,TV-S-002457-11:V001,USR-125,"[""TV-STUDY-002457"", ""TV-LABORDER-000457""]"
TV-STUDY-002441,Visit Missed,2023-11-07T09:23:00Z,lab_test_v,TV-S-002441-08:V001,USR-116,"[""TV-STUDY-002441"", ""TV-PARTICIPANT-002441""]"
TV-STUDY-002447,Visit Rescheduled,2023-11-07T09:26:00Z,drug_kit_v,TV-S-002447-05:V003,USR-088,"[""TV-STUDY-002447"", ""TV-INVESTIGATOR-000447"", ""TV-DISPENSATION-000447""]"
TV-STUDY-002459,Participant Reconsented,2023-11-07T09:32:00Z,data_query_v,TV-S-002459-11:V001,USR-032,"[""TV-STUDY-002459"", ""TV-LABORDER-000459"", ""TV-PROTOCOL-002459""]"
TV-STUDY-002370,Visit Rescheduled,2023-11-07T13:00:00Z,drug_kit_v,TV-S-002370-05:V003,USR-049,"[""TV-STUDY-002370"", ""TV-INVESTIGATOR-000370""]"
TV-STUDY-002370,Visit Missed,2023-11-07T13:37:00Z,lab_test_v,TV-S-002370-08:V003,USR-052,"[""TV-STUDY-002370"", ""TV-PARTICIPANT-002370""]"
TV-STUDY-002370,Participant Reconsented,2023-11-07T14:14:00Z,data_query_v,TV-S-002370-11:V001,USR-043,"[""TV-STUDY-002370"", ""TV-LABORDER-000370"", ""TV-PROTOCOL-002370""]"
TV-STUDY-002461,Participant Reconsented,2023-11-07T15:34:00Z,data_query_v,TV-S-002461-11:V001,USR-066,"[""TV-STUDY-002461"", ""TV-LABORDER-000461""]"
TV-STUDY-002463,Participant Reconsented,2023-11-07T21:36:00Z,data_query_v,TV-S-002463-11:V001,USR-100,"[""TV-STUDY-002463"", ""TV-LABORDER-000463""]"
TV-STUDY-002465,Participant Reconsented,2023-11-08T03:38:00Z,data_query_v,TV-S-002465-11:V001,USR-007,"[""TV-STUDY-002465"", ""TV-LABORDER-000465""]"
TV-STUDY-002375,Visit Rescheduled,2023-11-08T04:00:00Z,drug_kit_v,TV-S-002375-05:V002,USR-007,"[""TV-STUDY-002375"", ""TV-INVESTIGATOR-000375""]"
TV-STUDY-002375,Visit Missed,2023-11-08T04:37:00Z,lab_test_v,TV-S-002375-08:V001,USR-010,"[""TV-STUDY-002375"", ""TV-PARTICIPANT-002375""]"
TV-STUDY-002375,Participant Reconsented,2023-11-08T05:14:00Z,data_query_v,TV-S-002375-11:V002,USR-001,"[""TV-STUDY-002375"", ""TV-LABORDER-000375""]"
TV-STUDY-002467,Participant Reconsented,2023-11-08T09:40:00Z,data_query_v,TV-S-002467-11:V001,USR-041,"[""TV-STUDY-002467"", ""TV-LABORDER-000467"", ""TV-PROTOCOL-002467""]"
TV-STUDY-002469,Participant Reconsented,2023-11-08T15:42:00Z,data_query_v,TV-S-002469-11:V001,USR-075,"[""TV-STUDY-002469"", ""TV-LABORDER-000469""]"
TV-STUDY-002380,Visit Rescheduled,2023-11-08T19:00:00Z,drug_kit_v,TV-S-002380-05:V002,USR-092,"[""TV-STUDY-002380"", ""TV-INVESTIGATOR-000380"", ""TV-DISPENSATION-000380""]"
TV-STUDY-002380,Visit Missed,2023-11-08T19:37:00Z,lab_test_v,TV-S-002380-08:V002,USR-095,"[""TV-STUDY-002380"", ""TV-PARTICIPANT-002380"", ""TV-ALIQUOT-000380""]"
TV-STUDY-002380,Participant Reconsented,2023-11-08T20:14:00Z,data_query_v,TV-S-002380-11:V001,USR-086,"[""TV-STUDY-002380"", ""TV-LABORDER-000380""]"
TV-STUDY-002471,Participant Reconsented,2023-11-08T21:44:00Z,data_query_v,TV-S-002471-11:V001,USR-109,"[""TV-STUDY-002471"", ""TV-LABORDER-000471""]"
TV-STUDY-002473,Participant Reconsented,2023-11-09T03:46:00Z,data_query_v,TV-S-002473-11:V001,USR-016,"[""TV-STUDY-002473"", ""TV-LABORDER-000473"", ""TV-PROTOCOL-002473""]"
TV-STUDY-002475,Participant Reconsented,2023-11-09T09:48:00Z,data_query_v,TV-S-002475-11:V001,USR-050,"[""TV-STUDY-002475"", ""TV-LABORDER-000475"", ""TV-PROTOCOL-002475""]"
TV-STUDY-002385,Visit Rescheduled,2023-11-09T10:00:00Z,drug_kit_v,TV-S-002385-05:V003,USR-050,"[""TV-STUDY-002385"", ""TV-INVESTIGATOR-000385"", ""TV-DISPENSATION-000385""]"
TV-STUDY-002385,Visit Missed,2023-11-09T10:37:00Z,lab_test_v,TV-S-002385-08:V001,USR-053,"[""TV-STUDY-002385"", ""TV-PARTICIPANT-002385"", ""TV-ALIQUOT-000385""]"
TV-STUDY-002385,Participant Reconsented,2023-11-09T11:14:00Z,data_query_v,TV-S-002385-11:V003,USR-044,"[""TV-STUDY-002385"", ""TV-LABORDER-000385""]"
TV-STUDY-002477,Participant Reconsented,2023-11-09T15:50:00Z,data_query_v,TV-S-002477-11:V001,USR-084,"[""TV-STUDY-002477"", ""TV-LABORDER-000477""]"
TV-STUDY-002479,Participant Reconsented,2023-11-09T21:52:00Z,data_query_v,TV-S-002479-11:V001,USR-118,"[""TV-STUDY-002479"", ""TV-LABORDER-000479"", ""TV-PROTOCOL-002479""]"
TV-STUDY-002390,Visit Rescheduled,2023-11-10T01:00:00Z,drug_kit_v,TV-S-002390-05:V003,USR-008,"[""TV-STUDY-002390"", ""TV-INVESTIGATOR-000390""]"
TV-STUDY-002390,Visit Missed,2023-11-10T01:37:00Z,lab_test_v,TV-S-002390-08:V003,USR-011,"[""TV-STUDY-002390"", ""TV-PARTICIPANT-002390""]"
TV-STUDY-002390,Participant Reconsented,2023-11-10T02:14:00Z,data_query_v,TV-S-002390-11:V001,USR-002,"[""TV-STUDY-002390"", ""TV-LABORDER-000390"", ""TV-PROTOCOL-002390""]"
TV-STUDY-002481,Participant Reconsented,2023-11-10T03:01:00Z,data_query_v,TV-S-002481-11:V001,USR-025,"[""TV-STUDY-002481"", ""TV-LABORDER-000481"", ""TV-PROTOCOL-002481""]"
TV-STUDY-002470,Visit Rescheduled,2023-11-10T06:49:00Z,drug_kit_v,TV-S-002470-05:V003,USR-098,"[""TV-STUDY-002470"", ""TV-INVESTIGATOR-000470"", ""TV-DISPENSATION-000470""]"
TV-STUDY-002483,Participant Reconsented,2023-11-10T09:03:00Z,data_query_v,TV-S-002483-11:V001,USR-059,"[""TV-STUDY-002483"", ""TV-LABORDER-000483""]"
TV-STUDY-002485,Participant Reconsented,2023-11-10T15:05:00Z,data_query_v,TV-S-002485-11:V001,USR-093,"[""TV-STUDY-002485"", ""TV-LABORDER-000485"", ""TV-PROTOCOL-002485""]"
TV-STUDY-002395,Visit Rescheduled,2023-11-10T16:00:00Z,drug_kit_v,TV-S-002395-05:V002,USR-093,"[""TV-STUDY-002395"", ""TV-INVESTIGATOR-000395""]"
TV-STUDY-002395,Visit Missed,2023-11-10T16:37:00Z,lab_test_v,TV-S-002395-08:V002,USR-096,"[""TV-STUDY-002395"", ""TV-PARTICIPANT-002395""]"
TV-STUDY-002395,Participant Reconsented,2023-11-10T17:14:00Z,data_query_v,TV-S-002395-11:V002,USR-087,"[""TV-STUDY-002395"", ""TV-LABORDER-000395""]"
TV-STUDY-002487,Participant Reconsented,2023-11-10T21:07:00Z,data_query_v,TV-S-002487-11:V001,USR-127,"[""TV-STUDY-002487"", ""TV-LABORDER-000487""]"
TV-STUDY-002489,Participant Reconsented,2023-11-11T03:09:00Z,data_query_v,TV-S-002489-11:V001,USR-034,"[""TV-STUDY-002489"", ""TV-LABORDER-000489""]"
TV-STUDY-002400,Visit Rescheduled,2023-11-11T07:00:00Z,drug_kit_v,TV-S-002400-05:V002,USR-051,"[""TV-STUDY-002400"", ""TV-INVESTIGATOR-000400"", ""TV-DISPENSATION-000400""]"
TV-STUDY-002400,Visit Missed,2023-11-11T07:37:00Z,lab_test_v,TV-S-002400-08:V002,USR-054,"[""TV-STUDY-002400"", ""TV-PARTICIPANT-002400"", ""TV-ALIQUOT-000400""]"
TV-STUDY-002400,Participant Reconsented,2023-11-11T08:14:00Z,data_query_v,TV-S-002400-11:V001,USR-045,"[""TV-STUDY-002400"", ""TV-LABORDER-000400""]"
TV-STUDY-002491,Participant Reconsented,2023-11-11T09:11:00Z,data_query_v,TV-S-002491-11:V001,USR-068,"[""TV-STUDY-002491"", ""TV-LABORDER-000491"", ""TV-PROTOCOL-002491""]"
TV-STUDY-002493,Participant Reconsented,2023-11-11T15:13:00Z,data_query_v,TV-S-002493-11:V001,USR-102,"[""TV-STUDY-002493"", ""TV-LABORDER-000493"", ""TV-PROTOCOL-002493""]"
TV-STUDY-002495,Participant Reconsented,2023-11-11T21:15:00Z,data_query_v,TV-S-002495-11:V001,USR-009,"[""TV-STUDY-002495"", ""TV-LABORDER-000495""]"
TV-STUDY-002405,Visit Rescheduled,2023-11-11T22:00:00Z,drug_kit_v,TV-S-002405-05:V003,USR-009,"[""TV-STUDY-002405"", ""TV-INVESTIGATOR-000405""]"
TV-STUDY-002405,Visit Missed,2023-11-11T22:37:00Z,lab_test_v,TV-S-002405-08:V002,USR-012,"[""TV-STUDY-002405"", ""TV-PARTICIPANT-002405""]"
TV-STUDY-002405,Participant Reconsented,2023-11-11T23:14:00Z,data_query_v,TV-S-002405-11:V003,USR-003,"[""TV-STUDY-002405"", ""TV-LABORDER-000405"", ""TV-PROTOCOL-002405""]"
TV-STUDY-002478,Visit Missed,2023-11-12T00:07:00Z,lab_test_v,TV-S-002478-08:V002,USR-110,"[""TV-STUDY-002478"", ""TV-PARTICIPANT-002478""]"
TV-STUDY-002497,Participant Reconsented,2023-11-12T03:17:00Z,data_query_v,TV-S-002497-11:V001,USR-043,"[""TV-STUDY-002497"", ""TV-LABORDER-000497""]"
TV-STUDY-002499,Participant Reconsented,2023-11-12T09:19:00Z,data_query_v,TV-S-002499-11:V001,USR-077,"[""TV-STUDY-002499"", ""TV-LABORDER-000499""]"
TV-STUDY-002410,Visit Rescheduled,2023-11-12T13:00:00Z,drug_kit_v,TV-S-002410-05:V003,USR-094,"[""TV-STUDY-002410"", ""TV-INVESTIGATOR-000410""]"
TV-STUDY-002410,Visit Missed,2023-11-12T13:37:00Z,lab_test_v,TV-S-002410-08:V003,USR-097,"[""TV-STUDY-002410"", ""TV-PARTICIPANT-002410""]"
TV-STUDY-002410,Participant Reconsented,2023-11-12T14:14:00Z,data_query_v,TV-S-002410-11:V001,USR-088,"[""TV-STUDY-002410"", ""TV-LABORDER-000410"", ""TV-PROTOCOL-002410""]"
TV-STUDY-002501,Participant Reconsented,2023-11-12T15:21:00Z,data_query_v,TV-S-002501-11:V001,USR-111,"[""TV-STUDY-002501"", ""TV-LABORDER-000001"", ""TV-PROTOCOL-002501""]"
TV-STUDY-002503,Participant Reconsented,2023-11-12T21:23:00Z,data_query_v,TV-S-002503-11:V001,USR-018,"[""TV-STUDY-002503"", ""TV-LABORDER-000003""]"
TV-STUDY-002493,Visit Rescheduled,2023-11-13T03:19:00Z,drug_kit_v,TV-S-002493-05:V003,USR-108,"[""TV-STUDY-002493"", ""TV-INVESTIGATOR-000493""]"
TV-STUDY-002505,Participant Reconsented,2023-11-13T03:25:00Z,data_query_v,TV-S-002505-11:V001,USR-052,"[""TV-STUDY-002505"", ""TV-LABORDER-000005"", ""TV-PROTOCOL-002505""]"
TV-STUDY-002415,Visit Rescheduled,2023-11-13T04:00:00Z,drug_kit_v,TV-S-002415-05:V002,USR-052,"[""TV-STUDY-002415"", ""TV-INVESTIGATOR-000415"", ""TV-DISPENSATION-000415""]"
TV-STUDY-002415,Visit Missed,2023-11-13T04:37:00Z,lab_test_v,TV-S-002415-08:V001,USR-055,"[""TV-STUDY-002415"", ""TV-PARTICIPANT-002415"", ""TV-ALIQUOT-000415""]"
TV-STUDY-002415,Participant Reconsented,2023-11-13T05:14:00Z,data_query_v,TV-S-002415-11:V002,USR-046,"[""TV-STUDY-002415"", ""TV-LABORDER-000415""]"
TV-STUDY-002507,Participant Reconsented,2023-11-13T09:27:00Z,data_query_v,TV-S-002507-11:V001,USR-086,"[""TV-STUDY-002507"", ""TV-LABORDER-000007"", ""TV-PROTOCOL-002507""]"
TV-STUDY-002509,Participant Reconsented,2023-11-13T15:29:00Z,data_query_v,TV-S-002509-11:V001,USR-120,"[""TV-STUDY-002509"", ""TV-LABORDER-000009""]"
TV-STUDY-002420,Visit Rescheduled,2023-11-13T19:00:00Z,drug_kit_v,TV-S-002420-05:V002,USR-010,"[""TV-STUDY-002420"", ""TV-INVESTIGATOR-000420"", ""TV-DISPENSATION-000420""]"
TV-STUDY-002420,Visit Missed,2023-11-13T19:37:00Z,lab_test_v,TV-S-002420-08:V002,USR-013,"[""TV-STUDY-002420"", ""TV-PARTICIPANT-002420""]"
TV-STUDY-002420,Participant Reconsented,2023-11-13T20:14:00Z,data_query_v,TV-S-002420-11:V003,USR-004,"[""TV-STUDY-002420"", ""TV-LABORDER-000420"", ""TV-PROTOCOL-002420""]"
TV-STUDY-002511,Participant Reconsented,2023-11-13T21:31:00Z,data_query_v,TV-S-002511-11:V001,USR-027,"[""TV-STUDY-002511"", ""TV-LABORDER-000011"", ""TV-PROTOCOL-002511""]"
TV-STUDY-002513,Participant Reconsented,2023-11-14T03:33:00Z,data_query_v,TV-S-002513-11:V001,USR-061,"[""TV-STUDY-002513"", ""TV-LABORDER-000013""]"
TV-STUDY-002515,Participant Reconsented,2023-11-14T09:35:00Z,data_query_v,TV-S-002515-11:V001,USR-095,"[""TV-STUDY-002515"", ""TV-LABORDER-000015"", ""TV-PROTOCOL-002515""]"
TV-STUDY-002425,Visit Rescheduled,2023-11-14T10:00:00Z,drug_kit_v,TV-S-002425-05:V002,USR-095,"[""TV-STUDY-002425"", ""TV-INVESTIGATOR-000425"", ""TV-DISPENSATION-000425""]"
TV-STUDY-002425,Visit Missed,2023-11-14T10:37:00Z,lab_test_v,TV-S-002425-08:V001,USR-098,"[""TV-STUDY-002425"", ""TV-PARTICIPANT-002425""]"
TV-STUDY-002425,Participant Reconsented,2023-11-14T11:14:00Z,data_query_v,TV-S-002425-11:V002,USR-089,"[""TV-STUDY-002425"", ""TV-LABORDER-000425"", ""TV-PROTOCOL-002425""]"
TV-STUDY-002517,Participant Reconsented,2023-11-14T15:37:00Z,data_query_v,TV-S-002517-11:V001,USR-002,"[""TV-STUDY-002517"", ""TV-LABORDER-000017""]"
TV-STUDY-002519,Participant Reconsented,2023-11-14T21:39:00Z,data_query_v,TV-S-002519-11:V001,USR-036,"[""TV-STUDY-002519"", ""TV-LABORDER-000019"", ""TV-PROTOCOL-002519""]"
TV-STUDY-002430,Visit Rescheduled,2023-11-15T01:00:00Z,drug_kit_v,TV-S-002430-05:V002,USR-053,"[""TV-STUDY-002430"", ""TV-INVESTIGATOR-000430"", ""TV-DISPENSATION-000430""]"
TV-STUDY-002430,Visit Missed,2023-11-15T01:37:00Z,lab_test_v,TV-S-002430-08:V002,USR-056,"[""TV-STUDY-002430"", ""TV-PARTICIPANT-002430"", ""TV-ALIQUOT-000430""]"
TV-STUDY-002430,Participant Reconsented,2023-11-15T02:14:00Z,data_query_v,TV-S-002430-11:V001,USR-047,"[""TV-STUDY-002430"", ""TV-LABORDER-000430""]"
TV-STUDY-002521,Participant Reconsented,2023-11-15T03:41:00Z,data_query_v,TV-S-002521-11:V001,USR-070,"[""TV-STUDY-002521"", ""TV-LABORDER-000021""]"
TV-STUDY-002523,Participant Reconsented,2023-11-15T09:43:00Z,data_query_v,TV-S-002523-11:V001,USR-104,"[""TV-STUDY-002523"", ""TV-LABORDER-000023"", ""TV-PROTOCOL-002523""]"
TV-STUDY-002525,Participant Reconsented,2023-11-15T15:45:00Z,data_query_v,TV-S-002525-11:V001,USR-011,"[""TV-STUDY-002525"", ""TV-LABORDER-000025"", ""TV-PROTOCOL-002525""]"
TV-STUDY-002435,Visit Rescheduled,2023-11-15T16:00:00Z,drug_kit_v,TV-S-002435-05:V004,USR-011,"[""TV-STUDY-002435"", ""TV-INVESTIGATOR-000435""]"
TV-STUDY-002435,Visit Missed,2023-11-15T16:37:00Z,lab_test_v,TV-S-002435-08:V001,USR-014,"[""TV-STUDY-002435"", ""TV-PARTICIPANT-002435""]"
TV-STUDY-002435,Participant Reconsented,2023-11-15T17:14:00Z,data_query_v,TV-S-002435-11:V003,USR-005,"[""TV-STUDY-002435"", ""TV-LABORDER-000435"", ""TV-PROTOCOL-002435""]"
TV-STUDY-002527,Participant Reconsented,2023-11-15T21:47:00Z,data_query_v,TV-S-002527-11:V001,USR-045,"[""TV-STUDY-002527"", ""TV-LABORDER-000027""]"
TV-STUDY-002516,Visit Rescheduled,2023-11-16T00:42:00Z,drug_kit_v,TV-S-002516-05:V003,USR-118,"[""TV-STUDY-002516"", ""TV-INVESTIGATOR-000016""]"
TV-STUDY-002529,Participant Reconsented,2023-11-16T03:49:00Z,data_query_v,TV-S-002529-11:V001,USR-079,"[""TV-STUDY-002529"", ""TV-LABORDER-000029""]"
TV-STUDY-002440,Visit Rescheduled,2023-11-16T07:00:00Z,drug_kit_v,TV-S-002440-05:V002,USR-096,"[""TV-STUDY-002440"", ""TV-INVESTIGATOR-000440"", ""TV-DISPENSATION-000440""]"
TV-STUDY-002440,Visit Missed,2023-11-16T07:37:00Z,lab_test_v,TV-S-002440-08:V002,USR-099,"[""TV-STUDY-002440"", ""TV-PARTICIPANT-002440"", ""TV-ALIQUOT-000440""]"
TV-STUDY-002440,Participant Reconsented,2023-11-16T08:14:00Z,data_query_v,TV-S-002440-11:V001,USR-090,"[""TV-STUDY-002440"", ""TV-LABORDER-000440""]"
TV-STUDY-002531,Participant Reconsented,2023-11-16T09:51:00Z,data_query_v,TV-S-002531-11:V001,USR-113,"[""TV-STUDY-002531"", ""TV-LABORDER-000031""]"
TV-STUDY-002533,Participant Reconsented,2023-11-16T15:00:00Z,data_query_v,TV-S-002533-11:V001,USR-020,"[""TV-STUDY-002533"", ""TV-LABORDER-000033"", ""TV-PROTOCOL-002533""]"
TV-STUDY-002515,Visit Missed,2023-11-16T15:44:00Z,lab_test_v,TV-S-002515-08:V001,USR-104,"[""TV-STUDY-002515"", ""TV-PARTICIPANT-002515"", ""TV-ALIQUOT-000015""]"
TV-STUDY-002535,Participant Reconsented,2023-11-16T21:02:00Z,data_query_v,TV-S-002535-11:V001,USR-054,"[""TV-STUDY-002535"", ""TV-LABORDER-000035"", ""TV-PROTOCOL-002535""]"
TV-STUDY-002445,Visit Rescheduled,2023-11-16T22:00:00Z,drug_kit_v,TV-S-002445-05:V003,USR-054,"[""TV-STUDY-002445"", ""TV-INVESTIGATOR-000445""]"
TV-STUDY-002445,Visit Missed,2023-11-16T22:37:00Z,lab_test_v,TV-S-002445-08:V001,USR-057,"[""TV-STUDY-002445"", ""TV-PARTICIPANT-002445"", ""TV-ALIQUOT-000445""]"
TV-STUDY-002445,Participant Reconsented,2023-11-16T23:14:00Z,data_query_v,TV-S-002445-11:V003,USR-048,"[""TV-STUDY-002445"", ""TV-LABORDER-000445""]"
TV-STUDY-002537,Participant Reconsented,2023-11-17T03:04:00Z,data_query_v,TV-S-002537-11:V001,USR-088,"[""TV-STUDY-002537"", ""TV-LABORDER-000037"", ""TV-PROTOCOL-002537""]"
TV-STUDY-002539,Participant Reconsented,2023-11-17T09:06:00Z,data_query_v,TV-S-002539-11:V001,USR-122,"[""TV-STUDY-002539"", ""TV-LABORDER-000039""]"
TV-STUDY-002450,Visit Rescheduled,2023-11-17T13:00:00Z,drug_kit_v,TV-S-002450-05:V002,USR-012,"[""TV-STUDY-002450"", ""TV-INVESTIGATOR-000450""]"
TV-STUDY-002450,Visit Missed,2023-11-17T13:37:00Z,lab_test_v,TV-S-002450-08:V003,USR-015,"[""TV-STUDY-002450"", ""TV-PARTICIPANT-002450""]"
TV-STUDY-002450,Participant Reconsented,2023-11-17T14:14:00Z,data_query_v,TV-S-002450-11:V001,USR-006,"[""TV-STUDY-002450"", ""TV-LABORDER-000450"", ""TV-PROTOCOL-002450""]"
TV-STUDY-002541,Participant Reconsented,2023-11-17T15:08:00Z,data_query_v,TV-S-002541-11:V001,USR-029,"[""TV-STUDY-002541"", ""TV-LABORDER-000041""]"
TV-STUDY-002543,Participant Reconsented,2023-11-17T21:10:00Z,data_query_v,TV-S-002543-11:V001,USR-063,"[""TV-STUDY-002543"", ""TV-LABORDER-000043""]"
TV-STUDY-002545,Participant Reconsented,2023-11-18T03:12:00Z,data_query_v,TV-S-002545-11:V001,USR-097,"[""TV-STUDY-002545"", ""TV-LABORDER-000045""]"
TV-STUDY-002455,Visit Rescheduled,2023-11-18T04:00:00Z,drug_kit_v,TV-S-002455-05:V002,USR-097,"[""TV-STUDY-002455"", ""TV-INVESTIGATOR-000455""]"
TV-STUDY-002455,Visit Missed,2023-11-18T04:37:00Z,lab_test_v,TV-S-002455-08:V001,USR-100,"[""TV-STUDY-002455"", ""TV-PARTICIPANT-002455""]"
TV-STUDY-002455,Participant Reconsented,2023-11-18T05:14:00Z,data_query_v,TV-S-002455-11:V002,USR-091,"[""TV-STUDY-002455"", ""TV-LABORDER-000455""]"
TV-STUDY-002547,Participant Reconsented,2023-11-18T09:14:00Z,data_query_v,TV-S-002547-11:V001,USR-004,"[""TV-STUDY-002547"", ""TV-LABORDER-000047"", ""TV-PROTOCOL-002547""]"
TV-STUDY-002549,Participant Reconsented,2023-11-18T15:16:00Z,data_query_v,TV-S-002549-11:V001,USR-038,"[""TV-STUDY-002549"", ""TV-LABORDER-000049"", ""TV-PROTOCOL-002549""]"
TV-STUDY-002460,Visit Rescheduled,2023-11-18T19:00:00Z,drug_kit_v,TV-S-002460-05:V003,USR-055,"[""TV-STUDY-002460"", ""TV-INVESTIGATOR-000460""]"
TV-STUDY-002460,Visit Missed,2023-11-18T19:37:00Z,lab_test_v,TV-S-002460-08:V002,USR-058,"[""TV-STUDY-002460"", ""TV-PARTICIPANT-002460""]"
TV-STUDY-002460,Participant Reconsented,2023-11-18T20:14:00Z,data_query_v,TV-S-002460-11:V002,USR-049,"[""TV-STUDY-002460"", ""TV-LABORDER-000460""]"
TV-STUDY-002539,Visit Rescheduled,2023-11-18T21:12:00Z,drug_kit_v,TV-S-002539-05:V003,USR-001,"[""TV-STUDY-002539"", ""TV-INVESTIGATOR-000039"", ""TV-DISPENSATION-000039""]"
TV-STUDY-002551,Participant Reconsented,2023-11-18T21:18:00Z,data_query_v,TV-S-002551-11:V001,USR-072,"[""TV-STUDY-002551"", ""TV-LABORDER-000051""]"
TV-STUDY-002553,Participant Reconsented,2023-11-19T03:20:00Z,data_query_v,TV-S-002553-11:V001,USR-106,"[""TV-STUDY-002553"", ""TV-LABORDER-000053""]"
TV-STUDY-002555,Participant Reconsented,2023-11-19T09:22:00Z,data_query_v,TV-S-002555-11:V001,USR-013,"[""TV-STUDY-002555"", ""TV-LABORDER-000055""]"
TV-STUDY-002465,Visit Rescheduled,2023-11-19T10:00:00Z,drug_kit_v,TV-S-002465-05:V003,USR-013,"[""TV-STUDY-002465"", ""TV-INVESTIGATOR-000465""]"
TV-STUDY-002465,Visit Missed,2023-11-19T10:37:00Z,lab_test_v,TV-S-002465-08:V001,USR-016,"[""TV-STUDY-002465"", ""TV-PARTICIPANT-002465""]"
TV-STUDY-002465,Participant Reconsented,2023-11-19T11:14:00Z,data_query_v,TV-S-002465-11:V002,USR-007,"[""TV-STUDY-002465"", ""TV-LABORDER-000465"", ""TV-PROTOCOL-002465""]"
TV-STUDY-002557,Participant Reconsented,2023-11-19T15:24:00Z,data_query_v,TV-S-002557-11:V001,USR-047,"[""TV-STUDY-002557"", ""TV-LABORDER-000057"", ""TV-PROTOCOL-002557""]"
TV-STUDY-002559,Participant Reconsented,2023-11-19T21:26:00Z,data_query_v,TV-S-002559-11:V001,USR-081,"[""TV-STUDY-002559"", ""TV-LABORDER-000059""]"
TV-STUDY-002470,Visit Rescheduled,2023-11-20T01:00:00Z,drug_kit_v,TV-S-002470-05:V005,USR-098,"[""TV-STUDY-002470"", ""TV-INVESTIGATOR-000470""]"
TV-STUDY-002470,Visit Missed,2023-11-20T01:37:00Z,lab_test_v,TV-S-002470-08:V003,USR-101,"[""TV-STUDY-002470"", ""TV-PARTICIPANT-002470"", ""TV-ALIQUOT-000470""]"
TV-STUDY-002470,Participant Reconsented,2023-11-20T02:14:00Z,data_query_v,TV-S-002470-11:V003,USR-092,"[""TV-STUDY-002470"", ""TV-LABORDER-000470""]"
TV-STUDY-002561,Participant Reconsented,2023-11-20T03:28:00Z,data_query_v,TV-S-002561-11:V001,USR-115,"[""TV-STUDY-002561"", ""TV-LABORDER-000061"", ""TV-PROTOCOL-002561""]"
TV-STUDY-002563,Participant Reconsented,2023-11-20T09:30:00Z,data_query_v,TV-S-002563-11:V001,USR-022,"[""TV-STUDY-002563"", ""TV-LABORDER-000063""]"
TV-STUDY-002565,Participant Reconsented,2023-11-20T15:32:00Z,data_query_v,TV-S-002565-11:V001,USR-056,"[""TV-STUDY-002565"", ""TV-LABORDER-000065""]"
TV-STUDY-002475,Visit Rescheduled,2023-11-20T16:00:00Z,drug_kit_v,TV-S-002475-05:V002,USR-056,"[""TV-STUDY-002475"", ""TV-INVESTIGATOR-000475"", ""TV-DISPENSATION-000475""]"
TV-STUDY-002475,Visit Missed,2023-11-20T16:37:00Z,lab_test_v,TV-S-002475-08:V001,USR-059,"[""TV-STUDY-002475"", ""TV-PARTICIPANT-002475""]"
TV-STUDY-002475,Participant Reconsented,2023-11-20T17:14:00Z,data_query_v,TV-S-002475-11:V002,USR-050,"[""TV-STUDY-002475"", ""TV-LABORDER-000475"", ""TV-PROTOCOL-002475""]"
TV-STUDY-002567,Participant Reconsented,2023-11-20T21:34:00Z,data_query_v,TV-S-002567-11:V001,USR-090,"[""TV-STUDY-002567"", ""TV-LABORDER-000067"", ""TV-PROTOCOL-002567""]"
TV-STUDY-002569,Participant Reconsented,2023-11-21T03:36:00Z,data_query_v,TV-S-002569-11:V001,USR-124,"[""TV-STUDY-002569"", ""TV-LABORDER-000069""]"
TV-STUDY-002552,Visit Missed,2023-11-21T06:28:00Z,lab_test_v,TV-S-002552-08:V003,USR-098,"[""TV-STUDY-002552"", ""TV-PARTICIPANT-002552""]"
TV-STUDY-002480,Visit Rescheduled,2023-11-21T07:00:00Z,drug_kit_v,TV-S-002480-05:V003,USR-014,"[""TV-STUDY-002480"", ""TV-INVESTIGATOR-000480"", ""TV-DISPENSATION-000480""]"
TV-STUDY-002480,Visit Missed,2023-11-21T07:37:00Z,lab_test_v,TV-S-002480-08:V002,USR-017,"[""TV-STUDY-002480"", ""TV-PARTICIPANT-002480""]"
TV-STUDY-002480,Participant Reconsented,2023-11-21T08:14:00Z,data_query_v,TV-S-002480-11:V001,USR-008,"[""TV-STUDY-002480"", ""TV-LABORDER-000480"", ""TV-PROTOCOL-002480""]"
TV-STUDY-002571,Participant Reconsented,2023-11-21T09:38:00Z,data_query_v,TV-S-002571-11:V001,USR-031,"[""TV-STUDY-002571"", ""TV-LABORDER-000071"", ""TV-PROTOCOL-002571""]"
TV-STUDY-002573,Participant Reconsented,2023-11-21T15:40:00Z,data_query_v,TV-S-002573-11:V001,USR-065,"[""TV-STUDY-002573"", ""TV-LABORDER-000073""]"
TV-STUDY-002562,Visit Rescheduled,2023-11-21T18:35:00Z,drug_kit_v,TV-S-002562-05:V002,USR-011,"[""TV-STUDY-002562"", ""TV-INVESTIGATOR-000062""]"
TV-STUDY-002575,Participant Reconsented,2023-11-21T21:42:00Z,data_query_v,TV-S-002575-11:V001,USR-099,"[""TV-STUDY-002575"", ""TV-LABORDER-000075"", ""TV-PROTOCOL-002575""]"
TV-STUDY-002485,Visit Rescheduled,2023-11-21T22:00:00Z,drug_kit_v,TV-S-002485-05:V003,USR-099,"[""TV-STUDY-002485"", ""TV-INVESTIGATOR-000485""]"
TV-STUDY-002485,Visit Missed,2023-11-21T22:37:00Z,lab_test_v,TV-S-002485-08:V001,USR-102,"[""TV-STUDY-002485"", ""TV-PARTICIPANT-002485""]"
TV-STUDY-002485,Participant Reconsented,2023-11-21T23:14:00Z,data_query_v,TV-S-002485-11:V002,USR-093,"[""TV-STUDY-002485"", ""TV-LABORDER-000485"", ""TV-PROTOCOL-002485""]"
TV-STUDY-002577,Participant Reconsented,2023-11-22T03:44:00Z,data_query_v,TV-S-002577-11:V001,USR-006,"[""TV-STUDY-002577"", ""TV-LABORDER-000077""]"
TV-STUDY-002579,Participant Reconsented,2023-11-22T09:46:00Z,data_query_v,TV-S-002579-11:V001,USR-040,"[""TV-STUDY-002579"", ""TV-LABORDER-000079""]"
TV-STUDY-002490,Visit Rescheduled,2023-11-22T13:00:00Z,drug_kit_v,TV-S-002490-05:V002,USR-057,"[""TV-STUDY-002490"", ""TV-INVESTIGATOR-000490"", ""TV-DISPENSATION-000490""]"
TV-STUDY-002490,Visit Missed,2023-11-22T13:37:00Z,lab_test_v,TV-S-002490-08:V002,USR-060,"[""TV-STUDY-002490"", ""TV-PARTICIPANT-002490"", ""TV-ALIQUOT-000490""]"
TV-STUDY-002490,Participant Reconsented,2023-11-22T14:14:00Z,data_query_v,TV-S-002490-11:V001,USR-051,"[""TV-STUDY-002490"", ""TV-LABORDER-000490""]"
TV-STUDY-002581,Participant Reconsented,2023-11-22T15:48:00Z,data_query_v,TV-S-002581-11:V001,USR-074,"[""TV-STUDY-002581"", ""TV-LABORDER-000081"", ""TV-PROTOCOL-002581""]"
TV-STUDY-002583,Participant Reconsented,2023-11-22T21:50:00Z,data_query_v,TV-S-002583-11:V001,USR-108,"[""TV-STUDY-002583"", ""TV-LABORDER-000083"", ""TV-PROTOCOL-002583""]"
TV-STUDY-002585,Participant Reconsented,2023-11-23T03:52:00Z,data_query_v,TV-S-002585-11:V001,USR-015,"[""TV-STUDY-002585"", ""TV-LABORDER-000085""]"
TV-STUDY-002495,Visit Rescheduled,2023-11-23T04:00:00Z,drug_kit_v,TV-S-002495-05:V002,USR-015,"[""TV-STUDY-002495"", ""TV-INVESTIGATOR-000495""]"
TV-STUDY-002495,Visit Missed,2023-11-23T04:37:00Z,lab_test_v,TV-S-002495-08:V001,USR-018,"[""TV-STUDY-002495"", ""TV-PARTICIPANT-002495"", ""TV-ALIQUOT-000495""]"
TV-STUDY-002495,Participant Reconsented,2023-11-23T05:14:00Z,data_query_v,TV-S-002495-11:V003,USR-009,"[""TV-STUDY-002495"", ""TV-LABORDER-000495""]"
TV-STUDY-002587,Participant Reconsented,2023-11-23T09:01:00Z,data_query_v,TV-S-002587-11:V001,USR-049,"[""TV-STUDY-002587"", ""TV-LABORDER-000087""]"
TV-STUDY-002589,Participant Reconsented,2023-11-23T15:03:00Z,data_query_v,TV-S-002589-11:V001,USR-083,"[""TV-STUDY-002589"", ""TV-LABORDER-000089"", ""TV-PROTOCOL-002589""]"
TV-STUDY-002500,Visit Rescheduled,2023-11-23T19:00:00Z,drug_kit_v,TV-S-002500-05:V002,USR-100,"[""TV-STUDY-002500"", ""TV-INVESTIGATOR-000500"", ""TV-DISPENSATION-000500""]"
TV-STUDY-002500,Visit Missed,2023-11-23T19:37:00Z,lab_test_v,TV-S-002500-08:V002,USR-103,"[""TV-STUDY-002500"", ""TV-PARTICIPANT-002500"", ""TV-ALIQUOT-000500""]"
TV-STUDY-002500,Participant Reconsented,2023-11-23T20:14:00Z,data_query_v,TV-S-002500-11:V001,USR-094,"[""TV-STUDY-002500"", ""TV-LABORDER-000500""]"
TV-STUDY-002591,Participant Reconsented,2023-11-23T21:05:00Z,data_query_v,TV-S-002591-11:V001,USR-117,"[""TV-STUDY-002591"", ""TV-LABORDER-000091"", ""TV-PROTOCOL-002591""]"
TV-STUDY-002593,Participant Reconsented,2023-11-24T03:07:00Z,data_query_v,TV-S-002593-11:V001,USR-024,"[""TV-STUDY-002593"", ""TV-LABORDER-000093"", ""TV-PROTOCOL-002593""]"
TV-STUDY-002595,Participant Reconsented,2023-11-24T09:09:00Z,data_query_v,TV-S-002595-11:V001,USR-058,"[""TV-STUDY-002595"", ""TV-LABORDER-000095""]"
TV-STUDY-002505,Visit Rescheduled,2023-11-24T10:00:00Z,drug_kit_v,TV-S-002505-05:V003,USR-058,"[""TV-STUDY-002505"", ""TV-INVESTIGATOR-000005""]"
TV-STUDY-002505,Visit Missed,2023-11-24T10:37:00Z,lab_test_v,TV-S-002505-08:V001,USR-061,"[""TV-STUDY-002505"", ""TV-PARTICIPANT-002505""]"
TV-STUDY-002505,Participant Reconsented,2023-11-24T11:14:00Z,data_query_v,TV-S-002505-11:V002,USR-052,"[""TV-STUDY-002505"", ""TV-LABORDER-000005"", ""TV-PROTOCOL-002505""]"
TV-STUDY-002585,Visit Rescheduled,2023-11-24T15:05:00Z,drug_kit_v,TV-S-002585-05:V003,USR-021,"[""TV-STUDY-002585"", ""TV-INVESTIGATOR-000085"", ""TV-DISPENSATION-000085""]"
TV-STUDY-002597,Participant Reconsented,2023-11-24T15:11:00Z,data_query_v,TV-S-002597-11:V001,USR-092,"[""TV-STUDY-002597"", ""TV-LABORDER-000097""]"
TV-STUDY-002599,Participant Reconsented,2023-11-24T21:13:00Z,data_query_v,TV-S-002599-11:V001,USR-126,"[""TV-STUDY-002599"", ""TV-LABORDER-000099"", ""TV-PROTOCOL-002599""]"
TV-STUDY-002510,Visit Rescheduled,2023-11-25T01:00:00Z,drug_kit_v,TV-S-002510-05:V003,USR-016,"[""TV-STUDY-002510"", ""TV-INVESTIGATOR-000010"", ""TV-DISPENSATION-000010""]"
TV-STUDY-002510,Visit Missed,2023-11-25T01:37:00Z,lab_test_v,TV-S-002510-08:V004,USR-019,"[""TV-STUDY-002510"", ""TV-PARTICIPANT-002510""]"
TV-STUDY-002510,Participant Reconsented,2023-11-25T02:14:00Z,data_query_v,TV-S-002510-11:V001,USR-010,"[""TV-STUDY-002510"", ""TV-LABORDER-000010"", ""TV-PROTOCOL-002510""]"
TV-STUDY-002601,Participant Reconsented,2023-11-25T03:15:00Z,data_query_v,TV-S-002601-11:V001,USR-033,"[""TV-STUDY-002601"", ""TV-LABORDER-000101"", ""TV-PROTOCOL-002601""]"
TV-STUDY-002603,Participant Reconsented,2023-11-25T09:17:00Z,data_query_v,TV-S-002603-11:V001,USR-067,"[""TV-STUDY-002603"", ""TV-LABORDER-000103"", ""TV-PROTOCOL-002603""]"
TV-STUDY-002605,Participant Reconsented,2023-11-25T15:19:00Z,data_query_v,TV-S-002605-11:V001,USR-101,"[""TV-STUDY-002605"", ""TV-LABORDER-000105"", ""TV-PROTOCOL-002605""]"
TV-STUDY-002515,Visit Rescheduled,2023-11-25T16:00:00Z,drug_kit_v,TV-S-002515-05:V003,USR-101,"[""TV-STUDY-002515"", ""TV-INVESTIGATOR-000015"", ""TV-DISPENSATION-000015""]"
TV-STUDY-002515,Visit Missed,2023-11-25T16:37:00Z,lab_test_v,TV-S-002515-08:V002,USR-104,"[""TV-STUDY-002515"", ""TV-PARTICIPANT-002515""]"
TV-STUDY-002515,Participant Reconsented,2023-11-25T17:14:00Z,data_query_v,TV-S-002515-11:V002,USR-095,"[""TV-STUDY-002515"", ""TV-LABORDER-000015"", ""TV-PROTOCOL-002515""]"
TV-STUDY-002589,Visit Missed,2023-11-25T21:12:00Z,lab_test_v,TV-S-002589-08:V001,USR-092,"[""TV-STUDY-002589"", ""TV-PARTICIPANT-002589"", ""TV-ALIQUOT-000089""]"
TV-STUDY-002607,Participant Reconsented,2023-11-25T21:21:00Z,data_query_v,TV-S-002607-11:V001,USR-008,"[""TV-STUDY-002607"", ""TV-LABORDER-000107"", ""TV-PROTOCOL-002607""]"
TV-STUDY-002609,Participant Reconsented,2023-11-26T03:23:00Z,data_query_v,TV-S-002609-11:V001,USR-042,"[""TV-STUDY-002609"", ""TV-LABORDER-000109"", ""TV-PROTOCOL-002609""]"
TV-STUDY-002520,Visit Rescheduled,2023-11-26T07:00:00Z,drug_kit_v,TV-S-002520-05:V002,USR-059,"[""TV-STUDY-002520"", ""TV-INVESTIGATOR-000020""]"
TV-STUDY-002520,Visit Missed,2023-11-26T07:37:00Z,lab_test_v,TV-S-002520-08:V003,USR-062,"[""TV-STUDY-002520"", ""TV-PARTICIPANT-002520""]"
TV-STUDY-002520,Participant Reconsented,2023-11-26T08:14:00Z,data_query_v,TV-S-002520-11:V001,USR-053,"[""TV-STUDY-002520"", ""TV-LABORDER-000020"", ""TV-PROTOCOL-002520""]"
TV-STUDY-002611,Participant Reconsented,2023-11-26T09:25:00Z,data_query_v,TV-S-002611-11:V001,USR-076,"[""TV-STUDY-002611"", ""TV-LABORDER-000111"", ""TV-PROTOCOL-002611""]"
TV-STUDY-002613,Participant Reconsented,2023-11-26T15:27:00Z,data_query_v,TV-S-002613-11:V001,USR-110,"[""TV-STUDY-002613"", ""TV-LABORDER-000113""]"
TV-STUDY-002615,Participant Reconsented,2023-11-26T21:29:00Z,data_query_v,TV-S-002615-11:V001,USR-017,"[""TV-STUDY-002615"", ""TV-LABORDER-000115"", ""TV-PROTOCOL-002615""]"
TV-STUDY-002525,Visit Rescheduled,2023-11-26T22:00:00Z,drug_kit_v,TV-S-002525-05:V002,USR-017,"[""TV-STUDY-002525"", ""TV-INVESTIGATOR-000025"", ""TV-DISPENSATION-000025""]"
TV-STUDY-002525,Visit Missed,2023-11-26T22:37:00Z,lab_test_v,TV-S-002525-08:V001,USR-020,"[""TV-STUDY-002525"", ""TV-PARTICIPANT-002525""]"
TV-STUDY-002525,Participant Reconsented,2023-11-26T23:14:00Z,data_query_v,TV-S-002525-11:V002,USR-011,"[""TV-STUDY-002525"", ""TV-LABORDER-000025"", ""TV-PROTOCOL-002525""]"
TV-STUDY-002617,Participant Reconsented,2023-11-27T03:31:00Z,data_query_v,TV-S-002617-11:V001,USR-051,"[""TV-STUDY-002617"", ""TV-LABORDER-000117"", ""TV-PROTOCOL-002617""]"
TV-STUDY-002619,Participant Reconsented,2023-11-27T09:33:00Z,data_query_v,TV-S-002619-11:V001,USR-085,"[""TV-STUDY-002619"", ""TV-LABORDER-000119""]"
TV-STUDY-002608,Visit Rescheduled,2023-11-27T12:28:00Z,drug_kit_v,TV-S-002608-05:V003,USR-031,"[""TV-STUDY-002608"", ""TV-INVESTIGATOR-000108""]"
TV-STUDY-002530,Visit Rescheduled,2023-11-27T13:00:00Z,drug_kit_v,TV-S-002530-05:V002,USR-102,"[""TV-STUDY-002530"", ""TV-INVESTIGATOR-000030""]"
TV-STUDY-002530,Visit Missed,2023-11-27T13:37:00Z,lab_test_v,TV-S-002530-08:V002,USR-105,"[""TV-STUDY-002530"", ""TV-PARTICIPANT-002530""]"
TV-STUDY-002530,Participant Reconsented,2023-11-27T14:14:00Z,data_query_v,TV-S-002530-11:V001,USR-096,"[""TV-STUDY-002530"", ""TV-LABORDER-000030""]"
TV-STUDY-002621,Participant Reconsented,2023-11-27T15:35:00Z,data_query_v,TV-S-002621-11:V001,USR-119,"[""TV-STUDY-002621"", ""TV-LABORDER-000121"", ""TV-PROTOCOL-002621""]"
TV-STUDY-002623,Participant Reconsented,2023-11-27T21:37:00Z,data_query_v,TV-S-002623-11:V001,USR-026,"[""TV-STUDY-002623"", ""TV-LABORDER-000123"", ""TV-PROTOCOL-002623""]"
TV-STUDY-002625,Participant Reconsented,2023-11-28T03:39:00Z,data_query_v,TV-S-002625-11:V001,USR-060,"[""TV-STUDY-002625"", ""TV-LABORDER-000125""]"
TV-STUDY-002535,Visit Rescheduled,2023-11-28T04:00:00Z,drug_kit_v,TV-S-002535-05:V003,USR-060,"[""TV-STUDY-002535"", ""TV-INVESTIGATOR-000035"", ""TV-DISPENSATION-000035""]"
TV-STUDY-002535,Visit Missed,2023-11-28T04:37:00Z,lab_test_v,TV-S-002535-08:V002,USR-063,"[""TV-STUDY-002535"", ""TV-PARTICIPANT-002535""]"
TV-STUDY-002535,Participant Reconsented,2023-11-28T05:14:00Z,data_query_v,TV-S-002535-11:V005,USR-054,"[""TV-STUDY-002535"", ""TV-LABORDER-000035"", ""TV-PROTOCOL-002535""]"
TV-STUDY-002627,Participant Reconsented,2023-11-28T09:41:00Z,data_query_v,TV-S-002627-11:V001,USR-094,"[""TV-STUDY-002627"", ""TV-LABORDER-000127""]"
TV-STUDY-002629,Participant Reconsented,2023-11-28T15:43:00Z,data_query_v,TV-S-002629-11:V001,USR-001,"[""TV-STUDY-002629"", ""TV-LABORDER-000129"", ""TV-PROTOCOL-002629""]"
TV-STUDY-002540,Visit Rescheduled,2023-11-28T19:00:00Z,drug_kit_v,TV-S-002540-05:V002,USR-018,"[""TV-STUDY-002540"", ""TV-INVESTIGATOR-000040""]"
TV-STUDY-002540,Visit Missed,2023-11-28T19:37:00Z,lab_test_v,TV-S-002540-08:V003,USR-021,"[""TV-STUDY-002540"", ""TV-PARTICIPANT-002540""]"
TV-STUDY-002540,Participant Reconsented,2023-11-28T20:14:00Z,data_query_v,TV-S-002540-11:V001,USR-012,"[""TV-STUDY-002540"", ""TV-LABORDER-000040"", ""TV-PROTOCOL-002540""]"
TV-STUDY-002631,Participant Reconsented,2023-11-28T21:45:00Z,data_query_v,TV-S-002631-11:V001,USR-035,"[""TV-STUDY-002631"", ""TV-LABORDER-000131""]"
TV-STUDY-002633,Participant Reconsented,2023-11-29T03:47:00Z,data_query_v,TV-S-002633-11:V001,USR-069,"[""TV-STUDY-002633"", ""TV-LABORDER-000133"", ""TV-PROTOCOL-002633""]"
TV-STUDY-002635,Participant Reconsented,2023-11-29T09:49:00Z,data_query_v,TV-S-002635-11:V001,USR-103,"[""TV-STUDY-002635"", ""TV-LABORDER-000135"", ""TV-PROTOCOL-002635""]"
TV-STUDY-002545,Visit Rescheduled,2023-11-29T10:00:00Z,drug_kit_v,TV-S-002545-05:V003,USR-103,"[""TV-STUDY-002545"", ""TV-INVESTIGATOR-000045""]"
TV-STUDY-002545,Visit Missed,2023-11-29T10:37:00Z,lab_test_v,TV-S-002545-08:V001,USR-106,"[""TV-STUDY-002545"", ""TV-PARTICIPANT-002545""]"
TV-STUDY-002545,Participant Reconsented,2023-11-29T11:14:00Z,data_query_v,TV-S-002545-11:V002,USR-097,"[""TV-STUDY-002545"", ""TV-LABORDER-000045""]"
TV-STUDY-002637,Participant Reconsented,2023-11-29T15:51:00Z,data_query_v,TV-S-002637-11:V001,USR-010,"[""TV-STUDY-002637"", ""TV-LABORDER-000137""]"
TV-STUDY-002639,Participant Reconsented,2023-11-29T21:00:00Z,data_query_v,TV-S-002639-11:V001,USR-044,"[""TV-STUDY-002639"", ""TV-LABORDER-000139"", ""TV-PROTOCOL-002639""]"
TV-STUDY-002550,Visit Rescheduled,2023-11-30T01:00:00Z,drug_kit_v,TV-S-002550-05:V002,USR-061,"[""TV-STUDY-002550"", ""TV-INVESTIGATOR-000050""]"
TV-STUDY-002550,Visit Missed,2023-11-30T01:37:00Z,lab_test_v,TV-S-002550-08:V002,USR-064,"[""TV-STUDY-002550"", ""TV-PARTICIPANT-002550""]"
TV-STUDY-002550,Participant Reconsented,2023-11-30T02:14:00Z,data_query_v,TV-S-002550-11:V001,USR-055,"[""TV-STUDY-002550"", ""TV-LABORDER-000050""]"
TV-STUDY-002641,Participant Reconsented,2023-11-30T03:02:00Z,data_query_v,TV-S-002641-11:V001,USR-078,"[""TV-STUDY-002641"", ""TV-LABORDER-000141""]"
TV-STUDY-002643,Participant Reconsented,2023-11-30T09:04:00Z,data_query_v,TV-S-002643-11:V001,USR-112,"[""TV-STUDY-002643"", ""TV-LABORDER-000143"", ""TV-PROTOCOL-002643""]"
TV-STUDY-002631,Visit Rescheduled,2023-11-30T09:51:00Z,drug_kit_v,TV-S-002631-05:V002,USR-041,"[""TV-STUDY-002631"", ""TV-INVESTIGATOR-000131"", ""TV-DISPENSATION-000131""]"
TV-STUDY-002626,Visit Missed,2023-11-30T12:49:00Z,lab_test_v,TV-S-002626-08:V002,USR-086,"[""TV-STUDY-002626"", ""TV-PARTICIPANT-002626""]"
TV-STUDY-002645,Participant Reconsented,2023-11-30T15:06:00Z,data_query_v,TV-S-002645-11:V001,USR-019,"[""TV-STUDY-002645"", ""TV-LABORDER-000145""]"
TV-STUDY-002555,Visit Rescheduled,2023-11-30T16:00:00Z,drug_kit_v,TV-S-002555-05:V002,USR-019,"[""TV-STUDY-002555"", ""TV-INVESTIGATOR-000055"", ""TV-DISPENSATION-000055""]"
TV-STUDY-002555,Visit Missed,2023-11-30T16:37:00Z,lab_test_v,TV-S-002555-08:V001,USR-022,"[""TV-STUDY-002555"", ""TV-PARTICIPANT-002555""]"
TV-STUDY-002555,Participant Reconsented,2023-11-30T17:14:00Z,data_query_v,TV-S-002555-11:V002,USR-013,"[""TV-STUDY-002555"", ""TV-LABORDER-000055"", ""TV-PROTOCOL-002555""]"
TV-STUDY-002647,Participant Reconsented,2023-11-30T21:08:00Z,data_query_v,TV-S-002647-11:V001,USR-053,"[""TV-STUDY-002647"", ""TV-LABORDER-000147""]"
TV-STUDY-002649,Participant Reconsented,2023-12-01T03:10:00Z,data_query_v,TV-S-002649-11:V001,USR-087,"[""TV-STUDY-002649"", ""TV-LABORDER-000149""]"
TV-STUDY-002560,Visit Rescheduled,2023-12-01T07:00:00Z,drug_kit_v,TV-S-002560-05:V002,USR-104,"[""TV-STUDY-002560"", ""TV-INVESTIGATOR-000060"", ""TV-DISPENSATION-000060""]"
TV-STUDY-002560,Visit Missed,2023-12-01T07:37:00Z,lab_test_v,TV-S-002560-08:V002,USR-107,"[""TV-STUDY-002560"", ""TV-PARTICIPANT-002560"", ""TV-ALIQUOT-000060""]"
TV-STUDY-002560,Participant Reconsented,2023-12-01T08:14:00Z,data_query_v,TV-S-002560-11:V001,USR-098,"[""TV-STUDY-002560"", ""TV-LABORDER-000060""]"
TV-STUDY-002651,Participant Reconsented,2023-12-01T09:12:00Z,data_query_v,TV-S-002651-11:V001,USR-121,"[""TV-STUDY-002651"", ""TV-LABORDER-000151""]"
TV-STUDY-002653,Participant Reconsented,2023-12-01T15:14:00Z,data_query_v,TV-S-002653-11:V001,USR-028,"[""TV-STUDY-002653"", ""TV-LABORDER-000153""]"
TV-STUDY-002655,Participant Reconsented,2023-12-01T21:16:00Z,data_query_v,TV-S-002655-11:V001,USR-062,"[""TV-STUDY-002655"", ""TV-LABORDER-000155""]"
TV-STUDY-002565,Visit Rescheduled,2023-12-01T22:00:00Z,drug_kit_v,TV-S-002565-05:V003,USR-062,"[""TV-STUDY-002565"", ""TV-INVESTIGATOR-000065"", ""TV-DISPENSATION-000065""]"
TV-STUDY-002565,Visit Missed,2023-12-01T22:37:00Z,lab_test_v,TV-S-002565-08:V001,USR-065,"[""TV-STUDY-002565"", ""TV-PARTICIPANT-002565""]"
TV-STUDY-002565,Participant Reconsented,2023-12-01T23:14:00Z,data_query_v,TV-S-002565-11:V002,USR-056,"[""TV-STUDY-002565"", ""TV-LABORDER-000065"", ""TV-PROTOCOL-002565""]"
TV-STUDY-002657,Participant Reconsented,2023-12-02T03:18:00Z,data_query_v,TV-S-002657-11:V001,USR-096,"[""TV-STUDY-002657"", ""TV-LABORDER-000157""]"
TV-STUDY-002659,Participant Reconsented,2023-12-02T09:20:00Z,data_query_v,TV-S-002659-11:V001,USR-003,"[""TV-STUDY-002659"", ""TV-LABORDER-000159""]"
TV-STUDY-002570,Visit Rescheduled,2023-12-02T13:00:00Z,drug_kit_v,TV-S-002570-05:V003,USR-020,"[""TV-STUDY-002570"", ""TV-INVESTIGATOR-000070"", ""TV-DISPENSATION-000070""]"
TV-STUDY-002570,Visit Missed,2023-12-02T13:37:00Z,lab_test_v,TV-S-002570-08:V002,USR-023,"[""TV-STUDY-002570"", ""TV-PARTICIPANT-002570"", ""TV-ALIQUOT-000070""]"
TV-STUDY-002570,Participant Reconsented,2023-12-02T14:14:00Z,data_query_v,TV-S-002570-11:V001,USR-014,"[""TV-STUDY-002570"", ""TV-LABORDER-000070""]"
TV-STUDY-002661,Participant Reconsented,2023-12-02T15:22:00Z,data_query_v,TV-S-002661-11:V001,USR-037,"[""TV-STUDY-002661"", ""TV-LABORDER-000161"", ""TV-PROTOCOL-002661""]"
TV-STUDY-002663,Participant Reconsented,2023-12-02T21:24:00Z,data_query_v,TV-S-002663-11:V001,USR-071,"[""TV-STUDY-002663"", ""TV-LABORDER-000163""]"
TV-STUDY-002665,Participant Reconsented,2023-12-03T03:26:00Z,data_query_v,TV-S-002665-11:V001,USR-105,"[""TV-STUDY-002665"", ""TV-LABORDER-000165""]"
TV-STUDY-002575,Visit Rescheduled,2023-12-03T04:00:00Z,drug_kit_v,TV-S-002575-05:V002,USR-105,"[""TV-STUDY-002575"", ""TV-INVESTIGATOR-000075"", ""TV-DISPENSATION-000075""]"
TV-STUDY-002575,Visit Missed,2023-12-03T04:37:00Z,lab_test_v,TV-S-002575-08:V001,USR-108,"[""TV-STUDY-002575"", ""TV-PARTICIPANT-002575"", ""TV-ALIQUOT-000075""]"
TV-STUDY-002575,Participant Reconsented,2023-12-03T05:14:00Z,data_query_v,TV-S-002575-11:V002,USR-099,"[""TV-STUDY-002575"", ""TV-LABORDER-000075""]"
TV-STUDY-002654,Visit Rescheduled,2023-12-03T06:21:00Z,drug_kit_v,TV-S-002654-05:V002,USR-051,"[""TV-STUDY-002654"", ""TV-INVESTIGATOR-000154"", ""TV-DISPENSATION-000154""]"
TV-STUDY-002667,Participant Reconsented,2023-12-03T09:28:00Z,data_query_v,TV-S-002667-11:V001,USR-012,"[""TV-STUDY-002667"", ""TV-LABORDER-000167"", ""TV-PROTOCOL-002667""]"
TV-STUDY-002669,Participant Reconsented,2023-12-03T15:30:00Z,data_query_v,TV-S-002669-11:V001,USR-046,"[""TV-STUDY-002669"", ""TV-LABORDER-000169""]"
TV-STUDY-002580,Visit Rescheduled,2023-12-03T19:00:00Z,drug_kit_v,TV-S-002580-05:V002,USR-063,"[""TV-STUDY-002580"", ""TV-INVESTIGATOR-000080"", ""TV-DISPENSATION-000080""]"
TV-STUDY-002580,Visit Missed,2023-12-03T19:37:00Z,lab_test_v,TV-S-002580-08:V003,USR-066,"[""TV-STUDY-002580"", ""TV-PARTICIPANT-002580""]"
TV-STUDY-002580,Participant Reconsented,2023-12-03T20:14:00Z,data_query_v,TV-S-002580-11:V001,USR-057,"[""TV-STUDY-002580"", ""TV-LABORDER-000080"", ""TV-PROTOCOL-002580""]"
TV-STUDY-002671,Participant Reconsented,2023-12-03T21:32:00Z,data_query_v,TV-S-002671-11:V001,USR-080,"[""TV-STUDY-002671"", ""TV-LABORDER-000171""]"
TV-STUDY-002673,Participant Reconsented,2023-12-04T03:34:00Z,data_query_v,TV-S-002673-11:V001,USR-114,"[""TV-STUDY-002673"", ""TV-LABORDER-000173"", ""TV-PROTOCOL-002673""]"
TV-STUDY-002675,Participant Reconsented,2023-12-04T09:36:00Z,data_query_v,TV-S-002675-11:V001,USR-021,"[""TV-STUDY-002675"", ""TV-LABORDER-000175"", ""TV-PROTOCOL-002675""]"
TV-STUDY-002585,Visit Rescheduled,2023-12-04T10:00:00Z,drug_kit_v,TV-S-002585-05:V004,USR-021,"[""TV-STUDY-002585"", ""TV-INVESTIGATOR-000085""]"
TV-STUDY-002585,Visit Missed,2023-12-04T10:37:00Z,lab_test_v,TV-S-002585-08:V001,USR-024,"[""TV-STUDY-002585"", ""TV-PARTICIPANT-002585""]"
TV-STUDY-002585,Participant Reconsented,2023-12-04T11:14:00Z,data_query_v,TV-S-002585-11:V003,USR-015,"[""TV-STUDY-002585"", ""TV-LABORDER-000085"", ""TV-PROTOCOL-002585""]"
TV-STUDY-002677,Participant Reconsented,2023-12-04T15:38:00Z,data_query_v,TV-S-002677-11:V001,USR-055,"[""TV-STUDY-002677"", ""TV-LABORDER-000177""]"
TV-STUDY-002679,Participant Reconsented,2023-12-04T21:40:00Z,data_query_v,TV-S-002679-11:V001,USR-089,"[""TV-STUDY-002679"", ""TV-LABORDER-000179""]"
TV-STUDY-002590,Visit Rescheduled,2023-12-05T01:00:00Z,drug_kit_v,TV-S-002590-05:V002,USR-106,"[""TV-STUDY-002590"", ""TV-INVESTIGATOR-000090"", ""TV-DISPENSATION-000090""]"
TV-STUDY-002590,Visit Missed,2023-12-05T01:37:00Z,lab_test_v,TV-S-002590-08:V002,USR-109,"[""TV-STUDY-002590"", ""TV-PARTICIPANT-002590""]"
TV-STUDY-002590,Participant Reconsented,2023-12-05T02:14:00Z,data_query_v,TV-S-002590-11:V001,USR-100,"[""TV-STUDY-002590"", ""TV-LABORDER-000090"", ""TV-PROTOCOL-002590""]"
TV-STUDY-002663,Visit Missed,2023-12-05T03:33:00Z,lab_test_v,TV-S-002663-08:V001,USR-080,"[""TV-STUDY-002663"", ""TV-PARTICIPANT-002663""]"
TV-STUDY-002681,Participant Reconsented,2023-12-05T03:42:00Z,data_query_v,TV-S-002681-11:V001,USR-123,"[""TV-STUDY-002681"", ""TV-LABORDER-000181""]"
TV-STUDY-002683,Participant Reconsented,2023-12-05T09:44:00Z,data_query_v,TV-S-002683-11:V001,USR-030,"[""TV-STUDY-002683"", ""TV-LABORDER-000183"", ""TV-PROTOCOL-002683""]"
TV-STUDY-002685,Participant Reconsented,2023-12-05T15:46:00Z,data_query_v,TV-S-002685-11:V001,USR-064,"[""TV-STUDY-002685"", ""TV-LABORDER-000185""]"
TV-STUDY-002595,Visit Rescheduled,2023-12-05T16:00:00Z,drug_kit_v,TV-S-002595-05:V003,USR-064,"[""TV-STUDY-002595"", ""TV-INVESTIGATOR-000095""]"
TV-STUDY-002595,Visit Missed,2023-12-05T16:37:00Z,lab_test_v,TV-S-002595-08:V001,USR-067,"[""TV-STUDY-002595"", ""TV-PARTICIPANT-002595""]"
TV-STUDY-002595,Participant Reconsented,2023-12-05T17:14:00Z,data_query_v,TV-S-002595-11:V002,USR-058,"[""TV-STUDY-002595"", ""TV-LABORDER-000095""]"
TV-STUDY-002687,Participant Reconsented,2023-12-05T21:48:00Z,data_query_v,TV-S-002687-11:V001,USR-098,"[""TV-STUDY-002687"", ""TV-LABORDER-000187""]"
TV-STUDY-002677,Visit Rescheduled,2023-12-06T03:44:00Z,drug_kit_v,TV-S-002677-05:V002,USR-061,"[""TV-STUDY-002677"", ""TV-INVESTIGATOR-000177"", ""TV-DISPENSATION-000177""]"
TV-STUDY-002689,Participant Reconsented,2023-12-06T03:50:00Z,data_query_v,TV-S-002689-11:V001,USR-005,"[""TV-STUDY-002689"", ""TV-LABORDER-000189"", ""TV-PROTOCOL-002689""]"
TV-STUDY-002600,Visit Rescheduled,2023-12-06T07:00:00Z,drug_kit_v,TV-S-002600-05:V004,USR-022,"[""TV-STUDY-002600"", ""TV-INVESTIGATOR-000100"", ""TV-DISPENSATION-000100""]"
TV-STUDY-002600,Visit Missed,2023-12-06T07:37:00Z,lab_test_v,TV-S-002600-08:V005,USR-025,"[""TV-STUDY-002600"", ""TV-PARTICIPANT-002600"", ""TV-ALIQUOT-000100""]"
TV-STUDY-002600,Participant Reconsented,2023-12-06T08:14:00Z,data_query_v,TV-S-002600-11:V002,USR-016,"[""TV-STUDY-002600"", ""TV-LABORDER-000100""]"
TV-STUDY-002691,Participant Reconsented,2023-12-06T09:52:00Z,data_query_v,TV-S-002691-11:V001,USR-039,"[""TV-STUDY-002691"", ""TV-LABORDER-000191""]"
TV-STUDY-002693,Participant Reconsented,2023-12-06T15:01:00Z,data_query_v,TV-S-002693-11:V001,USR-073,"[""TV-STUDY-002693"", ""TV-LABORDER-000193""]"
TV-STUDY-002695,Participant Reconsented,2023-12-06T21:03:00Z,data_query_v,TV-S-002695-11:V001,USR-107,"[""TV-STUDY-002695"", ""TV-LABORDER-000195""]"
TV-STUDY-002605,Visit Rescheduled,2023-12-06T22:00:00Z,drug_kit_v,TV-S-002605-05:V003,USR-107,"[""TV-STUDY-002605"", ""TV-INVESTIGATOR-000105""]"
TV-STUDY-002605,Visit Missed,2023-12-06T22:37:00Z,lab_test_v,TV-S-002605-08:V001,USR-110,"[""TV-STUDY-002605"", ""TV-PARTICIPANT-002605""]"
TV-STUDY-002605,Participant Reconsented,2023-12-06T23:14:00Z,data_query_v,TV-S-002605-11:V003,USR-101,"[""TV-STUDY-002605"", ""TV-LABORDER-000105"", ""TV-PROTOCOL-002605""]"
TV-STUDY-002697,Participant Reconsented,2023-12-07T03:05:00Z,data_query_v,TV-S-002697-11:V001,USR-014,"[""TV-STUDY-002697"", ""TV-LABORDER-000197""]"
TV-STUDY-002699,Participant Reconsented,2023-12-07T09:07:00Z,data_query_v,TV-S-002699-11:V001,USR-048,"[""TV-STUDY-002699"", ""TV-LABORDER-000199""]"
TV-STUDY-002610,Visit Rescheduled,2023-12-07T13:00:00Z,drug_kit_v,TV-S-002610-05:V003,USR-065,"[""TV-STUDY-002610"", ""TV-INVESTIGATOR-000110"", ""TV-DISPENSATION-000110""]"
TV-STUDY-002610,Visit Missed,2023-12-07T13:37:00Z,lab_test_v,TV-S-002610-08:V002,USR-068,"[""TV-STUDY-002610"", ""TV-PARTICIPANT-002610""]"
TV-STUDY-002610,Participant Reconsented,2023-12-07T14:14:00Z,data_query_v,TV-S-002610-11:V001,USR-059,"[""TV-STUDY-002610"", ""TV-LABORDER-000110"", ""TV-PROTOCOL-002610""]"
TV-STUDY-002701,Participant Reconsented,2023-12-07T15:09:00Z,data_query_v,TV-S-002701-11:V001,USR-082,"[""TV-STUDY-002701"", ""TV-LABORDER-000201""]"
TV-STUDY-002703,Participant Reconsented,2023-12-07T21:11:00Z,data_query_v,TV-S-002703-11:V001,USR-116,"[""TV-STUDY-002703"", ""TV-LABORDER-000203""]"
TV-STUDY-002705,Participant Reconsented,2023-12-08T03:13:00Z,data_query_v,TV-S-002705-11:V001,USR-023,"[""TV-STUDY-002705"", ""TV-LABORDER-000205"", ""TV-PROTOCOL-002705""]"
TV-STUDY-002615,Visit Rescheduled,2023-12-08T04:00:00Z,drug_kit_v,TV-S-002615-05:V002,USR-023,"[""TV-STUDY-002615"", ""TV-INVESTIGATOR-000115"", ""TV-DISPENSATION-000115""]"
TV-STUDY-002615,Visit Missed,2023-12-08T04:37:00Z,lab_test_v,TV-S-002615-08:V001,USR-026,"[""TV-STUDY-002615"", ""TV-PARTICIPANT-002615""]"
TV-STUDY-002615,Participant Reconsented,2023-12-08T05:14:00Z,data_query_v,TV-S-002615-11:V002,USR-017,"[""TV-STUDY-002615"", ""TV-LABORDER-000115"", ""TV-PROTOCOL-002615""]"
TV-STUDY-002707,Participant Reconsented,2023-12-08T09:15:00Z,data_query_v,TV-S-002707-11:V001,USR-057,"[""TV-STUDY-002707"", ""TV-LABORDER-000207"", ""TV-PROTOCOL-002707""]"
TV-STUDY-002709,Participant Reconsented,2023-12-08T15:17:00Z,data_query_v,TV-S-002709-11:V001,USR-091,"[""TV-STUDY-002709"", ""TV-LABORDER-000209"", ""TV-PROTOCOL-002709""]"
TV-STUDY-002620,Visit Rescheduled,2023-12-08T19:00:00Z,drug_kit_v,TV-S-002620-05:V005,USR-108,"[""TV-STUDY-002620"", ""TV-INVESTIGATOR-000120"", ""TV-DISPENSATION-000120""]"
TV-STUDY-002620,Visit Missed,2023-12-08T19:37:00Z,lab_test_v,TV-S-002620-08:V003,USR-111,"[""TV-STUDY-002620"", ""TV-PARTICIPANT-002620""]"
TV-STUDY-002620,Participant Reconsented,2023-12-08T20:14:00Z,data_query_v,TV-S-002620-11:V001,USR-102,"[""TV-STUDY-002620"", ""TV-LABORDER-000120"", ""TV-PROTOCOL-002620""]"
TV-STUDY-002711,Participant Reconsented,2023-12-08T21:19:00Z,data_query_v,TV-S-002711-11:V001,USR-125,"[""TV-STUDY-002711"", ""TV-LABORDER-000211"", ""TV-PROTOCOL-002711""]"
TV-STUDY-002700,Visit Rescheduled,2023-12-09T00:14:00Z,drug_kit_v,TV-S-002700-05:V002,USR-071,"[""TV-STUDY-002700"", ""TV-INVESTIGATOR-000200"", ""TV-DISPENSATION-000200""]"
TV-STUDY-002713,Participant Reconsented,2023-12-09T03:21:00Z,data_query_v,TV-S-002713-11:V001,USR-032,"[""TV-STUDY-002713"", ""TV-LABORDER-000213""]"
TV-STUDY-002715,Participant Reconsented,2023-12-09T09:23:00Z,data_query_v,TV-S-002715-11:V001,USR-066,"[""TV-STUDY-002715"", ""TV-LABORDER-000215"", ""TV-PROTOCOL-002715""]"
TV-STUDY-002625,Visit Rescheduled,2023-12-09T10:00:00Z,drug_kit_v,TV-S-002625-05:V002,USR-066,"[""TV-STUDY-002625"", ""TV-INVESTIGATOR-000125""]"
TV-STUDY-002625,Visit Missed,2023-12-09T10:37:00Z,lab_test_v,TV-S-002625-08:V003,USR-069,"[""TV-STUDY-002625"", ""TV-PARTICIPANT-002625"", ""TV-ALIQUOT-000125""]"
TV-STUDY-002625,Participant Reconsented,2023-12-09T11:14:00Z,data_query_v,TV-S-002625-11:V002,USR-060,"[""TV-STUDY-002625"", ""TV-LABORDER-000125""]"
TV-STUDY-002717,Participant Reconsented,2023-12-09T15:25:00Z,data_query_v,TV-S-002717-11:V001,USR-100,"[""TV-STUDY-002717"", ""TV-LABORDER-000217"", ""TV-PROTOCOL-002717""]"
TV-STUDY-002700,Visit Missed,2023-12-09T18:17:00Z,lab_test_v,TV-S-002700-08:V002,USR-074,"[""TV-STUDY-002700"", ""TV-PARTICIPANT-002700""]"
TV-STUDY-002719,Participant Reconsented,2023-12-09T21:27:00Z,data_query_v,TV-S-002719-11:V001,USR-007,"[""TV-STUDY-002719"", ""TV-LABORDER-000219"", ""TV-PROTOCOL-002719""]"
TV-STUDY-002630,Visit Rescheduled,2023-12-10T01:00:00Z,drug_kit_v,TV-S-002630-05:V002,USR-024,"[""TV-STUDY-002630"", ""TV-INVESTIGATOR-000130""]"
TV-STUDY-002630,Visit Missed,2023-12-10T01:37:00Z,lab_test_v,TV-S-002630-08:V002,USR-027,"[""TV-STUDY-002630"", ""TV-PARTICIPANT-002630""]"
TV-STUDY-002630,Participant Reconsented,2023-12-10T02:14:00Z,data_query_v,TV-S-002630-11:V001,USR-018,"[""TV-STUDY-002630"", ""TV-LABORDER-000130""]"
TV-STUDY-002721,Participant Reconsented,2023-12-10T03:29:00Z,data_query_v,TV-S-002721-11:V001,USR-041,"[""TV-STUDY-002721"", ""TV-LABORDER-000221""]"
TV-STUDY-002723,Participant Reconsented,2023-12-10T09:31:00Z,data_query_v,TV-S-002723-11:V001,USR-075,"[""TV-STUDY-002723"", ""TV-LABORDER-000223"", ""TV-PROTOCOL-002723""]"
TV-STUDY-002725,Participant Reconsented,2023-12-10T15:33:00Z,data_query_v,TV-S-002725-11:V001,USR-109,"[""TV-STUDY-002725"", ""TV-LABORDER-000225""]"
TV-STUDY-002635,Visit Rescheduled,2023-12-10T16:00:00Z,drug_kit_v,TV-S-002635-05:V003,USR-109,"[""TV-STUDY-002635"", ""TV-INVESTIGATOR-000135""]"
TV-STUDY-002635,Visit Missed,2023-12-10T16:37:00Z,lab_test_v,TV-S-002635-08:V001,USR-112,"[""TV-STUDY-002635"", ""TV-PARTICIPANT-002635""]"
TV-STUDY-002635,Participant Reconsented,2023-12-10T17:14:00Z,data_query_v,TV-S-002635-11:V002,USR-103,"[""TV-STUDY-002635"", ""TV-LABORDER-000135"", ""TV-PROTOCOL-002635""]"
TV-STUDY-002727,Participant Reconsented,2023-12-10T21:35:00Z,data_query_v,TV-S-002727-11:V001,USR-016,"[""TV-STUDY-002727"", ""TV-LABORDER-000227"", ""TV-PROTOCOL-002727""]"
TV-STUDY-002729,Participant Reconsented,2023-12-11T03:37:00Z,data_query_v,TV-S-002729-11:V001,USR-050,"[""TV-STUDY-002729"", ""TV-LABORDER-000229""]"
TV-STUDY-002640,Visit Rescheduled,2023-12-11T07:00:00Z,drug_kit_v,TV-S-002640-05:V002,USR-067,"[""TV-STUDY-002640"", ""TV-INVESTIGATOR-000140""]"
TV-STUDY-002640,Visit Missed,2023-12-11T07:37:00Z,lab_test_v,TV-S-002640-08:V002,USR-070,"[""TV-STUDY-002640"", ""TV-PARTICIPANT-002640""]"
TV-STUDY-002640,Participant Reconsented,2023-12-11T08:14:00Z,data_query_v,TV-S-002640-11:V001,USR-061,"[""TV-STUDY-002640"", ""TV-LABORDER-000140"", ""TV-PROTOCOL-002640""]"
TV-STUDY-002731,Participant Reconsented,2023-12-11T09:39:00Z,data_query_v,TV-S-002731-11:V001,USR-084,"[""TV-STUDY-002731"", ""TV-LABORDER-000231""]"
TV-STUDY-002733,Participant Reconsented,2023-12-11T15:41:00Z,data_query_v,TV-S-002733-11:V001,USR-118,"[""TV-STUDY-002733"", ""TV-LABORDER-000233"", ""TV-PROTOCOL-002733""]"
TV-STUDY-002723,Visit Rescheduled,2023-12-11T21:37:00Z,drug_kit_v,TV-S-002723-05:V002,USR-081,"[""TV-STUDY-002723"", ""TV-INVESTIGATOR-000223""]"
TV-STUDY-002735,Participant Reconsented,2023-12-11T21:43:00Z,data_query_v,TV-S-002735-11:V001,USR-025,"[""TV-STUDY-002735"", ""TV-LABORDER-000235""]"
TV-STUDY-002645,Visit Rescheduled,2023-12-11T22:00:00Z,drug_kit_v,TV-S-002645-05:V002,USR-025,"[""TV-STUDY-002645"", ""TV-INVESTIGATOR-000145""]"
TV-STUDY-002645,Visit Missed,2023-12-11T22:37:00Z,lab_test_v,TV-S-002645-08:V001,USR-028,"[""TV-STUDY-002645"", ""TV-PARTICIPANT-002645"", ""TV-ALIQUOT-000145""]"
TV-STUDY-002645,Participant Reconsented,2023-12-11T23:14:00Z,data_query_v,TV-S-002645-11:V004,USR-019,"[""TV-STUDY-002645"", ""TV-LABORDER-000145""]"
TV-STUDY-002737,Participant Reconsented,2023-12-12T03:45:00Z,data_query_v,TV-S-002737-11:V001,USR-059,"[""TV-STUDY-002737"", ""TV-LABORDER-000237""]"
TV-STUDY-002739,Participant Reconsented,2023-12-12T09:47:00Z,data_query_v,TV-S-002739-11:V001,USR-093,"[""TV-STUDY-002739"", ""TV-LABORDER-000239""]"
TV-STUDY-002650,Visit Rescheduled,2023-12-12T13:00:00Z,drug_kit_v,TV-S-002650-05:V003,USR-110,"[""TV-STUDY-002650"", ""TV-INVESTIGATOR-000150""]"
TV-STUDY-002650,Visit Missed,2023-12-12T13:37:00Z,lab_test_v,TV-S-002650-08:V002,USR-113,"[""TV-STUDY-002650"", ""TV-PARTICIPANT-002650""]"
TV-STUDY-002650,Participant Reconsented,2023-12-12T14:14:00Z,data_query_v,TV-S-002650-11:V002,USR-104,"[""TV-STUDY-002650"", ""TV-LABORDER-000150""]"
TV-STUDY-002741,Participant Reconsented,2023-12-12T15:49:00Z,data_query_v,TV-S-002741-11:V001,USR-127,"[""TV-STUDY-002741"", ""TV-LABORDER-000241""]"
TV-STUDY-002743,Participant Reconsented,2023-12-12T21:51:00Z,data_query_v,TV-S-002743-11:V001,USR-034,"[""TV-STUDY-002743"", ""TV-LABORDER-000243""]"
TV-STUDY-002745,Participant Reconsented,2023-12-13T03:00:00Z,data_query_v,TV-S-002745-11:V001,USR-068,"[""TV-STUDY-002745"", ""TV-LABORDER-000245""]"
TV-STUDY-002655,Visit Rescheduled,2023-12-13T04:00:00Z,drug_kit_v,TV-S-002655-05:V002,USR-068,"[""TV-STUDY-002655"", ""TV-INVESTIGATOR-000155""]"
TV-STUDY-002655,Visit Missed,2023-12-13T04:37:00Z,lab_test_v,TV-S-002655-08:V001,USR-071,"[""TV-STUDY-002655"", ""TV-PARTICIPANT-002655""]"
TV-STUDY-002655,Participant Reconsented,2023-12-13T05:14:00Z,data_query_v,TV-S-002655-11:V002,USR-062,"[""TV-STUDY-002655"", ""TV-LABORDER-000155"", ""TV-PROTOCOL-002655""]"
TV-STUDY-002747,Participant Reconsented,2023-12-13T09:02:00Z,data_query_v,TV-S-002747-11:V001,USR-102,"[""TV-STUDY-002747"", ""TV-LABORDER-000247""]"
TV-STUDY-002749,Participant Reconsented,2023-12-13T15:04:00Z,data_query_v,TV-S-002749-11:V001,USR-009,"[""TV-STUDY-002749"", ""TV-LABORDER-000249""]"
TV-STUDY-002660,Visit Rescheduled,2023-12-13T19:00:00Z,drug_kit_v,TV-S-002660-05:V002,USR-026,"[""TV-STUDY-002660"", ""TV-INVESTIGATOR-000160"", ""TV-DISPENSATION-000160""]"
TV-STUDY-002660,Visit Missed,2023-12-13T19:37:00Z,lab_test_v,TV-S-002660-08:V002,USR-029,"[""TV-STUDY-002660"", ""TV-PARTICIPANT-002660"", ""TV-ALIQUOT-000160""]"
TV-STUDY-002660,Participant Reconsented,2023-12-13T20:14:00Z,data_query_v,TV-S-002660-11:V001,USR-020,"[""TV-STUDY-002660"", ""TV-LABORDER-000160""]"
TV-STUDY-002751,Participant Reconsented,2023-12-13T21:06:00Z,data_query_v,TV-S-002751-11:V001,USR-043,"[""TV-STUDY-002751"", ""TV-LABORDER-000251""]"
TV-STUDY-002753,Participant Reconsented,2023-12-14T03:08:00Z,data_query_v,TV-S-002753-11:V001,USR-077,"[""TV-STUDY-002753"", ""TV-LABORDER-000253"", ""TV-PROTOCOL-002753""]"
TV-STUDY-002737,Visit Missed,2023-12-14T09:01:00Z,lab_test_v,TV-S-002737-08:V001,USR-068,"[""TV-STUDY-002737"", ""TV-PARTICIPANT-002737"", ""TV-ALIQUOT-000237""]"
TV-STUDY-002755,Participant Reconsented,2023-12-14T09:10:00Z,data_query_v,TV-S-002755-11:V001,USR-111,"[""TV-STUDY-002755"", ""TV-LABORDER-000255""]"
TV-STUDY-002665,Visit Rescheduled,2023-12-14T10:00:00Z,drug_kit_v,TV-S-002665-05:V003,USR-111,"[""TV-STUDY-002665"", ""TV-INVESTIGATOR-000165""]"
TV-STUDY-002665,Visit Missed,2023-12-14T10:37:00Z,lab_test_v,TV-S-002665-08:V002,USR-114,"[""TV-STUDY-002665"", ""TV-PARTICIPANT-002665""]"
TV-STUDY-002665,Participant Reconsented,2023-12-14T11:14:00Z,data_query_v,TV-S-002665-11:V003,USR-105,"[""TV-STUDY-002665"", ""TV-LABORDER-000165"", ""TV-PROTOCOL-002665""]"
TV-STUDY-002757,Participant Reconsented,2023-12-14T15:12:00Z,data_query_v,TV-S-002757-11:V001,USR-018,"[""TV-STUDY-002757"", ""TV-LABORDER-000257""]"
TV-STUDY-002746,Visit Rescheduled,2023-12-14T18:07:00Z,drug_kit_v,TV-S-002746-05:V002,USR-091,"[""TV-STUDY-002746"", ""TV-INVESTIGATOR-000246""]"
TV-STUDY-002759,Participant Reconsented,2023-12-14T21:14:00Z,data_query_v,TV-S-002759-11:V001,USR-052,"[""TV-STUDY-002759"", ""TV-LABORDER-000259""]"
TV-STUDY-002670,Visit Rescheduled,2023-12-15T01:00:00Z,drug_kit_v,TV-S-002670-05:V002,USR-069,"[""TV-STUDY-002670"", ""TV-INVESTIGATOR-000170""]"
TV-STUDY-002670,Visit Missed,2023-12-15T01:37:00Z,lab_test_v,TV-S-002670-08:V002,USR-072,"[""TV-STUDY-002670"", ""TV-PARTICIPANT-002670""]"
TV-STUDY-002670,Participant Reconsented,2023-12-15T02:14:00Z,data_query_v,TV-S-002670-11:V001,USR-063,"[""TV-STUDY-002670"", ""TV-LABORDER-000170"", ""TV-PROTOCOL-002670""]"
TV-STUDY-002761,Participant Reconsented,2023-12-15T03:16:00Z,data_query_v,TV-S-002761-11:V001,USR-086,"[""TV-STUDY-002761"", ""TV-LABORDER-000261"", ""TV-PROTOCOL-002761""]"
TV-STUDY-002763,Participant Reconsented,2023-12-15T09:18:00Z,data_query_v,TV-S-002763-11:V001,USR-120,"[""TV-STUDY-002763"", ""TV-LABORDER-000263""]"
TV-STUDY-002765,Participant Reconsented,2023-12-15T15:20:00Z,data_query_v,TV-S-002765-11:V001,USR-027,"[""TV-STUDY-002765"", ""TV-LABORDER-000265"", ""TV-PROTOCOL-002765""]"
TV-STUDY-002675,Visit Rescheduled,2023-12-15T16:00:00Z,drug_kit_v,TV-S-002675-05:V003,USR-027,"[""TV-STUDY-002675"", ""TV-INVESTIGATOR-000175""]"
TV-STUDY-002675,Visit Missed,2023-12-15T16:37:00Z,lab_test_v,TV-S-002675-08:V001,USR-030,"[""TV-STUDY-002675"", ""TV-PARTICIPANT-002675""]"
TV-STUDY-002675,Participant Reconsented,2023-12-15T17:14:00Z,data_query_v,TV-S-002675-11:V002,USR-021,"[""TV-STUDY-002675"", ""TV-LABORDER-000175"", ""TV-PROTOCOL-002675""]"
TV-STUDY-002767,Participant Reconsented,2023-12-15T21:22:00Z,data_query_v,TV-S-002767-11:V001,USR-061,"[""TV-STUDY-002767"", ""TV-LABORDER-000267""]"
TV-STUDY-002769,Participant Reconsented,2023-12-16T03:24:00Z,data_query_v,TV-S-002769-11:V001,USR-095,"[""TV-STUDY-002769"", ""TV-LABORDER-000269"", ""TV-PROTOCOL-002769""]"
TV-STUDY-002680,Visit Rescheduled,2023-12-16T07:00:00Z,drug_kit_v,TV-S-002680-05:V002,USR-112,"[""TV-STUDY-002680"", ""TV-INVESTIGATOR-000180""]"
TV-STUDY-002680,Visit Missed,2023-12-16T07:37:00Z,lab_test_v,TV-S-002680-08:V002,USR-115,"[""TV-STUDY-002680"", ""TV-PARTICIPANT-002680""]"
TV-STUDY-002680,Participant Reconsented,2023-12-16T08:14:00Z,data_query_v,TV-S-002680-11:V001,USR-106,"[""TV-STUDY-002680"", ""TV-LABORDER-000180""]"
TV-STUDY-002771,Participant Reconsented,2023-12-16T09:26:00Z,data_query_v,TV-S-002771-11:V001,USR-002,"[""TV-STUDY-002771"", ""TV-LABORDER-000271""]"
TV-STUDY-002773,Participant Reconsented,2023-12-16T15:28:00Z,data_query_v,TV-S-002773-11:V001,USR-036,"[""TV-STUDY-002773"", ""TV-LABORDER-000273"", ""TV-PROTOCOL-002773""]"
TV-STUDY-002775,Participant Reconsented,2023-12-16T21:30:00Z,data_query_v,TV-S-002775-11:V001,USR-070,"[""TV-STUDY-002775"", ""TV-LABORDER-000275""]"
TV-STUDY-002685,Visit Rescheduled,2023-12-16T22:00:00Z,drug_kit_v,TV-S-002685-05:V002,USR-070,"[""TV-STUDY-002685"", ""TV-INVESTIGATOR-000185"", ""TV-DISPENSATION-000185""]"
TV-STUDY-002685,Visit Missed,2023-12-16T22:37:00Z,lab_test_v,TV-S-002685-08:V001,USR-073,"[""TV-STUDY-002685"", ""TV-PARTICIPANT-002685"", ""TV-ALIQUOT-000185""]"
TV-STUDY-002685,Participant Reconsented,2023-12-16T23:14:00Z,data_query_v,TV-S-002685-11:V002,USR-064,"[""TV-STUDY-002685"", ""TV-LABORDER-000185""]"
TV-STUDY-002777,Participant Reconsented,2023-12-17T03:32:00Z,data_query_v,TV-S-002777-11:V001,USR-104,"[""TV-STUDY-002777"", ""TV-LABORDER-000277""]"
TV-STUDY-002779,Participant Reconsented,2023-12-17T09:34:00Z,data_query_v,TV-S-002779-11:V001,USR-011,"[""TV-STUDY-002779"", ""TV-LABORDER-000279""]"
TV-STUDY-002690,Visit Rescheduled,2023-12-17T13:00:00Z,drug_kit_v,TV-S-002690-05:V002,USR-028,"[""TV-STUDY-002690"", ""TV-INVESTIGATOR-000190""]"
TV-STUDY-002690,Visit Missed,2023-12-17T13:37:00Z,lab_test_v,TV-S-002690-08:V002,USR-031,"[""TV-STUDY-002690"", ""TV-PARTICIPANT-002690""]"
TV-STUDY-002690,Participant Reconsented,2023-12-17T14:14:00Z,data_query_v,TV-S-002690-11:V001,USR-022,"[""TV-STUDY-002690"", ""TV-LABORDER-000190"", ""TV-PROTOCOL-002690""]"
TV-STUDY-002769,Visit Rescheduled,2023-12-17T15:30:00Z,drug_kit_v,TV-S-002769-05:V003,USR-101,"[""TV-STUDY-002769"", ""TV-INVESTIGATOR-000269""]"
TV-STUDY-002781,Participant Reconsented,2023-12-17T15:36:00Z,data_query_v,TV-S-002781-11:V001,USR-045,"[""TV-STUDY-002781"", ""TV-LABORDER-000281"", ""TV-PROTOCOL-002781""]"
TV-STUDY-002783,Participant Reconsented,2023-12-17T21:38:00Z,data_query_v,TV-S-002783-11:V001,USR-079,"[""TV-STUDY-002783"", ""TV-LABORDER-000283""]"
TV-STUDY-002785,Participant Reconsented,2023-12-18T03:40:00Z,data_query_v,TV-S-002785-11:V001,USR-113,"[""TV-STUDY-002785"", ""TV-LABORDER-000285""]"
TV-STUDY-002695,Visit Rescheduled,2023-12-18T04:00:00Z,drug_kit_v,TV-S-002695-05:V002,USR-113,"[""TV-STUDY-002695"", ""TV-INVESTIGATOR-000195"", ""TV-DISPENSATION-000195""]"
TV-STUDY-002695,Visit Missed,2023-12-18T04:37:00Z,lab_test_v,TV-S-002695-08:V001,USR-116,"[""TV-STUDY-002695"", ""TV-PARTICIPANT-002695""]"
TV-STUDY-002695,Participant Reconsented,2023-12-18T05:14:00Z,data_query_v,TV-S-002695-11:V002,USR-107,"[""TV-STUDY-002695"", ""TV-LABORDER-000195"", ""TV-PROTOCOL-002695""]"
TV-STUDY-002787,Participant Reconsented,2023-12-18T09:42:00Z,data_query_v,TV-S-002787-11:V001,USR-020,"[""TV-STUDY-002787"", ""TV-LABORDER-000287""]"
TV-STUDY-002789,Participant Reconsented,2023-12-18T15:44:00Z,data_query_v,TV-S-002789-11:V001,USR-054,"[""TV-STUDY-002789"", ""TV-LABORDER-000289""]"
TV-STUDY-002700,Visit Rescheduled,2023-12-18T19:00:00Z,drug_kit_v,TV-S-002700-05:V003,USR-071,"[""TV-STUDY-002700"", ""TV-INVESTIGATOR-000200""]"
TV-STUDY-002700,Visit Missed,2023-12-18T19:37:00Z,lab_test_v,TV-S-002700-08:V003,USR-074,"[""TV-STUDY-002700"", ""TV-PARTICIPANT-002700"", ""TV-ALIQUOT-000200""]"
TV-STUDY-002700,Participant Reconsented,2023-12-18T20:14:00Z,data_query_v,TV-S-002700-11:V001,USR-065,"[""TV-STUDY-002700"", ""TV-LABORDER-000200""]"
TV-STUDY-002791,Participant Reconsented,2023-12-18T21:46:00Z,data_query_v,TV-S-002791-11:V001,USR-088,"[""TV-STUDY-002791"", ""TV-LABORDER-000291""]"
TV-STUDY-002774,Visit Missed,2023-12-19T00:38:00Z,lab_test_v,TV-S-002774-08:V002,USR-062,"[""TV-STUDY-002774"", ""TV-PARTICIPANT-002774"", ""TV-ALIQUOT-000274""]"
TV-STUDY-002793,Participant Reconsented,2023-12-19T03:48:00Z,data_query_v,TV-S-002793-11:V001,USR-122,"[""TV-STUDY-002793"", ""TV-LABORDER-000293"", ""TV-PROTOCOL-002793""]"
TV-STUDY-002795,Participant Reconsented,2023-12-19T09:50:00Z,data_query_v,TV-S-002795-11:V001,USR-029,"[""TV-STUDY-002795"", ""TV-LABORDER-000295""]"
TV-STUDY-002705,Visit Rescheduled,2023-12-19T10:00:00Z,drug_kit_v,TV-S-002705-05:V002,USR-029,"[""TV-STUDY-002705"", ""TV-INVESTIGATOR-000205""]"
TV-STUDY-002705,Visit Missed,2023-12-19T10:37:00Z,lab_test_v,TV-S-002705-08:V001,USR-032,"[""TV-STUDY-002705"", ""TV-PARTICIPANT-002705""]"
TV-STUDY-002705,Participant Reconsented,2023-12-19T11:14:00Z,data_query_v,TV-S-002705-11:V002,USR-023,"[""TV-STUDY-002705"", ""TV-LABORDER-000205""]"
TV-STUDY-002797,Participant Reconsented,2023-12-19T15:52:00Z,data_query_v,TV-S-002797-11:V001,USR-063,"[""TV-STUDY-002797"", ""TV-LABORDER-000297"", ""TV-PROTOCOL-002797""]"
TV-STUDY-002799,Participant Reconsented,2023-12-19T21:01:00Z,data_query_v,TV-S-002799-11:V001,USR-097,"[""TV-STUDY-002799"", ""TV-LABORDER-000299""]"
TV-STUDY-002710,Visit Rescheduled,2023-12-20T01:00:00Z,drug_kit_v,TV-S-002710-05:V002,USR-114,"[""TV-STUDY-002710"", ""TV-INVESTIGATOR-000210"", ""TV-DISPENSATION-000210""]"
TV-STUDY-002710,Visit Missed,2023-12-20T01:37:00Z,lab_test_v,TV-S-002710-08:V002,USR-117,"[""TV-STUDY-002710"", ""TV-PARTICIPANT-002710""]"
TV-STUDY-002710,Participant Reconsented,2023-12-20T02:14:00Z,data_query_v,TV-S-002710-11:V001,USR-108,"[""TV-STUDY-002710"", ""TV-LABORDER-000210"", ""TV-PROTOCOL-002710""]"
TV-STUDY-002801,Participant Reconsented,2023-12-20T03:03:00Z,data_query_v,TV-S-002801-11:V001,USR-004,"[""TV-STUDY-002801"", ""TV-LABORDER-000301""]"
TV-STUDY-002803,Participant Reconsented,2023-12-20T09:05:00Z,data_query_v,TV-S-002803-11:V001,USR-038,"[""TV-STUDY-002803"", ""TV-LABORDER-000303""]"
TV-STUDY-002792,Visit Rescheduled,2023-12-20T12:00:00Z,drug_kit_v,TV-S-002792-05:V002,USR-111,"[""TV-STUDY-002792"", ""TV-INVESTIGATOR-000292""]"
TV-STUDY-002805,Participant Reconsented,2023-12-20T15:07:00Z,data_query_v,TV-S-002805-11:V001,USR-072,"[""TV-STUDY-002805"", ""TV-LABORDER-000305""]"
TV-STUDY-002715,Visit Rescheduled,2023-12-20T16:00:00Z,drug_kit_v,TV-S-002715-05:V004,USR-072,"[""TV-STUDY-002715"", ""TV-INVESTIGATOR-000215"", ""TV-DISPENSATION-000215""]"
TV-STUDY-002715,Visit Missed,2023-12-20T16:37:00Z,lab_test_v,TV-S-002715-08:V001,USR-075,"[""TV-STUDY-002715"", ""TV-PARTICIPANT-002715""]"
TV-STUDY-002715,Participant Reconsented,2023-12-20T17:14:00Z,data_query_v,TV-S-002715-11:V002,USR-066,"[""TV-STUDY-002715"", ""TV-LABORDER-000215"", ""TV-PROTOCOL-002715""]"
TV-STUDY-002807,Participant Reconsented,2023-12-20T21:09:00Z,data_query_v,TV-S-002807-11:V001,USR-106,"[""TV-STUDY-002807"", ""TV-LABORDER-000307"", ""TV-PROTOCOL-002807""]"
TV-STUDY-002809,Participant Reconsented,2023-12-21T03:11:00Z,data_query_v,TV-S-002809-11:V001,USR-013,"[""TV-STUDY-002809"", ""TV-LABORDER-000309""]"
TV-STUDY-002720,Visit Rescheduled,2023-12-21T07:00:00Z,drug_kit_v,TV-S-002720-05:V002,USR-030,"[""TV-STUDY-002720"", ""TV-INVESTIGATOR-000220""]"
TV-STUDY-002720,Visit Missed,2023-12-21T07:37:00Z,lab_test_v,TV-S-002720-08:V002,USR-033,"[""TV-STUDY-002720"", ""TV-PARTICIPANT-002720"", ""TV-ALIQUOT-000220""]"
TV-STUDY-002720,Participant Reconsented,2023-12-21T08:14:00Z,data_query_v,TV-S-002720-11:V001,USR-024,"[""TV-STUDY-002720"", ""TV-LABORDER-000220""]"
TV-STUDY-002811,Participant Reconsented,2023-12-21T09:13:00Z,data_query_v,TV-S-002811-11:V001,USR-047,"[""TV-STUDY-002811"", ""TV-LABORDER-000311"", ""TV-PROTOCOL-002811""]"
TV-STUDY-002813,Participant Reconsented,2023-12-21T15:15:00Z,data_query_v,TV-S-002813-11:V001,USR-081,"[""TV-STUDY-002813"", ""TV-LABORDER-000313"", ""TV-PROTOCOL-002813""]"
TV-STUDY-002815,Participant Reconsented,2023-12-21T21:17:00Z,data_query_v,TV-S-002815-11:V001,USR-115,"[""TV-STUDY-002815"", ""TV-LABORDER-000315"", ""TV-PROTOCOL-002815""]"
TV-STUDY-002725,Visit Rescheduled,2023-12-21T22:00:00Z,drug_kit_v,TV-S-002725-05:V003,USR-115,"[""TV-STUDY-002725"", ""TV-INVESTIGATOR-000225"", ""TV-DISPENSATION-000225""]"
TV-STUDY-002725,Visit Missed,2023-12-21T22:37:00Z,lab_test_v,TV-S-002725-08:V001,USR-118,"[""TV-STUDY-002725"", ""TV-PARTICIPANT-002725""]"
TV-STUDY-002725,Participant Reconsented,2023-12-21T23:14:00Z,data_query_v,TV-S-002725-11:V003,USR-109,"[""TV-STUDY-002725"", ""TV-LABORDER-000225"", ""TV-PROTOCOL-002725""]"
TV-STUDY-002817,Participant Reconsented,2023-12-22T03:19:00Z,data_query_v,TV-S-002817-11:V001,USR-022,"[""TV-STUDY-002817"", ""TV-LABORDER-000317"", ""TV-PROTOCOL-002817""]"
TV-STUDY-002819,Participant Reconsented,2023-12-22T09:21:00Z,data_query_v,TV-S-002819-11:V001,USR-056,"[""TV-STUDY-002819"", ""TV-LABORDER-000319"", ""TV-PROTOCOL-002819""]"
TV-STUDY-002730,Visit Rescheduled,2023-12-22T13:00:00Z,drug_kit_v,TV-S-002730-05:V005,USR-073,"[""TV-STUDY-002730"", ""TV-INVESTIGATOR-000230""]"
TV-STUDY-002730,Visit Missed,2023-12-22T13:37:00Z,lab_test_v,TV-S-002730-08:V005,USR-076,"[""TV-STUDY-002730"", ""TV-PARTICIPANT-002730""]"
TV-STUDY-002730,Participant Reconsented,2023-12-22T14:14:00Z,data_query_v,TV-S-002730-11:V002,USR-067,"[""TV-STUDY-002730"", ""TV-LABORDER-000230""]"
TV-STUDY-002821,Participant Reconsented,2023-12-22T15:23:00Z,data_query_v,TV-S-002821-11:V001,USR-090,"[""TV-STUDY-002821"", ""TV-LABORDER-000321""]"
TV-STUDY-002823,Participant Reconsented,2023-12-22T21:25:00Z,data_query_v,TV-S-002823-11:V001,USR-124,"[""TV-STUDY-002823"", ""TV-LABORDER-000323""]"
TV-STUDY-002825,Participant Reconsented,2023-12-23T03:27:00Z,data_query_v,TV-S-002825-11:V001,USR-031,"[""TV-STUDY-002825"", ""TV-LABORDER-000325"", ""TV-PROTOCOL-002825""]"
TV-STUDY-002735,Visit Rescheduled,2023-12-23T04:00:00Z,drug_kit_v,TV-S-002735-05:V002,USR-031,"[""TV-STUDY-002735"", ""TV-INVESTIGATOR-000235""]"
TV-STUDY-002735,Visit Missed,2023-12-23T04:37:00Z,lab_test_v,TV-S-002735-08:V001,USR-034,"[""TV-STUDY-002735"", ""TV-PARTICIPANT-002735"", ""TV-ALIQUOT-000235""]"
TV-STUDY-002735,Participant Reconsented,2023-12-23T05:14:00Z,data_query_v,TV-S-002735-11:V002,USR-025,"[""TV-STUDY-002735"", ""TV-LABORDER-000235""]"
TV-STUDY-002815,Visit Rescheduled,2023-12-23T09:23:00Z,drug_kit_v,TV-S-002815-05:V002,USR-121,"[""TV-STUDY-002815"", ""TV-INVESTIGATOR-000315""]"
TV-STUDY-002827,Participant Reconsented,2023-12-23T09:29:00Z,data_query_v,TV-S-002827-11:V001,USR-065,"[""TV-STUDY-002827"", ""TV-LABORDER-000327"", ""TV-PROTOCOL-002827""]"
TV-STUDY-002811,Visit Missed,2023-12-23T15:22:00Z,lab_test_v,TV-S-002811-08:V001,USR-056,"[""TV-STUDY-002811"", ""TV-PARTICIPANT-002811""]"
TV-STUDY-002829,Participant Reconsented,2023-12-23T15:31:00Z,data_query_v,TV-S-002829-11:V001,USR-099,"[""TV-STUDY-002829"", ""TV-LABORDER-000329""]"
TV-STUDY-002740,Visit Rescheduled,2023-12-23T19:00:00Z,drug_kit_v,TV-S-002740-05:V002,USR-116,"[""TV-STUDY-002740"", ""TV-INVESTIGATOR-000240""]"
TV-STUDY-002740,Visit Missed,2023-12-23T19:37:00Z,lab_test_v,TV-S-002740-08:V004,USR-119,"[""TV-STUDY-002740"", ""TV-PARTICIPANT-002740"", ""TV-ALIQUOT-000240""]"
TV-STUDY-002740,Participant Reconsented,2023-12-23T20:14:00Z,data_query_v,TV-S-002740-11:V001,USR-110,"[""TV-STUDY-002740"", ""TV-LABORDER-000240""]"
TV-STUDY-002831,Participant Reconsented,2023-12-23T21:33:00Z,data_query_v,TV-S-002831-11:V001,USR-006,"[""TV-STUDY-002831"", ""TV-LABORDER-000331""]"
TV-STUDY-002833,Participant Reconsented,2023-12-24T03:35:00Z,data_query_v,TV-S-002833-11:V001,USR-040,"[""TV-STUDY-002833"", ""TV-LABORDER-000333"", ""TV-PROTOCOL-002833""]"
TV-STUDY-002835,Participant Reconsented,2023-12-24T09:37:00Z,data_query_v,TV-S-002835-11:V001,USR-074,"[""TV-STUDY-002835"", ""TV-LABORDER-000335""]"
TV-STUDY-002745,Visit Rescheduled,2023-12-24T10:00:00Z,drug_kit_v,TV-S-002745-05:V002,USR-074,"[""TV-STUDY-002745"", ""TV-INVESTIGATOR-000245""]"
TV-STUDY-002745,Visit Missed,2023-12-24T10:37:00Z,lab_test_v,TV-S-002745-08:V001,USR-077,"[""TV-STUDY-002745"", ""TV-PARTICIPANT-002745""]"
TV-STUDY-002745,Participant Reconsented,2023-12-24T11:14:00Z,data_query_v,TV-S-002745-11:V003,USR-068,"[""TV-STUDY-002745"", ""TV-LABORDER-000245"", ""TV-PROTOCOL-002745""]"
TV-STUDY-002837,Participant Reconsented,2023-12-24T15:39:00Z,data_query_v,TV-S-002837-11:V001,USR-108,"[""TV-STUDY-002837"", ""TV-LABORDER-000337""]"
TV-STUDY-002839,Participant Reconsented,2023-12-24T21:41:00Z,data_query_v,TV-S-002839-11:V001,USR-015,"[""TV-STUDY-002839"", ""TV-LABORDER-000339"", ""TV-PROTOCOL-002839""]"
TV-STUDY-002750,Visit Rescheduled,2023-12-25T01:00:00Z,drug_kit_v,TV-S-002750-05:V003,USR-032,"[""TV-STUDY-002750"", ""TV-INVESTIGATOR-000250""]"
TV-STUDY-002750,Visit Missed,2023-12-25T01:37:00Z,lab_test_v,TV-S-002750-08:V002,USR-035,"[""TV-STUDY-002750"", ""TV-PARTICIPANT-002750""]"
TV-STUDY-002750,Participant Reconsented,2023-12-25T02:14:00Z,data_query_v,TV-S-002750-11:V001,USR-026,"[""TV-STUDY-002750"", ""TV-LABORDER-000250""]"
TV-STUDY-002841,Participant Reconsented,2023-12-25T03:43:00Z,data_query_v,TV-S-002841-11:V001,USR-049,"[""TV-STUDY-002841"", ""TV-LABORDER-000341""]"
TV-STUDY-002843,Participant Reconsented,2023-12-25T09:45:00Z,data_query_v,TV-S-002843-11:V001,USR-083,"[""TV-STUDY-002843"", ""TV-LABORDER-000343""]"
TV-STUDY-002845,Participant Reconsented,2023-12-25T15:47:00Z,data_query_v,TV-S-002845-11:V001,USR-117,"[""TV-STUDY-002845"", ""TV-LABORDER-000345""]"
TV-STUDY-002755,Visit Rescheduled,2023-12-25T16:00:00Z,drug_kit_v,TV-S-002755-05:V002,USR-117,"[""TV-STUDY-002755"", ""TV-INVESTIGATOR-000255""]"
TV-STUDY-002755,Visit Missed,2023-12-25T16:37:00Z,lab_test_v,TV-S-002755-08:V001,USR-120,"[""TV-STUDY-002755"", ""TV-PARTICIPANT-002755"", ""TV-ALIQUOT-000255""]"
TV-STUDY-002755,Participant Reconsented,2023-12-25T17:14:00Z,data_query_v,TV-S-002755-11:V002,USR-111,"[""TV-STUDY-002755"", ""TV-LABORDER-000255""]"
TV-STUDY-002847,Participant Reconsented,2023-12-25T21:49:00Z,data_query_v,TV-S-002847-11:V001,USR-024,"[""TV-STUDY-002847"", ""TV-LABORDER-000347""]"
TV-STUDY-002849,Participant Reconsented,2023-12-26T03:51:00Z,data_query_v,TV-S-002849-11:V001,USR-058,"[""TV-STUDY-002849"", ""TV-LABORDER-000349"", ""TV-PROTOCOL-002849""]"
TV-STUDY-002838,Visit Rescheduled,2023-12-26T06:46:00Z,drug_kit_v,TV-S-002838-05:V003,USR-004,"[""TV-STUDY-002838"", ""TV-INVESTIGATOR-000338"", ""TV-DISPENSATION-000338""]"
TV-STUDY-002760,Visit Rescheduled,2023-12-26T07:00:00Z,drug_kit_v,TV-S-002760-05:V002,USR-075,"[""TV-STUDY-002760"", ""TV-INVESTIGATOR-000260"", ""TV-DISPENSATION-000260""]"
TV-STUDY-002760,Visit Missed,2023-12-26T07:37:00Z,lab_test_v,TV-S-002760-08:V003,USR-078,"[""TV-STUDY-002760"", ""TV-PARTICIPANT-002760""]"
TV-STUDY-002760,Participant Reconsented,2023-12-26T08:14:00Z,data_query_v,TV-S-002760-11:V001,USR-069,"[""TV-STUDY-002760"", ""TV-LABORDER-000260"", ""TV-PROTOCOL-002760""]"
TV-STUDY-002851,Participant Reconsented,2023-12-26T09:00:00Z,data_query_v,TV-S-002851-11:V001,USR-092,"[""TV-STUDY-002851"", ""TV-LABORDER-000351"", ""TV-PROTOCOL-002851""]"
TV-STUDY-002853,Participant Reconsented,2023-12-26T15:02:00Z,data_query_v,TV-S-002853-11:V001,USR-126,"[""TV-STUDY-002853"", ""TV-LABORDER-000353""]"
TV-STUDY-002855,Participant Reconsented,2023-12-26T21:04:00Z,data_query_v,TV-S-002855-11:V001,USR-033,"[""TV-STUDY-002855"", ""TV-LABORDER-000355"", ""TV-PROTOCOL-002855""]"
TV-STUDY-002765,Visit Rescheduled,2023-12-26T22:00:00Z,drug_kit_v,TV-S-002765-05:V003,USR-033,"[""TV-STUDY-002765"", ""TV-INVESTIGATOR-000265""]"
TV-STUDY-002765,Visit Missed,2023-12-26T22:37:00Z,lab_test_v,TV-S-002765-08:V001,USR-036,"[""TV-STUDY-002765"", ""TV-PARTICIPANT-002765"", ""TV-ALIQUOT-000265""]"
TV-STUDY-002765,Participant Reconsented,2023-12-26T23:14:00Z,data_query_v,TV-S-002765-11:V005,USR-027,"[""TV-STUDY-002765"", ""TV-LABORDER-000265""]"
TV-STUDY-002857,Participant Reconsented,2023-12-27T03:06:00Z,data_query_v,TV-S-002857-11:V001,USR-067,"[""TV-STUDY-002857"", ""TV-LABORDER-000357""]"
TV-STUDY-002859,Participant Reconsented,2023-12-27T09:08:00Z,data_query_v,TV-S-002859-11:V001,USR-101,"[""TV-STUDY-002859"", ""TV-LABORDER-000359""]"
TV-STUDY-002770,Visit Rescheduled,2023-12-27T13:00:00Z,drug_kit_v,TV-S-002770-05:V003,USR-118,"[""TV-STUDY-002770"", ""TV-INVESTIGATOR-000270""]"
TV-STUDY-002770,Visit Missed,2023-12-27T13:37:00Z,lab_test_v,TV-S-002770-08:V002,USR-121,"[""TV-STUDY-002770"", ""TV-PARTICIPANT-002770""]"
TV-STUDY-002770,Participant Reconsented,2023-12-27T14:14:00Z,data_query_v,TV-S-002770-11:V001,USR-112,"[""TV-STUDY-002770"", ""TV-LABORDER-000270""]"
TV-STUDY-002861,Participant Reconsented,2023-12-27T15:10:00Z,data_query_v,TV-S-002861-11:V001,USR-008,"[""TV-STUDY-002861"", ""TV-LABORDER-000361""]"
TV-STUDY-002863,Participant Reconsented,2023-12-27T21:12:00Z,data_query_v,TV-S-002863-11:V001,USR-042,"[""TV-STUDY-002863"", ""TV-LABORDER-000363""]"
TV-STUDY-002865,Participant Reconsented,2023-12-28T03:14:00Z,data_query_v,TV-S-002865-11:V001,USR-076,"[""TV-STUDY-002865"", ""TV-LABORDER-000365""]"
TV-STUDY-002775,Visit Rescheduled,2023-12-28T04:00:00Z,drug_kit_v,TV-S-002775-05:V003,USR-076,"[""TV-STUDY-002775"", ""TV-INVESTIGATOR-000275"", ""TV-DISPENSATION-000275""]"
TV-STUDY-002775,Visit Missed,2023-12-28T04:37:00Z,lab_test_v,TV-S-002775-08:V001,USR-079,"[""TV-STUDY-002775"", ""TV-PARTICIPANT-002775"", ""TV-ALIQUOT-000275""]"
TV-STUDY-002775,Participant Reconsented,2023-12-28T05:14:00Z,data_query_v,TV-S-002775-11:V002,USR-070,"[""TV-STUDY-002775"", ""TV-LABORDER-000275""]"
TV-STUDY-002848,Visit Missed,2023-12-28T06:06:00Z,lab_test_v,TV-S-002848-08:V003,USR-050,"[""TV-STUDY-002848"", ""TV-PARTICIPANT-002848""]"
TV-STUDY-002867,Participant Reconsented,2023-12-28T09:16:00Z,data_query_v,TV-S-002867-11:V001,USR-110,"[""TV-STUDY-002867"", ""TV-LABORDER-000367""]"
TV-STUDY-002869,Participant Reconsented,2023-12-28T15:18:00Z,data_query_v,TV-S-002869-11:V001,USR-017,"[""TV-STUDY-002869"", ""TV-LABORDER-000369"", ""TV-PROTOCOL-002869""]"
TV-STUDY-002780,Visit Rescheduled,2023-12-28T19:00:00Z,drug_kit_v,TV-S-002780-05:V003,USR-034,"[""TV-STUDY-002780"", ""TV-INVESTIGATOR-000280"", ""TV-DISPENSATION-000280""]"
TV-STUDY-002780,Visit Missed,2023-12-28T19:37:00Z,lab_test_v,TV-S-002780-08:V002,USR-037,"[""TV-STUDY-002780"", ""TV-PARTICIPANT-002780""]"
TV-STUDY-002780,Participant Reconsented,2023-12-28T20:14:00Z,data_query_v,TV-S-002780-11:V001,USR-028,"[""TV-STUDY-002780"", ""TV-LABORDER-000280"", ""TV-PROTOCOL-002780""]"
TV-STUDY-002871,Participant Reconsented,2023-12-28T21:20:00Z,data_query_v,TV-S-002871-11:V001,USR-051,"[""TV-STUDY-002871"", ""TV-LABORDER-000371""]"
TV-STUDY-002861,Visit Rescheduled,2023-12-29T03:16:00Z,drug_kit_v,TV-S-002861-05:V002,USR-014,"[""TV-STUDY-002861"", ""TV-INVESTIGATOR-000361""]"
TV-STUDY-002873,Participant Reconsented,2023-12-29T03:22:00Z,data_query_v,TV-S-002873-11:V001,USR-085,"[""TV-STUDY-002873"", ""TV-LABORDER-000373""]"
TV-STUDY-002875,Participant Reconsented,2023-12-29T09:24:00Z,data_query_v,TV-S-002875-11:V001,USR-119,"[""TV-STUDY-002875"", ""TV-LABORDER-000375"", ""TV-PROTOCOL-002875""]"
TV-STUDY-002785,Visit Rescheduled,2023-12-29T10:00:00Z,drug_kit_v,TV-S-002785-05:V002,USR-119,"[""TV-STUDY-002785"", ""TV-INVESTIGATOR-000285""]"
TV-STUDY-002785,Visit Missed,2023-12-29T10:37:00Z,lab_test_v,TV-S-002785-08:V001,USR-122,"[""TV-STUDY-002785"", ""TV-PARTICIPANT-002785"", ""TV-ALIQUOT-000285""]"
TV-STUDY-002785,Participant Reconsented,2023-12-29T11:14:00Z,data_query_v,TV-S-002785-11:V002,USR-113,"[""TV-STUDY-002785"", ""TV-LABORDER-000285""]"
TV-STUDY-002877,Participant Reconsented,2023-12-29T15:26:00Z,data_query_v,TV-S-002877-11:V001,USR-026,"[""TV-STUDY-002877"", ""TV-LABORDER-000377"", ""TV-PROTOCOL-002877""]"
TV-STUDY-002879,Participant Reconsented,2023-12-29T21:28:00Z,data_query_v,TV-S-002879-11:V001,USR-060,"[""TV-STUDY-002879"", ""TV-LABORDER-000379""]"
TV-STUDY-002790,Visit Rescheduled,2023-12-30T01:00:00Z,drug_kit_v,TV-S-002790-05:V003,USR-077,"[""TV-STUDY-002790"", ""TV-INVESTIGATOR-000290""]"
TV-STUDY-002790,Visit Missed,2023-12-30T01:37:00Z,lab_test_v,TV-S-002790-08:V002,USR-080,"[""TV-STUDY-002790"", ""TV-PARTICIPANT-002790"", ""TV-ALIQUOT-000290""]"
TV-STUDY-002790,Participant Reconsented,2023-12-30T02:14:00Z,data_query_v,TV-S-002790-11:V001,USR-071,"[""TV-STUDY-002790"", ""TV-LABORDER-000290""]"
TV-STUDY-002881,Participant Reconsented,2023-12-30T03:30:00Z,data_query_v,TV-S-002881-11:V001,USR-094,"[""TV-STUDY-002881"", ""TV-LABORDER-000381""]"
TV-STUDY-002883,Participant Reconsented,2023-12-30T09:32:00Z,data_query_v,TV-S-002883-11:V001,USR-001,"[""TV-STUDY-002883"", ""TV-LABORDER-000383""]"
TV-STUDY-002885,Participant Reconsented,2023-12-30T15:34:00Z,data_query_v,TV-S-002885-11:V001,USR-035,"[""TV-STUDY-002885"", ""TV-LABORDER-000385""]"
TV-STUDY-002795,Visit Rescheduled,2023-12-30T16:00:00Z,drug_kit_v,TV-S-002795-05:V004,USR-035,"[""TV-STUDY-002795"", ""TV-INVESTIGATOR-000295""]"
TV-STUDY-002795,Visit Missed,2023-12-30T16:37:00Z,lab_test_v,TV-S-002795-08:V003,USR-038,"[""TV-STUDY-002795"", ""TV-PARTICIPANT-002795"", ""TV-ALIQUOT-000295""]"
TV-STUDY-002795,Participant Reconsented,2023-12-30T17:14:00Z,data_query_v,TV-S-002795-11:V003,USR-029,"[""TV-STUDY-002795"", ""TV-LABORDER-000295""]"
TV-STUDY-002887,Participant Reconsented,2023-12-30T21:36:00Z,data_query_v,TV-S-002887-11:V001,USR-069,"[""TV-STUDY-002887"", ""TV-LABORDER-000387""]"
TV-STUDY-002889,Participant Reconsented,2023-12-31T03:38:00Z,data_query_v,TV-S-002889-11:V001,USR-103,"[""TV-STUDY-002889"", ""TV-LABORDER-000389""]"
TV-STUDY-002800,Visit Rescheduled,2023-12-31T07:00:00Z,drug_kit_v,TV-S-002800-05:V002,USR-120,"[""TV-STUDY-002800"", ""TV-INVESTIGATOR-000300""]"
TV-STUDY-002800,Visit Missed,2023-12-31T07:37:00Z,lab_test_v,TV-S-002800-08:V003,USR-123,"[""TV-STUDY-002800"", ""TV-PARTICIPANT-002800""]"
TV-STUDY-002800,Participant Reconsented,2023-12-31T08:14:00Z,data_query_v,TV-S-002800-11:V001,USR-114,"[""TV-STUDY-002800"", ""TV-LABORDER-000300"", ""TV-PROTOCOL-002800""]"
TV-STUDY-002891,Participant Reconsented,2023-12-31T09:40:00Z,data_query_v,TV-S-002891-11:V001,USR-010,"[""TV-STUDY-002891"", ""TV-LABORDER-000391"", ""TV-PROTOCOL-002891""]"
TV-STUDY-002893,Participant Reconsented,2023-12-31T15:42:00Z,data_query_v,TV-S-002893-11:V001,USR-044,"[""TV-STUDY-002893"", ""TV-LABORDER-000393"", ""TV-PROTOCOL-002893""]"
TV-STUDY-002895,Participant Reconsented,2023-12-31T21:44:00Z,data_query_v,TV-S-002895-11:V001,USR-078,"[""TV-STUDY-002895"", ""TV-LABORDER-000395""]"
TV-STUDY-002805,Visit Rescheduled,2023-12-31T22:00:00Z,drug_kit_v,TV-S-002805-05:V004,USR-078,"[""TV-STUDY-002805"", ""TV-INVESTIGATOR-000305"", ""TV-DISPENSATION-000305""]"
TV-STUDY-002805,Visit Missed,2023-12-31T22:37:00Z,lab_test_v,TV-S-002805-08:V001,USR-081,"[""TV-STUDY-002805"", ""TV-PARTICIPANT-002805""]"
TV-STUDY-002805,Participant Reconsented,2023-12-31T23:14:00Z,data_query_v,TV-S-002805-11:V003,USR-072,"[""TV-STUDY-002805"", ""TV-LABORDER-000305"", ""TV-PROTOCOL-002805""]"
TV-STUDY-002884,Visit Rescheduled,2024-01-01T00:39:00Z,drug_kit_v,TV-S-002884-05:V002,USR-024,"[""TV-STUDY-002884"", ""TV-INVESTIGATOR-000384""]"
TV-STUDY-002897,Participant Reconsented,2024-01-01T03:46:00Z,data_query_v,TV-S-002897-11:V001,USR-112,"[""TV-STUDY-002897"", ""TV-LABORDER-000397""]"
TV-STUDY-002899,Participant Reconsented,2024-01-01T09:48:00Z,data_query_v,TV-S-002899-11:V001,USR-019,"[""TV-STUDY-002899"", ""TV-LABORDER-000399""]"
TV-STUDY-002810,Visit Rescheduled,2024-01-01T13:00:00Z,drug_kit_v,TV-S-002810-05:V003,USR-036,"[""TV-STUDY-002810"", ""TV-INVESTIGATOR-000310"", ""TV-DISPENSATION-000310""]"
TV-STUDY-002810,Visit Missed,2024-01-01T13:37:00Z,lab_test_v,TV-S-002810-08:V003,USR-039,"[""TV-STUDY-002810"", ""TV-PARTICIPANT-002810"", ""TV-ALIQUOT-000310""]"
TV-STUDY-002810,Participant Reconsented,2024-01-01T14:14:00Z,data_query_v,TV-S-002810-11:V001,USR-030,"[""TV-STUDY-002810"", ""TV-LABORDER-000310""]"
TV-STUDY-002901,Participant Reconsented,2024-01-01T15:50:00Z,data_query_v,TV-S-002901-11:V001,USR-053,"[""TV-STUDY-002901"", ""TV-LABORDER-000401""]"
TV-STUDY-002885,Visit Missed,2024-01-01T21:43:00Z,lab_test_v,TV-S-002885-08:V001,USR-044,"[""TV-STUDY-002885"", ""TV-PARTICIPANT-002885""]"
TV-STUDY-002903,Participant Reconsented,2024-01-01T21:52:00Z,data_query_v,TV-S-002903-11:V001,USR-087,"[""TV-STUDY-002903"", ""TV-LABORDER-000403""]"
TV-STUDY-002905,Participant Reconsented,2024-01-02T03:01:00Z,data_query_v,TV-S-002905-11:V001,USR-121,"[""TV-STUDY-002905"", ""TV-LABORDER-000405"", ""TV-PROTOCOL-002905""]"
TV-STUDY-002815,Visit Rescheduled,2024-01-02T04:00:00Z,drug_kit_v,TV-S-002815-05:V003,USR-121,"[""TV-STUDY-002815"", ""TV-INVESTIGATOR-000315""]"
TV-STUDY-002815,Visit Missed,2024-01-02T04:37:00Z,lab_test_v,TV-S-002815-08:V001,USR-124,"[""TV-STUDY-002815"", ""TV-PARTICIPANT-002815""]"
TV-STUDY-002815,Participant Reconsented,2024-01-02T05:14:00Z,data_query_v,TV-S-002815-11:V003,USR-115,"[""TV-STUDY-002815"", ""TV-LABORDER-000315""]"
TV-STUDY-002907,Participant Reconsented,2024-01-02T09:03:00Z,data_query_v,TV-S-002907-11:V001,USR-028,"[""TV-STUDY-002907"", ""TV-LABORDER-000407""]"
TV-STUDY-002909,Participant Reconsented,2024-01-02T15:05:00Z,data_query_v,TV-S-002909-11:V001,USR-062,"[""TV-STUDY-002909"", ""TV-LABORDER-000409"", ""TV-PROTOCOL-002909""]"
TV-STUDY-002820,Visit Rescheduled,2024-01-02T19:00:00Z,drug_kit_v,TV-S-002820-05:V003,USR-079,"[""TV-STUDY-002820"", ""TV-INVESTIGATOR-000320""]"
TV-STUDY-002820,Visit Missed,2024-01-02T19:37:00Z,lab_test_v,TV-S-002820-08:V002,USR-082,"[""TV-STUDY-002820"", ""TV-PARTICIPANT-002820""]"
TV-STUDY-002820,Participant Reconsented,2024-01-02T20:14:00Z,data_query_v,TV-S-002820-11:V001,USR-073,"[""TV-STUDY-002820"", ""TV-LABORDER-000320""]"
TV-STUDY-002911,Participant Reconsented,2024-01-02T21:07:00Z,data_query_v,TV-S-002911-11:V001,USR-096,"[""TV-STUDY-002911"", ""TV-LABORDER-000411"", ""TV-PROTOCOL-002911""]"
TV-STUDY-002913,Participant Reconsented,2024-01-03T03:09:00Z,data_query_v,TV-S-002913-11:V001,USR-003,"[""TV-STUDY-002913"", ""TV-LABORDER-000413""]"
TV-STUDY-002915,Participant Reconsented,2024-01-03T09:11:00Z,data_query_v,TV-S-002915-11:V001,USR-037,"[""TV-STUDY-002915"", ""TV-LABORDER-000415""]"
TV-STUDY-002825,Visit Rescheduled,2024-01-03T10:00:00Z,drug_kit_v,TV-S-002825-05:V003,USR-037,"[""TV-STUDY-002825"", ""TV-INVESTIGATOR-000325""]"
TV-STUDY-002825,Visit Missed,2024-01-03T10:37:00Z,lab_test_v,TV-S-002825-08:V001,USR-040,"[""TV-STUDY-002825"", ""TV-PARTICIPANT-002825""]"
TV-STUDY-002825,Participant Reconsented,2024-01-03T11:14:00Z,data_query_v,TV-S-002825-11:V003,USR-031,"[""TV-STUDY-002825"", ""TV-LABORDER-000325"", ""TV-PROTOCOL-002825""]"
TV-STUDY-002917,Participant Reconsented,2024-01-03T15:13:00Z,data_query_v,TV-S-002917-11:V001,USR-071,"[""TV-STUDY-002917"", ""TV-LABORDER-000417"", ""TV-PROTOCOL-002917""]"
TV-STUDY-002907,Visit Rescheduled,2024-01-03T21:09:00Z,drug_kit_v,TV-S-002907-05:V002,USR-034,"[""TV-STUDY-002907"", ""TV-INVESTIGATOR-000407"", ""TV-DISPENSATION-000407""]"
TV-STUDY-002919,Participant Reconsented,2024-01-03T21:15:00Z,data_query_v,TV-S-002919-11:V001,USR-105,"[""TV-STUDY-002919"", ""TV-LABORDER-000419""]"
TV-STUDY-002830,Visit Rescheduled,2024-01-04T01:00:00Z,drug_kit_v,TV-S-002830-05:V003,USR-122,"[""TV-STUDY-002830"", ""TV-INVESTIGATOR-000330""]"
TV-STUDY-002830,Visit Missed,2024-01-04T01:37:00Z,lab_test_v,TV-S-002830-08:V002,USR-125,"[""TV-STUDY-002830"", ""TV-PARTICIPANT-002830""]"
TV-STUDY-002830,Participant Reconsented,2024-01-04T02:14:00Z,data_query_v,TV-S-002830-11:V003,USR-116,"[""TV-STUDY-002830"", ""TV-LABORDER-000330""]"
TV-STUDY-002921,Participant Reconsented,2024-01-04T03:17:00Z,data_query_v,TV-S-002921-11:V001,USR-012,"[""TV-STUDY-002921"", ""TV-LABORDER-000421"", ""TV-PROTOCOL-002921""]"
TV-STUDY-002923,Participant Reconsented,2024-01-04T09:19:00Z,data_query_v,TV-S-002923-11:V001,USR-046,"[""TV-STUDY-002923"", ""TV-LABORDER-000423"", ""TV-PROTOCOL-002923""]"
TV-STUDY-002925,Participant Reconsented,2024-01-04T15:21:00Z,data_query_v,TV-S-002925-11:V001,USR-080,"[""TV-STUDY-002925"", ""TV-LABORDER-000425""]"
TV-STUDY-002835,Visit Rescheduled,2024-01-04T16:00:00Z,drug_kit_v,TV-S-002835-05:V002,USR-080,"[""TV-STUDY-002835"", ""TV-INVESTIGATOR-000335""]"
TV-STUDY-002835,Visit Missed,2024-01-04T16:37:00Z,lab_test_v,TV-S-002835-08:V001,USR-083,"[""TV-STUDY-002835"", ""TV-PARTICIPANT-002835""]"
TV-STUDY-002835,Participant Reconsented,2024-01-04T17:14:00Z,data_query_v,TV-S-002835-11:V002,USR-074,"[""TV-STUDY-002835"", ""TV-LABORDER-000335"", ""TV-PROTOCOL-002835""]"
TV-STUDY-002927,Participant Reconsented,2024-01-04T21:23:00Z,data_query_v,TV-S-002927-11:V001,USR-114,"[""TV-STUDY-002927"", ""TV-LABORDER-000427""]"
TV-STUDY-002929,Participant Reconsented,2024-01-05T03:25:00Z,data_query_v,TV-S-002929-11:V001,USR-021,"[""TV-STUDY-002929"", ""TV-LABORDER-000429""]"
TV-STUDY-002840,Visit Rescheduled,2024-01-05T07:00:00Z,drug_kit_v,TV-S-002840-05:V002,USR-038,"[""TV-STUDY-002840"", ""TV-INVESTIGATOR-000340""]"
TV-STUDY-002840,Visit Missed,2024-01-05T07:37:00Z,lab_test_v,TV-S-002840-08:V002,USR-041,"[""TV-STUDY-002840"", ""TV-PARTICIPANT-002840""]"
TV-STUDY-002840,Participant Reconsented,2024-01-05T08:14:00Z,data_query_v,TV-S-002840-11:V001,USR-032,"[""TV-STUDY-002840"", ""TV-LABORDER-000340"", ""TV-PROTOCOL-002840""]"
TV-STUDY-002931,Participant Reconsented,2024-01-05T09:27:00Z,data_query_v,TV-S-002931-11:V001,USR-055,"[""TV-STUDY-002931"", ""TV-LABORDER-000431""]"
TV-STUDY-002933,Participant Reconsented,2024-01-05T15:29:00Z,data_query_v,TV-S-002933-11:V001,USR-089,"[""TV-STUDY-002933"", ""TV-LABORDER-000433""]"
TV-STUDY-002935,Participant Reconsented,2024-01-05T21:31:00Z,data_query_v,TV-S-002935-11:V001,USR-123,"[""TV-STUDY-002935"", ""TV-LABORDER-000435"", ""TV-PROTOCOL-002935""]"
TV-STUDY-002845,Visit Rescheduled,2024-01-05T22:00:00Z,drug_kit_v,TV-S-002845-05:V002,USR-123,"[""TV-STUDY-002845"", ""TV-INVESTIGATOR-000345"", ""TV-DISPENSATION-000345""]"
TV-STUDY-002845,Visit Missed,2024-01-05T22:37:00Z,lab_test_v,TV-S-002845-08:V001,USR-126,"[""TV-STUDY-002845"", ""TV-PARTICIPANT-002845"", ""TV-ALIQUOT-000345""]"
TV-STUDY-002845,Participant Reconsented,2024-01-05T23:14:00Z,data_query_v,TV-S-002845-11:V003,USR-117,"[""TV-STUDY-002845"", ""TV-LABORDER-000345""]"
TV-STUDY-002937,Participant Reconsented,2024-01-06T03:33:00Z,data_query_v,TV-S-002937-11:V001,USR-030,"[""TV-STUDY-002937"", ""TV-LABORDER-000437""]"
TV-STUDY-002939,Participant Reconsented,2024-01-06T09:35:00Z,data_query_v,TV-S-002939-11:V001,USR-064,"[""TV-STUDY-002939"", ""TV-LABORDER-000439""]"
TV-STUDY-002922,Visit Missed,2024-01-06T12:27:00Z,lab_test_v,TV-S-002922-08:V002,USR-038,"[""TV-STUDY-002922"", ""TV-PARTICIPANT-002922""]"
TV-STUDY-002850,Visit Rescheduled,2024-01-06T13:00:00Z,drug_kit_v,TV-S-002850-05:V003,USR-081,"[""TV-STUDY-002850"", ""TV-INVESTIGATOR-000350"", ""TV-DISPENSATION-000350""]"
TV-STUDY-002850,Visit Missed,2024-01-06T13:37:00Z,lab_test_v,TV-S-002850-08:V003,USR-084,"[""TV-STUDY-002850"", ""TV-PARTICIPANT-002850"", ""TV-ALIQUOT-000350""]"
TV-STUDY-002850,Participant Reconsented,2024-01-06T14:14:00Z,data_query_v,TV-S-002850-11:V001,USR-075,"[""TV-STUDY-002850"", ""TV-LABORDER-000350""]"
TV-STUDY-002941,Participant Reconsented,2024-01-06T15:37:00Z,data_query_v,TV-S-002941-11:V001,USR-098,"[""TV-STUDY-002941"", ""TV-LABORDER-000441""]"
TV-STUDY-002930,Visit Rescheduled,2024-01-06T18:32:00Z,drug_kit_v,TV-S-002930-05:V002,USR-044,"[""TV-STUDY-002930"", ""TV-INVESTIGATOR-000430""]"
TV-STUDY-002943,Participant Reconsented,2024-01-06T21:39:00Z,data_query_v,TV-S-002943-11:V001,USR-005,"[""TV-STUDY-002943"", ""TV-LABORDER-000443"", ""TV-PROTOCOL-002943""]"
TV-STUDY-002945,Participant Reconsented,2024-01-07T03:41:00Z,data_query_v,TV-S-002945-11:V001,USR-039,"[""TV-STUDY-002945"", ""TV-LABORDER-000445""]"
TV-STUDY-002855,Visit Rescheduled,2024-01-07T04:00:00Z,drug_kit_v,TV-S-002855-05:V002,USR-039,"[""TV-STUDY-002855"", ""TV-INVESTIGATOR-000355"", ""TV-DISPENSATION-000355""]"
TV-STUDY-002855,Visit Missed,2024-01-07T04:37:00Z,lab_test_v,TV-S-002855-08:V002,USR-042,"[""TV-STUDY-002855"", ""TV-PARTICIPANT-002855""]"
TV-STUDY-002855,Participant Reconsented,2024-01-07T05:14:00Z,data_query_v,TV-S-002855-11:V002,USR-033,"[""TV-STUDY-002855"", ""TV-LABORDER-000355"", ""TV-PROTOCOL-002855""]"
TV-STUDY-002947,Participant Reconsented,2024-01-07T09:43:00Z,data_query_v,TV-S-002947-11:V001,USR-073,"[""TV-STUDY-002947"", ""TV-LABORDER-000447""]"
TV-STUDY-002949,Participant Reconsented,2024-01-07T15:45:00Z,data_query_v,TV-S-002949-11:V001,USR-107,"[""TV-STUDY-002949"", ""TV-LABORDER-000449"", ""TV-PROTOCOL-002949""]"
TV-STUDY-002860,Visit Rescheduled,2024-01-07T19:00:00Z,drug_kit_v,TV-S-002860-05:V005,USR-124,"[""TV-STUDY-002860"", ""TV-INVESTIGATOR-000360""]"
TV-STUDY-002860,Visit Missed,2024-01-07T19:37:00Z,lab_test_v,TV-S-002860-08:V004,USR-127,"[""TV-STUDY-002860"", ""TV-PARTICIPANT-002860""]"
TV-STUDY-002860,Participant Reconsented,2024-01-07T20:14:00Z,data_query_v,TV-S-002860-11:V003,USR-118,"[""TV-STUDY-002860"", ""TV-LABORDER-000360"", ""TV-PROTOCOL-002860""]"
TV-STUDY-002951,Participant Reconsented,2024-01-07T21:47:00Z,data_query_v,TV-S-002951-11:V001,USR-014,"[""TV-STUDY-002951"", ""TV-LABORDER-000451"", ""TV-PROTOCOL-002951""]"
TV-STUDY-002953,Participant Reconsented,2024-01-08T03:49:00Z,data_query_v,TV-S-002953-11:V001,USR-048,"[""TV-STUDY-002953"", ""TV-LABORDER-000453"", ""TV-PROTOCOL-002953""]"
TV-STUDY-002955,Participant Reconsented,2024-01-08T09:51:00Z,data_query_v,TV-S-002955-11:V001,USR-082,"[""TV-STUDY-002955"", ""TV-LABORDER-000455""]"
TV-STUDY-002865,Visit Rescheduled,2024-01-08T10:00:00Z,drug_kit_v,TV-S-002865-05:V002,USR-082,"[""TV-STUDY-002865"", ""TV-INVESTIGATOR-000365""]"
TV-STUDY-002865,Visit Missed,2024-01-08T10:37:00Z,lab_test_v,TV-S-002865-08:V001,USR-085,"[""TV-STUDY-002865"", ""TV-PARTICIPANT-002865""]"
TV-STUDY-002865,Participant Reconsented,2024-01-08T11:14:00Z,data_query_v,TV-S-002865-11:V002,USR-076,"[""TV-STUDY-002865"", ""TV-LABORDER-000365""]"
TV-STUDY-002957,Participant Reconsented,2024-01-08T15:00:00Z,data_query_v,TV-S-002957-11:V001,USR-116,"[""TV-STUDY-002957"", ""TV-LABORDER-000457"", ""TV-PROTOCOL-002957""]"
TV-STUDY-002959,Participant Reconsented,2024-01-08T21:02:00Z,data_query_v,TV-S-002959-11:V001,USR-023,"[""TV-STUDY-002959"", ""TV-LABORDER-000459"", ""TV-PROTOCOL-002959""]"
TV-STUDY-002870,Visit Rescheduled,2024-01-09T01:00:00Z,drug_kit_v,TV-S-002870-05:V002,USR-040,"[""TV-STUDY-002870"", ""TV-INVESTIGATOR-000370""]"
TV-STUDY-002870,Visit Missed,2024-01-09T01:37:00Z,lab_test_v,TV-S-002870-08:V003,USR-043,"[""TV-STUDY-002870"", ""TV-PARTICIPANT-002870"", ""TV-ALIQUOT-000370""]"
TV-STUDY-002870,Participant Reconsented,2024-01-09T02:14:00Z,data_query_v,TV-S-002870-11:V001,USR-034,"[""TV-STUDY-002870"", ""TV-LABORDER-000370""]"
TV-STUDY-002961,Participant Reconsented,2024-01-09T03:04:00Z,data_query_v,TV-S-002961-11:V001,USR-057,"[""TV-STUDY-002961"", ""TV-LABORDER-000461""]"
TV-STUDY-002963,Participant Reconsented,2024-01-09T09:06:00Z,data_query_v,TV-S-002963-11:V001,USR-091,"[""TV-STUDY-002963"", ""TV-LABORDER-000463""]"
TV-STUDY-002953,Visit Rescheduled,2024-01-09T15:02:00Z,drug_kit_v,TV-S-002953-05:V003,USR-054,"[""TV-STUDY-002953"", ""TV-INVESTIGATOR-000453""]"
TV-STUDY-002965,Participant Reconsented,2024-01-09T15:08:00Z,data_query_v,TV-S-002965-11:V001,USR-125,"[""TV-STUDY-002965"", ""TV-LABORDER-000465""]"
TV-STUDY-002875,Visit Rescheduled,2024-01-09T16:00:00Z,drug_kit_v,TV-S-002875-05:V003,USR-125,"[""TV-STUDY-002875"", ""TV-INVESTIGATOR-000375"", ""TV-DISPENSATION-000375""]"
TV-STUDY-002875,Visit Missed,2024-01-09T16:37:00Z,lab_test_v,TV-S-002875-08:V001,USR-001,"[""TV-STUDY-002875"", ""TV-PARTICIPANT-002875""]"
TV-STUDY-002875,Participant Reconsented,2024-01-09T17:14:00Z,data_query_v,TV-S-002875-11:V003,USR-119,"[""TV-STUDY-002875"", ""TV-LABORDER-000375"", ""TV-PROTOCOL-002875""]"
TV-STUDY-002967,Participant Reconsented,2024-01-09T21:10:00Z,data_query_v,TV-S-002967-11:V001,USR-032,"[""TV-STUDY-002967"", ""TV-LABORDER-000467""]"
TV-STUDY-002969,Participant Reconsented,2024-01-10T03:12:00Z,data_query_v,TV-S-002969-11:V001,USR-066,"[""TV-STUDY-002969"", ""TV-LABORDER-000469""]"
TV-STUDY-002880,Visit Rescheduled,2024-01-10T07:00:00Z,drug_kit_v,TV-S-002880-05:V002,USR-083,"[""TV-STUDY-002880"", ""TV-INVESTIGATOR-000380""]"
TV-STUDY-002880,Visit Missed,2024-01-10T07:37:00Z,lab_test_v,TV-S-002880-08:V002,USR-086,"[""TV-STUDY-002880"", ""TV-PARTICIPANT-002880""]"
TV-STUDY-002880,Participant Reconsented,2024-01-10T08:14:00Z,data_query_v,TV-S-002880-11:V003,USR-077,"[""TV-STUDY-002880"", ""TV-LABORDER-000380"", ""TV-PROTOCOL-002880""]"
TV-STUDY-002971,Participant Reconsented,2024-01-10T09:14:00Z,data_query_v,TV-S-002971-11:V001,USR-100,"[""TV-STUDY-002971"", ""TV-LABORDER-000471""]"
TV-STUDY-002973,Participant Reconsented,2024-01-10T15:16:00Z,data_query_v,TV-S-002973-11:V001,USR-007,"[""TV-STUDY-002973"", ""TV-LABORDER-000473"", ""TV-PROTOCOL-002973""]"
TV-STUDY-002975,Participant Reconsented,2024-01-10T21:18:00Z,data_query_v,TV-S-002975-11:V001,USR-041,"[""TV-STUDY-002975"", ""TV-LABORDER-000475""]"
TV-STUDY-002885,Visit Rescheduled,2024-01-10T22:00:00Z,drug_kit_v,TV-S-002885-05:V002,USR-041,"[""TV-STUDY-002885"", ""TV-INVESTIGATOR-000385"", ""TV-DISPENSATION-000385""]"
TV-STUDY-002885,Visit Missed,2024-01-10T22:37:00Z,lab_test_v,TV-S-002885-08:V002,USR-044,"[""TV-STUDY-002885"", ""TV-PARTICIPANT-002885"", ""TV-ALIQUOT-000385""]"
TV-STUDY-002885,Participant Reconsented,2024-01-10T23:14:00Z,data_query_v,TV-S-002885-11:V002,USR-035,"[""TV-STUDY-002885"", ""TV-LABORDER-000385""]"
TV-STUDY-002959,Visit Missed,2024-01-11T03:11:00Z,lab_test_v,TV-S-002959-08:V001,USR-032,"[""TV-STUDY-002959"", ""TV-PARTICIPANT-002959"", ""TV-ALIQUOT-000459""]"
TV-STUDY-002977,Participant Reconsented,2024-01-11T03:20:00Z,data_query_v,TV-S-002977-11:V001,USR-075,"[""TV-STUDY-002977"", ""TV-LABORDER-000477""]"
TV-STUDY-002979,Participant Reconsented,2024-01-11T09:22:00Z,data_query_v,TV-S-002979-11:V001,USR-109,"[""TV-STUDY-002979"", ""TV-LABORDER-000479""]"
TV-STUDY-002890,Visit Rescheduled,2024-01-11T13:00:00Z,drug_kit_v,TV-S-002890-05:V003,USR-126,"[""TV-STUDY-002890"", ""TV-INVESTIGATOR-000390"", ""TV-DISPENSATION-000390""]"
TV-STUDY-002890,Visit Missed,2024-01-11T13:37:00Z,lab_test_v,TV-S-002890-08:V003,USR-002,"[""TV-STUDY-002890"", ""TV-PARTICIPANT-002890"", ""TV-ALIQUOT-000390""]"
TV-STUDY-002890,Participant Reconsented,2024-01-11T14:14:00Z,data_query_v,TV-S-002890-11:V001,USR-120,"[""TV-STUDY-002890"", ""TV-LABORDER-000390""]"
TV-STUDY-002981,Participant Reconsented,2024-01-11T15:24:00Z,data_query_v,TV-S-002981-11:V001,USR-016,"[""TV-STUDY-002981"", ""TV-LABORDER-000481"", ""TV-PROTOCOL-002981""]"
TV-STUDY-002983,Participant Reconsented,2024-01-11T21:26:00Z,data_query_v,TV-S-002983-11:V001,USR-050,"[""TV-STUDY-002983"", ""TV-LABORDER-000483"", ""TV-PROTOCOL-002983""]"
TV-STUDY-002985,Participant Reconsented,2024-01-12T03:28:00Z,data_query_v,TV-S-002985-11:V001,USR-084,"[""TV-STUDY-002985"", ""TV-LABORDER-000485"", ""TV-PROTOCOL-002985""]"
TV-STUDY-002895,Visit Rescheduled,2024-01-12T04:00:00Z,drug_kit_v,TV-S-002895-05:V002,USR-084,"[""TV-STUDY-002895"", ""TV-INVESTIGATOR-000395""]"
TV-STUDY-002895,Visit Missed,2024-01-12T04:37:00Z,lab_test_v,TV-S-002895-08:V001,USR-087,"[""TV-STUDY-002895"", ""TV-PARTICIPANT-002895"", ""TV-ALIQUOT-000395""]"
TV-STUDY-002895,Participant Reconsented,2024-01-12T05:14:00Z,data_query_v,TV-S-002895-11:V002,USR-078,"[""TV-STUDY-002895"", ""TV-LABORDER-000395""]"
TV-STUDY-002987,Participant Reconsented,2024-01-12T09:30:00Z,data_query_v,TV-S-002987-11:V001,USR-118,"[""TV-STUDY-002987"", ""TV-LABORDER-000487"", ""TV-PROTOCOL-002987""]"
TV-STUDY-002976,Visit Rescheduled,2024-01-12T12:25:00Z,drug_kit_v,TV-S-002976-05:V002,USR-064,"[""TV-STUDY-002976"", ""TV-INVESTIGATOR-000476"", ""TV-DISPENSATION-000476""]"
TV-STUDY-002989,Participant Reconsented,2024-01-12T15:32:00Z,data_query_v,TV-S-002989-11:V001,USR-025,"[""TV-STUDY-002989"", ""TV-LABORDER-000489""]"
TV-STUDY-002900,Visit Rescheduled,2024-01-12T19:00:00Z,drug_kit_v,TV-S-002900-05:V003,USR-042,"[""TV-STUDY-002900"", ""TV-INVESTIGATOR-000400""]"
TV-STUDY-002900,Visit Missed,2024-01-12T19:37:00Z,lab_test_v,TV-S-002900-08:V002,USR-045,"[""TV-STUDY-002900"", ""TV-PARTICIPANT-002900""]"
TV-STUDY-002900,Participant Reconsented,2024-01-12T20:14:00Z,data_query_v,TV-S-002900-11:V001,USR-036,"[""TV-STUDY-002900"", ""TV-LABORDER-000400"", ""TV-PROTOCOL-002900""]"
TV-STUDY-002991,Participant Reconsented,2024-01-12T21:34:00Z,data_query_v,TV-S-002991-11:V001,USR-059,"[""TV-STUDY-002991"", ""TV-LABORDER-000491""]"
TV-STUDY-002993,Participant Reconsented,2024-01-13T03:36:00Z,data_query_v,TV-S-002993-11:V001,USR-093,"[""TV-STUDY-002993"", ""TV-LABORDER-000493""]"
TV-STUDY-002995,Participant Reconsented,2024-01-13T09:38:00Z,data_query_v,TV-S-002995-11:V001,USR-127,"[""TV-STUDY-002995"", ""TV-LABORDER-000495"", ""TV-PROTOCOL-002995""]"
TV-STUDY-002905,Visit Rescheduled,2024-01-13T10:00:00Z,drug_kit_v,TV-S-002905-05:V002,USR-127,"[""TV-STUDY-002905"", ""TV-INVESTIGATOR-000405""]"
TV-STUDY-002905,Visit Missed,2024-01-13T10:37:00Z,lab_test_v,TV-S-002905-08:V001,USR-003,"[""TV-STUDY-002905"", ""TV-PARTICIPANT-002905""]"
TV-STUDY-002905,Participant Reconsented,2024-01-13T11:14:00Z,data_query_v,TV-S-002905-11:V002,USR-121,"[""TV-STUDY-002905"", ""TV-LABORDER-000405"", ""TV-PROTOCOL-002905""]"
TV-STUDY-002997,Participant Reconsented,2024-01-13T15:40:00Z,data_query_v,TV-S-002997-11:V001,USR-034,"[""TV-STUDY-002997"", ""TV-LABORDER-000497"", ""TV-PROTOCOL-002997""]"
TV-STUDY-002999,Participant Reconsented,2024-01-13T21:42:00Z,data_query_v,TV-S-002999-11:V001,USR-068,"[""TV-STUDY-002999"", ""TV-LABORDER-000499""]"
TV-STUDY-002910,Visit Rescheduled,2024-01-14T01:00:00Z,drug_kit_v,TV-S-002910-05:V003,USR-085,"[""TV-STUDY-002910"", ""TV-INVESTIGATOR-000410"", ""TV-DISPENSATION-000410""]"
TV-STUDY-002910,Visit Missed,2024-01-14T01:37:00Z,lab_test_v,TV-S-002910-08:V002,USR-088,"[""TV-STUDY-002910"", ""TV-PARTICIPANT-002910""]"
TV-STUDY-002910,Participant Reconsented,2024-01-14T02:14:00Z,data_query_v,TV-S-002910-11:V001,USR-079,"[""TV-STUDY-002910"", ""TV-LABORDER-000410"", ""TV-PROTOCOL-002910""]"
TV-STUDY-002915,Visit Rescheduled,2024-01-14T16:00:00Z,drug_kit_v,TV-S-002915-05:V003,USR-043,"[""TV-STUDY-002915"", ""TV-INVESTIGATOR-000415""]"
TV-STUDY-002915,Visit Missed,2024-01-14T16:37:00Z,lab_test_v,TV-S-002915-08:V001,USR-046,"[""TV-STUDY-002915"", ""TV-PARTICIPANT-002915"", ""TV-ALIQUOT-000415""]"
TV-STUDY-002915,Participant Reconsented,2024-01-14T17:14:00Z,data_query_v,TV-S-002915-11:V002,USR-037,"[""TV-STUDY-002915"", ""TV-LABORDER-000415""]"
TV-STUDY-002920,Visit Rescheduled,2024-01-15T07:00:00Z,drug_kit_v,TV-S-002920-05:V002,USR-001,"[""TV-STUDY-002920"", ""TV-INVESTIGATOR-000420"", ""TV-DISPENSATION-000420""]"
TV-STUDY-002920,Visit Missed,2024-01-15T07:37:00Z,lab_test_v,TV-S-002920-08:V002,USR-004,"[""TV-STUDY-002920"", ""TV-PARTICIPANT-002920"", ""TV-ALIQUOT-000420""]"
TV-STUDY-002920,Participant Reconsented,2024-01-15T08:14:00Z,data_query_v,TV-S-002920-11:V001,USR-122,"[""TV-STUDY-002920"", ""TV-LABORDER-000420""]"
TV-STUDY-002999,Visit Rescheduled,2024-01-15T09:48:00Z,drug_kit_v,TV-S-002999-05:V003,USR-074,"[""TV-STUDY-002999"", ""TV-INVESTIGATOR-000499"", ""TV-DISPENSATION-000499""]"
TV-STUDY-002996,Visit Missed,2024-01-15T18:48:00Z,lab_test_v,TV-S-002996-08:V002,USR-026,"[""TV-STUDY-002996"", ""TV-PARTICIPANT-002996""]"
TV-STUDY-002925,Visit Rescheduled,2024-01-15T22:00:00Z,drug_kit_v,TV-S-002925-05:V003,USR-086,"[""TV-STUDY-002925"", ""TV-INVESTIGATOR-000425"", ""TV-DISPENSATION-000425""]"
TV-STUDY-002925,Visit Missed,2024-01-15T22:37:00Z,lab_test_v,TV-S-002925-08:V002,USR-089,"[""TV-STUDY-002925"", ""TV-PARTICIPANT-002925"", ""TV-ALIQUOT-000425""]"
TV-STUDY-002925,Participant Reconsented,2024-01-15T23:14:00Z,data_query_v,TV-S-002925-11:V004,USR-080,"[""TV-STUDY-002925"", ""TV-LABORDER-000425""]"
TV-STUDY-002930,Visit Rescheduled,2024-01-16T13:00:00Z,drug_kit_v,TV-S-002930-05:V004,USR-044,"[""TV-STUDY-002930"", ""TV-INVESTIGATOR-000430""]"
TV-STUDY-002930,Visit Missed,2024-01-16T13:37:00Z,lab_test_v,TV-S-002930-08:V002,USR-047,"[""TV-STUDY-002930"", ""TV-PARTICIPANT-002930"", ""TV-ALIQUOT-000430""]"
TV-STUDY-002930,Participant Reconsented,2024-01-16T14:14:00Z,data_query_v,TV-S-002930-11:V001,USR-038,"[""TV-STUDY-002930"", ""TV-LABORDER-000430""]"
TV-STUDY-002935,Visit Rescheduled,2024-01-17T04:00:00Z,drug_kit_v,TV-S-002935-05:V003,USR-002,"[""TV-STUDY-002935"", ""TV-INVESTIGATOR-000435""]"
TV-STUDY-002935,Visit Missed,2024-01-17T04:37:00Z,lab_test_v,TV-S-002935-08:V001,USR-005,"[""TV-STUDY-002935"", ""TV-PARTICIPANT-002935""]"
TV-STUDY-002935,Participant Reconsented,2024-01-17T05:14:00Z,data_query_v,TV-S-002935-11:V002,USR-123,"[""TV-STUDY-002935"", ""TV-LABORDER-000435"", ""TV-PROTOCOL-002935""]"
TV-STUDY-002940,Visit Rescheduled,2024-01-17T19:00:00Z,drug_kit_v,TV-S-002940-05:V002,USR-087,"[""TV-STUDY-002940"", ""TV-INVESTIGATOR-000440""]"
TV-STUDY-002940,Visit Missed,2024-01-17T19:37:00Z,lab_test_v,TV-S-002940-08:V002,USR-090,"[""TV-STUDY-002940"", ""TV-PARTICIPANT-002940""]"
TV-STUDY-002940,Participant Reconsented,2024-01-17T20:14:00Z,data_query_v,TV-S-002940-11:V001,USR-081,"[""TV-STUDY-002940"", ""TV-LABORDER-000440""]"
TV-STUDY-002945,Visit Rescheduled,2024-01-18T10:00:00Z,drug_kit_v,TV-S-002945-05:V004,USR-045,"[""TV-STUDY-002945"", ""TV-INVESTIGATOR-000445""]"
TV-STUDY-002945,Visit Missed,2024-01-18T10:37:00Z,lab_test_v,TV-S-002945-08:V001,USR-048,"[""TV-STUDY-002945"", ""TV-PARTICIPANT-002945"", ""TV-ALIQUOT-000445""]"
TV-STUDY-002945,Participant Reconsented,2024-01-18T11:14:00Z,data_query_v,TV-S-002945-11:V003,USR-039,"[""TV-STUDY-002945"", ""TV-LABORDER-000445""]"
TV-STUDY-002950,Visit Rescheduled,2024-01-19T01:00:00Z,drug_kit_v,TV-S-002950-05:V002,USR-003,"[""TV-STUDY-002950"", ""TV-INVESTIGATOR-000450"", ""TV-DISPENSATION-000450""]"
TV-STUDY-002950,Visit Missed,2024-01-19T01:37:00Z,lab_test_v,TV-S-002950-08:V003,USR-006,"[""TV-STUDY-002950"", ""TV-PARTICIPANT-002950"", ""TV-ALIQUOT-000450""]"
TV-STUDY-002950,Participant Reconsented,2024-01-19T02:14:00Z,data_query_v,TV-S-002950-11:V001,USR-124,"[""TV-STUDY-002950"", ""TV-LABORDER-000450""]"
TV-STUDY-002955,Visit Rescheduled,2024-01-19T16:00:00Z,drug_kit_v,TV-S-002955-05:V002,USR-088,"[""TV-STUDY-002955"", ""TV-INVESTIGATOR-000455"", ""TV-DISPENSATION-000455""]"
TV-STUDY-002955,Visit Missed,2024-01-19T16:37:00Z,lab_test_v,TV-S-002955-08:V001,USR-091,"[""TV-STUDY-002955"", ""TV-PARTICIPANT-002955"", ""TV-ALIQUOT-000455""]"
TV-STUDY-002955,Participant Reconsented,2024-01-19T17:14:00Z,data_query_v,TV-S-002955-11:V002,USR-082,"[""TV-STUDY-002955"", ""TV-LABORDER-000455""]"
TV-STUDY-002960,Visit Rescheduled,2024-01-20T07:00:00Z,drug_kit_v,TV-S-002960-05:V002,USR-046,"[""TV-STUDY-002960"", ""TV-INVESTIGATOR-000460""]"
TV-STUDY-002960,Visit Missed,2024-01-20T07:37:00Z,lab_test_v,TV-S-002960-08:V003,USR-049,"[""TV-STUDY-002960"", ""TV-PARTICIPANT-002960""]"
TV-STUDY-002960,Participant Reconsented,2024-01-20T08:14:00Z,data_query_v,TV-S-002960-11:V001,USR-040,"[""TV-STUDY-002960"", ""TV-LABORDER-000460""]"
TV-STUDY-002965,Visit Rescheduled,2024-01-20T22:00:00Z,drug_kit_v,TV-S-002965-05:V002,USR-004,"[""TV-STUDY-002965"", ""TV-INVESTIGATOR-000465""]"
TV-STUDY-002965,Visit Missed,2024-01-20T22:37:00Z,lab_test_v,TV-S-002965-08:V001,USR-007,"[""TV-STUDY-002965"", ""TV-PARTICIPANT-002965"", ""TV-ALIQUOT-000465""]"
TV-STUDY-002965,Participant Reconsented,2024-01-20T23:14:00Z,data_query_v,TV-S-002965-11:V002,USR-125,"[""TV-STUDY-002965"", ""TV-LABORDER-000465""]"
TV-STUDY-002970,Visit Rescheduled,2024-01-21T13:00:00Z,drug_kit_v,TV-S-002970-05:V003,USR-089,"[""TV-STUDY-002970"", ""TV-INVESTIGATOR-000470""]"
TV-STUDY-002970,Visit Missed,2024-01-21T13:37:00Z,lab_test_v,TV-S-002970-08:V004,USR-092,"[""TV-STUDY-002970"", ""TV-PARTICIPANT-002970"", ""TV-ALIQUOT-000470""]"
TV-STUDY-002970,Participant Reconsented,2024-01-21T14:14:00Z,data_query_v,TV-S-002970-11:V001,USR-083,"[""TV-STUDY-002970"", ""TV-LABORDER-000470""]"
TV-STUDY-002975,Visit Rescheduled,2024-01-22T04:00:00Z,drug_kit_v,TV-S-002975-05:V003,USR-047,"[""TV-STUDY-002975"", ""TV-INVESTIGATOR-000475""]"
TV-STUDY-002975,Visit Missed,2024-01-22T04:37:00Z,lab_test_v,TV-S-002975-08:V001,USR-050,"[""TV-STUDY-002975"", ""TV-PARTICIPANT-002975""]"
TV-STUDY-002975,Participant Reconsented,2024-01-22T05:14:00Z,data_query_v,TV-S-002975-11:V002,USR-041,"[""TV-STUDY-002975"", ""TV-LABORDER-000475"", ""TV-PROTOCOL-002975""]"
TV-STUDY-002980,Visit Rescheduled,2024-01-22T19:00:00Z,drug_kit_v,TV-S-002980-05:V003,USR-005,"[""TV-STUDY-002980"", ""TV-INVESTIGATOR-000480"", ""TV-DISPENSATION-000480""]"
TV-STUDY-002980,Visit Missed,2024-01-22T19:37:00Z,lab_test_v,TV-S-002980-08:V002,USR-008,"[""TV-STUDY-002980"", ""TV-PARTICIPANT-002980"", ""TV-ALIQUOT-000480""]"
TV-STUDY-002980,Participant Reconsented,2024-01-22T20:14:00Z,data_query_v,TV-S-002980-11:V001,USR-126,"[""TV-STUDY-002980"", ""TV-LABORDER-000480""]"
TV-STUDY-002985,Visit Rescheduled,2024-01-23T10:00:00Z,drug_kit_v,TV-S-002985-05:V002,USR-090,"[""TV-STUDY-002985"", ""TV-INVESTIGATOR-000485"", ""TV-DISPENSATION-000485""]"
TV-STUDY-002985,Visit Missed,2024-01-23T10:37:00Z,lab_test_v,TV-S-002985-08:V001,USR-093,"[""TV-STUDY-002985"", ""TV-PARTICIPANT-002985""]"
TV-STUDY-002985,Participant Reconsented,2024-01-23T11:14:00Z,data_query_v,TV-S-002985-11:V002,USR-084,"[""TV-STUDY-002985"", ""TV-LABORDER-000485"", ""TV-PROTOCOL-002985""]"
TV-STUDY-002990,Visit Rescheduled,2024-01-24T01:00:00Z,drug_kit_v,TV-S-002990-05:V006,USR-048,"[""TV-STUDY-002990"", ""TV-INVESTIGATOR-000490""]"
TV-STUDY-002990,Visit Missed,2024-01-24T01:37:00Z,lab_test_v,TV-S-002990-08:V003,USR-051,"[""TV-STUDY-002990"", ""TV-PARTICIPANT-002990""]"
TV-STUDY-002990,Participant Reconsented,2024-01-24T02:14:00Z,data_query_v,TV-S-002990-11:V003,USR-042,"[""TV-STUDY-002990"", ""TV-LABORDER-000490""]"
TV-STUDY-002995,Visit Rescheduled,2024-01-24T16:00:00Z,drug_kit_v,TV-S-002995-05:V002,USR-006,"[""TV-STUDY-002995"", ""TV-INVESTIGATOR-000495""]"
TV-STUDY-002995,Visit Missed,2024-01-24T16:37:00Z,lab_test_v,TV-S-002995-08:V001,USR-009,"[""TV-STUDY-002995"", ""TV-PARTICIPANT-002995""]"
TV-STUDY-002995,Participant Reconsented,2024-01-24T17:14:00Z,data_query_v,TV-S-002995-11:V003,USR-127,"[""TV-STUDY-002995"", ""TV-LABORDER-000495"", ""TV-PROTOCOL-002995""]"
TV-STUDY-003000,Visit Rescheduled,2024-01-25T07:00:00Z,drug_kit_v,TV-S-003000-05:V002,USR-091,"[""TV-STUDY-003000"", ""TV-INVESTIGATOR-000500""]"
TV-STUDY-003000,Visit Missed,2024-01-25T07:37:00Z,lab_test_v,TV-S-003000-08:V002,USR-094,"[""TV-STUDY-003000"", ""TV-PARTICIPANT-003000""]"
TV-STUDY-003000,Participant Reconsented,2024-01-25T08:14:00Z,data_query_v,TV-S-003000-11:V001,USR-085,"[""TV-STUDY-003000"", ""TV-LABORDER-000500"", ""TV-PROTOCOL-003000""]"
